date,open,high,low,close,volume
2008-04-23,20.6,21.45,20.22,20.6,23402800
2008-04-24,20.72,21.0,20.31,20.81,4960900
2008-04-25,21.0,21.25,20.7,21.17,1956800
2008-04-28,21.49,21.49,20.81,21.0,709400
2008-04-29,21.39,21.39,20.82,21.07,859700
2008-04-30,21.08,21.2,20.92,21.15,893300
2008-05-01,21.22,22.0,21.0,21.91,2999000
2008-05-02,22.16,22.16,21.49,22.01,1639400
2008-05-05,22.45,22.45,21.56,21.91,579000
2008-05-06,21.8,21.86,21.37,21.55,1040200
2008-05-07,21.5,21.6,20.65,21.21,1240100
2008-05-08,21.23,21.3,21.030001,21.25,888100
2008-05-09,21.25,21.84,21.030001,21.67,550400
2008-05-12,21.7,21.74,21.28,21.5,1168000
2008-05-13,21.53,21.54,20.8,21.32,1783900
2008-05-14,20.51,21.48,20.51,21.3,649200
2008-05-15,21.45,21.46,21.1,21.16,470400
2008-05-16,21.43,21.65,21.1,21.62,1002400
2008-05-19,21.89,22.09,21.55,21.75,802900
2008-05-20,21.97,21.97,21.45,21.65,504100
2008-05-21,21.85,21.85,21.049999,21.16,407100
2008-05-22,21.37,21.45,21.12,21.35,274600
2008-05-23,21.25,21.25,21.0,21.14,464200
2008-05-27,21.49,21.49,21.049999,21.23,320300
2008-05-28,21.1,21.42,21.07,21.41,403800
2008-05-29,21.39,21.5,21.049999,21.059999,384600
2008-05-30,21.1,21.5,21.049999,21.5,784300
2008-06-02,22.37,22.37,21.2,21.6,414900
2008-06-03,21.86,21.9,21.29,21.32,446000
2008-06-04,21.1,21.64,21.07,21.57,850300
2008-06-05,21.49,21.89,21.49,21.8,567400
2008-06-06,21.75,22.25,21.75,22.1,1588900
2008-06-09,22.3,22.39,22.1,22.33,377700
2008-06-10,22.11,22.25,21.84,21.85,594000
2008-06-11,21.72,22.43,21.2,21.71,692300
2008-06-12,22.11,22.11,21.47,21.85,394400
2008-06-13,22.14,22.4,21.71,22.39,460500
2008-06-16,22.47,23.0,22.24,22.75,783000
2008-06-17,22.75,23.51,22.3,23.18,1194300
2008-06-18,23.0,23.19,22.41,23.040001,723300
2008-06-19,23.09,23.09,22.7,22.89,683500
2008-06-20,22.7,23.2,22.38,23.0,1330300
2008-06-23,22.96,22.96,22.67,22.75,390500
2008-06-24,22.78,22.96,22.31,22.88,666900
2008-06-25,23.08,23.37,22.85,23.37,717000
2008-06-26,23.049999,23.65,22.14,22.62,1993100
2008-06-27,22.0,23.14,21.95,22.52,4484900
2008-06-30,22.99,22.99,21.19,22.18,861700
2008-07-01,22.4,23.09,22.21,22.88,476800
2008-07-02,23.0,23.23,22.46,22.65,492400
2008-07-03,22.46,22.61,21.17,21.8,325300
2008-07-07,21.8,22.059999,21.31,21.49,246800
2008-07-08,21.39,21.7,21.29,21.7,281500
2008-07-09,21.73,21.76,21.41,21.59,182900
2008-07-10,21.69,21.69,20.3,21.26,530200
2008-07-11,20.74,20.81,19.24,20.030001,1062500
2008-07-14,20.030001,20.19,19.62,19.71,543100
2008-07-15,19.42,19.43,18.09,18.91,1191800
2008-07-16,18.97,19.55,18.9,19.4,464600
2008-07-17,19.79,19.79,19.07,19.7,232300
2008-07-18,19.0,19.83,19.0,19.55,308500
2008-07-21,19.83,19.9,19.45,19.72,148500
2008-07-22,19.58,20.049999,19.58,19.93,144400
2008-07-23,19.85,19.99,19.63,19.69,214900
2008-07-24,19.93,19.96,18.55,18.87,518300
2008-07-25,19.15,19.26,18.59,19.15,241000
2008-07-28,19.25,19.66,18.5,18.63,241900
2008-07-29,18.89,19.23,18.72,19.0,289100
2008-07-30,19.34,19.67,19.1,19.46,251400
2008-07-31,20.48,20.48,18.63,19.25,579200
2008-08-01,19.39,19.83,19.25,19.29,389700
2008-08-04,19.44,19.87,19.049999,19.6,324400
2008-08-05,19.85,20.34,19.65,20.34,336500
2008-08-06,20.35,20.35,19.53,20.1,343600
2008-08-07,20.2,20.22,19.9,20.15,376900
2008-08-08,20.29,20.36,19.95,20.07,268200
2008-08-11,21.09,21.37,20.65,20.77,958300
2008-08-12,20.7,21.33,20.7,20.87,729100
2008-08-13,20.88,21.39,20.86,21.09,515800
2008-08-14,21.17,21.5,20.83,20.98,567900
2008-08-15,21.2,21.2,20.52,20.75,370800
2008-08-18,20.93,21.2,20.8,21.15,546500
2008-08-19,21.25,22.25,21.15,21.92,782800
2008-08-20,22.09,22.49,21.41,21.9,801300
2008-08-21,21.94,22.049999,21.34,21.9,719900
2008-08-22,21.99,22.0,21.56,21.95,307100
2008-08-25,21.77,22.55,21.45,21.77,245800
2008-08-26,21.89,21.94,21.38,21.61,228100
2008-08-27,21.76,21.77,21.4,21.72,216000
2008-08-28,21.88,22.25,21.1,22.11,383700
2008-08-29,21.84,23.12,21.54,22.95,1009000
2008-09-02,23.0,23.0,22.049999,22.8,652400
2008-09-03,22.67,22.79,21.62,21.87,295400
2008-09-04,21.77,22.12,21.47,21.47,409300
2008-09-05,21.28,21.28,20.58,20.97,443500
2008-09-08,21.5,21.5,20.73,20.91,382000
2008-09-09,20.85,21.23,20.65,20.65,517500
2008-09-10,20.5,21.12,20.5,21.08,591800
2008-09-11,21.1,21.13,20.8,21.07,327500
2008-09-12,20.97,21.34,20.96,21.030001,231600
2008-09-15,20.99,21.3,20.27,20.3,403400
2008-09-16,20.16,20.58,19.66,20.36,421300
2008-09-17,20.45,20.6,19.73,19.91,370900
2008-09-18,20.01,20.32,19.59,20.25,565900
2008-09-19,21.26,21.26,19.57,20.0,340100
2008-09-22,20.0,20.35,19.65,19.66,314100
2008-09-23,19.82,19.82,19.059999,19.34,388000
2008-09-24,19.62,19.76,19.23,19.6,522700
2008-09-25,19.67,20.16,19.51,20.0,304400
2008-09-26,19.9,20.12,19.09,19.15,541000
2008-09-29,19.17,20.22,18.75,20.1,1045200
2008-09-30,20.44,21.8,19.43,21.5,1171700
2008-10-01,21.19,21.47,20.02,20.17,525200
2008-10-02,20.19,20.38,19.41,20.12,435500
2008-10-03,20.4,20.65,19.72,19.93,521100
2008-10-06,19.57,19.98,18.8,19.52,771800
2008-10-07,19.85,20.34,19.35,19.62,511800
2008-10-08,18.97,19.73,18.4,19.07,775900
2008-10-09,19.3,19.79,18.53,18.69,868200
2008-10-10,18.14,18.6,16.47,18.3,743400
2008-10-13,18.56,20.14,18.22,19.4,177100
2008-10-14,19.81,21.0,18.84,19.13,665700
2008-10-15,18.8,19.1,17.77,18.1,250400
2008-10-16,18.53,18.54,17.02,18.42,462900
2008-10-17,18.01,19.32,17.75,19.13,365100
2008-10-20,18.77,19.76,18.61,19.76,250500
2008-10-21,19.29,20.32,18.85,19.69,276100
2008-10-22,19.45,19.45,18.41,18.97,304200
2008-10-23,18.62,19.13,18.2,18.75,584400
2008-10-24,18.47,18.53,17.51,18.01,314100
2008-10-27,17.94,18.12,17.16,17.16,348300
2008-10-28,17.56,19.35,17.54,19.35,352900
2008-10-29,19.2,19.5,18.35,18.66,219400
2008-10-30,19.030001,20.19,18.5,19.87,333600
2008-10-31,20.01,20.44,19.71,20.28,477000
2008-11-03,19.82,20.59,19.82,20.31,335200
2008-11-04,20.75,21.24,19.52,20.15,427400
2008-11-05,20.0,20.57,19.12,19.48,456000
2008-11-06,19.48,19.86,18.51,18.93,383500
2008-11-07,19.18,19.73,19.15,19.35,212500
2008-11-10,19.68,20.0,19.1,19.43,427100
2008-11-11,19.049999,19.91,18.97,19.79,514800
2008-11-12,19.72,20.1,18.83,18.93,685000
2008-11-13,19.14,20.88,18.89,20.88,573300
2008-11-14,20.24,20.41,19.48,19.5,683700
2008-11-17,19.12,19.78,19.12,19.55,324700
2008-11-18,19.51,19.93,19.11,19.93,551500
2008-11-19,19.73,20.36,19.030001,19.3,656900
2008-11-20,19.07,19.84,18.85,18.9,672600
2008-11-21,19.07,20.0,18.95,20.0,540900
2008-11-24,20.059999,20.9,19.47,20.69,547700
2008-11-25,20.91,21.49,20.47,20.82,1980300
2008-11-26,20.41,20.65,19.71,20.1,422300
2008-11-28,20.23,20.63,20.02,20.28,220600
2008-12-01,19.9,19.99,18.96,19.07,402700
2008-12-02,19.34,19.49,17.85,18.97,1204800
2008-12-03,18.92,20.5,18.54,20.21,520900
2008-12-04,20.0,20.48,19.6,20.27,420400
2008-12-05,20.0,20.97,19.77,20.49,632100
2008-12-08,20.97,21.33,20.6,20.96,648200
2008-12-09,21.21,21.45,20.61,20.72,419700
2008-12-10,20.61,20.93,20.08,20.67,280700
2008-12-11,20.77,20.95,20.14,20.7,491800
2008-12-12,20.46,20.75,20.030001,20.41,363800
2008-12-15,20.65,20.91,20.46,20.64,402800
2008-12-16,20.93,21.0,20.38,20.94,711000
2008-12-17,20.78,22.040001,20.61,21.82,630300
2008-12-18,21.43,21.43,20.63,20.74,531500
2008-12-19,20.72,21.24,20.18,21.09,823500
2008-12-22,21.3,22.11,21.1,22.059999,628400
2008-12-23,22.07,22.31,21.63,22.16,524100
2008-12-24,22.35,22.35,21.69,21.92,175900
2008-12-26,22.15,22.15,21.17,21.78,267800
2008-12-29,21.6,21.61,20.1,20.94,431000
2008-12-30,21.0,21.33,19.75,19.75,1217000
2008-12-31,20.27,21.049999,20.15,20.88,490500
2009-01-02,21.13,21.19,20.59,21.12,278600
2009-01-05,20.95,21.14,20.11,20.49,245700
2009-01-06,20.68,20.68,19.99,20.49,349400
2009-01-07,20.11,20.51,19.85,20.02,321900
2009-01-08,20.030001,20.7,20.030001,20.19,400500
2009-01-09,20.4,20.87,20.1,20.71,254800
2009-01-12,20.88,20.88,19.69,19.84,363900
2009-01-13,19.84,20.2,19.61,20.08,346300
2009-01-14,19.96,20.15,19.73,19.9,417800
2009-01-15,20.049999,20.48,19.83,20.34,348100
2009-01-16,20.47,20.9,20.21,20.45,281900
2009-01-20,20.48,20.74,20.049999,20.36,312400
2009-01-21,20.55,20.79,20.0,20.79,327000
2009-01-22,20.74,20.8,20.35,20.7,194000
2009-01-23,20.53,20.88,20.37,20.78,269800
2009-01-26,20.75,21.17,20.68,20.85,247500
2009-01-27,21.07,21.4,20.91,21.27,431400
2009-01-28,21.34,21.37,21.17,21.36,218700
2009-01-29,21.37,21.49,20.85,21.14,349600
2009-01-30,21.3,21.3,20.93,21.18,298300
2009-02-02,21.16,21.21,20.63,20.76,318100
2009-02-03,20.71,21.11,20.07,21.059999,467300
2009-02-04,21.1,21.25,20.49,20.71,350600
2009-02-05,20.72,21.0,20.57,20.9,246400
2009-02-06,20.8,21.25,20.8,21.030001,234700
2009-02-09,21.0,21.5,20.87,21.48,419900
2009-02-10,21.38,21.54,21.15,21.24,468000
2009-02-11,21.2,21.23,20.9,21.13,348500
2009-02-12,21.15,21.51,20.55,21.049999,301200
2009-02-13,20.92,21.1,20.42,20.64,225400
2009-02-17,20.4,21.0,20.19,20.83,446800
2009-02-18,20.8,21.09,20.28,20.57,354800
2009-02-19,20.57,20.99,20.53,20.75,308400
2009-02-20,20.51,21.09,20.0,20.7,341800
2009-02-23,20.77,20.9,19.97,20.21,310400
2009-02-24,20.22,20.53,19.33,19.75,421600
2009-02-25,19.69,19.83,19.13,19.21,627800
2009-02-26,19.059999,19.32,18.14,18.5,590100
2009-02-27,18.44,18.88,17.97,18.55,386300
2009-03-02,18.39,18.62,17.66,17.83,451600
2009-03-03,17.95,18.0,16.36,16.83,1261200
2009-03-04,17.02,17.45,16.74,17.18,423000
2009-03-05,16.89,17.19,16.76,16.96,393400
2009-03-06,17.19,17.53,16.55,16.82,485600
2009-03-09,16.63,17.25,16.22,16.66,555500
2009-03-10,16.88,17.040001,16.34,16.53,459000
2009-03-11,16.69,16.92,16.51,16.71,234300
2009-03-12,16.77,16.99,16.42,16.61,348700
2009-03-13,16.79,18.35,16.79,18.16,543800
2009-03-16,18.32,19.5,18.19,19.01,772800
2009-03-17,19.09,19.09,18.01,18.25,373600
2009-03-18,18.12,18.88,17.52,18.63,603800
2009-03-19,18.91,19.030001,17.87,18.3,462800
2009-03-20,18.49,18.8,18.11,18.39,358500
2009-03-23,18.65,18.65,17.93,18.049999,406700
2009-03-24,18.059999,18.84,17.95,18.09,416000
2009-03-25,18.09,18.52,18.030001,18.38,215800
2009-03-26,18.5,18.52,18.25,18.51,275500
2009-03-27,18.51,18.66,18.3,18.55,245900
2009-03-30,18.44,18.65,17.98,18.5,488600
2009-03-31,18.62,19.43,18.18,19.24,614400
2009-04-01,18.99,19.09,18.02,18.27,403700
2009-04-02,18.24,19.0,18.1,18.18,367000
2009-04-03,18.28,18.46,18.1,18.34,131900
2009-04-06,18.3,18.71,17.76,18.24,387700
2009-04-07,18.14,18.66,17.67,18.17,367100
2009-04-08,18.13,18.61,18.02,18.4,348300
2009-04-09,18.76,18.84,17.93,18.24,295000
2009-04-13,18.040001,18.22,17.5,17.69,431700
2009-04-14,17.7,18.26,17.43,17.6,322200
2009-04-15,17.71,18.0,17.6,17.8,252600
2009-04-16,17.84,18.83,17.43,18.63,428000
2009-04-17,18.55,18.79,18.46,18.79,286000
2009-04-20,18.5,18.79,18.11,18.49,295200
2009-04-21,18.62,18.7,18.33,18.47,211000
2009-04-22,18.61,18.61,18.01,18.1,371000
2009-04-23,18.22,18.22,17.89,18.07,216600
2009-04-24,18.059999,18.18,17.61,18.0,449800
2009-04-27,18.01,18.54,17.82,18.41,291300
2009-04-28,18.48,18.55,18.13,18.22,271500
2009-04-29,18.15,18.58,18.0,18.42,219500
2009-04-30,18.59,18.85,17.94,18.0,442100
2009-05-01,18.0,18.14,17.55,17.59,473000
2009-05-04,17.58,17.82,17.01,17.61,678600
2009-05-05,17.61,17.67,17.059999,17.66,569900
2009-05-06,18.01,18.3,18.0,18.16,421100
2009-05-07,18.47,18.47,18.22,18.34,564900
2009-05-08,18.5,18.75,18.25,18.55,417900
2009-05-11,18.48,18.75,18.41,18.49,374200
2009-05-12,18.5,18.77,18.059999,18.1,427000
2009-05-13,18.030001,18.4,17.88,17.91,777100
2009-05-14,17.85,18.059999,17.55,17.67,382700
2009-05-15,17.52,17.54,17.07,17.12,796500
2009-05-18,17.28,17.44,17.1,17.2,505400
2009-05-19,17.26,17.39,17.040001,17.28,552000
2009-05-20,17.4,17.5,17.2,17.26,577900
2009-05-21,17.24,17.37,17.01,17.13,376500
2009-05-22,17.22,17.35,17.0,17.07,237100
2009-05-26,17.01,17.49,16.86,17.49,1062100
2009-05-27,17.5,17.52,16.91,16.95,470700
2009-05-28,17.11,17.3,16.91,17.23,983700
2009-05-29,17.19,17.28,17.0,17.28,456200
2009-06-01,16.75,17.23,16.75,16.8,814300
2009-06-02,16.77,17.3,16.55,17.059999,1385500
2009-06-03,17.09,17.49,16.99,17.23,1008600
2009-06-04,17.19,18.13,17.1,17.49,2420100
2009-06-05,17.39,17.59,17.15,17.43,16094200
2009-06-08,17.39,17.87,17.25,17.76,3275800
2009-06-09,17.77,18.25,17.6,18.0,2528800
2009-06-10,17.95,18.49,17.92,18.31,2129900
2009-06-11,18.38,18.77,18.25,18.62,1251900
2009-06-12,18.59,18.8,18.11,18.68,1030600
2009-06-15,18.73,18.74,18.25,18.48,819600
2009-06-16,18.6,18.68,18.29,18.33,1073000
2009-06-17,18.42,18.5,18.2,18.36,673600
2009-06-18,18.24,18.57,18.2,18.55,974200
2009-06-19,18.7,18.7,18.25,18.58,991600
2009-06-22,18.4,18.7,18.4,18.6,808300
2009-06-23,18.7,18.98,18.53,18.63,1293100
2009-06-24,18.76,18.79,18.38,18.55,752200
2009-06-25,18.59,18.97,18.45,18.79,2546400
2009-06-26,18.83,19.13,18.6,19.07,2175900
2009-06-29,19.2,19.29,18.99,19.26,1844900
2009-06-30,19.32,19.49,18.87,19.11,1182800
2009-07-01,18.23,19.38,18.13,19.11,1866600
2009-07-02,18.93,19.18,18.61,18.78,784000
2009-07-06,18.68,18.81,18.41,18.62,558900
2009-07-07,18.54,18.55,18.21,18.36,562400
2009-07-08,18.55,18.69,18.19,18.39,1116600
2009-07-09,18.47,18.47,18.13,18.28,476200
2009-07-10,18.27,18.45,18.21,18.4,416800
2009-07-13,18.36,18.75,18.23,18.69,441500
2009-07-14,18.81,18.96,18.46,18.93,690800
2009-07-15,19.07,19.07,18.34,18.45,1198600
2009-07-16,18.39,18.66,18.07,18.59,926500
2009-07-17,18.61,18.75,18.5,18.71,342200
2009-07-20,18.84,18.88,18.6,18.86,329100
2009-07-21,18.89,19.1,18.74,18.83,524200
2009-07-22,18.87,19.040001,18.73,18.85,528000
2009-07-23,18.94,19.37,18.77,19.26,781700
2009-07-24,19.1,19.47,19.049999,19.36,408000
2009-07-27,19.37,19.6,19.23,19.55,413500
2009-07-28,19.57,19.83,19.4,19.83,510600
2009-07-29,19.72,19.82,19.44,19.75,418600
2009-07-30,19.91,19.91,19.52,19.57,390900
2009-07-31,19.64,19.79,19.52,19.71,351600
2009-08-03,19.75,19.94,19.53,19.94,598400
2009-08-04,19.86,20.24,19.67,19.99,604300
2009-08-05,20.11,20.18,19.44,20.0,620200
2009-08-06,20.27,20.32,19.49,19.8,644300
2009-08-07,19.96,20.16,19.89,20.13,420200
2009-08-10,19.88,20.45,19.88,20.38,725300
2009-08-11,20.45,20.5,20.0,20.22,490300
2009-08-12,18.84,19.75,18.7,19.53,2568800
2009-08-13,19.39,19.4,18.75,19.34,3541300
2009-08-14,19.18,19.29,19.049999,19.14,16448700
2009-08-17,19.030001,19.25,19.0,19.25,3827300
2009-08-18,19.19,19.45,19.14,19.39,3215700
2009-08-19,19.17,19.92,19.17,19.86,2799500
2009-08-20,19.73,20.11,19.68,20.07,2187500
2009-08-21,20.18,20.3,19.85,20.09,1416400
2009-08-24,20.18,20.2,19.88,19.98,1421300
2009-08-25,19.9,20.38,19.84,20.24,1920200
2009-08-26,20.16,20.49,20.1,20.47,1369500
2009-08-27,20.3,20.37,20.049999,20.36,989500
2009-08-28,20.5,20.5,20.0,20.21,1283800
2009-08-31,20.21,20.24,19.91,20.1,1028100
2009-09-01,20.0,20.27,19.73,19.96,1465700
2009-09-02,19.94,20.07,19.51,19.89,830500
2009-09-03,20.1,20.1,19.58,19.78,855300
2009-09-04,19.8,19.95,19.64,19.81,637200
2009-09-08,19.83,19.99,19.71,19.99,767500
2009-09-09,19.89,19.95,19.72,19.9,858100
2009-09-10,19.93,20.0,19.77,19.94,671800
2009-09-11,20.030001,20.030001,19.72,19.82,627100
2009-09-14,19.8,19.98,19.76,19.9,424900
2009-09-15,19.97,20.18,19.87,20.17,789500
2009-09-16,20.2,20.46,20.0,20.43,875200
2009-09-17,20.27,20.5,20.23,20.48,732800
2009-09-18,20.46,20.46,20.22,20.25,969100
2009-09-21,20.1,20.38,20.0,20.21,772200
2009-09-22,20.31,20.31,19.84,20.07,540300
2009-09-23,20.14,20.2,20.0,20.1,636400
2009-09-24,20.01,20.15,19.75,19.83,595800
2009-09-25,19.72,19.87,19.62,19.74,500400
2009-09-28,19.83,20.24,19.77,20.17,521900
2009-09-29,20.23,20.23,19.97,20.19,426200
2009-09-30,20.13,20.19,19.7,19.94,1064700
2009-10-01,19.99,19.99,19.68,19.77,617000
2009-10-02,19.73,19.73,19.11,19.53,1489600
2009-10-05,19.47,19.59,19.38,19.45,1086500
2009-10-06,19.6,19.67,19.43,19.5,589300
2009-10-07,19.45,19.69,19.43,19.58,679300
2009-10-08,19.69,19.72,19.54,19.68,645200
2009-10-09,19.67,19.79,19.59,19.79,453000
2009-10-12,19.9,20.1,19.78,20.1,695700
2009-10-13,20.13,20.17,19.97,20.049999,613000
2009-10-14,20.11,20.14,19.78,19.82,833300
2009-10-15,19.82,19.96,19.63,19.76,956500
2009-10-16,19.66,20.0,19.66,19.95,300000
2009-10-19,20.02,20.049999,19.69,19.91,685600
2009-10-20,19.84,19.96,19.75,19.87,935200
2009-10-21,19.79,20.040001,19.74,19.78,696900
2009-10-22,19.74,19.98,19.74,19.9,508600
2009-10-23,19.9,19.99,19.47,19.49,1041900
2009-10-26,19.56,19.65,19.1,19.28,1148100
2009-10-27,19.18,19.26,18.96,19.059999,908000
2009-10-28,18.98,19.25,18.98,19.049999,3117900
2009-10-29,19.21,19.27,18.97,19.21,746000
2009-10-30,19.1,19.34,18.91,18.97,1185100
2009-11-02,19.09,19.25,18.97,19.040001,745200
2009-11-03,19.07,19.4,19.07,19.33,554500
2009-11-04,19.35,19.69,19.28,19.28,487300
2009-11-05,19.34,19.61,19.34,19.59,694900
2009-11-06,19.49,19.8,19.46,19.56,776800
2009-11-09,19.89,20.55,19.74,20.5,1607500
2009-11-10,20.57,20.57,20.11,20.14,677100
2009-11-11,20.24,20.28,19.9,19.91,1044000
2009-11-12,19.92,20.48,19.85,20.27,3593500
2009-11-13,20.29,20.7,20.02,20.29,1807100
2009-11-16,20.2,20.6,20.11,20.42,1139500
2009-11-17,20.54,21.64,20.45,21.63,6546200
2009-11-18,21.45,21.8,21.36,21.43,21216100
2009-11-19,21.26,21.7,21.13,21.47,5397700
2009-11-20,21.46,21.61,21.16,21.29,2626600
2009-11-23,21.52,21.56,21.25,21.29,1953100
2009-11-24,21.33,21.99,21.29,21.84,3478200
2009-11-25,21.79,22.13,21.63,22.01,3058300
2009-11-27,21.6,22.1,21.56,22.01,1367800
2009-11-30,22.12,22.28,21.82,22.24,5991500
2009-12-01,22.39,22.43,22.17,22.28,2474200
2009-12-02,22.39,22.5,21.84,22.08,3007900
2009-12-03,22.19,22.2,21.74,21.8,1983000
2009-12-04,22.08,22.14,21.47,21.8,1447100
2009-12-07,21.75,22.0,21.69,21.76,1745200
2009-12-08,21.79,21.79,21.34,21.6,1446800
2009-12-09,21.73,21.83,21.6,21.74,1742700
2009-12-10,21.75,22.2,21.66,21.76,1551200
2009-12-11,21.92,22.07,21.76,22.07,1223200
2009-12-14,22.15,22.2,21.83,22.09,1163700
2009-12-15,21.94,22.19,21.89,22.059999,1605200
2009-12-16,22.059999,22.5,22.040001,22.32,2004500
2009-12-17,22.34,22.7,22.21,22.54,2270200
2009-12-18,22.6,22.77,22.34,22.41,2319700
2009-12-21,22.66,23.030001,22.42,22.68,1847200
2009-12-22,22.76,22.81,22.13,22.21,1718900
2009-12-23,22.19,22.35,22.01,22.25,770400
2009-12-24,22.38,22.5,22.25,22.4,202200
2009-12-28,22.47,22.47,22.22,22.34,450000
2009-12-29,22.49,22.59,22.44,22.47,649600
2009-12-30,22.54,22.68,22.45,22.55,716700
2009-12-31,22.71,22.77,22.37,22.41,787700
2010-01-04,22.41,22.86,22.41,22.65,2176100
2010-01-05,22.67,22.91,22.59,22.88,1843600
2010-01-06,22.89,23.15,22.83,23.0,2089400
2010-01-07,23.12,23.15,22.9,23.049999,1353200
2010-01-08,23.1,23.18,22.82,23.0,1359100
2010-01-11,23.0,23.77,22.94,23.23,2313500
2010-01-12,23.25,23.25,23.0,23.12,1117500
2010-01-13,23.08,23.32,23.0,23.22,703600
2010-01-14,23.12,23.15,22.88,22.98,1173700
2010-01-15,23.059999,23.059999,22.43,22.6,996700
2010-01-19,22.69,22.81,22.5,22.5,779500
2010-01-20,22.59,22.6,22.21,22.45,1438800
2010-01-21,22.47,22.62,22.09,22.11,1280400
2010-01-22,22.17,22.18,21.64,22.059999,1491400
2010-01-25,22.23,22.37,21.96,22.15,1004800
2010-01-26,21.85,22.18,21.39,22.02,660000
2010-01-27,22.0,22.2,21.75,22.02,1078100
2010-01-28,22.02,22.1,21.6,21.66,1195200
2010-01-29,21.67,22.02,21.57,21.8,1422600
2010-02-01,21.89,22.18,21.83,22.14,878200
2010-02-02,22.22,22.41,22.030001,22.1,816200
2010-02-03,22.1,22.36,21.77,22.36,933300
2010-02-04,22.11,22.3,21.75,21.75,1156400
2010-02-05,21.84,21.92,21.34,21.68,836200
2010-02-08,21.67,21.88,21.53,21.61,669000
2010-02-09,21.7,21.9,21.37,21.4,811300
2010-02-10,21.38,21.61,21.2,21.57,681900
2010-02-11,21.6,21.93,21.4,21.82,1097000
2010-02-12,21.74,22.16,21.55,22.16,906600
2010-02-16,22.19,22.2,21.99,22.12,759900
2010-02-17,22.21,22.41,22.09,22.21,1092700
2010-02-18,22.26,22.53,22.16,22.51,751800
2010-02-19,22.55,22.99,22.45,22.88,1019400
2010-02-22,22.98,23.0,22.65,22.69,431300
2010-02-23,22.71,22.77,22.32,22.45,916100
2010-02-24,22.48,22.56,22.12,22.26,639500
2010-02-25,22.13,22.34,21.84,22.31,1211700
2010-02-26,22.28,22.36,22.09,22.26,1076800
2010-03-01,22.39,22.39,20.72,21.08,5563500
2010-03-02,21.08,21.08,20.39,20.75,4386200
2010-03-03,20.75,21.07,20.75,20.92,3049300
2010-03-04,20.91,21.34,20.91,21.25,1550900
2010-03-05,21.25,21.46,21.12,21.41,929200
2010-03-08,21.47,21.47,21.17,21.35,877800
2010-03-09,21.37,21.37,21.0,21.22,936000
2010-03-10,21.2,21.2,20.99,21.07,840800
2010-03-11,20.99,21.09,20.95,21.02,1318500
2010-03-12,21.14,21.14,20.89,20.96,1970000
2010-03-15,21.030001,21.31,20.98,21.1,1568800
2010-03-16,21.19,21.25,20.92,21.07,1044400
2010-03-17,21.17,21.33,20.98,21.27,905900
2010-03-18,21.21,21.5,21.18,21.4,732600
2010-03-19,21.25,21.4,20.95,21.25,1321500
2010-03-22,21.14,21.19,20.89,21.11,841700
2010-03-23,21.19,21.67,20.96,21.61,1645700
2010-03-24,21.59,21.78,21.5,21.7,1263800
2010-03-25,21.74,21.81,21.36,21.51,1274300
2010-03-26,21.6,21.61,21.12,21.25,1035800
2010-03-29,21.28,21.45,21.14,21.43,506400
2010-03-30,21.49,21.57,21.08,21.37,1025500
2010-03-31,21.4,21.8,21.27,21.76,964400
2010-04-01,21.79,22.0,21.75,21.81,1197400
2010-04-05,21.9,22.16,21.84,22.15,688100
2010-04-06,22.15,22.22,22.0,22.14,823400
2010-04-07,22.059999,22.059999,21.66,21.71,954800
2010-04-08,21.61,21.75,20.94,21.35,1798000
2010-04-09,21.46,21.66,21.25,21.62,994600
2010-04-12,21.6,21.68,21.37,21.55,566800
2010-04-13,21.58,21.58,21.35,21.48,595100
2010-04-14,21.59,21.62,21.16,21.44,1177800
2010-04-15,21.4,21.6,21.32,21.43,744600
2010-04-16,21.34,21.51,21.040001,21.47,937400
2010-04-19,21.46,21.53,21.07,21.22,697000
2010-04-20,21.13,21.49,21.13,21.45,682500
2010-04-21,21.49,21.69,21.42,21.64,651300
2010-04-22,21.61,21.61,21.26,21.43,561200
2010-04-23,21.61,21.61,21.27,21.36,781800
2010-04-26,21.32,21.49,21.059999,21.059999,1017600
2010-04-27,21.030001,21.34,20.83,20.83,1633200
2010-04-28,21.030001,21.33,20.75,21.24,1190400
2010-04-29,21.29,21.72,21.21,21.69,839300
2010-04-30,21.63,21.95,21.61,21.78,843600
2010-05-03,21.82,22.0,21.66,21.94,777300
2010-05-04,21.8,22.030001,21.55,22.0,1795000
2010-05-05,22.02,22.040001,21.66,22.01,1839400
2010-05-06,21.92,22.08,20.84,21.4,2127700
2010-05-07,21.43,21.74,20.5,20.71,2138400
2010-05-10,21.28,21.94,21.25,21.93,2215500
2010-05-11,21.72,21.98,21.57,21.65,939700
2010-05-12,21.62,21.85,21.5,21.7,1403300
2010-05-13,21.58,22.13,21.58,21.75,1792700
2010-05-14,21.5,21.5,21.08,21.38,905100
2010-05-17,21.44,21.65,21.1,21.29,777000
2010-05-18,21.33,21.61,20.86,20.92,1032500
2010-05-19,20.83,20.97,20.32,20.65,1438700
2010-05-20,20.45,20.54,19.92,19.95,1575000
2010-05-21,19.83,20.09,19.72,20.09,1334100
2010-05-24,20.08,20.48,19.97,20.049999,745300
2010-05-25,19.7,20.059999,19.41,20.01,1388800
2010-05-26,20.1,20.3,19.91,20.0,988500
2010-05-27,20.3,20.34,20.1,20.28,532400
2010-05-28,20.33,20.57,20.1,20.34,743200
2010-06-01,20.31,20.39,20.0,20.02,645200
2010-06-02,20.14,20.26,20.0,20.22,717400
2010-06-03,20.38,20.46,20.15,20.41,706800
2010-06-04,20.07,20.13,19.78,19.92,1060500
2010-06-07,20.02,20.21,19.9,19.92,906700
2010-06-08,20.07,20.21,19.83,20.21,1508500
2010-06-09,20.25,20.28,20.01,20.1,1084700
2010-06-10,20.33,20.45,19.92,20.01,1738500
2010-06-11,19.96,20.15,19.95,20.1,1292100
2010-06-14,20.15,20.85,20.15,20.66,2412800
2010-06-15,20.8,20.93,20.69,20.86,1186400
2010-06-16,20.69,20.98,20.58,20.89,842900
2010-06-17,20.96,21.13,20.77,21.09,838500
2010-06-18,21.01,21.74,20.94,21.74,3595400
2010-06-21,21.81,21.81,21.35,21.45,1069100
2010-06-22,21.37,21.55,21.09,21.1,1145700
2010-06-23,21.07,21.17,20.81,20.97,1623800
2010-06-24,20.97,21.28,20.78,20.8,1035300
2010-06-25,20.75,21.1,20.57,21.02,5651400
2010-06-28,21.02,21.31,20.91,21.18,639800
2010-06-29,21.030001,21.030001,20.64,20.76,979700
2010-06-30,20.68,20.94,20.51,20.6,903800
2010-07-01,20.65,20.65,20.0,20.0,1572200
2010-07-02,20.11,20.26,19.92,20.030001,884800
2010-07-06,20.27,20.4,20.040001,20.29,1144200
2010-07-07,20.34,21.1,20.34,21.08,1033000
2010-07-08,21.12,21.21,20.99,21.21,943600
2010-07-09,21.13,21.27,21.12,21.23,807800
2010-07-12,21.27,21.33,20.99,21.059999,478700
2010-07-13,21.25,21.27,20.91,21.12,1067700
2010-07-14,20.99,21.37,20.97,21.28,808100
2010-07-15,21.29,21.43,21.08,21.36,740000
2010-07-16,21.34,21.4,20.77,20.84,728200
2010-07-19,21.0,21.19,20.93,21.059999,462300
2010-07-20,20.85,21.49,20.84,21.46,890300
2010-07-21,21.61,21.61,20.82,20.99,992400
2010-07-22,21.17,21.5,21.15,21.38,882000
2010-07-23,21.42,21.48,21.11,21.34,692200
2010-07-26,21.52,21.75,21.31,21.72,630100
2010-07-27,21.75,21.94,21.74,21.84,740600
2010-07-28,21.89,21.96,21.45,21.55,561000
2010-07-29,21.7,21.78,21.030001,21.25,944100
2010-07-30,21.0,21.43,20.97,21.38,830100
2010-08-02,21.67,21.8,21.45,21.8,971100
2010-08-03,21.76,21.76,21.48,21.56,755400
2010-08-04,21.45,21.72,21.44,21.58,606300
2010-08-05,22.07,23.0,22.059999,22.62,2888300
2010-08-06,22.4,22.7,22.4,22.56,1106300
2010-08-09,22.71,22.88,22.57,22.6,627800
2010-08-10,22.38,22.95,22.33,22.82,1860900
2010-08-11,22.69,22.85,22.41,22.72,1723100
2010-08-12,22.54,22.78,22.37,22.48,1392500
2010-08-13,22.49,22.83,22.38,22.66,1088800
2010-08-16,22.39,22.4,22.040001,22.1,1164600
2010-08-17,22.25,22.59,22.049999,22.33,2855400
2010-08-18,22.32,22.51,22.049999,22.27,1479800
2010-08-19,22.36,22.36,21.89,22.09,1236600
2010-08-20,22.08,22.12,21.85,22.08,822700
2010-08-23,22.23,22.49,21.97,22.0,521500
2010-08-24,21.72,22.12,21.72,21.95,1120500
2010-08-25,21.94,22.81,21.86,22.66,2593800
2010-08-26,22.74,22.88,22.4,22.69,1380000
2010-08-27,22.83,22.89,22.39,22.74,1043800
2010-08-30,22.78,22.86,22.58,22.6,1360200
2010-08-31,22.61,22.67,22.32,22.58,1271600
2010-09-01,22.9,23.07,22.76,23.040001,900700
2010-09-02,23.14,23.29,22.95,23.26,936700
2010-09-03,23.44,23.44,23.12,23.34,657500
2010-09-07,23.13,23.2,22.83,22.88,773700
2010-09-08,22.16,22.73,22.16,22.5,878400
2010-09-09,22.58,22.79,22.44,22.56,793100
2010-09-10,22.63,22.64,22.48,22.61,1360600
2010-09-13,22.59,22.8,22.5,22.77,791700
2010-09-14,22.77,22.91,22.65,22.78,821900
2010-09-15,22.77,22.86,22.54,22.85,558600
2010-09-16,22.89,22.91,22.64,22.73,694700
2010-09-17,22.71,23.17,22.59,23.14,1561500
2010-09-20,23.2,23.31,22.97,23.19,978400
2010-09-21,23.24,23.29,23.02,23.059999,1455800
2010-09-22,22.98,23.39,22.97,23.24,1024700
2010-09-23,23.08,23.28,22.96,23.040001,680900
2010-09-24,23.39,23.49,23.16,23.49,630200
2010-09-27,23.39,23.52,23.15,23.33,686600
2010-09-28,23.48,23.48,22.94,23.27,1268400
2010-09-29,23.09,23.37,23.01,23.059999,1908200
2010-09-30,23.24,23.5,23.16,23.27,1489300
2010-10-01,23.44,23.55,23.16,23.53,1232600
2010-10-04,23.53,23.57,23.13,23.47,995300
2010-10-05,23.69,23.76,23.52,23.69,871100
2010-10-06,23.69,23.79,23.36,23.74,888900
2010-10-07,23.87,23.97,23.6,23.77,790400
2010-10-08,23.78,23.82,23.57,23.7,810500
2010-10-11,23.74,23.76,23.57,23.66,439000
2010-10-12,23.65,23.76,23.32,23.72,833400
2010-10-13,23.93,23.95,23.47,23.47,1174700
2010-10-14,23.49,23.58,23.45,23.52,995400
2010-10-15,23.7,23.75,23.52,23.64,1543700
2010-10-18,23.71,23.78,23.62,23.65,713400
2010-10-19,23.55,24.0,23.54,23.73,1240800
2010-10-20,23.83,23.9,23.74,23.86,760800
2010-10-21,23.88,23.98,23.57,23.74,512000
2010-10-22,23.87,23.9,23.56,23.68,396400
2010-10-25,23.84,23.85,23.49,23.55,625800
2010-10-26,23.53,23.73,23.44,23.63,707200
2010-10-27,23.64,23.97,23.58,23.9,1192100
2010-10-28,24.0,24.12,23.83,23.9,667000
2010-10-29,23.91,24.0,23.71,23.88,726700
2010-11-01,24.059999,24.059999,23.52,23.73,1346400
2010-11-02,23.88,24.049999,23.76,23.87,1865100
2010-11-03,23.84,24.22,23.8,24.1,1573700
2010-11-04,24.66,24.88,24.37,24.54,1994400
2010-11-05,24.73,24.82,24.45,24.81,1336400
2010-11-08,24.75,24.75,24.53,24.72,847800
2010-11-09,24.77,24.85,24.34,24.44,955400
2010-11-10,24.45,24.8,24.4,24.75,750600
2010-11-11,24.77,24.89,24.57,24.88,1132300
2010-11-12,24.85,24.89,24.46,24.5,989600
2010-11-15,24.78,24.93,24.66,24.86,934600
2010-11-16,24.68,24.68,23.9,24.02,1612300
2010-11-17,24.15,24.37,24.07,24.12,1596400
2010-11-18,24.17,24.3,23.93,23.93,835800
2010-11-19,23.98,24.25,23.84,24.25,1233500
2010-11-22,24.2,24.4,24.09,24.29,810800
2010-11-23,24.22,24.54,24.049999,24.44,817100
2010-11-24,24.59,24.73,24.41,24.64,504800
2010-11-26,24.54,24.81,24.54,24.79,667100
2010-11-29,24.62,24.64,23.93,24.54,1315900
2010-11-30,24.39,24.53,24.17,24.51,1414600
2010-12-01,24.68,24.98,24.5,24.78,1359200
2010-12-02,24.82,25.14,24.65,25.0,1172200
2010-12-03,24.95,25.07,24.83,24.92,729800
2010-12-06,24.95,25.049999,24.86,24.96,503900
2010-12-07,25.2,25.21,24.7,24.78,717000
2010-12-08,24.73,24.89,24.56,24.76,710700
2010-12-09,24.9,24.96,24.65,24.9,765600
2010-12-10,24.91,24.98,24.6,24.72,1284400
2010-12-13,24.89,25.1,24.72,25.0,699500
2010-12-14,25.16,25.25,24.78,24.94,1382600
2010-12-15,24.93,25.14,24.8,24.91,1358800
2010-12-16,25.01,25.38,24.9,25.21,1939100
2010-12-17,25.23,25.31,24.81,25.23,1131900
2010-12-20,25.37,25.7,25.11,25.52,1068800
2010-12-21,25.55,25.69,25.17,25.24,868000
2010-12-22,25.38,25.4,25.0,25.2,833600
2010-12-23,25.1,25.56,25.1,25.4,652900
2010-12-27,25.27,25.53,25.2,25.41,310000
2010-12-28,25.46,25.53,25.21,25.51,491100
2010-12-29,25.56,25.75,25.5,25.73,424000
2010-12-30,25.75,25.82,25.28,25.44,667300
2010-12-31,25.53,25.56,25.29,25.29,504000
2011-01-03,25.49,25.57,25.27,25.54,722900
2011-01-04,25.64,25.72,25.48,25.67,1095100
2011-01-05,25.57,25.74,25.43,25.53,755100
2011-01-06,25.67,25.67,25.17,25.23,862900
2011-01-07,25.32,25.67,25.24,25.67,821900
2011-01-10,25.69,25.69,25.31,25.51,528000
2011-01-11,25.62,25.69,25.28,25.36,587000
2011-01-12,25.43,25.59,25.41,25.58,606300
2011-01-13,25.49,25.73,25.49,25.68,972100
2011-01-14,25.62,25.98,25.6,25.98,524900
2011-01-18,25.88,25.99,25.32,25.42,853900
2011-01-19,25.5,25.68,25.27,25.53,1116600
2011-01-20,25.39,25.85,25.39,25.66,861100
2011-01-21,25.83,25.83,25.56,25.59,1009400
2011-01-24,25.57,26.11,25.57,25.9,743900
2011-01-25,25.95,26.19,25.84,25.95,1436500
2011-01-26,26.08,26.34,26.01,26.15,981200
2011-01-27,26.21,26.23,25.87,25.89,1107200
2011-01-28,25.97,26.1,25.38,25.38,1001300
2011-01-31,25.52,25.63,25.41,25.5,1007200
2011-02-01,25.75,25.81,25.58,25.67,1131600
2011-02-02,25.8,26.23,25.69,26.2,1155200
2011-02-03,26.33,26.66,26.1,26.64,2002400
2011-02-04,26.6,26.85,26.56,26.73,1740600
2011-02-07,26.86,26.86,26.65,26.8,1196600
2011-02-08,26.88,26.88,26.61,26.63,548100
2011-02-09,26.56,26.65,26.5,26.56,684400
2011-02-10,26.58,26.66,26.43,26.46,560100
2011-02-11,26.53,26.64,26.31,26.62,923800
2011-02-14,26.73,27.1,26.61,27.0,1771300
2011-02-15,27.08,27.38,26.95,27.27,1503400
2011-02-16,27.28,27.37,27.049999,27.23,1063100
2011-02-17,27.31,27.35,27.2,27.32,1123900
2011-02-18,27.45,27.93,27.4,27.83,2263700
2011-02-22,27.76,27.83,27.29,27.48,1248600
2011-02-23,27.41,27.67,27.26,27.4,1309700
2011-02-24,27.41,27.49,26.98,27.08,1513500
2011-02-25,27.3,27.42,27.08,27.37,1204400
2011-02-28,27.32,27.85,27.32,27.74,1234600
2011-03-01,27.81,27.9,27.4,27.46,1571100
2011-03-02,27.55,27.74,27.43,27.69,1543700
2011-03-03,27.86,28.29,27.76,28.2,1684100
2011-03-04,28.19,28.19,27.54,27.69,1272200
2011-03-07,27.86,27.99,27.5,27.65,1260600
2011-03-08,27.71,28.02,27.68,27.89,1347700
2011-03-09,27.84,27.96,27.79,27.87,1123800
2011-03-10,27.81,27.83,27.39,27.4,856300
2011-03-11,27.3,27.61,27.3,27.45,1023600
2011-03-14,27.3,27.59,27.3,27.5,904000
2011-03-15,27.02,27.16,26.82,26.94,974800
2011-03-16,26.9,27.35,26.8,27.12,2229100
2011-03-17,27.39,27.45,26.8,27.0,966800
2011-03-18,27.25,27.36,26.95,27.030001,1354700
2011-03-21,27.25,27.82,27.25,27.5,1246500
2011-03-22,27.45,27.77,27.41,27.42,1576800
2011-03-23,27.53,27.53,27.26,27.4,930400
2011-03-24,27.61,27.8,27.42,27.69,1524300
2011-03-25,27.79,27.98,27.7,27.78,639100
2011-03-28,27.8,27.93,27.5,27.5,532800
2011-03-29,27.45,27.68,27.41,27.67,998300
2011-03-30,27.85,28.040001,27.75,27.95,1629800
2011-03-31,28.030001,28.33,27.76,28.049999,1012900
2011-04-01,28.11,28.55,28.11,28.31,862000
2011-04-04,28.35,28.5,28.2,28.45,509700
2011-04-05,28.29,28.51,28.21,28.42,625100
2011-04-06,28.54,28.93,28.51,28.72,979300
2011-04-07,28.64,28.79,28.42,28.61,1250900
2011-04-08,28.58,28.69,28.38,28.52,678000
2011-04-11,28.6,28.62,28.3,28.36,839300
2011-04-12,28.29,28.32,27.87,27.9,1120800
2011-04-13,28.07,28.26,28.040001,28.17,861200
2011-04-14,28.22,28.41,28.07,28.36,578300
2011-04-15,28.51,28.83,28.37,28.67,728500
2011-04-18,28.68,28.68,28.19,28.37,902300
2011-04-19,28.39,28.51,28.18,28.38,893200
2011-04-20,28.61,28.63,28.47,28.48,849300
2011-04-21,28.55,28.61,28.19,28.31,1063200
2011-04-25,28.31,28.5,28.31,28.33,562000
2011-04-26,28.37,28.71,28.34,28.66,769700
2011-04-27,28.85,29.1,28.63,29.09,774300
2011-04-28,29.030001,29.28,29.030001,29.19,1372600
2011-04-29,29.14,29.42,29.040001,29.38,878000
2011-05-02,29.91,29.91,29.35,29.51,1008500
2011-05-03,29.41,29.75,29.37,29.54,1042400
2011-05-04,29.48,29.55,29.1,29.33,1274200
2011-05-05,29.34,29.64,28.77,29.2,1445000
2011-05-06,29.44,29.5,29.15,29.28,1676500
2011-05-09,29.7,29.71,29.36,29.64,1848900
2011-05-10,29.65,30.7,29.65,30.61,2042000
2011-05-11,30.65,30.67,29.55,29.67,2130100
2011-05-12,29.57,29.8,29.29,29.71,1414600
2011-05-13,29.66,29.76,29.25,29.37,1042200
2011-05-16,29.12,29.64,28.72,28.78,1137200
2011-05-17,28.87,28.94,28.71,28.76,1947600
2011-05-18,29.16,29.16,28.78,28.92,2470400
2011-05-19,28.92,29.4,28.91,29.33,1102100
2011-05-20,29.41,29.58,29.21,29.4,767400
2011-05-23,29.12,29.24,28.93,29.02,698800
2011-05-24,29.24,29.24,28.98,29.01,879100
2011-05-25,29.030001,29.9,29.01,29.77,1757200
2011-05-26,29.81,29.88,29.51,29.88,1842700
2011-05-27,29.97,30.0,29.72,29.82,1340700
2011-05-31,29.91,30.14,29.62,30.01,1643900
2011-06-01,29.9,30.15,29.58,29.61,1409500
2011-06-02,29.7,29.7,29.23,29.42,1482100
2011-06-03,29.12,29.24,28.92,29.049999,1217800
2011-06-06,29.11,29.23,28.61,28.79,1426100
2011-06-07,28.86,29.17,28.75,28.75,974700
2011-06-08,28.78,28.95,28.64,28.75,1638200
2011-06-09,28.74,28.79,28.44,28.53,1371000
2011-06-10,28.43,28.7,28.28,28.59,1116300
2011-06-13,28.71,29.0,28.59,28.8,974300
2011-06-14,29.030001,29.36,28.74,29.11,1054700
2011-06-15,28.98,29.25,28.64,28.78,1411800
2011-06-16,28.87,29.07,28.63,28.78,848700
2011-06-17,28.92,29.22,28.75,29.14,1292100
2011-06-20,29.02,29.35,28.92,29.28,775100
2011-06-21,29.27,29.59,29.19,29.36,1136000
2011-06-22,29.39,29.51,29.040001,29.3,917900
2011-06-23,29.11,29.5,28.95,29.41,1301500
2011-06-24,29.24,29.36,28.88,29.24,1408000
2011-06-27,29.15,29.31,29.09,29.17,1014900
2011-06-28,29.21,29.65,29.15,29.37,769500
2011-06-29,29.55,29.97,29.43,29.83,1052300
2011-06-30,29.94,29.94,29.26,29.45,1841000
2011-07-01,29.45,30.16,29.45,30.1,1002200
2011-07-05,30.01,30.040001,29.72,29.91,1066900
2011-07-06,29.83,30.02,29.7,30.01,975600
2011-07-07,30.2,30.22,30.0,30.16,587300
2011-07-08,29.95,30.17,29.92,30.16,938800
2011-07-11,29.94,29.99,29.6,29.66,910500
2011-07-12,29.57,29.76,29.37,29.56,858500
2011-07-13,29.67,29.8,29.54,29.67,773500
2011-07-14,29.78,29.9,29.33,29.41,675400
2011-07-15,29.48,29.54,29.27,29.53,777800
2011-07-18,29.52,29.54,28.97,29.14,658100
2011-07-19,29.27,29.36,28.92,29.24,789600
2011-07-20,29.36,29.5,29.19,29.38,523400
2011-07-21,29.49,29.81,29.43,29.7,722100
2011-07-22,29.75,29.75,29.43,29.48,672200
2011-07-25,29.25,29.59,29.23,29.25,639900
2011-07-26,29.36,29.38,28.96,28.99,985800
2011-07-27,28.93,28.95,28.24,28.25,1873100
2011-07-28,28.22,28.58,28.2,28.27,1063400
2011-07-29,28.040001,28.32,27.54,28.0,1024600
2011-08-01,28.44,28.44,27.96,28.049999,792500
2011-08-02,27.92,28.049999,27.6,27.64,1117300
2011-08-03,27.59,28.3,27.57,28.29,1793100
2011-08-04,27.77,28.41,27.5,27.6,1477400
2011-08-05,27.89,27.89,26.77,27.41,1962800
2011-08-08,27.13,27.13,25.54,25.55,2297800
2011-08-09,25.75,27.87,25.39,27.85,3204500
2011-08-10,27.22,28.24,26.78,26.82,2802200
2011-08-11,27.030001,28.98,26.88,28.53,2369100
2011-08-12,28.81,28.98,28.07,28.23,1667800
2011-08-15,28.44,29.12,28.39,29.07,1245700
2011-08-16,28.74,29.08,28.66,28.9,1091000
2011-08-17,29.07,29.25,28.58,28.61,1064800
2011-08-18,28.2,28.43,27.6,27.9,2014900
2011-08-19,27.55,27.82,27.13,27.23,1982500
2011-08-22,27.66,27.73,27.31,27.51,1442500
2011-08-23,27.65,28.0,27.44,28.0,1651900
2011-08-24,27.95,28.85,27.92,28.79,952000
2011-08-25,28.92,29.030001,28.38,28.54,830900
2011-08-26,28.37,29.049999,27.85,29.02,927300
2011-08-29,29.14,29.52,29.12,29.49,843300
2011-08-30,29.26,29.73,29.19,29.56,735700
2011-08-31,29.77,29.82,29.43,29.78,963100
2011-09-01,29.93,30.0,29.61,29.65,941000
2011-09-02,29.21,29.75,29.2,29.49,1023200
2011-09-06,29.01,29.26,28.83,29.14,1112900
2011-09-07,29.42,29.59,29.14,29.56,1186400
2011-09-08,29.47,29.93,29.44,29.66,1020200
2011-09-09,29.32,29.4,28.61,28.68,1336000
2011-09-12,28.36,28.58,28.1,28.52,1121100
2011-09-13,28.49,28.87,28.44,28.83,908300
2011-09-14,28.95,29.81,28.9,29.53,1335800
2011-09-15,29.95,30.02,29.45,29.77,995500
2011-09-16,29.92,30.08,29.69,29.69,1042900
2011-09-19,29.61,29.68,29.32,29.5,836200
2011-09-20,30.18,30.59,29.82,30.17,1826100
2011-09-21,30.1,30.66,30.040001,30.29,1674500
2011-09-22,29.69,30.16,29.5,30.07,1702400
2011-09-23,29.97,30.0,29.5,29.79,1331400
2011-09-26,30.14,30.32,29.6,30.27,1118800
2011-09-27,30.64,31.030001,30.35,30.5,2095600
2011-09-28,30.49,30.67,30.08,30.13,1111100
2011-09-29,30.6,30.83,30.21,30.36,2065900
2011-09-30,30.12,30.61,30.030001,30.18,1472000
2011-10-03,30.28,30.64,29.27,29.27,1551800
2011-10-04,28.88,29.5,28.34,29.45,2100000
2011-10-05,29.65,29.72,28.94,29.22,1929600
2011-10-06,29.27,29.53,29.059999,29.52,1557900
2011-10-07,29.68,29.77,29.3,29.37,1039500
2011-10-10,29.72,30.12,29.64,30.11,1032300
2011-10-11,29.95,30.22,29.9,30.08,604500
2011-10-12,30.2,30.23,29.35,29.43,1550600
2011-10-13,29.34,29.97,29.18,29.9,1388000
2011-10-14,30.09,30.22,29.5,29.82,1680500
2011-10-17,29.7,30.28,29.7,30.14,1006600
2011-10-18,30.22,30.54,29.84,30.36,949600
2011-10-19,30.42,31.08,30.42,30.64,1271800
2011-10-20,30.49,30.97,30.43,30.55,1197100
2011-10-21,30.79,30.9,30.38,30.51,1285500
2011-10-24,30.52,30.97,30.4,30.93,859600
2011-10-25,30.74,30.8,29.84,29.9,1119800
2011-10-26,30.24,30.32,29.59,29.67,1912200
2011-10-27,30.29,30.59,29.67,30.35,2100200
2011-10-28,30.18,30.54,30.1,30.43,847000
2011-10-31,30.2,30.79,30.059999,30.53,1232400
2011-11-01,29.88,30.33,29.74,29.8,1156200
2011-11-02,30.42,30.49,30.0,30.1,1138400
2011-11-03,30.42,31.030001,30.19,31.0,978400
2011-11-04,30.85,30.98,30.43,30.59,836100
2011-11-07,30.76,31.2,30.75,31.19,1035000
2011-11-08,31.13,31.2,30.86,31.16,938700
2011-11-09,30.82,31.059999,30.56,30.82,1898300
2011-11-10,31.040001,31.25,30.81,31.19,915600
2011-11-11,31.26,31.49,31.09,31.16,753500
2011-11-14,31.16,31.16,30.87,30.93,537000
2011-11-15,30.99,31.12,30.65,31.059999,691700
2011-11-16,30.74,30.85,30.43,30.56,653800
2011-11-17,30.43,30.61,30.13,30.36,978100
2011-11-18,30.55,30.66,30.37,30.45,1124900
2011-11-21,30.26,30.59,30.1,30.4,1362600
2011-11-22,30.44,30.47,30.16,30.23,742000
2011-11-23,30.040001,30.2,29.83,29.83,1037800
2011-11-25,29.76,30.030001,29.63,29.82,221000
2011-11-28,30.34,30.35,29.83,29.93,857000
2011-11-29,30.059999,30.73,30.059999,30.67,839500
2011-11-30,31.18,31.32,30.65,31.07,1565300
2011-12-01,31.13,31.62,31.030001,31.4,795300
2011-12-02,31.63,31.72,31.24,31.39,820600
2011-12-05,31.73,31.8,31.43,31.63,1002800
2011-12-06,31.68,31.75,31.42,31.65,659500
2011-12-07,31.54,31.54,30.99,31.08,868000
2011-12-08,30.93,31.37,30.86,30.98,1115200
2011-12-09,31.1,31.18,30.78,31.08,861700
2011-12-12,30.99,31.22,30.8,31.02,944100
2011-12-13,31.21,31.38,30.87,30.95,1063000
2011-12-14,30.94,31.02,30.35,30.37,1106300
2011-12-15,30.44,31.13,30.34,30.92,925900
2011-12-16,30.93,31.42,30.87,31.26,2758400
2011-12-19,31.25,31.5,30.92,30.96,979400
2011-12-20,31.27,31.6,31.27,31.41,1031800
2011-12-21,31.5,31.86,31.35,31.8,877700
2011-12-22,31.89,31.89,31.53,31.83,1047500
2011-12-23,31.89,32.19,31.82,32.09,658600
2011-12-27,32.14,32.78,32.09,32.55,694100
2011-12-28,32.5,32.63,31.82,31.86,934100
2011-12-29,31.89,32.24,31.89,32.18,880300
2011-12-30,32.27,32.4,31.86,31.86,439200
2012-01-03,32.049999,32.19,31.34,31.49,984000
2012-01-04,31.48,31.63,31.27,31.38,1226700
2012-01-05,31.44,31.71,31.25,31.69,792400
2012-01-06,31.76,31.96,31.55,31.9,882800
2012-01-09,31.9,31.93,31.51,31.82,778100
2012-01-10,31.89,31.99,31.38,31.39,907200
2012-01-11,31.66,32.17,31.66,31.74,830000
2012-01-12,31.8,31.97,31.5,31.95,818700
2012-01-13,31.79,32.040001,31.54,31.93,614200
2012-01-17,32.2,32.39,32.029999,32.37,875600
2012-01-18,32.48,32.48,31.84,32.44,927200
2012-01-19,32.5,32.98,32.099998,32.93,1150300
2012-01-20,32.85,33.15,32.6,32.89,970900
2012-01-23,32.96,33.13,32.42,32.9,732600
2012-01-24,32.74,32.74,32.21,32.66,663300
2012-01-25,32.69,32.91,32.31,32.9,623600
2012-01-26,33.09,33.49,33.02,33.4,1582400
2012-01-27,33.45,33.53,33.2,33.47,1026600
2012-01-30,33.17,33.57,32.92,33.57,995700
2012-01-31,33.85,33.94,33.43,33.73,1070800
2012-02-01,33.73,33.99,33.38,33.68,1170500
2012-02-02,33.75,33.89,33.37,33.71,1265100
2012-02-03,33.9,34.0,33.69,33.91,677100
2012-02-06,33.84,33.98,33.6,33.87,514000
2012-02-07,33.64,34.37,33.51,34.29,788400
2012-02-08,34.42,34.67,34.24,34.47,927700
2012-02-09,34.48,34.49,34.15,34.28,836200
2012-02-10,34.23,34.32,33.8,33.99,620200
2012-02-13,34.07,34.39,33.92,33.95,839400
2012-02-14,33.97,34.049999,33.69,33.98,771800
2012-02-15,34.0,34.23,33.4,33.67,1222300
2012-02-16,33.65,34.15,33.63,34.099998,643300
2012-02-17,34.27,34.47,33.8,33.82,933400
2012-02-21,33.82,33.91,33.45,33.5,770300
2012-02-22,33.55,33.81,33.42,33.66,596600
2012-02-23,33.61,34.24,33.42,34.12,716100
2012-02-24,34.02,34.15,33.57,33.92,1087400
2012-02-27,33.71,34.39,33.67,33.9,1119700
2012-02-28,34.18,34.2,33.61,33.73,1320200
2012-02-29,33.76,34.34,33.5,34.28,3400300
2012-03-01,34.43,34.45,33.93,34.19,1221900
2012-03-02,33.25,34.0099983,33.13,33.88,1362500
2012-03-05,33.85,34.15,33.55,34.07,879400
2012-03-06,33.91,34.0,33.4,33.56,916100
2012-03-07,33.58,34.0,33.32,33.93,964600
2012-03-08,34.0099983,34.049999,33.69,33.86,802500
2012-03-09,33.81,34.02,33.67,34.02,600000
2012-03-12,34.049999,34.25,33.95,34.099998,886400
2012-03-13,34.25,34.4,34.02,34.39,783100
2012-03-14,34.3,34.4,33.81,33.99,603400
2012-03-15,33.91,34.28,33.73,33.94,665900
2012-03-16,33.94,34.0,33.65,33.8,1123300
2012-03-19,33.7,33.92,33.34,33.39,880600
2012-03-20,33.26,33.61,33.21,33.43,502800
2012-03-21,33.5,33.6,33.34,33.45,581000
2012-03-22,33.39,33.52,33.11,33.49,855400
2012-03-23,33.45,33.72,33.35,33.64,581100
2012-03-26,33.77,34.049999,33.74,34.02,607600
2012-03-27,34.0099983,34.099998,33.85,34.040001,581200
2012-03-28,33.85,34.0,33.55,33.77,525900
2012-03-29,33.7,34.22,33.54,34.12,983600
2012-03-30,34.09,34.19,33.95,34.029999,837900
2012-04-02,34.09,34.44,33.95,34.35,736800
2012-04-03,34.22,34.51,34.12,34.44,814300
2012-04-04,34.15,34.29,33.9,33.95,1143400
2012-04-05,33.86,34.0,33.69,33.81,749600
2012-04-09,33.42,33.6,33.39,33.5,545300
2012-04-10,33.52,33.6,32.92,33.07,1029300
2012-04-11,33.32,33.43,33.07,33.099998,800400
2012-04-12,33.12,33.39,32.98,33.37,465000
2012-04-13,33.35,33.59,33.029999,33.049999,890600
2012-04-16,33.049999,33.26,32.98,33.07,1073900
2012-04-17,33.11,33.52,33.0099983,33.37,913300
2012-04-18,33.12,33.65,32.83,33.34,1227900
2012-04-19,33.34,33.54,33.18,33.32,538600
2012-04-20,33.43,33.89,33.37,33.77,810400
2012-04-23,33.54,33.63,32.98,33.16,785600
2012-04-24,33.29,33.67,33.27,33.67,825700
2012-04-25,33.88,34.029999,33.67,34.0099983,549000
2012-04-26,33.92,34.3,33.81,34.26,583900
2012-04-27,34.25,34.66,34.17,34.58,588300
2012-04-30,34.48,34.55,34.040001,34.24,1184300
2012-05-01,34.34,34.89,34.18,34.47,849300
2012-05-02,34.41,34.61,34.040001,34.31,816100
2012-05-03,34.44,34.77,34.099998,34.099998,995000
2012-05-04,34.15,34.44,33.9,34.099998,1048000
2012-05-07,34.0,34.040001,33.67,34.0099983,1079900
2012-05-08,33.75,33.97,33.61,33.87,976900
2012-05-09,33.83,34.18,33.52,34.029999,826300
2012-05-10,34.19,34.55,34.11,34.37,799800
2012-05-11,34.19,34.54,34.0099983,34.33,632800
2012-05-14,34.080002,34.19,33.79,33.86,688700
2012-05-15,33.85,34.0,33.66,33.79,644900
2012-05-16,33.9,33.99,33.74,33.75,473500
2012-05-17,33.63,33.71,33.26,33.27,531700
2012-05-18,33.26,33.42,32.95,33.0099983,821600
2012-05-21,33.080002,33.25,32.77,33.18,857200
2012-05-22,33.29,33.63,33.099998,33.48,772400
2012-05-23,33.31,33.51,33.13,33.5,957000
2012-05-24,33.62,34.26,33.5,34.24,770200
2012-05-25,34.24,34.24,34.029999,34.060001,383200
2012-05-29,34.27,34.38,34.080002,34.33,416700
2012-05-30,34.19,34.41,33.93,33.99,609100
2012-05-31,34.11,34.4,33.92,34.21,585900
2012-06-01,33.97,34.72,33.83,34.16,1144200
2012-06-04,34.25,34.29,33.77,33.87,853900
2012-06-05,33.85,34.25,33.71,34.2,657700
2012-06-06,34.42,34.98,34.22,34.95,713000
2012-06-07,35.0,35.0,34.3,34.32,985300
2012-06-08,34.19,34.37,34.040001,34.32,1487300
2012-06-11,34.49,34.49,33.8,33.83,720000
2012-06-12,33.91,34.02,33.71,33.99,775800
2012-06-13,33.97,34.029999,33.67,33.8,921800
2012-06-14,33.91,34.13,33.85,33.98,735000
2012-06-15,33.89,33.98,33.62,33.7,1185100
2012-06-18,33.79,34.0099983,33.57,33.9,619800
2012-06-19,34.07,34.2,33.76,33.81,852100
2012-06-20,33.76,33.8,33.38,33.55,939600
2012-06-21,33.75,33.93,33.46,33.46,745400
2012-06-22,33.49,33.66,33.31,33.34,1131800
2012-06-25,33.14,33.26,32.75,33.16,674400
2012-06-26,33.2,33.42,33.040001,33.3,814700
2012-06-27,33.42,33.91,33.33,33.78,561500
2012-06-28,33.61,34.040001,33.53,34.029999,553400
2012-06-29,34.52,34.6,34.07,34.28,1024000
2012-07-02,34.38,34.74,34.3,34.67,766800
2012-07-03,34.4,34.82,34.049999,34.82,491500
2012-07-05,34.82,34.82,34.43,34.72,465000
2012-07-06,34.71,34.82,34.5,34.71,808800
2012-07-09,34.64,34.91,34.61,34.83,418800
2012-07-10,35.0,35.3,34.92,35.060001,790700
2012-07-11,35.18,35.18,34.67,34.9,611400
2012-07-12,34.75,35.080002,34.7,34.92,458900
2012-07-13,35.0,35.5,34.94,35.5,553400
2012-07-16,35.5,35.5,35.18,35.45,557400
2012-07-17,35.5,35.82,35.32,35.6,658100
2012-07-18,35.55,36.0,35.45,35.99,796200
2012-07-19,36.0,36.0,35.67,35.93,300500
2012-07-20,35.8,36.15,35.72,36.07,482400
2012-07-23,35.87,36.44,35.51,36.33,860200
2012-07-24,36.32,36.32,35.95,36.26,583800
2012-07-25,36.32,36.35,35.57,35.64,689000
2012-07-26,35.9,36.11,35.5,35.92,652300
2012-07-27,36.16,36.73,36.0,36.63,1139500
2012-07-30,36.6,36.96,36.49,36.71,546200
2012-07-31,36.63,36.74,36.22,36.25,772400
2012-08-01,36.36,37.0,36.16,36.25,942800
2012-08-02,36.31,36.44,35.95,36.25,757700
2012-08-03,37.52,39.38,36.46,37.62,1175000
2012-08-06,37.91,38.39,37.71,38.16,932100
2012-08-07,38.34,38.49,37.87,37.89,839800
2012-08-08,37.75,37.83,36.9,37.21,1506100
2012-08-09,37.3,37.99,37.27,37.87,1110900
2012-08-10,37.98,38.0,37.69,37.79,929100
2012-08-13,37.89,37.99,37.62,37.92,562900
2012-08-14,37.85,38.22,37.85,38.11,750300
2012-08-15,38.2,38.39,38.16,38.35,792000
2012-08-16,38.35,38.49,37.83,38.029999,1185700
2012-08-17,38.040001,38.09,37.7,37.78,757400
2012-08-20,37.76,37.9,37.15,37.5,1065900
2012-08-21,37.55,37.78,37.22,37.24,946800
2012-08-22,37.11,37.42,37.02,37.32,810500
2012-08-23,37.3,37.31,36.97,37.22,812300
2012-08-24,37.2,37.49,37.14,37.39,498600
2012-08-27,37.39,37.56,37.25,37.4,369200
2012-08-28,37.45,37.6,37.27,37.47,432100
2012-08-29,37.47,37.63,37.27,37.36,521800
2012-08-30,37.3,37.39,36.95,36.99,581300
2012-08-31,37.099998,37.22,36.82,36.87,819600
2012-09-04,37.0,37.53,36.82,37.38,772800
2012-09-05,37.25,37.32,36.72,36.93,881800
2012-09-06,37.12,37.68,37.07,37.68,896900
2012-09-07,37.69,37.74,37.13,37.28,1205700
2012-09-10,37.4,37.5,37.17,37.31,858800
2012-09-11,37.27,37.45,37.16,37.39,681200
2012-09-12,37.86,37.86,37.16,37.28,733600
2012-09-13,37.4,37.4,37.0,37.19,1205700
2012-09-14,37.15,37.15,35.81,35.86,2250200
2012-09-17,35.85,36.09,35.55,35.64,1254000
2012-09-18,35.5,36.15,35.5,36.11,1048100
2012-09-19,36.25,36.54,36.13,36.37,788800
2012-09-20,36.79,36.94,36.51,36.71,1240800
2012-09-21,36.78,37.15,36.7,36.81,831700
2012-09-24,36.7,37.4,36.7,37.29,759300
2012-09-25,37.27,37.5,36.92,37.0,738900
2012-09-26,37.040001,37.17,36.68,36.8,698200
2012-09-27,36.77,36.92,36.44,36.9,664800
2012-09-28,36.83,37.099998,36.68,37.060001,643800
2012-10-01,36.98,37.14,36.52,36.7,628900
2012-10-02,36.93,37.18,36.56,36.82,669600
2012-10-03,36.85,37.09,36.69,36.98,562000
2012-10-04,37.060001,37.3,36.86,37.18,609500
2012-10-05,37.28,37.41,37.060001,37.24,361500
2012-10-08,37.11,37.19,36.96,37.16,302900
2012-10-09,37.23,37.3,36.52,36.75,532900
2012-10-10,36.65,37.040001,36.51,36.79,532700
2012-10-11,37.02,37.02,36.54,36.66,617800
2012-10-12,36.58,36.77,36.18,36.32,776900
2012-10-15,36.38,36.39,36.07,36.2,714200
2012-10-16,36.37,36.45,36.0,36.31,929500
2012-10-17,36.47,37.38,36.32,37.3,734600
2012-10-18,37.29,37.43,37.060001,37.27,616100
2012-10-19,37.15,37.41,37.0,37.28,869000
2012-10-22,37.35,37.45,36.99,37.0,1139400
2012-10-23,36.85,36.97,36.37,36.5,1080800
2012-10-24,36.47,36.92,36.18,36.73,626900
2012-10-25,36.87,36.94,36.55,36.76,568300
2012-10-26,36.7,36.8,36.48,36.66,463200
2012-10-31,36.5,36.88,36.29,36.74,801600
2012-11-01,36.8,36.93,36.26,36.59,683700
2012-11-02,36.82,36.87,36.43,36.5,554100
2012-11-05,36.4,36.75,36.049999,36.5,410800
2012-11-06,36.53,37.34,36.31,37.25,677900
2012-11-07,37.2,37.2,36.4,36.55,1087000
2012-11-08,36.44,37.25,36.22,36.5,642100
2012-11-09,36.37,36.75,36.23,36.55,632100
2012-11-12,36.62,36.75,36.2,36.52,545400
2012-11-13,36.24,37.029999,36.22,36.7,567000
2012-11-14,36.48,36.7,35.95,36.51,1169800
2012-11-15,36.59,36.76,36.43,36.63,1768700
2012-11-16,36.65,37.25,36.51,37.029999,1306000
2012-11-19,37.45,37.46,36.88,36.99,712700
2012-11-20,36.86,37.31,36.86,37.28,859800
2012-11-21,37.39,37.5,36.93,37.27,791700
2012-11-23,37.21,37.5,36.88,37.14,382300
2012-11-26,36.97,37.5,36.97,37.4,953500
2012-11-27,37.29,37.7,37.080002,37.55,751000
2012-11-28,37.32,37.91,37.12,37.79,699100
2012-11-29,37.77,38.13,37.57,37.99,638000
2012-11-30,38.14,38.26,37.85,38.17,1046800
2012-12-03,37.78,38.17,37.78,37.96,659400
2012-12-04,38.09,38.15,37.82,37.97,621400
2012-12-05,37.88,37.97,37.24,37.92,1062600
2012-12-06,38.0,38.0,37.33,37.62,916800
2012-12-07,37.72,37.89,37.46,37.76,544000
2012-12-10,37.87,38.19,37.71,38.07,639900
2012-12-11,38.17,38.24,37.65,37.92,728600
2012-12-12,38.11,38.5,37.94,38.17,974400
2012-12-13,38.13,38.16,37.62,37.78,781900
2012-12-14,37.69,37.83,37.36,37.45,723200
2012-12-17,37.55,38.07,37.31,38.02,1106300
2012-12-18,37.82,38.12,37.58,37.75,922800
2012-12-19,37.68,37.77,37.15,37.28,1562300
2012-12-20,37.28,37.35,37.0,37.13,1098300
2012-12-21,36.93,37.29,36.67,37.049999,2558300
2012-12-24,36.98,37.41,36.76,37.29,342500
2012-12-26,37.3,37.3,36.74,36.87,698200
2012-12-27,36.81,37.09,36.57,36.8,762800
2012-12-28,36.84,37.029999,36.62,36.74,605500
2012-12-31,36.78,37.24,36.56,37.13,947800
2013-01-02,37.67,38.0,37.5,38.0,1099100
2013-01-03,38.12,38.23,37.79,38.11,945500
2013-01-04,38.060001,38.26,38.0,38.14,820000
2013-01-07,38.0,38.040001,37.43,37.49,1046200
2013-01-08,37.44,37.67,37.3,37.33,1001400
2013-01-09,37.41,37.54,37.3,37.42,843500
2013-01-10,37.56,37.96,37.44,37.61,831300
2013-01-11,37.67,38.4,37.65,38.35,739200
2013-01-14,38.32,38.33,37.79,37.93,872000
2013-01-15,37.81,37.95,37.7,37.83,712300
2013-01-16,37.7,37.86,37.37,37.68,660900
2013-01-17,37.81,37.87,37.54,37.75,711000
2013-01-18,37.87,37.99,37.74,37.91,681200
2013-01-22,38.09,38.5,37.87,38.27,626300
2013-01-23,38.14,38.39,38.09,38.34,481100
2013-01-24,38.29,38.69,38.049999,38.59,699400
2013-01-25,38.54,38.9,36.96,37.4,3729200
2013-01-28,37.45,37.95,37.16,37.79,1748200
2013-01-29,37.85,38.58,37.85,38.52,2125100
2013-01-30,38.5,38.75,38.3,38.46,1384100
2013-01-31,38.33,38.59,38.23,38.28,1012700
2013-02-01,38.52,38.66,38.32,38.41,1061200
2013-02-04,38.17,38.37,38.060001,38.07,869200
2013-02-05,38.28,38.29,38.040001,38.049999,1033600
2013-02-06,38.07,38.56,38.049999,38.54,1210600
2013-02-07,38.9,39.33,38.46,38.99,830200
2013-02-08,38.99,39.23,38.8,39.18,587000
2013-02-11,39.16,39.35,38.95,39.040001,625700
2013-02-12,39.0099983,39.3,38.89,39.22,476300
2013-02-13,39.46,39.5,39.2,39.41,462000
2013-02-14,39.3,39.43,39.09,39.15,353400
2013-02-15,39.099998,39.19,38.86,39.17,593100
2013-02-19,39.24,39.75,39.15,39.75,825600
2013-02-20,39.56,39.83,39.47,39.53,654900
2013-02-21,39.47,39.83,39.28,39.45,496800
2013-02-22,39.51,39.83,39.38,39.82,483200
2013-02-25,39.91,39.98,39.22,39.24,880700
2013-02-26,39.36,39.74,39.2,39.43,706600
2013-02-27,39.58,39.63,38.7,39.37,793000
2013-02-28,39.35,39.61,39.25,39.45,1055400
2013-03-01,39.51,39.9,39.17,39.57,989300
2013-03-04,39.65,40.27,39.48,40.27,1023200
2013-03-05,40.46,40.69,40.17,40.24,1178000
2013-03-06,40.049999,40.24,39.78,40.060001,615300
2013-03-07,39.57,40.0099983,39.38,39.56,1227100
2013-03-08,39.5,40.16,39.47,40.11,689000
2013-03-11,40.2,40.46,39.95,40.36,855600
2013-03-12,40.45,40.47,39.99,40.13,1248600
2013-03-13,40.13,40.35,40.02,40.14,895700
2013-03-14,40.060001,40.23,39.73,40.0,862400
2013-03-15,40.07,40.26,39.82,40.26,2386600
2013-03-18,39.82,40.25,39.8,40.22,677600
2013-03-19,40.25,40.45,40.15,40.41,499600
2013-03-20,40.5,40.89,40.44,40.69,625400
2013-03-21,40.5,40.8,40.11,40.61,569400
2013-03-22,40.61,41.0,40.43,40.77,529000
2013-03-25,40.92,41.24,40.55,40.87,804400
2013-03-26,40.97,41.099998,40.86,40.95,914800
2013-03-27,40.9,41.14,40.67,41.029999,757100
2013-03-28,41.12,41.45,41.040001,41.44,926600
2013-04-01,41.42,41.58,40.85,41.27,588400
2013-04-02,41.29,41.49,41.13,41.37,488000
2013-04-03,41.52,41.52,40.72,41.11,794200
2013-04-04,41.23,41.46,41.099998,41.4,594600
2013-04-05,41.12,41.5,40.76,41.47,728000
2013-04-08,41.41,41.85,41.040001,41.84,679600
2013-04-09,41.95,41.95,41.56,41.64,635900
2013-04-10,41.84,42.24,41.66,42.18,700100
2013-04-11,42.39,42.42,42.049999,42.3,675900
2013-04-12,42.099998,42.53,42.049999,42.35,488500
2013-04-15,42.27,42.41,41.040001,41.23,1019100
2013-04-16,41.39,42.34,41.35,42.28,853100
2013-04-17,42.060001,42.2,41.37,41.92,922900
2013-04-18,42.0099983,42.18,41.6,41.83,919900
2013-04-19,41.92,42.35,41.78,42.0099983,656400
2013-04-22,41.97,41.99,41.36,41.6,651700
2013-04-23,41.53,41.67,40.96,41.16,1117700
2013-04-24,41.58,41.66,40.97,41.15,1244500
2013-04-25,41.16,41.53,41.099998,41.39,694100
2013-04-26,41.17,41.54,41.060001,41.16,677400
2013-04-29,41.26,41.52,41.09,41.35,516400
2013-04-30,41.37,41.88,41.2,41.88,939800
2013-05-01,41.74,42.25,41.62,41.76,822100
2013-05-02,41.87,42.23,41.8,42.13,709300
2013-05-03,42.3,42.43,41.88,41.88,613900
2013-05-06,41.75,41.88,41.57,41.67,778200
2013-05-07,41.55,42.099998,41.38,41.98,965800
2013-05-08,40.98,41.77,40.8,41.73,959400
2013-05-09,42.2,43.09,41.85,41.88,1511600
2013-05-10,42.5,42.56,41.87,42.029999,776000
2013-05-13,41.77,42.060001,41.6,41.98,860800
2013-05-14,41.95,42.69,41.95,42.44,972200
2013-05-15,42.39,42.76,42.39,42.74,1234800
2013-05-16,42.8,42.91,42.46,42.5,642900
2013-05-17,42.67,42.83,42.43,42.67,507000
2013-05-20,42.51,42.72,42.38,42.72,851700
2013-05-21,42.68,42.98,42.58,42.69,1268700
2013-05-22,42.55,42.6,42.0,42.029999,1453800
2013-05-23,41.73,42.02,41.25,41.8,1124600
2013-05-24,41.74,41.78,41.27,41.33,803100
2013-05-28,41.57,42.099998,41.42,41.6,799500
2013-05-29,41.51,41.59,40.73,40.93,1431500
2013-05-30,40.93,41.53,40.91,40.91,777100
2013-05-31,40.86,41.049999,39.91,39.94,1475200
2013-06-03,40.060001,40.77,39.87,40.31,891800
2013-06-04,40.28,40.49,39.52,39.81,1033600
2013-06-05,39.64,39.86,39.17,39.61,1026100
2013-06-06,39.66,40.060001,39.45,40.02,755100
2013-06-07,40.080002,40.3,39.46,39.87,854300
2013-06-10,39.9,39.95,39.5,39.82,595200
2013-06-11,39.55,39.96,39.51,39.86,813600
2013-06-12,40.3,40.72,40.29,40.49,1825700
2013-06-13,40.4,40.99,40.26,40.88,1075700
2013-06-14,40.74,41.0099983,40.64,41.0099983,752700
2013-06-17,41.19,41.56,40.95,41.049999,1338600
2013-06-18,41.12,41.37,41.0,41.16,940100
2013-06-19,41.22,41.32,40.6,40.64,856100
2013-06-20,40.18,40.43,39.42,39.57,787200
2013-06-21,39.67,39.85,38.95,39.45,1268700
2013-06-24,39.0,39.64,38.91,39.4,777000
2013-06-25,39.68,40.33,39.63,40.13,846000
2013-06-26,40.33,40.61,40.24,40.26,487000
2013-06-27,40.48,40.75,40.43,40.46,643900
2013-06-28,40.52,41.7,40.38,41.23,1527900
2013-07-01,41.29,41.49,39.79,39.98,1273400
2013-07-02,39.86,40.099998,39.54,39.9,1530900
2013-07-03,39.89,40.47,39.64,40.46,933100
2013-07-05,40.51,40.87,40.0,40.29,468700
2013-07-08,40.47,41.24,40.31,41.0099983,694900
2013-07-09,41.33,41.52,40.83,41.46,618400
2013-07-10,41.46,41.78,41.33,41.75,638900
2013-07-11,42.11,42.3,41.46,41.87,776800
2013-07-12,41.78,42.060001,41.35,41.96,686700
2013-07-15,42.029999,42.82,41.9,42.79,701900
2013-07-16,42.74,42.9,42.25,42.32,813300
2013-07-17,42.55,42.64,42.07,42.11,503200
2013-07-18,42.099998,42.41,41.9,42.32,837900
2013-07-19,42.22,42.78,42.099998,42.6,524200
2013-07-22,42.55,43.22,42.51,43.11,675300
2013-07-23,43.19,43.72,42.95,43.5,625500
2013-07-24,43.71,43.71,42.65,42.82,661900
2013-07-25,42.64,42.98,42.49,42.98,475400
2013-07-26,43.13,43.24,42.6,43.080002,327500
2013-07-29,43.12,43.25,42.97,43.049999,466100
2013-07-30,43.15,43.24,42.62,42.67,748700
2013-07-31,42.75,42.97,42.54,42.68,608300
2013-08-01,43.0099983,43.44,42.99,43.29,662000
2013-08-02,43.37,43.48,42.72,43.13,546200
2013-08-05,43.15,43.15,42.69,42.74,742800
2013-08-06,42.69,42.88,42.32,42.37,791900
2013-08-07,42.3,42.66,42.26,42.48,953100
2013-08-08,42.49,42.84,42.11,42.52,847900
2013-08-09,42.57,43.22,42.57,43.17,871500
2013-08-12,43.14,43.23,42.69,42.77,862500
2013-08-13,42.85,43.049999,42.62,42.62,900500
2013-08-14,42.68,42.77,42.0099983,42.049999,1011500
2013-08-15,41.75,41.81,41.07,41.15,700500
2013-08-16,41.0099983,41.12,40.8,41.040001,545300
2013-08-19,41.040001,41.12,40.69,40.71,727500
2013-08-20,40.69,41.2,40.56,40.77,558300
2013-08-21,40.76,40.95,40.24,40.76,610400
2013-08-22,41.02,41.84,40.82,41.63,673500
2013-08-23,41.63,41.96,41.41,41.88,440300
2013-08-26,41.85,41.85,41.49,41.52,407900
2013-08-27,41.2,41.71,41.11,41.59,539700
2013-08-28,41.5,41.97,41.38,41.67,590200
2013-08-29,41.52,41.63,40.85,40.92,695000
2013-08-30,41.049999,41.22,40.46,40.74,687400
2013-09-03,40.79,41.099998,40.27,40.29,523700
2013-09-04,40.29,40.34,39.18,39.76,2183300
2013-09-05,39.69,39.86,39.28,39.33,944200
2013-09-06,39.38,39.5,39.27,39.28,1528000
2013-09-09,39.37,39.5,39.15,39.43,714300
2013-09-10,39.53,39.95,39.48,39.95,836700
2013-09-11,39.85,39.93,39.48,39.54,632500
2013-09-12,39.92,39.93,39.049999,39.25,1277800
2013-09-13,39.3,39.4,39.15,39.29,901500
2013-09-16,39.3,39.6,39.049999,39.13,2511500
2013-09-17,39.19,39.55,39.060001,39.48,980600
2013-09-18,39.49,40.9,39.34,40.82,1240300
2013-09-19,40.86,41.19,40.59,40.61,741700
2013-09-20,40.56,40.93,39.85,39.88,2046600
2013-09-23,39.68,40.45,39.65,40.39,1429200
2013-09-24,40.44,40.89,40.39,40.79,686700
2013-09-25,40.77,40.93,40.48,40.74,691700
2013-09-26,40.88,41.29,40.83,41.12,643600
2013-09-27,40.95,41.11,40.74,40.88,481500
2013-09-30,40.51,41.3,40.51,41.28,925400
2013-10-01,40.97,41.66,40.97,41.43,1341400
2013-10-02,41.25,41.54,41.0,41.53,671900
2013-10-03,41.28,41.41,40.7,40.75,796200
2013-10-04,40.8,40.88,40.51,40.58,476900
2013-10-07,40.4,40.62,40.18,40.18,385400
2013-10-08,40.38,40.67,40.09,40.09,738900
2013-10-09,40.07,40.78,40.049999,40.51,784600
2013-10-10,40.6,41.41,40.51,41.28,762400
2013-10-11,41.27,41.43,41.07,41.39,473000
2013-10-14,41.3,41.39,40.47,41.0099983,381500
2013-10-15,40.99,41.0,40.45,40.47,692200
2013-10-16,40.62,41.02,40.5,40.85,881100
2013-10-17,40.8,41.79,40.58,41.79,826500
2013-10-18,41.95,42.0,41.64,41.73,679400
2013-10-21,41.78,42.099998,41.7,42.07,570200
2013-10-22,42.34,42.87,42.0099983,42.31,1020200
2013-10-23,42.12,42.6,42.07,42.4,595900
2013-10-24,42.42,42.59,41.96,42.02,598200
2013-10-25,42.13,42.6,41.89,42.56,561700
2013-10-28,42.56,42.72,42.23,42.52,470700
2013-10-29,42.57,42.81,42.47,42.74,402300
2013-10-30,42.8,43.060001,42.57,42.82,540000
2013-10-31,42.75,42.95,42.34,42.87,830200
2013-11-01,43.0,43.15,42.56,42.76,432900
2013-11-04,42.75,43.099998,42.61,43.0099983,369600
2013-11-05,42.94,45.09,42.93,43.26,752100
2013-11-06,43.44,43.54,43.17,43.49,708200
2013-11-07,43.57,44.49,43.09,43.34,729200
2013-11-08,43.2,43.2,42.17,42.75,597600
2013-11-11,42.75,43.3,42.5,43.049999,405100
2013-11-12,42.89,42.89,42.42,42.67,752600
2013-11-13,42.21,42.54,42.060001,42.41,676800
2013-11-14,42.54,42.89,42.54,42.87,558600
2013-11-15,42.82,43.32,42.82,43.18,579700
2013-11-18,43.34,43.36,42.92,43.099998,418300
2013-11-19,43.0,43.18,42.45,42.59,498700
2013-11-20,42.6,42.9,42.049999,42.060001,448200
2013-11-21,42.19,42.41,41.9,41.99,816400
2013-11-22,42.12,42.35,41.72,42.21,804800
2013-11-25,42.27,42.46,42.099998,42.2,500900
2013-11-26,42.25,42.25,41.77,41.98,662000
2013-11-27,42.11,42.39,41.83,42.25,554500
2013-11-29,42.23,42.75,42.23,42.35,309100
2013-12-02,42.39,42.58,41.92,41.96,492000
2013-12-03,41.81,42.099998,41.37,41.67,904300
2013-12-04,41.56,41.71,41.15,41.62,941000
2013-12-05,41.55,41.64,41.029999,41.049999,1240300
2013-12-06,41.48,41.77,41.14,41.26,1393700
2013-12-09,41.24,41.4,40.85,41.099998,956800
2013-12-10,41.12,41.18,40.77,40.93,1308800
2013-12-11,41.060001,41.14,40.35,40.36,950800
2013-12-12,40.38,40.84,40.38,40.75,747600
2013-12-13,40.94,40.94,40.45,40.8,895700
2013-12-16,41.080002,41.26,40.91,40.96,729600
2013-12-17,40.92,41.69,40.82,41.45,1120100
2013-12-18,41.57,42.41,41.37,42.040001,1349400
2013-12-19,41.89,42.26,41.53,41.84,685900
2013-12-20,42.02,42.26,41.6,41.8,1473300
2013-12-23,42.0,42.17,41.71,41.76,605000
2013-12-24,41.91,42.36,41.9,42.040001,291800
2013-12-26,42.19,42.24,41.92,42.0099983,378300
2013-12-27,42.07,42.37,41.93,42.040001,467700
2013-12-30,42.11,42.43,42.060001,42.21,459800
2013-12-31,42.27,42.3,42.049999,42.26,497100
2014-01-02,42.0099983,42.09,41.5,41.58,788800
2014-01-03,41.54,41.64,41.16,41.46,819600
2014-01-06,41.48,41.61,41.24,41.3,670400
2014-01-07,41.38,41.75,41.37,41.71,769900
2014-01-08,41.7,41.86,41.45,41.7,726900
2014-01-09,41.8,41.83,41.47,41.6,697700
2014-01-10,41.68,42.41,41.62,41.99,941400
2014-01-13,41.94,42.07,41.53,41.59,530700
2014-01-14,41.65,41.91,41.34,41.51,450100
2014-01-15,41.6,41.6,41.18,41.28,633400
2014-01-16,41.26,41.54,41.2,41.51,777200
2014-01-17,41.68,41.68,41.23,41.53,932000
2014-01-21,41.11,41.93,41.11,41.86,710200
2014-01-22,41.82,42.19,41.82,42.11,519800
2014-01-23,41.96,42.17,41.82,42.16,622200
2014-01-24,42.0,42.15,41.74,41.83,717200
2014-01-27,41.84,42.049999,41.65,41.65,646700
2014-01-28,41.66,42.02,41.66,41.79,730100
2014-01-29,41.67,42.0099983,41.66,41.96,841300
2014-01-30,42.0,42.56,41.75,42.5,942700
2014-01-31,42.23,42.68,42.07,42.57,1076400
2014-02-03,42.5,42.97,41.98,42.31,1134700
2014-02-04,42.49,42.49,41.61,41.76,1303300
2014-02-05,41.67,41.75,41.16,41.16,976900
2014-02-06,41.19,41.8,41.07,41.7,591500
2014-02-07,41.86,42.31,41.77,42.28,612300
2014-02-10,42.35,42.45,41.91,42.34,557600
2014-02-11,42.27,42.75,42.2,42.71,1009700
2014-02-12,42.75,43.080002,42.55,42.9,576400
2014-02-13,42.72,43.57,42.59,43.57,695200
2014-02-14,43.6,43.69,43.33,43.6,494400
2014-02-18,43.72,43.88,43.42,43.67,558800
2014-02-19,43.52,43.99,43.47,43.63,607800
2014-02-20,43.59,44.07,43.41,44.060001,504000
2014-02-21,44.029999,44.45,43.88,44.27,650000
2014-02-24,44.36,44.5,43.85,43.87,593300
2014-02-25,43.73,44.5,43.71,43.95,785900
2014-02-26,44.13,44.27,43.81,43.87,491300
2014-02-27,43.75,44.29,43.37,44.02,538800
2014-02-28,44.2,45.15,44.060001,44.84,957900
2014-03-03,44.66,44.69,44.080002,44.15,978000
2014-03-04,44.5,44.73,44.31,44.47,717100
2014-03-05,44.42,44.55,44.040001,44.35,822900
2014-03-06,44.5,44.65,44.26,44.36,784800
2014-03-07,44.41,44.5,44.049999,44.35,722600
2014-03-10,44.35,44.56,44.14,44.43,840300
2014-03-11,44.26,44.33,43.63,43.85,884400
2014-03-12,43.74,44.28,43.69,44.27,584800
2014-03-13,44.44,45.049999,44.26,44.99,878800
2014-03-14,45.040001,45.86,44.99,45.56,1101900
2014-03-17,45.63,45.63,44.99,45.13,645400
2014-03-18,45.24,45.72,45.15,45.49,788100
2014-03-19,45.54,45.76,44.82,44.91,525500
2014-03-20,44.76,44.94,44.55,44.66,733400
2014-03-21,44.93,45.53,44.71,45.060001,1120500
2014-03-24,45.26,45.48,44.96,45.17,567200
2014-03-25,45.37,45.37,44.94,45.049999,454700
2014-03-26,45.049999,45.2,44.42,44.44,668500
2014-03-27,44.56,44.98,44.26,44.96,567000
2014-03-28,45.0099983,45.29,44.98,45.13,640100
2014-03-31,45.28,45.74,44.97,45.4,1052600
2014-04-01,45.38,45.44,44.86,45.16,887900
2014-04-02,45.15,45.64,44.89,45.52,589000
2014-04-03,45.55,45.83,45.43,45.53,618200
2014-04-04,45.68,46.23,45.5,45.79,786400
2014-04-07,45.74,46.02,45.44,45.47,664700
2014-04-08,45.42,45.56,44.96,45.48,1072700
2014-04-09,45.6,45.7,45.099998,45.67,690800
2014-04-10,45.61,46.040001,45.34,45.53,956200
2014-04-11,45.52,45.73,45.37,45.5,876800
2014-04-14,45.77,45.98,45.4,45.75,801200
2014-04-15,45.56,45.81,45.11,45.66,859800
2014-04-16,45.77,45.97,45.42,45.97,900800
2014-04-17,45.99,46.21,45.56,45.67,578000
2014-04-21,45.9,46.13,45.57,45.79,515800
2014-04-22,45.88,46.16,45.63,46.0099983,614500
2014-04-23,46.11,46.28,45.79,45.86,783600
2014-04-24,45.88,46.21,45.6,46.0,602300
2014-04-25,45.96,46.13,45.75,46.12,662900
2014-04-28,46.21,46.58,45.94,46.45,1105000
2014-04-29,46.5,46.63,45.85,45.89,691700
2014-04-30,45.97,46.15,45.49,45.53,758100
2014-05-01,45.66,46.22,45.43,46.22,671100
2014-05-02,46.17,46.65,45.82,46.17,812900
2014-05-05,46.18,46.57,45.96,46.56,586500
2014-05-06,46.38,46.65,46.02,46.18,561600
2014-05-07,46.29,46.94,46.28,46.92,1073800
2014-05-08,46.82,47.61,46.51,46.73,715300
2014-05-09,46.82,47.0,46.11,46.26,903500
2014-05-12,46.51,46.61,46.11,46.31,1229400
2014-05-13,46.52,47.080002,46.35,47.060001,1142600
2014-05-14,47.080002,47.65,46.81,47.060001,965000
2014-05-15,47.0,47.41,47.0,47.38,1404900
2014-05-16,47.32,47.36,46.79,47.26,1303600
2014-05-19,47.22,47.3,46.74,46.85,710000
2014-05-20,46.85,47.35,46.55,46.82,771500
2014-05-21,46.89,47.060001,46.67,46.82,529400
2014-05-22,46.82,47.41,46.82,47.29,443100
2014-05-23,47.34,47.69,47.18,47.61,579900
2014-05-27,47.77,48.19,47.32,47.42,1297000
2014-05-28,47.62,47.7,47.32,47.6,911900
2014-05-29,47.72,47.72,47.36,47.64,461000
2014-05-30,47.8,48.64,47.7,48.61,1641500
2014-06-02,48.82,48.82,48.12,48.22,709300
2014-06-03,48.22,48.26,47.89,48.049999,702400
2014-06-04,47.9,48.09,47.46,47.94,748500
2014-06-05,48.11,48.2,47.66,48.12,606000
2014-06-06,48.2,48.37,47.88,47.95,586100
2014-06-09,47.95,48.25,47.84,48.11,610500
2014-06-10,48.17,48.17,47.68,47.82,532200
2014-06-11,47.8,47.82,47.47,47.67,376100
2014-06-12,47.72,47.98,47.23,47.85,629600
2014-06-13,47.86,48.029999,47.61,47.94,400400
2014-06-16,47.91,48.45,47.79,48.099998,705500
2014-06-17,48.099998,48.46,48.049999,48.23,509500
2014-06-18,48.25,48.66,48.049999,48.64,505600
2014-06-19,48.63,48.88,48.42,48.44,614400
2014-06-20,48.47,48.7,48.13,48.16,689000
2014-06-23,48.25,48.56,48.02,48.44,621500
2014-06-24,48.47,48.86,48.4,48.5,485900
2014-06-25,48.44,48.77,48.31,48.74,372400
2014-06-26,48.68,48.89,48.52,48.79,461800
2014-06-27,48.83,49.25,48.67,49.029999,797200
2014-06-30,49.15,49.5,48.76,49.45,725600
2014-07-01,49.35,49.55,49.099998,49.17,734500
2014-07-02,49.080002,49.2,48.44,48.5,816300
2014-07-03,48.44,48.48,47.99,48.060001,523100
2014-07-07,47.8,48.3,47.68,48.099998,739900
2014-07-08,47.95,48.84,47.9,48.61,796800
2014-07-09,48.7,48.81,48.29,48.47,421200
2014-07-10,48.4,48.76,48.27,48.6,437100
2014-07-11,48.57,48.59,48.11,48.44,534400
2014-07-14,48.47,48.62,48.21,48.22,524500
2014-07-15,48.25,48.61,48.22,48.4,535400
2014-07-16,48.55,48.73,48.049999,48.47,451000
2014-07-17,48.46,48.55,48.040001,48.09,418100
2014-07-18,48.28,48.97,48.049999,48.97,379400
2014-07-21,48.92,48.92,48.55,48.71,343800
2014-07-22,48.95,49.16,48.71,49.0099983,435700
2014-07-23,49.0,49.0099983,48.6,48.74,336900
2014-07-24,48.76,48.98,48.48,48.78,300700
2014-07-25,48.73,48.85,48.5,48.6,347700
2014-07-28,48.44,49.18,48.44,49.049999,440400
2014-07-29,49.02,49.21,48.58,48.63,385800
2014-07-30,48.7,49.0,48.19,48.33,589100
2014-07-31,48.080002,48.36,47.7,47.77,857000
2014-08-01,47.72,48.39,47.72,48.040001,775000
2014-08-04,48.11,48.22,46.66,47.36,1002600
2014-08-05,47.12,47.55,46.44,46.6,1066400
2014-08-06,46.33,46.8,46.33,46.41,610200
2014-08-07,45.98,46.85,45.98,46.55,837100
2014-08-08,46.6,47.99,46.6,47.96,725100
2014-08-11,48.099998,48.42,47.67,47.72,580800
2014-08-12,48.029999,48.64,47.7,48.11,540400
2014-08-13,48.16,48.6,48.16,48.36,484500
2014-08-14,48.39,49.39,48.27,49.27,816800
2014-08-15,49.34,50.15,49.29,49.91,1345500
2014-08-18,49.9,50.16,49.46,49.69,897300
2014-08-19,49.69,50.32,49.69,49.86,570900
2014-08-20,49.74,50.0,49.57,49.98,390900
2014-08-21,49.9,50.31,49.77,50.080002,627400
2014-08-22,49.86,50.09,49.63,49.66,407000
2014-08-25,49.85,50.13,49.61,49.74,550100
2014-08-26,49.85,50.07,49.6,49.63,456000
2014-08-27,49.86,50.39,49.8,50.38,537800
2014-08-28,50.13,50.42,49.95,50.2,512400
2014-08-29,50.2,50.64,49.13,50.61,354700
2014-09-02,50.060001,50.51,49.9,50.14,758900
2014-09-03,50.0,50.29,49.78,50.29,528800
2014-09-04,50.32,50.69,50.080002,50.38,605500
2014-09-05,50.29,50.54,50.26,50.51,397100
2014-09-08,50.43,50.71,50.029999,50.099998,457400
2014-09-09,50.14,50.14,49.47,49.59,677000
2014-09-10,49.54,49.55,49.14,49.4,531900
2014-09-11,49.45,49.71,49.34,49.65,533100
2014-09-12,49.5,49.63,48.92,49.14,402400
2014-09-15,49.02,49.38,48.89,49.18,404200
2014-09-16,49.11,49.77,49.02,49.61,353200
2014-09-17,49.63,49.83,49.2,49.32,504700
2014-09-18,49.35,49.38,48.81,48.82,445200
2014-09-19,49.060001,49.48,49.0,49.25,1030000
2014-09-22,49.18,49.25,48.77,48.77,497700
2014-09-23,48.74,48.76,48.19,48.21,609600
2014-09-24,48.31,48.56,47.89,48.29,423700
2014-09-25,48.35,48.54,48.07,48.24,489800
2014-09-26,48.19,48.39,47.8,48.26,532600
2014-09-29,48.07,48.33,47.95,48.29,523800
2014-09-30,48.25,48.92,48.2,48.23,826400
2014-10-01,48.21,48.53,47.88,48.099998,607600
2014-10-02,48.080002,48.24,47.75,48.0099983,537000
2014-10-03,48.32,48.56,47.95,48.19,982300
2014-10-06,48.3,48.63,47.58,47.92,1620100
2014-10-07,47.68,48.8,47.64,48.4,904400
2014-10-08,48.43,49.57,48.28,49.54,801000
2014-10-09,49.57,49.91,48.82,49.02,721700
2014-10-10,49.26,50.19,49.15,49.98,1308200
2014-10-13,50.11,50.31,49.37,49.54,799600
2014-10-14,49.78,50.45,49.6,50.3,1043600
2014-10-15,49.89,49.99,48.28,49.09,1046400
2014-10-16,48.37,49.51,48.37,49.28,754700
2014-10-17,49.5,49.87,49.099998,49.6,634600
2014-10-20,49.75,50.78,49.64,50.74,645900
2014-10-21,50.89,51.21,50.55,50.98,559000
2014-10-22,51.13,51.62,50.92,51.060001,570700
2014-10-23,51.18,51.89,51.17,51.43,590000
2014-10-24,51.57,51.99,51.43,51.91,702800
2014-10-27,51.95,52.0,51.63,51.79,484000
2014-10-28,51.9,52.45,51.53,52.42,693300
2014-10-29,52.46,52.73,51.7,52.21,489700
2014-10-30,52.41,53.13,52.17,53.12,461600
2014-10-31,53.5,53.51,52.91,53.37,711500
2014-11-03,53.37,53.62,53.07,53.31,572600
2014-11-04,53.029999,53.49,52.42,52.55,1014400
2014-11-05,52.96,53.040001,52.6,52.87,846000
2014-11-06,53.11,53.22,51.34,51.99,1070400
2014-11-07,51.47,52.4,51.29,52.36,714000
2014-11-10,52.52,53.07,52.32,52.87,724800
2014-11-11,52.72,52.99,52.51,52.72,481300
2014-11-12,52.51,52.66,52.029999,52.35,803900
2014-11-13,52.51,52.51,51.79,51.87,518700
2014-11-14,51.79,52.23,51.67,51.87,565600
2014-11-17,51.74,52.040001,51.54,51.97,476500
2014-11-18,51.97,52.65,51.97,52.34,647100
2014-11-19,52.32,52.66,52.11,52.43,521400
2014-11-20,52.19,52.58,52.0099983,52.16,617900
2014-11-21,52.3,52.58,52.0099983,52.28,484900
2014-11-24,52.42,52.57,52.11,52.23,545700
2014-11-25,52.3,52.5,52.02,52.060001,940300
2014-11-26,52.16,52.53,52.040001,52.44,447300
2014-11-28,52.53,53.27,52.45,53.049999,420600
2014-12-01,52.13,52.76,52.049999,52.28,811000
2014-12-02,52.27,52.65,52.13,52.6,845700
2014-12-03,52.56,53.0,52.41,52.68,930400
2014-12-04,52.74,52.85,52.25,52.45,753200
2014-12-05,52.2,52.68,52.049999,52.14,722800
2014-12-08,52.33,53.080002,52.07,52.69,839400
2014-12-09,53.0,53.5,52.52,53.26,759100
2014-12-10,53.13,53.73,52.43,52.49,617900
2014-12-11,52.5,52.96,52.43,52.6,650400
2014-12-12,52.4,52.89,52.15,52.37,670000
2014-12-15,52.5,52.65,51.41,51.66,723800
2014-12-16,51.74,52.25,51.32,51.42,760600
2014-12-17,51.18,52.02,51.15,51.76,1324400
2014-12-18,52.099998,52.95,51.9,52.95,763800
2014-12-19,52.87,53.22,52.14,52.36,1242000
2014-12-22,52.35,52.61,52.049999,52.49,597500
2014-12-23,52.69,53.27,52.69,53.17,665100
2014-12-24,53.24,53.89,53.24,53.76,242600
2014-12-26,53.96,54.25,53.82,54.02,429300
2014-12-29,54.060001,56.19,54.060001,55.86,1221000
2014-12-30,55.68,55.68,54.27,54.28,701100
2014-12-31,54.53,54.56,53.21,53.3,633700
2015-01-02,53.3,54.040001,53.19,53.94,913100
2015-01-05,53.97,54.099998,52.9,53.11,707700
2015-01-06,53.26,53.89,52.92,53.25,1141800
2015-01-07,53.63,54.2,53.46,53.93,528300
2015-01-08,54.25,54.76,53.95,54.14,1355400
2015-01-09,54.26,54.77,53.83,54.3,644800
2015-01-12,54.56,54.66,53.67,54.13,901200
2015-01-13,54.7,55.25,53.84,54.25,1321600
2015-01-14,54.040001,55.24,53.8,55.21,797400
2015-01-15,55.26,55.46,55.02,55.25,492300
2015-01-16,55.3,55.76,54.93,55.71,501800
2015-01-20,55.98,56.2,55.38,56.14,845900
2015-01-21,56.049999,56.59,55.51,56.56,647000
2015-01-22,56.77,56.89,56.32,56.53,574200
2015-01-23,56.63,57.0099983,56.24,56.56,707600
2015-01-26,56.5,56.89,55.88,56.86,722100
2015-01-27,55.95,56.92,55.91,56.8,568300
2015-01-28,56.87,57.31,56.43,56.67,943200
2015-01-29,56.91,57.48,56.58,57.36,588800
2015-01-30,57.34,57.39,56.099998,56.14,830900
2015-02-02,56.17,56.76,55.7,56.71,513200
2015-02-03,56.41,56.75,56.17,56.53,681500
2015-02-04,56.26,56.63,55.59,55.64,777500
2015-02-05,55.75,56.59,55.47,56.36,780200
2015-02-06,56.36,56.36,54.53,54.83,980000
2015-02-09,54.81,54.95,53.63,53.94,1183200
2015-02-10,54.11,54.47,53.98,54.3,1335600
2015-02-11,54.14,54.25,53.23,53.54,764400
2015-02-12,53.7,53.89,53.19,53.61,739700
2015-02-13,53.58,53.62,52.38,52.64,1550900
2015-02-17,52.63,53.27,52.39,52.75,1757700
2015-02-18,52.54,54.19,52.53,54.11,944100
2015-02-19,54.15,54.3,53.62,53.8,956900
2015-02-20,53.68,54.02,53.36,53.94,536000
2015-02-23,53.94,54.3,53.25,54.3,1896800
2015-02-24,54.24,54.41,53.63,54.2,1179000
2015-02-25,54.64,55.76,54.23,54.46,1226800
2015-02-26,54.55,54.58,53.4,53.64,850100
2015-02-27,53.79,54.19,53.4,54.080002,1095700
2015-03-02,53.99,53.99,52.49,53.27,1506800
2015-03-03,53.25,53.8,53.029999,53.61,897100
2015-03-04,53.32,53.57,53.0099983,53.43,774700
2015-03-05,53.63,54.28,53.62,53.92,1509900
2015-03-06,53.5,53.63,52.0,52.28,1295100
2015-03-09,52.28,52.53,52.09,52.29,543900
2015-03-10,52.0,52.54,51.97,52.26,453700
2015-03-11,52.44,52.63,52.17,52.19,1013600
2015-03-12,52.5,53.13,52.42,52.97,586800
2015-03-13,52.82,52.82,51.84,52.26,719900
2015-03-16,52.43,53.3,52.3,52.84,712200
2015-03-17,52.72,53.2,52.58,53.15,758500
2015-03-18,53.33,54.45,52.93,54.25,924000
2015-03-19,54.09,54.63,53.88,54.34,718200
2015-03-20,54.56,55.049999,54.27,55.02,1056000
2015-03-23,54.91,55.0,54.52,54.6,592400
2015-03-24,54.56,55.12,54.15,54.29,736600
2015-03-25,55.040001,55.040001,53.93,53.93,674500
2015-03-26,53.86,54.2,53.39,53.46,794700
2015-03-27,53.5,54.32,53.5,54.099998,590200
2015-03-30,54.31,54.68,53.88,54.31,748600
2015-03-31,54.31,54.63,54.17,54.21,1189200
2015-04-01,54.27,54.5,53.77,54.46,716700
2015-04-02,54.5,54.94,54.36,54.89,623000
2015-04-06,54.89,55.51,54.72,55.18,676000
2015-04-07,55.18,55.3,54.6,54.68,512700
2015-04-08,54.83,54.92,53.75,54.16,808900
2015-04-09,54.11,54.22,53.63,53.87,572400
2015-04-10,54.13,54.24,53.71,54.18,866100
2015-04-13,54.38,54.45,53.62,53.69,733300
2015-04-14,53.63,54.02,53.5,54.0099983,574300
2015-04-15,54.07,54.3,53.9,53.93,686400
2015-04-16,53.9,54.13,53.19,53.87,710400
2015-04-17,53.73,53.99,53.42,53.6,678800
2015-04-20,53.69,54.8,53.69,54.12,1031100
2015-04-21,54.42,54.79,53.78,53.88,662300
2015-04-22,54.17,54.29,53.68,54.26,511800
2015-04-23,54.31,54.9,54.14,54.63,522200
2015-04-24,54.82,55.67,54.65,55.45,786600
2015-04-27,55.55,55.59,54.36,54.61,891900
2015-04-28,54.47,55.31,54.27,55.040001,737700
2015-04-29,54.71,55.19,54.38,55.049999,780600
2015-04-30,54.91,55.049999,54.07,54.52,1038500
2015-05-01,54.61,54.76,53.91,54.3,956300
2015-05-04,54.34,54.99,54.3,54.62,609900
2015-05-05,54.37,54.56,53.32,53.46,650600
2015-05-06,53.59,53.9,52.69,53.060001,1016200
2015-05-07,52.94,53.46,52.55,52.99,932300
2015-05-08,53.36,53.59,52.84,52.98,1003400
2015-05-11,53.040001,53.26,52.46,52.72,968500
2015-05-12,52.62,52.78,52.2,52.46,976800
2015-05-13,52.69,53.0,52.15,52.23,639000
2015-05-14,52.49,53.0,52.33,52.99,761400
2015-05-15,53.13,53.67,53.02,53.65,1017000
2015-05-18,53.42,54.23,53.14,53.86,2025800
2015-05-19,53.85,53.94,53.49,53.66,601200
2015-05-20,53.63,53.92,53.35,53.44,709400
2015-05-21,53.5,53.56,53.17,53.39,821400
2015-05-22,53.38,53.38,52.82,52.91,867500
2015-05-26,52.71,52.99,52.4,52.82,697600
2015-05-27,52.99,53.37,52.78,53.21,623800
2015-05-28,53.02,53.43,52.53,52.71,1336000
2015-05-29,52.67,53.14,52.62,52.87,1205800
2015-06-01,52.9,53.22,52.64,52.85,635000
2015-06-02,52.62,52.79,52.0,52.28,819000
2015-06-03,52.29,52.43,51.47,51.68,821900
2015-06-04,51.53,51.91,51.5,51.72,824200
2015-06-05,51.15,51.22,50.56,50.79,836200
2015-06-08,51.18,51.43,50.89,51.080002,1019000
2015-06-09,51.14,51.59,50.87,51.0,995000
2015-06-10,51.060001,51.41,50.73,50.76,1060700
2015-06-11,50.86,51.099998,50.62,50.93,990800
2015-06-12,50.75,50.88,50.42,50.5,647300
2015-06-15,50.42,50.57,49.4,49.72,1319800
2015-06-16,49.57,49.94,49.15,49.35,1710900
2015-06-17,49.44,49.91,49.31,49.57,1254700
2015-06-18,49.64,50.62,49.56,50.45,1191300
2015-06-19,50.86,50.89,50.3,50.31,1358000
2015-06-22,50.53,50.79,50.029999,50.28,1012300
2015-06-23,50.42,50.5,49.75,50.02,1008400
2015-06-24,49.82,50.080002,49.57,49.7,798800
2015-06-25,49.89,49.92,49.29,49.37,672200
2015-06-26,49.4,49.73,49.15,49.7,675000
2015-06-29,49.27,49.73,48.9,48.93,781900
2015-06-30,49.24,49.42,48.36,48.63,1375700
2015-07-01,48.77,49.28,48.52,49.17,812600
2015-07-02,49.54,49.87,49.51,49.85,698700
2015-07-06,49.78,50.21,49.68,50.21,1562700
2015-07-07,50.25,51.24,50.23,51.080002,1176000
2015-07-08,50.9,51.28,50.57,51.18,922700
2015-07-09,51.43,51.44,50.0099983,50.18,1437500
2015-07-10,50.29,51.060001,50.0099983,50.79,834300
2015-07-13,51.07,51.32,50.71,50.99,595500
2015-07-14,51.23,51.44,50.97,51.19,710700
2015-07-15,51.22,51.28,50.92,51.25,597900
2015-07-16,51.44,51.94,51.2,51.78,560500
2015-07-17,51.84,51.91,51.31,51.31,695300
2015-07-20,51.31,51.6,51.0,51.36,617700
2015-07-21,51.29,51.41,50.63,50.76,592600
2015-07-22,50.63,51.34,50.63,51.14,550500
2015-07-23,51.11,51.34,50.24,50.44,643400
2015-07-24,50.46,51.040001,50.43,50.94,603400
2015-07-27,50.89,51.72,50.78,51.61,794700
2015-07-28,51.51,51.74,51.080002,51.48,747000
2015-07-29,51.37,51.74,51.14,51.71,518200
2015-07-30,51.57,51.97,51.44,51.59,537400
2015-07-31,51.96,52.44,51.63,51.91,523900
2015-08-03,51.92,52.43,51.84,52.080002,684700
2015-08-04,52.07,52.15,51.17,51.23,603900
2015-08-05,51.52,52.099998,51.35,51.6,666800
2015-08-06,50.91,51.85,50.58,51.77,1016500
2015-08-07,51.65,52.55,51.37,52.31,689700
2015-08-10,52.31,52.7,52.099998,52.26,529000
2015-08-11,52.38,53.13,52.14,53.12,839700
2015-08-12,52.74,53.84,52.6,53.74,934800
2015-08-13,53.64,54.45,53.56,54.18,956300
2015-08-14,53.97,54.31,53.84,54.29,635900
2015-08-17,54.4,54.81,54.26,54.68,697900
2015-08-18,54.5,54.79,54.080002,54.63,590300
2015-08-19,54.35,54.87,54.15,54.8,557600
2015-08-20,54.42,54.85,53.9,54.19,1029300
2015-08-21,53.59,54.44,53.59,54.02,1036200
2015-08-24,52.22,52.98,50.16,51.93,1924800
2015-08-25,52.74,53.040001,51.35,51.35,1783400
2015-08-26,51.88,52.29,50.54,52.14,1448100
2015-08-27,52.67,53.18,52.21,53.14,1016000
2015-08-28,53.02,53.27,52.55,53.0099983,1142700
2015-08-31,52.74,52.74,51.61,51.94,827800
2015-09-01,51.76,51.93,50.82,51.060001,895600
2015-09-02,51.58,51.75,50.88,51.41,1063400
2015-09-03,51.46,52.42,51.44,52.21,1256300
2015-09-04,51.67,51.86,50.91,51.11,1210200
2015-09-08,51.58,52.040001,51.41,51.69,889200
2015-09-09,51.98,52.0099983,51.14,51.21,983400
2015-09-10,51.32,51.67,50.95,51.11,994100
2015-09-11,50.89,51.98,50.74,51.96,662500
2015-09-14,52.0,52.43,51.88,52.24,967400
2015-09-15,52.36,52.61,52.09,52.48,467400
2015-09-16,52.49,52.95,52.47,52.84,568800
2015-09-17,52.77,53.77,52.75,53.32,911500
2015-09-18,52.95,53.95,52.8,53.5,1000600
2015-09-21,53.6,54.07,53.54,53.68,699400
2015-09-22,53.3,53.71,53.2,53.58,786400
2015-09-23,53.52,54.14,53.44,53.9,908800
2015-09-24,53.64,54.68,53.58,54.37,793500
2015-09-25,54.5,55.63,54.38,54.89,1542900
2015-09-28,54.86,54.99,53.99,54.09,962400
2015-09-29,53.87,54.27,53.67,54.19,874900
2015-09-30,54.55,55.099998,54.38,55.080002,1109500
2015-10-01,55.02,55.31,54.62,55.27,925200
2015-10-02,55.33,55.67,54.68,55.63,1192000
2015-10-05,55.69,56.22,55.55,56.07,1180100
2015-10-06,56.080002,56.14,55.56,55.62,625000
2015-10-07,55.74,55.86,55.19,55.35,778500
2015-10-08,55.37,56.84,55.14,56.84,1143500
2015-10-09,56.82,57.12,56.51,56.87,964100
2015-10-12,56.94,57.77,56.83,57.45,639900
2015-10-13,57.33,57.77,57.18,57.69,1022500
2015-10-14,57.67,58.15,56.97,57.14,1206800
2015-10-15,56.28,58.21,56.029999,58.21,1159700
2015-10-16,58.25,58.63,57.93,58.38,951600
2015-10-19,58.36,58.97,58.3,58.95,1093300
2015-10-20,58.78,59.2,58.58,58.6,820000
2015-10-21,58.84,59.07,57.88,57.94,1188400
2015-10-22,58.080002,58.71,58.080002,58.46,1042200
2015-10-23,58.46,58.51,57.45,57.63,829500
2015-10-26,57.75,58.27,57.52,58.2,492300
2015-10-27,58.09,58.29,57.78,57.93,692500
2015-10-28,57.96,58.4,57.040001,57.73,719100
2015-10-29,57.37,57.73,56.34,57.080002,1025400
2015-10-30,57.19,57.89,57.0099983,57.36,737200
2015-11-02,57.58,57.91,56.96,57.31,697500
2015-11-03,57.23,57.98,56.92,57.73,1000100
2015-11-04,57.71,57.98,57.35,57.98,1076500
2015-11-05,58.040001,58.38,57.28,58.19,965900
2015-11-06,57.93,58.22,55.13,55.44,1153400
2015-11-09,55.33,55.89,55.16,55.79,907800
2015-11-10,55.72,56.66,55.59,56.63,636000
2015-11-11,56.66,57.17,56.53,56.89,555900
2015-11-12,56.75,57.54,56.34,56.47,479000
2015-11-13,56.37,56.83,55.94,56.0099983,450000
2015-11-16,56.0,56.85,55.77,56.83,470500
2015-11-17,56.76,56.92,55.99,56.049999,643800
2015-11-18,56.14,57.12,56.0,57.060001,579400
2015-11-19,57.080002,57.49,57.02,57.27,519400
2015-11-20,57.31,57.9,57.21,57.4,457500
2015-11-23,57.5,57.87,57.34,57.47,623000
2015-11-24,57.16,57.36,56.5,56.88,1067700
2015-11-25,56.98,57.18,56.74,57.02,617600
2015-11-27,57.16,58.049999,57.13,58.049999,556600
2015-11-30,57.97,58.4,57.5,57.76,1444800
2015-12-01,57.73,58.44,57.38,57.87,942400
2015-12-02,57.64,57.87,56.96,57.15,659900
2015-12-03,57.23,57.46,56.96,57.41,688300
2015-12-04,57.44,58.040001,57.42,58.0099983,702900
2015-12-07,57.75,58.41,57.59,58.4,783000
2015-12-08,58.029999,58.7,57.88,58.45,962900
2015-12-09,57.96,58.76,57.86,57.91,917900
2015-12-10,58.02,58.060001,56.63,56.77,1043300
2015-12-11,56.74,57.17,56.4,56.72,751800
2015-12-14,56.7,57.13,56.49,56.72,1170700
2015-12-15,56.74,57.48,56.74,57.19,1127200
2015-12-16,57.53,58.92,57.53,58.79,1195600
2015-12-17,58.82,59.78,58.62,59.29,1886000
2015-12-18,59.17,59.95,58.24,59.55,2238900
2015-12-21,59.61,59.62,58.060001,58.27,1134600
2015-12-22,58.58,59.12,57.97,59.029999,1020300
2015-12-23,59.24,59.75,59.16,59.57,782200
2015-12-24,59.42,60.080002,59.42,59.83,383300
2015-12-28,59.72,60.65,59.7,60.61,908800
2015-12-29,60.75,61.2,60.57,60.6,724700
2015-12-30,60.84,60.95,60.32,60.45,476600
2015-12-31,60.38,60.53,59.58,59.75,538500
2016-01-04,59.68,60.59,59.68,60.32,1518500
2016-01-05,60.35,60.46,59.38,60.15,1317700
2016-01-06,59.66,60.32,59.47,59.89,824000
2016-01-07,59.17,59.7,58.9,59.44,1016700
2016-01-08,59.63,60.28,59.52,59.67,689900
2016-01-11,60.080002,60.56,59.78,60.25,730600
2016-01-12,60.41,60.51,59.25,60.19,915300
2016-01-13,60.51,60.7,59.86,60.09,782700
2016-01-14,60.029999,61.24,59.99,60.88,946700
2016-01-15,60.46,60.81,59.0099983,60.48,968300
2016-01-19,60.61,61.36,60.47,61.0099983,1087200
2016-01-20,61.0099983,61.3,59.41,60.62,1884500
2016-01-21,60.69,60.89,60.029999,60.25,1275600
2016-01-22,60.75,62.95,60.36,62.44,1272100
2016-01-25,62.76,62.95,61.31,61.44,1055900
2016-01-26,61.74,62.51,61.51,62.35,999900
2016-01-27,62.35,62.91,61.96,62.44,874900
2016-01-28,62.75,63.93,62.47,63.45,869500
2016-01-29,64.010002,65.040001,63.61,64.91,1391600
2016-02-01,64.69,65.63,64.69,65.029999,1292400
2016-02-02,65.13,65.53,64.21,65.36,1031700
2016-02-03,65.83,66.46,65.5,65.88,1164500
2016-02-04,65.31,65.34,63.71,63.93,1964200
2016-02-05,63.61,63.97,63.16,63.72,1306400
2016-02-08,63.72,64.33,63.25,64.29,1005700
2016-02-09,64.14,66.010002,64.14,65.72,1752500
2016-02-10,66.0,66.74,65.67,66.68,1556800
2016-02-11,66.39,66.78,65.45,66.080002,1898200
2016-02-12,66.080002,66.37,64.93,65.080002,1489100
2016-02-16,65.59,65.59,63.63,65.15,1709200
2016-02-17,65.51,65.51,64.41,64.71,1837100
2016-02-18,64.74,66.32,64.65,65.81,1649200
2016-02-19,65.43,66.36,65.31,65.77,996100
2016-02-22,66.21,66.43,65.86,66.27,668900
2016-02-23,66.11,66.86,66.11,66.67,865900
2016-02-24,66.76,66.95,66.07,66.69,1178900
2016-02-25,67.6,68.49,67.13,68.050003,1350600
2016-02-26,67.66,67.66,64.66,64.81,2436800
2016-02-29,64.71,66.029999,64.65,64.82,1427100
2016-03-01,65.099998,65.84,64.93,65.3,1120500
2016-03-02,68.25,69.029999,67.059998,68.76,13574700
2016-03-03,68.57,68.63,67.41,67.9,33567100
2016-03-04,67.55,67.9,66.63,67.87,3304500
2016-03-07,67.73,67.84,67.019997,67.34,2151500
2016-03-08,67.34,68.63,67.099998,68.37,2352600
2016-03-09,68.27,68.98,68.080002,68.69,1495500
2016-03-10,68.7,68.98,67.87,68.23,1711900
2016-03-11,68.75,68.99,67.84,68.11,2025700
2016-03-14,67.96,68.35,67.64,68.0,1498700
2016-03-15,67.68,68.97,67.68,68.59,1430400
2016-03-16,68.4,69.0,67.55,68.9,1543700
2016-03-17,68.89,70.099998,68.6,69.97,1990300
2016-03-18,69.99,70.019997,68.0,68.010002,3278800
2016-03-21,68.010002,68.35,67.45,67.55,2150400
2016-03-22,67.55,67.9,67.36,67.61,1692700
2016-03-23,67.82,67.9,67.32,67.55,1038500
2016-03-24,67.68,67.98,67.33,67.63,1575900
2016-03-28,67.49,68.18,67.019997,67.14,1208300
2016-03-29,67.17,68.85,67.17,68.72,1528900
2016-03-30,68.65,68.92,68.15,68.61,1000200
2016-03-31,68.75,69.4,68.47,68.93,1404200
2016-04-01,68.84,69.69,68.79,69.5,1313900
2016-04-04,69.5,69.83,68.95,69.62,1231900
2016-04-05,69.57,69.82,68.99,69.050003,1655700
2016-04-06,69.0,69.51,68.66,69.5,1379800
2016-04-07,69.4,70.18,69.23,69.8,1664100
2016-04-08,69.75,70.62,69.75,70.38,1079000
2016-04-11,70.69,70.82,70.019997,70.099998,923400
2016-04-12,70.099998,70.45,69.66,70.39,870700
2016-04-13,70.77,70.77,69.62,70.39,871100
2016-04-14,70.17,70.51,70.050003,70.44,835300
2016-04-15,70.3,71.43,70.3,71.26,1438400
2016-04-18,71.23,71.72,70.71,71.7,940400
2016-04-19,71.7,72.21,71.29,72.2,876800
2016-04-20,72.3,72.4,70.83,70.88,1171200
2016-04-21,70.58,70.59,68.089996,68.26,2645300
2016-04-22,68.4,69.44,68.4,69.24,1524500
2016-04-25,70.2,70.8,69.76,70.8,1618600
2016-04-26,70.89,71.75,70.82,71.41,1280300
2016-04-27,71.63,72.37,71.12,72.17,1141700
2016-04-28,71.65,72.66,71.51,72.39,956000
2016-04-29,72.080002,72.88,71.5,72.76,1439200
2016-05-02,73.099998,74.27,72.66,74.19,1578500
2016-05-03,74.24,74.59,73.54,73.93,1372900
2016-05-04,73.8,74.89,73.27,74.45,1409000
2016-05-05,73.89,74.88,72.86,73.2,1578600
2016-05-06,73.18,74.099998,72.55,74.019997,1583700
2016-05-09,74.19,74.49,73.94,74.29,1276500
2016-05-10,74.41,74.67,74.07,74.51,935800
2016-05-11,74.6,74.72,73.87,74.52,975200
2016-05-12,74.54,75.099998,74.17,74.94,1093900
2016-05-13,74.64,75.029999,74.19,74.71,713700
2016-05-16,74.39,75.25,74.25,75.2,862000
2016-05-17,75.050003,75.2,72.83,73.33,1469000
2016-05-18,72.91,73.99,71.93,72.64,1460900
2016-05-19,72.58,73.41,72.15,73.4,908000
2016-05-20,73.6,73.87,72.96,73.41,3491900
2016-05-23,73.63,73.88,73.089996,73.15,881300
2016-05-24,73.45,74.040001,73.019997,73.98,1232200
2016-05-25,74.099998,74.54,73.080002,73.28,1289600
2016-05-26,73.43,74.099998,73.0,73.98,1148900
2016-05-27,73.97,74.22,73.48,74.12,956800
2016-05-31,74.17,74.58,73.84,74.099998,1755200
2016-06-01,74.059998,75.24,73.95,75.24,1044600
2016-06-02,75.24,75.24,74.19,75.2,966700
2016-06-03,75.84,76.75,75.82,76.46,1017400
2016-06-06,76.040001,76.33,75.5,75.83,1038900
2016-06-07,75.69,76.37,75.57,75.97,809100
2016-06-08,75.87,76.75,75.69,76.71,796100
2016-06-09,76.49,77.56,76.18,77.47,837800
2016-06-10,77.099998,77.76,77.019997,77.5,839900
2016-06-13,77.6,78.099998,77.48,77.66,996000
2016-06-14,77.32,78.029999,77.0,78.019997,1188800
2016-06-15,78.25,78.52,77.15,77.81,948200
2016-06-16,77.83,78.75,77.83,78.68,1129800
2016-06-17,78.54,78.79,77.5,78.17,2037500
2016-06-20,78.25,78.25,76.75,77.6,1999400
2016-06-21,77.8,78.55,77.36,78.15,1250800
2016-06-22,78.25,78.5,77.82,78.26,908700
2016-06-23,78.5,78.94,78.080002,78.94,922000
2016-06-24,77.68,80.89,77.68,79.93,2603000
2016-06-27,80.2,82.010002,80.029999,81.71,1957000
2016-06-28,82.33,82.57,80.76,82.12,1654800
2016-06-29,82.76,83.19,82.040001,82.32,1544600
2016-06-30,82.59,84.54,82.4,84.51,1951800
2016-07-01,84.81,85.099998,83.080002,84.099998,1045300
2016-07-05,84.099998,85.24,83.8,84.76,1303100
2016-07-06,83.9,84.41,83.029999,84.07,1790200
2016-07-07,83.7,83.85,82.33,82.58,2064400
2016-07-08,82.19,83.39,81.5,83.36,1724500
2016-07-11,83.21,83.21,82.36,82.76,1753600
2016-07-12,82.51,82.76,81.2,81.29,1933700
2016-07-13,81.82,82.18,81.61,82.0,1391600
2016-07-14,81.51,81.88,81.2,81.73,1174000
2016-07-15,81.86,82.44,81.51,81.59,864600
2016-07-18,81.6,81.95,81.37,81.45,1456200
2016-07-19,81.61,81.76,81.21,81.72,1168200
2016-07-20,81.8,81.99,81.33,81.59,885000
2016-07-21,81.38,81.38,80.46,81.15,1731000
2016-07-22,81.37,83.0,81.37,82.84,1385300
2016-07-25,82.96,83.029999,82.34,82.83,797300
2016-07-26,82.99,83.21,82.010002,82.23,902100
2016-07-27,81.97,82.21,80.63,81.47,1322200
2016-07-28,81.4,82.37,81.24,82.059998,914700
2016-07-29,82.0,82.99,82.0,82.58,927900
2016-08-01,82.5,83.0,82.32,82.84,787500
2016-08-02,82.59,82.75,81.86,82.07,913000
2016-08-03,82.13,82.3,81.029999,81.17,1069000
2016-08-04,80.62,80.97,79.74,80.15,1391200
2016-08-05,80.31,80.36,78.19,78.48,2435500
2016-08-08,78.42,79.13,77.54,77.65,1857200
2016-08-09,77.74,77.95,77.13,77.74,1500500
2016-08-10,77.75,78.17,77.51,78.11,1073200
2016-08-11,78.11,78.33,77.37,77.83,1266300
2016-08-12,78.32,78.53,77.69,77.76,1121500
2016-08-15,77.79,78.13,76.53,76.54,1078800
2016-08-16,76.41,76.41,75.35,75.53,1312800
2016-08-17,75.63,77.040001,74.76,76.96,1687000
2016-08-18,76.85,77.44,76.74,77.4,1266500
2016-08-19,77.12,77.25,75.96,76.44,980200
2016-08-22,76.51,77.010002,76.37,76.63,740800
2016-08-23,76.59,76.95,76.48,76.49,964800
2016-08-24,76.37,76.5,75.63,76.26,663300
2016-08-25,76.25,76.81,76.22,76.27,608000
2016-08-26,76.32,76.94,74.75,74.8,1296600
2016-08-29,75.11,75.86,75.0,75.43,1420500
2016-08-30,75.5,75.81,73.94,74.029999,1129700
2016-08-31,74.0,74.17,73.44,73.99,1164800
2016-09-01,73.73,73.95,73.29,73.36,1143500
2016-09-02,73.49,74.84,73.38,74.8,1477800
2016-09-06,74.93,76.14,74.93,75.9,1265900
2016-09-07,75.77,76.2,75.17,76.0,894400
2016-09-08,75.7,76.31,75.43,75.73,720200
2016-09-09,75.040001,75.21,72.49,72.49,1523400
2016-09-12,72.38,73.82,72.12,73.49,1212700
2016-09-13,73.34,73.64,72.72,72.96,1242100
2016-09-14,73.099998,73.94,72.78,73.27,1296700
2016-09-15,73.22,73.87,73.12,73.72,892600
2016-09-16,73.57,74.56,73.57,74.33,1876200
2016-09-19,74.68,75.26,74.53,75.18,816600
2016-09-20,75.68,76.059998,75.14,75.15,910900
2016-09-21,75.25,76.85,75.12,76.77,1186100
2016-09-22,77.11,77.52,76.91,77.36,1015700
2016-09-23,77.8,77.8,76.48,76.49,1116800
2016-09-26,76.55,77.14,76.2,76.68,662700
2016-09-27,76.95,77.42,76.019997,76.15,876000
2016-09-28,76.23,76.39,75.57,76.23,772900
2016-09-29,75.89,76.010002,74.76,74.98,939100
2016-09-30,75.51,75.72,74.51,74.84,1738900
2016-10-03,74.63,74.86,73.83,74.059998,1080100
2016-10-04,73.85,74.18,71.31,71.91,1789900
2016-10-05,72.080002,72.48,71.12,71.17,1219900
2016-10-06,71.17,71.39,70.56,71.2,1466900
2016-10-07,71.78,72.21,70.61,70.64,1031100
2016-10-10,70.83,71.6,70.82,71.38,855100
2016-10-11,71.099998,71.099998,70.12,70.49,916800
2016-10-12,70.49,71.47,70.47,71.29,839700
2016-10-13,71.4,72.3,71.17,71.76,748200
2016-10-14,71.76,72.49,71.46,71.73,866900
2016-10-17,71.93,72.2,71.63,71.74,538100
2016-10-18,72.23,72.69,71.5,72.42,954600
2016-10-19,72.19,72.31,70.93,71.66,1141100
2016-10-20,71.75,72.19,71.51,71.75,664200
2016-10-21,71.27,71.85,71.2,71.59,594500
2016-10-24,71.82,72.18,71.61,72.089996,846700
2016-10-25,71.98,72.7,71.67,72.64,713600
2016-10-26,72.59,72.87,72.17,72.51,729400
2016-10-27,72.4,72.55,71.87,72.32,872600
2016-10-28,72.46,72.87,72.089996,72.53,739500
2016-10-31,72.81,74.49,72.67,74.040001,1371900
2016-11-01,74.050003,74.050003,72.91,73.050003,1169400
2016-11-02,72.99,73.0,71.78,72.49,1063500
2016-11-03,71.58,72.41,71.32,72.089996,958600
2016-11-04,72.36,72.55,70.58,70.59,1184600
2016-11-07,70.65,71.36,69.74,71.35,871900
2016-11-08,71.48,72.83,71.48,72.42,803600
2016-11-09,73.52,73.61,71.99,72.25,1735600
2016-11-10,72.11,72.18,69.41,71.029999,2342400
2016-11-11,70.87,72.4,70.87,71.28,1038200
2016-11-14,71.019997,71.45,69.79,70.61,1231000
2016-11-15,71.14,71.82,70.94,71.62,1181800
2016-11-16,71.65,72.12,70.82,71.95,1153700
2016-11-17,71.73,72.28,71.5,71.79,921100
2016-11-18,71.75,72.26,71.4,71.83,995500
2016-11-21,72.099998,72.51,71.76,72.44,829300
2016-11-22,72.64,74.31,72.099998,74.14,984100
2016-11-23,73.6,74.31,72.19,72.49,902000
2016-11-25,72.64,74.48,72.64,74.36,550200
2016-11-28,74.67,75.62,74.65,74.9,955400
2016-11-29,74.85,76.12,74.81,75.98,978300
2016-11-30,75.55,75.55,72.46,72.47,1517100
2016-12-01,72.029999,72.4,70.93,71.72,1005800
2016-12-02,72.23,72.84,72.07,72.52,1142600
2016-12-05,72.13,72.55,70.98,72.52,845000
2016-12-06,72.5,72.84,71.96,72.22,1067900
2016-12-07,72.38,73.029999,72.24,72.66,1056200
2016-12-08,72.12,73.13,71.59,73.050003,961400
2016-12-09,73.16,73.25,72.38,73.019997,987400
2016-12-12,72.5,73.75,72.5,73.74,1108600
2016-12-13,73.7,74.57,73.7,74.15,1257600
2016-12-14,74.54,74.88,71.87,71.94,1171800
2016-12-15,71.89,72.32,71.51,71.98,1179500
2016-12-16,72.45,73.089996,71.92,72.88,2626000
2016-12-19,73.089996,73.52,72.31,73.31,795200
2016-12-20,73.51,74.32,73.010002,73.19,1193700
2016-12-21,73.36,73.97,72.78,72.8,922600
2016-12-22,72.83,73.17,72.33,72.44,799400
2016-12-23,72.66,73.089996,72.51,72.95,393400
2016-12-27,72.75,73.19,72.58,73.080002,507900
2016-12-28,73.12,73.22,71.9,71.98,595200
2016-12-29,71.98,72.79,71.76,72.72,794200
2016-12-30,72.66,72.89,72.029999,72.36,775400
2017-01-03,72.37,72.45,71.51,72.25,806300
2017-01-04,72.49,73.0,72.16,72.81,640000
2017-01-05,72.69,73.21,71.72,72.93,763100
2017-01-06,72.65,73.07,72.45,72.84,919700
2017-01-09,72.88,73.0,71.19,71.35,794100
2017-01-10,71.21,71.25,70.52,70.72,1087800
2017-01-11,70.66,71.25,70.32,70.57,945600
2017-01-12,70.6,70.87,69.96,70.69,949100
2017-01-13,70.62,71.050003,70.4,70.82,589500
2017-01-17,71.11,72.33,71.010002,72.07,957300
2017-01-18,72.010002,72.64,71.57,72.6,1361100
2017-01-19,71.81,72.52,71.73,71.87,834300
2017-01-20,71.82,72.4,71.58,71.93,813000
2017-01-23,72.010002,72.21,71.48,71.77,743500
2017-01-24,71.77,72.0,71.31,71.91,819100
2017-01-25,71.44,71.88,71.0,71.72,1202100
2017-01-26,71.67,72.43,71.5,72.19,941300
2017-01-27,72.3,72.5,72.010002,72.31,869300
2017-01-30,71.92,72.36,71.55,71.91,1073900
2017-01-31,71.95,73.47,71.89,73.44,1062500
2017-02-01,72.91,72.92,71.63,71.8,1315400
2017-02-02,71.91,73.040001,71.76,72.99,1099100
2017-02-03,72.69,72.97,72.07,72.41,736100
2017-02-06,72.54,72.54,71.89,72.089996,857500
2017-02-07,72.050003,72.23,71.7,72.089996,783500
2017-02-08,72.23,73.15,71.94,72.93,790800
2017-02-09,72.93,73.12,72.46,72.85,716200
2017-02-10,72.87,73.47,72.55,73.46,701200
2017-02-13,73.38,73.7,72.98,73.22,650300
2017-02-14,72.92,73.22,72.53,72.81,777100
2017-02-15,72.47,73.040001,71.89,73.010002,670200
2017-02-16,73.12,73.73,73.010002,73.44,625400
2017-02-17,73.44,74.019997,73.16,73.81,2662800
2017-02-21,73.81,74.44,73.63,74.38,1024800
2017-02-22,75.0,75.24,73.050003,74.92,1212700
2017-02-23,75.010002,75.75,74.98,75.57,993400
2017-02-24,75.71,76.69,75.71,76.3,866200
2017-02-27,76.22,76.75,75.78,76.45,830300
2017-02-28,76.49,78.73,76.27,78.0,1766400
2017-03-01,77.040001,78.44,76.88,77.66,1647600
2017-03-02,77.54,78.11,77.050003,77.84,1341000
2017-03-03,77.88,78.080002,77.029999,77.34,914700
2017-03-06,77.23,77.59,77.059998,77.3,752600
2017-03-07,77.3,77.48,76.85,76.89,692500
2017-03-08,76.32,76.34,75.25,75.47,650600
2017-03-09,75.49,75.92,75.089996,75.28,557500
2017-03-10,75.81,76.17,75.29,75.92,597200
2017-03-13,76.0,76.43,75.92,76.089996,674700
2017-03-14,76.0,76.45,75.83,76.010002,367800
2017-03-15,75.52,77.46,75.24,77.22,760600
2017-03-16,76.9,77.040001,75.66,75.74,843800
2017-03-17,75.66,76.72,75.57,76.2,1876600
2017-03-20,76.4,76.43,75.51,75.93,522400
2017-03-21,76.0,76.78,75.53,76.49,801300
2017-03-22,76.86,77.44,76.86,77.16,859600
2017-03-23,77.0,77.58,76.29,76.49,647700
2017-03-24,76.63,77.23,76.3,77.089996,571900
2017-03-27,77.58,77.67,76.41,76.84,877600
2017-03-28,76.71,77.28,76.44,77.19,951600
2017-03-29,77.07,77.35,76.47,77.17,1035500
2017-03-30,77.050003,77.19,76.32,77.0,949600
2017-03-31,77.089996,78.050003,77.059998,77.77,1453700
2017-04-03,77.59,77.75,76.73,77.14,915900
2017-04-04,77.26,77.97,77.099998,77.72,735800
2017-04-05,77.7,78.51,77.36,78.29,896600
2017-04-06,78.059998,78.29,77.34,77.94,684900
2017-04-07,78.029999,78.48,77.85,77.9,540400
2017-04-10,78.0,78.089996,77.48,78.019997,487400
2017-04-11,77.94,78.5,77.75,78.3,657300
2017-04-12,78.37,78.84,78.11,78.82,1039300
2017-04-13,78.79,78.95,78.13,78.57,581100
2017-04-17,78.6,79.23,78.57,79.16,788000
2017-04-18,79.22,79.64,79.019997,79.5,660800
2017-04-19,79.48,79.69,79.010002,79.32,723300
2017-04-20,79.32,79.32,78.36,79.17,874000
2017-04-21,79.28,80.64,79.21,80.51,1126100
2017-04-24,80.51,81.26,80.28,80.77,1101400
2017-04-25,80.5,81.099998,80.5,80.97,731800
2017-04-26,80.52,80.63,79.64,80.23,1104600
2017-04-27,80.34,81.49,80.34,80.41,913300
2017-04-28,80.35,80.69,79.56,79.76,1082800
2017-05-01,79.83,80.050003,78.9,78.99,769900
2017-05-02,79.11,79.58,78.83,79.11,1298600
2017-05-03,78.74,78.74,77.56,77.7,1254900
2017-05-04,76.44,77.16,75.27,75.68,1845900
2017-05-05,76.059998,76.86,75.8,76.65,1069200
2017-05-08,76.87,77.4,76.32,76.57,1331000
2017-05-09,76.26,76.42,75.16,75.3,1409200
2017-05-10,75.27,75.92,75.16,75.68,1121200
2017-05-11,75.44,75.77,74.85,75.72,749300
2017-05-12,75.71,76.69,75.51,76.31,1078000
2017-05-15,76.22,76.74,76.13,76.5,798700
2017-05-16,76.69,76.77,75.7,75.85,1084900
2017-05-17,75.85,75.85,74.88,75.55,983400
2017-05-18,75.66,75.95,74.63,75.25,1253600
2017-05-19,75.4,75.92,74.84,75.86,560800
2017-05-22,75.52,76.47,75.5,76.37,796700
2017-05-23,76.21,77.0,76.21,76.57,685400
2017-05-24,76.51,77.14,76.49,77.040001,536900
2017-05-25,77.040001,77.85,76.72,77.73,630800
2017-05-26,77.9,77.97,77.32,77.53,703100
2017-05-30,77.46,78.0,77.14,77.77,840900
2017-05-31,77.62,78.37,77.6,78.18,1145600
2017-06-01,78.29,78.85,77.95,78.8,571400
2017-06-02,79.0,79.49,78.73,79.0,692700
2017-06-05,78.88,79.25,78.75,78.81,536000
2017-06-06,79.029999,79.24,78.64,78.75,612500
2017-06-07,78.94,79.53,78.86,79.36,869300
2017-06-08,79.36,79.36,78.11,78.69,1023500
2017-06-09,78.62,79.3,78.39,79.26,530700
2017-06-12,79.28,80.17,79.24,79.7,801600
2017-06-13,79.66,80.32,79.58,80.18,645900
2017-06-14,80.83,81.71,80.54,81.32,758400
2017-06-15,81.099998,82.14,81.099998,82.059998,817700
2017-06-16,82.15,82.89,81.83,82.63,1664300
2017-06-19,82.74,82.79,81.14,81.33,794900
2017-06-20,81.44,81.53,80.95,81.29,477400
2017-06-21,81.12,81.23,80.26,80.71,558200
2017-06-22,80.75,81.36,80.26,81.099998,582000
2017-06-23,80.94,81.57,80.9,81.13,1010700
2017-06-26,81.13,82.0,81.010002,81.21,869700
2017-06-27,80.93,81.12,79.8,80.07,792200
2017-06-28,80.43,80.57,79.6,79.65,771900
2017-06-29,79.2,79.35,77.73,78.099998,1453900
2017-06-30,78.099998,78.78,77.85,77.95,993000
2017-07-03,78.25,78.54,77.87,78.07,381800
2017-07-05,78.07,78.24,77.5,77.91,605700
2017-07-06,77.74,78.11,77.37,77.6,577900
2017-07-07,77.79,78.23,77.53,77.76,659000
2017-07-10,78.019997,78.26,77.78,77.87,623000
2017-07-11,77.95,78.059998,77.36,77.75,486700
2017-07-12,78.45,79.12,78.35,78.52,785700
2017-07-13,78.55,78.62,77.69,77.76,672000
2017-07-14,78.33,78.98,78.12,78.64,768000
2017-07-17,78.64,79.35,78.37,79.32,695900
2017-07-18,79.34,79.93,79.22,79.67,692800
2017-07-19,79.83,80.14,79.55,80.019997,418300
2017-07-20,80.36,81.25,80.15,81.0,702700
2017-07-21,81.080002,81.92,80.87,81.92,585200
2017-07-24,81.69,81.69,80.91,80.93,521000
2017-07-25,80.93,81.12,80.47,80.76,468400
2017-07-26,80.56,81.46,80.44,81.35,307800
2017-07-27,81.35,81.38,80.19,80.8,623200
2017-07-28,80.87,81.15,80.5,81.050003,495500
2017-07-31,81.040001,81.36,80.55,81.099998,775000
2017-08-01,81.22,81.6,80.91,81.38,599400
2017-08-02,81.07,82.11,80.84,82.0,870400
2017-08-03,81.25,81.55,79.77,80.65,1203800
2017-08-04,80.65,81.38,80.64,81.080002,772500
2017-08-07,80.91,81.69,80.68,81.39,716700
2017-08-08,81.17,81.59,80.98,81.31,585700
2017-08-09,81.28,81.88,81.010002,81.68,891400
2017-08-10,81.47,81.78,81.14,81.36,595500
2017-08-11,81.21,81.25,80.25,80.72,497200
2017-08-14,80.81,81.41,80.44,81.33,763600
2017-08-15,81.050003,81.87,80.91,81.76,609100
2017-08-16,81.62,82.18,81.51,81.59,689900
2017-08-17,81.59,82.0,81.26,81.33,604700
2017-08-18,81.2,81.98,80.97,81.44,730300
2017-08-21,81.61,82.13,81.52,82.080002,526800
2017-08-22,82.15,82.31,81.76,82.19,543800
2017-08-23,82.19,82.19,81.67,81.8,675500
2017-08-24,81.94,82.010002,81.34,81.67,1160100
2017-08-25,81.95,82.38,81.75,81.96,457300
2017-08-28,82.099998,82.31,81.82,82.0,551500
2017-08-29,82.0,82.099998,81.33,81.36,630600
2017-08-30,81.3,81.38,80.59,80.85,1156100
2017-08-31,80.98,81.29,80.53,80.9,1195300
2017-09-01,81.07,81.17,80.64,80.83,414900
2017-09-05,80.86,80.91,80.22,80.82,784800
2017-09-06,81.07,81.07,80.39,80.85,662300
2017-09-07,81.0,81.72,80.87,81.5,568300
2017-09-08,81.37,82.0,80.89,81.96,463800
2017-09-11,81.95,83.059998,81.95,82.92,553700
2017-09-12,82.91,82.91,81.37,81.75,591400
2017-09-13,81.9,81.9,81.28,81.36,647000
2017-09-14,81.19,82.31,80.83,82.27,1039200
2017-09-15,82.48,82.73,81.98,82.68,1285700
2017-09-18,82.68,82.68,81.63,82.24,658100
2017-09-19,82.25,82.67,81.88,82.32,687800
2017-09-20,82.5,83.14,81.74,82.4,1628800
2017-09-21,82.29,82.49,81.65,81.79,648700
2017-09-22,82.12,82.53,81.64,82.029999,991000
2017-09-25,82.029999,82.53,81.56,82.48,954600
2017-09-26,82.41,82.92,82.13,82.28,777200
2017-09-27,81.78,82.19,80.029999,81.0,1324000
2017-09-28,80.62,81.11,79.94,81.11,1462300
2017-09-29,80.86,81.050003,80.38,80.91,1985400
2017-10-02,81.18,81.91,80.89,81.77,885400
2017-10-03,81.67,81.76,80.9,81.75,606100
2017-10-04,81.76,82.61,81.4,82.51,736300
2017-10-05,82.61,82.93,82.28,82.91,666600
2017-10-06,82.6,83.019997,82.21,82.77,611000
2017-10-09,82.96,83.54,82.88,83.21,622000
2017-10-10,83.39,84.089996,83.27,84.07,712900
2017-10-11,83.91,84.71,83.87,84.44,725500
2017-10-12,84.43,85.17,84.24,85.099998,1138900
2017-10-13,85.22,85.78,84.8,85.019997,909500
2017-10-16,85.019997,85.36,84.27,85.21,1123400
2017-10-17,85.12,86.13,85.029999,86.029999,1110700
2017-10-18,85.89,86.26,85.5,86.22,772500
2017-10-19,86.5,87.25,86.41,87.24,740100
2017-10-20,87.32,87.87,87.13,87.76,1099900
2017-10-23,87.75,87.86,87.38,87.73,785900
2017-10-24,87.72,87.96,86.19,86.82,1268500
2017-10-25,86.84,87.010002,85.82,86.93,931500
2017-10-26,87.25,88.16,87.2,87.49,779100
2017-10-27,87.21,88.2,87.18,87.67,965500
2017-10-30,87.68,87.93,87.53,87.76,855300
2017-10-31,87.54,87.99,87.43,87.76,641300
2017-11-01,88.0,88.050003,87.040001,87.21,831700
2017-11-02,87.99,90.22,87.74,89.45,1430300
2017-11-03,88.6,89.17,88.029999,88.76,951800
2017-11-06,88.71,89.21,88.36,88.61,733700
2017-11-07,88.86,90.13,88.24,90.0,725200
2017-11-08,89.85,90.49,89.42,90.24,843600
2017-11-09,89.74,90.4,88.71,89.31,965000
2017-11-10,89.050003,89.34,88.36,88.74,693400
2017-11-13,88.66,89.78,88.6,89.52,682400
2017-11-14,89.36,90.76,89.28,90.71,690100
2017-11-15,90.82,91.39,89.78,89.82,1085900
2017-11-16,89.92,89.99,89.3,89.69,754400
2017-11-17,89.49,89.74,88.68,89.019997,2047600
2017-11-20,89.07,89.28,88.18,88.38,1081700
2017-11-21,88.5,89.059998,88.33,88.58,730200
2017-11-22,88.5,88.95,88.11,88.66,646600
2017-11-24,88.8,89.26,88.58,88.74,198400
2017-11-27,88.63,89.45,88.63,89.2,695700
2017-11-28,89.61,89.7,89.029999,89.57,788300
2017-11-29,89.44,90.67,89.029999,90.35,688900
2017-11-30,90.46,91.78,90.34,91.56,899900
2017-12-01,91.71,91.97,90.53,91.22,701500
2017-12-04,91.39,91.7,90.82,91.32,1026600
2017-12-05,91.5,91.72,90.44,90.66,621800
2017-12-06,90.96,91.2,90.33,90.94,536100
2017-12-07,90.69,91.099998,90.3,91.080002,515800
2017-12-08,91.050003,91.55,90.69,91.52,610300
2017-12-11,91.55,92.37,90.47,92.25,1291800
2017-12-12,91.99,91.99,89.3,89.32,1270700
2017-12-13,89.41,90.64,89.3,89.93,989000
2017-12-14,89.9,90.89,88.85,90.35,1465800
2017-12-15,91.040001,91.78,90.74,90.82,1782900
2017-12-18,90.77,91.42,90.07,90.49,785600
2017-12-19,90.78,90.78,89.0,89.0,560800
2017-12-20,89.12,89.85,88.99,89.34,695700
2017-12-21,89.21,90.089996,88.82,89.7,1094100
2017-12-22,89.86,90.86,89.64,90.51,640200
2017-12-26,90.58,91.72,90.36,90.42,795700
2017-12-27,90.57,91.82,90.25,90.84,907600
2017-12-28,91.34,91.69,90.49,91.62,855300
2017-12-29,91.82,92.27,91.34,91.49,802400
2018-01-02,91.0,91.48,88.59,89.080002,1139600
2018-01-03,88.51,89.43,87.91,88.45,946800
2018-01-04,88.27,88.82,87.35,87.61,931300
2018-01-05,87.78,88.029999,86.36,86.75,1140900
2018-01-08,87.0,87.52,86.8,87.5,1284300
2018-01-09,87.5,87.54,85.87,86.71,864400
2018-01-10,86.51,86.51,85.36,85.7,829000
2018-01-11,84.86,84.99,84.019997,84.74,1394200
2018-01-12,84.41,84.62,80.57,80.83,4003600
2018-01-16,81.25,83.6,80.96,82.22,3111500
2018-01-17,82.089996,82.8,81.98,82.51,1482100
2018-01-18,82.47,83.13,81.83,82.41,1561100
2018-01-19,82.84,83.53,82.38,83.010002,1323900
2018-01-22,83.45,83.75,82.66,82.96,1317800
2018-01-23,82.86,84.7,82.83,84.2,1114000
2018-01-24,84.2,84.49,83.63,83.75,853500
2018-01-25,83.97,84.61,83.2,84.53,764800
2018-01-26,84.65,85.0,83.83,84.94,869500
2018-01-29,84.65,84.65,83.2,83.74,829800
2018-01-30,82.93,84.029999,82.84,83.11,1030600
2018-01-31,83.27,83.27,82.52,83.17,1175200
2018-02-01,83.28,83.51,81.53,81.84,1334000
2018-02-02,81.71,82.29,81.0,81.22,1101800
2018-02-05,81.0,81.54,78.61,78.82,1883700
2018-02-06,78.019997,79.26,76.79,78.96,2169600
2018-02-07,79.0,79.74,77.96,77.96,1268700
2018-02-08,77.77,78.46,76.040001,76.059998,1572000
2018-02-09,76.61,78.68,76.39,77.94,1775400
2018-02-12,78.21,78.34,77.07,77.92,1016900
2018-02-13,77.83,78.93,77.31,78.77,921200
2018-02-14,78.099998,78.82,77.68,78.33,725600
2018-02-15,78.43,79.72,78.35,79.71,718100
2018-02-16,79.69,81.059998,79.43,80.5,1012700
2018-02-20,80.25,80.83,79.57,79.85,1026000
2018-02-21,79.040001,81.059998,78.82,78.85,1250400
2018-02-22,78.87,79.55,78.26,78.74,988200
2018-02-23,78.81,80.8,78.81,80.63,655800
2018-02-26,81.5,81.64,80.58,80.8,804200
2018-02-27,80.99,81.94,79.73,79.96,986700
2018-02-28,79.88,80.76,79.36,79.36,1069300
2018-03-01,79.28,80.37,78.39,79.15,1233900
2018-03-02,78.96,80.14,78.15,78.88,1373800
2018-03-05,78.73,80.88,78.66,80.19,1992400
2018-03-06,80.15,80.37,79.51,79.69,1122500
2018-03-07,79.43,80.52,79.15,80.18,1061800
2018-03-08,80.5,81.080002,80.25,80.8,948000
2018-03-09,80.93,81.38,80.46,81.36,665900
2018-03-12,81.35,82.39,81.32,82.2,959300
2018-03-13,82.49,82.67,80.63,80.75,916500
2018-03-14,81.040001,81.83,80.56,81.2,904400
2018-03-15,81.31,82.23,81.2,81.47,785300
2018-03-16,81.68,82.4,81.48,82.16,1952200
2018-03-19,82.16,82.59,80.92,81.52,1002800
2018-03-20,81.51,81.97,81.2,81.42,645400
2018-03-21,81.43,82.040001,80.59,80.85,570600
2018-03-22,80.9,82.07,80.099998,80.15,791200
2018-03-23,80.76,81.62,79.019997,79.23,784700
2018-03-26,79.41,80.010002,78.89,79.87,742400
2018-03-27,80.0,81.69,79.25,80.69,1111400
2018-03-28,80.81,81.43,80.57,81.19,846700
2018-03-29,81.34,82.54,81.34,82.13,1069600
2018-04-02,82.29,82.32,80.46,81.2,927700
2018-04-03,81.099998,81.55,80.51,81.16,1058100
2018-04-04,80.82,81.45,80.26,81.2,763400
2018-04-05,81.32,82.21,80.21,82.11,734100
2018-04-06,82.23,82.74,81.82,81.92,1216400
2018-04-09,81.87,82.72,81.45,82.14,728400
2018-04-10,82.42,82.65,81.67,81.8,657300
2018-04-11,81.58,82.24,81.33,81.81,794300
2018-04-12,80.9,81.47,80.25,80.65,2152500
2018-04-13,81.040001,81.58,80.65,80.86,934700
2018-04-16,82.0,83.0,81.85,82.62,1254200
2018-04-17,83.029999,84.45,82.8,84.07,1032200
2018-04-18,84.13,84.58,83.68,83.68,959400
2018-04-19,83.53,83.9,83.15,83.66,896800
2018-04-20,83.69,83.88,83.17,83.67,834600
2018-04-23,83.64,84.29,83.18,84.28,575500
2018-04-24,84.53,85.24,84.029999,84.77,828200
2018-04-25,84.54,85.23,84.010002,84.75,504300
2018-04-26,85.12,86.029999,84.32,85.89,679900
2018-04-27,85.87,86.99,85.81,86.78,936500
2018-04-30,86.91,87.19,86.37,86.58,745400
2018-05-01,86.38,86.8,86.11,86.63,571400
2018-05-02,86.46,86.7,85.56,86.23,916600
2018-05-03,86.019997,86.45,84.11,85.29,1107400
2018-05-04,85.2,85.95,84.61,85.72,555700
2018-05-07,85.8,85.8,84.52,84.8,647600
2018-05-08,84.21,84.62,82.83,83.010002,629800
2018-05-09,83.19,83.37,82.45,83.23,853400
2018-05-10,83.4,83.82,82.9,83.74,607400
2018-05-11,83.9,83.9,83.040001,83.48,480800
2018-05-14,83.48,83.83,82.49,82.67,838100
2018-05-15,82.4,82.56,81.029999,81.48,806500
2018-05-16,81.53,81.75,80.32,80.52,691800
2018-05-17,80.099998,80.6,79.95,80.34,723400
2018-05-18,80.61,80.88,79.93,80.45,765700
2018-05-21,80.52,80.87,80.050003,80.53,753500
2018-05-22,80.81,81.13,80.4,80.51,630400
2018-05-23,80.64,81.15,80.56,80.94,644700
2018-05-24,81.17,82.16,80.83,82.050003,1016200
2018-05-25,82.050003,83.21,81.88,82.99,1033100
2018-05-29,82.97,84.52,82.78,83.92,1052500
2018-05-30,83.75,84.68,83.53,84.21,621600
2018-05-31,83.91,84.63,83.07,83.14,872600
2018-06-01,83.4,83.64,82.0,82.13,742400
2018-06-04,82.22,82.6,81.43,81.64,604500
2018-06-05,81.69,81.69,80.26,80.47,812000
2018-06-06,80.68,80.74,78.91,79.22,1011700
2018-06-07,79.44,80.089996,78.95,79.27,1497300
2018-06-08,79.53,79.8,78.64,79.28,968500
2018-06-11,79.13,79.41,77.73,78.35,1059100
2018-06-12,78.26,79.54,78.040001,79.48,774400
2018-06-13,79.49,79.86,78.57,78.93,970400
2018-06-14,78.96,79.9,78.96,79.78,963500
2018-06-15,79.67,81.14,78.91,81.050003,2407800
2018-06-18,80.84,81.97,80.84,81.95,867900
2018-06-19,81.82,83.25,81.82,82.8,1234600
2018-06-20,82.96,83.41,82.57,83.17,815600
2018-06-21,83.089996,83.4,82.2,82.36,658700
2018-06-22,82.47,83.59,82.34,83.42,909500
2018-06-25,83.65,85.49,83.33,85.3,1124700
2018-06-26,85.080002,85.99,85.0,85.29,929000
2018-06-27,84.93,86.14,84.67,85.74,1092100
2018-06-28,85.76,86.57,85.37,85.51,720000
2018-06-29,85.38,86.029999,84.91,85.38,833200
2018-07-02,85.59,86.39,85.3,86.31,674900
2018-07-03,86.43,87.47,86.14,86.88,336000
2018-07-05,87.040001,87.58,86.5,87.57,682700
2018-07-06,87.61,88.76,87.61,88.48,608300
2018-07-09,88.67,88.67,85.080002,85.28,869400
2018-07-10,84.91,86.61,84.22,86.24,685900
2018-07-11,86.47,87.52,86.26,87.24,509700
2018-07-12,87.25,87.32,86.58,87.25,947400
2018-07-13,87.37,87.77,86.89,87.7,452900
2018-07-16,87.7,87.81,87.059998,87.57,620700
2018-07-17,86.96,88.14,86.88,87.69,813100
2018-07-18,87.69,87.78,86.89,87.58,680700
2018-07-19,87.74,88.73,87.49,88.53,519700
2018-07-20,88.26,88.58,87.12,87.55,754800
2018-07-23,87.73,87.97,86.83,87.28,489400
2018-07-24,86.96,87.64,86.040001,87.42,516300
2018-07-25,87.47,87.94,87.059998,87.52,369700
2018-07-26,88.13,88.68,88.050003,88.53,361400
2018-07-27,88.5,88.95,88.07,88.36,371300
2018-07-30,88.31,88.46,87.36,87.57,393300
2018-07-31,87.99,88.81,87.62,88.25,829300
2018-08-01,87.92,87.99,86.42,86.56,776700
2018-08-02,86.91,87.98,86.33,87.54,660600
2018-08-03,87.74,88.49,86.99,88.050003,572400
2018-08-06,88.48,88.72,87.86,88.26,430200
2018-08-07,88.16,88.18,87.24,88.080002,437200
2018-08-08,87.94,88.37,87.71,88.12,414500
2018-08-09,87.63,88.29,87.47,88.22,436700
2018-08-10,88.3,88.8,87.63,87.64,365000
2018-08-13,87.84,88.050003,87.21,87.4,636300
2018-08-14,87.56,87.99,87.4,87.59,453300
2018-08-15,87.92,88.93,87.58,88.3,659900
2018-08-16,88.15,89.22,88.059998,88.96,601900
2018-08-17,89.029999,89.93,88.78,89.49,571700
2018-08-20,89.79,89.96,89.11,89.36,515000
2018-08-21,89.22,89.62,88.71,88.97,505800
2018-08-22,89.14,89.39,87.9,88.26,439900
2018-08-23,88.31,88.81,87.97,88.27,378800
2018-08-24,88.4,88.93,87.95,88.85,339900
2018-08-27,88.95,89.14,87.61,88.050003,580600
2018-08-28,87.88,88.099998,87.010002,87.25,594400
2018-08-29,87.68,88.16,87.42,87.69,873400
2018-08-30,87.92,88.13,87.23,87.61,680300
2018-08-31,87.61,87.92,87.019997,87.53,723600
2018-09-04,87.32,88.9,87.32,88.8,815700
2018-09-05,88.69,89.78,88.46,89.5,762700
2018-09-06,89.54,89.69,88.96,89.089996,869700
2018-09-07,88.44,88.99,88.029999,88.22,937900
2018-09-10,88.69,88.97,87.85,88.67,726400
2018-09-11,88.5,89.25,88.42,88.57,661900
2018-09-12,88.66,89.25,88.4,88.41,617700
2018-09-13,88.38,89.34,88.33,89.28,667900
2018-09-14,88.94,89.43,88.71,89.24,856800
2018-09-17,89.53,89.75,89.029999,89.49,795300
2018-09-18,89.25,89.62,88.93,89.38,539700
2018-09-19,89.4,89.43,87.12,87.58,719700
2018-09-20,87.47,88.54,86.9,88.43,810900
2018-09-21,88.080002,89.2,87.95,88.6,1948200
2018-09-24,88.51,88.84,87.78,87.82,672600
2018-09-25,87.61,88.07,86.53,86.66,549900
2018-09-26,86.76,87.25,85.88,85.91,969000
2018-09-27,86.11,87.33,85.9,86.96,850000
2018-09-28,87.18,88.040001,87.18,87.97,698500
2018-10-01,87.88,87.89,87.0,87.53,458100
2018-10-02,87.82,88.59,87.8,88.35,459000
2018-10-03,88.33,88.92,86.83,87.66,717100
2018-10-04,87.49,87.76,86.76,87.67,609500
2018-10-05,87.63,89.45,87.63,89.040001,586900
2018-10-08,89.23,90.47,89.23,89.93,613400
2018-10-09,90.07,90.68,89.72,90.57,781900
2018-10-10,90.37,91.96,90.36,90.49,985200
2018-10-11,90.79,90.97,87.43,87.45,1220900
2018-10-12,87.66,88.12,86.88,87.73,970800
2018-10-15,87.75,88.7,87.58,88.0,691300
2018-10-16,88.12,90.2,87.67,90.050003,662100
2018-10-17,89.94,90.58,89.47,89.95,933600
2018-10-18,90.42,90.92,90.019997,90.45,645600
2018-10-19,90.7,92.37,90.57,91.94,818600
2018-10-22,92.0,92.38,91.099998,91.53,974900
2018-10-23,91.54,92.21,89.61,89.95,1218600
2018-10-24,90.12,92.79,89.84,91.68,1063900
2018-10-25,91.24,91.35,89.76,89.93,1094900
2018-10-26,90.35,90.69,87.45,88.23,1059200
2018-10-29,88.58,90.050003,88.58,89.51,995100
2018-10-30,89.93,90.24,88.88,90.18,1011200
2018-10-31,90.0,90.089996,88.42,88.53,1182800
2018-11-01,89.37,89.81,86.96,88.33,980500
2018-11-02,88.23,88.55,86.6,87.38,839400
2018-11-05,87.58,88.29,87.5,88.21,789200
2018-11-06,88.18,89.17,88.019997,89.099998,436600
2018-11-07,89.62,90.36,89.47,90.089996,767300
2018-11-08,89.65,90.16,88.32,88.89,819900
2018-11-09,88.68,89.96,88.27,89.61,704400
2018-11-12,89.48,92.13,89.4,91.28,840300
2018-11-13,91.41,91.72,90.6,91.14,652800
2018-11-14,91.010002,91.45,90.11,90.38,734000
2018-11-15,90.14,92.11,89.23,92.080002,862700
2018-11-16,92.76,93.55,92.62,93.25,871000
2018-11-19,93.48,94.45,92.97,93.49,762200
2018-11-20,93.87,94.41,92.74,93.019997,869800
2018-11-21,92.72,92.72,91.46,91.55,665300
2018-11-23,91.6,92.46,91.12,92.099998,425600
2018-11-26,92.099998,92.35,91.4,92.25,901200
2018-11-27,92.3,92.43,91.59,92.11,1118000
2018-11-28,92.31,92.82,91.95,92.62,977700
2018-11-29,92.66,93.080002,91.79,92.48,883100
2018-11-30,92.58,95.41,92.51,95.41,2473700
2018-12-03,94.84,95.75,93.73,95.7,1310200
2018-12-04,95.59,97.35,95.45,95.78,1300700
2018-12-06,96.32,97.34,95.44,97.32,1471500
2018-12-07,97.040001,98.18,96.29,97.8,1141700
2018-12-10,98.050003,98.050003,95.98,97.46,841000
2018-12-11,97.46,97.92,96.34,96.48,1213400
2018-12-12,96.88,97.61,96.84,97.12,1824900
2018-12-13,97.26,98.14,97.11,97.66,921200
2018-12-14,97.38,97.8,95.75,97.14,1289700
2018-12-17,97.57,97.6,93.17,93.58,1265800
2018-12-18,94.019997,94.64,92.22,92.68,1672400
2018-12-19,92.87,93.56,91.39,92.59,1214800
2018-12-20,92.43,94.18,91.72,92.86,1414600
2018-12-21,93.36,95.14,91.099998,91.19,2376300
2018-12-24,91.13,91.28,86.27,86.31,576300
2018-12-26,86.47,88.54,85.89,88.53,1240600
2018-12-27,88.29,89.41,86.97,89.41,1160500
2018-12-28,89.8,90.81,89.36,90.019997,755100
2018-12-31,90.059998,90.81,89.29,90.77,585800
2019-01-02,90.45,90.45,88.18,88.77,981100
2019-01-03,88.65,90.46,88.65,89.12,1241400
2019-01-04,88.74,90.050003,88.0,89.79,952300
2019-01-07,89.49,90.059998,88.63,88.84,724700
2019-01-08,89.010002,90.27,88.99,90.14,688100
2019-01-09,90.0,90.47,88.82,88.99,1131600
2019-01-10,89.31,90.9,89.0,90.76,806000
2019-01-11,90.94,91.099998,90.19,90.64,723500
2019-01-14,90.28,90.46,89.51,90.43,1573700
2019-01-15,90.33,92.57,90.33,91.42,1064900
2019-01-16,91.13,92.099998,90.71,91.79,752700
2019-01-17,91.54,92.93,91.54,92.56,829800
2019-01-18,92.85,93.3,92.2,92.61,801300
2019-01-22,92.42,93.32,92.059998,92.77,1283900
2019-01-23,92.7,94.32,92.7,94.24,714000
2019-01-24,94.38,94.81,93.52,94.64,499300
2019-01-25,94.16,94.83,93.099998,93.27,838500
2019-01-28,93.34,93.67,92.37,93.019997,529800
2019-01-29,93.2,94.07,92.65,93.080002,762900
2019-01-30,92.95,94.65,92.93,93.74,1216500
2019-01-31,94.019997,96.14,93.44,95.67,2127200
2019-02-01,95.72,96.0,94.35,95.21,1213900
2019-02-04,94.89,95.58,93.9,95.58,1051600
2019-02-05,95.5,96.15,94.85,95.86,780700
2019-02-06,95.62,95.79,94.72,95.15,611300
2019-02-07,95.19,96.89,94.84,96.87,915400
2019-02-08,96.65,97.79,96.46,97.74,665800
2019-02-11,97.059998,98.23,97.059998,97.6,679100
2019-02-12,97.96,98.24,96.83,97.67,668700
2019-02-13,97.3,97.74,96.95,97.44,670100
2019-02-14,97.74,98.0,97.17,97.25,798900
2019-02-15,97.74,98.18,97.39,98.050003,909700
2019-02-19,97.9,98.78,97.64,98.7,834300
2019-02-20,97.73,98.98,96.64,98.66,1831700
2019-02-21,98.51,100.47,97.8,100.38,1188700
2019-02-22,100.87,101.25,100.0,100.98,770600
2019-02-25,101.050003,101.33,100.0,100.88,755600
2019-02-26,101.24,101.27,100.28,101.040001,621700
2019-02-27,100.31,101.43,100.31,101.040001,655900
2019-02-28,101.029999,102.07,100.56,101.62,1006400
2019-03-01,101.46,101.83,101.050003,101.44,735600
2019-03-04,101.44,101.99,100.61,101.71,1328500
2019-03-05,101.79,102.07,101.019997,101.27,1217700
2019-03-06,101.37,101.68,100.84,101.059998,1037500
2019-03-07,101.39,102.16,101.32,101.65,1225100
2019-03-08,101.69,102.61,101.69,102.53,968700
2019-03-11,102.6,104.089996,102.6,104.029999,1785800
2019-03-12,104.17,105.14,104.050003,104.92,1342900
2019-03-13,104.86,105.37,104.64,105.11,1384700
2019-03-14,105.010002,105.79,104.29,104.99,1508100
2019-03-15,104.9,106.35,104.65,105.81,4074400
2019-03-18,105.81,105.95,104.48,105.13,1569800
2019-03-19,104.98,105.4,103.9,104.35,1010900
2019-03-20,104.43,105.44,103.89,104.69,834200
2019-03-21,104.53,106.29,104.53,106.22,650700
2019-03-22,106.65,107.71,106.33,106.78,961200
2019-03-25,106.7,107.29,106.019997,106.69,1116800
2019-03-26,106.68,107.49,106.48,107.2,921600
2019-03-27,106.62,107.059998,105.47,105.87,936500
2019-03-28,105.98,106.080002,103.57,104.32,1201700
2019-03-29,104.44,104.62,103.87,104.26,1532100
2019-04-01,104.43,104.52,103.010002,103.85,1410200
2019-04-02,104.15,104.31,102.94,103.71,1149500
2019-04-03,103.6,104.37,102.95,104.029999,1155000
2019-04-04,104.089996,104.27,103.4,103.86,1189400
2019-04-05,103.75,104.97,103.51,104.92,1054200
2019-04-08,104.7,105.019997,103.93,104.14,775900
2019-04-09,104.0,104.59,103.71,104.57,699300
2019-04-10,104.86,105.55,103.91,104.029999,774600
2019-04-11,104.040001,104.38,103.71,104.32,863100
2019-04-12,104.050003,104.33,103.64,104.16,965600
2019-04-15,104.43,104.46,103.69,103.96,771100
2019-04-16,103.85,104.49,102.39,102.42,1376000
2019-04-17,102.36,102.92,101.92,102.28,1122800
2019-04-18,102.79,104.99,102.74,104.7,1882100
2019-04-22,104.36,105.12,104.2,104.93,882900
2019-04-23,105.16,105.65,104.19,104.8,1115400
2019-04-24,105.41,106.059998,104.7,105.84,836500
2019-04-25,105.48,106.84,105.24,106.53,773600
2019-04-26,107.18,107.94,106.76,106.88,606700
2019-04-29,106.17,106.85,106.019997,106.42,534300
2019-04-30,106.61,108.23,106.36,108.19,1179500
2019-05-01,107.8,108.32,106.9,107.099998,710100
2019-05-02,106.66,107.07,105.26,106.68,950900
2019-05-03,106.94,107.59,106.48,107.38,609700
2019-05-06,107.55,108.21,106.74,107.21,664600
2019-05-07,107.16,107.58,106.74,107.080002,748400
2019-05-08,107.089996,107.27,105.73,105.86,653100
2019-05-09,105.9,106.47,105.38,106.28,536400
2019-05-10,105.68,108.3,105.56,108.27,776000
2019-05-13,108.029999,111.010002,107.79,110.69,1857900
2019-05-14,110.83,111.080002,109.78,109.84,1063800
2019-05-15,110.099998,111.28,109.96,110.26,836400
2019-05-16,109.88,111.66,109.71,111.17,704300
2019-05-17,111.099998,112.52,111.099998,112.040001,941800
2019-05-20,112.13,112.6,110.96,111.28,861800
2019-05-21,111.57,112.52,111.28,111.42,787800
2019-05-22,111.64,112.86,111.25,112.82,715900
2019-05-23,112.82,113.92,112.8,113.32,751400
2019-05-24,113.5,114.26,113.46,113.69,678500
2019-05-28,114.16,114.5,113.0,113.34,1516400
2019-05-29,113.58,113.58,111.58,111.78,995100
2019-05-30,111.66,112.6,111.5,111.94,553400
2019-05-31,112.010002,113.26,111.83,113.019997,1081000
2019-06-03,113.42,114.25,112.72,114.059998,697100
2019-06-04,113.9,114.019997,111.72,113.82,946800
2019-06-05,114.67,116.6,113.96,116.49,741300
2019-06-06,116.72,117.58,116.44,117.35,968100
2019-06-07,118.53,119.28,116.29,116.29,1045700
2019-06-10,115.78,116.12,114.9,115.84,928300
2019-06-11,115.81,116.39,114.66,115.38,966600
2019-06-12,115.86,117.21,115.66,117.089996,627700
2019-06-13,117.81,117.89,116.059998,116.68,743900
2019-06-14,116.62,118.71,116.62,118.27,646100
2019-06-17,118.14,118.51,116.75,117.62,540500
2019-06-18,118.23,118.23,115.85,116.64,828500
2019-06-19,116.0,118.39,115.6,117.98,705900
2019-06-20,118.19,118.74,116.7,118.19,772400
2019-06-21,118.34,118.49,117.12,118.07,1796000
2019-06-24,118.56,118.79,117.31,118.4,997500
2019-06-25,118.18,118.72,116.94,117.18,902300
2019-06-26,116.94,117.2,115.010002,115.31,820300
2019-06-27,115.81,116.24,114.8,115.26,926400
2019-06-28,115.050003,116.23,114.99,116.0,1366200
2019-07-01,115.4,115.97,114.26,115.73,1124100
2019-07-02,116.0,117.66,116.0,117.28,816500
2019-07-03,117.77,118.85,117.69,118.43,583500
2019-07-05,117.66,118.11,115.36,117.96,791200
2019-07-08,118.17,118.5,117.5,118.019997,689000
2019-07-09,118.27,118.55,117.39,118.29,1137600
2019-07-10,118.42,119.3,117.86,118.71,776900
2019-07-11,118.43,118.92,116.78,117.47,1045100
2019-07-12,117.29,117.56,115.88,116.63,1095600
2019-07-15,115.58,116.72,114.8,115.98,1167600
2019-07-16,115.47,116.3,114.28,115.76,1178700
2019-07-17,116.39,117.07,116.029999,116.089996,899300
2019-07-18,116.35,117.33,115.83,117.25,783800
2019-07-19,117.12,117.32,114.93,114.98,886200
2019-07-22,115.75,115.82,114.37,115.23,622400
2019-07-23,115.040001,115.13,114.12,114.47,899400
2019-07-24,114.79,114.79,113.18,114.010002,772700
2019-07-25,114.21,115.27,113.51,113.86,664300
2019-07-26,113.83,115.16,113.47,115.089996,637700
2019-07-29,115.5,115.6,114.53,115.31,766000
2019-07-30,115.33,116.24,114.58,115.11,659400
2019-07-31,114.93,116.19,113.98,114.78,1116200
2019-08-01,113.63,117.61,113.2,117.019997,1667000
2019-08-02,117.33,118.19,116.39,117.29,1155900
2019-08-05,117.29,117.91,114.63,115.38,1128200
2019-08-06,115.49,117.69,114.45,117.42,1130800
2019-08-07,117.59,119.26,116.41,118.45,1048600
2019-08-08,117.84,119.95,117.43,119.41,841900
2019-08-09,119.74,121.3,119.15,120.55,770200
2019-08-12,120.77,122.85,120.62,122.51,1217600
2019-08-13,122.2,122.94,121.029999,121.83,887700
2019-08-14,122.52,123.46,120.65,121.2,1179700
2019-08-15,121.32,124.87,121.2,124.5,1005600
2019-08-16,124.49,125.31,123.41,124.22,1068600
2019-08-19,124.35,125.31,121.2,123.99,886400
2019-08-20,124.17,124.38,123.24,123.61,710200
2019-08-21,123.28,124.14,122.95,124.050003,679300
2019-08-22,124.059998,125.040001,123.2,124.7,729700
2019-08-23,124.35,125.89,122.24,122.81,1010300
2019-08-26,123.34,124.8,123.0,124.75,451100
2019-08-27,125.17,126.11,124.92,125.099998,911700
2019-08-28,125.6,126.79,125.26,126.040001,990800
2019-08-29,126.65,126.95,125.48,126.9,663800
2019-08-30,127.17,127.8,126.5,127.32,787300
2019-09-03,128.36,129.60001,127.34,129.5,1083400
2019-09-04,129.32001,129.89,127.7,128.75,1064100
2019-09-05,127.7,128.28,125.55,126.53,1273600
2019-09-06,126.62,127.69,124.92,125.7,1148800
2019-09-09,125.089996,125.36,121.8,122.36,1439100
2019-09-10,121.69,121.93,119.38,120.83,1221900
2019-09-11,120.65,122.23,119.5,121.25,1160200
2019-09-12,122.46,123.31,121.37,121.76,1267400
2019-09-13,121.5,121.99,120.71,121.22,1052300
2019-09-16,121.8,121.8,120.41,120.98,699200
2019-09-17,121.089996,122.23,120.99,121.76,1055000
2019-09-18,122.62,122.62,120.85,121.52,1380000
2019-09-19,122.29,122.71,120.77,122.38,1261800
2019-09-20,122.0,123.61,121.65,122.83,1919800
2019-09-23,122.99,124.07,122.5,122.58,1139200
2019-09-24,123.059998,125.3,122.94,124.87,1535400
2019-09-25,124.6,125.83,123.87,124.57,1064800
2019-09-26,125.059998,125.58,124.21,125.13,971200
2019-09-27,125.15,125.49,123.8,124.24,885000
2019-09-30,124.54,125.21,123.81,124.23,1404200
2019-10-01,123.72,124.27,123.080002,123.86,972200
2019-10-02,123.12,124.4,122.76,123.15,924000
2019-10-03,123.51,124.010002,122.91,123.73,1063500
2019-10-04,124.080002,125.96,123.74,125.78,841200
2019-10-07,125.68,125.91,124.2,124.57,752500
2019-10-08,124.61,124.73,123.51,123.88,574700
2019-10-09,124.27,125.22,124.22,124.87,521000
2019-10-10,124.44,125.45,123.86,125.050003,599900
2019-10-11,124.86,125.14,123.0,123.69,887800
2019-10-14,123.7,123.75,121.59,121.73,841300
2019-10-15,122.029999,122.43,120.39,120.8,886900
2019-10-16,121.0,121.67,120.16,121.63,1080700
2019-10-17,121.33,122.74,121.33,122.42,690900
2019-10-18,122.51,122.83,121.75,122.41,1089900
2019-10-21,122.099998,122.4,120.81,122.3,1223100
2019-10-22,122.56,123.71,122.080002,122.39,824400
2019-10-23,122.46,123.69,121.77,121.94,756400
2019-10-24,121.9,123.22,121.45,122.31,656800
2019-10-25,122.58,123.089996,120.48,121.11,507000
2019-10-28,121.2,121.53,119.4,119.56,689500
2019-10-29,119.34,120.029999,118.66,119.59,965800
2019-10-30,120.26,121.33,119.7,120.97,777900
2019-10-31,122.38,123.49,121.24,123.27,1260800
2019-11-01,123.4,124.17,122.44,122.78,1009700
2019-11-04,122.24,122.55,119.83,120.050003,1136100
2019-11-05,119.62,120.26,118.76,120.089996,1483200
2019-11-06,120.61,122.059998,120.32,121.59,1161700
2019-11-07,120.47,121.23,117.64,118.15,1329100
2019-11-08,117.64,118.18,115.9,116.3,1111300
2019-11-11,116.58,117.2,115.55,115.59,749400
2019-11-12,115.39,116.33,114.96,115.38,745500
2019-11-13,116.059998,117.17,115.24,116.93,813800
2019-11-14,117.39,118.74,116.78,117.85,580400
2019-11-15,117.98,118.31,116.79,118.24,713100
2019-11-18,118.63,119.92,118.2,118.68,750700
2019-11-19,118.24,119.64,117.73,119.13,945500
2019-11-20,119.15,120.69,119.11,120.57,1547300
2019-11-21,120.78,120.8,119.15,119.34,901600
2019-11-22,119.65,119.73,118.089996,119.040001,1117600
2019-11-25,118.98,119.78,118.31,119.31,646200
2019-11-26,119.56,121.059998,119.34,121.029999,1102800
2019-11-27,120.96,121.7,120.78,121.27,822200
2019-11-29,121.49,122.47,120.94,121.029999,458200
2019-12-02,120.94,121.29,120.089996,120.3,758900
2019-12-03,120.77,121.67,120.44,121.19,722100
2019-12-04,120.65,122.61,120.44,122.49,900400
2019-12-05,121.9,123.38,121.9,123.38,790300
2019-12-06,123.13,123.67,122.61,122.67,635000
2019-12-09,123.029999,123.3,122.23,122.48,537400
2019-12-10,122.64,123.33,122.13,122.35,767200
2019-12-11,120.0,120.97,119.0,120.9,1118200
2019-12-12,120.6,120.78,117.97,118.43,1249200
2019-12-13,118.040001,119.58,117.34,119.2,1023900
2019-12-16,119.43,120.96,118.93,120.9,1020500
2019-12-17,121.42,121.75,120.71,120.9,1091700
2019-12-18,120.88,121.55,119.85,121.23,1115600
2019-12-19,121.39,122.089996,120.77,121.66,1111300
2019-12-20,122.59,123.56,121.67,122.72,1914600
2019-12-23,122.83,123.11,120.67,121.39,1073100
2019-12-24,121.099998,122.019997,120.78,121.62,243400
2019-12-26,121.5,122.29,121.41,121.88,309600
2019-12-27,122.059998,122.97,121.81,122.96,575500
2019-12-30,122.59,123.29,122.52,123.050003,737800
2019-12-31,123.25,123.82,122.34,122.85,766800
2020-01-02,123.0,123.16,119.58,120.2,1618900
2020-01-03,120.44,122.12,120.44,120.98,869300
2020-01-06,120.99,121.75,120.49,120.75,765800
2020-01-07,120.43,120.97,119.91,120.0,841000
2020-01-08,119.55,121.19,119.23,120.49,1096700
2020-01-09,120.49,122.22,120.15,122.13,803600
2020-01-10,122.2,122.74,122.15,122.56,754700
2020-01-13,122.77,124.029999,122.77,123.74,961800
2020-01-14,124.0,124.57,123.51,124.57,886100
2020-01-15,125.0,127.029999,124.88,126.88,912600
2020-01-16,127.0,128.73,126.83,128.57001,984200
2020-01-17,128.83,130.59,128.81,130.44,1338400
2020-01-21,130.49001,133.39999,130.2,133.22,1666700
2020-01-22,133.8,134.81,133.27,134.050003,1255000
2020-01-23,134.029999,135.53,133.81,135.28999,933300
2020-01-24,135.28999,136.41,135.2,135.78,813800
2020-01-27,136.0,136.83,134.92999,135.25,703400
2020-01-28,135.53,136.39,135.070007,135.8,904200
2020-01-29,136.0,136.41,135.28,136.039993,608400
2020-01-30,135.82001,137.12,135.60001,136.77,922700
2020-01-31,136.91,137.73,135.44,136.2,1300500
2020-02-03,136.33,136.95,136.14999,136.52,1253800
2020-02-04,135.95,136.81,134.82001,134.84,1193000
2020-02-05,134.56,135.67,134.089996,135.070007,923300
2020-02-06,134.62,135.28999,134.17,135.0,669000
2020-02-07,135.88,136.13,134.39,134.45,938200
2020-02-10,134.71001,135.55,134.45,135.21001,1400000
2020-02-11,135.53,135.99001,135.10001,135.34,746800
2020-02-12,134.52,136.11,134.5,135.7,996000
2020-02-13,135.7,137.23,135.55,136.95,814200
2020-02-14,137.52,139.64999,137.0099945,139.32001,1091200
2020-02-18,140.34,140.57001,139.25999,139.25999,1478400
2020-02-19,139.070007,141.37,138.24001,138.7,1288700
2020-02-20,138.32001,138.67,136.5,137.3,1022400
2020-02-21,137.41,138.14,137.12,137.77,1222200
2020-02-24,136.85001,137.75,135.95,136.53,1219400
2020-02-25,136.71001,136.85001,132.77,133.089996,1056500
2020-02-26,132.95,134.92999,132.59,133.039993,1118600
2020-02-27,132.77,134.39,127.72,127.78,1277700
2020-02-28,124.11,125.8,120.62,123.66,3988800
2020-03-02,124.33,130.94,124.080002,130.84,1860400
2020-03-03,131.22,134.75,130.60001,131.42,1639200
2020-03-04,133.070007,140.33,133.070007,140.31,1528700
2020-03-05,138.52,140.49001,136.7,139.36,1218400
2020-03-06,136.0099945,141.7,134.63,141.0,1492800
2020-03-09,133.14999,139.78,132.64999,137.19,2322200
2020-03-10,138.14999,140.75,131.3,137.71001,2185400
2020-03-11,135.35001,136.63,128.28,129.67,2157100
2020-03-12,122.21,127.45,114.28,117.97,2494900
2020-03-13,121.36,128.33,116.54,128.28999,1667000
2020-03-16,115.5,132.36,115.35,118.81,2367600
2020-03-17,121.33,140.28999,120.5,138.5,2364400
2020-03-18,129.61,133.22,122.63,130.080002,2661200
2020-03-19,129.0,130.25999,114.059998,115.12,2393300
2020-03-20,115.12,115.12,98.25,100.69,3441000
2020-03-23,100.38,100.38,92.0,97.07,2780900
2020-03-24,100.71,105.28,96.63,103.95,2167300
2020-03-25,103.77,114.27,101.35,110.45,1757000
2020-03-26,108.53,121.87,108.53,119.32,1634100
2020-03-27,116.77,125.029999,115.0,120.77,1169900
2020-03-30,122.86,127.27,121.87,126.72,1584200
2020-03-31,124.92,126.5,117.19,119.56,2831000
2020-04-01,115.0,117.99,110.56,112.8,1355700
2020-04-02,111.54,118.45,110.95,117.64,944800
2020-04-03,118.39,118.8,112.6,113.32,1187700
2020-04-06,116.2,123.3,116.2,121.52,1224000
2020-04-07,124.0,124.95,116.82,118.27,1261400
2020-04-08,119.26,126.33,117.65,125.35,952800
2020-04-09,126.38,132.87,125.6,131.75,1177300
2020-04-13,129.78999,130.48,125.41,127.24,764900
2020-04-14,131.10001,133.72,129.50999,133.61,904400
2020-04-15,131.39,132.77,128.92,129.21001,922900
2020-04-16,131.87,132.74001,129.59,131.24001,915500
2020-04-17,132.67999,133.0,128.56,131.75999,1189400
2020-04-20,131.75,132.42999,125.87,126.46,773300
2020-04-21,125.2,127.6,123.78,125.43,1075400
2020-04-22,127.92,129.8,126.59,127.89,739900
2020-04-23,127.25,129.19,124.53,124.68,946200
2020-04-24,126.25,126.81,124.42,125.010002,1010900
2020-04-27,126.0,126.48,125.029999,125.75,1476200
2020-04-28,127.76,128.0,125.88,126.52,929400
2020-04-29,127.67,127.81,123.74,125.72,934700
2020-04-30,125.0,125.6,120.099998,121.69,1174800
2020-05-01,120.59,120.76,118.56,119.2,820800
2020-05-04,119.16,121.79,118.3,121.46,720100
2020-05-05,121.19,124.68,121.19,123.43,784000
2020-05-06,123.78,124.17,117.53,117.78,1128400
2020-05-07,120.63,123.52,118.39,119.080002,1119000
2020-05-08,119.17,120.31,117.52,118.029999,1068400
2020-05-11,117.019997,119.82,115.55,119.49,1091100
2020-05-12,119.61,119.98,117.050003,117.07,908100
2020-05-13,116.99,116.99,115.089996,116.51,1194700
2020-05-14,115.89,116.85,112.5,116.27,1039100
2020-05-15,115.65,118.78,114.56,117.76,3087000
2020-05-18,120.59,123.26,119.68,122.51,931100
2020-05-19,122.11,123.089996,120.11,120.17,756000
2020-05-20,121.28,122.07,120.19,120.6,683400
2020-05-21,121.0,121.94,120.059998,120.62,685400
2020-05-22,120.16,121.029999,119.3,120.71,445800
2020-05-26,122.65,123.8,120.18,120.74,873800
2020-05-27,122.040001,122.27,118.050003,120.54,876500
2020-05-28,122.25,124.59,122.07,123.72,947600
2020-05-29,123.71,127.4,122.55,127.0,1516800
2020-06-01,126.91,128.95,125.7,127.77,794200
2020-06-02,127.7,130.089996,127.089996,130.089996,821900
2020-06-03,130.28,132.56,129.53,132.35001,1117200
2020-06-04,131.36,132.60001,128.73,130.7,1113300
2020-06-05,131.3,134.25999,130.72,131.56,827400
2020-06-08,130.53,132.88,129.75,132.5,753300
2020-06-09,131.62,131.62,129.17999,130.7,857100
2020-06-10,131.0,132.69,130.17,131.059998,614700
2020-06-11,129.61,130.86,126.75,127.5,1024900
2020-06-12,129.64999,129.78,125.81,127.29,901400
2020-06-15,126.27,130.42999,124.73,129.22,1212300
2020-06-16,131.49001,132.67999,128.78999,129.66,699800
2020-06-17,130.0,130.84,127.46,129.86,697700
2020-06-18,129.34,130.17,127.54,129.17,629200
2020-06-19,131.059998,131.13,126.36,126.36,1766000
2020-06-22,126.33,127.6,125.7,126.83,1127400
2020-06-23,127.71,128.17999,124.88,125.22,833000
2020-06-24,124.34,125.2,123.099998,124.4,1038000
2020-06-25,124.4,124.4,120.67,122.22,707800
2020-06-26,122.43,125.56,121.84,124.080002,1789400
2020-06-29,124.38,125.44,122.49,125.37,617600
2020-06-30,125.47,129.42999,125.47,128.66,1228700
2020-07-01,128.45,131.13,128.45,130.62,766900
2020-07-02,131.14999,132.16,130.60001,131.059998,731300
2020-07-06,132.63,133.92,130.35001,131.039993,551900
2020-07-07,130.25,131.53,129.38,130.31,693700
2020-07-08,130.39999,132.19,130.0099945,131.75999,673400
2020-07-09,131.35001,131.69,128.75999,130.69,714000
2020-07-10,130.95,133.41,130.74001,133.39,715700
2020-07-13,132.82001,134.41,132.17,132.97,983800
2020-07-14,133.42999,135.23,132.85001,134.84,1170400
2020-07-15,135.0,135.85001,133.39999,134.059998,918700
2020-07-16,134.029999,138.39,133.56,138.32001,1100100
2020-07-17,138.92,141.53,138.42,141.22,786700
2020-07-20,140.86,142.84,138.99001,139.71001,696000
2020-07-21,139.8,141.87,139.32001,141.17999,566900
2020-07-22,140.92999,144.48,140.21001,143.78999,608000
2020-07-23,144.67,145.81,143.91,144.89,719300
2020-07-24,145.0,145.97,143.2,144.52,834100
2020-07-27,145.0,145.91,143.7,144.33,833000
2020-07-28,143.88,146.27,143.88,145.36,724700
2020-07-29,145.94,148.16,145.92,147.99001,811300
2020-07-30,146.82001,147.98,145.85001,146.63,591000
2020-07-31,146.21001,148.50999,145.49001,147.27,793400
2020-08-03,147.0,147.37,145.39999,147.059998,582400
2020-08-04,146.49001,147.69,145.95,147.5,686000
2020-08-05,148.19,148.22,145.64999,147.25,506400
2020-08-06,146.32001,147.96001,145.0099945,146.97,737600
2020-08-07,147.0,150.039993,146.089996,149.78999,785500
2020-08-10,150.21001,150.47,148.44,149.11,598600
2020-08-11,148.23,148.5,141.71001,142.42,740900
2020-08-12,143.13,147.080002,142.8,145.87,602600
2020-08-13,145.28,147.17,144.28999,146.50999,613400
2020-08-14,146.16,146.67999,144.78999,145.31,378600
2020-08-17,146.0,148.12,145.089996,146.56,657900
2020-08-18,146.14,147.2,145.28999,146.0,493300
2020-08-19,146.75,147.2,143.59,143.92,603000
2020-08-20,143.55,145.31,143.17,144.28,432200
2020-08-21,144.38,144.78999,142.61,143.64,603300
2020-08-24,143.62,144.32001,142.22,143.88,468600
2020-08-25,143.98,143.98,142.35001,143.53,389400
2020-08-26,142.38,142.97,140.78,140.89999,583900
2020-08-27,141.88,142.75999,140.37,141.37,704000
2020-08-28,141.14,141.14,138.85001,140.78999,773400
2020-08-31,142.14999,142.67999,140.87,141.34,881100
2020-09-01,141.78,142.0,139.5,140.17,451700
2020-09-02,140.39999,144.92999,139.75,144.14999,934600
2020-09-03,144.64,146.3,141.3,142.48,717300
2020-09-04,142.7,144.0099945,141.63,143.17,954200
2020-09-08,143.0,143.21001,140.14,140.77,771700
2020-09-09,142.020004,145.12,142.020004,143.2,667600
2020-09-10,142.74001,143.42,140.71001,140.77,575500
2020-09-11,141.56,141.77,140.28,141.10001,482500
2020-09-14,142.14,143.82001,141.25,142.88,684600
2020-09-15,144.16,144.84,142.85001,143.59,812900
2020-09-16,143.85001,145.50999,142.59,142.77,678200
2020-09-17,142.33,142.97,139.71001,141.020004,733400
2020-09-18,140.75,141.84,138.0,138.28,1420900
2020-09-21,137.94,140.080002,137.0099945,139.72,746800
2020-09-22,140.24001,141.47,138.91,140.17,718100
2020-09-23,140.64999,141.21001,138.039993,138.050003,585700
2020-09-24,138.92,141.95,138.50999,140.66,902900
2020-09-25,139.53999,144.37,139.53999,144.23,898100
2020-09-28,144.47,146.059998,143.64999,144.55,599200
2020-09-29,144.75,145.10001,142.88,143.7,565100
2020-09-30,144.63,146.28,144.14,144.88,1099600
2020-10-01,145.56,148.86,145.44,148.57001,1478200
2020-10-02,147.52,149.97,146.87,148.96001,751200
2020-10-05,149.25,152.16,148.59,151.89,707000
2020-10-06,151.85001,153.74001,150.87,152.49001,718400
2020-10-07,153.94,155.46001,152.91,154.50999,942400
2020-10-08,155.0,156.39,154.080002,155.85001,554400
2020-10-09,156.21001,157.27,154.61,155.75,651900
2020-10-12,156.64999,160.0,156.28999,158.32001,571000
2020-10-13,156.33,156.35001,154.5,156.080002,592900
2020-10-14,155.62,157.39,154.53999,155.75999,581900
2020-10-15,154.53999,157.17,153.55,155.86,513900
2020-10-16,156.58,156.64999,155.5,155.72,1120200
2020-10-19,156.25999,157.53999,153.98,154.52,1175100
2020-10-20,155.28999,155.28999,152.61,153.14999,725600
2020-10-21,153.42,154.089996,151.85001,152.25,818400
2020-10-22,153.050003,153.96001,152.34,153.61,455500
2020-10-23,153.88,154.67999,152.99001,154.080002,423700
2020-10-26,154.3,155.020004,152.0,154.0099945,676200
2020-10-27,154.36,156.17999,153.67,154.62,621100
2020-10-28,152.75999,155.60001,152.50999,153.0,874700
2020-10-29,152.92,153.96001,150.14999,152.16,534000
2020-10-30,151.3,152.34,149.23,150.50999,831800
2020-11-02,152.0,155.070007,151.64,154.3,731300
2020-11-03,156.059998,159.41,155.49001,157.10001,742100
2020-11-04,158.25999,160.56,155.25,155.41,728100
2020-11-05,160.0,162.84,155.5,158.21001,766900
2020-11-06,158.85001,161.94,157.8,161.13,744800
2020-11-09,171.99001,172.56,161.92999,162.33,1347500
2020-11-10,162.21001,164.59,161.63,163.50999,1021400
2020-11-11,164.49001,165.7,163.17999,164.37,968000
2020-11-12,164.22,164.71001,160.11,161.41,863600
2020-11-13,161.92,162.89999,160.64,161.31,634900
2020-11-16,162.97,165.63,161.0099945,165.55,902800
2020-11-17,163.92999,164.56,158.88,159.28999,1082500
2020-11-18,160.67,160.71001,155.97,156.19,858100
2020-11-19,156.88,157.2,154.53999,156.64999,913000
2020-11-20,155.78,160.11,155.78,157.71001,992800
2020-11-23,157.77,158.14,154.75999,155.22,616900
2020-11-24,156.53,156.88,152.88,153.2,1006000
2020-11-25,153.98,154.97,151.11,153.13,1113600
2020-11-27,152.81,154.19,151.71001,153.73,504000
2020-11-30,154.0,154.81,152.14,153.38,1059700
2020-12-01,154.58,156.41,154.039993,154.3,797200
2020-12-02,154.73,155.36,152.71001,154.83,794100
2020-12-03,153.98,155.46001,151.92,152.48,707700
2020-12-04,152.34,152.88,147.89999,148.89999,1318400
2020-12-07,148.84,151.14999,148.57001,150.32001,1042500
2020-12-08,149.56,150.25,148.62,149.35001,811100
2020-12-09,150.089996,150.089996,147.78999,148.47,919300
2020-12-10,148.64999,148.64999,146.53999,148.070007,888000
2020-12-11,147.97,148.82001,146.74001,148.28,760100
2020-12-14,150.12,151.33,148.46001,148.55,811100
2020-12-15,149.0099945,153.35001,148.81,152.99001,1555900
2020-12-16,153.83,154.75999,150.25999,150.37,821500
2020-12-17,151.25999,153.2,150.7,151.86,925500
2020-12-18,151.99001,152.56,149.71001,150.24001,1891400
2020-12-21,148.95,149.39,147.029999,149.11,1134600
2020-12-22,149.34,149.34,147.41,148.059998,823700
2020-12-23,148.95,150.66,147.35001,147.41,731500
2020-12-24,147.88,149.14,147.42,149.14,253700
2020-12-28,149.59,151.0099945,148.99001,149.64999,546600
2020-12-29,150.78999,151.88,149.94,150.73,685100
2020-12-30,150.89999,151.7,150.25999,150.63,361800
2020-12-31,150.59,153.60001,150.21001,153.47,521900
2021-01-04,153.53,153.78999,148.62,150.24001,1378900
2021-01-05,150.5,151.50999,148.89999,151.089996,867600
2021-01-06,151.78,153.73,150.56,152.36,1206200
2021-01-07,153.89,154.59,151.78999,152.13,851500
2021-01-08,152.089996,157.37,151.5,156.98,1367400
2021-01-11,156.36,157.55,154.25999,156.64,812300
2021-01-12,156.78,159.11,154.42999,156.23,1128800
2021-01-13,156.60001,161.2,156.23,159.69,898200
2021-01-14,159.52,159.67999,157.27,158.0,712400
2021-01-15,157.56,160.3,157.0,159.72,946600
2021-01-19,160.83,160.92,157.7,159.27,873100
2021-01-20,159.22,163.87,158.58,163.39999,1051000
2021-01-21,163.10001,163.99001,159.89,160.89999,785300
2021-01-22,160.44,161.72,159.020004,160.91,674100
2021-01-25,160.88,163.56,159.89999,161.21001,928100
2021-01-26,160.25,160.82001,158.64,159.31,1056400
2021-01-27,158.19,158.89999,155.39999,156.72,963300
2021-01-28,157.039993,162.62,156.81,159.78999,827700
2021-01-29,158.64999,160.81,156.039993,159.020004,1114600
2021-02-01,160.63,163.57001,159.64999,161.52,693700
2021-02-02,161.96001,166.080002,161.48,163.32001,766500
2021-02-03,162.86,164.86,161.89,164.11,776400
2021-02-04,163.83,165.52,163.0099945,164.020004,599400
2021-02-05,164.14999,165.53,162.75,165.0099945,478900
2021-02-08,164.95,165.22,161.11,162.22,686500
2021-02-09,162.47,163.66,161.58,163.44,569400
2021-02-10,165.0,165.14999,163.61,164.81,471200
2021-02-11,165.14999,165.67999,163.74001,164.83,468500
2021-02-12,163.82001,165.86,160.28,161.69,551700
2021-02-16,161.60001,163.24001,160.17999,161.57001,810800
2021-02-17,161.14,161.97,160.059998,160.78,753900
2021-02-18,160.39999,161.24001,159.67999,160.14999,1157200
2021-02-19,160.38,160.64999,156.46001,156.66,741500
2021-02-22,155.17999,156.60001,150.82001,151.81,1191500
2021-02-23,152.0099945,153.75999,150.63,153.14999,984700
2021-02-24,153.0,153.33,149.82001,149.94,1204000
2021-02-25,149.67,149.87,145.029999,145.64,1353500
2021-02-26,146.13,147.36,141.78,141.88,1986300
2021-03-01,144.21001,145.78999,143.49001,144.0099945,1188100
2021-03-02,143.62,144.45,139.28999,139.64,1512800
2021-03-03,138.88,139.45,131.0099945,132.13,2149400
2021-03-04,135.020004,138.75,132.55,134.97,3108600
2021-03-05,134.45,136.52,132.37,136.0099945,1720200
2021-03-08,136.71001,137.89,133.72,133.87,1457200
2021-03-09,135.53999,137.46001,134.52,136.83,2495600
2021-03-10,137.3,137.64999,135.62,136.38,2165000
2021-03-11,137.52,138.41,136.070007,137.039993,1755600
2021-03-12,137.89,139.53999,136.46001,139.13,1029600
2021-03-15,139.5,141.029999,138.73,140.31,1296200
2021-03-16,140.52,142.67,140.5,141.16,1136600
2021-03-17,140.42999,140.88,138.73,139.38,1209300
2021-03-18,138.69,139.50999,137.39999,139.0,1200400
2021-03-19,139.039993,139.53999,136.89999,138.36,2216400
2021-03-22,138.86,140.11,138.25999,140.050003,1027300
2021-03-23,140.19,144.50999,139.75,144.14999,1033500
2021-03-24,143.020004,145.53999,142.28,144.91,1256700
2021-03-25,145.080002,147.27,144.60001,145.21001,1211200
2021-03-26,145.050003,146.47,142.38,146.32001,1163500
2021-03-29,146.32001,148.78999,145.66,147.91,940500
2021-03-30,147.92999,148.27,145.95,146.85001,768700
2021-03-31,147.49001,150.53,147.10001,149.92,1221000
2021-04-01,150.64,151.83,149.59,150.59,855400
2021-04-05,150.27,152.37,150.25,152.029999,577400
2021-04-06,151.84,153.19,150.89,152.8,848200
2021-04-07,153.050003,153.86,151.86,152.92999,611600
2021-04-08,153.63,153.78,151.17999,151.69,657300
2021-04-09,152.059998,152.64999,150.96001,151.67999,609700
2021-04-12,151.64999,153.39,151.36,152.25,742100
2021-04-13,151.34,155.84,151.28,155.41,738700
2021-04-14,154.71001,157.19,153.95,157.13,929100
2021-04-15,157.14999,159.31,157.14999,159.16,1069200
2021-04-16,160.0,160.32001,158.82001,160.12,1341700
2021-04-19,160.24001,160.56,157.98,158.72,835100
2021-04-20,159.0,162.39999,158.86,161.31,850100
2021-04-21,162.28999,162.5,159.83,161.0,623200
2021-04-22,161.0,162.38,160.47,161.42999,653700
2021-04-23,161.5,161.85001,159.28999,159.36,1044900
2021-04-26,159.47,159.67999,156.44,157.71001,938500
2021-04-27,157.94,158.080002,154.55,155.10001,1373100
2021-04-28,155.28999,155.49001,153.53,154.34,699300
2021-04-29,154.5,156.69,154.0099945,154.44,752600
2021-04-30,154.67,156.020004,154.13,155.99001,1012100
2021-05-03,156.16,156.81,154.74001,155.5,598000
2021-05-04,154.52,156.73,153.31,155.28999,956300
2021-05-05,154.41,155.14999,151.17999,153.059998,714100
2021-05-06,152.92,154.14,152.14,153.2,751300
2021-05-07,153.2,155.82001,152.61,152.77,795900
2021-05-10,152.31,156.55,152.13,156.0,2008300
2021-05-11,155.8,155.8,152.57001,153.7,667600
2021-05-12,152.8,152.98,149.14999,149.59,837100
2021-05-13,149.60001,152.66,149.3,152.0,560700
2021-05-14,152.16,153.84,152.0,152.83,830800
2021-05-17,152.64999,153.83,150.8,150.85001,540400
2021-05-18,150.89999,151.94,149.85001,151.089996,515500
2021-05-19,150.57001,152.12,150.11,152.070007,605600
2021-05-20,152.14,154.91,152.14,154.42,703400
2021-05-21,154.66,156.35001,154.16,155.12,1605300
2021-05-24,155.60001,156.49001,154.74001,154.84,450100
2021-05-25,154.84,155.73,153.59,154.92,581500
2021-05-26,155.28999,155.78,153.96001,154.97,485100
2021-05-27,156.0,156.050003,153.10001,153.42,1029500
2021-05-28,154.67,155.95,153.89,155.020004,562200
2021-06-01,155.88,156.17,154.13,154.25999,619300
2021-06-02,154.23,156.13,153.77,155.42999,504100
2021-06-03,154.0099945,156.67999,154.0099945,156.039993,720800
2021-06-04,156.21001,157.2,156.0099945,156.42999,403200
2021-06-07,156.55,157.64999,156.23,157.47,487600
2021-06-08,157.8,158.020004,156.029999,156.81,479800
2021-06-09,157.38,158.39,156.59,157.60001,644500
2021-06-10,157.77,160.0,157.21001,159.73,541500
2021-06-11,159.8,160.44,159.25999,160.36,745500
2021-06-14,160.53,161.5,158.45,160.48,735400
2021-06-15,160.5,162.52,160.020004,161.78999,640700
2021-06-16,162.56,163.0,158.36,158.47,795500
2021-06-17,158.13,162.42999,157.87,162.2,619700
2021-06-18,161.11,161.81,157.37,157.53999,1741100
2021-06-21,157.92999,161.64,156.36,161.3,808800
2021-06-22,161.81,162.56,159.64,159.7,581800
2021-06-23,159.83,160.0,155.95,156.37,855100
2021-06-24,157.49001,157.53999,153.67,154.75999,867500
2021-06-25,154.75999,155.38,153.39,155.23,1041300
2021-06-28,155.61,158.85001,155.61,157.33,742900
2021-06-29,156.44,158.25,155.41,155.48,655300
2021-06-30,155.75999,156.53999,153.33,154.13,627700
2021-07-01,154.22,155.89999,153.45,155.57001,497200
2021-07-02,155.92999,156.94,155.49001,156.88,397700
2021-07-06,157.8,159.98,156.56,159.88,761300
2021-07-07,160.0,163.60001,159.36,163.38,871300
2021-07-08,162.57001,163.99001,161.070007,161.58,569900
2021-07-09,161.64999,162.49001,160.46001,162.28,519800
2021-07-12,162.25,163.22,161.56,162.98,414500
2021-07-13,162.84,163.89999,161.61,162.25,473900
2021-07-14,162.21001,164.089996,161.25999,163.24001,363800
2021-07-15,162.39999,166.5,162.22,166.11,627000
2021-07-16,166.53999,169.77,166.2,168.31,629800
2021-07-19,167.36,168.95,164.78999,167.36,768500
2021-07-20,167.97,169.45,165.71001,166.7,955100
2021-07-21,166.42,166.42,162.72,163.49001,749200
2021-07-22,163.59,164.85001,163.17,164.42,535900
2021-07-23,164.77,167.36,164.50999,167.27,603100
2021-07-26,166.5,167.039993,164.96001,166.17999,556300
2021-07-27,166.38,170.74001,165.56,170.2,584200
2021-07-28,170.14999,170.86,168.60001,170.35001,484800
2021-07-29,170.50999,171.31,169.66,170.73,406100
2021-07-30,170.57001,172.10001,169.94,170.11,631200
2021-08-02,169.98,172.27,169.83,172.25,621800
2021-08-03,173.25,176.84,172.10001,175.3,912800
2021-08-04,172.14,177.14999,172.059998,176.47,1084800
2021-08-05,177.0,180.080002,176.0,179.67,525200
2021-08-06,179.92999,180.42,177.36,177.45,1000300
2021-08-09,178.10001,178.52,175.5,177.12,985600
2021-08-10,177.2,177.32001,175.50999,176.0099945,624000
2021-08-11,176.46001,177.050003,174.53,175.56,728800
2021-08-12,175.7,177.94,175.31,177.45,789000
2021-08-13,177.67999,179.089996,176.85001,178.92,649900
2021-08-16,178.99001,181.75,178.74001,181.5,617600
2021-08-17,181.33,181.60001,179.53999,181.39,579100
2021-08-18,181.17999,181.33,178.98,179.88,583100
2021-08-19,180.25999,182.42,179.42999,181.77,549100
2021-08-20,181.45,184.64,180.5,184.10001,666600
2021-08-23,184.10001,185.24001,181.34,182.2,993500
2021-08-24,181.74001,181.96001,179.0,180.60001,745800
2021-08-25,180.60001,181.42999,179.56,180.88,502400
2021-08-26,180.50999,181.67,179.75999,181.22,520800
2021-08-27,181.61,182.32001,180.0099945,180.31,748700
2021-08-30,181.17,183.31,180.78999,182.58,520100
2021-08-31,182.58,183.72,181.81,182.25,918100
2021-09-01,180.67999,185.17999,180.67999,184.42999,751700
2021-09-02,185.0,186.92,184.5,186.85001,460000
2021-09-03,186.10001,187.020004,184.58,185.14999,466300
2021-09-07,185.24001,185.78999,182.89,184.0,608700
2021-09-08,184.0099945,189.35001,183.50999,188.75,590000
2021-09-09,187.75999,188.88,186.53999,187.53999,987900
2021-09-10,188.25999,188.25999,184.7,184.78999,518600
2021-09-13,186.039993,186.53,182.45,183.14,690200
2021-09-14,184.059998,185.16,183.14999,184.88,483300
2021-09-15,184.75,185.52,182.89999,183.64999,738000
2021-09-16,184.24001,184.95,181.13,181.7,724000
2021-09-17,179.69,181.41,177.53999,178.039993,1961900
2021-09-20,177.27,180.75,176.039993,179.25,645200
2021-09-21,179.48,181.14,178.33,178.46001,604700
2021-09-22,179.0,179.48,176.32001,177.72,619900
2021-09-23,177.62,179.61,177.21001,177.83,665800
2021-09-24,177.83,178.96001,176.0,176.78999,470400
2021-09-27,174.28999,174.75999,170.55,170.71001,922400
2021-09-28,170.11,170.2,167.98,168.19,725000
2021-09-29,168.57001,172.0,167.87,170.3,689700
2021-09-30,171.17,171.48,168.89999,169.039993,863900
2021-10-01,168.7,170.39,167.5,168.34,662600
2021-10-04,168.59,171.73,168.23,170.91,730500
2021-10-05,171.39,172.44,170.63,171.60001,577500
2021-10-06,171.16,174.2,170.080002,174.17999,488000
2021-10-07,174.52,175.88,172.21001,172.47,497800
2021-10-08,172.28999,173.39999,169.7,170.83,442600
2021-10-11,170.10001,170.92999,168.38,168.86,746000
2021-10-12,168.8,170.28,167.91,169.53999,499400
2021-10-13,169.84,170.46001,168.25999,169.39999,773700
2021-10-14,169.91,171.73,169.91,171.17999,547200
2021-10-15,171.31,171.86,170.21001,171.42,659200
2021-10-18,170.72,171.38,169.36,170.39,531900
2021-10-19,171.66,173.41,171.23,172.64999,594500
2021-10-20,174.059998,175.63,173.27,173.97,556800
2021-10-21,174.25999,176.28999,173.13,173.55,743000
2021-10-22,173.92999,176.47,173.84,175.81,537700
2021-10-25,174.48,176.99001,174.0099945,174.85001,585000
2021-10-26,174.94,176.66,174.47,174.95,540400
2021-10-27,175.95,176.10001,173.039993,173.22,519900
2021-10-28,173.14,175.44,173.050003,175.31,472100
2021-10-29,175.0,176.32001,173.35001,174.17999,779900
2021-11-01,174.28999,174.84,170.99001,173.69,726500
2021-11-02,174.78,176.84,173.92,176.8,962000
2021-11-03,172.0,174.0,166.21001,168.0099945,1637900
2021-11-04,165.67,169.17,165.67,168.77,1145800
2021-11-05,168.75999,170.61,167.85001,169.66,657200
2021-11-08,169.22,169.81,166.58,169.0099945,953000
2021-11-09,169.52,170.39,168.41,169.52,528300
2021-11-10,169.080002,172.029999,168.99001,172.0,779200
2021-11-11,172.2,172.24001,169.41,170.64999,525900
2021-11-12,171.080002,171.080002,169.059998,170.74001,393300
2021-11-15,171.22,173.12,170.88,172.67999,491700
2021-11-16,172.89,173.0,170.23,170.74001,636400
2021-11-17,170.53999,170.81,168.050003,170.75,709000
2021-11-18,171.050003,172.83,170.83,171.49001,606500
2021-11-19,172.42999,173.91,171.2,173.38,746300
2021-11-22,172.99001,175.96001,171.47,174.57001,650700
2021-11-23,174.42999,175.77,172.52,173.080002,571500
2021-11-24,173.0,173.84,171.35001,173.41,404200
2021-11-26,172.39999,174.59,170.0099945,170.31,399300
2021-11-29,171.50999,173.89999,169.87,173.32001,623800
2021-11-30,172.53999,174.28,168.5,168.57001,1561900
2021-12-01,168.080002,171.89,166.56,167.8,937500
2021-12-02,168.69,171.47,168.45,170.37,835900
2021-12-03,171.57001,171.82001,167.64,171.63,831100
2021-12-06,172.28,174.87,171.85001,173.92,611200
2021-12-07,174.25999,177.42999,173.61,176.52,663900
2021-12-08,176.89,178.11,175.50999,176.75999,636900
2021-12-09,176.5,176.64,174.84,175.82001,870300
2021-12-10,176.63,178.36,175.45,176.14,593800
2021-12-13,175.91,182.050003,175.91,180.89999,830500
2021-12-14,180.74001,181.22,178.089996,179.3,632400
2021-12-15,180.16,182.34,180.14999,182.27,622200
2021-12-16,181.83,183.95,181.39,182.92999,750900
2021-12-17,182.66,184.85001,182.25,183.11,2131400
2021-12-20,181.53999,183.25999,179.55,182.62,715700
2021-12-21,183.59,184.11,179.17,181.27,952800
2021-12-22,180.64999,183.5,180.14999,183.37,457700
2021-12-23,183.55,183.75,181.8,182.080002,322800
2021-12-27,183.23,184.25,181.95,183.58,428600
2021-12-28,183.74001,186.16,183.28999,186.14,375000
2021-12-29,186.5,187.72,185.27,187.39,373700
2021-12-30,187.12,188.73,186.27,188.029999,373700
2021-12-31,188.0,189.64999,187.49001,188.86,382200
2022-01-03,188.97,189.25,182.2,184.14,712600
2022-01-04,184.020004,184.78,179.39999,179.42,1139700
2022-01-05,177.3,180.28999,177.25,178.10001,1133500
2022-01-06,177.62,178.89999,174.78999,175.3,1057500
2022-01-07,172.84,174.46001,171.039993,173.5,1199700
2022-01-10,172.67999,172.95,167.14999,170.029999,1082000
2022-01-11,170.17999,171.089996,165.92,168.31,759500
2022-01-12,167.46001,169.61,165.5,169.17999,863900
2022-01-13,169.14,170.33,167.53,168.089996,858800
2022-01-14,167.83,167.97,160.64999,163.57001,1568600
2022-01-18,161.039993,163.73,159.71001,162.0099945,1166900
2022-01-19,161.59,164.33,160.77,161.020004,940900
2022-01-20,161.56,164.7,159.53,162.7,1067300
2022-01-21,164.080002,165.34,161.17999,161.39,910200
2022-01-24,160.8,162.64,155.25,159.78999,1417600
2022-01-25,157.78,159.88,155.44,157.0,1147000
2022-01-26,157.45,159.47,154.57001,155.55,1090300
2022-01-27,156.88,159.41,155.66,156.14999,921300
2022-01-28,156.27,157.84,153.36,157.84,903300
2022-01-31,157.12,161.12,156.67999,160.8,966500
2022-02-01,161.0,161.44,156.57001,158.71001,904800
2022-02-02,158.39,160.98,157.24001,160.82001,863100
2022-02-03,159.25,159.74001,157.3,157.50999,732500
2022-02-04,156.57001,157.31,153.77,155.5,895600
2022-02-07,155.7,156.21001,153.53,155.42,942400
2022-02-08,155.5,157.83,155.059998,155.66,912000
2022-02-09,156.99001,157.14999,154.42999,155.73,904800
2022-02-10,152.75,154.25999,150.050003,150.41,854100
2022-02-11,151.34,152.27,148.38,149.46001,950200
2022-02-14,149.47,150.91,146.19,148.029999,1232400
2022-02-15,149.39999,149.62,145.39,146.77,1849100
2022-02-16,147.059998,147.10001,144.34,146.28999,1870200
2022-02-17,147.92,149.14999,144.2,148.059998,1407700
2022-02-18,147.0,149.47,146.24001,148.25999,2489500
2022-02-22,147.16,149.45,145.28999,147.83,1098300
2022-02-23,149.3,150.059998,146.58,146.73,997800
2022-02-24,144.95,149.039993,144.66,148.60001,1234100
2022-02-25,149.5,152.77,148.92,152.69,1150000
2022-02-28,152.37,152.97,149.28,151.089996,3606100
2022-03-01,151.28999,153.21001,148.67999,151.020004,1356600
2022-03-02,150.63,152.53,150.58,152.10001,821700
2022-03-03,152.5,155.66,152.5,154.94,1084600
2022-03-04,155.039993,161.44,154.94,161.039993,1597000
2022-03-07,161.72,161.99001,158.10001,159.22,1244400
2022-03-08,157.41,159.32001,153.52,154.25,1363200
2022-03-09,155.96001,156.77,152.61,153.78999,881200
2022-03-10,153.24001,153.28999,151.14999,153.13,958700
2022-03-11,153.33,154.92999,151.25999,152.080002,964500
2022-03-14,153.61,154.95,151.64,152.62,1013400
2022-03-15,154.96001,156.33,153.28999,155.95,677100
2022-03-16,156.059998,156.95,154.13,156.14999,985400
2022-03-17,156.12,158.74001,155.77,157.42999,638400
2022-03-18,157.97,160.75999,157.5,158.72,1800700
2022-03-21,158.10001,159.94,156.38,157.0099945,657300
2022-03-22,157.11,157.67,155.27,156.58,876800
2022-03-23,156.67,157.28999,155.33,155.60001,760200
2022-03-24,156.039993,158.25,155.61,158.14999,520800
2022-03-25,158.57001,159.63,157.83,159.55,507100
2022-03-28,160.49001,161.42,159.46001,161.42,512700
2022-03-29,163.53999,164.53999,162.69,164.44,678500
2022-03-30,164.41,166.089996,163.020004,165.85001,715200
2022-03-31,165.78,167.47,165.52,165.53,986900
2022-04-01,165.73,168.97,164.34,168.84,590500
2022-04-04,168.32001,168.53,164.62,166.25,607500
2022-04-05,166.57001,168.64999,166.44,167.64,871300
2022-04-06,167.53999,169.44,167.12,168.99001,897000
2022-04-07,169.88,171.77,167.60001,171.14,822100
2022-04-08,171.050003,173.87,169.60001,169.87,773100
2022-04-11,170.0,170.81,168.0,169.22,873600
2022-04-12,169.0,171.12,168.25999,168.55,777000
2022-04-13,168.55,168.95,166.42,167.14999,825600
2022-04-14,167.82001,168.67999,166.070007,166.16,581900
2022-04-18,166.10001,167.14,161.5,162.44,635000
2022-04-19,162.89,164.57001,162.13,164.38,582300
2022-04-20,166.039993,169.13,165.55,167.56,783800
2022-04-21,167.96001,169.16,165.17999,165.31,942600
2022-04-22,165.49001,166.50999,163.11,164.2,993100
2022-04-25,164.8,164.83,158.23,160.81,820300
2022-04-26,160.48,161.53,157.91,158.25999,726300
2022-04-27,157.39999,159.039993,156.020004,156.24001,921000
2022-04-28,156.38,161.33,155.77,160.67999,786500
2022-04-29,159.17999,159.89,153.73,154.080002,1358600
2022-05-02,154.84,154.92999,147.56,148.83,1349300
2022-05-03,149.070007,153.059998,148.96001,149.62,1111900
2022-05-04,149.99001,152.77,148.95,152.5,852500
2022-05-05,151.55,152.37,147.11,148.36,693300
2022-05-06,146.83,149.64,146.64,149.0099945,1110000
2022-05-09,147.28,147.94,144.94,145.78999,953900
2022-05-10,146.0099945,148.12,142.63,143.55,1065600
2022-05-11,143.64,146.22,143.14,144.039993,1004000
2022-05-12,144.24001,146.23,143.74001,145.82001,1255200
2022-05-13,147.029999,147.91,145.11,146.48,710800
2022-05-16,146.34,148.070007,145.7,145.97,780800
2022-05-17,146.73,146.73,143.92,146.41,664300
2022-05-18,146.45,147.58,143.92,144.28,676800
2022-05-19,144.070007,145.47,142.36,145.050003,940300
2022-05-20,145.83,146.66,143.23,145.57001,2038000
2022-05-23,147.28,148.62,146.14,148.36,972500
2022-05-24,148.42,149.10001,144.13,148.47,1315500
2022-05-25,147.85001,148.64,146.31,146.89,677200
2022-05-26,148.37,149.42999,147.81,148.82001,829700
2022-05-27,148.86,152.089996,148.39,151.75999,843700
2022-05-31,150.59,151.84,147.32001,151.25,1555900
2022-06-01,151.75,153.7,151.3,151.92,1237900
2022-06-02,152.74001,155.28,150.17999,155.059998,812900
2022-06-03,154.050003,156.46001,153.67,155.14999,768700
2022-06-06,156.16,157.27,154.92,155.10001,606300
2022-06-07,154.64999,157.21001,153.57001,156.85001,827900
2022-06-08,155.86,156.39,152.91,153.60001,532000
2022-06-09,153.11,154.85001,150.42999,150.56,704600
2022-06-10,148.089996,149.8,146.11,148.27,845000
2022-06-13,145.82001,145.87,140.14999,140.66,1044500
2022-06-14,140.71001,140.71001,132.16,133.47,1299500
2022-06-15,134.69,137.33,132.39,135.020004,1061900
2022-06-16,132.58,133.36,129.92,130.88,1070000
2022-06-17,129.66,132.67999,129.45,131.84,1640400
2022-06-21,132.89999,135.029999,132.23,134.44,953900
2022-06-22,133.16,138.99001,133.16,137.0099945,897400
2022-06-23,137.98,144.77,137.75,144.58,1136400
2022-06-24,146.029999,148.66,144.67,148.34,1079400
2022-06-27,147.88,149.2,147.050003,148.95,881800
2022-06-28,149.089996,149.50999,144.98,145.10001,772700
2022-06-29,145.61,146.27,144.5,145.82001,671300
2022-06-30,145.49001,149.48,144.050003,148.77,923600
2022-07-01,149.52,155.14999,149.12,153.42999,1477500
2022-07-05,152.75,152.89999,147.73,149.64999,1228900
2022-07-06,150.39,153.53999,149.39,152.24001,640600
2022-07-07,152.13,154.3,151.050003,153.23,734900
2022-07-08,152.48,153.17999,150.75999,150.86,437800
2022-07-11,150.41,151.21001,148.029999,150.17,607200
2022-07-12,149.38,151.94,147.37,148.029999,549200
2022-07-13,146.67,149.2,146.23,148.020004,599400
2022-07-14,144.97,146.78999,144.75999,146.53999,757300
2022-07-15,147.67999,148.92999,145.35001,148.57001,766700
2022-07-18,148.039993,148.039993,144.91,145.070007,645100
2022-07-19,146.34,147.47,145.53,146.77,667200
2022-07-20,147.48,147.48,144.11,144.71001,825100
2022-07-21,144.74001,146.059998,143.32001,145.95,942300
2022-07-22,146.82001,148.77,146.49001,148.22,676500
2022-07-25,148.14,149.95,147.49001,149.83,467900
2022-07-26,149.37,150.75,148.84,150.56,683100
2022-07-27,150.74001,151.75999,149.33,151.27,733600
2022-07-28,151.82001,155.53999,150.12,155.50999,957500
2022-07-29,155.72,157.37,155.14,155.44,777700
2022-08-01,154.74001,156.71001,154.60001,156.63,568700
2022-08-02,157.92,158.41,155.38,155.48,670200
2022-08-03,155.63,158.070007,153.62,157.64999,754200
2022-08-04,157.86,159.24001,156.25,158.64,690000
2022-08-05,158.34,158.53999,153.98,155.64,773800
2022-08-08,156.25999,157.67,154.059998,155.14999,565500
2022-08-09,155.47,157.21001,155.070007,155.37,618000
2022-08-10,156.87,157.50999,155.020004,156.77,687300
2022-08-11,157.10001,158.21001,155.070007,155.2,602800
2022-08-12,156.27,158.41,155.7,158.33,484600
2022-08-15,158.33,159.81,157.55,159.24001,439600
2022-08-16,158.14999,159.88,157.53999,159.5,495400
2022-08-17,159.10001,159.95,158.17999,158.94,466800
2022-08-18,159.11,159.39,157.69,158.75,481800
2022-08-19,158.52,159.46001,157.45,157.81,619900
2022-08-22,156.59,157.64999,154.55,155.17999,499500
2022-08-23,154.69,154.69,151.23,152.8,866200
2022-08-24,153.10001,154.61,152.25999,154.53,777600
2022-08-25,154.91,155.47,153.61,155.32001,442900
2022-08-26,155.75999,155.75999,151.039993,151.089996,587600
2022-08-29,150.33,152.87,149.67,151.64,423900
2022-08-30,151.96001,152.96001,149.97,150.49001,565700
2022-08-31,151.47,152.60001,148.31,148.45,1029400
2022-09-01,148.45,151.50999,147.75,151.48,609800
2022-09-02,151.74001,153.089996,147.28,148.12,717400
2022-09-06,148.3,150.81,148.0099945,148.42,610700
2022-09-07,149.36,153.73,149.16,153.34,742200
2022-09-08,152.42,155.14,151.63,154.52,593000
2022-09-09,155.34,156.7,154.48,154.89999,641800
2022-09-12,154.69,157.10001,154.3,156.87,556900
2022-09-13,154.71001,155.45,151.46001,152.14,832300
2022-09-14,151.98,154.78,151.88,153.48,756200
2022-09-15,152.58,152.62,147.38,147.86,947800
2022-09-16,147.86,149.64,147.14,148.39999,1581600
2022-09-19,148.0,148.67,145.78999,148.55,598300
2022-09-20,147.21001,147.21001,144.31,145.44,662300
2022-09-21,146.46001,148.53,144.31,144.32001,598900
2022-09-22,143.42999,143.89,142.13,142.78999,468900
2022-09-23,141.32001,141.88,138.91,140.91,641800
2022-09-26,139.58,140.25999,136.45,137.33,830600
2022-09-27,138.66,139.050003,133.67,134.71001,691600
2022-09-28,136.19,138.25,134.46001,137.42,712400
2022-09-29,136.16,137.070007,133.039993,133.2,828500
2022-09-30,134.46001,134.63,129.91,130.16,1380200
2022-10-03,132.41,135.16,130.78999,134.35001,980800
2022-10-04,135.16,137.57001,134.94,136.52,711700
2022-10-05,134.7,134.8,131.86,133.39999,677800
2022-10-06,132.82001,133.11,130.61,131.24001,1026800
2022-10-07,130.46001,130.78999,125.93,127.45,1051800
2022-10-10,127.58,128.85001,127.050003,127.44,759400
2022-10-11,127.0,129.22,126.56,127.72,830200
2022-10-12,127.74,127.74,125.029999,126.010002,1295900
2022-10-13,123.48,129.48,122.77,128.98,1322300
2022-10-14,130.49001,131.73,127.64,128.44,1190300
2022-10-17,130.39,132.58,130.0099945,131.42,1026300
2022-10-18,133.88,135.0,132.37,134.77,920200
2022-10-19,133.17,134.050003,132.029999,134.0,950800
2022-10-20,134.37,134.39,129.33,129.92999,1324800
2022-10-21,130.63,133.75999,129.020004,132.75999,1292500
2022-10-24,134.37,136.39999,133.24001,135.96001,1014700
2022-10-25,136.57001,139.98,136.48,139.55,971000
2022-10-26,140.2,141.25999,138.71001,139.22,721800
2022-10-27,140.62,142.94,140.25,142.020004,1021600
2022-10-28,142.39,146.029999,142.39,145.94,845900
2022-10-31,145.92,146.080002,144.080002,145.34,956300
2022-11-01,147.62,149.41,141.45,141.84,1791800
2022-11-02,141.96001,143.50999,138.12,138.16,1523900
2022-11-03,136.45,139.10001,135.72,137.84,1029000
2022-11-04,138.5,139.64,136.77,139.039993,800700
2022-11-07,138.55,138.66,135.61,138.039993,718600
2022-11-08,137.75999,140.45,137.14,139.78999,581800
2022-11-09,139.37,140.47,138.089996,139.46001,680900
2022-11-10,144.59,147.64999,142.34,147.50999,969100
2022-11-11,147.17,147.17,142.67999,145.94,1403500
2022-11-14,146.0,147.57001,144.75,144.75,787500
2022-11-15,146.17999,147.17999,144.69,146.020004,708900
2022-11-16,146.24001,147.92,145.84,147.050003,767900
2022-11-17,145.3,146.23,141.84,142.85001,773800
2022-11-18,144.62,147.10001,143.99001,146.71001,868500
2022-11-21,147.32001,150.32001,147.21001,147.72,739000
2022-11-22,148.21001,149.82001,147.020004,148.22,561200
2022-11-23,148.13,151.48,148.13,151.25999,743700
2022-11-25,151.97,153.37,151.50999,152.89999,351500
2022-11-28,151.42,151.82001,149.28,149.75,704800
2022-11-29,148.72,148.88,146.34,147.14,533600
2022-11-30,146.78999,151.92999,146.57001,151.75999,1467400
2022-12-01,153.5,155.53,152.35001,154.0099945,811800
2022-12-02,152.33,154.55,151.57001,153.74001,584500
2022-12-05,152.31,153.69,151.78999,153.17999,589400
2022-12-06,153.0,155.33,152.71001,154.67999,887500
2022-12-07,154.69,155.97,152.87,153.78999,589600
2022-12-08,153.60001,155.46001,153.12,155.41,557100
2022-12-09,154.49001,156.94,154.49001,156.14,678900
2022-12-12,157.61,157.67,155.11,156.99001,995600
2022-12-13,159.88,161.91,156.3,159.19,783300
2022-12-14,159.37,161.19,157.070007,158.35001,678200
2022-12-15,157.8,158.37,155.37,156.42,675700
2022-12-16,154.82001,155.72,150.8,152.39999,1919300
2022-12-19,152.0099945,153.97,150.69,151.48,686300
2022-12-20,151.25999,151.67,149.63,150.25999,991200
2022-12-21,150.69,152.89,150.34,152.53,598700
2022-12-22,151.7,152.39999,149.089996,151.92999,539600
2022-12-23,152.0,153.24001,151.71001,153.020004,440300
2022-12-27,152.67999,154.89999,151.94,154.28,392800
2022-12-28,154.67999,155.53999,152.59,153.12,580600
2022-12-29,154.050003,155.53999,153.63,154.78,476700
2022-12-30,154.53,154.71001,150.99001,152.42,550700
2023-01-03,153.77,155.0099945,151.73,154.10001,640800
2023-01-04,155.53999,158.46001,154.72,157.17,668700
2023-01-05,155.87,157.25,153.89999,154.67,975700
2023-01-06,155.17999,159.080002,155.17999,158.25999,541200
2023-01-09,157.83,161.27,157.41,158.44,789700
2023-01-10,158.13,161.11,157.47,160.77,715700
2023-01-11,161.0,162.39,160.059998,161.42,854300
2023-01-12,161.22,161.24001,159.059998,159.42,569400
2023-01-13,158.19,159.78999,157.85001,158.87,537800
2023-01-17,158.82001,159.33,156.52,157.24001,814500
2023-01-18,158.17,158.46001,152.059998,152.69,786700
2023-01-19,152.78,152.97,150.13,150.19,493600
2023-01-20,149.91,151.64999,148.16,151.53999,756600
2023-01-23,150.89999,152.57001,149.089996,150.97,643700
2023-01-24,150.46001,154.72,150.020004,154.53999,656600
2023-01-25,153.67,155.64,152.64,155.50999,848000
2023-01-26,155.10001,156.39,154.28999,156.2,812700
2023-01-27,155.63,157.89999,155.52,157.020004,759100
2023-01-30,156.63,158.46001,154.92,155.0,813100
2023-01-31,155.31,156.49001,154.12,156.49001,967400
2023-02-01,155.97,159.49001,155.2,158.62,962800
2023-02-02,159.41,162.59,158.029999,160.60001,925500
2023-02-03,158.95,159.95,155.10001,156.61,1316800
2023-02-06,155.050003,156.5,154.78999,156.41,1156800
2023-02-07,155.41,156.33,153.42999,155.47,1006100
2023-02-08,155.0,155.16,150.36,150.69,1652700
2023-02-09,151.37,153.14,148.63,149.059998,916000
2023-02-10,149.070007,150.47,147.77,150.45,825600
2023-02-13,151.050003,152.39999,150.53999,151.71001,746100
2023-02-14,151.42,151.92999,148.49001,149.31,845800
2023-02-15,148.63,149.56,148.14,149.25,689800
2023-02-16,146.86,147.89,144.14999,147.46001,1445300
2023-02-17,147.16,150.64999,146.5,149.61,2711300
2023-02-21,148.53999,148.92999,147.32001,147.66,1106600
2023-02-22,148.12,148.67999,146.3,146.67999,633000
2023-02-23,147.0,147.36,143.55,143.86,1018200
2023-02-24,142.039993,142.46001,140.34,141.56,917700
2023-02-27,142.58,144.039993,139.2,139.78,1159600
2023-02-28,139.059998,141.85001,138.50999,140.38,2130300
2023-03-01,136.8,140.59,136.7,138.14,6564700
2023-03-02,137.92,139.61,137.64,138.56,5301100
2023-03-03,139.3,140.64999,137.83,139.7,2557500
2023-03-06,140.0,141.28,139.21001,139.92,1368800
2023-03-07,140.10001,140.45,136.12,137.13,1136400
2023-03-08,136.059998,138.48,135.84,138.24001,867500
2023-03-09,138.19,138.53,135.22,135.87,1272900
2023-03-10,136.63,137.22,132.87,133.64999,1489500
2023-03-13,133.72,139.74001,133.17999,136.37,1660700
2023-03-14,138.22,138.72,135.58,137.67,1417700
2023-03-15,137.38,141.28999,136.13,140.63,1523400
2023-03-16,140.67999,142.97,139.81,142.64999,1414200
2023-03-17,142.020004,142.24001,139.98,141.81,2613800
2023-03-20,142.13,143.12,141.72,142.56,1793700
2023-03-21,142.39999,142.74001,136.81,138.86,1431600
2023-03-22,138.37,140.10001,136.36,136.38,1058400
2023-03-23,136.17999,138.22,135.53,136.72,1105800
2023-03-24,137.28,141.92999,136.8,141.84,837600
2023-03-27,142.85001,143.72,140.95,141.67999,861200
2023-03-28,141.25,143.23,140.75999,141.22,675500
2023-03-29,141.89,144.42,141.89,144.14,608800
2023-03-30,144.42,146.0099945,144.2,145.89,766900
2023-03-31,146.47,147.25,144.53,146.49001,1060700
2023-04-03,145.059998,146.50999,144.0099945,145.44,583200
2023-04-04,145.59,147.78999,145.22,147.13,818300
2023-04-05,148.17,150.85001,147.32001,150.21001,905600
2023-04-06,151.0,152.31,150.42,151.88,1059300
2023-04-10,150.89999,151.92999,148.44,151.89,925600
2023-04-11,151.36,152.3,150.78,152.059998,664800
2023-04-12,152.89,153.42999,150.67,150.82001,865300
2023-04-13,150.28,152.050003,149.12,152.0,972800
2023-04-14,150.17,151.45,148.45,149.7,798500
2023-04-17,150.48,150.99001,148.62,149.84,661800
2023-04-18,149.82001,150.28999,147.38,148.10001,664100
2023-04-19,148.64,149.92,148.27,149.0099945,552600
2023-04-20,149.070007,149.64,147.67,149.62,649000
2023-04-21,150.49001,151.8,149.63,150.92999,837100
2023-04-24,151.039993,152.41,150.16,151.50999,988300
2023-04-25,152.22,152.99001,151.74001,152.42,825200
2023-04-26,150.67999,152.039993,148.87,149.050003,805800
2023-04-27,148.14999,149.25,144.48,148.46001,1054400
2023-04-28,148.36,150.22,147.34,148.25,770000
2023-05-01,148.13,148.45,146.57001,146.59,607500
2023-05-02,146.24001,147.60001,144.91,146.74001,826700
2023-05-03,147.72,149.12,146.27,146.49001,591900
2023-05-04,146.99001,148.38,146.070007,147.82001,642500
2023-05-05,147.46001,148.89999,147.12,148.42999,548400
2023-05-08,147.69,148.82001,146.32001,147.47,560000
2023-05-09,147.53,147.95,146.60001,147.88,705800
2023-05-10,148.91,150.19,148.14,149.74001,967400
2023-05-11,149.99001,150.029999,148.0099945,149.42,753100
2023-05-12,150.35001,151.24001,149.17,149.77,850200
2023-05-15,150.42,150.45,147.0,147.56,594200
2023-05-16,147.16,147.46001,143.96001,144.7,789600
2023-05-17,144.91,145.0,143.16,143.61,738400
2023-05-18,142.50999,142.87,140.49001,141.73,719700
2023-05-19,142.53,143.089996,141.39,141.45,727400
2023-05-22,141.5,144.5,141.28999,143.57001,1180600
2023-05-23,143.12,145.070007,142.78999,143.5,952100
2023-05-24,143.59,144.52,142.75999,143.17,684600
2023-05-25,143.38,143.44,141.53999,142.45,864100
2023-05-26,142.88,143.52,141.86,143.46001,879300
2023-05-30,144.0,145.60001,143.029999,143.2,801700
2023-05-31,143.33,144.60001,141.84,144.45,2454100
2023-06-01,144.45,144.50999,142.23,143.57001,1088000
2023-06-02,142.83,146.17999,142.35001,145.78999,917400
2023-06-05,145.39,146.92,144.62,145.91,665800
2023-06-06,146.63,146.63,144.75999,144.78999,588400
2023-06-07,144.25999,147.21001,142.97,147.080002,731000
2023-06-08,146.16,147.45,145.64,147.12,631700
2023-06-09,147.52,147.78,145.36,146.66,866200
2023-06-12,147.14,147.48,144.67,146.029999,867200
2023-06-13,145.23,146.46001,144.71001,146.36,672100
2023-06-14,146.73,148.17999,145.92999,146.11,797800
2023-06-15,146.67999,148.73,144.91,148.089996,711900
2023-06-16,148.14999,150.029999,148.14999,148.98,2041700
2023-06-20,148.31,148.88,146.14,148.11,930300
2023-06-21,147.8,148.67,145.7,148.64,734500
2023-06-22,149.10001,149.10001,147.62,148.5,744600
2023-06-23,148.8,149.44,145.32001,145.75999,975900
2023-06-26,144.7,145.22,139.83,140.23,2614000
2023-06-27,140.21001,143.14999,139.32001,142.88,2290300
2023-06-28,142.77,142.77,140.0,140.98,1308600
2023-06-29,139.99001,141.49001,139.0099945,140.47,969500
2023-06-30,140.75,142.84,140.21001,142.75,1085000
2023-07-03,142.50999,144.059998,141.64,143.97,511700
2023-07-05,143.039993,146.78999,142.98,144.8,1228900
2023-07-06,143.75999,144.17999,142.089996,142.42,941300
2023-07-07,141.34,142.25999,140.71001,141.059998,619500
2023-07-10,140.63,141.44,139.71001,140.60001,717600
2023-07-11,140.62,142.55,140.41,142.53,717400
2023-07-12,143.66,145.96001,142.69,145.44,890400
2023-07-13,145.11,145.53,144.48,145.45,823700
2023-07-14,145.22,146.47,144.35001,146.21001,762800
2023-07-17,145.2,145.96001,144.039993,144.070007,756400
2023-07-18,143.81,145.39,141.37,142.64999,1143100
2023-07-19,143.55,145.45,143.37,143.98,1100900
2023-07-20,144.039993,147.42,143.17,146.94,730500
2023-07-21,147.44,149.35001,146.94,148.82001,752300
2023-07-24,148.92,149.0,146.63,147.72,678600
2023-07-25,147.3,148.57001,146.82001,148.27,868000
2023-07-26,147.50999,149.39999,147.039993,147.78,793100
2023-07-27,150.60001,151.22,147.3,148.49001,1719000
2023-07-28,149.46001,149.49001,146.39,146.94,1018000
2023-07-31,147.22,148.2,146.77,147.42999,994200
2023-08-01,147.16,147.62,144.36,144.46001,970000
2023-08-02,143.71001,146.059998,143.60001,145.67,794800
2023-08-03,144.98,145.28,142.13,142.13,699400
2023-08-04,142.36,143.14999,141.2,141.97,1024800
2023-08-07,141.53999,142.89999,141.53999,142.11,679200
2023-08-08,142.75999,142.75999,140.58,142.070007,911700
2023-08-09,141.63,143.089996,140.33,140.45,859200
2023-08-10,140.96001,141.78999,138.98,139.48,666200
2023-08-11,139.44,140.50999,139.050003,140.2,461300
2023-08-14,140.14999,142.42999,139.0,142.14,1722100
2023-08-15,141.33,141.87,140.64999,140.69,1115900
2023-08-16,141.25999,141.42999,139.67999,140.020004,861100
2023-08-17,140.39999,141.34,138.17999,138.2,604400
2023-08-18,137.99001,139.88,137.99001,138.96001,2192100
2023-08-21,138.31,139.039993,136.58,137.49001,650400
2023-08-22,137.45,138.85001,136.8,138.39999,594600
2023-08-23,139.8,140.039993,138.75,139.55,577600
2023-08-24,139.35001,140.89999,137.85001,138.25,587500
2023-08-25,138.97,140.87,138.75,140.42,638300
2023-08-28,140.87,141.28,140.039993,140.13,424900
2023-08-29,140.059998,140.33,138.99001,140.070007,583000
2023-08-30,140.3,141.77,139.34,139.53,578300
2023-08-31,140.12,140.56,138.64,138.74001,1301400
2023-09-01,139.57001,139.91,136.32001,137.8,681600
2023-09-05,137.35001,137.7,135.16,136.38,896900
2023-09-06,136.87,137.42999,135.029999,135.73,801900
2023-09-07,136.44,138.10001,135.82001,137.71001,727500
2023-09-08,137.8,138.039993,136.91,137.73,999300
2023-09-11,137.42999,139.19,137.42999,138.22,553800
2023-09-12,138.27,138.64999,137.14999,137.56,999600
2023-09-13,137.14,140.0099945,137.11,139.31,925600
2023-09-14,139.94,141.14999,139.78999,140.98,875300
2023-09-15,140.34,140.98,138.36,138.89999,2180900
2023-09-18,139.059998,139.17999,137.7,138.42,782200
2023-09-19,137.97,138.2,137.24001,137.57001,941800
2023-09-20,138.41,139.0099945,136.83,137.2,711200
2023-09-21,136.52,136.98,133.53,133.55,1001300
2023-09-22,133.5,133.66,132.089996,132.25,1071900
2023-09-25,131.60001,132.86,131.42,132.7,897200
2023-09-26,132.28,133.24001,129.63,129.64,1166600
2023-09-27,129.34,130.020004,126.17,126.34,1426500
2023-09-28,126.86,126.86,123.040001,123.58,2229700
2023-09-29,125.21,125.3,122.27,123.83,1962200
2023-10-02,123.0,123.34,118.97,119.75,1688700
2023-10-03,119.15,119.2,115.39,117.0,2451100
2023-10-04,118.0,119.48,115.83,119.35,1565200
2023-10-05,119.13,119.87,117.85,118.73,1105000
2023-10-06,117.0,119.3,115.67,118.85,1240700
2023-10-09,118.69,120.82,118.47,120.8,1089300
2023-10-10,120.87,122.74,120.75,121.86,1222200
2023-10-11,122.69,123.37,120.55,122.22,956000
2023-10-12,121.37,121.98,117.89,118.33,1390000
2023-10-13,118.33,120.44,116.93,118.040001,1720100
2023-10-16,118.51,120.040001,117.040001,119.98,1628800
2023-10-17,118.97,120.42,118.74,120.3,1404500
2023-10-18,120.089996,120.49,116.46,118.14,1541100
2023-10-19,117.48,119.18,116.89,117.019997,1376800
2023-10-20,116.8,117.75,115.64,115.8,1340000
2023-10-23,114.62,116.8,114.25,115.5,1054700
2023-10-24,116.84,118.51,116.26,117.77,996400
2023-10-25,117.29,117.29,115.67,116.5,1049000
2023-10-26,117.12,119.089996,116.98,118.019997,966500
2023-10-27,117.71,118.010002,115.9,116.39,843900
2023-10-30,116.68,117.62,115.52,116.71,1178900
2023-10-31,117.019997,118.12,116.32,117.65,1452300
2023-11-01,117.59,119.44,115.99,118.8,1426200
2023-11-02,120.24,125.16,120.24,124.49,1883600
2023-11-03,127.16,131.49001,126.89,130.039993,2506500
2023-11-06,130.080002,131.25,127.26,127.58,1236100
2023-11-07,128.7,130.17,126.62,126.86,1186400
2023-11-08,126.55,126.55,125.34,126.14,831100
2023-11-09,126.42,126.58,123.94,124.27,929100
2023-11-10,124.99,124.99,122.94,123.5,981100
2023-11-13,122.42,122.83,121.11,121.79,930600
2023-11-14,126.46,129.92,125.92,129.74001,1584200
2023-11-15,129.84,131.56,127.86,130.45,1508500
2023-11-16,131.72,133.0,130.84,130.99001,1346100
2023-11-17,131.55,132.14999,130.63,132.10001,1161500
2023-11-20,130.86,131.99001,129.5,130.67,1465800
2023-11-21,130.97,131.75,130.13,130.83,1093100
2023-11-22,131.73,132.37,130.41,130.47,1021800
2023-11-24,130.35001,132.059998,130.089996,132.059998,595700
2023-11-27,131.64999,132.24001,130.60001,130.75,1244900
2023-11-28,130.39,131.75,129.98,130.66,1048300
2023-11-29,131.44,132.53999,130.49001,131.22,960500
2023-11-30,131.75999,132.91,130.89,131.84,2075600
2023-12-01,131.57001,133.42999,130.63,133.24001,1063800
2023-12-04,131.92999,133.82001,131.77,133.14,801900
2023-12-05,132.86,133.0099945,130.59,131.38,814200
2023-12-06,132.21001,133.039993,131.71001,132.7,720000
2023-12-07,133.039993,133.45,131.75999,132.55,790900
2023-12-08,132.16,132.21001,130.91,131.35001,714800
2023-12-11,130.37,131.37,129.77,130.71001,1037000
2023-12-12,130.92,131.11,130.0,131.029999,1144200
2023-12-13,131.12,135.14999,130.0,135.080002,1414900
2023-12-14,136.7,137.42999,133.75,134.49001,1253600
2023-12-15,133.13,133.85001,130.44,131.75,2258400
2023-12-18,131.83,132.53999,130.3,130.87,1026000
2023-12-19,131.25999,132.64,130.94,132.62,938500
2023-12-20,132.42,133.91,130.75,130.8,1054200
2023-12-21,131.52,132.46001,130.5,131.5,597700
2023-12-22,132.17999,132.95,131.10001,131.56,654400
2023-12-26,131.64999,132.82001,131.35001,132.27,515900
2023-12-27,132.14,132.97,131.67999,132.23,571400
2023-12-28,131.22,133.28,131.22,132.98,604400
2023-12-29,132.47,133.10001,131.41,131.99001,800800
2024-01-02,131.19,134.020004,130.77,133.50999,1132400
2024-01-03,133.2,133.99001,132.44,133.50999,998800
2024-01-04,133.27,133.7,131.44,131.75999,816400
2024-01-05,131.35001,132.89,130.41,131.89,862100
2024-01-08,131.48,133.14,130.73,133.039993,1026400
2024-01-09,132.3,134.84,131.75999,132.74001,1202000
2024-01-10,133.10001,134.3,132.78,133.62,614000
2024-01-11,133.32001,133.57001,130.45,131.53,878600
2024-01-12,132.3,133.050003,131.72,132.21001,673200
2024-01-16,131.41,132.77,130.31,130.41,800800
2024-01-17,128.96001,130.89,127.45,128.42,1301200
2024-01-18,127.99,128.11,125.41,125.83,1083300
2024-01-19,126.050003,126.25,124.48,125.3,1301200
2024-01-22,125.42,127.64,125.3,126.86,1137000
2024-01-23,127.45,128.020004,125.65,126.26,1247800
2024-01-24,127.13,127.29,121.38,121.94,1279600
2024-01-25,123.040001,123.99,122.23,123.98,1196300
2024-01-26,124.6,124.99,122.94,123.16,749000
2024-01-29,124.47,126.35,122.39,125.75,1252100
2024-01-30,125.029999,125.48,123.96,124.4,1056900
2024-01-31,125.51,126.58,123.15,124.019997,1607700
2024-02-01,123.86,125.36,122.92,125.24,1148400
2024-02-02,123.27,124.96,122.27,123.36,1201200
2024-02-05,121.95,122.52,121.18,121.52,1205800
2024-02-06,121.36,122.89,120.61,122.52,1375800
2024-02-07,122.36,123.0,121.37,121.95,1372600
2024-02-08,121.62,122.010002,120.55,121.83,1269200
2024-02-09,121.42,122.62,121.050003,122.2,1231200
2024-02-12,122.16,123.85,121.55,123.64,1301900
2024-02-13,121.72,122.35,118.98,119.78,1789700
2024-02-14,120.0,120.97,119.24,120.48,1462600
2024-02-15,122.32,124.34,120.61,124.26,1749500
2024-02-16,122.2,123.19,120.85,122.82,2005200
2024-02-20,122.089996,123.23,120.49,121.16,2187500
2024-02-21,121.13,122.0,120.41,121.73,2828400
2024-02-22,121.43,121.68,117.81,119.68,2401400
2024-02-23,119.53,119.9,118.32,118.96,1672000
2024-02-26,118.83,118.83,116.7,117.43,1944000
2024-02-27,117.33,118.32,117.029999,118.029999,1464400
2024-02-28,118.22,119.21,117.46,117.91,1443700
2024-02-29,118.79,119.41,117.45,118.54,2159100
2024-03-01,118.18,120.37,116.85,119.68,1789500
2024-03-04,118.91,121.88,118.83,121.7,1274000
2024-03-05,121.87,122.41,118.57,119.26,1479100
2024-03-06,120.15,120.92,119.36,120.31,1313700
2024-03-07,119.56,120.42,118.080002,118.61,2097400
2024-03-08,119.93,120.0,117.84,118.44,2312300
2024-03-11,118.059998,121.07,118.059998,120.33,1574500
2024-03-12,119.53,120.73,118.23,119.18,1821000
2024-03-13,118.98,121.56,118.66,120.54,1293500
2024-03-14,120.12,120.65,117.46,118.48,1354800
2024-03-15,117.019997,118.4,116.65,117.14,4764600
2024-03-18,117.15,118.21,116.38,117.23,1394500
2024-03-19,117.74,118.33,116.93,118.0,1061000
2024-03-20,117.76,118.16,116.7,118.089996,1134200
2024-03-21,118.98,120.17,118.059998,118.21,1026000
2024-03-22,119.059998,119.059998,117.34,117.75,906000
2024-03-25,117.89,118.49,116.99,117.14,1083000
2024-03-26,116.98,117.91,116.59,117.84,1739800
2024-03-27,118.55,121.72,117.97,121.5,1805100
2024-03-28,121.69,122.38,120.44,122.21,2004200
2024-04-01,122.44,122.5,119.54,120.3,913900
2024-04-02,120.11,121.47,118.82,119.56,1183100
2024-04-03,119.19,119.78,118.26,118.93,1101300
2024-04-04,120.099998,120.96,119.26,120.38,1272600
2024-04-05,119.24,120.029999,117.85,118.52,1109000
2024-04-08,118.84,120.46,118.64,120.019997,1217000
2024-04-09,120.78,122.21,120.18,121.85,1492900
2024-04-10,118.99,119.33,117.029999,118.31,2354600
2024-04-11,119.22,119.6,116.9,117.82,1697300
2024-04-12,117.87,117.87,115.97,116.57,1072100
2024-04-15,116.72,117.42,115.13,115.98,1862800
2024-04-16,115.45,115.45,113.34,113.82,2331100
2024-04-17,113.84,115.77,113.53,115.4,1902800
2024-04-18,116.12,117.57,115.089996,117.35,1399800
2024-04-19,117.94,119.39,117.65,118.52,1874300
2024-04-22,118.6,119.79,117.67,119.26,1247600
2024-04-23,119.31,120.55,119.019997,119.87,1255500
2024-04-24,118.79,121.66,118.15,121.36,1297900
2024-04-25,121.37,122.37,119.93,121.55,1404200
2024-04-26,121.69,122.21,120.76,120.78,1058500
2024-04-29,121.73,122.57,121.67,122.28,1686000
2024-04-30,121.51,123.099998,120.99,122.32,1325100
2024-05-01,122.12,125.85,122.089996,125.12,2712500
2024-05-02,123.73,126.089996,122.4,125.95,2778800
2024-05-03,127.82,128.85001,127.22,128.75,1735800
2024-05-06,129.62,130.39,128.21001,130.25,1479500
2024-05-07,131.3,132.46001,130.089996,131.82001,1597700
2024-05-08,131.39999,133.0,131.2,132.87,1417900
2024-05-09,132.87,134.78,132.17999,134.38,1308700
2024-05-10,134.83,135.71001,134.41,135.5,1763600
2024-05-13,135.0,135.53,133.28,133.78,852500
2024-05-14,134.83,135.0,132.86,133.13,1060900
2024-05-15,134.75,135.11,133.080002,133.75,1281700
2024-05-16,133.41,134.61,133.089996,134.27,1248200
2024-05-17,134.14,134.14,133.14,133.75999,924200
2024-05-20,133.8,133.98,132.47,133.57001,914000
2024-05-21,133.59,134.38,132.82001,134.36,716000
2024-05-22,134.11,134.59,133.16,133.75,1495400
2024-05-23,132.84,132.84,128.39999,128.60001,1031800
2024-05-24,128.69,128.92999,127.59,128.23,830300
2024-05-28,128.050003,128.97,126.019997,126.24,1164600
2024-05-29,125.019997,125.29,123.68,124.11,987800
2024-05-30,124.58,126.36,124.11,126.28,886800
2024-05-31,126.87,130.94,126.63,130.77,3003100
2024-06-03,131.13,132.22,130.0099945,130.77,1186000
2024-06-04,130.77,133.16,130.24001,132.82001,1134800
2024-06-05,132.62,132.62,131.11,131.67999,861100
2024-06-06,131.10001,132.16,130.13,130.62,797800
2024-06-07,129.27,129.56,128.14999,128.25,1096100
2024-06-10,128.0,128.85001,127.33,128.56,1185300
2024-06-11,127.52,128.87,127.099998,127.92,1050500
2024-06-12,130.57001,130.88,128.050003,128.13,846700
2024-06-13,128.10001,129.92999,127.19,129.22,947200
2024-06-14,128.41,129.69,127.44,129.3,953800
2024-06-17,128.28,130.029999,127.36,128.72,781900
2024-06-18,128.19,130.64999,128.13,130.47,1085200
2024-06-20,130.5,131.0,129.45,130.25999,1061600
2024-06-21,130.28,131.69,129.46001,130.53999,1960300
2024-06-24,130.83,133.35001,130.69,132.17999,802100
2024-06-25,132.3,132.35001,129.22,129.37,782400
2024-06-26,128.39,129.75,128.13,129.58,691100
2024-06-27,129.3,129.47,127.98,129.27,662100
2024-06-28,129.75,129.92,128.27,129.16,1201900
2024-07-01,129.48,130.96001,127.2,127.76,767300
2024-07-02,128.080002,129.8,127.8,128.46001,665400
2024-07-03,128.60001,129.88,127.85,127.96,402700
2024-07-05,128.63,130.17999,127.21,130.0099945,713900
2024-07-08,130.35001,130.81,129.67,129.92,874600
2024-07-09,129.53999,131.31,128.87,130.72,698200
2024-07-10,131.24001,132.45,130.86,132.23,682000
2024-07-11,133.46001,137.22,133.24001,136.22,1251000
2024-07-12,136.95,140.75,136.75,139.080002,1207400
2024-07-15,138.25,138.56,136.23,136.33,794700
2024-07-16,137.25,139.22,136.82001,139.080002,670100
2024-07-17,139.57001,143.46001,139.080002,142.53,1190600
2024-07-18,141.74001,144.25999,140.52,141.35001,835200
2024-07-19,141.5,142.11,140.37,141.16,855900
2024-07-22,140.91,142.25,140.55,141.8,545900
2024-07-23,141.3,141.81,140.24001,140.49001,573600
2024-07-24,141.11,143.41,140.74001,142.39999,987000
2024-07-25,143.0,144.3,139.3,140.10001,1009100
2024-07-26,141.089996,142.35001,140.37,141.71001,645000
2024-07-29,141.99001,142.0,139.89999,141.36,748300
2024-07-30,141.42999,143.92,141.42999,143.67,848200
2024-07-31,141.67999,142.99001,141.35001,142.36,1124000
2024-08-01,142.99001,145.47,142.13,144.5,1109100
2024-08-02,147.080002,148.16,144.029999,147.35001,1210500
2024-08-05,148.99001,149.0,142.7,142.72,1299200
2024-08-06,144.14999,145.64999,142.95,143.60001,1132200
2024-08-07,143.89,146.39999,143.63,143.78999,797400
2024-08-08,143.42999,146.59,143.16,144.71001,1188200
2024-08-09,144.85001,145.0099945,140.27,142.28,1057100
2024-08-12,142.11,142.78,141.089996,142.56,676700
2024-08-13,142.47,142.72,141.21001,141.39,873200
2024-08-14,141.0,142.8,140.17,141.67,562400
2024-08-15,141.28999,143.0,140.59,142.029999,883700
2024-08-16,142.17,142.7,140.64999,140.98,643700
2024-08-19,141.17,142.070007,141.070007,141.57001,457900
2024-08-20,141.73,142.11,140.95,141.27,520600
2024-08-21,141.089996,141.39,140.029999,140.77,632900
2024-08-22,140.67,141.14999,138.89,140.020004,771800
2024-08-23,140.42,141.14999,139.55,140.42,521400
2024-08-26,141.2,142.25,140.50999,141.059998,418800
2024-08-27,140.50999,141.72,139.69,140.17,553100
2024-08-28,140.83,143.34,139.81,141.77,983100
2024-08-29,141.86,142.41,140.73,141.82001,811200
2024-08-30,142.19,143.50999,141.059998,143.12,1833500
2024-09-03,142.85001,145.24001,142.52,143.48,914400
2024-09-04,143.82001,145.71001,142.99001,144.14999,832600
2024-09-05,145.080002,145.39,143.96001,144.50999,702500
2024-09-06,144.91,145.56,143.56,143.94,871900
2024-09-09,144.050003,146.059998,143.62,146.0099945,837700
2024-09-10,146.42999,148.55,145.85001,148.2,958100
2024-09-11,147.75,147.98,144.75,147.039993,1052700
2024-09-12,146.89,147.73,145.47,147.13,706800
2024-09-13,147.53,148.19,146.60001,148.13,738100
2024-09-16,148.94,149.78,148.52,149.089996,714200
2024-09-17,149.089996,150.67999,148.83,149.89999,1028000
2024-09-18,149.48,150.16,148.11,148.94,1183200
2024-09-19,148.22,149.28,147.14999,149.080002,1190600
2024-09-20,149.080002,149.13,145.74001,147.23,3350400
2024-09-23,147.89,149.10001,147.14999,147.53999,814900
2024-09-24,146.48,147.99001,144.86,145.039993,1838800
2024-09-25,145.7,146.0099945,143.39,144.12,1082300
2024-09-26,143.25999,144.17,142.57001,143.17999,938600
2024-09-27,144.35001,145.64999,144.14,144.92999,796600
2024-09-30,145.24001,146.28,143.53999,146.24001,1791100
2024-10-01,146.47,147.21001,145.17,145.67,1003900
2024-10-02,144.60001,146.98,144.27,146.10001,1324500
2024-10-03,145.88,146.25,144.49001,144.67999,847400
2024-10-04,143.34,144.14,141.71001,142.57001,853600
2024-10-07,142.050003,142.050003,135.7,136.99001,1689100
2024-10-08,137.73,138.42999,137.19,137.39,918700
2024-10-09,136.89,137.8,135.5,136.17999,857900
2024-10-10,133.60001,136.78,133.60001,136.22,876300
2024-10-11,137.0,138.99001,136.66,138.87,689300
2024-10-14,139.24001,140.72,138.98,140.37,597700
2024-10-15,140.39999,142.67,140.32001,141.2,833600
2024-10-16,141.31,142.84,141.28,142.58,651600
2024-10-17,142.28,142.5,140.23,140.78999,585700
2024-10-18,141.0099945,142.2,139.089996,141.96001,818500
2024-10-21,141.94,142.78999,140.7,141.050003,564900
2024-10-22,139.60001,140.99001,138.92999,140.75,888700
2024-10-23,141.25,142.67,141.070007,142.12,1290000
2024-10-24,142.39,142.97,139.74001,139.8,712500
2024-10-25,140.25999,140.25999,137.57001,137.66,592200
2024-10-28,138.89,139.89999,138.17999,138.78999,564800
2024-10-29,137.52,138.13,135.75,135.8,1054600
2024-10-30,136.25,136.91,135.53,135.69,1329800
2024-10-31,137.84,139.99001,135.0,138.11,1544600
2024-11-01,138.35001,138.89,135.97,136.0,1044400
2024-11-04,136.45,136.46001,134.0,135.3,1569000
2024-11-05,135.66,137.13,134.53999,137.11,911400
2024-11-06,133.74001,135.61,131.50999,133.58,2141200
2024-11-07,133.8,134.63,132.69,132.84,1260100
2024-11-08,133.75,136.33,133.5,136.089996,1076000
2024-11-11,135.31,136.53999,134.5,134.77,926800
2024-11-12,133.87,133.87,132.23,132.42999,932800
2024-11-13,133.37,133.97,131.75,132.44,1260300
2024-11-14,132.89,133.41,131.89,132.020004,980600
2024-11-15,132.23,134.38,131.75,134.23,1590400
2024-11-18,133.47,136.89,133.17999,136.67,1373900
2024-11-19,138.039993,138.39999,136.19,138.2,1585000
2024-11-20,138.63,139.17,137.60001,137.89,1096500
2024-11-21,138.42,139.080002,136.7,138.78999,953000
2024-11-22,138.99001,139.71001,137.029999,137.31,1207700
2024-11-25,138.25999,139.37,136.37,136.74001,4339200
2024-11-26,136.75999,137.66,135.10001,137.59,1332800
2024-11-27,138.36,139.49001,137.92,138.31,746600
2024-11-29,137.72,138.58,136.77,136.94,593800
2024-12-02,137.45,137.53,135.029999,135.60001,1000000
2024-12-03,136.14,136.81,134.080002,134.10001,1455800
2024-12-04,133.99001,134.33,130.41,131.0099945,1876600
2024-12-05,131.21001,132.55,130.17999,132.10001,1050100
2024-12-06,131.83,132.78,131.10001,132.37,1308000
2024-12-09,131.97,132.81,130.53999,130.72,1229400
2024-12-10,130.72,131.78999,128.75999,130.98,838100
2024-12-11,130.83,131.59,130.0099945,130.34,822500
2024-12-12,130.39,131.82001,129.61,130.55,739200
2024-12-13,130.23,130.53,129.33,129.59,747800
2024-12-16,129.47,130.94,128.72,128.91,856400
2024-12-17,128.25999,131.17,128.2,129.17999,1114100
2024-12-18,128.19,128.75999,124.4,124.43,1750000
2024-12-19,123.88,125.45,123.83,123.83,1368600
2024-12-20,122.71,126.31,122.71,125.92,3327600
2024-12-23,125.3,126.040001,124.2,125.98,956200
2024-12-24,125.23,126.24,124.72,125.73,470100
2024-12-26,125.16,126.6,124.81,126.16,643700
2024-12-27,125.53,126.57,124.75,125.29,703800
2024-12-30,124.55,124.88,123.41,124.24,793200
2024-12-31,124.53,125.14,123.85,124.49,1016000
2025-01-02,125.61,125.77,123.68,123.86,719100
2025-01-03,124.050003,125.12,123.65,123.77,728500
2025-01-06,122.94,123.040001,120.74,121.97,1044300
2025-01-07,122.33,123.24,121.22,121.63,759100
2025-01-08,120.89,122.71,119.71,122.61,972700
2025-01-10,121.75,122.83,120.92,121.12,1309000
2025-01-13,121.37,121.87,118.74,121.010002,1548100
2025-01-14,121.15,122.74,121.040001,122.52,773300
2025-01-15,124.6,125.029999,122.66,123.53,1278900
2025-01-16,123.24,126.4,122.8,126.36,970600
2025-01-17,126.07,127.44,125.84,126.6,1003200
2025-01-21,127.18,128.39,126.0,126.33,1036100
2025-01-22,125.96,126.8,121.5,121.68,1289400
2025-01-23,121.69,121.9,120.63,121.81,1202000
2025-01-24,121.5,122.43,121.3,121.63,786300
2025-01-27,122.72,130.22,122.59,129.95,2271400
2025-01-28,128.14999,128.78999,125.7,126.33,1417900
2025-01-29,126.54,127.050003,123.47,124.25,890500
2025-01-30,125.14,125.99,122.89,123.66,1646100
2025-01-31,123.66,124.96,123.33,124.64,1073000
2025-02-03,124.34,126.45,123.5,125.76,1112000
2025-02-04,124.75,124.92,123.26,123.85,1353400
2025-02-05,124.73,125.0,123.099998,123.61,889700
2025-02-06,123.79,124.22,123.059998,123.98,794600
2025-02-07,122.81,123.47,121.9,122.49,776200
2025-02-10,122.5,123.35,121.4,123.11,828700
2025-02-11,122.48,125.25,122.19,125.080002,1230700
2025-02-12,123.66,125.32,122.97,125.019997,1541100
2025-02-13,124.85,126.91,124.47,126.87,3304500
2025-02-14,127.0,127.46,125.040001,125.66,1698800
2025-02-18,124.86,127.49,124.46,127.17,1345700
2025-02-19,126.72,128.2,126.46,127.86,1805700
2025-02-20,130.0,131.81,126.61,128.67,1831500
2025-02-21,128.2,133.82001,128.17,132.67999,2116800
2025-02-24,132.85001,135.19,130.57001,133.59,1789000
2025-02-25,134.17999,138.73,133.050003,137.25,2203900
2025-02-26,136.5,137.85001,134.0,135.059998,1188400
2025-02-27,133.42999,136.17999,133.17,134.020004,1179900
2025-02-28,136.050003,137.56,134.56,135.97,2340000
2025-03-03,135.19,139.64,135.10001,139.57001,1192600
2025-03-04,139.67,142.10001,138.7,139.2,2385800
2025-03-05,138.17,140.3,137.25999,137.82001,1468600
2025-03-06,138.27,138.94,135.25,138.17999,1441600
2025-03-07,138.81,145.99001,138.61,145.39999,2702900
2025-03-10,146.17999,152.070007,145.78999,149.31,3047400
2025-03-11,148.78999,149.029999,143.25999,143.42999,1772200
2025-03-12,141.38,142.73,138.92,140.86,1919300
2025-03-13,141.46001,143.58,140.059998,142.53999,1598800
2025-03-14,142.11,144.72,141.72,144.32001,1386800
2025-03-17,144.41,146.77,143.0099945,144.82001,1645900
2025-03-18,144.77,145.66,143.45,144.75,1182200
2025-03-19,144.0,144.23,141.2,142.050003,1548500
2025-03-20,142.50999,142.82001,140.75999,141.81,1387300
2025-03-21,141.83,143.75,139.98,141.13,2607200
2025-03-24,140.19,142.039993,139.41,139.7,1093100
2025-03-25,139.60001,140.48,136.94,139.16,1729400
2025-03-26,139.33,141.67,139.28,141.13,1329800
2025-03-27,141.75999,144.2,141.41,143.059998,1346400
2025-03-28,144.58,147.31,144.17999,146.24001,1596800
2025-03-31,147.42999,149.99001,146.86,147.52,1863700
2025-04-01,146.84,147.72,145.84,147.0,1186400
2025-04-02,147.21001,147.5,145.45,146.19,982400
2025-04-03,148.92,154.059998,148.74001,151.96001,2764800
2025-04-04,155.0,155.5,146.25999,147.23,3275400
2025-04-07,145.059998,147.53999,141.97,142.36,3007700
2025-04-08,144.39,144.39,139.2,140.87,2723900
2025-04-09,139.53,145.32001,137.41,139.0,2990700
2025-04-10,139.3,144.59,138.49001,143.14999,1984500
2025-04-11,143.24001,146.78999,142.059998,146.089996,1549000
2025-04-14,145.32001,149.44,145.32001,148.83,1091100
2025-04-15,149.66,149.66,146.72,146.88,1471300
2025-04-16,148.21001,148.52,146.16,146.39999,1124600
2025-04-17,146.57001,149.55,146.029999,148.39999,946100
2025-04-21,148.0,148.97,145.83,147.13,838200
2025-04-22,148.28999,149.75,147.14999,149.25999,1071400
2025-04-23,147.66,147.78999,144.58,147.17,1510800
2025-04-24,147.35001,147.35001,145.19,146.039993,1209500
2025-04-25,144.89999,145.32001,141.91,143.97,1342100
2025-04-28,143.77,145.16,142.31,144.27,1409000
2025-04-29,144.25,146.32001,143.75999,145.86,1205500
2025-04-30,146.99001,147.47,144.25999,147.0099945,1421200
2025-05-01,145.0,147.56,144.39999,146.42999,1255500
2025-05-02,147.44,147.67999,145.39,147.11,1115900
2025-05-05,147.83,148.56,145.87,148.14999,841800
2025-05-06,148.33,150.50999,148.14999,149.2,1124200
2025-05-07,149.059998,150.28999,148.050003,148.080002,1041100
2025-05-08,147.69,148.33,145.13,145.39999,1182400
2025-05-09,145.41,147.080002,144.47,146.94,724600
2025-05-12,144.0,145.49001,137.86,138.64,2412400
2025-05-13,137.5,138.059998,133.28999,133.84,2330800
2025-05-14,134.13,134.35001,131.64999,133.82001,1994400
2025-05-15,135.3,140.48,134.78999,140.37,2529200
2025-05-16,140.59,143.32001,140.35001,142.56,1495100
2025-05-19,142.22,143.77,141.89999,143.71001,956600
2025-05-20,143.2,144.28999,142.17999,143.82001,1119100
2025-05-21,143.73,144.64999,142.75,143.48,1699300
2025-05-22,143.0,143.52,140.67,141.85001,1163400
2025-05-23,143.39999,143.91,141.39999,143.61,740300
2025-05-27,143.63,144.16,142.75999,143.14,1093000
2025-05-28,142.45,142.97,140.42999,140.87,920000
2025-05-29,140.0,141.99001,139.7,141.53999,1097000
2025-05-30,142.23,143.67999,140.82001,142.97,3771600
2025-06-02,141.83,143.16,140.92,142.42,791400
2025-06-03,142.24001,142.24001,140.12,141.86,1097100
2025-06-04,141.75999,141.75999,138.81,138.84,1436400
2025-06-05,139.19,140.42,138.53,140.020004,793600
2025-06-06,140.17,141.44,139.41,140.050003,719100
2025-06-09,139.39,140.28999,137.39999,139.81,894900
2025-06-10,139.82001,142.17,139.41,141.27,924200
2025-06-11,141.34,142.089996,140.19,140.61,826900
2025-06-12,141.62,141.72,140.17,141.32001,709600
2025-06-13,142.23,143.16,141.14,141.44,741200
2025-06-16,142.059998,142.85001,139.67999,140.47,1126000
2025-06-17,140.47,141.13,138.38,140.92,1196400
2025-06-18,141.0099945,141.66,139.85001,141.10001,976200
2025-06-20,140.99001,142.25,140.080002,141.25,2415900
2025-06-23,142.029999,144.089996,142.0,143.99001,861600
2025-06-24,142.89,143.46001,141.82001,142.17999,990800
2025-06-25,141.2,141.72,139.28,140.050003,1077900
2025-06-26,140.57001,140.92,137.89,138.42,929900
2025-06-27,137.71001,138.82001,136.75,137.92,1564800
2025-06-30,138.039993,139.19,137.42999,139.11,1298100
2025-07-01,139.37,143.17999,139.059998,142.56,1397700
2025-07-02,142.029999,142.49001,140.089996,140.31,1205700
2025-07-03,140.47,141.31,139.60001,140.050003,683800
2025-07-07,140.0099945,140.49001,138.91,139.96001,888300
2025-07-08,138.61,141.19,137.0,141.020004,1381900
2025-07-09,140.82001,142.21001,139.91,141.8,1413300
2025-07-10,140.27,143.66,140.17999,142.67999,922200
2025-07-11,141.67999,143.020004,140.74001,142.28999,948500
2025-07-14,142.56,144.35001,142.39,143.35001,998600
2025-07-15,142.66,143.039993,140.71001,140.83,957900
2025-07-16,140.73,142.070007,139.75,141.72,941900
2025-07-17,141.22,142.73,140.020004,142.21001,1195000
2025-07-18,142.47,144.67,142.0,142.91,1934400
2025-07-21,143.17999,144.32001,142.57001,142.84,753100
2025-07-22,142.7,146.28999,142.089996,144.91,1137200
2025-07-23,144.36,144.75,140.41,141.88,1173300
2025-07-24,141.92,142.080002,140.46001,140.50999,1188000
2025-07-25,140.19,141.059998,139.67999,140.32001,893900
2025-07-28,139.55,140.53999,137.85001,138.71001,1065800
2025-07-29,138.62,141.0,137.91,140.95,1138000
2025-07-30,139.77,141.17,139.19,139.64999,1109000
2025-07-31,138.5,141.080002,137.5,140.24001,2078200
2025-08-01,142.48,146.41,140.71001,145.72,2693100
2025-08-04,145.72,147.64999,145.53,147.0,1304000
2025-08-05,142.13,142.72,140.72,141.5,6160000
2025-08-06,142.0,143.39,141.47,141.91,2087800
2025-08-07,141.14999,144.7,141.14999,144.42,1771100
2025-08-08,144.83,145.64,144.57001,145.36,1986700
2025-08-11,145.81,146.2,144.7,145.55,1093700
2025-08-12,144.25999,145.0,140.67999,142.089996,1657600
2025-08-13,142.080002,143.77,141.77,143.73,1174200
2025-08-14,143.8,144.24001,142.78,143.41,1085300
2025-08-15,142.94,144.98,142.89,143.92,923800
2025-08-18,144.32001,144.8,142.63,142.66,900100
2025-08-19,142.92,145.28,142.92,145.21001,1562500
2025-08-20,146.070007,147.87,145.36,145.62,1107400
2025-08-21,145.31,146.22,145.25,145.87,849100
2025-08-22,146.45,147.84,145.12,146.2,963900
2025-08-25,145.53999,146.28999,144.070007,144.39999,854900
2025-08-26,144.37,144.63,143.050003,143.95,1764600
2025-08-27,143.84,144.96001,143.16,144.75,1208800
2025-08-28,144.2,144.36,142.86,142.92999,947800
2025-08-29,143.080002,144.53999,142.94,143.50999,941300
2025-09-02,142.99001,143.74001,140.99001,141.41,1018800
2025-09-03,140.84,141.37,139.81,140.7,1054800
2025-09-04,141.98,142.45,140.74001,141.57001,1128400
2025-09-05,141.99001,143.60001,141.58,143.60001,782200
2025-09-08,142.64999,143.23,139.020004,140.020004,1331800
2025-09-09,139.53,140.60001,138.73,140.089996,725500
2025-09-10,140.21001,140.48,137.53,138.5,990000
2025-09-11,138.75,139.75999,137.67,139.63,926600
2025-09-12,138.5,139.89,138.21001,139.28,994600
2025-09-15,139.3,139.64999,137.24001,137.58,1084100
2025-09-16,137.39999,138.3,136.17999,136.25,1056000
2025-09-17,136.84,137.94,135.88,136.089996,1024100
2025-09-18,134.13,135.78999,133.3,135.39,1197400
2025-09-19,135.0099945,135.66,134.38,135.059998,2660200
2025-09-22,135.070007,136.24001,134.78999,135.050003,1021500
2025-09-23,134.89,137.35001,133.86,137.17999,1251500
2025-09-24,136.42,137.10001,135.28,136.41,1700500
2025-09-25,137.66,138.13,135.029999,135.10001,1433300
2025-09-26,135.28,136.52,135.21001,136.36,911100
2025-09-29,136.16,137.28,135.039993,137.039993,1200400
2025-09-30,137.41,139.42,137.13,139.19,1428800
2025-10-01,139.39999,139.62,136.029999,136.070007,1250200
2025-10-02,135.49001,137.12,135.020004,135.59,1114600
2025-10-03,135.57001,138.22,135.57001,137.75,967200
2025-10-06,137.75,138.99001,136.67,138.94,1555500
2025-10-07,139.38,142.97,139.12,142.50999,1815600
2025-10-08,143.50999,143.50999,140.2,141.029999,952600
2025-10-09,141.45,141.75,140.2,141.050003,988700
2025-10-10,141.75,144.039993,140.14,142.98,1513000
2025-10-13,141.0,141.99001,139.21001,139.63,1321900
2025-10-14,139.96001,143.53,139.5,141.56,1629400
2025-10-15,141.49001,143.11,141.020004,142.53,1007500
2025-10-16,142.23,144.28999,142.23,143.21001,845500
2025-10-17,143.53,144.82001,142.82001,143.81,1306500
2025-10-20,143.99001,145.61,143.020004,145.42999,1107200
2025-10-21,145.45,145.64,142.8,144.16,1096200
2025-10-22,143.33,145.42,142.85001,143.73,828400
2025-10-23,144.24001,144.88,141.64999,142.58,746400
2025-10-24,143.49001,143.49001,141.50999,141.59,966500
2025-10-27,139.029999,140.5,135.39999,137.99001,3438800
2025-10-28,137.89999,139.59,134.31,134.81,2031400
2025-10-29,133.86,134.46001,129.96001,130.059998,2210700
2025-10-30,130.13,131.050003,126.45,126.7,2298800
2025-10-31,125.77,128.75,123.9,128.42999,2811600
2025-11-03,128.28,128.42,125.49,125.97,1907400
2025-11-04,127.4,129.66,126.79,128.080002,2796500
2025-11-05,130.020004,132.58,129.39999,130.97,2952400
2025-11-06,131.17,132.44,129.31,129.5,1415600
2025-11-07,130.19,131.59,129.71001,130.84,1446400
2025-11-10,129.71001,130.36,127.61,128.94,1777600
2025-11-11,129.39,130.78999,128.95,130.0099945,1419700
2025-11-12,129.96001,130.36,129.0099945,129.77,1512100
2025-11-13,128.61,132.22,128.0,131.46001,2193900
2025-11-14,132.64999,133.98,130.74001,131.62,2019000
2025-11-17,132.31,133.25999,131.46001,132.67999,2082200
2025-11-18,132.89999,133.31,129.50999,129.91,1784100
2025-11-19,129.7,130.24001,126.74,127.12,1955500
2025-11-20,127.31,128.32001,125.91,128.13,2059300
2025-11-21,129.059998,133.98,127.94,132.74001,3643400
2025-11-24,132.74001,132.85001,131.0099945,131.50999,5459700
2025-11-25,132.64999,133.0,130.25,130.39,1493600
2025-11-26,131.0,131.69,129.83,129.85001,1515800
2025-11-28,129.17999,130.67,128.5,130.070007,845000
2025-12-01,129.78999,131.98,129.039993,131.0,3293500
2025-12-02,131.73,133.37,129.48,130.75,2735200
2025-12-03,131.22,132.45,129.63,130.97,2182900
2025-12-04,130.86,131.55,128.0,128.92999,2613100
2025-12-05,128.38,130.28,128.070007,129.5,1942700
2025-12-08,129.13,130.0,127.64,128.46001,2257300
2025-12-09,128.92999,130.11,127.88,128.14999,2182500
2025-12-10,128.14999,129.17,127.51,128.72,2798700
2025-12-11,129.64,132.2,129.0,130.089996,2064900
2025-12-12,130.53,132.2,130.42,131.55,1946500
2025-12-15,132.059998,134.41,131.5,134.13,2187800
2025-12-16,134.67999,135.53,131.95,132.72,2641700
2025-12-17,132.2,134.21001,131.58,134.0099945,1796500
2025-12-18,132.75999,134.64,132.55,133.020004,1766100
2025-12-19,132.67999,132.67999,130.22,130.25,2985200
2025-12-22,129.8,132.19,129.089996,131.67,1038500
2025-12-23,131.55,131.73,130.46001,130.75,869100
2025-12-24,130.66,131.39999,130.62,131.28,368600
2025-12-26,131.33,131.52,130.23,130.55,563400
2025-12-29,130.88,131.52,129.56,130.95,732200
2025-12-30,130.94,131.84,130.7,131.13,789400
2025-12-31,130.92,131.38,130.36,130.5,658900
2026-01-02,130.23,131.36,129.13,130.32001,864700
2026-01-05,129.58,130.10001,125.56,127.4,2391600
2026-01-06,127.18,129.92999,126.85,128.97,1662300
2026-01-07,129.56,130.53999,127.17,127.27,1419000
2026-01-08,126.72,129.92999,126.72,129.27,1742600
2026-01-09,128.57001,129.92,127.57,127.98,1467500
2026-01-12,130.31,132.27,129.25999,130.3,1691400
2026-01-13,129.67,131.38,128.67999,131.25999,2202100
2026-01-14,131.47,132.87,130.85001,132.45,1515600
2026-01-15,132.21001,133.64999,131.88,133.35001,1682400
2026-01-16,132.69,133.73,132.32001,133.34,1532000
2026-01-20,132.75999,133.5,129.89999,131.42,1455300
2026-01-21,132.23,132.86,130.53,130.99001,1334600
2026-01-22,131.080002,132.67999,129.83,131.56,1205000
2026-01-23,131.56,131.88,129.27,129.71001,1184600
2026-01-26,130.45,132.13,130.16,130.74001,1292400
2026-01-27,130.39,131.63,129.37,130.53,1284200
2026-01-28,130.49001,131.2,126.36,127.050003,1489200
2026-01-29,127.050003,130.050003,127.050003,129.0,1377400
2026-01-30,129.25999,129.25999,127.51,129.13,1039300
2026-02-02,129.61,129.89,126.38,126.57,1656000
2026-02-03,126.57,129.92,125.52,125.89,2644200
2026-02-04,127.029999,127.42,124.0,124.3,2149900
2026-02-05,124.95,127.5,124.57,125.68,2051900
2026-02-06,126.46,127.27,124.15,124.33,1370000
2026-02-09,124.33,124.54,121.28,122.95,1828400
2026-02-10,122.58,126.38,122.0,125.029999,1714000
2026-02-11,124.59,124.98,122.96,123.69,1649700
2026-02-12,123.75,129.89,123.5,128.37,3449300
2026-02-13,127.85,133.67999,127.85,133.5,3176700
2026-02-17,134.039993,135.0,132.059998,133.50999,2177100
2026-02-18,132.37,134.60001,130.44,131.16,2357500
2026-02-19,132.10001,134.21001,129.17999,131.36,1577200
2026-02-20,132.28,132.5,129.22,129.37,2333000
2026-02-23,130.41,133.19,130.2,132.92,2022900
2026-02-24,133.25999,134.11,131.75,134.080002,1705900
2026-02-25,133.62,134.32001,131.35001,134.22,1603900
2026-02-26,134.66,135.17999,133.22,134.32001,1616000
2026-02-27,135.25999,137.72,134.47,136.029999,2565100
2026-03-02,135.52,137.27,135.089996,135.44,1465400
2026-03-03,134.24001,136.49001,131.71001,135.81,2007300
2026-03-04,135.39999,136.75999,134.0099945,136.41,1782100
2026-03-05,135.37,136.89,134.47,134.63,1926800
2026-03-06,134.3,137.81,132.87,137.49001,1661500
2026-03-09,137.0,138.59,134.92,137.73,2658200
2026-03-10,136.82001,137.77,132.60001,132.84,1636800
2026-03-11,132.44,134.64,132.039993,134.34,1432400
2026-03-12,134.53,141.21001,133.039993,138.25,2707100
2026-03-13,139.83,140.63,138.31,139.69,1603800
2026-03-16,140.44,140.44,137.48,139.12,1598600
2026-03-17,140.080002,140.080002,137.92999,138.23,1662900
2026-03-18,138.0,138.56,135.53999,136.75,1481200
2026-03-19,135.89,137.37,134.55,137.10001,2104700
2026-03-20,137.089996,137.74001,135.14,135.78999,4091500
2026-03-23,135.71001,136.96001,135.21001,135.73,1728400
2026-03-24,135.34,137.7,133.55,133.58,1886600
2026-03-25,134.34,135.39999,131.52,134.59,1782800
2026-03-26,134.95,138.2,133.60001,137.50999,1456900
2026-03-27,137.72,138.74001,136.61,136.86,1609300
2026-03-30,138.17,139.49001,137.0,138.82001,1150300
2026-03-31,139.11,139.3,134.75999,136.089996,1900500
2026-04-01,135.080002,137.46001,135.080002,136.78999,1728800
2026-04-02,137.92,139.25,137.39,138.14,1608200
2026-04-06,137.91,138.56,137.2,137.91,1051100
2026-04-07,138.17,138.63,135.31,135.37,1658300
2026-04-08,133.0,136.42,130.86,136.36,3006200
2026-04-09,136.050003,139.49001,135.60001,139.25,2729200
2026-04-10,138.99001,139.63,136.59,137.22,1726700
2026-04-13,136.029999,136.92999,133.47,134.41,1828600
2026-04-14,134.19,134.60001,132.19,133.39,1880400
2026-04-15,132.10001,132.27,128.78999,130.31,2950700
2026-04-16,130.31,130.74001,128.81,130.7,2285500
2026-04-17,129.49001,131.81,128.5,131.61,2097300
2026-04-20,132.74001,135.64,132.050003,133.25,1673100
2026-04-21,133.92999,134.12,130.72,132.050003,1752700
2026-04-22,132.48,133.98,130.59,131.13,1396000
2026-04-23,132.42,135.53,131.89999,134.97,1530500
2026-04-24,134.32001,135.48,132.35001,132.42,1780500
2026-04-27,132.38,133.25999,131.86,131.96001,1358000
2026-04-28,133.77,134.61,131.55,132.67,1254000
2026-04-29,131.83,133.45,131.53,131.97,1811600
2026-04-30,135.19,136.75,126.12,128.42,3026200
2026-05-01,129.48,129.48,126.94,127.38,1980800
2026-05-04,126.84,127.58,125.42,126.85,1713900
2026-05-05,126.34,127.0,124.85,126.050003,1395400
2026-05-06,125.0,127.17,124.69,125.68,1659100
2026-05-07,124.86,126.92,123.55,126.2,2098600
2026-05-08,126.45,127.41,124.94,125.050003,1305600
2026-05-11,125.82,126.22,124.99,126.010002,1574100
2026-05-12,125.37,127.98,124.9,127.65,2687800
2026-05-13,126.25,127.67,125.46,127.37,1670200
2026-05-14,127.24,127.79,125.95,125.98,1286000
2026-05-15,126.31,126.86,124.26,124.29,2994700
2026-05-18,125.14,126.63,123.52,124.83,1913600
2026-05-19,124.97,126.32,123.85,124.16,1662300
2026-05-20,123.65,124.83,121.99,122.36,1851800
2026-05-21,122.5,124.13,121.94,123.88,1287500
2026-05-22,124.0,125.67,123.45,125.2,1121400
2026-05-26,124.96,125.29,123.8,123.85,1448500
2026-05-27,123.61,125.75,123.22,123.78,1165600
2026-05-28,123.72,125.17,122.28,122.35,1966500
2026-05-29,123.059998,124.5,122.11,123.27,5523100
2026-06-01,122.99,123.29,120.61,121.13,1746900
2026-06-02,121.95,123.7,120.57,123.68,2236600
2026-06-03,123.51,125.26,123.0,123.81,3166500
2026-06-04,125.13,125.85,121.95,122.25,1870800
2026-06-05,123.34,126.7,122.62,124.47,2580000
2026-06-08,123.56,124.7,122.27,122.49,1327900
2026-06-09,122.5,126.73,122.010002,125.53,1586700
2026-06-10,126.95,128.039993,125.6,126.46,1651400
2026-06-11,125.79,127.2,124.07,124.45,2119500
2026-06-12,124.74,126.54,124.19,126.31,2379700
2026-06-15,123.8,127.94,123.33,126.87,3111800
2026-06-16,127.56,128.74001,126.89,128.47,2555000
2026-06-17,127.75,128.53999,124.48,125.41,2334200
2026-06-18,125.7,127.55,124.53,125.07,4992200
2026-06-22,125.33,127.7,124.65,124.92,2456900
2026-06-23,126.75,127.24,125.69,126.6,1558300
2026-06-24,127.94,129.86,126.37,129.64,1927200
2026-06-25,130.5,131.39,128.62,130.0,2228400
2026-06-26,131.3,132.67999,129.7,132.67999,3539100
2026-06-29,131.36,133.14,130.78,132.5,2170700
2026-06-30,132.3,133.44,130.92,131.58,2817900
2026-07-01,131.60001,133.42999,130.99001,131.78999,2462200
2026-07-02,133.029999,136.92999,132.070007,136.86,3269200
2026-07-06,135.75,136.13,132.0,133.089996,3630000
2026-07-07,134.67999,138.42,134.25999,134.82001,2098700
2026-07-08,135.96001,135.96001,131.75,131.88,1654300
2026-07-09,131.10001,131.86,130.089996,130.55,1373400
2026-07-10,130.74001,131.7,129.64,130.69,1679100
2026-07-13,131.36,133.33,131.050003,131.53,1236400
2026-07-14,131.42,132.64999,130.88,131.57001,1172700
2026-07-15,131.17999,132.52,128.95,129.21001,1510400
2026-07-16,129.45,134.77,129.45,134.33,1846800
2026-07-17,136.31,137.75999,134.24001,135.11,2390900
2026-07-20,134.53,135.75999,132.39999,133.64999,1543400
2026-07-21,132.75999,133.35001,130.73,131.53,1971400
2026-07-22,132.7,133.91,132.029999,133.83,1789000
2026-07-23,132.98,135.44,132.41,134.41,2019700
2026-07-24,135.28999,135.81,133.95,134.66,1468000
2026-07-27,133.53,136.59,133.42,134.56,2541100
2026-07-28,136.020004,140.44,135.49001,138.039993,4666600
2026-07-29,138.60001,140.3,137.070007,138.089996,3034900
2026-07-30,140.0,141.25,135.61,136.81,3580300
2026-07-31,136.64999,136.89999,134.13,134.17,3254400
2026-08-03,133.74001,137.10001,130.91,131.3,2497600
2026-08-04,129.95,134.56,129.74001,134.0099945,3673400
2026-08-05,134.39999,135.32001,132.27,134.16,1963400
2026-08-06,135.089996,135.42,133.32001,134.82001,1471400
2026-08-07,133.53999,136.24001,133.22,135.31,1200100
2026-08-10,134.19,135.86,131.89999,135.45,2478600
2026-08-11,133.92999,136.14,133.070007,136.059998,1729700
2026-08-12,135.62,136.39,134.19,134.92,2902900
2026-08-13,135.050003,137.14999,135.050003,136.46001,3409000
2026-08-14,136.5,136.99001,135.080002,136.2,1728100
2026-08-17,135.19,135.94,133.25,134.35001,2106000
2026-08-18,135.92999,137.75,135.36,136.27,1892700
2026-08-19,136.41,139.36,136.3,138.71001,3029200
2026-08-20,137.96001,139.34,137.089996,137.21001,1661700
2026-08-21,136.81,137.39,135.25999,135.39,1942400
2026-08-24,136.0,140.13,135.039993,139.91,2406000
2026-08-25,139.0,139.8,137.10001,137.60001,1939600
2026-08-26,137.48,138.62,137.23,137.49001,1361800
2026-08-27,136.050003,138.25999,135.27,136.69,2364100
2026-08-28,137.0,138.45,136.23,138.3,1908200
2026-08-31,136.98,138.89,136.36,138.23,2420100
2026-09-01,139.17,139.56,136.73,137.39999,1661800
2026-09-02,137.17999,142.27,136.22,139.49001,2386700
2026-09-03,140.34,141.26,139.96,140.86,67445
