date,open,high,low,close,volume
2006-10-18,110.75,112.25,110.37,111.62,698300
2006-10-19,112.099998,113.16,111.4,112.37,648500
2006-10-20,113.099998,113.28,111.31,112.22,490300
2006-10-23,112.22,114.56,112.019997,114.0,911900
2006-10-24,113.8,114.0,112.66,113.27,532200
2006-10-25,110.010002,111.5,108.37,109.27,1310800
2006-10-26,109.7,112.059998,109.49,111.86,623900
2006-10-27,111.65,111.88,110.6,110.9,562500
2006-10-30,110.65,111.74,109.42,111.43,596000
2006-10-31,111.18,112.34,110.82,112.0,711300
2006-11-01,112.0,112.25,109.91,109.96,729100
2006-11-02,109.96,110.58,108.85,109.92,540400
2006-11-03,109.82,110.78,108.67,109.3,625300
2006-11-06,109.65,111.81,109.65,111.68,349900
2006-11-07,111.66,111.83,110.87,111.54,549200
2006-11-08,111.39,113.56,110.85,113.18,627400
2006-11-09,113.28,113.79,112.07,112.87,468100
2006-11-10,112.25,113.25,112.059998,113.13,376800
2006-11-13,112.75,114.24,112.35,112.59,491700
2006-11-14,113.15,114.15,112.39,114.040001,715000
2006-11-15,113.95,114.24,113.71,113.9,452400
2006-11-16,114.4,114.98,114.059998,114.72,890900
2006-11-17,114.73,114.79,113.089996,114.79,404900
2006-11-20,114.9,115.24,113.92,114.51,448200
2006-11-21,115.050003,115.83,113.34,114.53,700700
2006-11-22,114.98,115.64,114.69,114.94,675000
2006-11-24,115.040001,115.55,113.94,114.92,282600
2006-11-27,114.87,114.87,113.28,113.68,639300
2006-11-28,113.4,113.73,112.62,113.17,666700
2006-11-29,113.32,113.82,112.42,113.11,656400
2006-11-30,113.24,113.96,112.61,113.61,801600
2006-12-01,113.62,114.14,112.39,113.38,466100
2006-12-04,113.95,115.25,113.81,114.47,771300
2006-12-05,117.25,120.36,115.089996,119.29,2491900
2006-12-06,118.75,120.37,117.83,119.41,1036000
2006-12-07,119.85,119.99,117.54,117.65,839300
2006-12-08,117.65,118.29,117.019997,117.73,890600
2006-12-11,117.73,117.99,117.3,117.79,470700
2006-12-12,117.51,117.94,116.45,117.089996,594700
2006-12-13,117.4,117.79,116.73,117.0,471700
2006-12-14,117.0,117.99,116.86,117.5,476100
2006-12-15,118.38,119.5,116.97,116.99,739700
2006-12-18,117.0,117.050003,115.86,116.22,318500
2006-12-19,116.25,117.8,115.36,117.4,759500
2006-12-20,117.5,117.98,116.88,117.050003,523100
2006-12-21,117.2,117.91,116.36,116.6,482700
2006-12-22,116.5,116.81,115.88,116.5,237800
2006-12-26,116.39,116.67,115.68,116.62,349200
2006-12-27,116.69,117.0,116.15,116.79,365900
2006-12-28,116.59,117.2,116.3,116.41,225800
2006-12-29,116.41,117.27,115.42,115.56,339600
2007-01-03,115.94,120.050003,115.94,118.61,1421300
2007-01-04,118.61,120.25,118.35,119.6,726900
2007-01-05,119.3,119.9,118.39,118.83,544300
2007-01-08,118.75,118.99,117.87,118.85,298300
2007-01-09,119.099998,122.21,119.0,121.61,780900
2007-01-10,121.61,121.61,120.17,120.82,475900
2007-01-11,120.94,124.94,120.92,124.86,832700
2007-01-12,124.87,125.32,122.84,124.61,520900
2007-01-16,124.61,125.28,123.39,123.74,443600
2007-01-17,123.35,124.34,123.33,123.56,542200
2007-01-18,123.73,124.23,123.56,123.87,601000
2007-01-19,124.94,125.41,123.2,125.089996,551300
2007-01-22,124.85,125.14,124.17,124.71,519700
2007-01-23,124.7,126.14,124.6,124.95,487100
2007-01-24,125.099998,125.77,124.9,125.52,362900
2007-01-25,125.4,125.4,124.43,124.44,603800
2007-01-26,124.64,125.13,123.94,124.75,431700
2007-01-29,124.85,125.4,124.16,124.52,317700
2007-01-30,124.58,124.78,123.029999,123.39,435500
2007-01-31,123.37,126.0,123.27,125.63,578600
2007-02-01,125.88,126.97,125.34,126.74,438600
2007-02-02,126.99,127.43,126.32,126.85,269900
2007-02-05,126.65,127.31,125.9,126.41,345000
2007-02-06,126.42,127.59,126.15,127.45,234600
2007-02-07,127.5,128.0,126.94,127.35,349900
2007-02-08,127.0,127.0,125.9,126.62,367000
2007-02-09,126.78,127.14,125.28,125.56,242200
2007-02-12,125.6,126.84,125.6,126.7,289900
2007-02-13,126.55,127.7,126.55,127.56,326500
2007-02-14,127.81,127.91,127.24,127.79,315900
2007-02-15,127.61,127.95,127.0,127.49,369200
2007-02-16,127.23,127.6,126.55,126.82,323800
2007-02-20,127.050003,128.070007,126.83,127.96,318400
2007-02-21,127.93,128.58,127.080002,128.27,425800
2007-02-22,129.13,129.91,128.89999,129.83,627200
2007-02-23,130.32001,131.12,129.77,131.0,704900
2007-02-26,131.0099945,132.22,130.87,131.41,1612700
2007-02-27,129.0,129.0,123.17,124.0,1888000
2007-02-28,124.099998,126.48,123.85,125.46,1360900
2007-03-01,124.6,125.39,123.050003,124.8,973300
2007-03-02,124.8,124.94,122.37,122.53,743700
2007-03-05,122.029999,123.0,121.52,121.57,691100
2007-03-06,122.8,123.9,121.76,123.7,711800
2007-03-07,123.7,125.95,123.4,125.67,787900
2007-03-08,126.15,126.94,125.85,126.31,512200
2007-03-09,127.5,127.9,126.57,127.28,489500
2007-03-12,127.0,127.69,126.059998,127.34,297800
2007-03-13,126.8,127.21,125.5,125.58,616400
2007-03-14,125.58,125.76,122.17,124.32,739900
2007-03-15,124.26,125.33,124.25,125.059998,566500
2007-03-16,125.059998,125.14,124.0,124.6,507600
2007-03-19,125.13,126.0,124.82,125.010002,612400
2007-03-20,125.010002,126.55,124.93,126.47,360600
2007-03-21,126.72,127.5,126.56,127.41,687300
2007-03-22,127.5,128.60001,127.37,128.10001,363000
2007-03-23,128.2,129.49001,127.69,129.059998,365200
2007-03-26,129.059998,129.17999,127.9,129.020004,305000
2007-03-27,128.60001,129.14999,128.2,128.67999,377800
2007-03-28,128.44,128.44,127.010002,127.53,567900
2007-03-29,127.55,128.32001,126.92,127.68,704200
2007-03-30,127.7,128.47,126.85,128.14,524100
2007-04-02,128.45,129.3,128.029999,128.98,821800
2007-04-03,129.45,130.60001,129.25,129.34,825700
2007-04-04,128.89999,129.87,128.5,129.38,993600
2007-04-05,129.37,130.10001,129.0099945,129.63,227500
2007-04-09,129.69,130.38,129.5,130.17999,322800
2007-04-10,130.19,131.61,130.19,130.42,543800
2007-04-11,130.42,131.69,129.99001,130.42,593900
2007-04-12,129.64999,131.19,128.53,130.82001,533300
2007-04-13,130.82001,130.83,129.55,130.61,378200
2007-04-16,131.0,132.81,131.0,132.53999,514400
2007-04-17,132.7,132.92,131.050003,131.92999,396100
2007-04-18,131.67999,132.27,130.59,131.64999,445400
2007-04-19,131.3,132.39999,130.92999,132.0099945,349100
2007-04-20,132.95,133.81,132.36,133.73,393500
2007-04-23,133.74001,134.55,133.60001,134.11,284300
2007-04-24,134.24001,134.24001,131.92,133.57001,526700
2007-04-25,136.75,137.66,135.33,135.49001,736700
2007-04-26,134.12,135.72,133.84,133.88,430200
2007-04-27,133.86,133.86,132.96001,133.19,372200
2007-04-30,133.19,134.58,133.039993,133.039993,586400
2007-05-01,133.64999,133.8,131.52,133.5,537100
2007-05-02,133.5,134.35001,132.61,132.71001,629000
2007-05-03,132.72,133.53,131.5,132.98,495100
2007-05-04,132.98,133.21001,131.94,132.3,408300
2007-05-07,132.42,132.84,131.95,132.52,250500
2007-05-08,132.73,132.94,131.8,132.46001,568400
2007-05-09,132.46001,135.39999,132.46001,135.10001,623800
2007-05-10,135.10001,135.74001,133.67,133.67,688700
2007-05-11,133.92,135.31,133.85001,134.8,421200
2007-05-14,134.89999,135.34,133.5,133.69,462700
2007-05-15,132.0,132.63,130.24001,130.25999,1123800
2007-05-16,130.46001,131.96001,130.37,131.67,602800
2007-05-17,131.67,133.31,131.24001,132.85001,538600
2007-05-18,133.39999,134.50999,133.17,134.50999,572800
2007-05-21,134.75,135.75999,133.78999,133.99001,988000
2007-05-22,133.99001,134.12,131.10001,132.11,1264000
2007-05-23,131.12,131.75,126.33,126.33,2402000
2007-05-24,127.14,128.25,125.81,126.010002,1447800
2007-05-25,126.010002,127.18,126.010002,127.029999,837400
2007-05-29,127.099998,127.76,126.73,127.6,901700
2007-05-30,127.6,128.57001,126.88,128.57001,1082700
2007-05-31,128.95,129.37,127.56,128.63,1203000
2007-06-01,128.7,130.089996,128.3,130.089996,883700
2007-06-04,130.089996,131.99001,129.89,131.78999,1145100
2007-06-05,131.78999,132.39999,130.52,132.17,1392700
2007-06-06,132.17,132.17,131.0,131.7,906200
2007-06-07,133.0,133.64999,131.34,131.44,1339400
2007-06-08,131.16,131.91,130.99001,131.67999,933000
2007-06-11,132.17,134.75,131.25,134.42,1097500
2007-06-12,134.42,136.3,133.98,134.21001,1166600
2007-06-13,134.75999,137.74001,134.58,137.74001,989900
2007-06-14,137.25,137.64,136.050003,136.61,847900
2007-06-15,137.25,138.66,136.84,137.39,781300
2007-06-18,138.55,140.2,137.85001,139.31,973000
2007-06-19,139.32001,139.7,137.75,139.2,786000
2007-06-20,139.0,139.14999,137.72,137.72,572500
2007-06-21,137.72,137.86,136.64999,137.0,1036100
2007-06-22,137.089996,138.35001,137.050003,137.089996,828200
2007-06-25,137.13,138.3,136.58,137.039993,610000
2007-06-26,137.12,137.50999,136.0,136.0,673600
2007-06-27,135.89999,137.2,135.50999,137.19,606700
2007-06-28,136.97,137.91,136.53,136.92,459700
2007-06-29,136.98,137.75,135.87,136.62,463500
2007-07-02,137.39999,138.029999,137.020004,137.78,313900
2007-07-03,137.95,138.8,137.95,138.47,205200
2007-07-05,138.48,140.10001,138.089996,140.10001,365600
2007-07-06,140.10001,140.28999,139.020004,139.92,528100
2007-07-09,139.75,139.89,138.050003,138.47,337000
2007-07-10,138.0,138.0,134.96001,134.96001,666000
2007-07-11,134.96001,136.17,134.55,135.5,606700
2007-07-12,133.0,135.5,131.86,134.64999,970600
2007-07-13,134.14999,135.96001,134.039993,135.88,330100
2007-07-16,135.39999,136.14,134.52,135.14999,326200
2007-07-17,134.95,135.63,134.31,135.60001,440800
2007-07-18,134.45,135.22,132.99001,134.42999,675600
2007-07-19,134.95,135.84,134.5,135.66,427700
2007-07-20,135.8,135.8,133.46001,133.72,718100
2007-07-23,134.60001,134.87,133.14999,133.61,405400
2007-07-24,132.95,133.25,131.22,131.31,702300
2007-07-25,131.36,131.42,128.2,129.050003,953700
2007-07-26,128.5,128.95,125.3,127.23,845100
2007-07-27,128.10001,129.41,127.35,127.45,1098100
2007-07-30,127.3,129.86,125.56,129.39,1087300
2007-07-31,129.92,130.12,126.81,126.81,788100
2007-08-01,127.050003,127.79,124.29,126.31,887600
2007-08-02,126.2,128.23,126.2,127.88,722400
2007-08-03,127.3,127.8,121.86,122.040001,1017100
2007-08-06,122.55,124.37,121.0,124.37,781200
2007-08-07,123.7,124.81,121.53,123.74,1061900
2007-08-08,124.11,125.96,121.15,122.28,1128300
2007-08-09,119.86,120.55,116.21,116.69,1791900
2007-08-10,115.52,117.35,111.78,115.88,1288500
2007-08-13,116.65,120.71,116.46,118.81,817700
2007-08-14,118.36,119.25,115.63,115.68,614300
2007-08-15,115.94,117.099998,114.11,114.17,731400
2007-08-16,114.0,114.66,111.46,113.16,1464400
2007-08-17,116.029999,118.72,115.35,118.17,1024300
2007-08-20,118.35,120.37,117.5,118.75,709200
2007-08-21,118.8,120.5,117.85,119.8,428900
2007-08-22,121.2,123.14,120.43,122.76,607800
2007-08-23,123.4,123.52,120.2,120.7,464700
2007-08-24,120.5,123.26,120.27,123.26,365800
2007-08-27,123.23,124.040001,120.95,121.099998,433100
2007-08-28,120.5,120.6,115.59,115.6,789800
2007-08-29,117.8,121.35,116.86,121.35,1068900
2007-08-30,119.7,121.18,119.38,120.23,412600
2007-08-31,121.75,122.42,119.77,121.29,563200
2007-09-04,121.19,121.21,118.69,118.97,833500
2007-09-05,117.85,117.97,114.21,114.57,1391100
2007-09-06,115.050003,115.5,112.97,114.69,841800
2007-09-07,113.3,113.52,111.37,111.49,1013100
2007-09-10,112.0,112.39,109.029999,110.48,1133300
2007-09-11,110.43,111.35,110.07,110.85,852600
2007-09-12,110.5,110.93,108.07,108.36,1141900
2007-09-13,108.45,110.61,108.36,109.12,1004600
2007-09-14,108.52,111.050003,107.6,109.9,772900
2007-09-17,109.25,109.88,107.8,108.62,781600
2007-09-18,107.099998,113.67,107.099998,113.12,1790200
2007-09-19,115.65,117.089996,112.98,114.54,1037700
2007-09-20,114.85,115.72,112.79,114.029999,787300
2007-09-21,113.97,114.22,112.44,113.91,908700
2007-09-24,113.51,115.79,113.51,115.38,693800
2007-09-25,114.8,114.84,112.010002,113.75,747900
2007-09-26,114.059998,115.099998,113.14,114.47,673500
2007-09-27,114.79,116.0,114.65,115.44,710800
2007-09-28,115.8,116.19,115.029999,116.14,766200
2007-10-01,115.9,117.21,115.69,116.52,1023600
2007-10-02,116.9,119.89,116.63,119.31,1239700
2007-10-03,118.65,122.29,118.65,121.85,1183600
2007-10-04,122.019997,122.23,119.77,120.5,662600
2007-10-05,121.85,125.54,121.67,124.59,807300
2007-10-08,124.8,125.17,122.66,123.37,782100
2007-10-09,123.7,123.9,121.82,122.97,735600
2007-10-10,122.77,123.5,121.66,123.31,714600
2007-10-11,123.95,124.68,122.38,123.34,690900
2007-10-12,123.83,125.0,122.82,123.7,486300
2007-10-15,123.88,124.68,121.69,122.14,658000
2007-10-16,122.019997,122.98,120.3,120.99,709600
2007-10-17,121.65,121.93,119.69,121.0,1095200
2007-10-18,120.7,121.95,119.41,121.29,933300
2007-10-19,121.29,121.29,118.54,118.67,1000800
2007-10-22,117.0,120.59,117.0,120.16,680100
2007-10-23,120.6,120.97,118.67,119.66,653300
2007-10-24,119.0,122.49,118.8,122.010002,1059700
2007-10-25,122.029999,124.77,121.0,122.5,912900
2007-10-26,124.099998,124.23,121.61,123.080002,583800
2007-10-29,123.74,125.0,123.24,123.6,454000
2007-10-30,123.27,124.25,123.019997,123.64,367800
2007-10-31,124.2,125.75,122.73,124.41,661100
2007-11-01,123.0,123.65,121.37,121.66,745700
2007-11-02,121.82,122.0,119.96,121.15,570000
2007-11-05,120.89,120.89,118.019997,118.88,694200
2007-11-06,118.85,121.37,118.49,121.18,740300
2007-11-07,119.9,121.15,118.92,118.92,528200
2007-11-08,118.16,118.99,115.040001,117.67,796200
2007-11-09,116.3,116.3,113.63,113.68,908500
2007-11-12,113.25,117.040001,113.25,114.61,526800
2007-11-13,115.2,118.099998,114.71,117.75,506400
2007-11-14,118.059998,118.39,114.55,114.75,671500
2007-11-15,114.52,115.87,113.5,113.97,827200
2007-11-16,114.0,114.92,110.79,111.64,1108600
2007-11-19,110.76,111.79,108.34,108.43,985500
2007-11-20,108.8,109.28,104.69,106.0,1554700
2007-11-21,104.92,106.28,104.53,105.41,780000
2007-11-23,106.42,107.55,105.75,107.24,257200
2007-11-26,107.029999,107.029999,103.43,103.43,635200
2007-11-27,103.4,106.089996,103.4,105.029999,801300
2007-11-28,105.63,109.29,105.24,108.77,759200
2007-11-29,108.2,110.7,107.63,109.38,755600
2007-11-30,111.2,113.16,110.92,111.63,2163000
2007-12-03,111.25,111.51,107.52,107.87,910900
2007-12-04,116.62,128.8,116.62,128.8,4186500
2007-12-05,129.73,130.25999,124.5,126.22,1742700
2007-12-06,125.67,128.42999,125.67,128.19,826500
2007-12-07,129.59,130.97,128.60001,129.87,745800
2007-12-10,129.97,132.44,129.3,132.17,761100
2007-12-11,130.52,132.38,126.92,127.5,1532800
2007-12-12,130.62,130.62,123.55,124.19,1183500
2007-12-13,123.33,124.59,120.38,120.58,1370900
2007-12-14,120.74,122.67,119.75,120.07,996500
2007-12-17,119.75,121.63,119.75,119.89,802900
2007-12-18,120.52,122.25,119.019997,120.3,639300
2007-12-19,120.56,123.12,119.5,123.0,975200
2007-12-20,123.07,124.28,121.15,122.9,568100
2007-12-21,124.25,124.45,121.6,122.39,654900
2007-12-24,122.39,124.14,121.83,124.019997,144700
2007-12-26,123.5,123.53,120.58,121.7,336800
2007-12-27,121.26,121.99,120.12,120.28,362000
2007-12-28,121.45,121.5,118.36,118.85,441600
2007-12-31,117.93,120.36,117.93,119.91,581200
2008-01-02,120.099998,120.099998,115.64,116.21,932900
2008-01-03,116.63,116.93,113.3,113.72,775900
2008-01-04,112.87,112.9,110.24,110.58,978700
2008-01-07,111.45,113.6,109.87,112.65,950800
2008-01-08,113.6,113.93,108.15,108.38,932500
2008-01-09,108.34,108.9,104.89,107.94,1292200
2008-01-10,107.099998,110.46,105.26,109.71,1240700
2008-01-11,108.49,108.8,105.95,106.089996,1020100
2008-01-14,106.89,108.11,106.3,107.029999,644600
2008-01-15,106.029999,106.49,103.35,104.07,941700
2008-01-16,103.3,108.39,103.3,107.14,919300
2008-01-17,107.0,107.07,103.6,103.88,914000
2008-01-18,104.39,107.85,104.39,106.059998,1217500
2008-01-22,104.18,111.51,103.07,110.49,1369500
2008-01-23,108.5,114.8,107.65,114.58,1340600
2008-01-24,117.07,117.07,112.099998,114.34,834000
2008-01-25,115.0,116.0,111.019997,112.029999,701200
2008-01-28,111.84,118.75,111.040001,118.68,1182300
2008-01-29,119.19,119.86,115.82,118.43,681500
2008-01-30,117.65,119.58,115.18,116.089996,820000
2008-01-31,115.059998,122.74,114.86,120.65,949500
2008-02-01,120.38,121.85,118.7,121.59,921700
2008-02-04,121.2,121.4,116.83,117.6,752100
2008-02-05,117.64,118.31,114.58,114.8,736300
2008-02-06,115.44,118.36,114.0,114.0,715500
2008-02-07,112.72,118.0,111.31,116.6,924200
2008-02-08,116.19,118.16,114.41,115.62,659000
2008-02-11,115.81,117.61,113.85,117.59,561900
2008-02-12,117.89,118.79,115.059998,116.25,565800
2008-02-13,116.64,118.3,114.79,116.26,543000
2008-02-14,114.75,115.5,111.77,113.12,846800
2008-02-15,112.28,113.64,111.28,113.62,631300
2008-02-19,114.79,115.47,112.5,113.37,847500
2008-02-20,112.33,118.24,112.029999,117.080002,801500
2008-02-21,117.51,117.71,113.58,113.65,593300
2008-02-22,114.0,115.31,112.5,115.31,612600
2008-02-25,116.050003,118.56,113.25,117.37,1021400
2008-02-26,118.78,126.0,118.25,124.93,1857000
2008-02-27,123.93,125.69,121.4,122.25,953100
2008-02-28,120.79,121.78,119.26,119.73,580100
2008-02-29,118.18,119.4,114.63,115.080002,661300
2008-03-03,115.35,118.4,113.23,117.72,714300
2008-03-04,117.0,117.2,114.78,116.78,707400
2008-03-05,117.5,119.81,116.17,117.26,641300
2008-03-06,116.76,116.95,113.53,113.67,613900
2008-03-07,112.8,115.7,112.0,112.83,721200
2008-03-10,112.71,113.07,109.97,110.23,523800
2008-03-11,113.3,114.96,112.059998,114.84,736800
2008-03-12,115.050003,116.56,111.48,111.57,695900
2008-03-13,110.5,115.81,109.9,115.18,739200
2008-03-14,115.15,115.15,110.26,113.61,1098000
2008-03-17,111.52,113.45,108.89,110.86,867500
2008-03-18,111.41,114.39,111.37,113.88,1555800
2008-03-19,114.75,115.89,112.69,112.69,788800
2008-03-20,113.16,117.080002,112.96,116.64,1198100
2008-03-24,116.55,121.6,116.55,119.75,595000
2008-03-25,119.77,120.81,118.27,119.88,438900
2008-03-26,119.59,119.7,117.56,117.92,473700
2008-03-27,118.21,118.47,115.07,115.16,484800
2008-03-28,115.11,115.3,112.87,113.25,454900
2008-03-31,113.31,115.45,112.56,113.83,569800
2008-04-01,117.23,119.61,115.21,119.55,607700
2008-04-02,119.089996,120.25,117.35,118.21,545400
2008-04-03,116.95,118.85,116.26,117.78,374900
2008-04-04,117.71,119.019997,116.16,116.98,352100
2008-04-07,117.95,118.12,115.63,115.76,514100
2008-04-08,115.099998,116.42,114.67,115.94,517800
2008-04-09,116.17,116.37,113.68,114.44,652000
2008-04-10,113.83,117.3,113.65,116.61,710000
2008-04-11,116.18,118.050003,116.0,116.96,727300
2008-04-14,116.9,118.82,116.9,117.13,800300
2008-04-15,117.39,119.0,116.75,118.3,638000
2008-04-16,119.089996,120.7,118.54,120.46,645700
2008-04-17,119.8,121.77,119.19,121.36,637800
2008-04-18,123.15,125.0,121.97,122.42,613200
2008-04-21,121.7,122.78,120.85,122.25,282700
2008-04-22,122.37,122.37,118.41,119.52,385200
2008-04-23,118.5,125.22,117.86,119.19,656200
2008-04-24,119.2,122.72,119.2,121.48,568800
2008-04-25,122.2,124.31,122.0,123.85,765500
2008-04-28,123.71,124.58,122.35,123.65,514900
2008-04-29,123.74,125.69,123.55,125.36,636300
2008-04-30,125.49,125.6,120.75,120.75,774500
2008-05-01,121.35,126.85,120.91,125.95,566000
2008-05-02,126.6,126.8,123.010002,123.9,453900
2008-05-05,124.0,124.33,121.7,122.85,570700
2008-05-06,121.010002,125.46,121.010002,124.61,867600
2008-05-07,124.28,126.54,123.48,124.19,667400
2008-05-08,125.63,127.54,122.040001,122.76,1016600
2008-05-09,121.59,124.39,121.35,122.44,546800
2008-05-12,122.62,126.019997,122.5,125.77,386000
2008-05-13,126.53,127.23,124.43,126.67,479300
2008-05-14,127.72,128.42999,126.67,126.83,512600
2008-05-15,127.57,128.89999,125.44,128.35001,663600
2008-05-16,127.0,128.0099945,124.47,127.21,838700
2008-05-19,127.019997,129.5,126.56,127.8,784400
2008-05-20,129.0,130.78999,125.67,126.99,1028700
2008-05-21,127.58,129.5,125.019997,125.67,954500
2008-05-22,125.059998,129.75,125.059998,128.44,753000
2008-05-23,128.2,128.64999,126.66,127.28,556200
2008-05-27,126.65,129.5,125.81,127.23,1141800
2008-05-28,128.0,128.37,125.8,127.019997,489500
2008-05-29,127.46,128.92999,127.13,127.77,728500
2008-05-30,127.44,127.7,126.2,126.56,362600
2008-06-02,126.25,127.81,125.87,127.39,633200
2008-06-03,128.19,128.19,125.75,127.39,861300
2008-06-04,127.27,127.46,124.65,125.75,740800
2008-06-05,127.51,127.9,125.14,126.089996,744000
2008-06-06,124.79,125.099998,120.94,121.74,775800
2008-06-09,122.15,123.36,120.46,121.45,559500
2008-06-10,120.15,123.13,119.68,121.29,714600
2008-06-11,120.5,121.3,117.98,118.14,513700
2008-06-12,118.8,120.89,117.52,118.3,496400
2008-06-13,118.89,120.38,118.3,119.52,474800
2008-06-16,118.62,121.010002,118.42,120.37,663500
2008-06-17,120.6,120.8,119.35,120.33,673500
2008-06-18,119.07,119.31,117.029999,117.76,763300
2008-06-19,118.059998,119.16,117.21,118.82,725200
2008-06-20,118.22,118.22,114.35,115.0,646300
2008-06-23,115.4,115.8,111.57,112.23,690900
2008-06-24,111.51,114.089996,110.39,111.9,1095300
2008-06-25,112.15,115.65,111.29,111.82,1344700
2008-06-26,112.65,116.91,110.99,114.67,1921100
2008-06-27,115.28,121.41,115.28,120.13,3454000
2008-06-30,121.7,124.51,120.37,121.010002,1664100
2008-07-01,118.69,122.16,118.010002,121.69,1142600
2008-07-02,122.24,122.34,118.45,118.45,1078200
2008-07-03,119.2,121.77,118.66,120.18,695600
2008-07-07,120.84,121.85,118.0,119.41,929800
2008-07-08,119.8,122.44,118.72,122.27,1143300
2008-07-09,122.0,123.040001,120.84,121.33,941900
2008-07-10,121.099998,123.73,119.59,120.15,905400
2008-07-11,118.53,120.15,116.11,117.68,1088400
2008-07-14,119.29,120.13,116.62,117.52,669900
2008-07-15,117.040001,117.2,112.78,115.14,1351900
2008-07-16,115.099998,120.44,115.099998,119.93,1020900
2008-07-17,120.4,125.59,119.010002,124.9,1302700
2008-07-18,126.58,126.58,123.61,126.010002,1116800
2008-07-21,125.5,126.97,123.63,124.52,779700
2008-07-22,123.93,129.59,123.6,128.22,1077100
2008-07-23,127.85,133.59,127.62,130.58,1441000
2008-07-24,130.75999,131.97,128.8,129.0,844700
2008-07-25,130.16,130.83,127.51,127.87,769400
2008-07-28,126.7,128.28,124.49,126.71,696500
2008-07-29,126.65,131.56,126.52,131.029999,719200
2008-07-30,130.91,133.16,128.72,131.25,767400
2008-07-31,129.91,133.66,129.42,130.28999,750000
2008-08-01,130.38,132.72,129.17999,131.33,677600
2008-08-04,131.0099945,131.67,129.42999,130.47,639100
2008-08-05,131.89999,136.34,131.89999,136.050003,1098100
2008-08-06,135.23,135.23,131.46001,134.0,1174400
2008-08-07,132.55,134.96001,132.10001,133.92999,1078100
2008-08-08,133.25999,138.97,133.25999,138.35001,968000
2008-08-11,138.0099945,142.49001,137.25,138.96001,1004700
2008-08-12,138.74001,139.17,136.0,136.61,685400
2008-08-13,136.059998,136.17,131.31,134.3,938600
2008-08-14,133.99001,137.49001,132.61,136.059998,857400
2008-08-15,135.25,138.92,135.25,138.59,618700
2008-08-18,139.5,140.0,136.64,137.21001,559800
2008-08-19,136.12,136.69,134.22,134.89,513600
2008-08-20,136.56,137.25,133.89,135.17,736200
2008-08-21,133.56,135.86,132.78,134.34,874900
2008-08-22,135.0,137.28999,134.66,136.72,567900
2008-08-25,136.2,136.56,133.23,133.45,491500
2008-08-26,132.83,136.46001,132.46001,136.34,595000
2008-08-27,135.28999,138.35001,135.28999,137.3,642000
2008-08-28,137.57001,140.50999,137.19,138.73,744900
2008-08-29,138.0,139.85001,136.82001,137.23,544500
2008-09-02,139.24001,143.8,137.50999,138.31,1217500
2008-09-03,138.89999,141.77,138.14999,141.13,1078800
2008-09-04,140.78999,142.36,138.31,138.38,900800
2008-09-05,137.5,138.91,135.25,138.19,681000
2008-09-08,139.13,140.7,136.2,139.98,1005800
2008-09-09,140.5,141.97,134.98,135.0099945,1154900
2008-09-10,135.020004,137.78,133.77,137.0,708100
2008-09-11,136.39999,138.44,134.24001,137.82001,978200
2008-09-12,136.3,138.97,135.91,138.5,840700
2008-09-15,136.74001,140.52,135.58,135.88,1067300
2008-09-16,134.75999,135.31,129.60001,133.63,1823700
2008-09-17,131.32001,132.86,128.089996,128.19,1226600
2008-09-18,129.75,130.60001,120.0,128.53,1950400
2008-09-19,134.38,136.39999,123.0,130.78999,1240500
2008-09-22,128.0,134.14,127.69,129.059998,1261200
2008-09-23,129.55,130.21001,126.93,127.17,678900
2008-09-24,127.089996,129.050003,125.52,125.98,647000
2008-09-25,127.4,130.38,126.64,128.77,916900
2008-09-26,128.75999,130.44,127.040001,129.35001,457800
2008-09-29,128.60001,129.42,121.94,124.55,899600
2008-09-30,125.85,125.85,121.46,123.34,1316500
2008-10-01,122.46,124.38,121.73,122.07,758000
2008-10-02,122.07,123.47,115.43,116.99,1150300
2008-10-03,118.099998,120.72,117.18,117.4,1101600
2008-10-06,115.66,120.089996,114.019997,119.099998,1354200
2008-10-07,118.85,119.96,107.5,108.21,2264400
2008-10-08,106.11,111.47,103.67,106.95,1502400
2008-10-09,107.2,108.7,98.79,98.79,1241100
2008-10-10,95.34,103.79,93.55,99.7,1495700
2008-10-13,102.55,107.8,102.22,107.25,269900
2008-10-14,110.9,111.050003,104.36,108.5,1311700
2008-10-15,108.11,109.31,101.07,101.11,1003000
2008-10-16,101.029999,106.0,98.85,105.56,1174000
2008-10-17,103.8,109.7,103.6,106.6,701400
2008-10-20,105.62,108.68,104.21,108.64,729500
2008-10-21,108.0,113.019997,105.7,108.94,797200
2008-10-22,107.25,109.81,103.040001,105.96,892500
2008-10-23,107.13,108.14,100.33,105.49,1273100
2008-10-24,101.050003,104.41,100.27,102.7,743800
2008-10-27,101.53,106.85,99.75,102.88,903100
2008-10-28,105.050003,115.14,103.98,114.2,1675700
2008-10-29,114.15,124.69,112.29,119.75,2024400
2008-10-30,120.4,126.96,120.28,122.099998,1029200
2008-10-31,121.0,129.32001,120.77,127.29,1251700
2008-11-03,125.75,126.14,119.88,120.73,1148400
2008-11-04,122.47,123.089996,119.17,122.85,717000
2008-11-05,117.8,120.25,117.0,118.010002,1585300
2008-11-06,117.0,121.79,115.53,117.24,1175700
2008-11-07,116.19,119.11,116.19,118.94,765000
2008-11-10,119.26,120.91,114.48,116.2,626200
2008-11-11,114.8,115.0,111.0,111.86,710800
2008-11-12,109.5,110.98,102.83,103.22,1625100
2008-11-13,103.98,112.76,103.3,112.68,1340400
2008-11-14,111.18,112.56,105.76,105.76,1179900
2008-11-17,106.0,108.81,104.51,104.59,1125400
2008-11-18,103.75,108.32,102.4,107.16,2235200
2008-11-19,106.07,107.010002,93.099998,94.25,3450200
2008-11-20,90.71,96.56,86.91,89.089996,3208900
2008-11-21,90.0,92.43,84.66,92.41,3077000
2008-11-24,92.52,101.029999,92.52,99.12,1969100
2008-11-25,102.2,103.42,98.14,103.16,1362400
2008-11-26,101.5,109.47,101.34,108.76,999100
2008-11-28,108.5,110.040001,107.8,109.22,546300
2008-12-01,107.55,108.9,100.12,101.050003,1559200
2008-12-02,102.0,108.47,98.67,108.36,1860200
2008-12-03,106.089996,116.29,105.72,115.8,1614900
2008-12-04,113.37,119.14,112.22,114.38,1376000
2008-12-05,112.4,122.26,111.57,121.48,1697800
2008-12-08,123.9,125.07,115.26,116.5,1871700
2008-12-09,119.11,127.9,118.56,124.51,3183100
2008-12-10,124.12,129.52,123.91,128.62,1691600
2008-12-11,128.62,129.32001,124.22,126.059998,1743300
2008-12-12,123.99,130.75999,123.25,129.60001,1966100
2008-12-15,129.98,131.16,126.32,129.020004,1575200
2008-12-16,129.5,133.95,129.48,133.5,1454300
2008-12-17,133.10001,136.59,131.020004,134.27,1080800
2008-12-18,134.8,138.13,134.25,135.77,1116000
2008-12-19,136.5,138.19,131.62,131.62,1741900
2008-12-22,130.0,130.87,125.77,128.63,1692000
2008-12-23,130.92999,131.34,127.35,129.71001,1033000
2008-12-24,129.71001,130.91,129.42,129.97,188000
2008-12-26,130.50999,132.35001,130.31,132.23,476000
2008-12-29,131.87,133.059998,130.0,132.69,933700
2008-12-30,132.020004,137.5,132.020004,137.25,1253000
2008-12-31,136.25,140.64,135.85001,139.47,1111400
2009-01-02,138.94,141.10001,138.080002,140.57001,1148800
2009-01-05,140.8,141.78,136.55,137.73,1493500
2009-01-06,137.73,140.28999,136.96001,139.2,1341400
2009-01-07,135.83,136.37,132.19,135.44,1991300
2009-01-08,136.92999,136.92999,132.78999,135.86,1388700
2009-01-09,135.89,136.67,132.3,133.059998,860700
2009-01-12,130.12,131.24001,127.24,128.77,1500200
2009-01-13,127.61,131.31,127.5,129.16,1096600
2009-01-14,127.51,127.64,125.8,127.059998,1357300
2009-01-15,127.95,132.64999,126.6,131.28999,1444300
2009-01-16,132.34,133.62,130.37,132.61,992900
2009-01-20,131.78999,132.19,128.32001,128.98,1214900
2009-01-21,129.88,133.12,126.92,133.029999,1527500
2009-01-22,132.0,133.84,129.42999,133.080002,1488000
2009-01-23,130.0099945,134.88,129.0099945,133.14999,1280800
2009-01-26,133.53,134.99001,131.3,132.61,1013400
2009-01-27,133.64999,134.95,132.3,133.88,958100
2009-01-28,135.050003,137.99001,135.029999,137.27,961400
2009-01-29,136.67,138.070007,135.56,136.0,821000
2009-01-30,135.5,136.60001,132.31,132.89,888800
2009-02-02,131.66,135.28999,131.39,134.3,1118800
2009-02-03,134.88,139.7,133.67999,139.080002,1265600
2009-02-04,138.99001,139.78999,135.53,137.0,1280600
2009-02-05,136.5,140.25,136.44,139.86,1238000
2009-02-06,139.87,145.77,139.86,143.96001,1994000
2009-02-09,144.14999,144.99001,141.47,142.46001,829400
2009-02-10,141.99001,143.3,138.56,139.52,933400
2009-02-11,139.86,140.39,138.089996,138.86,897500
2009-02-12,137.39999,139.75999,135.55,139.75999,1137700
2009-02-13,139.10001,139.64,136.41,136.7,854000
2009-02-17,134.39,136.080002,131.5,131.74001,1921800
2009-02-18,132.0,133.45,129.21001,133.11,1733300
2009-02-19,137.89999,143.13,137.89999,142.58,2555600
2009-02-20,141.48,146.95,140.52,146.39,2927100
2009-02-23,146.44,148.5,141.52,141.88,2118400
2009-02-24,142.27,146.16,142.27,145.62,1502600
2009-02-25,145.19,146.66,143.11,143.88,1278900
2009-02-26,145.8,146.34,140.72,141.080002,1104000
2009-02-27,140.19,145.39,140.050003,142.23,1719400
2009-03-02,141.16,142.17,139.25,140.029999,1909700
2009-03-03,151.45,157.49001,149.44,150.94,6849600
2009-03-04,150.91,155.78999,150.28999,154.28999,2031700
2009-03-05,153.32001,156.89,151.25,152.45,1921100
2009-03-06,154.0,154.0,147.84,152.75999,1794200
2009-03-09,150.95,152.99001,148.8,150.0,1838600
2009-03-10,151.64999,157.66,151.020004,157.66,1875800
2009-03-11,158.5,161.059998,157.25,158.50999,1331100
2009-03-12,158.12,161.45,156.5,161.0,1411300
2009-03-13,161.67999,162.81,159.75999,160.50999,1246400
2009-03-16,161.64,161.98,158.36,158.5,1193100
2009-03-17,158.25,162.24001,157.53999,161.45,1366400
2009-03-18,162.49001,164.070007,159.24001,162.31,1491200
2009-03-19,162.25999,162.35001,159.75999,160.82001,1357300
2009-03-20,160.96001,161.92,157.0099945,160.029999,1402600
2009-03-23,159.25,159.33,155.44,158.72,1648700
2009-03-24,157.75,159.020004,157.0,158.050003,1175200
2009-03-25,158.45,162.39999,158.25,162.19,1092300
2009-03-26,161.99001,166.42,161.34,166.2,1063000
2009-03-27,164.96001,165.46001,163.25,164.19,637400
2009-03-30,162.60001,163.64999,160.75,163.39999,817200
2009-03-31,163.81,165.21001,161.5,162.62,966500
2009-04-01,162.64,167.13,161.5,166.82001,1083200
2009-04-02,165.84,168.19,157.97,158.24001,2555200
2009-04-03,157.83,161.62,155.34,160.3,1265900
2009-04-06,159.3,161.28999,157.38,160.88,883900
2009-04-07,160.32001,160.32001,155.39,155.47,1094900
2009-04-08,156.75,159.69,155.75999,159.17999,1000400
2009-04-09,161.14999,162.55,159.89,161.72,892700
2009-04-13,160.87,161.22,157.27,158.0099945,833000
2009-04-14,157.5,159.55,155.35001,158.92999,920500
2009-04-15,158.84,161.42999,158.5,161.089996,853700
2009-04-16,162.24001,166.32001,161.38,165.92999,1080700
2009-04-17,165.92,166.66,163.55,166.38,717800
2009-04-20,165.7,166.36,163.2,165.36,955400
2009-04-21,165.3,165.50999,162.11,165.089996,939700
2009-04-22,164.45,169.13,163.029999,164.44,944700
2009-04-23,165.34,165.64999,161.53,164.47,938200
2009-04-24,164.44,165.33,161.42999,161.67999,918500
2009-04-27,161.95,166.36,161.17,164.16,748400
2009-04-28,162.95,167.0,162.55,165.19,697900
2009-04-29,165.92,167.53999,163.32001,163.92999,766800
2009-04-30,165.92999,169.99001,164.72,166.39,1057900
2009-05-01,166.89,166.95,161.67999,162.27,766200
2009-05-04,163.92999,164.82001,161.62,163.21001,1099300
2009-05-05,162.60001,164.0,160.25,161.57001,1015300
2009-05-06,164.49001,167.39,162.11,163.3,1270500
2009-05-07,164.75,165.13,160.10001,163.020004,1152300
2009-05-08,163.92,164.95,156.53999,157.47,1413900
2009-05-11,157.25999,160.96001,153.89,158.99001,990800
2009-05-12,158.50999,159.49001,154.17999,156.98,1546300
2009-05-13,156.2,158.059998,154.0,154.48,1319700
2009-05-14,154.48,157.89,154.020004,156.67,950300
2009-05-15,156.28999,159.2,155.28,158.0099945,960400
2009-05-18,158.94,159.67,155.28,158.71001,775000
2009-05-19,158.2,162.56,158.2,161.28,709900
2009-05-20,162.3,163.75999,155.82001,157.10001,1138300
2009-05-21,157.45,157.56,152.57001,154.53999,1463500
2009-05-22,154.99001,156.95,151.66,155.64999,1037500
2009-05-26,156.020004,164.38,155.35001,162.84,1907500
2009-05-27,159.92,161.32001,153.49001,155.039993,3583100
2009-05-28,155.37,156.27,148.62,150.56,2219000
2009-05-29,150.88,153.8,149.3,152.14999,1855300
2009-06-01,153.88,157.99001,153.55,156.83,1218100
2009-06-02,156.99001,159.42999,155.27,158.32001,1066600
2009-06-03,157.32001,158.89,155.3,158.8,980700
2009-06-04,158.38,158.53999,155.44,158.39999,1002000
2009-06-05,159.49001,160.41,156.35001,159.57001,1052200
2009-06-08,158.0,159.53999,157.0,158.34,547200
2009-06-09,158.53,161.59,158.39,160.27,715600
2009-06-10,160.84,161.25,155.72,157.92,1116200
2009-06-11,158.34,158.89,154.050003,154.050003,1264100
2009-06-12,153.55,155.98,151.59,155.5,774200
2009-06-15,154.029999,155.53999,152.2,154.91,828800
2009-06-16,154.89,155.12,152.080002,152.48,788200
2009-06-17,152.61,157.77,151.58,155.53999,1072700
2009-06-18,156.070007,158.5,154.63,157.39999,882800
2009-06-19,158.10001,158.10001,155.67,155.73,1383400
2009-06-22,153.87,156.47,153.56,155.10001,1137200
2009-06-23,155.28999,155.44,153.56,154.21001,1044400
2009-06-24,153.36,153.67,147.44,148.8,1945000
2009-06-25,148.87,152.089996,148.0,152.089996,1415700
2009-06-26,152.039993,152.050003,149.2,149.85001,1359600
2009-06-29,151.14999,152.63,148.32001,151.75,924400
2009-06-30,151.21001,152.96001,150.41,151.11,902100
2009-07-01,153.58,153.66,150.58,152.75999,989200
2009-07-02,153.039993,153.95,150.0,150.0,737900
2009-07-06,149.94,153.47,148.72,153.020004,801300
2009-07-07,151.64999,152.070007,150.050003,150.74001,781700
2009-07-08,151.82001,155.74001,151.44,155.33,1068500
2009-07-09,155.050003,156.62,154.050003,155.27,962400
2009-07-10,154.57001,156.53999,153.020004,153.92,586600
2009-07-13,153.81,156.35001,151.71001,155.89,825300
2009-07-14,156.27,159.69,154.63,158.77,978000
2009-07-15,159.7,160.8,157.83,158.0,1070500
2009-07-16,158.10001,158.5,157.0099945,157.85001,966200
2009-07-17,157.67999,157.94,156.17999,156.98,1216200
2009-07-20,155.99001,156.7,154.38,156.64999,760000
2009-07-21,156.52,156.52,152.33,155.92999,1025300
2009-07-22,154.92999,157.75999,154.92999,156.97,1506900
2009-07-23,156.86,157.85001,155.2,156.78,1109300
2009-07-24,155.92,157.3,155.42,157.24001,460200
2009-07-27,157.41,157.41,153.059998,154.67999,730100
2009-07-28,154.0,155.25999,152.81,153.64999,595000
2009-07-29,153.16,153.7,151.60001,152.96001,754300
2009-07-30,154.13,158.0,154.070007,156.31,920100
2009-07-31,157.16,157.61,153.47,153.57001,677200
2009-08-03,152.7,153.17,149.38,150.31,1282000
2009-08-04,149.5,150.42,147.64999,148.31,941500
2009-08-05,149.47,149.47,144.75999,145.24001,1089500
2009-08-06,145.99001,147.75,144.59,147.42,763600
2009-08-07,147.99001,151.95,147.0,151.32001,967000
2009-08-10,151.0,151.0,146.67,147.98,721900
2009-08-11,147.95,149.42999,146.45,148.75,428600
2009-08-12,148.86,149.95,148.25,148.49001,470400
2009-08-13,143.67999,145.36,141.0,145.13,1421800
2009-08-14,145.0099945,145.5,143.34,143.92,812900
2009-08-17,141.89,145.39999,141.10001,144.69,949000
2009-08-18,147.88,151.94,146.25999,149.84,1367200
2009-08-19,148.67999,152.33,148.10001,151.14999,916000
2009-08-20,152.070007,152.56,149.52,151.81,714600
2009-08-21,151.8,153.28,151.029999,153.25,520500
2009-08-24,152.96001,153.37,150.66,150.8,592800
2009-08-25,151.27,151.81,149.69,149.98,869000
2009-08-26,149.75999,151.95,149.42,150.22,698400
2009-08-27,149.7,150.23,147.81,149.070007,863300
2009-08-28,149.60001,150.57001,147.0,148.45,1121800
2009-08-31,146.61,147.56,145.75999,147.25,1153800
2009-09-01,146.34,147.95,144.24001,144.94,1006100
2009-09-02,145.14,146.17,144.2,145.25,578200
2009-09-03,145.38,148.98,144.77,148.81,817300
2009-09-04,148.95,148.99001,147.25,148.17999,462200
2009-09-08,149.62,150.070007,147.50999,150.0,700300
2009-09-09,149.84,150.3,148.039993,149.32001,608200
2009-09-10,149.31,150.23,147.88,149.39999,572600
2009-09-11,148.75,149.16,145.87,146.45,996200
2009-09-14,145.34,147.44,144.82001,147.2,578600
2009-09-15,147.36,147.75999,145.36,147.28,825700
2009-09-16,147.59,148.75999,146.42,147.41,622000
2009-09-17,147.56,148.97,146.73,147.37,616800
2009-09-18,146.91,152.55,146.88,152.089996,1551100
2009-09-21,151.81,154.31,150.0,153.55,901500
2009-09-22,154.69,154.69,151.74001,152.92,869700
2009-09-23,148.61,148.94,141.44,141.5,3902100
2009-09-24,142.72,144.39999,142.050003,142.5,1620600
2009-09-25,142.17999,144.5,142.0,143.97,1159200
2009-09-28,143.98,145.44,142.41,142.77,862700
2009-09-29,143.28999,146.75999,143.25999,145.98,1528100
2009-09-30,145.17,147.0,144.45,146.22,994500
2009-10-01,145.77,147.059998,144.13,145.62,1380100
2009-10-02,144.21001,147.32001,143.82001,146.050003,1132100
2009-10-05,145.7,147.12,144.57001,145.14,1186300
2009-10-06,146.24001,147.66,145.33,147.080002,928000
2009-10-07,146.59,147.39999,144.7,147.21001,777700
2009-10-08,147.5,148.78,146.86,147.12,606200
2009-10-09,147.11,147.74001,145.050003,145.92,746100
2009-10-12,146.12,146.83,144.39999,144.87,746500
2009-10-13,144.82001,145.92,143.86,144.7,663500
2009-10-14,145.0,145.89,143.39999,143.95,1163700
2009-10-15,143.41,145.36,143.21001,144.67,908300
2009-10-16,143.81,145.91,143.81,144.52,739700
2009-10-19,143.84,145.34,142.25,144.0,1363000
2009-10-20,143.89999,143.89999,140.39999,140.94,1377900
2009-10-21,141.070007,142.0,137.98,137.99001,1166500
2009-10-22,137.47,139.45,137.19,139.10001,929500
2009-10-23,139.59,139.59,137.28,137.62,840900
2009-10-26,137.50999,139.14999,137.029999,137.46001,557100
2009-10-27,137.46001,138.78999,135.67999,137.17,915600
2009-10-28,136.55,138.97,136.34,136.42,1066600
2009-10-29,139.0099945,140.5,137.64,138.28999,885700
2009-10-30,138.020004,138.5,135.31,135.31,893000
2009-11-02,135.82001,137.3,135.13,136.22,810300
2009-11-03,136.44,139.61,136.050003,138.92999,901200
2009-11-04,139.78,141.42,139.089996,139.35001,891900
2009-11-05,140.16,140.84,138.0099945,140.21001,540900
2009-11-06,139.98,141.37,138.58,140.32001,550900
2009-11-09,141.0099945,143.67,140.33,143.24001,590900
2009-11-10,142.75999,143.60001,142.11,143.35001,530400
2009-11-11,144.25999,148.32001,144.0099945,147.50999,1191200
2009-11-12,146.39999,146.45,143.96001,144.19,822800
2009-11-13,144.16,145.3,143.0099945,143.67,432300
2009-11-16,143.71001,144.0,142.0,143.029999,893700
2009-11-17,142.67999,143.19,141.42999,142.62,476600
2009-11-18,142.97,146.050003,142.25999,145.86,655300
2009-11-19,146.14999,146.14999,144.24001,145.83,558100
2009-11-20,145.0099945,147.89,144.63,147.42,771900
2009-11-23,148.12,148.85001,146.89999,147.73,366900
2009-11-24,148.0,148.37,146.17,147.31,288900
2009-11-25,147.2,150.69,147.2,150.28999,657200
2009-11-27,148.12,151.36,147.60001,150.050003,321600
2009-11-30,149.63,149.97,146.98,147.87,665200
2009-12-01,148.49001,152.95,148.28999,151.2,679200
2009-12-02,151.66,152.050003,149.89,150.48,427600
2009-12-03,150.44,152.34,149.020004,151.39999,715200
2009-12-04,152.12,154.83,149.98,152.080002,735900
2009-12-07,152.63,154.66,152.36,153.36,897600
2009-12-08,152.66,158.95,149.92,156.89999,1770200
2009-12-09,157.96001,157.96001,153.96001,156.31,727900
2009-12-10,156.0,156.48,154.39999,155.39999,599700
2009-12-11,156.83,156.83,154.78999,155.78,282700
2009-12-14,158.36,158.77,156.41,158.56,620700
2009-12-15,158.56,158.59,156.73,156.91,345200
2009-12-16,157.7,158.85001,156.69,157.99001,466800
2009-12-17,160.89,160.89,157.7,158.14999,576600
2009-12-18,159.28999,159.5,157.58,158.28999,581500
2009-12-21,158.28999,159.97,157.74001,159.52,597800
2009-12-22,159.029999,159.99001,158.56,159.52,420300
2009-12-23,159.52,161.33,159.14,160.28,514200
2009-12-24,160.0099945,160.28,159.62,159.91,143500
2009-12-28,160.0,160.94,159.3,159.59,364800
2009-12-29,160.050003,160.57001,159.34,159.47,153900
2009-12-30,159.13,160.64999,158.72,159.47,277000
2009-12-31,159.46001,160.28,158.070007,158.070007,272000
2010-01-04,158.99001,159.39,157.71001,158.029999,408300
2010-01-05,158.64999,158.64999,152.32001,156.71001,1224700
2010-01-06,156.45,158.78999,154.28999,155.24001,1074300
2010-01-07,155.92,157.91,155.14,157.3,424500
2010-01-08,156.73,156.99001,155.14,155.28,461900
2010-01-11,155.0099945,155.64999,153.89,155.48,440400
2010-01-12,155.25999,156.19,153.55,155.14,453500
2010-01-13,154.83,155.50999,153.97,154.75,362100
2010-01-14,154.5,154.72,152.75,154.38,375200
2010-01-15,154.14,155.53,153.64,155.080002,697300
2010-01-19,154.81,157.42999,154.35001,157.28,591700
2010-01-20,156.38,157.89,155.34,156.37,682200
2010-01-21,156.98,159.0099945,156.98,157.33,560100
2010-01-22,156.94,158.72,155.50999,155.87,661100
2010-01-25,156.75,157.61,156.070007,156.44,509700
2010-01-26,155.74001,158.56,155.47,158.34,542100
2010-01-27,158.34,159.59,155.57001,156.38,661700
2010-01-28,156.69,157.28999,154.44,155.42,399200
2010-01-29,155.31,156.66,154.97,155.029999,422300
2010-02-01,155.45,157.039993,155.41,156.5,283800
2010-02-02,156.34,158.050003,155.84,157.58,364700
2010-02-03,157.17999,157.58,156.19,157.089996,322200
2010-02-04,156.57001,157.37,154.34,154.39999,689300
2010-02-05,154.38,156.020004,153.44,155.38,820800
2010-02-08,157.56,159.45,156.94,156.94,666200
2010-02-09,158.089996,159.63,155.87,159.050003,485800
2010-02-10,158.58,159.45,157.89,158.5,329000
2010-02-11,158.5,159.17,157.2,158.64999,528100
2010-02-12,158.2,161.13,157.72,160.85001,481200
2010-02-16,161.32001,164.92,161.020004,164.87,737500
2010-02-17,164.5,165.73,163.45,165.62,328500
2010-02-18,162.69,163.42,160.2,163.19,892100
2010-02-19,163.0,164.52,162.53999,163.67,490100
2010-02-22,164.3,164.42999,162.98,163.070007,275700
2010-02-23,162.60001,165.85001,162.60001,164.24001,434600
2010-02-24,163.77,165.5,163.28,164.96001,494100
2010-02-25,162.87,166.31,162.75999,166.080002,686700
2010-02-26,166.5,167.089996,164.50999,165.92999,584000
2010-03-01,165.42999,166.66,164.3,166.0,704200
2010-03-02,168.34,170.33,164.53,164.74001,1696900
2010-03-03,163.88,166.27,162.57001,164.57001,943100
2010-03-04,164.78,168.39999,164.75,167.62,742100
2010-03-05,168.5,169.75,167.86,168.78999,536100
2010-03-08,168.75999,168.97,167.77,168.14999,495400
2010-03-09,167.10001,169.69,167.020004,167.86,563300
2010-03-10,167.36,169.059998,167.36,168.089996,633700
2010-03-11,167.3,168.77,166.72,168.66,333600
2010-03-12,168.73,169.33,168.089996,168.89,256600
2010-03-15,168.89,169.17,167.78999,169.0,305300
2010-03-16,167.78999,169.33,167.46001,169.17,516100
2010-03-17,168.48,173.029999,168.48,172.0,672200
2010-03-18,172.49001,174.14999,171.28999,172.21001,309300
2010-03-19,172.28,173.19,170.14999,172.28,551100
2010-03-22,172.64999,174.82001,171.62,174.19,518500
2010-03-23,173.81,175.39,173.64,175.050003,346000
2010-03-24,174.33,174.33,172.75,173.57001,437100
2010-03-25,174.85001,175.23,173.82001,173.92999,368000
2010-03-26,173.92999,175.35001,173.31,174.22,308000
2010-03-29,174.31,174.73,172.87,173.23,293800
2010-03-30,172.84,174.89,172.73,173.58,343700
2010-03-31,173.11,173.84,172.42999,173.089996,297500
2010-04-01,173.82001,175.33,173.82001,174.88,288100
2010-04-05,174.59,174.99001,172.89999,173.53,403200
2010-04-06,173.50999,174.14,172.59,173.97,281500
2010-04-07,173.7,176.63,172.62,176.0,389200
2010-04-08,175.44,176.089996,174.17,175.050003,347300
2010-04-09,175.33,175.60001,174.2,175.28999,232600
2010-04-12,175.36,176.10001,174.83,175.42,219800
2010-04-13,175.24001,176.059998,174.67999,175.44,225400
2010-04-14,176.44,180.2,175.62,179.8,395000
2010-04-15,179.64,181.25,179.020004,181.050003,349000
2010-04-16,181.0099945,181.5,179.53999,180.11,506600
2010-04-19,180.14999,180.73,177.67,180.0,330900
2010-04-20,180.17,180.99001,179.2,179.75999,236300
2010-04-21,179.99001,181.32001,179.080002,181.0,249200
2010-04-22,180.050003,183.27,180.050003,182.24001,454000
2010-04-23,182.050003,184.070007,181.67,184.050003,229400
2010-04-26,184.98,185.47,183.53999,185.13,226700
2010-04-27,185.19,185.99001,181.82001,182.029999,326700
2010-04-28,182.17,183.64999,179.10001,180.25999,353100
2010-04-29,181.10001,187.16,181.10001,185.64,398700
2010-04-30,186.49001,187.94,183.61,185.0099945,443100
2010-05-03,184.47,186.33,183.86,186.33,373100
2010-05-04,185.10001,185.10001,181.58,183.83,307700
2010-05-05,183.0,185.14999,182.7,183.029999,468000
2010-05-06,182.69,183.10001,171.64999,178.13,675500
2010-05-07,178.81,180.0099945,172.19,176.080002,569300
2010-05-10,179.71001,183.28999,179.14,183.14999,554400
2010-05-11,182.23,184.45,182.11,183.86,518200
2010-05-12,184.45,185.39999,182.45,185.22,320900
2010-05-13,185.39,185.39,180.60001,180.95,316000
2010-05-14,180.89999,182.23,178.89999,180.31,535800
2010-05-17,180.89999,184.10001,178.49001,183.72,605700
2010-05-18,183.77,185.46001,180.5,180.8,369700
2010-05-19,180.0,184.19,179.5,182.039993,444400
2010-05-20,182.42999,184.0,179.57001,179.66,925700
2010-05-21,177.66,183.97,177.66,183.47,651000
2010-05-24,181.77,186.24001,180.020004,184.25,516900
2010-05-25,188.41,195.59,185.19,194.57001,2169500
2010-05-26,194.23,195.75,189.7,190.17999,899000
2010-05-27,192.0,192.42999,191.3,192.0,978000
2010-05-28,190.89999,193.33,190.88,190.88,998100
2010-06-01,191.32001,194.13,189.24001,191.46001,815800
2010-06-02,192.75,192.75,189.88,192.64999,1057500
2010-06-03,192.14,192.99001,191.34,192.92999,672400
2010-06-04,191.42999,192.22,188.19,188.89,698100
2010-06-07,190.10001,190.96001,185.85001,186.089996,629900
2010-06-08,186.0,188.95,185.50999,188.89,707400
2010-06-09,189.85001,191.66,187.95,188.59,627600
2010-06-10,185.91,188.81,183.7,187.72,1364900
2010-06-11,187.62,189.81,185.21001,189.3,866200
2010-06-14,190.42,192.53999,190.089996,190.66,467700
2010-06-15,191.5,194.27,190.22,194.23,681200
2010-06-16,193.92,196.49001,193.91,195.41,596700
2010-06-17,194.91,196.059998,193.19,195.13,459200
2010-06-18,195.64,196.75,194.74001,195.31,590500
2010-06-21,196.75,196.95,194.33,194.85001,559200
2010-06-22,194.7,196.64999,192.63,192.85001,534400
2010-06-23,192.60001,196.7,192.13,196.23,654000
2010-06-24,195.53,196.81,192.91,195.64,656100
2010-06-25,196.5,197.63,194.97,196.13,645000
2010-06-28,196.13,198.22,195.080002,196.21001,417900
2010-06-29,194.87,197.46001,192.17,195.53,728900
2010-06-30,195.28,197.13,192.7,193.22,560300
2010-07-01,193.0,195.2,189.38,194.72,743400
2010-07-02,195.5,196.36,194.0,195.0099945,447600
2010-07-06,196.32001,197.37,192.64999,194.66,611200
2010-07-07,194.16,197.33,194.10001,197.11,690900
2010-07-08,197.75,200.59,197.080002,198.10001,763100
2010-07-09,198.39999,200.74001,197.60001,200.12,557000
2010-07-12,200.38,203.5,199.75999,202.69,637700
2010-07-13,203.98,206.42,203.050003,205.42999,609300
2010-07-14,205.31,206.14999,203.8,204.96001,594700
2010-07-15,204.7,205.45,203.60001,204.91,932600
2010-07-16,204.55,204.96001,201.50999,202.25,636900
2010-07-19,202.92,204.81,201.89999,203.85001,395000
2010-07-20,201.97,208.2,201.97,207.5,619100
2010-07-21,207.92,207.92,205.81,206.28999,531300
2010-07-22,207.25,208.0,205.77,206.94,985700
2010-07-23,206.5,207.48,206.11,207.0,1125800
2010-07-26,207.89999,212.27,207.78999,212.059998,693000
2010-07-27,213.0,213.0,209.62,209.96001,633500
2010-07-28,210.47,211.47,209.59,210.37,864200
2010-07-29,211.39999,211.73,207.10001,208.77,802000
2010-07-30,207.89999,212.38,207.67999,211.57001,525500
2010-08-02,213.50999,213.64999,211.10001,211.85001,604000
2010-08-03,209.47,209.47,205.39,206.83,770300
2010-08-04,207.0,208.039993,204.91,205.75999,677000
2010-08-05,204.71001,206.42999,204.0,205.85001,498900
2010-08-06,205.25,207.60001,204.25,207.39,460700
2010-08-09,208.10001,208.78999,207.0,207.27,672200
2010-08-10,206.82001,207.75,205.89,206.83,686000
2010-08-11,205.28,206.32001,204.0099945,204.56,390700
2010-08-12,203.050003,207.28999,203.050003,206.5,539200
2010-08-13,206.22,209.3,206.22,207.86,624100
2010-08-16,206.87,207.16,205.95,207.0,467200
2010-08-17,207.85001,210.99001,207.72,210.070007,395500
2010-08-18,209.8,213.78999,209.59,212.39999,377800
2010-08-19,212.44,213.039993,210.11,211.0,369600
2010-08-20,209.52,213.60001,209.52,213.070007,369700
2010-08-23,213.36,215.21001,212.88,213.61,343200
2010-08-24,213.13,213.39999,209.3,209.88,534200
2010-08-25,209.020004,211.41,208.0099945,210.5,440800
2010-08-26,211.48,214.11,211.080002,211.46001,402000
2010-08-27,211.66,215.14999,211.66,214.64999,375900
2010-08-30,213.45,213.60001,210.89999,211.029999,386900
2010-08-31,210.59,213.21001,209.53,209.78,479200
2010-09-01,212.0,214.92999,210.25,214.089996,501800
2010-09-02,214.25,217.14999,213.64,216.94,457600
2010-09-03,218.0,219.23,216.50999,218.45,264800
2010-09-07,217.94,219.5,217.64999,218.55,323500
2010-09-08,218.53999,221.53999,218.21001,220.24001,414500
2010-09-09,221.17999,221.57001,215.88,217.25999,440200
2010-09-10,217.39999,218.97,217.27,217.89999,275200
2010-09-13,214.99001,217.28,213.52,216.75,494400
2010-09-14,216.86,219.41,215.71001,218.27,349000
2010-09-15,217.99001,219.31,217.38,219.3,269700
2010-09-16,218.82001,219.39,217.89,218.89,388000
2010-09-17,219.95,220.92,218.28,220.88,682800
2010-09-20,222.0,222.87,219.50999,220.14,784000
2010-09-21,221.89999,221.89999,214.0,217.020004,1168500
2010-09-22,216.42999,223.25,216.42999,222.10001,820400
2010-09-23,221.080002,225.0,220.98,222.64,488400
2010-09-24,224.19,226.059998,224.0,225.73,458700
2010-09-27,225.59,226.75,224.0,225.74001,422900
2010-09-28,226.31,228.75,224.74001,228.2,524800
2010-09-29,228.14999,231.23,228.0099945,230.56,734600
2010-09-30,231.5,231.73,226.8,228.91,679900
2010-10-01,229.95,230.0,227.81,228.83,614500
2010-10-04,229.75,232.13,228.75999,230.63,615600
2010-10-05,232.24001,233.99001,231.50999,233.33,755200
2010-10-06,233.10001,233.99001,232.10001,233.0,480800
2010-10-07,233.98,233.99001,232.34,233.0,481200
2010-10-08,233.5,233.78,231.92,232.81,626900
2010-10-11,234.0,234.5,232.070007,232.83,455600
2010-10-12,233.050003,233.91,231.53,232.95,503900
2010-10-13,233.7,233.7,231.38,232.55,733700
2010-10-14,232.7,233.37,231.14,233.0,623900
2010-10-15,233.5,233.75,232.039993,232.96001,621100
2010-10-18,232.71001,233.10001,231.059998,232.8,446900
2010-10-19,231.39999,233.0,227.7,229.47,719500
2010-10-20,229.92,233.0,229.84,231.89999,444200
2010-10-21,232.58,234.47,229.99001,231.37,427500
2010-10-22,231.64999,234.98,230.72,234.72,330600
2010-10-25,234.89999,236.75,234.75999,235.12,378300
2010-10-26,234.47,237.0,234.47,236.5,440500
2010-10-27,234.75999,236.059998,232.94,235.85001,339000
2010-10-28,236.92999,237.92999,234.8,236.8,425200
2010-10-29,235.88,237.69,235.35001,237.63,233700
2010-11-01,237.69,238.0,234.34,235.64,326200
2010-11-02,237.0,238.86,236.25,237.99001,271200
2010-11-03,237.84,238.7,236.0,238.0,533800
2010-11-04,239.14999,239.48,237.94,239.24001,618700
2010-11-05,239.17,240.5,239.17,239.87,439900
2010-11-08,238.85001,243.62,238.59,242.85001,400400
2010-11-09,243.050003,243.66,242.050003,243.0,328600
2010-11-10,243.22,249.53,242.87,248.95,729800
2010-11-11,248.96001,252.48,248.55,252.089996,617400
2010-11-12,251.21001,252.39999,249.35001,250.67999,340600
2010-11-15,251.55,253.47,250.88,251.39,389800
2010-11-16,250.78999,252.88,248.60001,249.0,338400
2010-11-17,249.14,250.7,248.17,249.23,329600
2010-11-18,251.71001,253.5,251.14,251.17,369700
2010-11-19,250.95,251.85001,250.34,251.2,375700
2010-11-22,250.77,256.0,250.77,255.64999,426900
2010-11-23,254.31,255.13,250.92,254.91,248200
2010-11-24,255.31,259.14001,255.31,259.14001,281100
2010-11-26,258.059998,259.75,257.17999,259.48001,162600
2010-11-29,259.22,259.51999,255.23,257.79999,353500
2010-11-30,256.87,260.25,256.72,259.41,429500
2010-12-01,261.89001,262.0,259.73001,260.56,362300
2010-12-02,260.95999,263.48999,259.91,263.20001,271100
2010-12-03,263.20001,265.48999,262.39999,265.20001,360500
2010-12-06,265.98999,266.25,261.76999,261.91,750600
2010-12-07,270.31,271.26999,255.94,260.14999,1553900
2010-12-08,260.48999,263.26001,259.39999,262.57001,521200
2010-12-09,262.60999,264.60999,260.72,263.89999,301000
2010-12-10,263.57001,264.95001,262.42001,264.73999,239500
2010-12-13,264.91,266.29001,264.48001,264.5,336200
2010-12-14,264.89001,264.89001,261.78,262.66,283100
2010-12-15,262.040009,264.82001,262.040009,262.54999,260600
2010-12-16,264.01001,269.72,262.94,269.10999,452400
2010-12-17,269.10999,271.0,269.10999,269.98999,537400
2010-12-20,271.67999,272.87,269.20001,272.76999,365400
2010-12-21,273.040009,273.39999,271.42001,272.19,355600
2010-12-22,273.0,273.0,271.089996,272.059998,194600
2010-12-23,272.10001,272.69,270.98001,271.89999,144200
2010-12-27,271.54999,271.62,270.0,270.92001,106000
2010-12-28,270.98001,272.56,270.51999,272.47,285000
2010-12-29,272.48999,274.5,272.01001,273.64001,245900
2010-12-30,273.75,276.0,273.62,275.5,153400
2010-12-31,274.95999,275.040009,272.25,272.59,159100
2011-01-03,273.48999,273.98999,266.60999,268.39999,618100
2011-01-04,269.14999,269.14999,257.070007,258.35999,1115900
2011-01-05,256.91,258.89001,254.84,255.2,825000
2011-01-06,254.039993,254.94,246.62,249.55,1103100
2011-01-07,250.75999,253.17,249.41,250.67,817700
2011-01-10,249.78,254.17999,249.75,252.74001,618200
2011-01-11,253.49001,254.72,250.0099945,251.52,417100
2011-01-12,252.050003,252.75999,249.62,251.16,633100
2011-01-13,251.27,252.83,250.14,251.92999,477500
2011-01-14,251.25999,253.22,249.77,252.62,426700
2011-01-18,251.84,253.33,250.22,250.59,478800
2011-01-19,250.85001,252.0,249.070007,249.99001,666400
2011-01-20,249.52,252.81,249.0,252.56,648100
2011-01-21,253.97,254.96001,251.77,252.13,770300
2011-01-24,252.5,253.0099945,249.92,251.49001,469100
2011-01-25,249.5,251.59,247.35001,248.7,487100
2011-01-26,249.2,251.83,246.25999,250.070007,523000
2011-01-27,250.41,257.98999,250.24001,256.10001,579500
2011-01-28,256.79999,257.39999,250.62,251.059998,390100
2011-01-31,251.39,255.38,251.070007,253.53,360400
2011-02-01,254.57001,255.21001,251.8,255.0,340100
2011-02-02,254.78999,254.95,251.059998,251.75999,270400
2011-02-03,251.36,255.7,251.36,255.0099945,421200
2011-02-04,254.71001,260.17999,254.33,258.70001,328700
2011-02-07,259.0,261.59,257.35001,258.029999,271400
2011-02-08,258.029999,259.98999,257.78,259.82999,218600
2011-02-09,259.5,263.62,259.10001,261.76001,285000
2011-02-10,260.82999,261.5,256.14999,259.64001,361100
2011-02-11,259.14001,261.72,258.64001,260.88,200800
2011-02-14,261.16,261.76001,259.70001,260.82001,227300
2011-02-15,260.51999,260.98001,259.32999,260.81,287100
2011-02-16,262.0,265.54001,261.57999,262.78,213500
2011-02-17,262.22,262.22,254.71001,255.57001,418400
2011-02-18,256.48001,259.040009,253.71001,255.64,338500
2011-02-22,253.13,254.58,249.10001,252.59,383600
2011-02-23,252.53,254.58,247.36,250.64,398600
2011-02-24,252.089996,254.2,249.050003,253.25,289300
2011-02-25,254.91,255.75,252.53999,255.39,277400
2011-02-28,255.50999,260.0,255.45,257.95001,524800
2011-03-01,265.54001,267.98001,260.20999,263.51999,1016900
2011-03-02,263.73999,264.54001,260.67999,262.84,564700
2011-03-03,264.45999,266.95001,263.01001,266.53,483400
2011-03-04,266.53,268.75,263.29001,265.42001,261800
2011-03-07,265.75,267.45999,262.95001,263.25,357600
2011-03-08,263.66,269.79999,262.98001,267.95999,403800
2011-03-09,268.019989,269.63,266.85001,268.20999,272900
2011-03-10,266.76001,268.79999,265.0,266.70999,290900
2011-03-11,266.60001,267.37,263.12,265.92999,270500
2011-03-14,263.89001,265.31,261.89001,264.81,236400
2011-03-15,259.5,264.47,256.85999,263.14001,345300
2011-03-16,261.23999,265.70999,260.62,261.31,395800
2011-03-17,264.17001,264.92001,261.57001,261.95001,225100
2011-03-18,263.63,264.70999,260.070007,262.98001,500000
2011-03-21,264.32999,266.17999,262.38,264.089996,423400
2011-03-22,264.45001,265.79001,261.75,264.72,376400
2011-03-23,264.85001,271.0,262.79999,270.059998,458300
2011-03-24,271.0,273.26001,269.44,272.10999,399200
2011-03-25,272.75,277.5,270.70999,275.48999,435200
2011-03-28,276.16,276.16,270.82001,270.92999,307900
2011-03-29,271.12,273.47,268.79999,273.44,314300
2011-03-30,274.25,276.040009,273.0,273.94,271900
2011-03-31,273.19,273.87,270.79999,273.56,359800
2011-04-01,274.22,276.049988,273.26999,274.67001,261400
2011-04-04,275.0,275.76001,272.54001,274.28,213100
2011-04-05,273.64001,279.94,273.089996,276.64001,327300
2011-04-06,276.85001,279.35001,276.51001,276.59,219800
2011-04-07,276.56,277.82999,272.98001,275.84,256600
2011-04-08,277.60001,277.60001,274.51001,276.26001,238800
2011-04-11,272.60999,273.98999,269.67999,272.92999,384600
2011-04-12,272.14999,279.0,270.0,277.76999,661500
2011-04-13,276.22,279.98999,276.22,279.76001,419700
2011-04-14,278.75,280.73999,277.26999,278.85001,455400
2011-04-15,279.76001,281.95999,278.72,280.079987,370300
2011-04-18,280.28,280.28,274.76999,279.32001,244200
2011-04-19,279.079987,279.089996,276.070007,278.28,250500
2011-04-20,280.57999,284.60001,280.45001,283.95999,376900
2011-04-21,284.0,284.97,282.69,284.85001,310300
2011-04-25,284.70999,284.94,281.16,282.5,145500
2011-04-26,283.059998,283.82999,281.72,282.070007,306300
2011-04-27,283.73001,283.92001,281.0,281.5,619900
2011-04-28,280.019989,284.42001,279.67999,282.48001,298600
2011-04-29,282.26999,283.26001,281.089996,282.38,251000
2011-05-02,283.20001,284.57001,280.5,281.17999,206000
2011-05-03,284.79999,285.0,282.39001,283.44,414000
2011-05-04,283.70001,284.48999,282.17999,283.35001,280000
2011-05-05,282.0,287.0,281.040009,285.28,294100
2011-05-06,286.82001,286.98999,281.13,281.56,269000
2011-05-09,281.17001,285.82999,281.17001,284.64001,253000
2011-05-10,285.040009,287.0,285.040009,286.41,248400
2011-05-11,288.42001,288.42001,279.35001,286.38,454000
2011-05-12,286.17999,288.5,284.019989,287.89001,360000
2011-05-13,287.89001,288.5,284.26001,286.29999,239400
2011-05-16,286.23999,287.51999,283.35001,283.64999,238100
2011-05-17,282.88,283.089996,279.26001,281.48001,239000
2011-05-18,281.97,283.67001,280.42001,282.5,259600
2011-05-19,277.01001,279.0,274.32999,277.14999,770000
2011-05-20,276.69,278.20999,274.56,276.60001,462100
2011-05-23,276.29001,277.60999,273.17999,276.78,473300
2011-05-24,288.070007,295.17001,286.79999,293.29999,1154000
2011-05-25,294.44,298.0,293.0,297.98001,607200
2011-05-26,297.98001,298.47,296.0,296.60999,540000
2011-05-27,295.26999,297.81,294.84,296.70999,293900
2011-05-31,298.85999,299.60001,293.12,294.0,486200
2011-06-01,294.0,295.17999,293.029999,293.10999,378800
2011-06-02,294.12,294.12,289.0,289.64999,287000
2011-06-03,287.29999,290.5,284.82999,285.48001,325900
2011-06-06,286.63,287.22,283.94,285.64001,316800
2011-06-07,285.0,289.39001,284.12,284.5,338700
2011-06-08,284.81,289.48999,283.25,288.53,485300
2011-06-09,288.37,292.54001,286.98001,291.94,305100
2011-06-10,290.70001,292.23001,288.70999,290.20001,395700
2011-06-13,291.29999,291.29999,288.23999,288.88,313500
2011-06-14,290.23001,290.59,289.16,289.87,345300
2011-06-15,289.070007,290.51999,288.45001,289.54999,366600
2011-06-16,288.82001,290.14999,285.20999,289.78,447100
2011-06-17,291.0,293.049988,290.35999,291.70999,804500
2011-06-20,291.31,293.14999,290.029999,292.23999,496000
2011-06-21,292.39999,292.91,291.42999,292.42999,444600
2011-06-22,292.17001,294.079987,292.17001,292.87,387300
2011-06-23,290.72,294.26999,290.72,292.60999,476500
2011-06-24,292.54999,293.70001,290.32999,291.60001,336900
2011-06-27,290.98999,293.97,290.0,292.84,267300
2011-06-28,293.5,293.51999,292.57999,292.89999,437000
2011-06-29,293.42001,293.54001,290.62,291.32001,342700
2011-06-30,292.54999,296.20001,291.87,294.85001,381100
2011-07-01,295.38,298.19,294.85999,297.62,255800
2011-07-05,296.14001,298.53,294.51001,297.14001,289700
2011-07-06,295.29001,298.79999,294.76001,297.75,333300
2011-07-07,299.0,299.45001,298.0,298.38,330800
2011-07-08,295.81,298.56,295.14999,298.28,305700
2011-07-11,295.94,297.64001,293.84,295.5,277500
2011-07-12,293.20999,299.60001,293.10001,297.59,392400
2011-07-13,298.48001,300.39999,296.019989,296.94,312900
2011-07-14,298.37,302.0,295.26001,297.88,416500
2011-07-15,298.66,298.66,294.079987,297.28,292100
2011-07-18,297.079987,297.079987,294.47,295.35999,177100
2011-07-19,296.70999,299.20999,296.16,298.32999,268300
2011-07-20,298.32999,298.62,294.78,295.59,180800
2011-07-21,296.35999,297.22,294.76999,295.51999,293600
2011-07-22,296.44,296.60999,295.12,295.85001,172500
2011-07-25,294.26999,296.37,293.22,294.94,228400
2011-07-26,294.82001,296.29999,293.60001,295.16,150700
2011-07-27,293.25,293.32999,287.0,289.14999,399300
2011-07-28,287.95999,288.54999,284.5,285.84,255900
2011-07-29,284.45999,288.089996,282.5,285.45001,287500
2011-08-01,287.0,287.35999,280.12,282.25,349100
2011-08-02,280.85001,284.32999,276.14999,276.70999,337600
2011-08-03,276.29001,281.85999,274.39999,281.5,368500
2011-08-04,279.59,281.45999,273.089996,273.29001,390700
2011-08-05,275.26001,280.67001,270.23999,278.73999,663200
2011-08-08,275.10001,278.62,266.25,268.51001,663100
2011-08-09,269.54001,280.44,269.17001,280.10001,686600
2011-08-10,277.85999,281.89999,274.39999,274.82001,716900
2011-08-11,278.0,284.040009,278.0,281.89001,737400
2011-08-12,286.35001,288.94,283.049988,287.60999,625400
2011-08-15,289.20999,289.20999,282.75,287.39999,294000
2011-08-16,285.54999,289.66,284.10999,288.26999,252700
2011-08-17,289.66,290.48001,284.98001,288.48001,205100
2011-08-18,284.34,289.19,279.92999,289.16,621200
2011-08-19,285.95001,294.0,285.95001,291.42001,572500
2011-08-22,297.69,297.69,290.59,295.70001,550900
2011-08-23,296.98999,300.0,294.17999,299.31,399000
2011-08-24,297.54001,304.34,297.5,304.10001,533600
2011-08-25,302.95001,306.0,297.42999,298.42999,300300
2011-08-26,297.95999,302.76001,295.31,301.29999,245700
2011-08-29,304.53,307.69,303.0,307.14001,294100
2011-08-30,307.63,310.0,305.23001,308.53,431800
2011-08-31,310.23999,310.87,304.84,307.0,321600
2011-09-01,304.31,312.75,304.31,312.049988,427100
2011-09-02,308.45001,312.17001,307.87,310.85001,373800
2011-09-06,306.0,314.0,304.95001,313.82999,485600
2011-09-07,314.5,317.85999,314.25,316.67001,343000
2011-09-08,315.95999,318.29999,315.0,316.10001,357000
2011-09-09,315.14999,318.79001,312.12,314.48999,333400
2011-09-12,312.97,316.44,311.14001,316.17999,414500
2011-09-13,316.48999,320.48999,312.38,319.48001,475400
2011-09-14,320.5,326.47,317.66,324.38,449800
2011-09-15,325.78,327.0,324.0,325.76999,337700
2011-09-16,327.70001,332.92999,326.69,331.25,1197800
2011-09-19,329.31,333.98999,329.0,331.95001,730700
2011-09-20,329.67999,332.95001,325.91,327.75,858200
2011-09-21,327.29001,329.0,322.59,322.79001,449200
2011-09-22,317.87,320.37,311.72,316.13,713200
2011-09-23,316.54999,322.62,316.0,321.70001,399800
2011-09-26,323.17999,327.17001,321.47,327.12,356000
2011-09-27,330.10001,330.10001,324.37,326.0,650200
2011-09-28,325.98999,326.31,321.28,321.94,335700
2011-09-29,337.23001,337.23001,313.17999,317.57999,529500
2011-09-30,314.57001,325.53,313.70999,319.19,535700
2011-10-03,318.42001,322.019989,311.87,311.88,428700
2011-10-04,308.20999,320.0,307.16,320.0,406100
2011-10-05,320.0,320.37,311.95001,317.42001,382500
2011-10-06,317.059998,323.19,316.10999,322.37,362100
2011-10-07,323.32999,328.67999,320.42001,324.019989,339900
2011-10-10,326.87,331.82999,325.41,331.70001,330300
2011-10-11,331.17999,332.67999,325.98001,327.60999,296900
2011-10-12,328.089996,329.95001,323.73999,327.66,427500
2011-10-13,327.14001,328.76001,325.0,326.56,359900
2011-10-14,329.0,330.0,326.76999,328.12,336400
2011-10-17,325.75,331.42999,325.73999,327.0,334400
2011-10-18,326.29999,327.31,324.53,326.029999,489900
2011-10-19,326.029999,327.41,323.73001,324.98999,509500
2011-10-20,327.029999,328.60999,325.17999,326.95001,346600
2011-10-21,331.32001,331.64001,327.10999,327.5,384600
2011-10-24,328.0,330.89001,327.39001,330.19,452900
2011-10-25,330.089996,332.92001,327.39999,327.92999,333600
2011-10-26,333.78,333.78,325.84,327.79001,304200
2011-10-27,333.089996,333.75,329.51001,330.73001,456200
2011-10-28,330.60999,331.64001,326.029999,327.82001,245800
2011-10-31,326.01001,328.51001,323.59,323.59,399800
2011-11-01,318.57999,329.35001,317.31,325.67001,491200
2011-11-02,327.51001,327.62,323.76999,324.44,389100
2011-11-03,325.60999,326.32001,321.57999,324.66,355600
2011-11-04,324.67001,326.23999,322.31,325.0,300600
2011-11-07,323.97,327.60001,323.84,327.10999,139800
2011-11-08,326.37,334.0,326.37,333.79001,300900
2011-11-09,330.0,332.88,325.01001,325.64001,277400
2011-11-10,327.60999,331.20999,327.0,330.70999,233500
2011-11-11,332.10001,337.95999,330.48001,337.66,230200
2011-11-14,337.85001,341.89001,335.63,336.23001,202400
2011-11-15,336.48001,338.26001,334.79001,337.14999,165700
2011-11-16,336.040009,337.39999,331.23999,332.040009,134800
2011-11-17,331.59,332.63,327.20999,328.32001,154900
2011-11-18,329.64999,331.14001,327.64001,329.39999,137800
2011-11-21,327.48001,328.72,323.47,325.32999,209400
2011-11-22,324.41,325.049988,320.29001,320.82001,264600
2011-11-23,319.32001,320.72,316.60001,318.059998,183900
2011-11-25,316.59,322.95999,315.26001,322.95999,151600
2011-11-28,326.23001,329.28,318.32999,319.51001,272000
2011-11-29,319.14001,324.45999,318.75,323.42999,175600
2011-11-30,325.73999,330.70001,325.73999,328.38,281900
2011-12-01,329.01001,336.32999,329.01001,335.29999,249000
2011-12-02,337.0,339.0,330.22,330.22,207700
2011-12-05,334.54001,339.44,332.01001,338.97,296400
2011-12-06,341.059998,343.89999,332.87,337.81,498500
2011-12-07,337.75,338.26999,333.37,333.85999,391600
2011-12-08,333.57999,334.20001,329.10001,329.67001,263400
2011-12-09,329.70001,332.29999,329.22,329.82001,608200
2011-12-12,324.98001,332.39001,324.97,330.89001,344600
2011-12-13,332.45999,334.63,324.32999,326.10001,243200
2011-12-14,325.60999,326.0,322.42001,324.32001,208900
2011-12-15,325.32001,330.040009,323.70001,327.32001,293900
2011-12-16,328.95999,330.45999,325.94,326.0,392000
2011-12-19,325.67999,327.01001,323.92001,324.95999,253800
2011-12-20,325.16,327.089996,324.22,325.29001,673400
2011-12-21,324.94,331.69,324.94,330.0,369500
2011-12-22,330.75,331.049988,327.85001,329.0,272900
2011-12-23,330.070007,331.17001,327.98999,330.29999,211700
2011-12-27,330.60001,331.48001,329.42001,330.25,374600
2011-12-28,329.69,332.0,327.39001,328.22,191300
2011-12-29,328.59,329.31,325.39999,326.25,161000
2011-12-30,324.88,329.39999,324.23999,324.97,225900
2012-01-03,327.72,328.48999,318.12,319.79001,539700
2012-01-04,318.23001,327.91,313.10999,326.95999,916200
2012-01-05,323.98001,334.10001,321.19,333.85001,666500
2012-01-06,333.85001,339.23001,331.92999,338.040009,571800
2012-01-09,337.98001,340.51001,336.45001,339.5,470200
2012-01-10,340.79999,341.26999,337.75,340.14001,528400
2012-01-11,340.72,342.59,339.029999,341.87,496500
2012-01-12,341.59,343.48999,339.39001,342.98001,337400
2012-01-13,342.34,344.44,340.13,344.44,276200
2012-01-17,345.0,346.0,344.0,345.0,506000
2012-01-18,343.97,346.97,342.57999,346.28,523400
2012-01-19,347.48001,347.48001,344.63,346.5,671600
2012-01-20,344.95999,350.54999,344.60001,347.0,800900
2012-01-23,347.47,347.79999,345.42999,347.01001,366400
2012-01-24,346.54001,347.60001,345.19,346.75,236600
2012-01-25,346.5,348.59,345.0,348.57999,262800
2012-01-26,348.62,348.89999,347.23999,347.91,323100
2012-01-27,347.70001,349.0,345.029999,347.57999,301900
2012-01-30,346.54001,349.60001,346.20001,347.67001,217600
2012-01-31,349.60001,351.22,346.44,347.88,234800
2012-02-01,348.81,353.48001,348.20001,352.98999,258200
2012-02-02,352.60001,353.25,349.14001,349.17001,160000
2012-02-03,348.17999,356.79999,348.17999,353.17999,160500
2012-02-06,352.01001,352.01001,350.070007,350.76001,162000
2012-02-07,350.59,351.75,347.95999,350.48001,176500
2012-02-08,350.62,351.92999,347.20001,349.14999,220500
2012-02-09,347.26999,354.25,347.26999,354.040009,305600
2012-02-10,353.20001,354.17001,352.059998,354.10001,355700
2012-02-13,354.5,360.41,354.10001,358.45999,425200
2012-02-14,356.22,360.10999,356.22,360.10999,225100
2012-02-15,361.39999,361.39999,355.019989,356.12,244600
2012-02-16,357.01001,359.12,353.79999,357.95999,451600
2012-02-17,359.89001,361.98001,356.53,360.20999,242500
2012-02-21,360.20001,361.32001,358.23001,359.66,266700
2012-02-22,359.98999,360.39999,358.34,358.95001,126900
2012-02-23,359.23001,360.39001,358.0,358.5,219800
2012-02-24,360.0,360.0,358.79999,359.79999,326600
2012-02-27,360.5,367.59,359.79999,366.089996,557700
2012-02-28,374.51999,377.78,371.28,376.41,931800
2012-02-29,374.97,375.57999,372.22,374.48001,363400
2012-03-01,375.12,378.95999,373.75,378.44,485600
2012-03-02,378.0,379.48001,377.42001,378.45001,232500
2012-03-05,379.10001,385.60999,377.01001,385.22,531400
2012-03-06,384.23999,385.23001,380.29999,385.23001,405400
2012-03-07,385.82999,385.98999,380.45999,383.73999,357600
2012-03-08,384.88,386.0,380.41,380.5,426700
2012-03-09,381.82999,383.89001,381.26999,382.23001,416500
2012-03-12,382.0,382.059998,380.29999,380.82999,312600
2012-03-13,381.72,382.079987,377.62,379.63,542000
2012-03-14,380.23001,382.17001,379.60001,379.92001,386700
2012-03-15,378.94,380.51999,377.16,379.0,279300
2012-03-16,376.29001,379.67001,376.29001,378.87,512900
2012-03-19,378.84,380.51001,376.0,377.35999,300200
2012-03-20,376.54999,378.66,376.10999,377.79999,254800
2012-03-21,377.82001,378.94,375.42001,375.42001,327700
2012-03-22,375.48999,379.39999,375.019989,378.13,273700
2012-03-23,377.76999,379.32001,375.73999,378.66,191400
2012-03-26,377.64001,380.32999,376.73999,379.0,282800
2012-03-27,378.67001,381.17999,378.67001,379.57999,428500
2012-03-28,379.41,380.35001,375.47,376.35999,350900
2012-03-29,375.20999,376.84,373.54999,374.34,239600
2012-03-30,376.10001,376.10001,371.79999,371.79999,308400
2012-04-02,377.23001,379.17001,371.64999,378.72,506900
2012-04-03,384.42001,385.57999,381.79999,381.89001,914600
2012-04-04,381.81,384.67999,376.88,382.39999,419500
2012-04-05,384.75,385.089996,380.10999,383.79999,715200
2012-04-09,379.5,384.29999,378.66,383.5,515400
2012-04-10,382.95001,383.42001,375.60999,375.87,585300
2012-04-11,379.75,380.35001,376.48001,377.049988,440000
2012-04-12,375.91,379.34,373.84,378.73001,273600
2012-04-13,378.73999,382.95999,375.01001,380.97,382100
2012-04-16,380.16,383.60999,378.42001,380.79999,298100
2012-04-17,382.53,383.23999,378.01001,379.17001,342300
2012-04-18,379.20999,381.60001,377.59,379.5,312300
2012-04-19,379.42001,382.41,378.67001,380.0,535500
2012-04-20,382.64001,382.66,380.089996,381.73001,481400
2012-04-23,379.95001,382.64001,378.0,382.0,322600
2012-04-24,386.23001,386.25,376.72,379.35999,508000
2012-04-25,380.12,384.39001,380.019989,382.82999,287800
2012-04-26,380.95001,395.12,380.95001,393.72,833500
2012-04-27,395.20001,399.10001,394.47,397.13,455400
2012-04-30,398.85001,399.10001,393.73001,396.16,258000
2012-05-01,393.37,399.029999,392.20999,395.41,232800
2012-05-02,396.56,397.67999,393.82001,396.44,151000
2012-05-03,397.72,398.20001,392.70999,393.70001,179400
2012-05-04,391.059998,394.28,386.35001,389.42999,420100
2012-05-07,388.079987,391.45999,385.60001,386.91,294000
2012-05-08,385.89001,387.53,380.19,383.79999,335300
2012-05-09,383.38,387.089996,380.29999,382.88,256000
2012-05-10,383.89999,388.22,382.10001,385.73001,327200
2012-05-11,383.35001,389.64001,383.35001,387.5,285000
2012-05-14,385.5,386.51999,377.42999,377.62,366800
2012-05-15,377.29999,383.85001,376.38,382.48001,255000
2012-05-16,381.76001,389.89001,381.76001,388.87,412200
2012-05-17,375.97,377.97,362.66,365.57999,1870500
2012-05-18,369.91,377.69,366.66,372.45001,998200
2012-05-21,370.0,375.70999,367.01001,368.54999,625500
2012-05-22,357.0,374.82999,356.54001,361.14001,1354900
2012-05-23,357.60001,374.25,355.059998,372.84,906000
2012-05-24,370.01001,373.89001,369.0,369.39999,631900
2012-05-25,372.89001,375.57999,368.56,374.37,789500
2012-05-29,381.48001,381.72,373.23001,381.72,479700
2012-05-30,381.85001,381.85001,374.78,379.25,544500
2012-05-31,377.98999,382.67999,373.5,380.26001,1006500
2012-06-01,380.64999,380.64999,373.51999,373.67999,571700
2012-06-04,372.82999,377.56,369.56,377.0,394700
2012-06-05,375.57999,380.48001,373.92999,379.17999,259400
2012-06-06,381.42999,388.45999,380.01001,387.95999,416000
2012-06-07,388.059998,391.89999,383.88,383.88,429800
2012-06-08,385.53,386.64001,381.63,385.76001,283200
2012-06-11,389.59,389.59,382.22,382.31,386400
2012-06-12,382.31,386.85999,382.31,386.64999,266400
2012-06-13,385.44,389.60999,382.19,382.91,323300
2012-06-14,384.87,387.59,383.16,385.75,389400
2012-06-15,386.89999,387.01001,381.29999,385.29999,427800
2012-06-18,384.85999,388.26999,383.26999,386.73001,350500
2012-06-19,385.48999,388.85999,385.35001,387.91,478500
2012-06-20,388.10999,388.10999,382.75,387.64999,420300
2012-06-21,387.57999,388.0,378.26999,381.64001,399900
2012-06-22,380.57999,383.79001,380.12,382.76001,992800
2012-06-25,381.20999,382.0,374.98001,375.029999,291700
2012-06-26,375.0,378.60999,368.84,376.48999,428900
2012-06-27,354.98999,365.98999,353.38,359.0,2152700
2012-06-28,356.67001,359.57001,353.88,358.42999,646800
2012-06-29,363.97,367.17001,357.57001,367.17001,674700
2012-07-02,366.22,366.64999,362.81,364.22,384000
2012-07-03,364.76999,365.69,360.10001,362.48999,262600
2012-07-05,357.54999,368.87,357.54999,366.54999,329500
2012-07-06,363.29001,366.089996,361.60001,364.51999,340600
2012-07-09,357.28,368.029999,357.28,367.23001,457500
2012-07-10,367.059998,368.92999,364.42999,366.47,363100
2012-07-11,365.049988,370.34,362.87,368.92999,546700
2012-07-12,368.60999,386.13,368.60999,382.45001,1088800
2012-07-13,381.10999,385.13,380.39001,380.94,295100
2012-07-16,378.85999,387.82001,378.85999,380.26999,319900
2012-07-17,383.48999,386.13,379.79001,380.89001,228800
2012-07-18,380.01001,385.72,380.01001,384.23999,190800
2012-07-19,385.019989,385.019989,378.13,382.89999,339200
2012-07-20,381.60999,381.85001,377.85999,377.98001,249600
2012-07-23,374.32001,379.17999,373.049988,377.63,229300
2012-07-24,377.32001,379.89001,374.14999,376.34,183600
2012-07-25,376.34,379.67999,374.97,378.39001,218000
2012-07-26,380.0,380.0,367.14001,373.38,507600
2012-07-27,381.91,381.91,372.10001,374.79001,317000
2012-07-30,374.53,378.070007,374.16,375.79001,263900
2012-07-31,374.17001,379.48001,372.60999,375.23001,336600
2012-08-01,377.56,379.42999,362.67001,362.76999,369200
2012-08-02,362.19,364.67999,357.51001,362.34,569200
2012-08-03,366.26001,374.89001,365.0,366.29999,625400
2012-08-06,366.70999,372.42001,362.049988,363.25,566300
2012-08-07,364.94,369.28,360.32001,367.47,619300
2012-08-08,365.070007,368.51999,362.25,363.82001,475000
2012-08-09,357.29001,365.14999,356.98999,363.12,554300
2012-08-10,363.37,364.14001,354.73999,359.29001,522700
2012-08-13,358.62,359.78,353.48999,355.31,495500
2012-08-14,356.59,359.64999,353.84,357.0,380300
2012-08-15,358.0,361.070007,355.75,357.85999,425600
2012-08-16,356.47,359.14001,355.75,358.54999,349300
2012-08-17,357.75,364.81,357.75,363.64999,418000
2012-08-20,361.87,365.64001,361.87,364.56,481100
2012-08-21,366.76001,367.95001,363.66,364.17999,301000
2012-08-22,364.17999,366.35001,362.5,365.5,204600
2012-08-23,364.45001,365.92001,361.67999,363.26001,195400
2012-08-24,362.64999,365.79999,362.14999,365.079987,170800
2012-08-27,366.16,370.20001,363.29999,366.45001,236800
2012-08-28,365.42999,368.47,363.67001,364.72,216200
2012-08-29,365.13,366.17999,361.54999,363.0,424600
2012-08-30,362.25,364.20999,358.14999,359.87,347600
2012-08-31,363.029999,363.53,359.37,361.64001,447800
2012-09-04,357.73001,362.079987,356.22,358.28,333700
2012-09-05,359.13,363.45001,358.67999,363.070007,419500
2012-09-06,364.95999,370.41,363.32001,368.72,412200
2012-09-07,367.84,369.76999,365.89001,369.72,254400
2012-09-10,368.14001,371.0,362.95001,366.28,484000
2012-09-11,364.0,371.41,364.0,369.89999,432100
2012-09-12,370.98999,373.70999,367.94,373.16,360300
2012-09-13,371.76999,373.67001,367.5,369.95999,500800
2012-09-14,369.85001,370.0,351.26999,351.98999,1413000
2012-09-17,352.25,359.54001,351.57001,357.38,724400
2012-09-18,355.60999,358.75,353.38,357.84,709800
2012-09-19,355.0,375.42999,353.0,369.84,2193700
2012-09-20,376.67001,376.67001,364.67001,371.63,1391500
2012-09-21,370.85001,374.98999,370.85001,371.79999,2279500
2012-09-24,369.38,371.78,368.0,369.29999,833000
2012-09-25,369.31,371.91,367.32999,368.54001,626500
2012-09-26,367.54001,375.87,366.79999,372.89001,883200
2012-09-27,374.89999,378.51999,370.079987,371.47,610200
2012-09-28,370.28,371.39001,368.54999,369.67001,458500
2012-10-01,362.34,372.98001,362.34,369.070007,427600
2012-10-02,371.39999,371.39999,368.73001,369.91,465500
2012-10-03,371.26999,373.20001,370.23001,372.14001,544900
2012-10-04,369.5,377.89001,369.5,376.79001,564100
2012-10-05,378.75,382.10001,377.16,381.29001,604800
2012-10-08,380.82001,382.51001,379.88,381.42001,264400
2012-10-09,381.17001,381.79001,379.70001,379.89001,468700
2012-10-10,378.60001,380.0,376.19,377.35001,438200
2012-10-11,380.45999,380.45999,374.35001,374.35001,427000
2012-10-12,376.019989,378.34,371.54999,373.049988,393200
2012-10-15,375.019989,375.47,371.69,374.72,480900
2012-10-16,369.31,373.98001,368.13,370.69,495600
2012-10-17,372.10001,372.42001,369.34,369.47,463200
2012-10-18,366.35001,373.32999,365.26001,370.39001,721500
2012-10-19,367.26001,372.10001,367.20001,369.0,403100
2012-10-22,360.92001,366.60999,360.0,365.79999,808700
2012-10-23,358.31,366.95999,358.31,366.73999,620700
2012-10-24,371.95001,371.95001,363.019989,364.35999,438400
2012-10-25,367.42999,370.049988,363.73001,367.78,387400
2012-10-26,367.63,371.34,365.94,370.75,259700
2012-10-31,371.75,379.32999,366.53,375.0,370200
2012-11-01,376.0,386.79999,372.26001,380.34,673100
2012-11-02,382.41,386.17001,380.25,382.91,621000
2012-11-05,383.32999,384.87,381.26999,383.23001,204700
2012-11-06,384.14999,385.73001,381.35999,385.26001,356700
2012-11-07,380.48001,386.25,380.48001,384.37,403400
2012-11-08,383.75,385.44,378.45001,378.97,338100
2012-11-09,378.39001,380.95001,374.89001,376.89001,314700
2012-11-12,376.59,380.079987,374.14001,374.38,254200
2012-11-13,373.01001,377.91,373.01001,373.54999,249800
2012-11-14,375.070007,376.66,368.67999,369.75,282400
2012-11-15,369.87,373.82001,367.88,372.78,290600
2012-11-16,372.75,381.01001,370.53,380.5,725900
2012-11-19,381.57001,385.01001,380.51999,382.29999,213900
2012-11-20,382.20001,383.5,377.97,381.13,330800
2012-11-21,381.57001,383.75,379.89999,381.87,297800
2012-11-23,383.38,383.98999,381.0,383.12,104200
2012-11-26,383.62,383.98999,380.12,382.92999,323500
2012-11-27,390.10999,390.10999,378.44,382.38,336500
2012-11-28,381.79999,383.85999,379.95001,383.85999,486000
2012-11-29,381.84,382.70001,377.73999,379.78,485900
2012-11-30,379.70001,384.019989,377.79001,383.76999,428600
2012-12-03,384.0,384.10001,377.13,378.01001,491200
2012-12-04,373.01001,384.25,361.75,366.79999,1007700
2012-12-05,366.089996,368.98999,356.029999,360.26999,979600
2012-12-06,355.92001,367.17001,355.38,364.070007,668400
2012-12-07,367.01001,367.01001,357.70999,359.16,575000
2012-12-10,359.14999,359.14999,354.45001,355.14999,456800
2012-12-11,356.56,362.22,354.76001,355.5,790600
2012-12-12,357.42999,359.070007,355.0,357.56,931000
2012-12-13,358.26999,363.17001,357.60001,359.32001,547400
2012-12-14,358.14001,361.54999,355.01001,357.67999,491400
2012-12-17,358.39001,363.39999,357.38,363.39999,615600
2012-12-18,363.20001,364.45001,359.16,360.070007,546900
2012-12-19,360.0,362.25,358.13,359.48001,418300
2012-12-20,359.42999,360.73999,355.23001,356.019989,552800
2012-12-21,353.0,359.57001,351.48001,358.28,694900
2012-12-24,363.44,363.44,354.41,355.20001,182600
2012-12-26,355.23999,355.28,346.92999,351.089996,447900
2012-12-27,351.25,354.089996,345.29999,353.10001,437900
2012-12-28,352.019989,352.60999,345.88,348.57001,446800
2012-12-31,347.79001,354.76001,346.98001,354.42999,265300
2013-01-02,357.0,358.13,354.95999,356.88,440800
2013-01-03,355.42999,357.91,353.75,356.14001,299300
2013-01-04,357.28,361.10001,357.12,360.85001,351500
2013-01-07,360.97,360.97,354.67999,356.17001,345300
2013-01-08,345.47,350.88,342.84,348.25,877500
2013-01-09,348.60999,352.51001,347.059998,349.60001,452300
2013-01-10,349.85001,352.16,344.32999,346.5,729300
2013-01-11,346.94,347.84,341.98001,346.23001,470600
2013-01-14,346.70999,347.78,343.26999,344.98999,278300
2013-01-15,343.98001,352.79001,342.26999,350.89999,567100
2013-01-16,350.64001,350.98999,346.37,349.32999,261500
2013-01-17,350.0,351.17999,347.28,348.63,206600
2013-01-18,347.81,350.48999,345.040009,349.60001,317500
2013-01-22,347.20001,354.70001,347.20001,353.37,402600
2013-01-23,352.84,357.17999,351.029999,356.53,425100
2013-01-24,357.41,359.98001,355.0,357.57001,563100
2013-01-25,357.89001,367.10001,357.16,365.35999,566400
2013-01-28,366.19,373.45001,363.34,369.51999,634900
2013-01-29,367.0,368.82999,361.95001,361.95001,502200
2013-01-30,361.98001,364.85999,361.23999,364.85001,295700
2013-01-31,364.67001,369.70001,363.20001,369.70001,465900
2013-02-01,370.57001,376.16,368.73999,374.88,667100
2013-02-04,373.48999,373.98999,365.51001,367.049988,401700
2013-02-05,369.92001,371.029999,367.38,368.76999,266300
2013-02-06,367.47,370.16,366.22,369.0,303600
2013-02-07,377.5,383.10001,374.45999,379.85001,1112100
2013-02-08,380.32001,386.39999,379.57999,385.89001,790900
2013-02-11,384.63,387.38,384.23001,385.23001,523500
2013-02-12,385.35001,386.94,380.79001,382.089996,550300
2013-02-13,382.14001,384.01001,377.88,379.73001,538000
2013-02-14,378.5,380.5,372.94,373.60999,742400
2013-02-15,375.0,375.56,369.47,373.70001,646500
2013-02-19,374.45001,375.39001,370.64001,375.20999,608400
2013-02-20,375.57999,380.57001,374.20001,379.95999,577400
2013-02-21,378.59,383.64001,376.42001,377.56,432800
2013-02-22,377.82999,385.98001,377.82999,385.20001,512000
2013-02-25,384.63,386.64001,378.54001,378.54001,629500
2013-02-26,377.26001,381.62,369.79001,376.14999,986300
2013-02-27,378.079987,379.88,374.32999,376.79001,352200
2013-02-28,376.01001,380.16,375.10999,380.14999,459600
2013-03-01,379.13,379.5,376.70001,378.14001,228700
2013-03-04,378.019989,381.48999,377.47,380.66,316800
2013-03-05,382.0,382.98999,380.82001,382.32001,215000
2013-03-06,382.31,383.0,375.42001,376.54999,428500
2013-03-07,377.48001,381.60001,375.29001,381.51999,397900
2013-03-08,381.89999,385.60001,379.32001,385.25,350500
2013-03-11,385.28,388.47,383.73999,388.32999,375000
2013-03-12,388.75,390.48999,386.97,388.87,392000
2013-03-13,388.25,392.59,387.60001,392.040009,383300
2013-03-14,391.69,392.60001,389.19,389.64999,318100
2013-03-15,388.32999,392.75,386.56,391.89001,404600
2013-03-18,390.019989,392.29001,388.91,391.47,175600
2013-03-19,392.39001,392.66,387.78,390.41,219500
2013-03-20,392.079987,397.10001,390.79001,396.0,294100
2013-03-21,394.38,395.64999,391.35001,393.26001,173200
2013-03-22,394.17999,396.10999,392.26001,395.72,175800
2013-03-25,396.19,396.19,391.45999,393.32999,263900
2013-03-26,394.48001,394.48001,388.63,394.040009,345000
2013-03-27,392.57999,394.64001,389.59,393.94,189200
2013-03-28,393.23999,396.79001,391.049988,396.76999,537600
2013-04-01,396.01001,397.79999,392.76001,393.19,157700
2013-04-02,394.26001,402.079987,394.26001,400.98999,368200
2013-04-03,401.29999,401.29999,393.60999,393.98001,513700
2013-04-04,395.10999,402.089996,394.0,401.82999,211800
2013-04-05,397.82001,399.45001,394.59,397.20001,246700
2013-04-08,397.0,399.53,392.73999,395.35999,220100
2013-04-09,392.0,392.98999,382.98001,384.029999,577800
2013-04-10,385.29999,394.089996,385.29999,389.98001,356700
2013-04-11,390.45001,396.89001,388.049988,392.82999,182700
2013-04-12,390.23999,395.13,390.23999,393.57001,173300
2013-04-15,391.73999,393.73999,384.64001,384.87,328700
2013-04-16,386.0,387.48001,379.79001,384.59,387100
2013-04-17,382.29001,384.079987,378.64999,381.92999,322800
2013-04-18,383.10001,383.64999,375.94,379.01001,438800
2013-04-19,379.48999,382.049988,375.12,378.42999,325100
2013-04-22,379.85001,380.67999,375.57001,378.76001,326900
2013-04-23,379.82001,384.57001,378.85001,383.62,300100
2013-04-24,384.64999,386.0,381.84,383.95001,211300
2013-04-25,393.0,402.10001,390.0,398.26001,422000
2013-04-26,398.81,408.5,398.14001,406.73001,363000
2013-04-29,406.56,408.5,402.29999,403.87,183200
2013-04-30,404.049988,409.25,400.73999,409.089996,289900
2013-05-01,409.19,413.28,408.26999,410.28,199400
2013-05-02,409.29001,410.85999,405.26001,407.57999,210600
2013-05-03,409.54999,413.0,407.29001,411.10999,167000
2013-05-06,410.92999,413.5,410.029999,413.48999,189500
2013-05-07,413.44,419.01001,411.5,418.95001,170900
2013-05-08,418.01001,419.82001,416.60001,419.26999,189300
2013-05-09,418.98999,419.79999,414.29001,415.32999,121300
2013-05-10,416.62,423.45999,416.59,420.95001,313800
2013-05-13,408.20999,416.39001,408.0,415.76001,335700
2013-05-14,418.070007,419.64001,416.13,417.56,235300
2013-05-15,417.81,419.57001,416.70001,418.28,191300
2013-05-16,416.97,418.23001,412.72,413.5,184100
2013-05-17,413.94,415.59,410.14001,411.29001,247000
2013-05-20,410.37,414.0,401.92999,409.049988,327200
2013-05-21,413.16,435.35999,413.16,427.84,740600
2013-05-22,426.76001,426.76001,416.72,417.72,339300
2013-05-23,417.079987,420.35999,415.01001,418.89999,330200
2013-05-24,416.0,418.66,413.47,415.81,135000
2013-05-28,418.73999,420.54999,415.39999,418.95001,137900
2013-05-29,416.10999,418.29999,412.17001,416.75,130900
2013-05-30,416.95001,421.79001,416.95001,417.94,177700
2013-05-31,417.01001,419.23001,408.64999,408.82999,388500
2013-06-03,408.35001,412.12,407.20001,411.20999,220200
2013-06-04,411.019989,414.57999,406.10999,407.79999,198400
2013-06-05,408.31,410.66,404.87,405.31,178600
2013-06-06,406.10999,415.56,406.10999,415.39001,193500
2013-06-07,417.76999,419.32999,413.42001,416.67999,171800
2013-06-10,417.82001,418.79001,414.040009,418.75,170300
2013-06-11,417.5,417.75,414.19,415.0,232700
2013-06-12,416.60999,417.20001,415.20001,416.0,256000
2013-06-13,416.87,419.91,415.070007,419.5,238200
2013-06-14,419.45999,424.98999,418.72,423.34,210700
2013-06-17,429.81,429.81,420.48001,424.82999,350400
2013-06-18,424.92999,425.32999,420.78,425.32999,144900
2013-06-19,424.88,426.64001,420.34,420.75,137900
2013-06-20,417.63,421.16,412.29001,412.64999,304100
2013-06-21,415.28,415.28,408.60001,411.98001,365500
2013-06-24,408.17999,419.28,405.70999,414.98999,243800
2013-06-25,417.56,422.92999,417.17001,421.48001,234300
2013-06-26,420.75,421.29001,412.84,413.98999,481500
2013-06-27,415.64999,424.41,415.64999,422.87,221500
2013-06-28,423.54001,427.67001,418.37,423.69,365400
2013-07-01,424.44,428.84,423.32001,425.26999,125100
2013-07-02,424.45001,427.59,422.079987,424.20001,211100
2013-07-03,421.75,426.95999,421.48001,423.88,103000
2013-07-05,427.14999,430.14999,422.70999,428.51999,123400
2013-07-08,429.089996,437.23001,429.089996,434.91,283400
2013-07-09,436.51999,437.20999,431.42999,434.56,217000
2013-07-10,433.82999,433.98001,428.88,433.48001,128700
2013-07-11,436.84,441.17999,435.95001,441.0,294500
2013-07-12,441.5,441.5,436.42001,439.29999,101700
2013-07-15,438.67999,439.92001,434.39999,438.0,138800
2013-07-16,437.53,440.019989,430.91,433.70999,187800
2013-07-17,435.48999,437.56,429.26001,430.0,220000
2013-07-18,431.60999,436.69,429.57999,435.32001,260200
2013-07-19,436.82999,441.20001,434.10999,435.97,160000
2013-07-22,435.60001,439.54001,432.01001,437.72,111700
2013-07-23,438.26999,439.98999,435.70999,438.45001,131900
2013-07-24,438.42001,440.0,434.29001,436.35001,170100
2013-07-25,439.10001,440.5,434.26999,438.019989,318000
2013-07-26,437.10999,440.75,435.049988,439.66,193000
2013-07-29,437.59,441.48001,435.28,440.73001,126000
2013-07-30,441.5,446.42999,438.88,444.69,196200
2013-07-31,444.040009,452.19,443.25,448.57999,364200
2013-08-01,447.57999,452.14999,445.95001,447.98999,289100
2013-08-02,447.79999,450.029999,446.01001,448.040009,292600
2013-08-05,446.98999,449.29001,446.01001,448.25,178900
2013-08-06,447.14999,449.22,439.34,445.01001,265700
2013-08-07,435.17999,437.82999,432.079987,435.040009,329000
2013-08-08,436.23001,437.10999,424.42999,429.019989,407600
2013-08-09,428.94,432.040009,424.76999,429.59,229600
2013-08-12,428.22,429.87,424.45001,425.60001,306300
2013-08-13,426.41,436.0,425.39999,433.79999,295200
2013-08-14,432.23001,436.31,428.049988,428.54999,252500
2013-08-15,427.01001,427.98999,419.29999,420.059998,207300
2013-08-16,420.0,421.82001,416.26999,416.51999,304400
2013-08-19,417.22,424.75,415.53,420.39999,240500
2013-08-20,420.76001,426.88,419.59,424.82999,229700
2013-08-21,422.82999,423.75,419.41,419.95999,181300
2013-08-22,420.47,423.94,419.17999,421.10999,111700
2013-08-23,423.34,423.5,418.79999,422.35001,131300
2013-08-26,422.76999,424.20999,417.019989,421.42001,200600
2013-08-27,418.79001,420.44,418.040009,419.12,231700
2013-08-28,418.19,421.85001,416.049988,420.019989,148700
2013-08-29,418.01001,422.92999,417.84,421.51999,106400
2013-08-30,419.45001,420.82001,416.049988,419.94,223600
2013-09-03,421.45001,423.89001,419.0,419.76001,161400
2013-09-04,419.97,424.16,419.01001,422.81,138700
2013-09-05,423.38,423.42001,418.0,420.10001,182100
2013-09-06,420.35999,424.26999,416.0,417.53,111300
2013-09-09,417.98999,421.89999,416.44,416.5,157800
2013-09-10,417.54001,423.35999,415.17999,419.92001,186100
2013-09-11,421.20999,425.17999,419.22,420.82999,212400
2013-09-12,420.60001,422.20999,415.60001,417.059998,155500
2013-09-13,417.98999,418.079987,413.57999,415.70001,273100
2013-09-16,418.12,420.97,411.26999,411.89001,483400
2013-09-17,411.29001,418.51001,409.35999,418.51001,408300
2013-09-18,419.66,423.5,416.79001,420.62,370500
2013-09-19,421.98999,423.42001,417.89999,422.79001,250400
2013-09-20,422.98001,423.5,412.0,420.0,750900
2013-09-23,418.92001,421.70001,415.89001,417.81,207100
2013-09-24,416.64001,418.64001,408.89999,414.31,530000
2013-09-25,416.56,428.049988,410.0,425.070007,825100
2013-09-26,424.88,425.98999,420.10001,421.67999,399100
2013-09-27,419.89999,423.34,417.91,422.57001,325500
2013-09-30,418.89001,424.41,417.42001,422.73001,306600
2013-10-01,421.85999,426.070007,421.76999,425.10999,251900
2013-10-02,423.0,425.63,419.76001,423.0,193500
2013-10-03,422.38,426.31,417.95999,418.26001,333700
2013-10-04,419.28,423.85999,417.01001,421.89001,226800
2013-10-07,419.14001,423.39001,417.89999,419.82999,181500
2013-10-08,420.76999,421.56,414.019989,415.70999,304700
2013-10-09,415.75,417.62,413.32001,415.26999,267800
2013-10-10,419.29999,421.19,417.42001,420.76999,233200
2013-10-11,420.45001,425.45999,418.95999,424.60999,174400
2013-10-14,422.32001,427.42001,421.78,426.040009,149900
2013-10-15,425.0,427.39001,419.39999,420.23001,308000
2013-10-16,426.23001,432.0,422.51001,424.63,394300
2013-10-17,422.57001,429.72,421.62,429.13,238600
2013-10-18,431.070007,433.42001,427.0,432.10999,308600
2013-10-21,431.019989,435.20001,430.20999,434.73001,250100
2013-10-22,436.01001,437.45001,434.20001,435.60001,188000
2013-10-23,437.48999,437.5,430.47,432.59,190400
2013-10-24,424.45001,432.28,422.12,427.17999,354700
2013-10-25,427.64001,429.47,424.98001,429.47,298600
2013-10-28,430.67999,432.73999,428.48999,429.84,209100
2013-10-29,431.059998,432.79999,428.13,429.82999,226000
2013-10-30,431.29999,434.23999,428.92001,429.94,214600
2013-10-31,430.85999,435.049988,428.63,434.69,238900
2013-11-01,436.01001,437.94,430.0,434.82999,156000
2013-11-04,434.95999,439.64001,433.57001,436.51001,180900
2013-11-05,438.19,442.98001,432.54999,442.059998,245500
2013-11-06,444.31,447.79999,441.10999,447.42001,234600
2013-11-07,447.0,448.29999,443.23001,443.48999,253200
2013-11-08,443.57999,449.12,440.23999,448.54999,243700
2013-11-11,443.60999,449.79999,440.5,447.79001,169100
2013-11-12,448.13,451.54999,444.87,451.54999,275200
2013-11-13,450.57001,456.94,450.57001,456.88,172700
2013-11-14,457.5,458.95999,455.95001,458.34,167600
2013-11-15,455.92999,465.70001,455.92999,464.079987,201800
2013-11-18,465.0,465.14001,458.45999,459.56,200900
2013-11-19,458.54999,465.5,457.42999,463.84,191100
2013-11-20,464.56,467.87,459.95001,461.29999,110300
2013-11-21,463.70999,469.60999,460.70999,469.34,139900
2013-11-22,467.45001,469.42001,466.42001,467.69,197600
2013-11-25,466.76999,470.47,465.01001,465.70001,146600
2013-11-26,461.20001,463.35999,457.0,457.28,378500
2013-11-27,458.85999,462.32999,456.88,458.79999,256100
2013-11-29,459.10999,463.70999,458.28,461.60001,163300
2013-12-02,460.51999,463.53,459.0,459.62,172800
2013-12-03,457.60999,461.64001,455.41,460.51001,197100
2013-12-04,460.20999,462.79999,454.88,456.019989,232900
2013-12-05,459.98999,463.19,457.35999,460.0,226200
2013-12-06,462.63,464.10001,458.87,459.60001,228200
2013-12-09,456.88,462.73001,456.029999,457.34,567100
2013-12-10,467.47,484.16,461.60999,471.85999,965300
2013-12-11,470.85999,473.67999,466.23999,467.79001,448100
2013-12-12,466.38,469.41,463.5,465.89999,266200
2013-12-13,466.29001,470.76999,463.85001,465.17999,217200
2013-12-16,466.26999,469.070007,463.70001,464.0,280500
2013-12-17,463.76999,467.34,461.14001,461.76001,274300
2013-12-18,464.75,471.20001,461.60001,470.56,319300
2013-12-19,471.23999,473.32999,467.39999,470.84,287300
2013-12-20,472.39001,473.92999,470.95001,473.19,446900
2013-12-23,465.34,474.98999,465.34,472.32001,269000
2013-12-24,479.95001,479.95001,471.35999,475.57001,86900
2013-12-26,479.95001,479.95001,474.45999,476.85001,125000
2013-12-27,475.38,479.0,474.079987,476.82999,180600
2013-12-30,476.82999,479.66,474.53,479.32999,195100
2013-12-31,483.73999,483.73999,475.82001,477.94,174800
2014-01-02,477.67001,479.70001,472.51001,474.10999,151800
2014-01-03,474.28,478.57999,472.78,475.5,193500
2014-01-06,478.51001,483.29999,476.81,478.76999,357100
2014-01-07,479.22,486.39999,478.51999,483.59,417300
2014-01-08,483.59,489.070007,481.94,489.070007,312100
2014-01-09,489.26001,493.22,486.87,492.45001,354300
2014-01-10,492.98999,493.10999,488.82001,490.0,393100
2014-01-13,490.19,495.0,485.53,486.38,419300
2014-01-14,498.23999,498.23999,487.29999,495.78,350800
2014-01-15,497.0,498.38,492.29999,495.079987,194000
2014-01-16,495.029999,497.25,491.049988,495.47,222300
2014-01-17,500.0,505.85999,496.47,505.85999,486800
2014-01-21,498.85999,507.72,498.85999,502.23999,390200
2014-01-22,503.0,506.10001,501.34,503.38,392300
2014-01-23,503.26001,504.17001,497.44,499.29001,182400
2014-01-24,499.0,506.45999,498.20001,499.25,447000
2014-01-27,508.98999,508.98999,496.72,503.60001,521600
2014-01-28,503.79999,507.79001,499.45001,501.029999,332000
2014-01-29,498.95001,501.42001,492.32001,492.94,307700
2014-01-30,492.85999,500.48001,492.85999,498.92001,317100
2014-01-31,494.72,497.89001,494.10999,495.059998,347100
2014-02-03,496.94,498.040009,481.73999,483.059998,402000
2014-02-04,484.39001,488.070007,481.29999,486.19,376000
2014-02-05,482.019989,488.26001,481.53,487.32001,234500
2014-02-06,493.01001,518.81,493.01001,517.15997,606800
2014-02-07,517.40997,537.46997,517.16998,534.40002,713600
2014-02-10,531.45001,534.60999,523.13,526.42999,548300
2014-02-11,530.5,539.20001,526.12,536.12,303200
2014-02-12,561.62,561.62,536.33002,542.070007,390800
2014-02-13,540.0,544.0,536.0,540.79999,325600
2014-02-14,544.38,544.38,537.53998,539.080017,342900
2014-02-18,540.88,544.58002,538.54999,542.0,370000
2014-02-19,539.51001,543.83002,535.75,536.34003,259600
2014-02-20,538.21997,539.5,535.15997,538.59003,280700
2014-02-21,534.059998,540.75,533.41998,538.96002,365400
2014-02-24,544.90002,544.90002,540.059998,542.21002,220800
2014-02-25,549.84998,549.84998,538.15997,539.29999,263500
2014-02-26,540.039978,545.42999,532.40002,535.039978,409900
2014-02-27,534.78003,538.91998,531.070007,538.46002,260100
2014-02-28,537.79999,541.73999,534.67999,538.44,350000
2014-03-03,536.53998,543.67999,536.0,541.22998,383200
2014-03-04,546.96997,546.96997,525.01001,538.56,720400
2014-03-05,539.71002,546.77002,539.039978,543.84003,606300
2014-03-06,545.0,546.030029,540.59998,541.5,390200
2014-03-07,544.59998,544.59998,538.84998,541.98999,348600
2014-03-10,541.96002,544.13,539.52002,541.63,233000
2014-03-11,540.64001,545.65002,538.41998,539.97998,267400
2014-03-12,539.64001,541.39001,536.46002,540.90997,210300
2014-03-13,543.19,544.70001,528.38,528.73999,391600
2014-03-14,529.40997,535.63,526.59998,533.25,319300
2014-03-17,536.85999,540.53998,534.79999,539.45001,174900
2014-03-18,538.62,541.89001,536.60999,538.34998,210900
2014-03-19,537.059998,539.12,529.65997,533.35999,237200
2014-03-20,532.52002,534.75,528.0,533.0,234700
2014-03-21,540.0,540.98999,533.98999,536.85999,256300
2014-03-24,536.58002,539.46997,527.51001,530.39001,158800
2014-03-25,534.39001,537.0,527.01001,528.90002,289800
2014-03-26,528.79999,530.92999,522.21002,522.75,213900
2014-03-27,522.31,527.15997,519.59998,525.71002,199500
2014-03-28,528.64001,529.69,525.34998,527.44,296100
2014-03-31,528.42999,538.049988,524.51001,537.099976,425000
2014-04-01,539.95001,541.0,534.90997,536.53998,306500
2014-04-02,535.5,537.92999,533.099976,535.46997,232700
2014-04-03,534.96002,538.69,533.01001,535.60999,182400
2014-04-04,535.0,536.38,523.84003,526.12,283700
2014-04-07,523.31,527.59003,517.059998,519.0,317500
2014-04-08,517.34003,525.52002,513.40997,525.47998,310000
2014-04-09,528.96002,531.039978,522.62,527.46002,221900
2014-04-10,528.20001,528.94,513.5,514.59003,287500
2014-04-11,511.0,517.40997,510.25,511.28,352500
2014-04-14,513.44,518.0,510.19,515.28003,299600
2014-04-15,516.34003,521.51001,510.32999,519.70001,287600
2014-04-16,522.0,523.16998,517.79999,522.14001,190100
2014-04-17,519.92999,523.64001,515.46997,516.15997,205800
2014-04-21,514.69,520.53998,514.01001,519.40002,132100
2014-04-22,521.28003,523.57001,518.10999,521.54999,249300
2014-04-23,522.81,527.73999,521.66998,526.25,211500
2014-04-24,525.0,527.080017,521.25,525.88,193500
2014-04-25,525.12,525.58002,520.97998,522.32001,201000
2014-04-28,525.080017,534.0,520.83002,531.45001,297000
2014-04-29,533.039978,534.98999,529.039978,529.62,151100
2014-04-30,534.84003,534.84003,528.71997,533.89001,284200
2014-05-01,529.12,534.42999,525.21002,526.78998,200700
2014-05-02,527.82001,534.58002,526.77002,529.53998,150200
2014-05-05,529.25,531.039978,525.030029,530.059998,131600
2014-05-06,534.95001,534.95001,522.34998,526.72998,157300
2014-05-07,527.0,528.88,521.97998,524.59998,143300
2014-05-08,523.84003,532.67999,522.0,530.85999,214400
2014-05-09,529.0,536.090027,526.69,535.91998,157000
2014-05-12,538.78998,544.88,537.21002,543.38,194200
2014-05-13,543.78003,546.70001,532.21997,533.10999,244800
2014-05-14,532.63,532.98999,526.87,529.40002,219800
2014-05-15,530.37,530.37,516.78998,524.28003,232000
2014-05-16,519.0,530.59998,519.0,527.02002,341600
2014-05-19,525.33002,533.22998,525.33002,532.76001,153400
2014-05-20,531.25,532.23999,526.39001,528.73999,147500
2014-05-21,534.84003,535.53003,528.0,534.87,157800
2014-05-22,534.91998,544.5,534.91998,541.65997,296300
2014-05-23,543.72998,544.46997,538.90002,540.90002,257600
2014-05-27,541.0,546.70001,520.25,520.25,519500
2014-05-28,522.059998,534.38,522.059998,533.34003,367000
2014-05-29,533.65997,535.0,525.080017,527.46997,228700
2014-05-30,527.12,533.29999,525.46997,532.5,246200
2014-06-02,532.5,532.98999,529.34003,531.42999,191400
2014-06-03,527.40002,532.02002,526.37,528.10999,218000
2014-06-04,530.099976,541.44,526.059998,541.15002,258700
2014-06-05,541.090027,541.090027,536.5,537.94,213900
2014-06-06,540.099976,541.58002,536.83002,540.78003,136600
2014-06-09,538.41998,540.37,532.51001,532.57001,233700
2014-06-10,532.72998,533.71997,530.57001,532.47998,108700
2014-06-11,531.67999,532.88,526.40002,529.099976,269900
2014-06-12,529.37,529.37,520.81,524.37,248000
2014-06-13,523.15002,525.23999,520.25,523.099976,192500
2014-06-16,523.48999,525.89001,520.92999,524.81,140200
2014-06-17,523.31,525.40002,521.0,524.34003,104700
2014-06-18,525.32001,527.25,521.38,526.97998,189300
2014-06-19,529.21002,530.0,526.71002,527.98999,135500
2014-06-20,531.10999,533.059998,526.79999,530.78998,348800
2014-06-23,531.0,534.049988,529.02002,532.94,195300
2014-06-24,530.42999,533.70001,529.049988,530.66998,157300
2014-06-25,528.76001,532.29999,526.52002,532.0,137200
2014-06-26,530.0,532.65002,526.75,532.40002,120300
2014-06-27,530.57001,535.51001,528.90997,535.32001,167700
2014-06-30,533.0,536.45001,532.26001,536.23999,195300
2014-07-01,537.0,538.25,534.53003,536.82001,159200
2014-07-02,534.84003,537.78998,532.84998,535.31,191900
2014-07-03,537.42999,540.40002,536.10999,539.46002,139200
2014-07-07,539.40002,540.48999,536.14001,538.23999,185600
2014-07-08,535.51001,537.84003,534.32001,535.10999,205700
2014-07-09,535.15002,539.60999,534.46997,538.65997,168400
2014-07-10,535.27002,538.34998,532.0,534.02002,132400
2014-07-11,534.02002,534.57001,528.5,533.45001,109600
2014-07-14,536.71002,536.71002,533.039978,533.65997,105200
2014-07-15,531.97998,534.32001,528.40002,533.51001,251800
2014-07-16,535.87,535.87,529.20001,531.82001,236500
2014-07-17,528.0,531.27002,523.51001,524.69,149000
2014-07-18,521.20001,523.090027,517.22998,520.56,345600
2014-07-21,520.56,521.98999,513.16998,515.16998,220600
2014-07-22,514.96002,515.27002,505.32001,511.92001,332500
2014-07-23,510.22,512.34003,506.45999,507.72,263800
2014-07-24,511.64001,516.76001,510.54001,514.82001,242000
2014-07-25,518.90997,518.90997,513.31,514.57001,149100
2014-07-28,513.77002,517.41998,512.81,513.21997,133900
2014-07-29,512.28003,514.81,509.95001,510.040009,170700
2014-07-30,510.31,523.25,510.31,521.84003,261900
2014-07-31,523.79999,523.79999,516.78998,517.030029,284700
2014-08-01,515.070007,520.22998,512.039978,514.40997,177800
2014-08-04,514.38,521.76001,514.099976,519.48999,115300
2014-08-05,516.40002,524.0,515.17999,518.070007,173700
2014-08-06,516.34998,522.96002,515.53003,519.59998,133200
2014-08-07,520.29999,521.77002,515.98999,517.26001,203000
2014-08-08,519.78003,526.31,516.46997,525.98999,162000
2014-08-11,528.66998,528.66998,524.98999,525.46997,86700
2014-08-12,523.91998,526.78998,520.02002,524.58002,116300
2014-08-13,526.39001,526.39001,520.16998,524.030029,140500
2014-08-14,526.34003,533.070007,524.42999,530.66998,163100
2014-08-15,533.84998,535.79999,527.02002,529.030029,148700
2014-08-18,531.0,534.15997,529.54999,533.90002,126500
2014-08-19,534.22998,539.23999,533.26001,536.84003,115800
2014-08-20,536.83002,538.70001,531.46002,537.96002,177600
2014-08-21,538.059998,541.070007,536.26001,537.78003,145100
2014-08-22,538.41998,539.39001,536.45001,537.46002,161600
2014-08-25,539.0,543.63,537.46997,540.92999,85400
2014-08-26,542.0,542.0,535.0,535.95001,169000
2014-08-27,537.83002,539.5,535.02002,538.47998,158800
2014-08-28,535.090027,540.0,533.59003,538.77002,102500
2014-08-29,540.40997,540.40997,537.33002,538.84003,130500
2014-09-02,534.66998,541.79999,534.66998,536.56,212500
2014-09-03,538.10999,539.85999,534.96997,537.13,106800
2014-09-04,537.21002,538.39001,534.66998,534.96997,144000
2014-09-05,535.90997,539.15002,534.56,538.039978,154100
2014-09-08,535.83002,538.57001,533.26001,536.0,105200
2014-09-09,533.96002,534.22998,527.59003,528.13,200100
2014-09-10,528.039978,531.85999,526.39001,527.35999,217700
2014-09-11,526.12,531.76001,525.84003,530.33002,166000
2014-09-12,529.84003,530.95001,526.38,530.0,153600
2014-09-15,530.25,532.15997,529.95001,530.57001,123700
2014-09-16,528.25,543.059998,528.25,540.84998,206600
2014-09-17,540.63,542.15997,536.13,536.71997,170500
2014-09-18,536.32001,536.32001,529.46002,532.31,286000
2014-09-19,536.030029,536.030029,525.70001,526.44,440400
2014-09-22,515.01001,519.98999,500.20999,505.38,897300
2014-09-23,501.56,513.039978,501.22,507.79001,467400
2014-09-24,509.37,509.37,503.60001,508.63,344700
2014-09-25,505.64001,509.37,504.5,504.62,225300
2014-09-26,503.26001,509.12,503.26001,508.38,265200
2014-09-29,506.070007,509.89999,504.37,507.84,230800
2014-09-30,507.59,512.5,503.89999,509.66,406800
2014-10-01,509.66,513.42999,507.14001,508.01001,292100
2014-10-02,509.26999,516.22998,506.29999,513.29999,277800
2014-10-03,514.62,520.51001,511.98001,518.10999,269800
2014-10-06,518.62,519.75,512.049988,512.94,185200
2014-10-07,509.85999,515.0,506.31,511.72,262900
2014-10-08,511.31,518.32001,508.97,517.79999,205800
2014-10-09,517.34998,517.34998,507.57001,508.32001,336200
2014-10-10,509.39001,513.66998,505.82999,509.10001,258800
2014-10-13,509.029999,511.79001,501.39001,501.78,216000
2014-10-14,505.97,512.37,503.42001,506.35001,207700
2014-10-15,500.5,508.67001,491.92999,505.98999,357400
2014-10-16,501.66,507.98001,499.48001,504.57999,279400
2014-10-17,506.66,509.79001,503.12,507.59,286300
2014-10-20,508.48999,517.84998,508.48999,517.030029,207400
2014-10-21,520.72998,530.0,518.099976,526.94,236100
2014-10-22,529.37,531.57001,520.45001,521.94,178000
2014-10-23,525.20001,535.39001,525.10999,531.57001,228300
2014-10-24,530.96997,537.02002,525.81,536.049988,266500
2014-10-27,537.20001,541.63,535.049988,539.57001,251800
2014-10-28,540.20001,550.41998,538.76001,549.71997,258500
2014-10-29,551.01001,551.35999,546.29999,550.039978,270400
2014-10-30,547.29999,553.70001,547.29999,551.46002,250100
2014-10-31,554.89001,556.65002,551.02002,553.52002,295800
2014-11-03,556.0,556.0,545.0,552.17999,1341000
2014-11-04,552.19,557.95001,550.28998,554.35999,230200
2014-11-05,559.10999,563.15002,554.28998,559.15002,340600
2014-11-06,557.73999,566.53003,554.51001,566.049988,397100
2014-11-07,566.10999,567.28003,559.56,562.22998,322200
2014-11-10,564.01001,568.039978,563.049988,566.39001,217000
2014-11-11,566.42999,572.79999,565.59003,570.87,254000
2014-11-12,571.0,571.26001,566.41998,568.79999,236800
2014-11-13,569.53003,576.0,569.53003,573.71997,348000
2014-11-14,570.60999,574.090027,564.01001,567.10999,241200
2014-11-17,567.75,572.02002,567.17999,568.059998,209500
2014-11-18,567.98999,573.090027,565.28003,568.59003,194900
2014-11-19,570.63,572.16998,567.12,568.51001,139100
2014-11-20,564.95001,569.5,564.95001,567.5,176600
2014-11-21,574.14001,574.82001,568.59998,569.21002,239400
2014-11-24,569.15997,571.60999,566.40997,571.38,174900
2014-11-25,573.65997,573.65997,566.34998,568.97998,243500
2014-11-26,570.0,572.98999,566.65002,568.54999,144200
2014-11-28,570.0,583.0,566.080017,577.71002,121200
2014-12-01,575.97998,579.52002,571.27002,575.71997,409200
2014-12-02,571.52002,586.45001,571.52002,585.48999,453800
2014-12-03,585.46002,593.0,585.46002,590.54999,354400
2014-12-04,588.0,592.90002,586.090027,588.070007,299500
2014-12-05,588.12,592.40997,587.39001,587.95001,274400
2014-12-08,593.65997,594.53003,578.78003,581.049988,399400
2014-12-09,606.0,611.53003,593.059998,605.81,661100
2014-12-10,606.25,610.98999,597.01001,598.37,318100
2014-12-11,602.82001,606.39001,597.31,602.39001,319700
2014-12-12,598.56,609.39001,597.91998,604.72998,285000
2014-12-15,609.090027,612.83002,604.19,605.84003,304800
2014-12-16,603.88,610.34998,597.92999,597.92999,302400
2014-12-17,600.0,604.19,594.90997,602.46002,317800
2014-12-18,606.77002,616.10999,600.12,615.47998,340000
2014-12-19,620.56,620.56,610.64001,618.59998,376800
2014-12-22,614.89001,617.31,611.84003,616.64001,221200
2014-12-23,619.0,626.19,617.78003,621.29999,182500
2014-12-24,621.72998,624.38,617.42999,617.42999,68700
2014-12-26,618.40002,624.96997,615.42999,618.76001,106700
2014-12-29,618.13,625.78003,617.15002,624.48999,114600
2014-12-30,623.32001,626.090027,619.090027,622.45001,170900
2014-12-31,626.48999,627.29999,618.94,619.10999,206800
2015-01-02,623.97998,623.97998,613.48999,616.78998,224600
2015-01-05,614.46002,616.10999,605.70001,608.48999,439800
2015-01-06,610.77002,612.34003,599.81,607.82001,388500
2015-01-07,616.0,616.0,605.59003,607.23999,388200
2015-01-08,610.35999,614.96997,605.070007,606.0,593300
2015-01-09,608.33002,608.60999,600.039978,606.02002,473600
2015-01-12,606.84003,609.030029,596.56,597.35999,163000
2015-01-13,599.38,603.21997,583.54999,588.95001,252800
2015-01-14,584.59003,586.15997,577.92999,582.78003,316400
2015-01-15,584.080017,586.53003,574.91998,575.28003,196500
2015-01-16,575.19,581.12,569.53998,580.84998,340500
2015-01-20,582.79999,586.96002,578.049988,584.33002,201200
2015-01-21,581.53998,588.44,579.090027,586.059998,332500
2015-01-22,587.73999,602.67999,586.40997,600.099976,253600
2015-01-23,603.34998,605.95001,599.21002,604.0,271600
2015-01-26,602.84998,612.60999,600.52002,612.14001,246700
2015-01-27,608.44,612.85999,605.13,608.59003,271700
2015-01-28,610.25,617.69,608.17999,610.57001,258200
2015-01-29,606.01001,612.90002,606.01001,611.13,262200
2015-01-30,611.45001,614.63,596.47998,596.96002,349000
2015-02-02,600.51001,601.59003,586.25,593.75,315900
2015-02-03,598.54999,608.13,597.40997,607.84003,263900
2015-02-04,607.20001,612.81,597.84998,601.63,280900
2015-02-05,605.96002,621.47998,596.64001,614.88,363700
2015-02-06,613.95001,618.099976,609.65997,611.34003,225600
2015-02-09,607.14001,613.56,606.28003,613.049988,223200
2015-02-10,620.21997,620.21997,609.25,616.65997,158700
2015-02-11,615.0,621.98999,614.0,620.51001,188100
2015-02-12,619.89001,621.75,615.52002,617.51001,160400
2015-02-13,614.13,619.62,611.67999,618.5,164400
2015-02-17,615.54999,620.31,612.95001,615.15002,205400
2015-02-18,613.71997,617.98999,612.67999,617.91998,167700
2015-02-19,621.47998,623.44,612.76001,618.34003,238000
2015-02-20,618.97998,625.0,614.39001,623.31,236900
2015-02-23,625.0,636.96997,620.48999,636.77002,281500
2015-02-24,638.58002,640.0,634.15002,637.78998,163800
2015-02-25,640.97998,642.16998,634.65002,637.12,188600
2015-02-26,633.29999,646.52002,633.29999,644.96997,231500
2015-02-27,647.23999,651.95001,640.52002,642.67999,319400
2015-03-02,642.41998,649.53003,640.65997,649.53003,326200
2015-03-03,671.14001,674.76001,648.98999,651.90002,666600
2015-03-04,653.46997,654.76001,644.21997,652.47998,448400
2015-03-05,655.84998,657.88,646.84998,650.96997,345200
2015-03-06,647.46002,652.85999,644.39001,645.20001,277900
2015-03-09,644.53003,651.14001,644.12,650.89001,236900
2015-03-10,650.42999,650.42999,640.81,643.049988,338800
2015-03-11,640.0,649.96997,640.0,643.81,386300
2015-03-12,647.39001,656.39001,645.52002,652.76001,238500
2015-03-13,654.46002,657.85999,647.56,654.65997,178200
2015-03-16,658.39001,665.78003,657.27002,665.40997,232600
2015-03-17,659.40002,665.29999,658.51001,662.17999,225700
2015-03-18,663.40997,671.28998,659.01001,667.41998,248000
2015-03-19,667.75,672.46997,661.51001,667.39001,178200
2015-03-20,666.25,671.15002,662.049988,662.42999,349400
2015-03-23,664.92999,671.83002,663.23999,671.27002,439700
2015-03-24,671.19,675.84998,664.97998,667.45001,249000
2015-03-25,669.47998,671.40997,660.059998,660.71997,233900
2015-03-26,661.10999,662.5,652.19,662.039978,212100
2015-03-27,664.15002,682.0,662.12,681.34003,384800
2015-03-30,682.58002,690.87,681.79999,689.38,277300
2015-03-31,683.059998,694.45001,682.15997,682.15997,421300
2015-04-01,687.0,693.57001,678.59998,692.92999,420900
2015-04-02,691.85999,696.0,684.82001,689.10999,339600
2015-04-06,684.77002,699.19,684.20001,695.45001,371700
2015-04-07,694.96002,698.94,690.46997,693.10999,253300
2015-04-08,690.90997,699.95001,690.59998,698.23999,236100
2015-04-09,696.56,699.64001,690.82001,695.77002,251700
2015-04-10,698.65002,702.25,696.030029,701.72998,157100
2015-04-13,699.0,704.45001,696.15002,699.049988,163800
2015-04-14,696.090027,699.0,690.23999,695.81,199300
2015-04-15,698.0,699.25,689.14001,694.16998,277800
2015-04-16,690.0,694.29999,686.12,692.40002,304200
2015-04-17,686.38,689.45001,681.40002,683.42999,306800
2015-04-20,685.76001,692.40997,685.72998,689.35999,207000
2015-04-21,692.40997,695.13,684.35999,690.72998,274500
2015-04-22,691.0,694.52002,683.56,693.40997,525300
2015-04-23,695.0,703.10999,695.0,702.33002,412400
2015-04-24,705.0,705.0,699.96997,702.0,229500
2015-04-27,702.72998,703.22998,691.81,692.38,229300
2015-04-28,691.67999,694.52002,688.59998,693.049988,207500
2015-04-29,690.0,694.090027,681.13,682.39001,263700
2015-04-30,682.63,684.47998,671.35999,672.65997,414800
2015-05-01,675.059998,680.71997,673.82001,679.25,285600
2015-05-04,683.0,686.90997,680.01001,684.73999,181700
2015-05-05,682.0,684.21002,672.40002,672.90997,233500
2015-05-06,674.5,677.20001,668.14001,675.030029,247600
2015-05-07,678.0,683.0,675.030029,677.47998,207900
2015-05-08,683.91998,690.44,681.33002,686.13,184400
2015-05-11,689.0,689.66998,678.46997,678.83002,309500
2015-05-12,677.52002,682.84003,676.87,678.96997,230000
2015-05-13,676.85999,686.95001,676.85999,680.35999,259100
2015-05-14,683.53998,687.31,678.59003,682.13,360000
2015-05-15,685.34003,690.22998,680.34003,689.84998,343000
2015-05-18,690.0,695.5,688.88,693.52002,280600
2015-05-19,696.23999,701.27002,692.73999,694.58002,186400
2015-05-20,695.31,696.039978,687.73999,687.81,234800
2015-05-21,685.0,692.40002,682.030029,691.90997,272700
2015-05-22,692.96002,693.96002,686.84998,689.17999,290700
2015-05-26,689.070007,693.98999,682.85999,688.42999,409000
2015-05-27,682.0,688.82001,677.73999,680.72998,434100
2015-05-28,681.15002,687.41998,676.89001,679.51001,338900
2015-05-29,681.96997,682.15997,672.65997,673.62,277800
2015-06-01,676.97998,677.099976,668.40002,673.35999,304800
2015-06-02,674.17999,680.34003,670.12,675.73999,259500
2015-06-03,679.88,683.14001,676.67999,681.78998,267200
2015-06-04,679.91998,681.81,675.35999,678.17999,282600
2015-06-05,679.32001,679.32001,674.56,675.5,203300
2015-06-08,673.5,680.79999,672.039978,678.45001,273500
2015-06-09,676.38,680.52002,672.60999,676.039978,213000
2015-06-10,676.53998,682.67999,675.42999,681.58002,265900
2015-06-11,684.78998,687.58002,682.41998,684.84003,155600
2015-06-12,681.28003,686.14001,680.01001,682.080017,192400
2015-06-15,680.25,681.59998,672.34003,674.0,273200
2015-06-16,673.51001,679.53998,673.51001,675.78003,152900
2015-06-17,676.28003,680.5,668.070007,673.33002,215700
2015-06-18,675.76001,686.46002,674.59998,684.22998,300400
2015-06-19,682.40997,685.25,679.70001,681.66998,344100
2015-06-22,684.48999,684.48999,679.57001,681.5,195000
2015-06-23,684.23999,685.87,681.70001,685.53998,150400
2015-06-24,682.70001,684.40997,678.12,679.64001,174600
2015-06-25,680.92999,684.70001,678.58002,680.31,161600
2015-06-26,681.26001,683.51001,676.29999,677.46997,273000
2015-06-29,673.0,674.85999,662.71997,663.15997,216400
2015-06-30,667.96997,672.60999,662.70001,666.90002,252700
2015-07-01,670.84003,673.72998,667.21997,673.14001,228400
2015-07-02,675.70001,675.70001,667.58002,671.69,137600
2015-07-06,667.70001,675.77002,667.70001,675.070007,191300
2015-07-07,675.95001,683.98999,671.20001,680.73999,178800
2015-07-08,675.76001,677.28003,668.19,668.19,204300
2015-07-09,673.0,675.0,668.34003,670.35999,186500
2015-07-10,678.32001,684.090027,674.41998,682.29999,294400
2015-07-13,685.0,687.0,677.53003,685.32001,181700
2015-07-14,685.099976,685.92999,673.58002,676.46002,244300
2015-07-15,678.31,681.84998,673.46997,680.78003,157900
2015-07-16,684.89001,685.0,678.090027,680.71997,165600
2015-07-17,678.76001,679.96997,675.28003,677.13,124600
2015-07-20,677.42999,679.099976,671.46002,676.049988,209400
2015-07-21,675.72998,677.79999,669.0,671.70001,168700
2015-07-22,671.62,678.049988,671.13,677.32001,112800
2015-07-23,680.030029,684.59998,676.48999,681.28998,160700
2015-07-24,681.65997,683.62,673.81,675.25,163300
2015-07-27,674.070007,676.72998,667.48999,674.37,180100
2015-07-28,675.54999,687.41998,672.97998,687.14001,187200
2015-07-29,688.58002,693.57001,683.19,692.67999,178500
2015-07-30,693.53998,696.14001,688.37,695.030029,146400
2015-07-31,697.88,703.38,694.91998,700.94,180600
2015-08-03,702.0,702.0,693.59003,696.96002,101000
2015-08-04,696.96002,703.62,696.40997,702.78003,111100
2015-08-05,706.60999,712.46002,704.65997,711.69,252500
2015-08-06,712.0,712.0,695.65002,697.10999,170800
2015-08-07,696.71997,705.71997,695.22998,704.40002,157900
2015-08-10,709.39001,712.030029,706.049988,709.46997,130100
2015-08-11,710.01001,714.85999,704.049988,714.21002,228100
2015-08-12,710.47998,721.47998,708.039978,721.14001,286600
2015-08-13,721.0,747.46997,713.66998,739.070007,349700
2015-08-14,739.0,743.88,735.39001,741.27002,168200
2015-08-17,739.080017,745.34003,737.69,743.17999,127300
2015-08-18,743.0,747.25,741.97998,746.20001,154300
2015-08-19,742.0,754.90002,739.20001,750.13,190200
2015-08-20,746.45001,749.67999,737.91998,738.28998,206700
2015-08-21,732.37,733.10999,700.81,700.91998,453900
2015-08-24,667.0,710.62,667.0,684.98999,537000
2015-08-25,715.5,715.5,687.92999,687.92999,431300
2015-08-26,701.5,706.56,688.049988,706.25,405100
2015-08-27,723.96997,737.38,713.26001,724.78003,636300
2015-08-28,725.28003,727.96997,720.79999,726.39001,238700
2015-08-31,724.080017,729.94,715.98999,715.98999,221600
2015-09-01,711.96997,719.35999,703.15002,714.37,284200
2015-09-02,720.87,731.46002,715.75,730.71997,297300
2015-09-03,731.21997,738.73999,727.62,729.81,212600
2015-09-04,723.84003,729.13,713.56,717.70001,234500
2015-09-08,723.049988,736.039978,722.54999,732.90997,220000
2015-09-09,737.84998,738.48999,720.23999,721.0,275600
2015-09-10,720.5,727.039978,719.21997,720.92999,243600
2015-09-11,716.0,728.13,715.02002,727.44,207400
2015-09-14,728.0,729.48999,718.080017,719.92999,183000
2015-09-15,722.47998,729.94,718.48999,729.44,226500
2015-09-16,728.37,734.039978,726.37,732.71997,183900
2015-09-17,734.66998,747.0,732.25,734.62,209800
2015-09-18,727.25,734.42999,722.16998,724.98999,492500
2015-09-21,726.90002,735.39001,725.57001,728.40002,304300
2015-09-22,730.15002,749.98999,726.29999,728.0,833700
2015-09-23,730.40002,747.33002,720.17999,746.22998,445900
2015-09-24,741.23999,748.56,740.0,746.53003,342300
2015-09-25,748.72998,758.14001,746.77002,753.47998,507000
2015-09-28,752.27002,752.40997,730.67999,730.79999,413800
2015-09-29,731.29999,739.98999,717.90002,724.71997,276400
2015-09-30,730.91998,732.66998,721.34003,723.83002,403600
2015-10-01,732.81,738.059998,715.91998,736.34998,334300
2015-10-02,730.34998,742.049988,724.14001,740.78003,369500
2015-10-05,750.0,750.0,741.57001,747.28003,331300
2015-10-06,746.78003,747.090027,740.13,744.62,285300
2015-10-07,748.10999,748.10999,733.15002,736.0,267100
2015-10-08,739.89001,740.98999,730.95001,735.31,261700
2015-10-09,732.75,737.29999,729.049988,736.91998,222900
2015-10-12,738.33002,745.85999,730.70001,744.059998,165100
2015-10-13,741.13,745.0,738.76001,740.0,226500
2015-10-14,739.030029,742.92999,727.71002,729.38,230300
2015-10-15,730.030029,738.48999,727.71002,737.42999,276200
2015-10-16,743.059998,744.59998,734.17999,739.82001,288800
2015-10-19,740.75,744.51001,735.38,744.02002,211200
2015-10-20,746.0,747.090027,740.92999,745.94,198300
2015-10-21,749.40002,750.099976,741.40002,745.28998,133300
2015-10-22,750.0,761.90997,747.21997,761.59003,353300
2015-10-23,766.58002,767.13,758.070007,762.23999,260700
2015-10-26,764.15002,772.099976,760.83002,768.070007,224800
2015-10-27,769.0,771.28003,755.77002,763.26001,306900
2015-10-28,763.27002,780.27002,760.37,778.059998,285300
2015-10-29,779.56,787.90002,776.96002,783.22998,309000
2015-10-30,786.42999,789.52002,779.73999,784.40997,280200
2015-11-02,783.90997,789.67999,774.090027,785.26001,248900
2015-11-03,784.51001,795.0,783.46002,791.48999,285800
2015-11-04,790.98999,796.77002,786.099976,788.75,227100
2015-11-05,789.25,797.96997,788.15002,795.39001,193700
2015-11-06,792.79999,803.25,792.79999,797.28998,370100
2015-11-09,796.54999,798.40997,780.79999,783.47998,244600
2015-11-10,782.049988,791.72998,780.85999,789.65002,163700
2015-11-11,789.65002,793.48999,785.01001,787.28003,93700
2015-11-12,777.0,783.98999,774.27002,775.21002,315400
2015-11-13,789.25,789.60999,746.0,755.25,469800
2015-11-16,753.14001,775.71002,751.29999,775.53998,303400
2015-11-17,780.29999,782.0,767.54999,773.0,197300
2015-11-18,772.40997,784.15002,770.51001,783.34998,169400
2015-11-19,783.0,786.19,777.16998,779.059998,155700
2015-11-20,784.35999,785.84003,780.19,783.82001,215400
2015-11-23,783.34998,787.97998,776.35999,781.45001,143600
2015-11-24,777.12,782.70001,771.73999,779.65997,165700
2015-11-25,778.92999,790.66998,778.92999,786.090027,148600
2015-11-27,784.97998,789.5,781.75,785.96002,104400
2015-11-30,786.39001,793.82001,778.87,783.77002,391600
2015-12-01,786.039978,792.41998,773.78003,779.23999,237100
2015-12-02,780.059998,786.28998,767.0,769.13,302600
2015-12-03,770.37,770.90002,753.080017,757.37,275900
2015-12-04,759.59003,761.65002,754.23999,760.98999,401000
2015-12-07,760.0,763.31,748.56,752.16998,413900
2015-12-08,768.37,798.59998,754.87,796.090027,571000
2015-12-09,794.0,800.87,775.5,783.81,522300
2015-12-10,786.090027,786.31,775.64001,777.69,217700
2015-12-11,765.0,790.73999,749.02002,755.88,239200
2015-12-14,755.88,761.60999,748.039978,760.5,225100
2015-12-15,764.039978,764.60999,756.030029,761.29999,207400
2015-12-16,765.96997,766.40997,751.84003,764.69,231400
2015-12-17,762.72998,763.5,753.29999,755.31,246100
2015-12-18,759.90997,759.90997,741.57001,741.88,393900
2015-12-21,749.29999,752.0,735.52002,742.95001,249700
2015-12-22,747.0,748.59003,739.049988,744.82001,171500
2015-12-23,747.76001,749.02002,741.78998,744.34998,130400
2015-12-24,743.84998,744.29999,734.54999,740.56,114900
2015-12-28,739.88,742.19,734.96002,741.87,121500
2015-12-29,743.28998,753.01001,742.87,749.17999,557800
2015-12-30,745.38,755.080017,745.38,750.16998,141700
2015-12-31,747.97998,751.5,741.84003,741.90997,137900
2016-01-04,733.0,742.22998,728.52002,735.47998,299100
2016-01-05,735.47998,742.56,731.090027,738.85999,232900
2016-01-06,733.32001,738.34998,727.10999,729.20001,255100
2016-01-07,720.28998,740.47998,711.070007,735.96002,313500
2016-01-08,735.96002,738.87,708.90002,712.059998,258500
2016-01-11,712.56,726.099976,709.96997,718.69,342800
2016-01-12,722.51001,730.48999,712.84003,728.98999,250100
2016-01-13,732.83002,732.83002,702.57001,704.20001,269200
2016-01-14,702.82001,718.20001,699.37,712.60999,262400
2016-01-15,696.32001,710.31,693.01001,704.73999,370100
2016-01-19,712.96997,718.13,704.01001,715.71002,346800
2016-01-20,708.0,718.60999,698.90002,713.65997,385700
2016-01-21,713.099976,724.82001,710.099976,717.72998,281200
2016-01-22,722.71002,733.29999,721.44,728.32001,279000
2016-01-25,728.81,738.95001,727.72998,728.52002,220300
2016-01-26,731.10999,745.57001,731.10999,743.59003,231000
2016-01-27,740.29999,754.98999,736.51001,744.28998,313300
2016-01-28,751.73999,753.79999,741.15997,747.54999,333700
2016-01-29,745.47998,771.59003,743.0,767.39001,472800
2016-02-01,765.0,774.79999,762.01001,768.54999,393900
2016-02-02,768.17999,769.039978,756.080017,763.59998,340000
2016-02-03,768.59003,768.59003,745.29999,751.90002,478800
2016-02-04,748.039978,750.32001,734.29999,747.87,512200
2016-02-05,748.60999,749.60999,722.58002,727.34998,633500
2016-02-08,716.54999,722.90002,681.01001,695.46002,656200
2016-02-09,692.0,704.059998,686.21997,697.58002,562500
2016-02-10,702.57001,709.89001,695.059998,697.16998,374500
2016-02-11,698.98999,720.84003,692.76001,712.75,571800
2016-02-12,717.14001,732.37,714.02002,729.62,319900
2016-02-16,745.0,767.20001,741.01001,757.69,602600
2016-02-17,762.0,772.45001,745.70001,754.17999,381800
2016-02-18,750.0,756.080017,746.53998,748.51001,382500
2016-02-19,746.90997,760.099976,745.35999,759.90997,340300
2016-02-22,767.25,771.95001,763.01001,764.90002,230300
2016-02-23,766.54999,771.17999,755.69,764.28003,290700
2016-02-24,760.63,778.35999,758.059998,777.83002,306000
2016-02-25,780.0,785.71002,772.26001,785.15002,247200
2016-02-26,785.71997,787.47998,776.87,781.64001,270300
2016-02-29,784.5,787.0,774.57001,774.57001,388000
2016-03-01,782.21002,794.5,778.059998,790.56,464200
2016-03-02,788.0,792.44,774.45001,780.89001,315600
2016-03-03,776.13,785.15997,772.82001,782.48999,238400
2016-03-04,784.71002,784.71002,773.87,777.62,276500
2016-03-07,771.099976,781.42999,767.42999,770.95001,225700
2016-03-08,766.02002,773.16998,765.0,765.049988,343000
2016-03-09,770.01001,778.57001,765.98999,776.28998,272200
2016-03-10,779.32001,790.69,770.83002,788.35999,327700
2016-03-11,791.030029,798.98999,786.65002,797.02002,334800
2016-03-14,794.97998,801.0,793.90002,796.60999,278300
2016-03-15,791.60999,803.83002,789.94,793.87,251300
2016-03-16,793.87,795.64001,783.22998,792.52002,246500
2016-03-17,792.31,792.31,775.19,784.71002,320100
2016-03-18,788.63,788.63,777.25,780.21002,391600
2016-03-21,779.080017,787.32001,779.080017,786.58002,143200
2016-03-22,784.38,794.31,784.14001,785.98999,242000
2016-03-23,787.53003,807.48999,786.17999,805.28998,399300
2016-03-24,803.47998,810.0,798.5,803.059998,249600
2016-03-28,803.78003,804.67999,795.87,799.78998,210900
2016-03-29,802.66998,805.0,796.47998,798.039978,330100
2016-03-30,803.0,803.54999,792.45001,802.52002,241300
2016-03-31,804.53003,804.53003,793.65002,796.69,269000
2016-04-01,793.96997,809.37,791.91998,805.40002,290900
2016-04-04,803.12,803.79999,787.030029,792.95001,268800
2016-04-05,789.62,792.98999,786.48999,787.59998,269200
2016-04-06,786.28998,790.35999,782.82001,788.73999,210300
2016-04-07,787.19,790.0,781.0,785.13,274500
2016-04-08,786.23999,786.23999,776.84998,783.92999,240800
2016-04-11,782.72998,786.40997,772.21997,773.88,228400
2016-04-12,774.12,778.27002,769.78998,777.039978,217800
2016-04-13,782.02002,782.41998,772.20001,777.45001,212100
2016-04-14,776.33002,785.10999,775.65997,778.14001,177800
2016-04-15,778.53003,783.96002,776.40002,779.78003,134400
2016-04-18,778.23999,787.37,778.23999,783.21997,148100
2016-04-19,781.65997,787.10999,776.070007,777.42999,182100
2016-04-20,777.45001,781.84003,773.049988,777.049988,169700
2016-04-21,777.049988,778.65002,765.69,766.54999,210100
2016-04-22,767.070007,773.35999,762.77002,771.070007,181300
2016-04-25,768.0,778.02002,766.26001,774.65002,131000
2016-04-26,775.76001,781.27002,774.46997,778.78998,130000
2016-04-27,775.039978,784.65002,772.63,780.27002,168400
2016-04-28,775.0,775.0,765.84998,767.46997,228600
2016-04-29,767.22998,769.0,753.44,765.22998,259100
2016-05-02,770.0,776.84003,768.31,774.97998,220800
2016-05-03,770.65997,787.96002,770.65997,784.58002,261500
2016-05-04,780.0,786.87,776.77002,785.41998,200000
2016-05-05,782.59998,783.59998,772.48999,774.039978,213700
2016-05-06,770.64001,777.78003,764.13,776.21002,151500
2016-05-09,774.94,785.64001,769.58002,783.71997,156700
2016-05-10,784.71997,790.41998,781.23999,788.79999,196400
2016-05-11,783.90002,784.37,768.71002,769.28998,313200
2016-05-12,775.01001,783.33002,771.95001,780.81,219200
2016-05-13,781.88,783.5,768.52002,769.44,185400
2016-05-16,768.87,781.98999,767.53003,779.13,179200
2016-05-17,778.21997,781.77002,758.79999,761.38,346900
2016-05-18,759.5,765.42999,754.35999,760.85999,347100
2016-05-19,745.0,758.96997,742.63,756.52002,420300
2016-05-20,759.23999,769.15997,755.87,761.56,386000
2016-05-23,760.23999,761.5,740.51001,742.080017,509100
2016-05-24,733.34998,766.64001,732.21997,760.41998,571800
2016-05-25,760.75,771.84998,757.45001,767.63,329600
2016-05-26,766.45001,776.33002,764.73999,767.38,333300
2016-05-27,768.0,773.28003,763.63,765.75,288900
2016-05-31,767.48999,767.52002,759.22998,762.20001,599000
2016-06-01,759.70001,764.65997,758.40002,760.75,327700
2016-06-02,760.76001,770.44,756.58002,768.59003,295600
2016-06-03,766.15002,769.65997,758.21002,761.31,310200
2016-06-06,761.31,762.090027,748.92999,756.12,384000
2016-06-07,754.01001,762.059998,752.28003,760.84003,287200
2016-06-08,758.34003,763.56,757.48999,760.58002,205700
2016-06-09,761.19,765.5,755.25,760.070007,256000
2016-06-10,757.34003,758.59003,752.65002,754.15002,239100
2016-06-13,753.29999,758.15997,750.15002,751.14001,300000
2016-06-14,748.28003,749.40002,743.69,748.38,246700
2016-06-15,748.02002,755.82001,747.0,747.69,185100
2016-06-16,745.34998,751.41998,741.58002,751.31,410500
2016-06-17,750.56,750.56,743.95001,745.83002,293800
2016-06-20,757.070007,758.15002,750.97998,752.059998,170200
2016-06-21,749.13,751.66998,744.35999,748.73999,194200
2016-06-22,751.64001,763.92999,749.16998,756.29999,266000
2016-06-23,760.44,763.84998,756.79999,762.77002,173200
2016-06-24,743.31,775.98999,741.52002,769.91998,480500
2016-06-27,764.94,772.47998,762.38,767.65002,310900
2016-06-28,770.29999,791.58002,768.53003,790.46002,439200
2016-06-29,794.21002,804.77002,790.19,792.82001,327000
2016-06-30,792.98999,797.039978,786.16998,793.84003,327100
2016-07-01,795.96002,802.94,792.71997,798.71997,196600
2016-07-05,800.0,804.20001,796.27002,803.35999,302900
2016-07-06,803.0,810.75,802.099976,805.56,235700
2016-07-07,804.84003,809.059998,797.69,799.65997,203500
2016-07-08,804.0,815.45001,801.84998,815.02002,217400
2016-07-11,815.15002,819.53998,808.62,809.71997,179800
2016-07-12,811.34003,815.0,799.57001,801.080017,206800
2016-07-13,805.28998,807.35999,796.83002,801.31,134600
2016-07-14,806.28998,807.89001,798.29999,805.17999,155500
2016-07-15,810.0,810.0,798.83002,799.14001,183600
2016-07-18,800.90002,803.97998,793.63,796.38,232700
2016-07-19,789.080017,799.90002,782.29999,795.65997,246000
2016-07-20,796.87,801.0,796.46997,800.039978,194300
2016-07-21,798.89001,799.46002,790.33002,792.63,99000
2016-07-22,796.40997,796.87,790.96997,794.53003,114200
2016-07-25,796.91998,798.96002,794.59998,798.46002,128700
2016-07-26,794.59003,805.56,794.59003,800.44,205700
2016-07-27,802.5,802.91998,788.84003,790.32001,164200
2016-07-28,791.45001,818.0,791.45001,815.97998,302800
2016-07-29,816.0,816.52002,810.0,813.96997,221900
2016-08-01,816.12,817.73999,810.14001,811.78003,136600
2016-08-02,813.54999,816.83002,800.5,802.53003,151100
2016-08-03,803.53003,808.27002,800.88,804.90997,126600
2016-08-04,802.71997,809.98999,802.71997,808.23999,85200
2016-08-05,809.67999,812.84003,805.02002,806.28998,145500
2016-08-08,808.32001,808.88,800.039978,801.26001,114500
2016-08-09,800.59003,803.0,797.02002,798.0,150800
2016-08-10,798.78998,804.72998,798.0,803.45001,127700
2016-08-11,806.67999,813.47998,798.96002,801.23999,205600
2016-08-12,799.030029,802.90002,795.34003,795.85999,112800
2016-08-15,796.71997,798.65002,793.28998,794.35999,161000
2016-08-16,790.0,793.95001,788.090027,789.53998,155600
2016-08-17,787.57001,789.44,782.13,786.26001,160100
2016-08-18,787.31,792.34003,783.46997,788.35999,169000
2016-08-19,788.46997,794.0,787.14001,793.90002,182100
2016-08-22,793.65997,795.42999,790.19,790.66998,159500
2016-08-23,794.84003,795.57001,787.96997,788.88,187600
2016-08-24,784.62,788.37,773.76001,777.12,351000
2016-08-25,773.42999,779.82001,772.40997,773.049988,235200
2016-08-26,771.28003,771.5,752.13,753.46997,450800
2016-08-29,753.58002,759.37,748.84998,750.84998,363600
2016-08-30,752.87,752.87,737.030029,741.85999,433200
2016-08-31,741.47998,745.47998,736.90002,741.79999,315800
2016-09-01,744.22998,748.46997,742.5,744.77002,310100
2016-09-02,748.40997,748.40997,737.5,739.72998,213500
2016-09-06,739.75,743.23999,731.79999,737.26001,311000
2016-09-07,736.83002,739.13,731.080017,732.12,338900
2016-09-08,729.90002,730.65002,726.070007,729.38,317700
2016-09-09,727.64001,728.66998,722.15997,722.44,400500
2016-09-12,724.95001,743.12,723.67999,740.38,596500
2016-09-13,736.099976,746.78998,734.45001,744.15002,583300
2016-09-14,746.28003,747.78998,738.19,739.21002,328300
2016-09-15,737.56,740.53003,732.090027,739.10999,300900
2016-09-16,737.38,741.88,734.21997,735.52002,410400
2016-09-19,735.0,747.01001,734.14001,746.34998,382100
2016-09-20,749.02002,750.77002,742.0,744.059998,362200
2016-09-21,741.78003,755.56,741.78003,751.45001,592900
2016-09-22,758.58002,760.97998,740.049988,748.22998,1029500
2016-09-23,746.049988,751.79999,737.5,744.84998,818100
2016-09-26,743.71997,759.95001,742.39001,758.88,752900
2016-09-27,772.039978,783.33002,765.26001,779.60999,794600
2016-09-28,780.0,780.0,764.59003,767.15002,436300
2016-09-29,765.030029,771.48999,759.14001,765.76001,385200
2016-09-30,768.12,772.35999,762.69,768.34003,354100
2016-10-03,763.28003,767.030029,759.15002,760.71002,336400
2016-10-04,762.57001,762.57001,754.46997,758.53998,251800
2016-10-05,763.28003,764.98999,758.14001,759.44,278300
2016-10-06,758.16998,764.75,755.16998,761.92999,259200
2016-10-07,766.28003,766.28003,759.030029,760.34003,268700
2016-10-10,765.0,768.59998,762.5,764.44,205300
2016-10-11,764.96997,765.58002,759.42999,760.60999,330800
2016-10-12,759.34003,766.090027,759.099976,762.21997,328000
2016-10-13,758.71997,768.37,756.45001,767.85999,193900
2016-10-14,770.070007,775.35999,762.82001,763.51001,243100
2016-10-17,760.71002,762.0,754.15997,754.95001,465300
2016-10-18,759.0,759.0,753.32001,753.79999,242600
2016-10-19,749.0,752.90997,734.32001,750.44,389800
2016-10-20,752.65002,752.65002,744.16998,746.27002,243200
2016-10-21,744.72998,750.34998,742.0,746.97998,415300
2016-10-24,747.84003,753.81,747.84003,752.94,179300
2016-10-25,749.26001,751.96997,745.94,750.39001,250200
2016-10-26,750.25,753.21997,747.21997,751.56,183600
2016-10-27,752.20001,752.84003,725.5,726.37,401700
2016-10-28,727.26001,737.75,725.0,735.37,381100
2016-10-31,736.85999,742.51001,732.28003,742.15997,285800
2016-11-01,742.60999,743.56,731.59998,734.45001,196700
2016-11-02,730.42999,742.75,730.099976,738.030029,160200
2016-11-03,740.62,745.01001,737.59003,738.87,241300
2016-11-04,742.29999,744.090027,729.0,731.65002,349300
2016-11-07,735.81,739.54999,730.77002,732.87,360100
2016-11-08,733.15002,736.94,729.059998,731.88,289700
2016-11-09,721.40997,742.98999,720.45001,740.84998,287600
2016-11-10,743.0,753.65997,740.84998,746.28003,361200
2016-11-11,744.48999,752.0,742.15997,750.34998,196400
2016-11-14,751.0,752.98999,727.37,729.35999,513900
2016-11-15,743.0,758.89001,739.57001,744.79999,483500
2016-11-16,745.81,754.25,741.5,751.95001,310600
2016-11-17,750.10999,775.34998,750.10999,773.12,326300
2016-11-18,772.19,773.25,752.82001,755.23999,270500
2016-11-21,753.84003,779.53003,752.84998,777.90002,318800
2016-11-22,780.030029,795.48999,777.92999,793.78998,424000
2016-11-23,793.91998,806.51001,792.91998,798.049988,477800
2016-11-25,796.15002,809.78003,795.01001,797.96002,127800
2016-11-28,795.0,801.77002,790.83002,793.90002,276400
2016-11-29,793.90002,798.84003,789.13,790.23999,256500
2016-11-30,790.65997,791.51001,779.89001,783.17999,340500
2016-12-01,780.60999,789.039978,778.13,780.76001,299100
2016-12-02,783.26001,789.71002,781.01001,783.73999,242400
2016-12-05,786.14001,787.77002,772.34998,776.41998,391700
2016-12-06,787.0,792.46002,778.10999,779.81,444800
2016-12-07,789.94,810.0,784.21002,809.87,501800
2016-12-08,807.52002,813.70001,802.20001,807.71002,330000
2016-12-09,810.81,811.59003,799.099976,803.099976,360400
2016-12-12,802.46997,805.97998,796.57001,802.37,227800
2016-12-13,802.90002,808.95001,802.080017,803.0,210100
2016-12-14,800.0,804.91998,787.59003,788.96002,236500
2016-12-15,790.53998,797.049988,786.049988,795.57001,355500
2016-12-16,799.88,805.090027,789.29999,794.71997,458700
2016-12-19,794.02002,805.56,794.02002,798.69,306000
2016-12-20,798.81,808.099976,798.37,807.32001,184300
2016-12-21,808.51001,809.52002,802.87,803.62,225700
2016-12-22,801.40002,806.77002,790.96002,799.60999,278000
2016-12-23,797.049988,801.94,792.79999,795.82001,169700
2016-12-27,799.02002,805.78003,798.02002,803.57001,210300
2016-12-28,804.21997,805.099976,794.48999,795.89001,156600
2016-12-29,795.63,803.96002,795.63,798.48999,204800
2016-12-30,800.34998,800.5,787.19,789.78998,246400
2017-01-03,795.58002,802.15002,784.39001,791.46002,248800
2017-01-04,789.94,795.88,786.79999,793.039978,187200
2017-01-05,788.71997,795.98999,785.01001,792.0,243200
2017-01-06,791.0,796.73999,788.26001,792.90997,216500
2017-01-09,795.72998,795.72998,788.39001,790.34003,127100
2017-01-10,788.71997,797.15997,788.59998,793.67999,186400
2017-01-11,796.15997,800.0,787.69,792.0,170900
2017-01-12,788.34998,790.96997,781.70001,790.27002,213700
2017-01-13,787.66998,793.29999,779.81,779.81,262100
2017-01-17,780.26001,787.29999,780.26001,782.28998,278700
2017-01-18,785.53998,785.66998,772.54999,778.29999,308000
2017-01-19,775.070007,776.47998,767.0,769.90002,255500
2017-01-20,771.20001,775.0,764.21002,770.02002,340400
2017-01-23,753.59998,754.099976,730.98999,739.34998,700800
2017-01-24,742.14001,746.5,735.40997,738.42999,354700
2017-01-25,743.42999,744.28003,734.059998,735.0,391100
2017-01-26,736.16998,739.82001,729.82001,729.89001,361600
2017-01-27,729.54999,731.21002,723.45001,730.0,320700
2017-01-30,728.45001,731.91998,723.34003,724.40997,339600
2017-01-31,725.64001,726.54999,718.070007,724.97998,1938800
2017-02-01,728.73999,729.56,713.090027,714.98999,394200
2017-02-02,714.23999,726.38,713.44,725.42999,457200
2017-02-03,724.92999,731.59003,722.65997,724.71997,318800
2017-02-06,723.64001,728.97998,720.059998,720.48999,299900
2017-02-07,721.15002,726.47998,716.41998,721.65997,349700
2017-02-08,720.5,743.14001,717.52002,741.059998,566500
2017-02-09,741.059998,749.01001,739.34998,745.94,444600
2017-02-10,751.60999,751.60999,738.20001,740.65002,236400
2017-02-13,741.0,741.0,733.19,736.090027,173900
2017-02-14,735.0,739.38,732.099976,735.78998,267500
2017-02-15,735.0,741.35999,734.14001,739.5,228400
2017-02-16,743.19,744.89001,733.79999,737.35999,264800
2017-02-17,737.65997,741.78003,734.14001,741.049988,231300
2017-02-21,745.0,749.98999,736.71002,740.65997,319700
2017-02-22,743.44,744.90997,731.02002,735.33002,316600
2017-02-23,734.070007,734.96002,726.12,727.21997,347100
2017-02-24,727.0,734.71002,723.33002,732.75,257000
2017-02-27,733.76001,740.84998,730.87,740.84998,536900
2017-02-28,732.64001,752.98999,732.28998,736.54999,603200
2017-03-01,740.01001,748.90997,736.02002,738.96997,649200
2017-03-02,739.84998,739.84998,730.44,733.53003,275700
2017-03-03,731.72998,734.030029,720.20001,725.23999,483700
2017-03-06,728.0,728.0,720.84003,723.90997,302600
2017-03-07,721.85999,726.29999,711.0,712.71997,495300
2017-03-08,711.12,719.82001,705.29999,717.66998,417600
2017-03-09,718.049988,721.32001,714.56,715.92999,334500
2017-03-10,717.57001,720.92999,713.97998,717.030029,276500
2017-03-13,716.0,730.53003,712.78003,728.54999,367600
2017-03-14,728.21997,731.5,724.44,728.98999,250600
2017-03-15,729.15002,729.34998,711.33002,716.28998,559600
2017-03-16,713.90997,721.96002,713.29999,721.84998,270700
2017-03-17,723.12,732.090027,723.12,730.77002,474200
2017-03-20,730.26001,735.0,726.78998,729.78998,298800
2017-03-21,731.02002,732.42999,723.66998,725.21002,317900
2017-03-22,729.73999,731.89001,723.39001,725.34998,281900
2017-03-23,724.17999,730.28998,719.48999,725.5,260700
2017-03-24,725.56,727.33002,719.25,721.15997,187100
2017-03-27,716.5,719.14001,712.34003,714.15997,367800
2017-03-28,712.51001,717.02002,706.28003,716.98999,386000
2017-03-29,717.21002,724.0,716.65997,722.46002,267900
2017-03-30,722.0,723.16998,711.21997,719.080017,334900
2017-03-31,718.28003,727.0,716.95001,723.049988,300800
2017-04-03,720.5,721.46997,695.15997,700.69,796600
2017-04-04,700.0,705.65997,692.90002,696.66998,499800
2017-04-05,699.0,709.46002,697.29999,703.030029,408800
2017-04-06,705.22998,707.15997,700.0,702.28998,235200
2017-04-07,702.59003,706.40997,699.65002,700.44,265400
2017-04-10,700.52002,707.45001,700.52002,703.64001,260200
2017-04-11,702.72998,702.72998,698.01001,700.59003,193600
2017-04-12,696.15997,700.57001,692.34003,693.34003,265000
2017-04-13,693.67999,697.91998,688.46002,688.46002,198200
2017-04-17,692.33002,692.94,686.54999,687.60999,218000
2017-04-18,685.34998,691.58002,684.47998,689.070007,261900
2017-04-19,693.33002,711.34998,693.33002,697.57001,457500
2017-04-20,699.64001,708.29999,697.39001,706.29999,296800
2017-04-21,706.080017,713.34998,705.89001,707.78998,343800
2017-04-24,713.22998,722.69,711.16998,722.45001,367100
2017-04-25,723.98999,724.90002,711.25,712.059998,353300
2017-04-26,713.82001,719.79999,709.84998,715.12,443400
2017-04-27,713.87,727.15002,692.5,703.90002,635900
2017-04-28,700.51001,703.25,688.02002,692.19,527300
2017-05-01,696.40002,697.83002,680.0,682.98999,362400
2017-05-02,683.27002,689.76001,680.14001,688.94,362900
2017-05-03,689.32001,698.39001,685.45001,697.17999,324400
2017-05-04,696.40002,706.57001,696.40002,704.58002,294100
2017-05-05,705.41998,707.5,700.60999,705.31,281300
2017-05-08,703.27002,711.0,703.27002,709.97998,202400
2017-05-09,711.70001,711.70001,702.41998,707.049988,262500
2017-05-10,703.56,703.56,693.28003,698.030029,378500
2017-05-11,691.0,696.69,683.26001,693.84998,331600
2017-05-12,689.97998,691.91998,680.059998,680.71997,304400
2017-05-15,681.15997,693.27002,679.25,681.01001,464500
2017-05-16,680.039978,680.039978,668.28998,669.83002,462600
2017-05-17,669.83002,672.37,658.39001,664.049988,545700
2017-05-18,665.070007,677.28998,664.32001,673.78998,334800
2017-05-19,675.32001,677.46997,667.52002,673.65002,542000
2017-05-22,671.0,672.54999,657.98999,659.48999,594300
2017-05-23,607.01001,612.98999,579.60999,581.40002,2949700
2017-05-24,581.17999,598.75,573.79999,590.98999,1580100
2017-05-25,594.96997,609.84998,593.89001,607.34003,846300
2017-05-26,605.0,618.0,605.0,615.62,785100
2017-05-30,621.79999,623.96997,611.52002,612.97998,595400
2017-05-31,613.83002,616.41998,601.5,605.91998,884500
2017-06-01,606.10999,625.56,603.10999,623.97998,639100
2017-06-02,622.90002,623.75,613.12,621.70001,495800
2017-06-05,619.17999,622.77002,612.46997,617.070007,536300
2017-06-06,617.090027,617.090027,603.0,603.88,464000
2017-06-07,604.89001,612.92999,604.049988,606.77002,451400
2017-06-08,606.77002,610.0,596.72998,598.96002,477300
2017-06-09,598.90997,607.66998,594.59003,606.35999,537900
2017-06-12,606.52002,621.19,606.52002,612.02002,517300
2017-06-13,613.29999,617.75,607.01001,612.080017,324900
2017-06-14,610.26001,613.41998,605.17999,608.38,346900
2017-06-15,603.95001,616.76001,603.17999,613.01001,455000
2017-06-16,609.72998,610.45001,590.46997,593.81,639000
2017-06-19,597.53003,598.60999,587.47998,596.85999,419300
2017-06-20,590.89001,591.94,580.02002,585.20001,561300
2017-06-21,585.5,587.19,568.070007,574.01001,711100
2017-06-22,572.54999,582.13,566.63,579.63,702700
2017-06-23,579.5,581.62,567.90002,574.97998,632600
2017-06-26,575.94,585.52002,574.080017,579.60999,295800
2017-06-27,577.53998,588.73999,576.0,578.77002,282000
2017-06-28,576.12,580.030029,568.84998,569.02002,514200
2017-06-29,571.44,572.0,557.77002,559.66998,662700
2017-06-30,562.53003,571.71002,560.22998,570.46002,464900
2017-07-03,570.84998,575.67999,568.059998,571.71002,227600
2017-07-05,530.29999,543.39001,514.46997,516.83002,1858100
2017-07-06,514.01001,524.37,503.0,507.48001,900800
2017-07-07,503.0,504.89001,498.5,501.39001,705200
2017-07-10,503.0,512.76001,501.34,507.54001,722500
2017-07-11,508.0,509.39999,499.57001,499.57001,671400
2017-07-12,501.97,506.59,492.019989,493.14999,693400
2017-07-13,492.95999,510.73999,492.029999,506.81,615800
2017-07-14,507.53,510.97,498.14001,506.31,545800
2017-07-17,502.89001,512.52002,501.48001,503.66,437400
2017-07-18,504.01001,504.73999,494.57999,495.69,595100
2017-07-19,497.079987,500.37,491.89999,493.44,447400
2017-07-20,495.5,506.59,491.13,502.56,489300
2017-07-21,499.20001,512.90002,497.84,511.45999,651300
2017-07-24,509.45999,514.039978,498.23999,498.25,448100
2017-07-25,501.47,511.32999,498.53,511.01001,341700
2017-07-26,511.34,517.22998,505.76999,515.96997,396900
2017-07-27,520.02002,530.91998,517.91998,529.01001,708300
2017-07-28,529.40002,531.98999,522.33002,526.91998,680100
2017-07-31,528.049988,541.73999,523.080017,539.82001,623700
2017-08-01,542.62,548.89001,538.46002,547.85999,472600
2017-08-02,545.57001,552.38,542.5,542.89001,581700
2017-08-03,540.54999,543.71997,528.53998,529.28998,389400
2017-08-04,530.0,537.81,530.0,536.82001,259600
2017-08-07,537.78998,544.20001,532.65002,541.65997,315100
2017-08-08,547.58002,547.71002,530.34998,530.96997,302500
2017-08-09,526.72998,533.46997,522.84003,533.15997,409500
2017-08-10,530.83002,533.45001,525.26001,525.52002,301800
2017-08-11,525.0,535.57001,525.0,533.94,373100
2017-08-14,537.53998,537.53998,523.039978,525.32001,469600
2017-08-15,501.54001,519.0,497.29001,516.13,819100
2017-08-16,520.0,528.23999,517.33002,524.59003,542200
2017-08-17,524.96002,529.90997,511.26999,515.56,478100
2017-08-18,513.20001,513.20001,499.10001,510.19,870400
2017-08-21,510.63,519.39001,504.95999,517.51001,361900
2017-08-22,519.14001,521.59003,514.72998,519.13,262300
2017-08-23,517.57001,521.27002,508.040009,513.34003,291800
2017-08-24,513.66998,518.78998,511.01001,511.63,416700
2017-08-25,515.62,536.83002,515.23999,528.95001,630300
2017-08-28,529.75,530.0,521.45001,525.40002,279700
2017-08-29,520.67999,525.98999,519.40997,522.38,265300
2017-08-30,522.48999,533.75,520.47998,529.53003,293200
2017-08-31,529.65997,534.59998,527.85999,528.44,376300
2017-09-01,531.20001,540.51001,531.20001,538.77002,338800
2017-09-05,541.35999,549.46002,537.71002,540.0,502100
2017-09-06,543.57001,544.97998,537.51001,540.65002,350700
2017-09-07,540.5,543.27002,535.099976,541.15997,287000
2017-09-08,541.22998,544.42999,537.35999,540.51001,331400
2017-09-11,542.48999,543.92999,535.96002,540.32001,257600
2017-09-12,538.46997,557.20001,536.71002,551.54999,432300
2017-09-13,551.25,571.15002,551.25,569.34003,802900
2017-09-14,570.0,570.33002,562.96997,563.56,637300
2017-09-15,564.97998,575.46002,564.34998,569.89001,693600
2017-09-18,571.46002,574.96997,563.40002,563.40002,897500
2017-09-19,567.0,583.89001,533.40002,535.19,2031400
2017-09-20,533.77002,550.84998,533.0,543.58002,673200
2017-09-21,542.40002,555.0,541.0,553.48999,659200
2017-09-22,553.48999,575.39001,553.48999,574.030029,729300
2017-09-25,574.69,588.97998,574.039978,583.47998,680300
2017-09-26,585.87,588.58002,578.63,587.13,409000
2017-09-27,588.87,590.25,582.40002,588.28003,304800
2017-09-28,583.049988,589.97998,578.35999,587.28998,503800
2017-09-29,588.77002,596.02002,585.10999,595.10999,456800
2017-10-02,595.65002,599.53998,590.35999,597.62,319100
2017-10-03,599.53003,601.28998,592.79999,599.54999,317800
2017-10-04,599.95001,601.15002,589.33002,595.23999,337400
2017-10-05,591.15997,601.049988,591.02002,599.83002,296400
2017-10-06,599.82001,603.73999,597.84003,601.48999,250000
2017-10-09,601.039978,601.96002,591.48999,592.039978,198300
2017-10-10,592.01001,595.94,586.41998,587.57001,339400
2017-10-11,587.54999,590.0,579.35999,588.56,356500
2017-10-12,587.69,593.35999,581.46002,589.75,233200
2017-10-13,590.090027,600.28998,587.0,599.15997,294500
2017-10-16,599.29999,603.73999,594.17999,598.54999,271400
2017-10-17,600.0,609.62,598.65002,607.87,388700
2017-10-18,608.79999,610.78003,603.87,606.31,308600
2017-10-19,602.0,603.28998,588.73999,595.27002,578800
2017-10-20,597.67999,598.31,588.73999,590.059998,372100
2017-10-23,592.46002,594.28998,586.78003,589.0,283200
2017-10-24,587.96997,590.92999,576.91998,585.83002,422100
2017-10-25,586.049988,587.88,578.0,587.40002,280100
2017-10-26,575.79999,596.65002,560.82001,590.89001,1417300
2017-10-27,589.37,592.90002,577.90997,583.16998,490700
2017-10-30,583.27002,591.53998,581.21997,590.15002,380100
2017-10-31,591.25,593.42999,587.70001,589.5,189000
2017-11-01,592.94,594.83002,579.59998,584.88,357000
2017-11-02,583.52002,603.40997,576.13,602.70001,420400
2017-11-03,601.12,611.42999,597.73999,606.40997,372700
2017-11-06,605.90997,613.0,602.059998,607.0,285200
2017-11-07,606.20001,609.88,598.84003,603.56,215500
2017-11-08,603.32001,609.40002,595.44,596.030029,292200
2017-11-09,595.91998,606.77002,591.51001,605.96997,437100
2017-11-10,604.21997,607.78998,594.78003,598.059998,447800
2017-11-13,598.17999,600.56,588.56,595.26001,360000
2017-11-14,602.15002,633.23999,602.15002,607.63,692400
2017-11-15,601.33002,611.5,601.33002,609.14001,356300
2017-11-16,609.23999,619.75,606.57001,618.59003,285400
2017-11-17,622.28003,630.83002,618.10999,629.42999,384200
2017-11-20,628.78003,637.39001,624.94,634.65002,490300
2017-11-21,633.47998,633.47998,625.47998,632.40002,505400
2017-11-22,633.0,642.080017,633.0,638.23999,421600
2017-11-24,641.91998,641.91998,629.69,632.97998,123900
2017-11-27,634.049988,644.83002,633.51001,637.95001,349900
2017-11-28,641.22998,665.90997,636.95001,664.21997,754700
2017-11-29,666.23999,703.40002,665.84998,688.91998,1076300
2017-11-30,688.91998,703.51001,685.14001,686.76001,551800
2017-12-01,690.0,691.20001,672.0,678.40002,383300
2017-12-04,687.37,712.46997,685.21002,709.77002,852500
2017-12-05,747.0,763.29999,703.59998,712.76001,1225500
2017-12-06,705.63,711.76001,696.94,698.65002,492900
2017-12-07,701.46002,704.090027,693.75,702.34003,417300
2017-12-08,702.78998,723.42999,701.28998,721.89001,546900
2017-12-11,719.59003,720.79999,705.78003,708.60999,501900
2017-12-12,710.85999,717.66998,706.70001,711.049988,447000
2017-12-13,715.34998,716.34003,703.14001,708.21002,303200
2017-12-14,709.32001,709.32001,694.73999,701.22998,522100
2017-12-15,702.23999,709.049988,696.64001,697.059998,591500
2017-12-18,703.90997,708.45001,696.14001,704.40002,428200
2017-12-19,703.47998,708.70001,697.42999,701.01001,584200
2017-12-20,706.69,708.87,694.59998,700.90002,674800
2017-12-21,701.0,708.0,699.64001,705.90997,401300
2017-12-22,704.83002,713.58002,699.01001,710.090027,283100
2017-12-26,710.95001,717.57001,710.95001,714.47998,180200
2017-12-27,714.19,715.57001,706.0,707.0,275100
2017-12-28,709.5,719.059998,709.12,718.38,277900
2017-12-29,718.38,719.69,709.33002,711.37,289000
2018-01-02,716.53998,746.53998,714.45001,736.53998,558700
2018-01-03,740.13,760.0,736.76001,749.42999,597400
2018-01-04,759.89001,769.17999,751.21997,761.26001,641000
2018-01-05,767.38,780.53998,764.71997,775.5,483000
2018-01-08,775.15997,782.42999,761.78003,766.47998,430900
2018-01-09,767.91998,772.91998,761.48999,770.95001,385800
2018-01-10,768.19,772.62,763.19,767.78003,372500
2018-01-11,769.81,774.71997,757.77002,773.31,591000
2018-01-12,773.45001,789.78003,769.32001,787.92999,456300
2018-01-16,789.039978,791.64001,774.27002,781.02002,345100
2018-01-17,781.080017,791.20001,776.53998,788.059998,293600
2018-01-18,790.0,790.0,778.27002,784.78998,297600
2018-01-19,789.12,797.89001,785.46002,793.79999,306100
2018-01-22,792.53998,792.53998,772.98999,788.70001,532900
2018-01-23,789.57001,789.57001,775.0,786.37,323800
2018-01-24,787.84003,794.97998,780.0,793.35999,264300
2018-01-25,792.73999,792.73999,781.48999,786.29999,367200
2018-01-26,787.0,796.95001,785.090027,796.95001,248800
2018-01-29,792.42999,796.72998,784.52002,786.71002,214900
2018-01-30,782.049988,785.57001,771.54999,776.66998,326000
2018-01-31,777.67999,786.87,761.53003,765.44,407900
2018-02-01,761.32001,770.89001,756.40997,764.38,321600
2018-02-02,763.37,771.13,748.71002,750.58002,338600
2018-02-05,747.0,763.77002,730.47998,731.59003,551100
2018-02-06,720.099976,753.97998,710.049988,745.070007,513300
2018-02-07,742.14001,753.72998,726.40002,728.33002,412200
2018-02-08,732.72998,752.25,718.57001,718.57001,666300
2018-02-09,723.84998,729.47998,680.22998,723.5,895000
2018-02-12,725.54999,739.67999,718.91998,730.20001,450300
2018-02-13,728.35999,728.35999,707.14001,711.88,372900
2018-02-14,708.21997,729.46997,704.64001,720.84003,352300
2018-02-15,726.72998,728.64001,714.62,724.59998,375000
2018-02-16,725.77002,728.66998,707.71997,714.049988,359900
2018-02-20,710.0,728.71002,707.90002,713.22998,309300
2018-02-21,731.59998,750.45001,717.52002,719.48999,487900
2018-02-22,721.46002,728.35999,713.58002,716.88,246700
2018-02-23,720.95001,726.049988,720.20001,725.0,258500
2018-02-26,730.0,735.90002,717.35999,735.90002,509800
2018-02-27,708.54999,710.59003,646.0,654.46997,1871700
2018-02-28,658.40002,687.90997,650.59998,664.71997,1085700
2018-03-01,664.82001,669.0,650.059998,662.0,617700
2018-03-02,654.34003,666.60999,645.14001,662.85999,619000
2018-03-05,657.71997,662.84998,650.14001,655.75,444200
2018-03-06,656.5,664.91998,651.099976,664.71997,443100
2018-03-07,656.71997,662.96002,651.85999,656.77002,338600
2018-03-08,657.32001,658.84003,649.82001,654.59998,301400
2018-03-09,656.0,662.48999,649.34998,659.40002,388700
2018-03-12,660.099976,660.099976,645.0,653.26001,550100
2018-03-13,653.84998,658.080017,648.16998,650.090027,375400
2018-03-14,651.16998,654.16998,645.79999,649.29999,462000
2018-03-15,652.54999,652.54999,646.87,648.92999,355900
2018-03-16,649.45001,654.28003,647.40002,648.48999,428500
2018-03-19,647.90997,653.83002,643.21997,651.47998,593600
2018-03-20,652.0,653.22998,648.40002,649.01001,361400
2018-03-21,653.33002,661.20001,647.0,648.12,389800
2018-03-22,646.32001,654.13,642.65002,643.37,519900
2018-03-23,646.01001,649.32001,635.40997,637.02002,389800
2018-03-26,645.46997,647.52002,633.44,638.46002,415100
2018-03-27,642.0,642.33002,631.02002,634.52002,461600
2018-03-28,636.0,655.070007,632.19,637.25,339300
2018-03-29,642.039978,649.90997,641.62,648.69,317500
2018-04-02,642.059998,646.15002,606.54999,613.15002,541600
2018-04-03,618.88,624.34998,613.20001,619.22998,288300
2018-04-04,611.69,629.28998,611.69,628.65002,298400
2018-04-05,643.37,645.35999,631.15997,637.38,253400
2018-04-06,633.5,635.90997,613.45001,620.35999,361200
2018-04-09,624.91998,628.12,613.31,615.099976,352600
2018-04-10,623.23999,623.23999,616.030029,616.67999,342200
2018-04-11,613.98999,621.039978,612.25,615.96002,189700
2018-04-12,618.29999,621.53998,612.51001,616.51001,237500
2018-04-13,617.96997,619.41998,603.97998,606.83002,321800
2018-04-16,609.95001,613.54999,602.77002,604.35999,280900
2018-04-17,608.78998,608.78998,600.27002,605.35999,295900
2018-04-18,607.5,615.15002,605.28003,608.53003,313500
2018-04-19,607.5,609.31,596.97998,603.82001,303000
2018-04-20,605.78003,605.78003,590.76001,595.84003,557000
2018-04-23,596.039978,602.34998,595.28998,599.46997,247600
2018-04-24,604.35999,613.72998,599.15002,602.71997,282800
2018-04-25,601.02002,612.85999,601.02002,610.57001,419600
2018-04-26,641.0,650.95001,613.41998,619.28998,703400
2018-04-27,619.049988,630.29999,610.97998,628.66998,279500
2018-04-30,629.72998,632.90002,623.54999,624.52002,264200
2018-05-01,623.58002,633.049988,616.15002,632.15997,346700
2018-05-02,630.099976,637.67999,624.65002,630.17999,259100
2018-05-03,631.67999,641.67999,626.47998,636.84998,307100
2018-05-04,635.21002,658.52002,635.21002,649.94,454700
2018-05-07,656.01001,658.0,645.13,648.84998,306000
2018-05-08,647.41998,658.90002,644.21997,655.16998,251400
2018-05-09,655.98999,660.0,637.15997,658.33002,365100
2018-05-10,660.46002,663.22998,653.58002,658.52002,208800
2018-05-11,658.81,664.64001,656.0,660.85999,267300
2018-05-14,660.21997,669.51001,660.21997,666.02002,267700
2018-05-15,661.21002,666.97998,651.01001,654.15997,337100
2018-05-16,655.90002,664.84998,646.44,647.92999,328400
2018-05-17,647.63,650.89001,643.40997,646.29999,329400
2018-05-18,647.059998,653.51001,642.90997,652.64001,384500
2018-05-21,655.0,666.64001,652.10999,665.090027,481700
2018-05-22,700.0,710.0,601.53003,602.0,1889800
2018-05-23,597.17999,622.45001,597.0,622.090027,914000
2018-05-24,621.070007,638.59998,615.13,636.98999,513400
2018-05-25,634.070007,639.5,630.080017,633.70001,397200
2018-05-29,627.0,632.65997,622.42999,629.32001,406400
2018-05-30,632.39001,655.52002,628.28998,653.78003,433600
2018-05-31,654.90002,654.90002,646.070007,649.32001,357300
2018-06-01,654.21997,661.22998,648.28003,653.12,344400
2018-06-04,653.5,661.0,653.19,660.45001,231000
2018-06-05,659.53998,661.14001,653.13,654.14001,230600
2018-06-06,657.59003,659.16998,652.58002,656.14001,300800
2018-06-07,657.29999,669.14001,657.29999,664.81,305900
2018-06-08,663.29999,674.82001,661.98999,674.39001,307600
2018-06-11,677.94,695.22998,674.75,690.01001,460300
2018-06-12,692.76001,694.97998,684.46997,687.53998,226900
2018-06-13,686.95001,688.96997,681.53998,682.83002,212600
2018-06-14,684.59003,693.91998,682.53003,682.98999,295000
2018-06-15,681.25,695.059998,680.96997,693.37,436800
2018-06-18,687.53998,693.42999,684.46002,686.96997,687600
2018-06-19,685.40002,688.67999,680.17999,686.48999,386900
2018-06-20,696.40002,698.40002,687.5,690.059998,252200
2018-06-21,689.62,693.88,684.75,688.5,272800
2018-06-22,694.0,695.90997,682.84003,685.97998,267200
2018-06-25,679.91998,689.40002,668.71002,678.46002,317800
2018-06-26,678.64001,681.58002,669.52002,675.34998,267200
2018-06-27,681.0,682.5,667.51001,669.21997,233400
2018-06-28,669.82001,687.39001,663.70001,678.44,250800
2018-06-29,678.88,681.0,670.44,670.92999,230900
2018-07-02,664.96002,669.58002,662.16998,667.81,317000
2018-07-03,671.28998,684.58002,670.84003,673.51001,143400
2018-07-05,674.039978,676.56,665.45001,675.94,144100
2018-07-06,677.10999,683.79999,673.84003,681.85999,145700
2018-07-09,683.12,692.28003,681.98999,690.62,218000
2018-07-10,690.34003,693.52002,685.40997,692.67999,176900
2018-07-11,685.5,685.5,676.46997,681.46002,278600
2018-07-12,686.02002,687.65997,678.65997,686.97998,169300
2018-07-13,685.82001,694.37,685.82001,686.96997,208800
2018-07-16,686.90002,694.12,680.40002,692.78003,178900
2018-07-17,690.84003,702.78003,690.059998,699.94,194700
2018-07-18,699.95001,699.95001,689.94,694.0,203300
2018-07-19,694.64001,720.52002,694.64001,716.16998,331200
2018-07-20,713.72998,717.48999,710.46997,714.34998,326200
2018-07-23,713.37,720.89001,713.37,714.78003,219100
2018-07-24,717.90002,718.79999,702.12,705.28998,213000
2018-07-25,705.02002,707.030029,698.26001,705.71997,272500
2018-07-26,709.090027,724.53998,703.45001,711.14001,231300
2018-07-27,712.79999,712.79999,693.15002,699.78003,249300
2018-07-30,696.82001,702.0,692.21002,698.46002,190500
2018-07-31,699.14001,707.030029,694.31,705.53003,183600
2018-08-01,708.23999,711.65997,699.46997,701.29999,250200
2018-08-02,700.90997,719.34998,698.33002,719.080017,198700
2018-08-03,718.25,723.20001,713.44,721.38,225400
2018-08-06,719.57001,728.15002,715.62,725.38,225800
2018-08-07,728.47998,731.28003,722.83002,729.90997,172700
2018-08-08,731.59003,738.099976,728.41998,732.78998,171200
2018-08-09,733.59003,739.48999,726.47998,736.28998,176300
2018-08-10,734.84998,741.099976,722.0,738.96002,253000
2018-08-13,739.5,741.75,728.42999,729.40997,199300
2018-08-14,740.02002,767.96002,740.02002,754.87,380000
2018-08-15,756.0,762.28998,746.62,752.01001,309800
2018-08-16,757.29999,767.82001,748.53003,762.73999,303600
2018-08-17,764.70001,767.69,761.88,765.34003,141400
2018-08-20,768.01001,775.45001,759.45001,766.85999,172400
2018-08-21,768.52002,771.26001,760.98999,767.0,148400
2018-08-22,765.46002,770.080017,756.65002,758.76001,189500
2018-08-23,761.64001,772.84003,761.53998,771.37,264700
2018-08-24,770.94,771.90002,765.0,770.52002,107000
2018-08-27,773.080017,773.080017,765.48999,767.94,190100
2018-08-28,769.0,769.01001,759.70001,766.12,230100
2018-08-29,765.53003,773.02002,759.63,769.64001,217600
2018-08-30,765.34998,768.16998,759.73999,760.89001,185600
2018-08-31,757.51001,769.16998,757.51001,766.88,199000
2018-09-04,766.15002,783.049988,763.46997,783.0,248700
2018-09-05,781.51001,784.0,768.41998,772.42999,219100
2018-09-06,773.81,778.54999,765.059998,771.65997,209100
2018-09-07,773.95001,782.98999,765.27002,772.53003,271600
2018-09-10,777.28003,777.40002,760.02002,764.97998,296900
2018-09-11,762.33002,771.02002,759.12,764.32001,264800
2018-09-12,761.89001,768.27002,757.21997,764.02002,304400
2018-09-13,765.19,765.57001,753.59003,765.29999,423200
2018-09-14,765.29999,765.29999,746.78998,749.20001,452600
2018-09-17,747.71002,762.42999,742.21002,747.52002,464500
2018-09-18,710.0,736.78998,707.95001,732.76001,651000
2018-09-19,739.0,754.66998,735.0,754.28003,373600
2018-09-20,753.65002,762.90002,747.38,761.90997,397400
2018-09-21,764.47998,770.0,760.46997,769.87,486900
2018-09-24,770.60999,772.53998,760.84003,765.0,289400
2018-09-25,766.20001,775.48999,762.34998,772.79999,275900
2018-09-26,775.26001,787.0,771.60999,778.0,257100
2018-09-27,781.83002,788.29999,772.0,779.78003,368500
2018-09-28,779.40997,786.0,772.54999,775.70001,264200
2018-10-01,776.47998,779.20001,768.89001,770.34998,226800
2018-10-02,769.53998,773.099976,756.59998,762.82001,256700
2018-10-03,759.95001,767.0,755.63,763.69,263100
2018-10-04,761.17999,765.049988,756.70001,763.90002,230000
2018-10-05,766.0,772.89001,759.31,771.29999,233400
2018-10-08,767.84003,793.73999,767.13,788.46997,319000
2018-10-09,787.57001,794.67999,781.89001,782.59003,267300
2018-10-10,784.34003,792.0,776.75,778.16998,301300
2018-10-11,775.0,792.42999,761.98999,769.01001,472700
2018-10-12,773.65997,777.96002,764.19,774.96002,343000
2018-10-15,778.26001,792.099976,772.95001,787.0,380000
2018-10-16,782.90002,782.90002,750.02002,773.51001,448500
2018-10-17,771.02002,771.02002,705.01001,714.71002,943200
2018-10-18,719.59003,734.049988,707.28998,730.030029,558400
2018-10-19,732.39001,737.92999,724.28003,725.79999,362400
2018-10-22,726.21997,740.0,724.40997,736.28003,274800
2018-10-23,726.72998,738.62,716.35999,734.34003,327500
2018-10-24,732.15997,752.080017,725.96997,728.21997,333400
2018-10-25,728.75,753.76001,728.75,740.0,507400
2018-10-26,734.13,747.73999,729.78998,743.57001,367200
2018-10-29,752.81,756.32001,738.44,747.049988,281700
2018-10-30,748.96002,755.78998,741.67999,747.40002,292600
2018-10-31,753.32001,753.32001,732.94,733.46997,356700
2018-11-01,734.34003,745.87,731.16998,745.87,239300
2018-11-02,747.28003,760.90002,746.96997,760.48999,252500
2018-11-05,760.40002,768.59003,757.26001,766.34998,181700
2018-11-06,771.90997,783.02002,771.90997,781.02002,259800
2018-11-07,782.59998,792.90002,775.60999,790.5,186000
2018-11-08,791.25,802.21997,785.10999,798.94,289200
2018-11-09,799.049988,800.0,791.16998,793.87,341300
2018-11-12,795.049988,802.0,790.070007,792.59998,260600
2018-11-13,805.0,819.049988,796.0,813.47998,315000
2018-11-14,813.26001,832.29999,813.26001,823.29999,377900
2018-11-15,823.29999,823.29999,801.13,810.039978,428500
2018-11-16,807.15997,832.66998,802.40997,827.98999,363500
2018-11-19,829.90002,839.38,827.41998,829.34998,320100
2018-11-20,813.65997,822.60999,793.059998,793.10999,460200
2018-11-21,801.0,822.01001,799.37,819.21002,259300
2018-11-23,815.21997,832.14001,815.21997,827.53003,136000
2018-11-26,835.40002,842.099976,818.35999,820.0,431000
2018-11-27,820.0,837.15997,819.97998,835.22998,269500
2018-11-28,835.38,840.65002,826.59998,833.70001,349900
2018-11-29,835.53003,836.73999,824.02002,825.83002,279200
2018-11-30,827.090027,827.090027,804.57001,809.070007,602900
2018-12-03,814.049988,829.71002,807.059998,824.46002,535700
2018-12-04,867.099976,894.37,854.5,880.070007,947400
2018-12-06,865.46997,877.94,852.10999,868.67999,593600
2018-12-07,866.87,881.0,861.0,870.15997,394600
2018-12-10,874.070007,890.33002,864.44,885.87,374700
2018-12-11,888.76001,896.030029,873.16998,878.34003,283700
2018-12-12,882.01001,895.89001,877.51001,889.34003,325800
2018-12-13,886.20001,895.71002,877.79999,883.47998,259600
2018-12-14,885.83002,893.52002,868.039978,871.23999,369400
2018-12-17,866.71002,870.97998,840.70001,854.17999,463000
2018-12-18,865.13,868.48999,853.01001,857.23999,337900
2018-12-19,857.0,865.53003,831.65002,835.87,411600
2018-12-20,830.96997,833.17999,817.70001,826.21997,578300
2018-12-21,817.95001,837.66998,803.84998,826.039978,691600
2018-12-24,826.0,833.52002,817.72998,822.82001,163300
2018-12-26,823.29999,839.37,820.54999,839.059998,302300
2018-12-27,831.75,843.039978,818.83002,843.039978,252400
2018-12-28,847.58002,856.0,835.32001,839.01001,257500
2018-12-31,844.19,847.059998,825.70001,838.34003,258300
2019-01-02,831.66998,844.56,829.01001,838.47998,333400
2019-01-03,838.92999,850.85999,834.28998,845.58002,361600
2019-01-04,851.39001,856.70001,832.62,835.63,383800
2019-01-07,834.67999,835.63,816.51001,822.32001,495500
2019-01-08,830.0,830.0,798.40997,811.37,474700
2019-01-09,817.60999,832.62,813.72998,820.35999,323900
2019-01-10,815.01001,828.54999,811.0,827.34003,305900
2019-01-11,822.84003,829.039978,817.20001,822.88,296900
2019-01-14,823.02002,829.37,813.27002,826.97998,356900
2019-01-15,826.51001,831.35999,819.5,829.58002,287200
2019-01-16,831.73999,835.070007,819.84998,832.96002,297400
2019-01-17,832.58002,849.0,830.46002,842.31,245900
2019-01-18,844.73999,855.45001,834.83002,844.32001,299700
2019-01-22,843.98999,848.28003,824.53003,829.20001,344900
2019-01-23,832.48999,838.23999,824.52002,834.54999,253700
2019-01-24,831.75,836.78998,811.030029,814.78998,341500
2019-01-25,818.39001,822.049988,805.73999,814.64001,319700
2019-01-28,812.090027,821.40997,803.28003,819.01001,274400
2019-01-29,818.94,831.90002,814.5,830.65997,258300
2019-01-30,828.91998,847.13,828.85999,843.16998,228600
2019-01-31,844.66998,848.44,832.62,847.34003,494700
2019-02-01,848.0,854.46997,838.53003,849.90997,253900
2019-02-04,852.29999,869.90997,848.39001,869.44,242700
2019-02-05,873.73999,878.02002,863.59003,869.41998,281400
2019-02-06,870.85999,873.97998,863.97998,868.080017,238800
2019-02-07,874.88,879.95001,860.0,878.77002,316100
2019-02-08,873.15997,889.88,868.75,874.080017,278800
2019-02-11,875.38,888.87,871.33002,887.90997,276700
2019-02-12,888.54999,899.98999,887.91998,890.90002,362700
2019-02-13,890.44,894.54999,882.87,891.35999,289500
2019-02-14,888.039978,908.77002,885.51001,904.96002,382000
2019-02-15,910.83002,922.28003,909.0,919.75,293000
2019-02-19,920.0,926.75,910.01001,916.67999,293200
2019-02-20,917.0,925.0,908.91998,921.14001,271200
2019-02-21,921.96002,921.96002,905.39001,906.33002,244600
2019-02-22,910.65002,914.23999,901.039978,911.65997,240000
2019-02-25,913.40002,914.83002,886.95001,889.59998,364300
2019-02-26,959.89001,964.39001,932.39001,935.0,781400
2019-02-27,900.0,925.84998,900.0,911.92999,430600
2019-02-28,910.15997,938.96997,910.15997,938.96997,667900
2019-03-01,945.39001,946.0,919.58002,929.32001,465700
2019-03-04,934.40997,939.0,916.84998,932.95001,298300
2019-03-05,935.0,948.0,930.41998,939.83002,288700
2019-03-06,944.21997,952.98999,934.78003,935.34998,299000
2019-03-07,933.90997,943.62,932.13,940.54999,445900
2019-03-08,939.12,942.0,929.34003,934.72998,252000
2019-03-11,948.10999,948.70001,937.65997,940.030029,288300
2019-03-12,942.82001,942.82001,924.25,934.60999,249700
2019-03-13,936.58002,942.72998,932.90997,940.58002,301200
2019-03-14,943.70001,952.71002,938.28998,950.21997,375100
2019-03-15,950.71002,962.46002,943.87,962.22998,359100
2019-03-18,961.84003,984.72998,961.84003,975.59003,418900
2019-03-19,980.0,988.23999,976.38,978.98999,315300
2019-03-20,976.090027,982.97998,970.79999,980.97998,323600
2019-03-21,984.5,1003.73999,983.46002,1001.090027,292400
2019-03-22,999.96997,1015.78003,979.25,981.27002,299000
2019-03-25,982.46997,1002.0,982.46997,995.85999,197100
2019-03-26,999.31,1004.62,987.28003,997.31,262300
2019-03-27,996.41998,1007.58002,989.53003,1003.20001,271300
2019-03-28,1004.90997,1011.46002,1003.65002,1005.16998,240000
2019-03-29,1010.14001,1028.099976,1005.02002,1024.12,322000
2019-04-01,1039.32996,1048.53003,1018.21997,1029.70996,332400
2019-04-02,1032.0,1044.38,1029.79004,1041.97998,202700
2019-04-03,1046.56006,1049.57996,1041.83997,1045.53003,187100
2019-04-04,1044.46997,1048.87,1033.94995,1040.68994,219200
2019-04-05,1045.0,1049.72998,1037.27002,1048.52002,252000
2019-04-08,1048.16003,1058.31006,1044.0,1052.54004,290100
2019-04-09,1050.0,1054.41003,1037.66003,1040.40002,276700
2019-04-10,1046.88,1062.52002,1042.31995,1060.17004,324900
2019-04-11,1063.67004,1070.92004,1058.72998,1068.56995,261400
2019-04-12,1069.84998,1072.21997,1055.02002,1060.30005,247400
2019-04-15,1064.31006,1074.67004,1057.32996,1064.58997,324100
2019-04-16,1069.33997,1069.95996,1057.95996,1061.58997,245900
2019-04-17,1067.0,1069.46997,1040.5,1051.37,230700
2019-04-18,1048.93005,1050.27002,1032.069946,1045.050049,268800
2019-04-22,1045.0,1047.10999,1035.0,1035.19995,234100
2019-04-23,1035.47998,1060.76001,1032.089966,1047.76001,308400
2019-04-24,1048.66003,1056.93994,1040.63,1042.59998,206800
2019-04-25,1034.95996,1046.62,1023.080017,1042.34998,370200
2019-04-26,1023.28998,1043.22998,1023.28998,1033.55005,278500
2019-04-29,1032.78003,1035.85999,1021.65002,1022.5,198300
2019-04-30,1019.94,1030.44995,1015.46002,1028.31006,255100
2019-05-01,1029.70996,1045.89001,1023.070007,1023.90002,236900
2019-05-02,1024.92004,1039.43005,1024.29004,1038.31006,195500
2019-05-03,1043.0,1048.93994,1026.01001,1033.38,253900
2019-05-06,1023.98999,1038.98999,1018.42999,1030.64001,228000
2019-05-07,1030.089966,1033.64001,1010.29999,1015.35999,233500
2019-05-08,1015.69,1019.46997,1001.01001,1005.59998,231000
2019-05-09,1000.47998,1008.099976,994.41998,1004.47998,238800
2019-05-10,1000.030029,1005.54999,984.049988,1000.59003,250000
2019-05-13,990.15002,993.53003,980.62,982.56,269200
2019-05-14,985.23999,992.81,979.70001,989.79999,274500
2019-05-15,987.37,988.70001,975.59003,978.35999,203600
2019-05-16,979.10999,992.71997,970.34003,981.34003,274600
2019-05-17,976.37,993.17999,976.37,984.090027,279600
2019-05-20,984.38,991.52002,974.66998,977.83002,427300
2019-05-21,1007.0,1037.52002,980.71997,1032.25,697700
2019-05-22,1021.40002,1047.18994,1021.0,1043.93005,318000
2019-05-23,1037.21997,1037.21997,1020.25,1034.81995,284900
2019-05-24,1039.069946,1055.97998,1036.71997,1052.18994,375800
2019-05-28,1055.25,1081.57996,1049.47998,1051.14001,521500
2019-05-29,1042.92004,1045.33997,1021.52002,1027.54004,357000
2019-05-30,1032.95996,1047.45996,1031.30005,1045.29004,204900
2019-05-31,1030.5,1033.040039,1010.01001,1027.10999,498800
2019-06-03,1027.12,1050.44995,1027.12,1037.65002,357200
2019-06-04,1044.31006,1049.98999,1031.39001,1036.27002,296000
2019-06-05,1045.099976,1069.040039,1041.94995,1068.89001,307700
2019-06-06,1074.099976,1094.98999,1058.040039,1090.54004,345700
2019-06-07,1094.56995,1111.10999,1094.56995,1099.14001,333700
2019-06-10,1105.050049,1119.76001,1096.72998,1111.22998,188100
2019-06-11,1114.22998,1119.0,1092.96997,1095.39001,279700
2019-06-12,1095.90002,1109.02002,1090.28003,1106.77002,213300
2019-06-13,1115.53003,1120.0,1107.45996,1113.94995,200100
2019-06-14,1116.53003,1121.37,1108.060059,1119.87,192500
2019-06-17,1124.040039,1127.57996,1119.13,1124.35999,213500
2019-06-18,1128.55005,1135.22998,1123.87,1126.0,279500
2019-06-19,1124.13,1132.97998,1105.71997,1122.65002,276500
2019-06-20,1124.97998,1135.39001,1113.40002,1128.19995,219200
2019-06-21,1125.97998,1125.97998,1110.26001,1118.46997,267400
2019-06-24,1121.98999,1121.98999,1103.20996,1110.94995,220300
2019-06-25,1109.18005,1109.40002,1096.35999,1097.82996,261800
2019-06-26,1096.099976,1099.81006,1079.01001,1086.59998,244300
2019-06-27,1090.67004,1092.5,1077.35999,1084.079956,204700
2019-06-28,1094.93005,1102.29004,1085.22998,1099.46997,360700
2019-07-01,1109.0,1116.82996,1091.81995,1098.79004,200900
2019-07-02,1102.79004,1117.41003,1100.14001,1115.47998,175300
2019-07-03,1119.70996,1135.33997,1116.66003,1130.38,107500
2019-07-05,1129.65002,1136.050049,1124.060059,1130.31006,129800
2019-07-08,1131.79004,1145.51001,1129.57996,1144.21997,163500
2019-07-09,1143.38,1155.069946,1139.84998,1143.089966,181000
2019-07-10,1147.12,1152.90002,1139.72998,1148.46997,155700
2019-07-11,1148.96997,1154.60999,1144.29004,1148.91003,190500
2019-07-12,1147.18005,1166.90002,1147.18005,1164.70996,142800
2019-07-15,1169.32996,1179.91003,1163.71997,1178.38,179700
2019-07-16,1179.60999,1186.59998,1169.67004,1180.0,201500
2019-07-17,1182.62,1182.62,1158.55005,1160.0,221100
2019-07-18,1152.0,1163.13,1123.14001,1162.84998,319500
2019-07-19,1166.27002,1181.02002,1161.72998,1172.25,205700
2019-07-22,1172.47998,1179.30005,1166.13,1175.16003,177400
2019-07-23,1175.29004,1176.40002,1157.030029,1171.31006,180100
2019-07-24,1171.30005,1175.089966,1162.33997,1172.93994,162400
2019-07-25,1167.43994,1171.91003,1142.10999,1146.20996,311700
2019-07-26,1146.0,1149.91003,1142.48999,1146.18005,233900
2019-07-29,1143.14001,1150.97998,1139.71997,1148.81995,191900
2019-07-30,1146.78003,1147.51001,1139.58997,1144.19995,170400
2019-07-31,1142.42004,1142.43005,1108.32996,1123.040039,275000
2019-08-01,1124.17004,1124.43994,1094.54004,1102.81995,328100
2019-08-02,1097.33997,1101.81006,1086.82996,1096.12,250700
2019-08-05,1082.34998,1084.60999,1054.62,1062.92004,391500
2019-08-06,1062.58997,1084.87,1054.45996,1082.26001,232600
2019-08-07,1076.80005,1078.5,1057.060059,1074.77002,196600
2019-08-08,1077.66003,1094.56006,1077.66003,1088.17004,198900
2019-08-09,1087.13,1107.98999,1084.37,1088.66003,204100
2019-08-12,1085.45996,1085.76001,1065.34998,1072.66003,275100
2019-08-13,1050.0,1085.64001,1032.59998,1081.28003,432500
2019-08-14,1070.060059,1075.31995,1058.91003,1059.68005,386300
2019-08-15,1062.47998,1087.62,1053.44995,1083.54004,375900
2019-08-16,1086.21997,1097.31006,1080.0,1091.73999,262100
2019-08-19,1099.70996,1105.93994,1088.33997,1095.5,218300
2019-08-20,1099.34998,1109.65002,1090.78003,1091.10999,213100
2019-08-21,1099.28003,1102.31006,1084.76001,1087.96997,249900
2019-08-22,1086.040039,1092.92004,1074.31995,1081.55005,205300
2019-08-23,1079.43994,1088.25,1062.18994,1065.28003,300900
2019-08-26,1072.099976,1073.31006,1059.92004,1066.95996,164500
2019-08-27,1071.47998,1078.83997,1061.46997,1064.79004,312400
2019-08-28,1064.0,1105.45996,1060.5,1097.68994,338600
2019-08-29,1102.81006,1122.29004,1101.67004,1113.70996,236200
2019-08-30,1123.83997,1124.48999,1095.56995,1101.68994,297800
2019-09-03,1097.96997,1107.32996,1087.56995,1102.82996,175700
2019-09-04,1112.22998,1125.089966,1100.82996,1122.71997,200900
2019-09-05,1128.01001,1144.52002,1128.01001,1134.54004,203700
2019-09-06,1141.65002,1154.32996,1137.69995,1143.33997,206200
2019-09-09,1148.92004,1156.92004,1122.83997,1127.18994,407800
2019-09-10,1126.68005,1154.89001,1116.91003,1152.55005,284400
2019-09-11,1155.21997,1163.89001,1135.15002,1156.92004,294400
2019-09-12,1157.69995,1164.42004,1126.17004,1129.069946,372000
2019-09-13,1131.75,1150.80005,1129.44995,1149.26001,207000
2019-09-16,1147.069946,1150.62,1126.92004,1130.66003,181000
2019-09-17,1136.17004,1162.089966,1130.67004,1156.0,206900
2019-09-18,1157.59998,1168.68005,1156.0,1162.53003,206600
2019-09-19,1168.060059,1180.48999,1155.78003,1157.79004,259500
2019-09-20,1172.5,1174.94995,1157.01001,1159.37,280900
2019-09-23,1160.93994,1167.30005,1147.26001,1147.26001,303600
2019-09-24,1160.0,1164.84998,1082.10999,1096.63,669000
2019-09-25,1096.81995,1100.12,1082.040039,1093.060059,317200
2019-09-26,1091.44995,1094.76001,1070.31006,1085.68994,248300
2019-09-27,1089.17004,1093.43994,1078.13,1085.65002,258900
2019-09-30,1084.39001,1093.42004,1078.5,1084.62,231700
2019-10-01,1081.80005,1090.25,1075.48999,1083.67004,236200
2019-10-02,1078.89001,1078.89001,1049.15002,1052.85999,238200
2019-10-03,1054.060059,1055.75,1039.73999,1052.32996,207900
2019-10-04,1052.59998,1060.85999,1044.15002,1060.32996,189500
2019-10-07,1057.40002,1069.0,1054.53003,1060.81006,185300
2019-10-08,1053.38,1060.099976,1049.28003,1049.5,146000
2019-10-09,1060.14001,1063.23999,1049.53003,1058.55005,135200
2019-10-10,1060.90002,1079.22998,1060.90002,1077.22998,180600
2019-10-11,1084.68994,1095.78003,1082.5,1085.96997,152500
2019-10-14,1083.64001,1089.0,1074.92004,1086.64001,168700
2019-10-15,1087.52002,1111.22998,1087.52002,1104.43994,206600
2019-10-16,1104.02002,1110.58997,1096.92004,1106.97998,163000
2019-10-17,1107.68994,1116.98999,1100.88,1105.10999,197600
2019-10-18,1107.5,1115.0,1102.55005,1110.0,156800
2019-10-21,1112.57996,1112.57996,1098.62,1109.92004,148800
2019-10-22,1110.79004,1117.18994,1099.01001,1100.10999,140700
2019-10-23,1100.0,1102.84998,1090.78003,1093.47998,186100
2019-10-24,1110.0,1126.64001,1109.68994,1123.78003,246700
2019-10-25,1122.96997,1135.079956,1120.44995,1129.46997,238300
2019-10-28,1129.45996,1155.10999,1129.45996,1149.77002,194800
2019-10-29,1148.050049,1152.46997,1138.85999,1145.64001,157300
2019-10-30,1142.90002,1149.56995,1134.16003,1148.5,132900
2019-10-31,1143.10999,1149.98999,1136.15002,1144.38,177000
2019-11-01,1148.030029,1156.28003,1140.65002,1156.28003,172700
2019-11-04,1164.51001,1167.87,1139.29004,1150.069946,191400
2019-11-05,1150.069946,1163.63,1145.69995,1151.060059,181500
2019-11-06,1152.18005,1163.0,1144.12,1161.47998,160400
2019-11-07,1166.60999,1170.23999,1160.10999,1165.60999,157400
2019-11-08,1166.58997,1169.43994,1155.90002,1165.85999,137000
2019-11-11,1163.20996,1184.98999,1163.20996,1177.050049,151700
2019-11-12,1161.89001,1173.0,1156.17004,1166.96997,206600
2019-11-13,1161.56995,1175.35999,1154.15002,1174.76001,176900
2019-11-14,1168.58997,1176.71997,1167.01001,1174.90002,106600
2019-11-15,1175.81006,1175.81006,1161.39001,1171.88,222300
2019-11-18,1172.01001,1187.92004,1166.17004,1187.65002,200800
2019-11-19,1186.079956,1188.02002,1165.78003,1173.97998,172000
2019-11-20,1172.80005,1172.80005,1152.01001,1159.65002,127100
2019-11-21,1164.66003,1171.95996,1157.02002,1162.44995,154900
2019-11-22,1159.30005,1170.97998,1157.88,1163.87,124800
2019-11-25,1167.25,1175.83997,1166.33997,1167.94995,134300
2019-11-26,1169.13,1181.54004,1167.73999,1177.79004,287500
2019-11-27,1177.55005,1183.72998,1175.56995,1182.88,170900
2019-11-29,1184.98999,1188.18005,1176.28003,1177.92004,99200
2019-12-02,1181.54004,1181.54004,1169.23999,1177.65002,167900
2019-12-03,1171.0,1171.0,1144.56995,1152.30005,262900
2019-12-04,1152.01001,1169.96997,1150.069946,1163.089966,223100
2019-12-05,1164.68994,1168.66003,1157.76001,1162.66003,279000
2019-12-06,1167.0,1181.78003,1166.43994,1172.66003,213300
2019-12-09,1175.65002,1186.35999,1167.46997,1169.0,262600
2019-12-10,1240.0,1274.41003,1225.22998,1250.0,601300
2019-12-11,1266.56006,1268.98999,1231.95996,1244.82996,382000
2019-12-12,1239.17004,1253.56006,1227.68994,1230.92004,301300
2019-12-13,1242.33997,1242.33997,1225.45996,1235.31995,187900
2019-12-16,1234.0,1235.92004,1221.43005,1225.21997,290100
2019-12-17,1232.15002,1235.0,1220.099976,1221.82996,206300
2019-12-18,1222.27002,1229.29004,1214.26001,1228.050049,236700
2019-12-19,1222.16003,1225.56006,1212.46997,1219.079956,245100
2019-12-20,1228.47998,1228.47998,1219.28003,1226.73999,360500
2019-12-23,1225.42004,1226.73999,1213.84998,1213.87,178500
2019-12-24,1213.40002,1224.089966,1213.40002,1219.31006,77200
2019-12-26,1217.26001,1220.38,1209.43994,1210.71997,147000
2019-12-27,1211.96997,1213.32996,1200.22998,1202.58997,140600
2019-12-30,1205.82996,1205.82996,1179.51001,1183.25,202500
2019-12-31,1184.21997,1193.48999,1182.77002,1191.31006,191500
2020-01-02,1194.85999,1197.57996,1179.60999,1189.73999,212200
2020-01-03,1175.73999,1190.31006,1175.73999,1187.97998,188800
2020-01-06,1167.01001,1177.73999,1147.14001,1165.70996,296800
2020-01-07,1160.67004,1168.13,1141.39001,1145.38,269100
2020-01-08,1141.63,1157.42004,1137.34998,1147.48999,207900
2020-01-09,1152.069946,1154.10999,1144.15002,1145.39001,206000
2020-01-10,1151.0,1151.0,1130.54004,1132.21997,208100
2020-01-13,1128.97998,1134.040039,1118.79004,1128.37,219900
2020-01-14,1125.43005,1136.95996,1115.46997,1136.59998,332900
2020-01-15,1129.82996,1148.68994,1129.82996,1134.29004,186400
2020-01-16,1143.93994,1147.079956,1136.34998,1142.12,196600
2020-01-17,1144.53003,1155.46997,1140.0,1154.57996,310000
2020-01-21,1152.099976,1165.01001,1149.35999,1155.0,300200
2020-01-22,1155.77002,1162.89001,1146.089966,1157.32996,227300
2020-01-23,1151.56006,1168.30005,1149.0,1166.0,250300
2020-01-24,1166.34998,1167.16003,1136.78003,1140.22998,250100
2020-01-27,1123.21997,1127.66003,1112.69995,1114.48999,212000
2020-01-28,1116.63,1119.0,1104.13,1107.57996,207600
2020-01-29,1108.19995,1118.22998,1096.079956,1096.51001,181300
2020-01-30,1089.75,1092.63,1079.92004,1086.57996,326300
2020-01-31,1080.92004,1094.53003,1056.10999,1057.95996,311000
2020-02-03,1062.13,1069.31995,1050.17004,1050.44995,262500
2020-02-04,1058.16003,1063.95996,1042.92004,1050.20996,280300
2020-02-05,1056.33997,1077.02002,1050.72998,1073.25,302100
2020-02-06,1075.26001,1081.83997,1061.68994,1062.31006,278500
2020-02-07,1057.060059,1066.79004,1047.87,1058.91003,218500
2020-02-10,1061.23999,1066.65002,1052.29004,1053.71997,191600
2020-02-11,1052.37,1056.19995,1048.51001,1051.21997,164700
2020-02-12,1054.64001,1066.40002,1048.089966,1063.56995,191300
2020-02-13,1057.68994,1071.84998,1057.68994,1066.55005,240200
2020-02-14,1068.23999,1073.57996,1047.43005,1053.20996,198700
2020-02-18,1075.0,1079.31995,1066.35999,1073.84998,243400
2020-02-19,1074.91003,1077.0,1066.060059,1066.79004,166500
2020-02-20,1065.48999,1085.84998,1065.48999,1082.52002,219100
2020-02-21,1077.17004,1082.41003,1062.65002,1068.030029,212200
2020-02-24,1051.90002,1062.98999,1043.0,1056.64001,333800
2020-02-25,1059.72998,1063.33997,1031.38,1032.68994,307800
2020-02-26,1039.54004,1045.27002,1010.77002,1014.059998,295300
2020-02-27,998.90002,1033.5,994.54999,1004.97998,322700
2020-02-28,983.090027,1037.050049,977.059998,1032.51001,597800
2020-03-02,1042.0,1051.29004,1013.34003,1046.89001,487800
2020-03-03,1003.98999,1082.30005,997.89001,1024.70996,828100
2020-03-04,1040.0,1063.25,1008.66998,1058.23999,501200
2020-03-05,1037.71997,1043.25,1006.62,1029.87,347900
2020-03-06,1008.5,1066.70996,1002.030029,1060.31006,375800
2020-03-09,1013.58002,1126.0,1011.77002,1113.68994,576400
2020-03-10,1137.57996,1166.20996,1112.40002,1148.30005,612700
2020-03-11,1133.46997,1133.46997,1073.13,1089.030029,424400
2020-03-12,1040.13,1045.80005,976.90002,978.19,422800
2020-03-13,1020.65997,1020.65997,939.64001,1012.72998,458600
2020-03-16,910.0,945.15002,840.90997,851.33002,435100
2020-03-17,870.51001,927.02002,846.67999,913.91998,438900
2020-03-18,867.0,873.75,756.030029,808.5,421500
2020-03-19,799.46997,834.78003,730.0,827.28998,463100
2020-03-20,830.25,831.65002,720.88,728.13,470100
2020-03-23,711.65002,741.87,684.90997,723.21997,435100
2020-03-24,755.64001,824.98999,751.84998,808.42999,416900
2020-03-25,821.35999,884.059998,805.23999,844.42999,360000
2020-03-26,870.17999,895.41998,857.030029,884.98999,362600
2020-03-27,852.27002,882.13,827.5,851.63,251000
2020-03-30,834.90002,883.64001,832.91998,873.98999,265300
2020-03-31,861.070007,878.030029,835.35999,846.0,509300
2020-04-01,809.78003,834.17999,774.90997,776.85999,414000
2020-04-02,776.85999,797.13,757.17999,794.65002,358000
2020-04-03,783.48999,793.97998,764.44,790.56,362000
2020-04-06,829.84998,892.34998,811.01001,875.099976,625700
2020-04-07,933.42999,937.58002,874.29999,899.64001,455500
2020-04-08,893.57001,944.52002,891.19,915.21997,302700
2020-04-09,940.0,963.71997,924.0,940.83002,287800
2020-04-13,940.0,950.0,906.38,942.19,219000
2020-04-14,953.039978,990.0,945.080017,977.14001,268800
2020-04-15,934.26001,967.92999,932.0,932.65997,255100
2020-04-16,944.84998,997.92999,937.21002,978.52002,484000
2020-04-17,1006.14001,1026.050049,965.25,991.79999,282300
2020-04-20,994.44,1001.90997,972.92999,988.15002,185800
2020-04-21,975.0,990.0,973.059998,978.84998,196100
2020-04-22,988.67999,1004.98999,980.01001,999.54999,222700
2020-04-23,1012.32001,1024.0,1005.02002,1005.71002,259900
2020-04-24,1017.64001,1050.56995,1008.59003,1047.040039,200100
2020-04-27,1054.76001,1067.27002,1049.31006,1060.52002,177200
2020-04-28,1063.77002,1080.0,1051.80005,1055.44995,207800
2020-04-29,1078.0,1082.31006,1051.27002,1054.15002,233200
2020-04-30,1040.83997,1049.80005,1017.95001,1020.32001,327400
2020-05-01,1001.049988,1017.40997,984.0,994.45001,251000
2020-05-04,985.71002,1023.13,982.29999,1009.94,226900
2020-05-05,1021.52002,1032.14001,1014.88,1023.15997,228600
2020-05-06,1029.089966,1049.30005,1007.91998,1032.35999,192700
2020-05-07,1042.56006,1063.76001,1007.16998,1012.15997,349500
2020-05-08,1032.33997,1059.68994,1017.26001,1057.90002,203800
2020-05-11,1051.39001,1062.80005,1036.48999,1053.88,315800
2020-05-12,1061.0,1068.98999,1044.64001,1046.57996,275200
2020-05-13,1048.76001,1058.02002,1024.23999,1044.099976,318000
2020-05-14,1029.68994,1061.65002,1023.059998,1055.57996,229300
2020-05-15,1049.25,1083.060059,1049.25,1074.97998,235500
2020-05-18,1097.51001,1124.079956,1083.0,1083.0,309400
2020-05-19,1117.67004,1117.67004,1091.82996,1104.41003,286900
2020-05-20,1116.37,1142.98999,1105.02002,1113.01001,317400
2020-05-21,1111.82996,1113.25,1094.76001,1104.46997,187200
2020-05-22,1106.68994,1124.93994,1088.13,1122.93994,246300
2020-05-26,1167.56995,1178.18994,1115.0,1123.19995,531000
2020-05-27,1140.0,1165.67004,1110.01001,1164.42004,325500
2020-05-28,1171.40002,1171.40002,1138.42004,1147.55005,288600
2020-05-29,1141.28003,1160.0,1137.19995,1147.85999,330300
2020-06-01,1145.47998,1153.23999,1135.65002,1138.19995,175400
2020-06-02,1138.76001,1140.02002,1120.0,1125.98999,290300
2020-06-03,1127.39001,1165.050049,1127.39001,1150.45996,183300
2020-06-04,1141.33997,1149.62,1124.23999,1134.80005,339300
2020-06-05,1155.21997,1157.97998,1133.69995,1153.93005,215000
2020-06-08,1140.44995,1163.38,1136.15002,1143.80005,182900
2020-06-09,1138.18994,1150.21997,1131.79004,1144.76001,182100
2020-06-10,1144.02002,1150.47998,1122.0,1126.88,210700
2020-06-11,1109.17004,1127.26001,1090.96997,1095.69995,277500
2020-06-12,1119.0,1119.0,1082.02002,1100.51001,284100
2020-06-15,1077.41003,1124.44995,1074.44995,1118.66003,217800
2020-06-16,1145.28003,1160.0,1121.83997,1139.69995,291900
2020-06-17,1144.97998,1156.27002,1129.94995,1147.35999,247900
2020-06-18,1140.84998,1148.079956,1128.18994,1140.060059,238500
2020-06-19,1159.37,1159.37,1121.73999,1130.59998,330200
2020-06-22,1130.0,1146.67004,1120.02002,1139.68005,217800
2020-06-23,1144.66003,1149.17004,1133.31995,1135.02002,173500
2020-06-24,1129.01001,1129.01001,1098.81995,1100.20996,229500
2020-06-25,1096.70996,1108.099976,1081.54004,1103.30005,168000
2020-06-26,1099.90002,1111.19995,1097.85999,1104.93005,335800
2020-06-29,1116.13,1129.70996,1098.72998,1127.92004,199000
2020-06-30,1128.099976,1135.80005,1111.57996,1128.12,174100
2020-07-01,1125.21997,1139.0,1108.0,1130.47998,251200
2020-07-02,1139.81995,1152.95996,1135.34998,1148.96997,249700
2020-07-06,1157.56995,1160.0,1133.62,1137.38,230300
2020-07-07,1137.30005,1145.20996,1127.44995,1128.57996,138600
2020-07-08,1127.48999,1130.84998,1104.01001,1117.97998,157500
2020-07-09,1116.31995,1116.31995,1095.0,1107.76001,118500
2020-07-10,1106.20996,1114.63,1090.12,1113.58997,160100
2020-07-13,1119.98999,1131.58997,1106.30005,1108.32996,162800
2020-07-14,1108.20996,1137.62,1107.32996,1133.37,218400
2020-07-15,1145.95996,1156.16003,1141.5,1149.22998,295900
2020-07-16,1150.069946,1158.030029,1147.55005,1149.31995,154100
2020-07-17,1156.84998,1158.68994,1136.12,1157.30005,139100
2020-07-20,1157.38,1163.80005,1145.37,1156.12,113700
2020-07-21,1153.73999,1164.17004,1146.12,1155.77002,143600
2020-07-22,1159.90002,1175.96997,1159.90002,1168.97998,212100
2020-07-23,1178.030029,1179.41003,1159.95996,1168.45996,162200
2020-07-24,1168.29004,1178.55005,1162.050049,1168.58997,135700
2020-07-27,1169.15002,1179.78003,1162.089966,1170.80005,228700
2020-07-28,1171.079956,1180.0,1164.77002,1166.15002,142100
2020-07-29,1169.87,1185.099976,1163.98999,1179.55005,187400
2020-07-30,1193.93005,1230.54004,1193.93005,1209.75,253200
2020-07-31,1210.57996,1210.57996,1190.21997,1207.42004,181800
2020-08-03,1212.68994,1217.25,1199.81006,1206.90002,158500
2020-08-04,1203.72998,1224.94995,1191.71997,1206.040039,132900
2020-08-05,1209.31006,1209.34998,1192.60999,1192.60999,234000
2020-08-06,1181.69995,1194.96997,1177.42004,1178.37,157700
2020-08-07,1178.37,1184.94995,1170.21997,1182.21997,200700
2020-08-10,1185.26001,1186.88,1169.14001,1174.71997,128600
2020-08-11,1179.19995,1182.87,1160.78003,1171.56006,162700
2020-08-12,1176.84998,1193.79004,1174.44995,1188.37,167000
2020-08-13,1183.35999,1190.92004,1177.31006,1187.14001,103900
2020-08-14,1190.069946,1207.18005,1190.0,1196.050049,124100
2020-08-17,1199.01001,1210.65002,1198.65002,1207.75,236900
2020-08-18,1215.69995,1227.27002,1203.66003,1211.81006,252200
2020-08-19,1213.56995,1221.47998,1200.35999,1210.0,131500
2020-08-20,1204.85999,1213.22998,1196.32996,1203.5,120500
2020-08-21,1206.069946,1211.31006,1200.93994,1209.069946,143400
2020-08-24,1211.60999,1219.13,1201.44995,1209.93005,143000
2020-08-25,1209.93005,1213.97998,1188.43994,1201.66003,132600
2020-08-26,1198.43005,1208.47998,1188.69995,1198.01001,152800
2020-08-27,1203.17004,1204.45996,1193.80005,1195.89001,136000
2020-08-28,1193.10999,1199.70996,1178.79004,1189.12,152600
2020-08-31,1188.68005,1200.84998,1175.92004,1196.31006,226300
2020-09-01,1198.34998,1223.46997,1193.90002,1222.43005,206500
2020-09-02,1227.64001,1267.93005,1225.62,1250.34998,216100
2020-09-03,1245.069946,1246.89001,1205.15002,1215.69995,166200
2020-09-04,1216.55005,1222.18005,1194.65002,1206.79004,157800
2020-09-08,1204.78003,1224.30005,1196.43005,1211.48999,159700
2020-09-09,1216.97998,1247.16003,1212.76001,1233.0,199900
2020-09-10,1235.68005,1238.13,1208.55005,1216.040039,172200
2020-09-11,1222.66003,1240.89001,1216.71997,1234.44995,150500
2020-09-14,1248.95996,1251.81006,1232.25,1241.66003,163400
2020-09-15,1247.72998,1251.31006,1239.90002,1242.94995,110900
2020-09-16,1250.56006,1251.26001,1225.91003,1229.22998,200900
2020-09-17,1229.0,1230.0,1214.48999,1224.12,176700
2020-09-18,1214.81006,1224.040039,1188.46997,1205.28003,364000
2020-09-21,1196.26001,1197.030029,1164.80005,1186.01001,342500
2020-09-22,1224.17004,1236.01001,1155.0,1166.70996,537100
2020-09-23,1174.43994,1174.43994,1128.01001,1128.94995,428400
2020-09-24,1129.10999,1145.33997,1108.62,1129.63,252100
2020-09-25,1121.76001,1146.65002,1120.55005,1135.02002,201600
2020-09-28,1145.47998,1162.5,1140.34998,1155.56006,211700
2020-09-29,1150.78003,1167.060059,1146.0,1154.92004,175900
2020-09-30,1153.64001,1183.57996,1153.64001,1177.64001,254800
2020-10-01,1181.060059,1192.94995,1168.18994,1181.71997,222700
2020-10-02,1169.81006,1183.76001,1158.85999,1176.98999,137300
2020-10-05,1174.17004,1191.76001,1174.17004,1178.27002,161100
2020-10-06,1180.75,1182.83997,1132.12,1138.53003,251600
2020-10-07,1146.45996,1155.33997,1136.0,1139.98999,191000
2020-10-08,1146.10999,1157.47998,1145.92004,1150.0,150800
2020-10-09,1156.65002,1156.65002,1137.079956,1137.73999,160000
2020-10-12,1142.62,1158.71997,1129.78003,1144.060059,218900
2020-10-13,1142.20996,1170.98999,1142.20996,1164.58997,150000
2020-10-14,1192.55005,1196.76001,1163.38,1169.030029,193800
2020-10-15,1160.0,1199.25,1154.28003,1193.26001,202600
2020-10-16,1192.43994,1206.44995,1184.5,1193.38,250200
2020-10-19,1194.53003,1199.97998,1174.32996,1176.42004,155900
2020-10-20,1177.58997,1196.5,1176.71997,1178.62,196000
2020-10-21,1179.77002,1192.45996,1174.55005,1178.12,149800
2020-10-22,1176.46997,1185.0,1168.0,1175.55005,151400
2020-10-23,1180.51001,1187.099976,1161.45996,1183.16003,148900
2020-10-26,1168.75,1169.44995,1141.79004,1152.0,148800
2020-10-27,1155.35999,1156.73999,1132.30005,1133.58997,179200
2020-10-28,1119.82996,1138.67004,1112.13,1128.84998,241400
2020-10-29,1128.5,1142.65002,1118.48999,1129.76001,273900
2020-10-30,1128.02002,1135.43994,1115.35999,1128.97998,198200
2020-11-02,1138.55005,1160.89001,1123.95996,1141.15002,242800
2020-11-03,1147.25,1172.43994,1127.41003,1164.65002,290600
2020-11-04,1168.099976,1184.29004,1153.70996,1154.02002,381800
2020-11-05,1170.10999,1174.40002,1145.93994,1149.51001,306000
2020-11-06,1153.45996,1162.60999,1137.73999,1158.53003,245200
2020-11-09,1182.83997,1204.40002,1150.95996,1151.39001,349300
2020-11-10,1151.27002,1181.91003,1150.050049,1170.41003,357400
2020-11-11,1182.13,1189.16003,1171.65002,1181.82996,318400
2020-11-12,1179.82996,1185.19995,1152.060059,1159.72998,183900
2020-11-13,1160.92004,1167.84998,1145.90002,1155.80005,191200
2020-11-16,1164.28003,1164.28003,1137.56995,1146.02002,346700
2020-11-17,1135.80005,1135.84998,1111.68994,1124.20996,293700
2020-11-18,1118.78003,1151.23999,1118.78003,1131.65002,182400
2020-11-19,1129.31995,1136.97998,1114.68005,1133.76001,244500
2020-11-20,1133.5,1137.54004,1112.01001,1114.19995,187900
2020-11-23,1114.069946,1123.62,1106.73999,1113.41003,237300
2020-11-24,1123.43994,1152.31006,1112.47998,1135.79004,247700
2020-11-25,1137.39001,1141.22998,1120.55005,1129.59998,194200
2020-11-27,1127.54004,1141.33997,1118.28003,1119.23999,109700
2020-11-30,1114.81006,1141.97998,1106.62,1137.65002,272500
2020-12-01,1148.22998,1170.81995,1140.32996,1164.83997,260300
2020-12-02,1157.94995,1158.88,1130.32996,1152.21997,283300
2020-12-03,1147.079956,1160.41003,1144.0,1154.01001,181300
2020-12-04,1150.88,1165.0,1150.79004,1162.63,208200
2020-12-07,1169.90002,1172.57996,1141.63,1157.18005,403500
2020-12-08,1128.0,1138.0,1085.84998,1095.98999,789600
2020-12-09,1107.17004,1146.40002,1098.68994,1136.67004,705600
2020-12-10,1127.56995,1147.83997,1122.46997,1137.84998,335300
2020-12-11,1146.10999,1163.099976,1137.0,1155.30005,329700
2020-12-14,1159.63,1182.41003,1142.73999,1151.13,346200
2020-12-15,1157.32996,1182.43994,1150.14001,1179.37,350000
2020-12-16,1186.25,1210.15002,1180.60999,1190.5,331000
2020-12-17,1196.51001,1208.13,1172.44995,1180.89001,315400
2020-12-18,1180.68005,1190.17004,1174.78003,1181.90002,443400
2020-12-21,1177.17004,1196.18994,1166.20996,1192.91003,249800
2020-12-22,1192.040039,1196.060059,1177.65002,1190.18994,205100
2020-12-23,1187.71997,1205.64001,1179.55005,1192.98999,180300
2020-12-24,1195.93994,1208.01001,1187.13,1204.21997,82300
2020-12-28,1210.47998,1220.97998,1186.72998,1192.62,214200
2020-12-29,1192.35999,1197.37,1172.41003,1177.12,213800
2020-12-30,1177.60999,1188.31006,1175.29004,1175.87,146100
2020-12-31,1173.57996,1187.46997,1169.01001,1185.43994,168600
2021-01-04,1183.56006,1190.90002,1166.64001,1180.40002,277600
2021-01-05,1175.83997,1188.44995,1164.16003,1180.34998,185200
2021-01-06,1175.33997,1231.77002,1175.33997,1229.69995,270200
2021-01-07,1228.27002,1249.02002,1218.71997,1246.040039,216100
2021-01-08,1248.76001,1257.53003,1240.88,1252.92004,208800
2021-01-11,1248.58997,1269.32996,1246.71997,1265.45996,207700
2021-01-12,1265.83997,1297.81995,1264.5,1282.15002,256300
2021-01-13,1276.95996,1279.069946,1253.18005,1259.43994,237100
2021-01-14,1265.88,1266.54004,1242.33997,1248.02002,184100
2021-01-15,1242.96997,1249.35999,1238.13,1248.32996,257400
2021-01-19,1248.0,1251.72998,1230.18994,1238.29004,230800
2021-01-20,1239.17004,1244.54004,1226.23999,1239.97998,168800
2021-01-21,1239.33997,1251.37,1236.34998,1246.41003,204600
2021-01-22,1241.39001,1241.39001,1225.37,1227.16003,181200
2021-01-25,1227.0,1227.01001,1179.79004,1196.040039,322500
2021-01-26,1200.26001,1203.050049,1177.0,1194.55005,251400
2021-01-27,1184.75,1189.56006,1116.0,1137.20996,554900
2021-01-28,1137.29004,1162.20996,1133.18005,1146.64001,402400
2021-01-29,1145.0,1147.030029,1111.70996,1118.37,349100
2021-02-01,1125.0,1168.47998,1122.23999,1159.32996,292700
2021-02-02,1160.16003,1206.20996,1160.16003,1193.67004,242500
2021-02-03,1187.83997,1203.40002,1181.01001,1194.59998,160500
2021-02-04,1200.0,1224.89001,1198.81006,1220.39001,207400
2021-02-05,1230.51001,1232.82996,1215.39001,1220.43005,231000
2021-02-08,1220.43005,1234.27002,1219.70996,1224.94995,161200
2021-02-09,1224.59998,1237.89001,1217.39001,1224.31995,198700
2021-02-10,1235.16003,1235.23999,1211.14001,1212.67004,205000
2021-02-11,1210.96997,1218.20996,1139.18005,1150.42004,366400
2021-02-12,1151.12,1166.32996,1143.32996,1146.65002,191100
2021-02-16,1143.0,1181.65002,1143.0,1173.31995,225200
2021-02-17,1165.37,1200.46997,1165.37,1192.96997,184800
2021-02-18,1190.44995,1217.68005,1185.37,1211.29004,187400
2021-02-19,1212.33997,1222.5,1198.31006,1205.72998,208100
2021-02-22,1207.46997,1207.46997,1183.80005,1188.58997,260900
2021-02-23,1195.31006,1197.21997,1175.10999,1185.18994,221000
2021-02-24,1182.22998,1194.02002,1168.060059,1189.85999,217800
2021-02-25,1185.62,1199.88,1155.67004,1160.56995,300500
2021-02-26,1170.040039,1184.0,1159.44995,1159.92004,353000
2021-03-01,1173.80005,1180.94995,1164.41003,1169.39001,339300
2021-03-02,1184.90002,1200.0,1146.94995,1180.0,380100
2021-03-03,1184.01001,1191.68005,1150.76001,1179.73999,351200
2021-03-04,1178.19995,1189.18994,1145.16003,1168.43994,314300
2021-03-05,1174.68005,1225.68994,1168.0,1220.25,271200
2021-03-08,1220.0,1251.75,1220.0,1241.10999,247100
2021-03-09,1254.63,1256.94995,1222.42004,1222.48999,194500
2021-03-10,1230.56006,1263.76001,1213.79004,1256.0,260800
2021-03-11,1255.97998,1276.90002,1246.56006,1261.93005,228200
2021-03-12,1268.040039,1290.63,1266.29004,1285.52002,210600
2021-03-15,1283.43994,1297.050049,1274.47998,1295.21997,171400
2021-03-16,1294.54004,1303.25,1279.41003,1299.0,260100
2021-03-17,1306.30005,1307.21997,1285.21997,1290.93994,287800
2021-03-18,1286.92004,1313.81006,1286.79004,1303.57996,224100
2021-03-19,1299.26001,1339.87,1293.050049,1324.76001,526300
2021-03-22,1325.94995,1343.92004,1325.60999,1341.21997,262700
2021-03-23,1343.060059,1354.18005,1322.75,1323.56995,235700
2021-03-24,1330.56006,1363.63,1329.20996,1353.48999,283700
2021-03-25,1349.46997,1378.19995,1343.31006,1374.41003,301300
2021-03-26,1374.26001,1424.01001,1370.79004,1413.72998,289100
2021-03-29,1416.83997,1440.55005,1409.93994,1432.28003,251700
2021-03-30,1432.28003,1446.23999,1405.28003,1425.35999,228200
2021-03-31,1429.82996,1429.82996,1402.19995,1404.30005,224200
2021-04-01,1407.92004,1422.91003,1397.19995,1418.83997,164700
2021-04-05,1425.0,1431.93005,1413.060059,1415.88,148700
2021-04-06,1410.53003,1441.0,1409.040039,1431.84998,208100
2021-04-07,1438.079956,1439.95996,1414.22998,1423.27002,168800
2021-04-08,1421.21997,1423.31995,1408.12,1417.15002,137900
2021-04-09,1422.27002,1441.89001,1409.72998,1438.5,240000
2021-04-12,1439.80005,1458.18005,1433.48999,1454.18994,207900
2021-04-13,1454.91003,1454.91003,1430.5,1435.91003,147800
2021-04-14,1437.84998,1455.35999,1424.099976,1450.89001,171200
2021-04-15,1451.01001,1470.93005,1450.71997,1467.43994,108100
2021-04-16,1475.83997,1499.73999,1468.88,1495.83997,237600
2021-04-19,1495.73999,1516.58997,1494.19995,1504.30005,149900
2021-04-20,1512.34998,1524.97998,1501.68994,1514.10999,161000
2021-04-21,1500.96997,1515.87,1483.55005,1486.89001,199900
2021-04-22,1488.60999,1490.72998,1465.099976,1478.87,181600
2021-04-23,1487.02002,1487.02002,1451.77002,1471.34998,178200
2021-04-26,1466.52002,1467.0,1443.18005,1443.88,169800
2021-04-27,1451.32996,1462.16003,1441.69995,1455.79004,188300
2021-04-28,1464.25,1478.84998,1453.14001,1460.0,171700
2021-04-29,1468.27002,1478.56006,1452.069946,1474.95996,190300
2021-04-30,1472.44995,1477.81006,1463.33997,1464.12,201500
2021-05-03,1475.59998,1488.23999,1467.45996,1475.82996,141000
2021-05-04,1479.85999,1488.48999,1469.85999,1477.0,210200
2021-05-05,1481.01001,1481.97998,1454.44995,1472.10999,170100
2021-05-06,1478.0,1493.01001,1474.83997,1488.84998,180000
2021-05-07,1491.46997,1510.079956,1480.26001,1507.19995,161800
2021-05-10,1513.17004,1542.30005,1507.28003,1519.62,187100
2021-05-11,1513.89001,1516.10999,1478.68005,1495.13,193200
2021-05-12,1505.25,1519.76001,1488.88,1495.88,267800
2021-05-13,1495.18994,1541.26001,1495.18994,1533.76001,180900
2021-05-14,1538.089966,1539.44995,1501.69995,1527.57996,139000
2021-05-17,1529.41003,1540.27002,1523.33997,1531.89001,138600
2021-05-18,1532.089966,1538.94995,1509.30005,1510.87,160000
2021-05-19,1500.29004,1502.47998,1458.62,1466.81995,220900
2021-05-20,1466.80005,1488.64001,1466.62,1471.77002,139900
2021-05-21,1475.01001,1487.17004,1452.75,1460.26001,283100
2021-05-24,1461.030029,1472.16003,1442.23999,1448.40002,251200
2021-05-25,1453.59998,1455.0,1411.22998,1420.56006,432600
2021-05-26,1415.60999,1419.02002,1388.84998,1410.0,287200
2021-05-27,1420.64001,1425.52002,1406.060059,1411.21997,237100
2021-05-28,1408.0,1422.47998,1405.53003,1406.59998,175300
2021-06-01,1414.81006,1415.71997,1398.02002,1410.84998,198000
2021-06-02,1419.60999,1419.60999,1400.0,1404.67004,160800
2021-06-03,1391.91003,1401.20996,1388.90002,1392.19995,174600
2021-06-04,1397.040039,1397.040039,1367.95996,1387.20996,192700
2021-06-07,1381.38,1394.92004,1373.47998,1384.65002,215200
2021-06-08,1384.34998,1399.93005,1375.060059,1393.13,173000
2021-06-09,1393.18994,1394.80005,1381.46997,1386.84998,134100
2021-06-10,1390.23999,1392.54004,1371.14001,1374.53003,209700
2021-06-11,1378.81995,1395.66003,1376.22998,1394.60999,157300
2021-06-14,1394.77002,1399.060059,1374.53003,1385.98999,175000
2021-06-15,1390.14001,1404.21997,1377.030029,1403.040039,191500
2021-06-16,1398.26001,1402.59998,1383.96997,1390.46997,156600
2021-06-17,1397.46997,1397.46997,1374.13,1390.90002,171300
2021-06-18,1376.77002,1398.22998,1376.77002,1386.28003,329600
2021-06-21,1400.0,1419.58997,1399.60999,1415.59998,160200
2021-06-22,1418.59998,1440.060059,1411.40002,1434.5,169100
2021-06-23,1436.54004,1449.94995,1418.26001,1443.030029,174300
2021-06-24,1447.19995,1459.55005,1441.83997,1454.55005,178900
2021-06-25,1454.87,1486.20996,1454.56006,1479.27002,439100
2021-06-28,1479.20996,1498.43994,1472.31006,1496.16003,181800
2021-06-29,1500.0,1503.30005,1486.96997,1491.69995,151000
2021-06-30,1496.0,1504.37,1488.040039,1492.21997,154900
2021-07-01,1497.65002,1528.78003,1494.96997,1525.72998,182700
2021-07-02,1525.81006,1551.48999,1525.81006,1549.44995,144500
2021-07-06,1546.84998,1554.90002,1535.81995,1542.25,193000
2021-07-07,1536.35999,1552.59998,1535.20996,1549.29004,156000
2021-07-08,1534.079956,1546.55005,1524.44995,1537.47998,132100
2021-07-09,1556.14001,1566.16003,1545.30005,1564.53003,177500
2021-07-12,1563.26001,1585.31006,1556.59998,1577.55005,163200
2021-07-13,1573.040039,1579.44995,1552.43994,1557.35999,156300
2021-07-14,1558.33997,1582.41003,1554.97998,1579.96997,122700
2021-07-15,1574.15002,1599.81006,1573.13,1597.079956,165000
2021-07-16,1600.0,1612.32996,1593.48999,1605.30005,141900
2021-07-19,1606.040039,1612.0,1571.47998,1584.56995,181800
2021-07-20,1587.76001,1611.55005,1587.76001,1601.75,167700
2021-07-21,1602.95996,1608.97998,1579.38,1591.25,142100
2021-07-22,1591.83997,1600.0,1580.91003,1593.90002,148000
2021-07-23,1598.0,1632.81006,1591.43005,1632.13,118800
2021-07-26,1629.88,1633.80005,1614.96997,1622.16003,149000
2021-07-27,1615.02002,1628.20996,1600.84998,1624.94995,130800
2021-07-28,1629.47998,1631.20996,1606.96997,1608.59998,110300
2021-07-29,1615.68005,1633.51001,1594.050049,1625.91003,142300
2021-07-30,1623.87,1631.0,1614.01001,1623.56995,132200
2021-08-02,1633.43994,1638.31006,1609.55005,1634.01001,150300
2021-08-03,1628.42004,1666.63,1628.42004,1660.10999,137800
2021-08-04,1661.89001,1663.75,1634.39001,1644.90002,139100
2021-08-05,1654.17004,1658.030029,1625.72998,1639.60999,109100
2021-08-06,1637.72998,1646.68005,1626.17004,1629.84998,112500
2021-08-09,1632.15002,1636.59998,1612.13,1616.73999,109000
2021-08-10,1618.82996,1643.97998,1613.79004,1632.81995,163000
2021-08-11,1634.060059,1650.040039,1633.37,1637.18994,104000
2021-08-12,1636.22998,1639.22998,1619.02002,1630.5,130200
2021-08-13,1630.10999,1634.64001,1609.040039,1612.60999,118800
2021-08-16,1610.0,1635.64001,1607.13,1633.069946,141000
2021-08-17,1627.45996,1630.0,1599.70996,1616.46997,133500
2021-08-18,1614.84998,1632.31995,1607.39001,1613.80005,114800
2021-08-19,1601.56995,1641.28003,1600.0,1632.64001,106800
2021-08-20,1637.41003,1653.87,1630.98999,1640.76001,154600
2021-08-23,1643.58997,1656.29004,1617.44995,1622.97998,120300
2021-08-24,1615.96997,1624.29004,1594.70996,1599.97998,150300
2021-08-25,1597.42004,1617.21997,1588.73999,1613.41003,123300
2021-08-26,1607.93994,1607.93994,1586.79004,1588.90002,151100
2021-08-27,1578.58997,1578.58997,1544.31006,1548.48999,231300
2021-08-30,1555.75,1562.88,1544.01001,1555.70996,166700
2021-08-31,1551.02002,1559.94995,1540.41003,1549.15002,251000
2021-09-01,1553.089966,1553.57996,1530.02002,1540.089966,207200
2021-09-02,1538.56006,1545.59998,1503.30005,1520.65002,213200
2021-09-03,1516.38,1540.33997,1508.85999,1537.25,149600
2021-09-07,1529.98999,1545.38,1522.95996,1526.21997,131300
2021-09-08,1529.18994,1558.060059,1521.01001,1556.34998,152200
2021-09-09,1557.22998,1564.69995,1547.31995,1551.89001,119300
2021-09-10,1557.92004,1567.37,1548.84998,1550.56006,117300
2021-09-13,1548.63,1561.19995,1540.97998,1553.099976,179500
2021-09-14,1563.64001,1565.95996,1550.60999,1563.77002,164100
2021-09-15,1568.52002,1597.88,1552.65002,1596.71997,155700
2021-09-16,1605.44995,1616.17004,1591.050049,1607.42004,135800
2021-09-17,1602.66003,1619.81006,1592.57996,1592.88,263100
2021-09-20,1583.62,1597.63,1559.43005,1585.16003,221100
2021-09-21,1616.0,1660.0,1605.96997,1643.069946,287700
2021-09-22,1655.0,1694.27002,1642.050049,1683.76001,238900
2021-09-23,1692.39001,1704.02002,1675.0,1687.79004,210200
2021-09-24,1660.0,1703.0,1660.0,1694.82996,218500
2021-09-27,1692.40002,1702.55005,1678.51001,1691.32996,160500
2021-09-28,1694.099976,1701.34998,1668.92004,1688.56995,153400
2021-09-29,1697.59998,1738.78003,1688.77002,1737.0,228600
2021-09-30,1727.33997,1734.01001,1679.20996,1697.98999,327400
2021-10-01,1706.77002,1706.77002,1657.45996,1672.28003,200600
2021-10-04,1663.43994,1676.73999,1634.33997,1642.51001,190200
2021-10-05,1655.030029,1673.27002,1639.12,1651.21997,169900
2021-10-06,1660.18994,1679.92004,1647.29004,1663.81006,205300
2021-10-07,1662.28003,1690.81995,1654.27002,1683.72998,158000
2021-10-08,1681.079956,1699.30005,1666.70996,1681.37,125800
2021-10-11,1680.18994,1697.46997,1674.030029,1674.079956,109800
2021-10-12,1677.31006,1679.81995,1657.22998,1677.29004,124800
2021-10-13,1675.25,1687.98999,1649.58997,1683.079956,140800
2021-10-14,1689.43005,1719.96997,1685.97998,1717.55005,147800
2021-10-15,1731.95996,1741.91003,1722.43005,1736.030029,177300
2021-10-18,1733.43005,1767.88,1730.34998,1758.48999,238000
2021-10-19,1758.32996,1777.92004,1753.71997,1764.20996,174800
2021-10-20,1771.27002,1791.96997,1763.66003,1769.050049,191500
2021-10-21,1781.5,1815.56995,1780.71997,1807.68005,185200
2021-10-22,1811.22998,1840.55005,1793.5,1832.89001,175200
2021-10-25,1839.20996,1844.98999,1812.22998,1821.089966,142500
2021-10-26,1828.30005,1833.0,1812.099976,1826.0,139000
2021-10-27,1824.88,1837.54004,1817.83997,1825.85999,138000
2021-10-28,1825.27002,1831.39001,1775.44995,1780.099976,203700
2021-10-29,1779.72998,1796.92004,1772.040039,1784.83997,232300
2021-11-01,1794.050049,1801.0,1767.52002,1779.43994,177000
2021-11-02,1785.28003,1802.94995,1779.0,1788.15002,180900
2021-11-03,1791.27002,1799.31006,1768.71997,1791.68005,140000
2021-11-04,1799.38,1832.48999,1794.76001,1809.050049,145900
2021-11-05,1822.37,1830.0,1802.27002,1817.93994,116100
2021-11-08,1826.55005,1835.0,1799.089966,1820.93005,140100
2021-11-09,1824.90002,1868.68994,1814.31995,1866.38,190500
2021-11-10,1863.20996,1897.52002,1863.20996,1881.42004,195600
2021-11-11,1878.58997,1904.0,1876.10999,1886.89001,129500
2021-11-12,1896.44995,1904.83997,1880.18005,1886.22998,120500
2021-11-15,1895.23999,1921.37,1886.089966,1911.83997,153200
2021-11-16,1907.16003,1941.35999,1905.079956,1911.28003,140300
2021-11-17,1920.0,1922.34998,1892.5,1893.83997,122300
2021-11-18,1893.83997,1893.83997,1873.23999,1875.84998,138500
2021-11-19,1886.90002,1886.90002,1856.98999,1859.68005,202700
2021-11-22,1860.28003,1875.89001,1851.38,1864.88,114400
2021-11-23,1874.15002,1883.78003,1849.56995,1880.099976,119300
2021-11-24,1866.31995,1870.43994,1852.0,1855.050049,122900
2021-11-26,1836.51001,1843.14001,1806.89001,1814.18005,90600
2021-11-29,1828.099976,1855.43005,1815.81995,1838.68994,137300
2021-11-30,1835.0,1852.80005,1812.96997,1817.069946,218400
2021-12-01,1835.56995,1861.15002,1806.82996,1806.82996,139000
2021-12-02,1817.58997,1873.85999,1816.02002,1868.29004,146900
2021-12-03,1875.45996,1897.88,1855.14001,1863.0,175500
2021-12-06,1877.81006,1886.01001,1858.22998,1879.98999,178700
2021-12-07,1914.37,2028.66003,1890.70996,2023.56995,280400
2021-12-08,2013.76001,2019.96997,1940.59998,1988.85999,251100
2021-12-09,1978.22998,2008.23999,1951.85999,1965.82996,268800
2021-12-10,1975.79004,2006.67004,1958.94995,2003.02002,161300
2021-12-13,2001.38,2001.39001,1963.63,1986.099976,169800
2021-12-14,1982.97998,2011.20996,1971.079956,1999.54004,158200
2021-12-15,1991.46997,2053.0,1983.80005,2048.59009,166800
2021-12-16,2057.01001,2065.71997,2008.48999,2011.21997,170000
2021-12-17,2016.33997,2016.33997,1972.87,1996.37,342000
2021-12-20,1985.93005,1997.83997,1941.050049,1994.30005,170500
2021-12-21,2012.099976,2012.099976,1975.0,1990.37,124600
2021-12-22,1989.63,2028.0,1989.42004,2024.16003,92800
2021-12-23,2027.040039,2039.51001,2007.59998,2014.5,103100
2021-12-27,2014.97998,2047.89001,2004.73999,2047.060059,72500
2021-12-28,2048.38989,2064.16992,2037.40002,2059.93994,83900
2021-12-29,2067.6499,2110.0,2058.28003,2104.040039,100800
2021-12-30,2103.0,2107.20996,2076.87988,2084.52002,76200
2021-12-31,2083.68994,2107.8999,2069.37012,2096.38989,105700
2022-01-03,2077.48999,2089.18994,2024.5,2045.10999,150300
2022-01-04,2058.18994,2098.38989,2046.87,2080.25,148100
2022-01-05,2075.0,2096.8999,2031.92004,2034.030029,196800
2022-01-06,2046.83997,2075.80005,2040.34998,2062.48999,135500
2022-01-07,2044.33997,2049.20996,2006.30005,2014.77002,130500
2022-01-10,1997.67004,2015.01001,1960.030029,2012.66003,147000
2022-01-11,2012.66003,2025.23999,1975.02002,2000.97998,139000
2022-01-12,2010.21997,2055.090088,2002.76001,2052.87988,195900
2022-01-13,2058.040039,2077.070068,2042.59998,2048.3999,115000
2022-01-14,2030.0,2057.70996,2020.12,2033.47998,123200
2022-01-18,2008.44995,2012.76001,1953.59998,1967.56006,178900
2022-01-19,1981.089966,1991.96997,1945.18994,1945.89001,120500
2022-01-20,1957.40002,1988.68005,1930.21997,1932.70996,151400
2022-01-21,1939.26001,1964.5,1932.72998,1942.17004,171800
2022-01-24,1920.66003,1979.82996,1891.28003,1972.13,285200
2022-01-25,1960.56995,1964.089966,1915.15002,1930.93994,202500
2022-01-26,1952.43994,1952.43994,1876.56995,1881.69995,243000
2022-01-27,1904.68994,1927.5,1891.29004,1907.72998,185400
2022-01-28,1912.92004,1952.54004,1893.02002,1951.16003,166100
2022-01-31,1944.30005,1996.37,1944.30005,1986.34998,243700
2022-02-01,1983.060059,2014.88,1974.51001,2011.56995,192600
2022-02-02,2032.45996,2071.070068,2024.58997,2064.17993,198000
2022-02-03,2040.93994,2078.72998,2025.52002,2030.17004,223800
2022-02-04,2024.20996,2041.099976,1975.35999,2018.69995,175800
2022-02-07,2023.89001,2045.53003,1989.77002,1996.5,182700
2022-02-08,1991.88,2047.59998,1980.030029,2017.01001,157100
2022-02-09,2035.88,2047.43994,1995.0,2005.31006,142200
2022-02-10,1944.82996,1952.37,1904.83997,1939.54004,355500
2022-02-11,1947.80005,1991.57996,1940.0,1949.10999,182800
2022-02-14,1942.84998,1947.16003,1906.76001,1924.59998,190200
2022-02-15,1936.77002,1938.57996,1913.81006,1933.90002,152300
2022-02-16,1929.98999,1947.67004,1901.54004,1927.46997,137400
2022-02-17,1919.81006,1933.10999,1885.0,1893.10999,133400
2022-02-18,1886.64001,1931.96997,1886.64001,1920.01001,122000
2022-02-22,1914.079956,1927.66003,1842.13,1850.90002,182700
2022-02-23,1860.98999,1863.82996,1781.80005,1794.28003,221600
2022-02-24,1759.02002,1799.72998,1759.02002,1794.77002,215200
2022-02-25,1811.97998,1869.93005,1795.52002,1864.63,187200
2022-02-28,1829.68994,1875.0,1825.060059,1863.39001,294600
2022-03-01,1880.0,1953.95996,1760.0,1817.060059,394300
2022-03-02,1819.98999,1891.52002,1818.47998,1878.77002,243600
2022-03-03,1879.53003,1895.68005,1837.96997,1885.34998,162900
2022-03-04,1870.63,1897.20996,1856.72998,1891.35999,167200
2022-03-07,1878.70996,1903.040039,1848.84998,1860.30005,234300
2022-03-08,1860.39001,1907.12,1836.60999,1849.12,186900
2022-03-09,1896.040039,1903.51001,1867.38,1884.56006,172000
2022-03-10,1865.82996,1870.91003,1844.37,1867.90002,122600
2022-03-11,1870.71997,1894.68005,1860.43994,1864.58997,98000
2022-03-14,1879.56006,1905.0,1860.079956,1869.22998,164000
2022-03-15,1894.67004,1928.38,1891.69995,1923.93994,181200
2022-03-16,1927.040039,1975.59998,1927.040039,1970.73999,393400
2022-03-17,1962.44995,1970.5,1910.33997,1945.30005,208000
2022-03-18,1937.81006,1954.37,1881.91003,1952.75,307900
2022-03-21,1936.14001,1960.31995,1924.18005,1938.68994,169100
2022-03-22,1958.17004,1965.19995,1938.75,1946.81995,193000
2022-03-23,1950.0,1977.41003,1928.70996,1972.28003,186700
2022-03-24,1969.38,2014.41003,1945.45996,2013.60999,161900
2022-03-25,2025.35999,2043.47998,1990.050049,2027.29004,185700
2022-03-28,2025.0,2034.85999,2000.75,2019.54004,165600
2022-03-29,2050.0,2082.19995,2030.53003,2077.72998,254100
2022-03-30,2067.87012,2078.0,2052.61011,2064.080078,168700
2022-03-31,2066.86011,2072.36011,2043.98999,2044.57996,166100
2022-04-01,2066.12988,2067.30005,1971.64001,1974.51001,214000
2022-04-04,1964.099976,2017.98999,1958.40002,2016.38,168300
2022-04-05,1992.27002,2046.23999,1992.27002,2041.53003,162100
2022-04-06,2020.17004,2074.98999,2019.95996,2072.75,168900
2022-04-07,2063.51001,2160.48999,2063.51001,2155.59009,246800
2022-04-08,2162.97998,2221.57007,2150.90991,2190.56006,205000
2022-04-11,2199.63989,2204.21997,2151.62012,2158.47998,194100
2022-04-12,2163.47998,2186.38989,2152.95996,2168.43994,143500
2022-04-13,2160.050049,2172.17993,2136.83008,2171.42993,132200
2022-04-14,2179.43994,2193.70996,2164.6001,2164.6001,91100
2022-04-18,2152.19995,2190.87988,2145.080078,2174.6499,139500
2022-04-19,2178.3999,2202.030029,2169.040039,2196.79004,121900
2022-04-20,2212.76001,2267.22998,2211.11011,2254.030029,158700
2022-04-21,2261.27002,2267.3999,2227.1001,2233.31006,122600
2022-04-22,2212.28003,2212.59009,2155.02002,2160.27002,149400
2022-04-25,2154.87988,2204.65991,2120.80005,2195.67993,165900
2022-04-26,2180.0,2229.47998,2165.31006,2195.93994,224800
2022-04-27,2193.23999,2225.0,2174.0,2181.34009,152600
2022-04-28,2085.87988,2085.87988,2010.48999,2014.43994,333700
2022-04-29,2006.17004,2006.17004,1950.14001,1955.46997,275400
2022-05-02,1964.59998,2009.98999,1963.77002,2006.68994,188400
2022-05-03,2002.47998,2014.0,1962.26001,1976.29004,141800
2022-05-04,1986.060059,2054.58008,1976.31006,2054.58008,165000
2022-05-05,2039.87,2043.10999,1954.40002,1973.089966,138900
2022-05-06,1959.0,2002.030029,1918.42004,2000.0,170600
2022-05-09,1971.73999,1992.42004,1939.83997,1951.66003,172700
2022-05-10,1975.58997,1984.41003,1921.96997,1950.89001,162400
2022-05-11,1964.33997,1974.95996,1927.63,1930.97998,174800
2022-05-12,1940.70996,1981.18994,1916.40002,1954.76001,190000
2022-05-13,1969.98999,2022.59998,1960.069946,2001.10999,186400
2022-05-16,1988.33997,2034.099976,1970.37,2023.48999,133600
2022-05-17,2056.1499,2056.1499,2008.81995,2031.87,196900
2022-05-18,2002.60999,2002.60999,1807.91003,1839.62,382500
2022-05-19,1830.0,1919.56995,1817.72998,1889.39001,304300
2022-05-20,1882.66003,1886.53003,1703.31995,1771.68005,443100
2022-05-23,1773.83997,1821.13,1759.099976,1805.21997,314100
2022-05-24,1884.82996,1916.76001,1780.40002,1910.21997,403200
2022-05-25,1901.94995,1978.079956,1882.18005,1964.66003,293200
2022-05-26,1986.68994,2039.91003,1980.88,2028.95996,235600
2022-05-27,2034.0,2069.34009,2010.01001,2055.38989,226700
2022-05-31,2056.080078,2082.070068,2033.70996,2059.6499,244800
2022-06-01,2046.0,2060.3999,2035.10999,2035.10999,153600
2022-06-02,2046.58997,2062.90991,1996.93994,2061.30005,136900
2022-06-03,2044.73999,2070.30005,2040.71997,2058.040039,94900
2022-06-06,2070.95996,2107.42993,2051.6001,2099.060059,149500
2022-06-07,2080.0,2121.71997,2065.22998,2119.97998,120500
2022-06-08,2096.20996,2120.62988,2089.38989,2092.3501,104600
2022-06-09,2082.30005,2130.5,2082.30005,2101.1499,133400
2022-06-10,2066.16992,2084.79004,2050.70996,2064.45996,112900
2022-06-13,2031.56006,2056.11011,2012.079956,2026.66003,160100
2022-06-14,2024.5,2068.55005,2008.050049,2033.57996,166700
2022-06-15,2028.0,2054.34009,1991.060059,2013.81006,173100
2022-06-16,2017.96997,2024.18005,1968.10999,2001.16003,201200
2022-06-17,1983.98999,2005.0,1959.57996,1992.55005,412000
2022-06-21,2026.23999,2037.76001,1980.73999,2032.12,151400
2022-06-22,2043.55005,2090.90991,2013.28003,2071.62012,144600
2022-06-23,2100.0,2119.28003,2067.0,2108.63989,154100
2022-06-24,2127.63989,2175.27002,2106.97998,2158.90991,442200
2022-06-27,2190.0,2200.21997,2159.44995,2169.27002,166200
2022-06-28,2168.0,2195.57007,2116.51001,2125.33008,194200
2022-06-29,2127.5,2165.040039,2106.27002,2140.0,137900
2022-06-30,2131.92993,2173.1499,2100.090088,2149.12012,232900
2022-07-01,2148.61011,2165.060059,2114.050049,2159.81006,110800
2022-07-05,2139.71997,2160.0,2103.070068,2140.38989,185300
2022-07-06,2137.45996,2182.5,2123.78003,2167.54004,160400
2022-07-07,2170.01001,2177.32007,2133.11011,2168.6001,113900
2022-07-08,2177.8501,2210.15991,2166.58008,2182.37012,149300
2022-07-11,2188.23999,2189.22998,2160.01001,2160.01001,129000
2022-07-12,2164.88989,2190.62988,2152.070068,2158.6001,96000
2022-07-13,2155.84009,2197.83008,2155.84009,2174.88989,120700
2022-07-14,2135.6499,2185.11011,2122.65991,2175.34009,180100
2022-07-15,2198.080078,2218.8501,2169.87012,2215.030029,152000
2022-07-18,2228.32007,2246.40991,2180.18994,2191.80005,132300
2022-07-19,2216.78003,2224.32007,2182.67993,2224.32007,169600
2022-07-20,2224.81006,2234.87988,2182.79004,2194.53003,143200
2022-07-21,2181.11011,2200.25,2115.27002,2138.75,247300
2022-07-22,2139.88989,2163.030029,2136.92993,2147.62012,146700
2022-07-25,2148.84009,2169.33008,2135.36011,2144.87012,118100
2022-07-26,2120.1499,2133.16992,2078.83008,2097.3999,202500
2022-07-27,2102.86011,2144.95996,2064.22998,2132.66992,137300
2022-07-28,2127.8501,2146.79004,2079.68994,2130.44995,205700
2022-07-29,2123.1499,2141.54004,2108.44995,2137.38989,156100
2022-08-01,2119.53003,2170.52002,2113.82007,2161.36011,126200
2022-08-02,2164.46997,2164.46997,2127.23999,2153.91992,144600
2022-08-03,2169.62012,2183.36011,2113.95996,2148.030029,201800
2022-08-04,2150.90991,2191.17993,2145.91992,2164.12988,154000
2022-08-05,2152.27002,2196.63989,2148.93994,2195.18994,92400
2022-08-08,2200.040039,2230.63989,2200.040039,2218.66992,90700
2022-08-09,2228.18994,2241.52002,2199.91992,2222.51001,111200
2022-08-10,2249.1001,2250.3501,2208.82007,2223.27002,143000
2022-08-11,2233.22998,2244.11011,2219.8999,2230.83008,101600
2022-08-12,2230.61011,2259.22998,2221.72998,2259.17993,129300
2022-08-15,2259.98999,2293.18994,2245.050049,2285.95996,116900
2022-08-16,2279.42993,2362.23999,2279.42993,2329.52002,191900
2022-08-17,2327.87012,2354.19995,2321.090088,2328.6001,169000
2022-08-18,2318.070068,2353.18994,2308.6001,2320.090088,133300
2022-08-19,2320.0,2340.84009,2310.92993,2332.090088,121300
2022-08-22,2321.93994,2344.59009,2309.72998,2310.66992,118500
2022-08-23,2308.0,2318.63989,2287.95996,2291.48999,97800
2022-08-24,2244.12988,2246.28003,2206.3999,2231.81006,194300
2022-08-25,2223.95996,2227.34009,2182.080078,2223.6001,134800
2022-08-26,2234.47998,2234.47998,2162.21997,2163.02002,118700
2022-08-29,2145.070068,2186.79004,2138.79004,2167.36011,124800
2022-08-30,2167.36011,2169.1001,2131.93994,2137.02002,96400
2022-08-31,2132.1001,2147.83008,2116.67993,2119.20996,169600
2022-09-01,2115.65991,2146.63989,2110.67993,2145.59009,133500
2022-09-02,2150.83008,2160.98999,2112.3501,2120.87988,137200
2022-09-06,2121.1499,2145.72998,2119.080078,2130.86011,119800
2022-09-07,2147.6499,2197.86011,2144.52002,2197.060059,130200
2022-09-08,2182.90991,2200.090088,2165.79004,2193.25,114800
2022-09-09,2195.75,2214.80005,2177.62988,2199.080078,111000
2022-09-12,2202.97998,2222.16992,2202.97998,2220.37988,137500
2022-09-13,2200.0,2200.19995,2133.5,2138.36011,152700
2022-09-14,2153.23999,2153.23999,2105.70996,2133.01001,141500
2022-09-15,2146.31006,2155.8999,2124.79004,2144.93994,173700
2022-09-16,2138.050049,2185.12988,2126.44995,2165.6499,263800
2022-09-19,2204.37012,2220.0,2065.29004,2097.59009,403300
2022-09-20,2088.69995,2148.1499,2082.6001,2131.46997,253400
2022-09-21,2150.51001,2172.3999,2102.6001,2104.02002,146900
2022-09-22,2102.30005,2102.30005,2059.3501,2082.63989,157300
2022-09-23,2051.37988,2106.41992,2050.20996,2096.84009,187800
2022-09-26,2100.47998,2135.0,2091.15991,2093.67993,197800
2022-09-27,2106.43994,2130.26001,2088.52002,2099.5,181700
2022-09-28,2120.65991,2179.25,2107.65991,2169.43994,143500
2022-09-29,2150.93994,2161.62012,2131.76001,2159.02002,125900
2022-09-30,2153.92993,2165.93994,2120.0,2141.92993,171300
2022-10-03,2163.3501,2205.8501,2157.75,2197.70996,141300
2022-10-04,2206.30005,2219.01001,2177.69995,2205.030029,136900
2022-10-05,2205.21997,2273.63989,2184.65991,2245.44995,162800
2022-10-06,2244.36011,2258.47998,2214.41992,2215.87988,180100
2022-10-07,2213.95996,2213.95996,2165.86011,2174.0,139700
2022-10-10,2175.6499,2235.75,2165.050049,2233.54004,138600
2022-10-11,2223.87012,2293.86011,2223.87012,2267.51001,182700
2022-10-12,2263.81006,2271.45996,2239.53003,2245.98999,162000
2022-10-13,2225.42993,2291.060059,2212.63989,2282.76001,193900
2022-10-14,2279.75,2300.0,2255.16992,2255.16992,165100
2022-10-17,2261.0,2305.0,2258.080078,2289.79004,141300
2022-10-18,2311.68994,2323.41992,2272.02002,2306.86011,156500
2022-10-19,2314.95996,2330.070068,2283.11011,2289.80005,133100
2022-10-20,2309.31006,2309.31006,2249.36011,2258.83008,195600
2022-10-21,2250.33008,2307.47998,2250.33008,2301.030029,197900
2022-10-24,2320.78003,2423.80005,2320.78003,2407.52002,209400
2022-10-25,2416.57007,2463.23999,2379.33008,2439.88989,222300
2022-10-26,2434.88989,2450.0,2401.20996,2423.67993,125000
2022-10-27,2443.46997,2548.46997,2423.70996,2521.77002,235200
2022-10-28,2524.12012,2554.66992,2495.52002,2543.5,210000
2022-10-31,2525.96997,2560.01001,2525.55005,2532.87988,188700
2022-11-01,2554.52002,2554.52002,2525.70996,2535.0,130300
2022-11-02,2529.98999,2541.33008,2478.67993,2478.67993,157700
2022-11-03,2473.30005,2499.51001,2440.02002,2478.45996,123100
2022-11-04,2478.57007,2495.92993,2432.71997,2465.1001,155200
2022-11-07,2460.52002,2524.19995,2454.3501,2505.01001,89800
2022-11-08,2503.69995,2525.18994,2469.62988,2495.6001,101600
2022-11-09,2496.30005,2507.050049,2464.030029,2464.88989,108500
2022-11-10,2506.34009,2511.59009,2450.86011,2467.65991,181600
2022-11-11,2461.48999,2461.48999,2342.050049,2408.98999,201300
2022-11-14,2416.77002,2479.27002,2400.71997,2446.87988,143500
2022-11-15,2456.68994,2459.20996,2393.12012,2425.6001,156600
2022-11-16,2382.87988,2480.1499,2382.87988,2450.51001,161900
2022-11-17,2432.18994,2449.25,2404.82007,2420.82007,120700
2022-11-18,2434.47998,2462.32007,2421.12012,2460.84009,98500
2022-11-21,2477.75,2510.96997,2460.87988,2501.0,100600
2022-11-22,2519.80005,2537.12012,2507.0,2528.81006,79200
2022-11-23,2527.98999,2538.54004,2512.38989,2516.58008,95100
2022-11-25,2535.6001,2575.29004,2526.77002,2562.12012,60800
2022-11-28,2558.66992,2572.44995,2537.88989,2545.97998,132700
2022-11-29,2550.0,2570.0,2520.77002,2556.050049,124100
2022-11-30,2559.12988,2587.6001,2536.13989,2579.0,183500
2022-12-01,2609.29004,2610.050049,2539.28003,2552.96997,126000
2022-12-02,2541.51001,2579.68994,2539.36011,2571.59009,152600
2022-12-05,2550.0,2566.68994,2522.0,2526.91992,198900
2022-12-06,2441.0,2499.5,2386.75,2456.91992,401400
2022-12-07,2460.0,2487.0,2442.02002,2455.26001,164500
2022-12-08,2454.33008,2497.80005,2454.33008,2488.8999,132100
2022-12-09,2480.0,2491.80005,2449.31006,2454.98999,124700
2022-12-12,2475.23999,2475.78003,2435.070068,2451.94995,123200
2022-12-13,2485.82007,2492.17993,2389.46997,2393.45996,178100
2022-12-14,2388.78003,2402.62012,2354.8999,2360.46997,159800
2022-12-15,2343.82007,2372.34009,2333.29004,2358.5,212900
2022-12-16,2342.3999,2389.8999,2337.73999,2380.44995,326600
2022-12-19,2394.58008,2406.060059,2369.87988,2379.16992,157200
2022-12-20,2377.97998,2400.0,2368.45996,2384.1499,112600
2022-12-21,2392.0,2434.36011,2364.91992,2430.47998,138100
2022-12-22,2416.27002,2416.27002,2377.02002,2403.86011,119600
2022-12-23,2393.8999,2440.6001,2393.8999,2430.6499,66200
2022-12-27,2434.61011,2465.38989,2429.78003,2454.32007,83900
2022-12-28,2450.0,2481.01001,2450.0,2461.62988,100400
2022-12-29,2470.48999,2489.6001,2452.79004,2464.37988,74800
2022-12-30,2464.47998,2471.57007,2452.18994,2466.17993,69400
2023-01-03,2441.51001,2454.70996,2420.32007,2431.060059,134500
2023-01-04,2429.66992,2454.37012,2421.01001,2445.45996,122300
2023-01-05,2425.27002,2450.0,2413.57007,2416.57007,155300
2023-01-06,2431.62012,2498.050049,2431.62012,2486.63989,150300
2023-01-09,2500.0,2500.0,2437.32007,2441.75,142200
2023-01-10,2453.090088,2455.37012,2425.15991,2435.52002,105800
2023-01-11,2448.0,2453.82007,2423.72998,2433.22998,115200
2023-01-12,2424.70996,2424.70996,2361.33008,2363.0,171100
2023-01-13,2335.96997,2395.23999,2325.02002,2368.87988,122800
2023-01-17,2366.060059,2384.34009,2332.080078,2355.87988,152400
2023-01-18,2355.87988,2360.98999,2340.01001,2344.92993,125400
2023-01-19,2338.79004,2352.40991,2327.0,2327.54004,113600
2023-01-20,2329.98999,2333.98999,2300.0,2326.61011,146500
2023-01-23,2342.41992,2342.41992,2309.94995,2318.95996,143100
2023-01-24,2313.5,2350.5,2305.65991,2341.56006,143000
2023-01-25,2339.36011,2381.45996,2325.01001,2357.81006,167000
2023-01-26,2380.0,2431.18994,2374.91992,2415.27002,193800
2023-01-27,2406.65991,2424.66992,2356.33008,2369.34009,189500
2023-01-30,2389.75,2440.68994,2389.050049,2428.58008,169200
2023-01-31,2439.19995,2449.98999,2405.0,2438.8501,155200
2023-02-01,2435.97998,2497.8501,2435.97998,2495.67993,179600
2023-02-02,2473.88989,2502.32007,2430.45996,2443.55005,228500
2023-02-03,2436.42993,2455.37012,2389.69995,2398.51001,163200
2023-02-06,2408.76001,2443.12988,2401.080078,2425.87988,128300
2023-02-07,2399.1001,2422.66992,2372.0,2419.81006,123900
2023-02-08,2407.92993,2435.46997,2402.030029,2424.36011,139300
2023-02-09,2443.84009,2504.3999,2431.1499,2490.28003,206600
2023-02-10,2501.070068,2560.36011,2501.070068,2513.68994,227900
2023-02-13,2510.5,2546.37012,2500.5,2543.51001,106600
2023-02-14,2547.97998,2559.95996,2540.77002,2546.27002,107100
2023-02-15,2560.88989,2582.3501,2547.26001,2580.27002,124900
2023-02-16,2578.80005,2586.8501,2543.94995,2571.3501,125800
2023-02-17,2579.28003,2605.62012,2571.1499,2605.62012,131700
2023-02-21,2590.63989,2605.22998,2562.43994,2573.13989,166200
2023-02-22,2572.63989,2581.91992,2556.58008,2567.36011,176900
2023-02-23,2555.28003,2575.29004,2538.47998,2571.45996,106000
2023-02-24,2556.8999,2564.55005,2532.57007,2540.56006,148500
2023-02-27,2552.18994,2576.1001,2542.5,2572.25,242100
2023-02-28,2584.95996,2584.95996,2483.54004,2486.54004,284300
2023-03-01,2458.51001,2468.83008,2424.43994,2456.37012,209000
2023-03-02,2471.48999,2497.58008,2439.34009,2485.62988,157400
2023-03-03,2496.82007,2503.36011,2463.93994,2497.34009,157300
2023-03-06,2498.37988,2523.080078,2498.37988,2520.0,147600
2023-03-07,2522.87988,2529.65991,2471.17993,2474.83008,157500
2023-03-08,2472.27002,2477.0,2446.48999,2459.57007,106600
2023-03-09,2467.1001,2467.1001,2411.91992,2422.18994,139200
2023-03-10,2419.22998,2441.0,2404.0,2421.38989,144900
2023-03-13,2411.59009,2461.37988,2411.59009,2429.86011,137900
2023-03-14,2446.65991,2446.65991,2413.050049,2427.40991,164400
2023-03-15,2408.22998,2430.080078,2398.69995,2415.67993,211200
2023-03-16,2405.26001,2427.5,2394.030029,2413.32007,112300
2023-03-17,2411.36011,2411.36011,2360.02002,2365.0,198900
2023-03-20,2372.31006,2400.0,2365.12988,2391.16992,140200
2023-03-21,2406.29004,2409.48999,2383.21997,2394.94995,93600
2023-03-22,2397.65991,2397.65991,2347.78003,2349.30005,109700
2023-03-23,2349.70996,2356.84009,2307.13989,2307.82007,155500
2023-03-24,2316.31006,2338.52002,2294.75,2329.3999,148500
2023-03-27,2336.48999,2386.55005,2333.1499,2368.55005,220000
2023-03-28,2370.91992,2411.48999,2370.91992,2405.21997,139900
2023-03-29,2394.44995,2406.070068,2380.53003,2395.37012,167100
2023-03-30,2398.19995,2418.33008,2395.72998,2406.18994,132300
2023-03-31,2416.20996,2460.1499,2414.34009,2458.1499,186700
2023-04-03,2466.43994,2530.32007,2465.0,2511.54004,207100
2023-04-04,2502.41992,2513.87012,2495.0,2502.050049,120700
2023-04-05,2502.070068,2511.77002,2488.26001,2494.43994,159500
2023-04-06,2500.81006,2531.37988,2491.1001,2530.67993,142700
2023-04-10,2529.02002,2562.54004,2521.75,2554.43994,171300
2023-04-11,2553.11011,2570.02002,2540.070068,2559.54004,106000
2023-04-12,2560.57007,2603.81006,2549.5,2598.88989,168700
2023-04-13,2608.75,2625.70996,2580.34009,2618.6499,124600
2023-04-14,2619.76001,2643.070068,2616.51001,2638.32007,97900
2023-04-17,2644.84009,2668.42993,2644.84009,2665.40991,139500
2023-04-18,2665.91992,2691.98999,2665.65991,2681.6499,153400
2023-04-19,2671.8501,2686.040039,2643.62012,2663.15991,141000
2023-04-20,2671.82007,2703.0,2651.23999,2701.84009,139700
2023-04-21,2722.6001,2722.6001,2681.0,2681.40991,135400
2023-04-24,2676.32007,2689.87988,2672.62012,2677.12012,132200
2023-04-25,2684.18994,2697.36011,2674.54004,2678.34009,109100
2023-04-26,2655.0,2690.42993,2634.66992,2644.83008,141300
2023-04-27,2636.26001,2664.5,2629.79004,2660.72998,105400
2023-04-28,2654.84009,2667.98999,2640.51001,2663.31006,106100
2023-05-01,2669.92993,2710.20996,2669.86011,2679.54004,132900
2023-05-02,2683.65991,2708.23999,2667.80005,2702.88989,120900
2023-05-03,2708.90991,2717.57007,2676.56006,2677.58008,148100
2023-05-04,2675.76001,2681.8501,2652.56006,2661.6001,87400
2023-05-05,2665.20996,2698.080078,2665.20996,2691.58008,75800
2023-05-08,2692.23999,2715.070068,2679.25,2709.54004,77800
2023-05-09,2715.88989,2737.12012,2709.13989,2726.51001,121000
2023-05-10,2736.090088,2750.0,2714.41992,2733.6499,110600
2023-05-11,2731.98999,2735.36011,2704.3501,2715.19995,119500
2023-05-12,2721.28003,2744.25,2698.73999,2729.060059,110200
2023-05-15,2727.29004,2727.29004,2697.93994,2706.53003,105700
2023-05-16,2687.68994,2711.6499,2673.40991,2673.45996,106400
2023-05-17,2675.11011,2692.41992,2669.1499,2679.55005,103400
2023-05-18,2676.38989,2687.13989,2634.30005,2648.94995,133800
2023-05-19,2649.0,2657.37988,2629.76001,2653.17993,153300
2023-05-22,2671.25,2679.5,2617.0,2619.80005,179000
2023-05-23,2492.01001,2548.25,2423.44995,2463.40991,489700
2023-05-24,2463.40991,2474.73999,2421.82007,2423.62012,269700
2023-05-25,2413.41992,2467.27002,2398.23999,2459.75,295500
2023-05-26,2461.1499,2471.46997,2426.57007,2460.79004,214800
2023-05-30,2438.72998,2459.8999,2427.95996,2454.63989,209200
2023-05-31,2336.46997,2390.86011,2277.87988,2386.84009,645400
2023-06-01,2386.20996,2406.62012,2360.0,2373.58008,260200
2023-06-02,2362.16992,2398.26001,2345.080078,2381.22998,241900
2023-06-05,2376.38989,2397.41992,2337.59009,2339.94995,266100
2023-06-06,2333.68994,2341.57007,2315.070068,2323.050049,228400
2023-06-07,2317.79004,2340.73999,2303.92993,2306.6499,235500
2023-06-08,2304.43994,2361.67993,2304.43994,2360.61011,290600
2023-06-09,2357.11011,2378.93994,2349.1001,2363.18994,153100
2023-06-12,2390.33008,2424.98999,2389.28003,2415.0,228700
2023-06-13,2408.060059,2423.52002,2397.8501,2420.94995,193400
2023-06-14,2426.80005,2438.94995,2397.65991,2399.41992,196400
2023-06-15,2425.83008,2506.69995,2425.0,2497.37012,255900
2023-06-16,2539.48999,2539.48999,2465.53003,2493.83008,417300
2023-06-20,2493.83008,2493.83008,2446.94995,2453.070068,215900
2023-06-21,2458.69995,2482.96997,2443.8501,2446.28003,175000
2023-06-22,2456.060059,2456.060059,2431.62988,2438.62988,100900
2023-06-23,2431.96997,2439.11011,2408.12012,2423.72998,448600
2023-06-26,2428.53003,2484.28003,2423.72998,2476.55005,211900
2023-06-27,2473.8999,2497.36011,2439.87988,2439.87988,221000
2023-06-28,2420.0,2469.77002,2420.0,2437.62988,172000
2023-06-29,2425.87988,2467.62988,2425.87988,2455.3999,140900
2023-06-30,2470.51001,2508.38989,2462.93994,2493.36011,190100
2023-07-03,2468.55005,2500.0,2460.0,2483.47998,112200
2023-07-05,2482.68994,2502.82007,2434.37012,2492.42993,153100
2023-07-06,2482.34009,2507.20996,2481.3501,2491.1001,193900
2023-07-07,2481.3501,2487.62012,2467.5,2469.51001,157500
2023-07-10,2464.19995,2537.83008,2463.93994,2513.56006,172800
2023-07-11,2525.65991,2556.65991,2525.65991,2553.01001,122600
2023-07-12,2556.78003,2584.76001,2556.62012,2573.37988,189100
2023-07-13,2577.1499,2580.0,2525.13989,2538.17993,134300
2023-07-14,2550.0,2567.68994,2542.42993,2556.59009,124700
2023-07-17,2556.59009,2571.6499,2543.48999,2544.22998,95100
2023-07-18,2530.0,2531.48999,2498.66992,2528.090088,153400
2023-07-19,2529.92993,2552.51001,2504.48999,2505.88989,230900
2023-07-20,2483.27002,2497.25,2437.86011,2460.0,229400
2023-07-21,2465.5,2475.77002,2446.090088,2457.92993,131500
2023-07-24,2459.5,2497.59009,2446.80005,2494.79004,127000
2023-07-25,2478.41992,2510.34009,2467.12988,2501.21997,139600
2023-07-26,2501.21997,2508.13989,2475.3501,2492.72998,109900
2023-07-27,2454.40991,2488.54004,2440.58008,2446.91992,175600
2023-07-28,2456.98999,2491.29004,2456.98999,2477.77002,111100
2023-07-31,2481.46997,2489.37012,2467.21997,2481.71997,106100
2023-08-01,2487.45996,2502.68994,2472.0,2481.1001,119200
2023-08-02,2470.0,2492.69995,2432.8501,2433.88989,191800
2023-08-03,2449.11011,2486.87988,2443.0,2476.94995,142400
2023-08-04,2477.050049,2479.6001,2449.040039,2450.98999,127100
2023-08-07,2457.57007,2475.0,2450.060059,2464.01001,120400
2023-08-08,2468.17993,2472.78003,2449.84009,2461.11011,102200
2023-08-09,2462.92993,2480.69995,2452.90991,2466.56006,86500
2023-08-10,2480.0,2489.91992,2454.050049,2462.88989,121000
2023-08-11,2461.02002,2494.090088,2446.96997,2483.83008,90600
2023-08-14,2489.21997,2517.5,2485.46997,2517.16992,133300
2023-08-15,2516.80005,2537.1001,2507.86011,2510.41992,136400
2023-08-16,2517.81006,2530.36011,2488.0,2489.52002,124400
2023-08-17,2488.0,2505.0,2454.52002,2457.28003,153300
2023-08-18,2455.86011,2482.94995,2450.41992,2458.38989,221900
2023-08-21,2447.84009,2459.1499,2424.55005,2449.80005,133000
2023-08-22,2438.13989,2456.43994,2414.98999,2450.19995,104800
2023-08-23,2449.94995,2481.69995,2447.98999,2475.01001,106300
2023-08-24,2478.0,2486.69995,2447.0,2447.54004,108500
2023-08-25,2462.8501,2468.93994,2435.030029,2453.3999,109200
2023-08-28,2452.83008,2486.22998,2452.83008,2469.12988,98500
2023-08-29,2470.45996,2530.8999,2469.97998,2527.5,143000
2023-08-30,2534.59009,2573.91992,2534.59009,2563.17993,133300
2023-08-31,2558.15991,2563.6499,2530.84009,2531.33008,136300
2023-09-01,2547.20996,2547.20996,2519.51001,2542.38989,75800
2023-09-05,2527.54004,2569.48999,2511.030029,2556.060059,113600
2023-09-06,2550.20996,2578.51001,2535.29004,2568.88989,96500
2023-09-07,2583.91992,2600.70996,2552.71997,2572.20996,128800
2023-09-08,2579.92993,2628.61011,2575.0,2619.29004,139200
2023-09-11,2614.040039,2623.86011,2572.80005,2572.95996,145600
2023-09-12,2571.28003,2582.54004,2522.72998,2527.080078,136000
2023-09-13,2528.62012,2554.87988,2528.62012,2531.040039,141300
2023-09-14,2538.5,2578.47998,2538.5,2576.1001,126800
2023-09-15,2581.32007,2581.32007,2525.12988,2529.67993,266700
2023-09-18,2525.26001,2538.48999,2491.82007,2522.1001,169900
2023-09-19,2448.8999,2531.34009,2422.53003,2475.12012,284600
2023-09-20,2497.83008,2595.0,2487.34009,2583.36011,161000
2023-09-21,2576.23999,2576.23999,2529.62012,2530.76001,161700
2023-09-22,2528.92993,2576.050049,2528.92993,2570.27002,112800
2023-09-25,2563.90991,2595.58008,2555.070068,2580.30005,114400
2023-09-26,2570.030029,2599.25,2549.8999,2553.37012,128300
2023-09-27,2548.0,2557.27002,2519.48999,2540.8999,154800
2023-09-28,2555.92993,2566.42993,2522.0,2559.47998,84500
2023-09-29,2578.19995,2578.26001,2528.95996,2539.98999,149800
2023-10-02,2535.0,2552.80005,2515.28003,2522.92993,108700
2023-10-03,2520.46997,2528.21997,2463.45996,2472.040039,100300
2023-10-04,2471.90991,2509.20996,2458.71997,2497.6001,118100
2023-10-05,2499.55005,2527.46997,2449.29004,2521.67993,118500
2023-10-06,2496.79004,2566.56006,2476.5,2549.040039,165100
2023-10-09,2540.0,2570.0,2524.63989,2564.92993,109800
2023-10-10,2578.37012,2601.91992,2568.77002,2577.58008,112200
2023-10-11,2582.40991,2582.40991,2531.68994,2571.86011,98700
2023-10-12,2577.060059,2577.060059,2543.02002,2561.6499,105600
2023-10-13,2550.34009,2569.070068,2529.78003,2552.69995,122000
2023-10-16,2564.62012,2617.3501,2564.62012,2602.75,139000
2023-10-17,2598.8999,2651.88989,2593.040039,2650.69995,117000
2023-10-18,2652.73999,2658.17993,2627.56006,2629.3999,146600
2023-10-19,2602.27002,2629.69995,2493.88989,2494.65991,183000
2023-10-20,2491.38989,2526.070068,2488.3999,2488.55005,128500
2023-10-23,2485.0,2485.0,2432.070068,2432.82007,130200
2023-10-24,2434.11011,2459.01001,2408.30005,2416.54004,162700
2023-10-25,2400.0,2441.63989,2375.3501,2436.12012,161200
2023-10-26,2452.19995,2489.17993,2445.77002,2450.72998,150000
2023-10-27,2438.53003,2460.0,2425.0,2446.16992,150900
2023-10-30,2455.42993,2482.090088,2448.80005,2469.69995,115000
2023-10-31,2473.47998,2488.28003,2465.0,2477.12988,87500
2023-11-01,2476.8501,2499.98999,2463.44995,2490.71997,130400
2023-11-02,2491.5,2555.1001,2491.5,2546.02002,138600
2023-11-03,2548.56006,2598.13989,2548.56006,2574.54004,132800
2023-11-06,2581.70996,2609.01001,2581.70996,2605.82007,107900
2023-11-07,2617.91992,2660.0,2615.19995,2650.44995,120000
2023-11-08,2658.55005,2675.0,2645.62012,2652.8501,122200
2023-11-09,2661.53003,2686.61011,2650.91992,2678.95996,132400
2023-11-10,2679.23999,2712.90991,2667.3999,2702.34009,161800
2023-11-13,2702.34009,2734.15991,2696.87012,2707.12012,156900
2023-11-14,2731.91992,2733.19995,2667.65991,2684.53003,200400
2023-11-15,2693.37988,2698.3999,2625.0,2686.41992,167400
2023-11-16,2680.96997,2683.46997,2647.3999,2658.22998,151900
2023-11-17,2676.28003,2676.28003,2625.1001,2627.050049,152800
2023-11-20,2625.72998,2664.23999,2617.95996,2649.25,120700
2023-11-21,2660.0,2683.68994,2643.87012,2676.090088,86300
2023-11-22,2685.54004,2685.54004,2662.54004,2671.77002,93200
2023-11-24,2670.040039,2690.0,2666.84009,2688.0,37500
2023-11-27,2683.26001,2688.53003,2610.070068,2613.1499,198900
2023-11-28,2615.12988,2636.68994,2587.27002,2602.17993,121900
2023-11-29,2606.77002,2613.62988,2587.70996,2596.51001,160200
2023-11-30,2597.050049,2624.90991,2593.040039,2609.92993,266400
2023-12-01,2616.82007,2644.57007,2603.0,2641.75,233800
2023-12-04,2637.81006,2674.0,2630.68994,2664.11011,205800
2023-12-05,2700.0,2704.01001,2632.56006,2671.12988,221900
2023-12-06,2702.83008,2730.63989,2696.53003,2710.62012,173600
2023-12-07,2714.55005,2730.3999,2632.13989,2632.69995,180500
2023-12-08,2640.0,2640.0,2610.5,2620.48999,110300
2023-12-11,2621.61011,2642.61011,2610.47998,2633.5,112700
2023-12-12,2644.6499,2663.6001,2640.030029,2661.25,113200
2023-12-13,2677.63989,2724.11011,2668.92993,2719.78003,132400
2023-12-14,2728.68994,2728.68994,2632.77002,2636.68994,188000
2023-12-15,2600.90991,2634.62012,2566.80005,2628.050049,357600
2023-12-18,2638.0,2639.080078,2608.96997,2637.36011,106500
2023-12-19,2645.70996,2661.97998,2632.21997,2649.32007,117300
2023-12-20,2637.56006,2661.0,2606.23999,2607.34009,128600
2023-12-21,2621.0,2634.3501,2603.20996,2612.66992,99000
2023-12-22,2610.90991,2645.47998,2606.37012,2608.68994,91400
2023-12-26,2600.01001,2605.98999,2569.32007,2569.36011,131400
2023-12-27,2568.1499,2581.36011,2549.23999,2573.32007,94700
2023-12-28,2566.81006,2583.5,2556.20996,2567.6499,68800
2023-12-29,2570.75,2585.87012,2554.76001,2585.61011,116900
2024-01-02,2590.0,2623.58008,2564.16992,2568.5,177500
2024-01-03,2561.02002,2612.32007,2561.02002,2567.59009,168900
2024-01-04,2577.61011,2584.78003,2557.38989,2557.40991,127000
2024-01-05,2565.29004,2575.48999,2544.87988,2550.92993,190400
2024-01-08,2540.1001,2560.8999,2513.86011,2553.92993,135100
2024-01-09,2541.8501,2546.3501,2510.0,2521.28003,139800
2024-01-10,2521.61011,2542.90991,2514.080078,2537.15991,152000
2024-01-11,2536.44995,2548.62012,2512.61011,2546.6499,108600
2024-01-12,2540.080078,2577.21997,2540.080078,2569.1001,109300
2024-01-16,2578.71997,2671.3999,2575.0,2669.56006,205400
2024-01-17,2676.19995,2692.62988,2655.75,2669.20996,144200
2024-01-18,2658.17993,2724.98999,2658.17993,2722.97998,183800
2024-01-19,2728.01001,2774.98999,2715.87988,2746.43994,195700
2024-01-22,2738.98999,2779.98999,2704.3501,2770.98999,220500
2024-01-23,2770.98999,2783.52002,2731.20996,2768.31006,155200
2024-01-24,2770.0,2770.0,2743.38989,2751.62012,113800
2024-01-25,2750.0,2759.92993,2722.3999,2748.61011,124100
2024-01-26,2748.050049,2780.23999,2748.050049,2780.23999,103000
2024-01-29,2783.80005,2806.70996,2776.8999,2794.43994,148200
2024-01-30,2803.70996,2849.98999,2785.070068,2838.65991,170300
2024-01-31,2828.62988,2840.80005,2758.66992,2762.12988,202600
2024-02-01,2751.8501,2800.13989,2747.0,2798.1499,176500
2024-02-02,2794.96997,2841.81006,2773.81006,2821.88989,167700
2024-02-05,2801.12012,2810.19995,2769.82007,2803.97998,134700
2024-02-06,2799.83008,2820.0,2792.96997,2811.86011,138700
2024-02-07,2812.0,2855.20996,2807.19995,2842.54004,153200
2024-02-08,2757.0,2798.56006,2707.5,2731.65991,283700
2024-02-09,2735.040039,2742.31006,2679.40991,2680.0,220900
2024-02-12,2680.0,2709.1001,2672.31006,2703.87988,142500
2024-02-13,2701.51001,2761.0,2689.77002,2726.1499,149600
2024-02-14,2740.36011,2740.36011,2708.0,2726.87012,95600
2024-02-15,2720.22998,2742.55005,2702.87012,2724.87988,148700
2024-02-16,2739.31006,2746.67993,2719.75,2727.83008,152200
2024-02-20,2727.83008,2733.55005,2696.1499,2696.1499,132000
2024-02-21,2699.83008,2740.11011,2680.95996,2729.68994,139700
2024-02-22,2759.69995,2778.97998,2742.88989,2758.77002,109200
2024-02-23,2747.48999,2775.22998,2714.23999,2756.34009,223300
2024-02-26,2757.38989,2785.15991,2708.090088,2770.45996,221900
2024-02-27,2850.0,2956.8501,2825.0,2954.98999,376100
2024-02-28,2972.8999,3017.31006,2956.45996,3011.62012,253300
2024-02-29,3025.95996,3025.95996,2977.6001,3006.02002,253100
2024-03-01,3005.6499,3038.67993,2983.090088,3035.98999,134800
2024-03-04,3028.38989,3088.8501,3028.38989,3079.93994,166000
2024-03-05,3083.87988,3113.84009,3066.83008,3102.86011,149700
2024-03-06,3106.0,3130.25,3086.37012,3104.19995,108700
2024-03-07,3127.91992,3152.65991,3094.70996,3124.01001,119800
2024-03-08,3114.26001,3119.54004,3064.46997,3079.48999,139400
2024-03-11,3069.0,3069.0,3014.71997,3060.28003,146700
2024-03-12,3065.3501,3075.19995,3036.41992,3059.51001,125900
2024-03-13,3059.51001,3105.54004,3042.57007,3089.23999,172100
2024-03-14,3110.54004,3119.040039,3079.44995,3119.040039,109000
2024-03-15,3101.8999,3133.070068,3101.8999,3124.33008,290900
2024-03-18,3131.0,3147.3501,3094.84009,3101.96997,130000
2024-03-19,3134.94995,3161.43994,3130.93994,3153.81006,121600
2024-03-20,3160.0,3192.19995,3154.75,3187.37988,220900
2024-03-21,3185.1001,3236.12988,3160.1499,3210.3999,123500
2024-03-22,3207.30005,3256.37012,3180.27002,3239.32007,102000
2024-03-25,3237.42993,3237.42993,3168.56006,3170.82007,143900
2024-03-26,3166.58008,3206.37012,3166.58008,3191.47998,133800
2024-03-27,3208.87988,3212.52002,3171.11011,3192.79004,102100
2024-03-28,3198.59009,3198.59009,3151.55005,3151.6499,173100
2024-04-01,3139.13989,3182.13989,3139.13989,3168.6001,105600
2024-04-02,3179.37012,3198.48999,3155.060059,3170.040039,100300
2024-04-03,3171.12988,3189.02002,3145.83008,3146.62988,100000
2024-04-04,3161.48999,3161.48999,3084.030029,3085.040039,117400
2024-04-05,3097.070068,3121.070068,3094.87988,3104.93994,84700
2024-04-08,3089.25,3113.45996,3064.94995,3076.090088,148300
2024-04-09,3078.1001,3078.1001,3016.47998,3043.62012,225900
2024-04-10,3023.12988,3040.69995,3000.29004,3025.75,90600
2024-04-11,3025.75,3031.79004,2980.67993,3006.76001,116500
2024-04-12,2994.75,3006.72998,2955.26001,2962.32007,147800
2024-04-15,3007.56006,3007.56006,2900.0,2903.51001,170400
2024-04-16,2910.30005,2926.30005,2877.19995,2910.27002,177200
2024-04-17,2933.3501,2949.45996,2900.0,2938.26001,119900
2024-04-18,2964.060059,3005.0,2952.27002,2973.16992,132200
2024-04-19,2987.21997,2999.86011,2971.70996,2985.54004,114400
2024-04-22,3004.95996,3004.95996,2951.40991,2961.65991,167600
2024-04-23,2990.43994,2990.43994,2957.48999,2961.040039,84500
2024-04-24,2945.86011,2994.26001,2944.060059,2988.51001,128300
2024-04-25,2901.84009,2952.55005,2851.41992,2945.25,236100
2024-04-26,2934.56006,2962.73999,2933.5,2945.97998,115800
2024-04-29,2944.97998,2998.78003,2943.61011,2998.78003,135600
2024-04-30,2997.88989,3005.18994,2943.070068,2956.3999,125000
2024-05-01,2952.86011,2970.8501,2927.58008,2946.81006,95200
2024-05-02,2955.0,2972.54004,2946.84009,2962.090088,89800
2024-05-03,2966.5,2987.11011,2949.82007,2952.19995,102100
2024-05-06,2967.46997,2976.51001,2956.30005,2967.69995,117500
2024-05-07,2986.70996,3008.33008,2973.23999,2990.6499,113400
2024-05-08,2991.12012,3004.90991,2957.67993,2962.52002,81300
2024-05-09,2977.41992,2990.79004,2970.02002,2987.050049,77900
2024-05-10,2997.050049,3005.6001,2970.96997,2979.32007,105800
2024-05-13,3003.92993,3003.92993,2919.5,2937.91992,162400
2024-05-14,2948.21997,2950.68994,2912.27002,2921.42993,214000
2024-05-15,2921.42993,2938.71997,2911.21997,2930.16992,224200
2024-05-16,2932.6001,2942.92993,2890.80005,2900.98999,188300
2024-05-17,2933.8501,2933.8501,2890.11011,2917.5,191000
2024-05-20,2917.5,2941.83008,2905.030029,2924.040039,246800
2024-05-21,2877.1499,2895.0,2796.8501,2820.83008,293000
2024-05-22,2807.02002,2825.69995,2760.040039,2772.63989,236200
2024-05-23,2766.72998,2789.12988,2750.69995,2777.54004,141800
2024-05-24,2790.8501,2797.090088,2776.69995,2792.8999,93900
2024-05-28,2792.8999,2803.25,2776.71997,2800.0,125500
2024-05-29,2768.69995,2787.94995,2739.1001,2739.1001,182200
2024-05-30,2745.65991,2783.65991,2745.65991,2772.56006,112300
2024-05-31,2768.18994,2790.37988,2741.13989,2769.93994,161900
2024-06-03,2772.17993,2794.34009,2728.96997,2772.62012,157700
2024-06-04,2764.18994,2801.88989,2762.19995,2790.97998,143600
2024-06-05,2801.71997,2803.5,2750.53003,2776.28003,196700
2024-06-06,2785.0,2785.050049,2753.61011,2764.68994,151900
2024-06-07,2761.75,2810.6499,2760.0,2800.69995,110700
2024-06-10,2800.0,2800.0,2765.82007,2780.94995,164600
2024-06-11,2778.37988,2818.69995,2769.0,2811.030029,158000
2024-06-12,2808.77002,2823.25,2804.13989,2817.92993,172200
2024-06-13,2822.6001,2830.090088,2798.61011,2813.3999,93900
2024-06-14,2803.27002,2838.32007,2792.13989,2835.82007,114600
2024-06-17,2836.0,2943.82007,2835.0,2938.83008,187200
2024-06-18,2943.78003,2986.52002,2943.78003,2968.75,120800
2024-06-20,2979.46997,3029.87988,2979.46997,3008.22998,287400
2024-06-21,3020.81006,3054.5,2984.81006,2990.3501,192100
2024-06-24,2981.55005,2992.57007,2962.37012,2985.43994,120700
2024-06-25,2982.47998,2986.0,2925.40991,2936.40991,125600
2024-06-26,2926.67993,2936.63989,2893.30005,2929.69995,142200
2024-06-27,2951.0,2955.40991,2924.5,2955.3999,106500
2024-06-28,2948.41992,2989.1499,2939.79004,2964.1001,188400
2024-07-01,2956.3501,2956.3501,2806.51001,2832.79004,168700
2024-07-02,2833.73999,2870.0,2811.34009,2870.0,129100
2024-07-03,2869.59009,2870.0,2818.0,2844.87988,88700
2024-07-05,2841.87012,2841.87012,2801.48999,2815.0,110300
2024-07-08,2839.59009,2863.47998,2811.76001,2836.3999,99900
2024-07-09,2836.3999,2836.6499,2805.0,2817.060059,85500
2024-07-10,2829.43994,2859.51001,2802.79004,2856.3501,70700
2024-07-11,2838.70996,2885.1499,2836.81006,2881.8999,120600
2024-07-12,2917.43994,2955.59009,2898.12988,2920.83008,110900
2024-07-15,2912.5,2960.23999,2912.5,2941.45996,115600
2024-07-16,2954.68994,3007.6499,2954.68994,2985.33008,118100
2024-07-17,2996.0,2996.46997,2957.51001,2984.11011,109700
2024-07-18,2983.59009,2990.0,2921.27002,2926.3501,94100
2024-07-19,2949.34009,2973.70996,2931.90991,2950.3999,90300
2024-07-22,2955.83008,2976.13989,2940.67993,2957.72998,91200
2024-07-23,2940.0,2967.82007,2914.25,2921.53003,86700
2024-07-24,2918.94995,2950.72998,2894.02002,2941.72998,126900
2024-07-25,2930.0,3048.8999,2921.87012,3030.96997,186200
2024-07-26,3028.34009,3115.17993,3028.34009,3090.31006,182600
2024-07-29,3088.0,3102.58008,3028.54004,3072.65991,103400
2024-07-30,3074.8999,3116.67993,3046.73999,3108.3999,103300
2024-07-31,3100.0,3145.59009,3098.090088,3133.68994,127000
2024-08-01,3135.070068,3158.67993,3119.88989,3148.36011,100000
2024-08-02,3145.98999,3178.80005,3119.27002,3177.66992,140200
2024-08-05,3173.92993,3192.16992,3104.30005,3112.42993,181200
2024-08-06,3112.87988,3190.5,3112.87988,3119.59009,114000
2024-08-07,3115.67993,3163.87988,3083.32007,3084.34009,100900
2024-08-08,3084.34009,3168.95996,3084.18994,3157.02002,124200
2024-08-09,3173.27002,3173.27002,3109.36011,3120.25,73500
2024-08-12,3162.11011,3164.44995,3101.46997,3148.6001,125600
2024-08-13,3138.12988,3168.87988,3122.90991,3155.90991,120700
2024-08-14,3153.86011,3225.58008,3153.86011,3196.41992,111600
2024-08-15,3207.72998,3207.72998,3153.040039,3168.93994,109500
2024-08-16,3176.36011,3227.3999,3172.36011,3212.87012,86300
2024-08-19,3194.76001,3205.90991,3156.02002,3172.17993,128800
2024-08-20,3176.98999,3208.76001,3172.20996,3186.81006,75500
2024-08-21,3198.94995,3213.23999,3193.76001,3202.21997,79100
2024-08-22,3180.0,3189.47998,3160.080078,3170.88989,87100
2024-08-23,3192.68994,3192.68994,3108.29004,3125.66992,120900
2024-08-26,3136.76001,3178.1499,3136.76001,3157.1001,84000
2024-08-27,3148.17993,3187.27002,3148.17993,3181.8501,59800
2024-08-28,3190.19995,3211.33008,3179.52002,3196.69995,60600
2024-08-29,3217.23999,3231.8501,3176.78003,3204.72998,93200
2024-08-30,3210.87012,3234.02002,3149.73999,3181.47998,129700
2024-09-03,3185.72998,3185.72998,3128.70996,3139.66992,133600
2024-09-04,3141.15991,3169.72998,3117.29004,3166.70996,97000
2024-09-05,3166.42993,3166.42993,3110.52002,3141.16992,86600
2024-09-06,3143.22998,3159.68994,3084.58008,3092.56006,107600
2024-09-09,3095.11011,3151.02002,3081.6001,3120.5,105300
2024-09-10,3109.58008,3134.87012,3081.15991,3132.27002,97200
2024-09-11,3123.1499,3123.1499,3046.48999,3119.31006,97300
2024-09-12,3114.83008,3126.030029,3083.68994,3104.76001,98400
2024-09-13,3122.27002,3140.30005,3098.38989,3123.36011,95200
2024-09-16,3145.21997,3157.62012,3086.6499,3101.040039,117900
2024-09-17,3106.090088,3142.090088,3070.37012,3078.31006,145900
2024-09-18,3097.12012,3103.51001,3060.69995,3074.70996,124200
2024-09-19,3088.01001,3088.01001,3025.01001,3040.090088,207300
2024-09-20,3038.26001,3056.56006,3005.1001,3020.65991,281300
2024-09-23,3042.6499,3064.80005,3013.050049,3048.82007,203300
2024-09-24,2919.87988,3097.81006,2898.57007,3043.96997,315600
2024-09-25,3077.88989,3119.97998,3035.51001,3108.96997,138200
2024-09-26,3095.91992,3198.43994,3095.91992,3189.090088,126300
2024-09-27,3178.73999,3207.75,3169.3501,3196.61011,115600
2024-09-30,3200.0,3200.0,3137.67993,3150.040039,110100
2024-10-01,3151.15991,3182.45996,3119.91992,3172.97998,110300
2024-10-02,3160.11011,3199.0,3076.0,3083.42993,176700
2024-10-03,3062.43994,3079.29004,3041.37012,3066.91992,123600
2024-10-04,3080.0,3089.0,3020.98999,3033.58008,94500
2024-10-07,3025.23999,3096.80005,3015.0,3053.44995,90500
2024-10-08,3072.21997,3102.48999,3042.070068,3102.090088,97200
2024-10-09,3088.060059,3159.81006,3085.36011,3146.070068,101500
2024-10-10,3156.43994,3156.43994,3083.56006,3106.55005,97300
2024-10-11,3122.16992,3138.98999,3100.11011,3129.78003,67300
2024-10-14,3075.1499,3167.26001,3075.1499,3153.040039,98600
2024-10-15,3127.0,3160.61011,3076.75,3100.0,189200
2024-10-16,3100.0,3136.78003,3078.45996,3128.63989,133700
2024-10-17,3120.0,3158.0,3102.51001,3158.0,87000
2024-10-18,3180.45996,3197.20996,3141.43994,3182.070068,113400
2024-10-21,3185.0,3223.48999,3185.0,3218.47998,94100
2024-10-22,3179.86011,3201.41992,3149.78003,3172.050049,83700
2024-10-23,3183.44995,3196.55005,3163.38989,3196.55005,130200
2024-10-24,3146.28003,3171.17993,3112.33008,3153.25,111000
2024-10-25,3165.6001,3172.57007,3119.98999,3130.95996,85400
2024-10-28,3126.12012,3139.28003,3078.46997,3105.92993,109900
2024-10-29,3090.87988,3108.01001,3060.88989,3060.88989,106800
2024-10-30,3065.79004,3066.46997,3012.3999,3017.97998,109800
2024-10-31,3008.93994,3029.1499,2990.3999,3009.0,156700
2024-11-01,3020.56006,3026.91992,2980.1001,2981.18994,127200
2024-11-04,2981.18994,3051.96997,2981.18994,3046.3501,102700
2024-11-05,3034.45996,3071.91992,3010.44995,3059.83008,138600
2024-11-06,3123.030029,3232.93994,3123.030029,3196.37988,215700
2024-11-07,3205.050049,3205.050049,3143.19995,3150.17993,140600
2024-11-08,3166.92993,3172.6499,3105.62988,3110.12012,145800
2024-11-11,3117.95996,3182.56006,3117.95996,3173.3999,173200
2024-11-12,3172.96997,3218.70996,3169.61011,3175.71997,127200
2024-11-13,3173.98999,3195.87012,3155.82007,3161.87012,103200
2024-11-14,3189.0,3200.0,3131.21997,3136.060059,107600
2024-11-15,3133.0,3150.79004,3100.0,3107.53003,117900
2024-11-18,3093.01001,3176.90991,3093.01001,3166.92993,130400
2024-11-19,3141.27002,3141.27002,3097.54004,3106.90991,144200
2024-11-20,3121.44995,3121.44995,3036.3999,3049.58008,121200
2024-11-21,3083.38989,3083.38989,3055.02002,3068.68994,92400
2024-11-22,3086.56006,3114.92993,3082.080078,3099.37988,126000
2024-11-25,3121.62012,3164.72998,3104.36011,3109.56006,206000
2024-11-26,3099.81006,3157.53003,3076.43994,3144.20996,247100
2024-11-27,3124.73999,3194.44995,3124.73999,3190.1001,137200
2024-11-29,3173.93994,3232.98999,3169.54004,3169.54004,93200
2024-12-02,3184.0,3210.040039,3173.37988,3179.52002,160500
2024-12-03,3187.62988,3209.46997,3171.29004,3189.5,130000
2024-12-04,3177.27002,3252.30005,3173.75,3189.97998,146600
2024-12-05,3199.88989,3242.55005,3179.0,3190.070068,105800
2024-12-06,3238.19995,3313.0,3218.0,3309.43994,185500
2024-12-09,3333.25,3345.28003,3305.57007,3324.01001,221800
2024-12-10,3278.20996,3416.70996,3270.0,3347.15991,230000
2024-12-11,3339.94995,3394.18994,3339.94995,3342.71997,119100
2024-12-12,3338.5,3352.70996,3300.0,3340.47998,125500
2024-12-13,3359.34009,3378.95996,3345.43994,3370.27002,111300
2024-12-16,3369.0,3392.46997,3335.96997,3350.12988,136100
2024-12-17,3350.0,3352.15991,3314.37012,3319.11011,136100
2024-12-18,3318.30005,3324.36011,3236.69995,3238.52002,136700
2024-12-19,3266.080078,3266.080078,3209.25,3215.29004,128600
2024-12-20,3221.12988,3274.26001,3206.15991,3253.46997,268800
2024-12-23,3225.22998,3251.84009,3198.91992,3242.22998,175000
2024-12-24,3269.0,3286.96997,3252.56006,3283.47998,57500
2024-12-26,3271.84009,3286.6001,3239.98999,3241.25,80900
2024-12-27,3225.0,3262.1001,3220.95996,3241.62012,78600
2024-12-30,3235.78003,3235.78003,3180.48999,3185.70996,112500
2024-12-31,3177.0,3223.75,3174.51001,3202.0,104600
2025-01-02,3211.1499,3250.0,3211.1499,3250.0,105300
2025-01-03,3241.02002,3270.28003,3235.070068,3268.78003,113100
2025-01-06,3245.87012,3328.65991,3245.87012,3293.45996,181200
2025-01-07,3309.31006,3334.63989,3254.43994,3259.90991,104700
2025-01-08,3253.18994,3305.22998,3248.97998,3303.3501,82300
2025-01-10,3235.01001,3288.1001,3232.92993,3251.32007,132900
2025-01-13,3237.12012,3276.8999,3232.87012,3239.62012,115300
2025-01-14,3246.80005,3259.20996,3218.19995,3227.80005,83000
2025-01-15,3252.91992,3254.47998,3203.26001,3206.050049,103700
2025-01-16,3212.75,3217.33008,3162.0,3193.95996,110100
2025-01-17,3207.67993,3230.8501,3202.12988,3228.3999,144300
2025-01-21,3237.20996,3312.59009,3205.22998,3297.71997,104500
2025-01-22,3301.63989,3331.77002,3276.51001,3326.01001,102900
2025-01-23,3346.83008,3376.75,3311.6499,3373.57007,103100
2025-01-24,3360.66992,3361.40991,3301.83008,3332.53003,85000
2025-01-27,3329.54004,3437.62988,3329.54004,3372.82007,136600
2025-01-28,3362.3999,3378.15991,3313.69995,3318.58008,93600
2025-01-29,3306.83008,3325.55005,3295.090088,3314.050049,84000
2025-01-30,3340.40991,3364.19995,3331.0,3351.01001,79100
2025-01-31,3351.65991,3375.66992,3331.8501,3350.20996,94200
2025-02-03,3338.20996,3445.050049,3312.3999,3432.19995,209400
2025-02-04,3425.36011,3475.1001,3389.84009,3459.0,127400
2025-02-05,3470.13989,3481.36011,3440.0,3474.080078,96900
2025-02-06,3454.94995,3484.41992,3435.0,3466.68994,73500
2025-02-07,3457.0,3467.0,3410.3501,3420.18994,85100
2025-02-10,3427.75,3437.48999,3413.18994,3427.55005,70200
2025-02-11,3409.26001,3450.90991,3406.75,3445.79004,82900
2025-02-12,3412.41992,3444.3999,3412.41992,3432.95996,59900
2025-02-13,3445.51001,3474.17993,3427.87012,3469.70996,68700
2025-02-14,3477.83008,3478.0,3435.61011,3458.55005,77000
2025-02-18,3451.0,3451.0,3371.71997,3384.42993,116600
2025-02-19,3399.65991,3417.37012,3388.27002,3396.45996,84700
2025-02-20,3389.050049,3414.72998,3384.40991,3406.65991,71000
2025-02-21,3415.8999,3415.8999,3359.5,3368.97998,87500
2025-02-24,3391.96997,3401.66992,3373.80005,3401.0,82500
2025-02-25,3416.30005,3435.0,3411.77002,3425.6001,124200
2025-02-26,3430.66992,3430.66992,3381.20996,3392.96997,93600
2025-02-27,3400.66992,3459.76001,3395.28003,3444.68994,106900
2025-02-28,3479.76001,3500.0,3437.51001,3493.01001,157200
2025-03-03,3498.0,3519.0,3449.93994,3477.76001,180000
2025-03-04,3425.72998,3563.57007,3411.19995,3473.65991,308200
2025-03-05,3474.92993,3570.5,3469.6001,3555.87988,167100
2025-03-06,3544.81006,3615.79004,3532.27002,3615.79004,180300
2025-03-07,3589.94995,3636.95996,3549.80005,3614.96997,198900
2025-03-10,3622.040039,3704.42993,3622.040039,3690.12012,188900
2025-03-11,3680.0,3680.0,3524.57007,3562.76001,208100
2025-03-12,3562.76001,3573.79004,3492.87012,3547.12988,115900
2025-03-13,3559.69995,3565.02002,3502.98999,3545.6499,158400
2025-03-14,3550.0,3578.060059,3520.91992,3554.90991,164200
2025-03-17,3555.17993,3627.43994,3550.52002,3620.82007,129200
2025-03-18,3634.20996,3634.20996,3585.95996,3614.27002,87200
2025-03-19,3616.0,3620.47998,3571.37012,3591.61011,134600
2025-03-20,3584.090088,3610.0,3567.090088,3573.37988,81300
2025-03-21,3594.29004,3617.28003,3547.80005,3606.34009,208700
2025-03-24,3639.17993,3680.0,3619.72998,3657.82007,115900
2025-03-25,3655.8501,3678.38989,3612.78003,3672.22998,135200
2025-03-26,3680.0,3693.87988,3663.0,3681.67993,129200
2025-03-27,3700.0,3838.0,3680.0,3828.11011,285600
2025-03-28,3817.82007,3832.090088,3745.48999,3771.0,166700
2025-03-31,3776.84009,3842.82007,3776.84009,3812.78003,209700
2025-04-01,3801.0,3830.26001,3786.91992,3813.27002,221800
2025-04-02,3778.0,3822.84009,3760.91992,3809.26001,100000
2025-04-03,3770.8999,3916.81006,3770.8999,3826.1499,182000
2025-04-04,3792.71997,3845.1001,3652.21997,3653.23999,209900
2025-04-07,3550.0,3572.34009,3434.0,3478.37988,313800
2025-04-08,3535.54004,3603.68994,3473.33008,3499.080078,206100
2025-04-09,3468.27002,3708.040039,3433.6499,3575.12012,248600
2025-04-10,3551.040039,3650.0,3513.33008,3615.23999,180700
2025-04-11,3598.3999,3681.63989,3598.3999,3659.6001,144400
2025-04-14,3671.29004,3700.3501,3648.090088,3680.78003,118300
2025-04-15,3699.75,3699.75,3631.16992,3631.16992,113200
2025-04-16,3638.030029,3661.54004,3565.0,3566.86011,89700
2025-04-17,3575.18994,3630.70996,3575.18994,3603.46997,84300
2025-04-21,3591.8999,3618.75,3506.62012,3569.23999,129900
2025-04-22,3592.21997,3682.0,3592.21997,3678.65991,115700
2025-04-23,3679.0,3712.90991,3629.65991,3652.11011,114400
2025-04-24,3626.57007,3700.0,3565.86011,3609.6499,122400
2025-04-25,3623.84009,3623.84009,3533.32007,3609.33008,103800
2025-04-28,3636.0,3636.0,3604.23999,3617.90991,87100
2025-04-29,3603.72998,3706.72998,3603.72998,3704.94995,111300
2025-04-30,3704.94995,3774.54004,3662.72998,3762.6001,159800
2025-05-01,3721.28003,3757.47998,3711.70996,3732.91992,103300
2025-05-02,3790.87012,3790.87012,3737.57007,3756.33008,77300
2025-05-05,3767.48999,3783.22998,3730.83008,3775.55005,105300
2025-05-06,3768.060059,3773.47998,3733.90991,3747.02002,71800
2025-05-07,3740.1499,3773.040039,3738.30005,3745.54004,86500
2025-05-08,3742.19995,3742.19995,3658.1499,3674.72998,86800
2025-05-09,3700.54004,3700.54004,3636.98999,3663.72998,82000
2025-05-12,3699.070068,3706.090088,3565.02002,3664.25,135000
2025-05-13,3665.0,3694.84009,3638.97998,3644.75,77900
2025-05-14,3647.0,3665.02002,3633.16992,3645.42993,99900
2025-05-15,3654.46997,3758.37012,3654.46997,3758.37012,135700
2025-05-16,3760.41992,3791.32007,3747.19995,3786.41992,161300
2025-05-19,3813.80005,3882.53003,3797.44995,3879.96997,139100
2025-05-20,3875.0,3900.0,3834.55005,3880.1499,106600
2025-05-21,3910.0,3910.0,3837.01001,3872.6001,114300
2025-05-22,3871.87988,3900.0,3846.90991,3859.25,105500
2025-05-23,3855.01001,3882.87012,3821.95996,3826.45996,151200
2025-05-27,3750.0,3860.91992,3641.55005,3695.65991,322900
2025-05-28,3702.95996,3790.1001,3702.95996,3744.41992,205400
2025-05-29,3730.59009,3730.59009,3668.88989,3689.62988,135200
2025-05-30,3706.30005,3764.37988,3695.6001,3733.040039,191000
2025-06-02,3709.44995,3769.77002,3702.18994,3749.81006,138300
2025-06-03,3740.0,3768.43994,3708.0,3748.0,96000
2025-06-04,3740.0,3752.8999,3699.37012,3717.040039,95100
2025-06-05,3733.80005,3737.5,3686.42993,3725.25,84500
2025-06-06,3730.01001,3737.15991,3677.060059,3719.23999,98900
2025-06-09,3711.13989,3711.13989,3642.55005,3697.47998,173600
2025-06-10,3700.0,3723.30005,3694.01001,3713.57007,178400
2025-06-11,3703.21997,3723.98999,3650.0,3658.59009,115300
2025-06-12,3660.070068,3688.37012,3620.080078,3683.46997,156600
2025-06-13,3664.81006,3686.0,3625.80005,3642.6001,119900
2025-06-16,3644.030029,3644.96997,3565.98999,3603.16992,146800
2025-06-17,3597.51001,3646.95996,3597.51001,3604.6499,138800
2025-06-18,3620.62988,3642.16992,3596.3501,3603.62988,131700
2025-06-20,3606.5,3656.28003,3591.1001,3655.33008,206100
2025-06-23,3664.63989,3727.42993,3642.31006,3709.54004,214700
2025-06-24,3697.23999,3697.23999,3575.40991,3577.54004,161400
2025-06-25,3568.47998,3583.84009,3477.87988,3489.54004,227700
2025-06-26,3502.97998,3525.6001,3442.76001,3522.25,204200
2025-06-27,3517.040039,3612.1001,3517.040039,3609.48999,367900
2025-06-30,3628.17993,3723.41992,3583.11011,3712.22998,185400
2025-07-01,3707.51001,3750.98999,3688.61011,3718.59009,134600
2025-07-02,3695.27002,3720.1499,3661.76001,3685.34009,111400
2025-07-03,3723.43994,3770.29004,3695.1499,3769.26001,84800
2025-07-07,3763.90991,3795.22998,3746.48999,3790.63989,115800
2025-07-08,3782.3501,3783.5,3721.050049,3742.080078,108300
2025-07-09,3731.63989,3748.75,3703.28003,3742.17993,83500
2025-07-10,3749.72998,3779.94995,3700.0,3728.47998,188300
2025-07-11,3710.51001,3731.6499,3681.83008,3705.63989,105600
2025-07-14,3711.20996,3778.48999,3695.59009,3772.30005,126900
2025-07-15,3749.8501,3789.92993,3690.48999,3696.93994,68000
2025-07-16,3693.75,3693.75,3632.1499,3682.62012,110800
2025-07-17,3674.25,3719.95996,3637.070068,3649.41992,96300
2025-07-18,3665.21997,3715.92993,3650.0,3713.92993,100700
2025-07-21,3714.36011,3774.5,3705.3501,3729.69995,107600
2025-07-22,3730.29004,3775.97998,3706.040039,3773.70996,101500
2025-07-23,3764.0,3773.87012,3705.88989,3771.18994,123000
2025-07-24,3774.53003,3891.69995,3762.17993,3841.5,174300
2025-07-25,3861.060059,3893.20996,3814.11011,3820.90991,80700
2025-07-28,3802.8999,3822.0,3780.77002,3796.56006,77300
2025-07-29,3824.6001,3879.45996,3803.92993,3873.8501,171100
2025-07-30,3891.28003,3919.5,3817.44995,3843.11011,124300
2025-07-31,3828.98999,3860.92993,3754.41992,3768.37988,162300
2025-08-01,3816.87988,3859.12012,3755.88989,3858.86011,104900
2025-08-04,3870.61011,3972.18994,3870.61011,3967.76001,113000
2025-08-05,3961.6001,4021.92993,3961.6001,4011.25,152500
2025-08-06,4023.050049,4094.68994,4020.0,4072.80005,109300
2025-08-07,4072.80005,4081.060059,4012.31006,4060.33008,73300
2025-08-08,4060.32007,4078.80005,4027.79004,4035.15991,93600
2025-08-11,4043.98999,4055.62988,4017.38989,4036.79004,96400
2025-08-12,4041.62012,4045.98999,3974.090088,4000.66992,95600
2025-08-13,4022.91992,4049.62012,4013.1499,4036.42993,108300
2025-08-14,4030.86011,4041.1001,3989.53003,3992.47998,80500
2025-08-15,4005.6001,4021.01001,3989.25,4006.90991,100200
2025-08-18,4030.0,4066.67993,4023.75,4039.94995,137300
2025-08-19,4029.30005,4138.35986,4029.30005,4128.7998,114200
2025-08-20,4154.27979,4187.39014,4121.33984,4158.1001,121800
2025-08-21,4109.29004,4147.49023,4100.02002,4127.68994,91400
2025-08-22,4151.1499,4157.56982,4089.13989,4110.60986,119400
2025-08-25,4100.0,4141.5,4086.88989,4139.83008,80200
2025-08-26,4145.8501,4187.37012,4117.2002,4180.16992,117500
2025-08-27,4216.02002,4216.02002,4164.02002,4205.41016,113500
2025-08-28,4187.2998,4222.43994,4172.77002,4197.089844,78900
2025-08-29,4213.99023,4229.68018,4182.25977,4198.52979,89700
2025-09-02,4198.0,4225.0,4165.16992,4179.83984,96700
2025-09-03,4174.93994,4195.47998,4165.81982,4189.47998,92200
2025-09-04,4195.1499,4238.18994,4180.0,4232.95996,80600
2025-09-05,4237.049805,4248.14014,4200.0,4219.41016,92400
2025-09-08,4218.0,4259.22021,4218.0,4242.87988,112900
2025-09-09,4224.0,4291.12012,4204.31006,4291.12012,94100
2025-09-10,4282.0,4304.93994,4238.89014,4252.8999,99300
2025-09-11,4263.87988,4388.10986,4263.87988,4354.54004,163200
2025-09-12,4316.68018,4363.29004,4316.68018,4322.1499,100900
2025-09-15,4334.81006,4357.81006,4198.56006,4233.2998,166800
2025-09-16,4237.6001,4285.33984,4212.33984,4223.93018,118900
2025-09-17,4234.99023,4236.62012,4194.27979,4232.56982,106800
2025-09-18,4223.60986,4235.68018,4112.50977,4132.83008,242600
2025-09-19,4146.22021,4149.72998,4114.5,4140.35986,184600
2025-09-22,4166.62012,4188.35986,4105.2002,4121.0,192600
2025-09-23,4034.72998,4179.22021,3969.59009,4120.0,263700
2025-09-24,4109.72021,4228.0,4050.01001,4176.89014,183000
2025-09-25,4176.89014,4176.89014,4090.16992,4136.069824,143000
2025-09-26,4139.3501,4217.5498,4118.29004,4198.029785,87200
2025-09-29,4189.56006,4276.0,4139.91016,4273.83984,132100
2025-09-30,4270.0,4332.68018,4270.0,4290.24023,121600
2025-10-01,4267.31982,4286.37988,4197.8501,4247.95996,118800
2025-10-02,4222.27979,4293.029785,4184.58984,4253.70996,106400
2025-10-03,4245.54004,4252.54004,4177.20996,4215.080078,91400
2025-10-06,4213.52979,4224.080078,4101.7998,4174.43018,136500
2025-10-07,4170.0,4170.0,4068.22998,4085.92993,115900
2025-10-08,4073.62988,4090.12988,4020.01001,4027.76001,112700
2025-10-09,4054.98999,4054.98999,3916.62988,3967.28003,171300
2025-10-10,3986.80005,4093.91992,3941.29004,4075.31006,156600
2025-10-13,4056.65991,4146.41992,4056.65991,4097.97021,93400
2025-10-14,4095.23999,4113.43994,4051.45996,4055.98999,112200
2025-10-15,4022.0,4076.34009,4000.0,4027.030029,120300
2025-10-16,4035.82007,4047.40991,4002.30005,4007.90991,76500
2025-10-17,4019.51001,4036.21997,3981.36011,4030.16992,110100
2025-10-20,4030.16992,4034.1001,3945.12012,3968.57007,119600
2025-10-21,3985.3999,4015.0,3952.69995,4006.20996,102600
2025-10-22,4010.0,4040.0,3974.37988,3997.26001,79600
2025-10-23,3986.0,3986.51001,3744.02002,3850.0,307000
2025-10-24,3880.3501,3880.3501,3788.90991,3805.56006,125400
2025-10-27,3775.0,3835.0,3775.0,3814.20996,127000
2025-10-28,3785.050049,3878.37012,3785.050049,3803.0,140500
2025-10-29,3793.5,3826.66992,3692.32007,3709.12012,147000
2025-10-30,3670.6001,3756.33008,3670.6001,3705.62988,136500
2025-10-31,3669.6001,3708.02002,3654.76001,3674.42993,145600
2025-11-03,3665.31006,3665.31006,3492.6001,3576.13989,227400
2025-11-04,3594.11011,3690.050049,3572.47998,3675.8999,186300
2025-11-05,3683.87988,3749.93994,3652.61011,3661.81006,131500
2025-11-06,3630.0,3714.41992,3613.12012,3673.65991,137700
2025-11-07,3695.38989,3718.84009,3645.95996,3718.26001,115700
2025-11-10,3681.11011,3741.87988,3657.030029,3728.090088,107800
2025-11-11,3735.0,3778.040039,3720.54004,3756.23999,75800
2025-11-12,3778.26001,3808.0,3752.5,3788.69995,101700
2025-11-13,3867.060059,3886.28003,3817.080078,3819.29004,127000
2025-11-14,3837.40991,3878.93994,3817.47998,3856.87012,124600
2025-11-17,3863.80005,3893.55005,3851.02002,3855.26001,123400
2025-11-18,3847.13989,3860.20996,3807.6001,3827.88989,102700
2025-11-19,3824.1001,3853.38989,3772.81006,3808.55005,101500
2025-11-20,3805.02002,3858.84009,3783.090088,3849.81006,123400
2025-11-21,3867.040039,3939.0,3845.62988,3897.87988,123700
2025-11-24,3876.53003,3903.81006,3840.0,3851.52002,141700
2025-11-25,3841.55005,3962.090088,3818.86011,3948.070068,110500
2025-11-26,3932.15991,3975.0,3932.15991,3967.94995,67900
2025-11-28,3951.59009,3979.98999,3944.01001,3954.33008,51400
2025-12-01,3949.98999,3996.25,3942.83008,3946.98999,91500
2025-12-02,3946.61011,3946.61011,3808.47998,3826.77002,157800
2025-12-03,3837.37012,3870.43994,3806.61011,3822.91992,115000
2025-12-04,3858.73999,3872.80005,3817.68994,3840.5,110000
2025-12-05,3837.65991,3868.45996,3781.58008,3822.65991,116100
2025-12-08,3790.0,3829.6001,3763.0,3766.95996,229300
2025-12-09,3694.88989,3720.62988,3460.22998,3496.77002,380000
2025-12-10,3473.48999,3503.090088,3388.57007,3421.12988,264800
2025-12-11,3449.96997,3490.8501,3395.5,3469.1001,271600
2025-12-12,3484.78003,3490.87012,3416.8501,3445.70996,165300
2025-12-15,3453.66992,3511.0,3442.040039,3488.70996,224100
2025-12-16,3466.01001,3491.94995,3408.52002,3417.41992,168000
2025-12-17,3401.0,3441.02002,3390.02002,3393.3501,180400
2025-12-18,3384.27002,3430.55005,3344.040039,3426.61011,250500
2025-12-19,3423.060059,3457.97998,3376.88989,3392.34009,327800
2025-12-22,3381.78003,3424.98999,3380.22998,3413.81006,136800
2025-12-23,3436.29004,3486.19995,3419.36011,3463.61011,196200
2025-12-24,3447.01001,3479.72998,3447.01001,3456.02002,91600
2025-12-26,3459.31006,3467.0,3438.65991,3448.69995,66600
2025-12-29,3471.11011,3471.11011,3400.6001,3415.81006,137800
2025-12-30,3405.0,3413.0,3378.090088,3398.8501,89200
2025-12-31,3390.0,3409.3501,3383.94995,3391.5,88200
2026-01-02,3375.31006,3384.25,3285.15991,3303.82007,175300
2026-01-05,3259.94995,3288.0,3232.47998,3268.30005,160300
2026-01-06,3243.63989,3267.38989,3210.71997,3244.91992,183500
2026-01-07,3238.66992,3353.48999,3238.66992,3318.080078,336200
2026-01-08,3307.75,3336.77002,3285.42993,3313.98999,231600
2026-01-09,3303.68994,3429.0,3303.68994,3421.16992,243400
2026-01-12,3439.0,3529.12988,3428.21997,3523.0,235700
2026-01-13,3510.73999,3529.98999,3441.83008,3505.75,139800
2026-01-14,3508.78003,3529.76001,3457.78003,3472.65991,134800
2026-01-15,3440.30005,3478.17993,3381.8999,3465.44995,150400
2026-01-16,3456.62988,3528.3999,3410.71997,3522.02002,192100
2026-01-20,3479.95996,3577.0,3477.11011,3573.97998,296300
2026-01-21,3576.82007,3678.57007,3576.82007,3671.67993,254200
2026-01-22,3657.98999,3707.95996,3640.76001,3698.62988,186300
2026-01-23,3711.52002,3731.65991,3652.37988,3700.0,173800
2026-01-26,3724.95996,3805.88989,3702.21997,3786.030029,190100
2026-01-27,3801.84009,3819.53003,3742.71997,3799.98999,146700
2026-01-28,3781.90991,3806.38989,3722.01001,3782.13989,118600
2026-01-29,3780.52002,3837.5,3685.0,3703.76001,143500
2026-01-30,3699.91992,3724.71997,3667.0,3704.29004,165000
2026-02-02,3693.41992,3745.6499,3638.0,3722.40991,190900
2026-02-03,3691.8501,3787.34009,3662.67993,3671.61011,149000
2026-02-04,3700.0,3787.0,3680.81006,3720.5,187700
2026-02-05,3673.42993,3702.90991,3577.83008,3605.030029,178300
2026-02-06,3580.62988,3685.42993,3580.62988,3681.26001,140700
2026-02-09,3658.25,3681.0,3616.82007,3634.29004,116000
2026-02-10,3623.5,3672.62988,3590.5,3664.84009,99700
2026-02-11,3667.22998,3763.12988,3648.060059,3735.8501,96700
2026-02-12,3747.97998,3844.63989,3747.97998,3788.70996,142700
2026-02-13,3812.25,3887.030029,3811.22998,3858.15991,106300
2026-02-17,3859.86011,3879.98999,3714.060059,3742.0,123200
2026-02-18,3728.97998,3756.11011,3680.63989,3744.63989,93900
2026-02-19,3738.80005,3759.77002,3696.17993,3745.48999,101500
2026-02-20,3759.3999,3779.48999,3627.41992,3748.52002,132500
2026-02-23,3740.6499,3859.36011,3740.0,3829.27002,121000
2026-02-24,3816.87012,3856.43994,3773.87988,3784.41992,100000
2026-02-25,3748.51001,3769.0,3638.42993,3671.82007,162700
2026-02-26,3675.0,3687.16992,3620.0,3660.0,128200
2026-02-27,3681.5,3765.37988,3655.15991,3755.58008,216400
2026-03-02,3761.01001,3882.46997,3747.5,3882.46997,271300
2026-03-03,3650.0,3765.0,3561.57007,3637.16992,275300
2026-03-04,3666.11011,3719.77002,3595.67993,3717.0,157400
2026-03-05,3685.71997,3784.6001,3666.30005,3742.02002,168800
2026-03-06,3766.30005,3766.30005,3634.52002,3641.29004,112900
2026-03-09,3680.12988,3705.92993,3617.62988,3672.67993,152500
2026-03-10,3676.75,3770.050049,3663.98999,3726.02002,122200
2026-03-11,3706.37012,3731.36011,3660.15991,3712.41992,111500
2026-03-12,3700.47998,3724.82007,3612.0,3614.27002,118000
2026-03-13,3630.45996,3637.51001,3537.62012,3562.8501,119700
2026-03-16,3556.46997,3570.0,3474.65991,3488.87988,139900
2026-03-17,3495.37012,3513.94995,3432.95996,3439.63989,129300
2026-03-18,3421.37012,3429.34009,3360.82007,3361.97998,118300
2026-03-19,3350.5,3391.48999,3311.3501,3341.58008,155800
2026-03-20,3336.67993,3371.1001,3281.22998,3282.8999,292500
2026-03-23,3378.57007,3412.3999,3333.87988,3353.23999,149900
2026-03-24,3332.91992,3370.51001,3313.65991,3345.84009,107200
2026-03-25,3371.52002,3394.91992,3317.75,3386.13989,97900
2026-03-26,3377.37988,3435.26001,3370.95996,3395.96997,126900
2026-03-27,3403.76001,3407.94995,3314.030029,3316.70996,132800
2026-03-30,3311.12012,3353.87012,3306.54004,3342.51001,109000
2026-03-31,3366.23999,3400.21997,3321.87988,3377.78003,125700
2026-04-01,3384.71997,3444.21997,3376.67993,3426.46997,98300
2026-04-02,3406.18994,3425.15991,3373.22998,3400.54004,75800
2026-04-06,3378.70996,3442.69995,3361.29004,3438.3501,71800
2026-04-07,3428.54004,3430.0,3382.3999,3387.0,82600
2026-04-08,3421.5,3479.56006,3412.0,3464.92993,115900
2026-04-09,3443.01001,3578.12012,3423.050049,3548.18994,181600
2026-04-10,3537.070068,3544.72998,3412.40991,3430.44995,229000
2026-04-13,3452.8999,3519.02002,3400.0,3514.46997,216500
2026-04-14,3489.71997,3524.98999,3480.57007,3508.5,189700
2026-04-15,3500.0,3552.12988,3481.75,3536.41992,206500
2026-04-16,3535.15991,3558.82007,3480.56006,3489.29004,254100
2026-04-17,3511.030029,3603.3501,3503.30005,3572.37988,217600
2026-04-20,3571.67993,3588.17993,3548.070068,3582.5,244100
2026-04-21,3573.0,3630.83008,3555.66992,3606.17993,173000
2026-04-22,3603.92993,3609.37988,3562.050049,3589.98999,229700
2026-04-23,3585.91992,3616.68994,3559.01001,3597.19995,198700
2026-04-24,3525.33008,3593.47998,3500.15991,3577.90991,271600
2026-04-27,3558.92993,3618.97998,3557.030029,3562.26001,293000
2026-04-28,3582.58008,3629.6499,3528.30005,3563.090088,344900
2026-04-29,3542.62012,3562.090088,3500.0,3523.56006,234000
2026-04-30,3603.25,3714.13989,3590.0,3704.030029,349000
2026-05-01,3720.0,3729.82007,3559.37012,3594.080078,251000
2026-05-04,3566.26001,3617.45996,3460.0,3482.23999,200200
2026-05-05,3478.84009,3554.93994,3475.0,3540.91992,252800
2026-05-06,3562.32007,3600.0,3525.33008,3541.79004,233500
2026-05-07,3522.71997,3560.0,3498.23999,3554.87988,230400
2026-05-08,3554.43994,3561.15991,3485.0,3496.18994,231500
2026-05-11,3477.70996,3480.040039,3409.41992,3427.80005,280500
2026-05-12,3447.6001,3450.81006,3353.75,3409.81006,360000
2026-05-13,3440.0,3440.0,3302.43994,3366.79004,281600
2026-05-14,3405.93994,3429.94995,3370.28003,3379.52002,301300
2026-05-15,3389.060059,3409.86011,3313.51001,3321.1499,273600
2026-05-18,3324.18994,3374.96997,3280.0,3365.73999,293200
2026-05-19,3346.66992,3394.43994,3313.02002,3347.28003,229900
2026-05-20,3323.42993,3438.040039,3309.72998,3419.36011,358600
2026-05-21,3398.78003,3491.59009,3390.98999,3438.17993,293400
2026-05-22,3421.3999,3496.76001,3382.45996,3406.5,512000
2026-05-26,3215.01001,3237.050049,3001.0,3100.11011,554600
2026-05-27,3100.26001,3110.73999,2986.01001,3027.47998,308300
2026-05-28,2990.01001,3034.98999,2945.0,3007.080078,557000
2026-05-29,2989.13989,3007.0,2931.6499,2935.18994,494300
2026-06-01,2942.060059,3046.42993,2928.11011,3020.94995,447000
2026-06-02,3014.090088,3044.1499,2974.8501,3029.36011,199100
2026-06-03,3010.16992,3073.0,3008.43994,3061.6499,395000
2026-06-04,3089.98999,3154.27002,3052.6499,3081.93994,402900
2026-06-05,3100.0,3142.47998,3089.16992,3116.42993,408000
2026-06-08,3103.050049,3105.0,3055.0,3074.040039,717700
2026-06-09,3082.56006,3162.18994,3055.55005,3137.75,385500
2026-06-10,3154.30005,3177.12012,3110.0,3110.050049,149500
2026-06-11,3110.19995,3147.95996,3060.0,3081.62012,159100
2026-06-12,3100.0,3135.0,3050.38989,3116.30005,142500
2026-06-15,3140.38989,3170.12012,3101.51001,3105.47998,205400
2026-06-16,3119.33008,3144.88989,3073.66992,3127.79004,622000
2026-06-17,3129.0,3165.51001,3037.32007,3059.62988,596400
2026-06-18,3083.31006,3116.45996,3050.01001,3064.47998,1038400
2026-06-22,3022.0,3032.5,2949.060059,2949.060059,1002400
2026-06-23,2983.8999,3079.19995,2966.96997,3046.45996,819000
2026-06-24,3060.80005,3134.36011,3024.94995,3087.77002,931200
2026-06-25,3075.26001,3134.59009,3050.030029,3059.040039,720800
2026-06-26,3074.1499,3172.68994,3074.1499,3128.69995,900500
2026-06-29,3162.22998,3222.81006,3142.72998,3153.62012,690900
2026-06-30,3167.25,3200.0,3125.3999,3195.93994,672300
2026-07-01,3200.0,3239.13989,3183.12012,3218.1499,447000
2026-07-02,3233.75,3235.1499,3124.8999,3159.28003,182100
2026-07-06,3140.57007,3150.1001,2949.42993,2957.70996,339600
2026-07-07,3009.0,3093.69995,2986.46997,3074.86011,305200
2026-07-08,3060.0,3094.1001,3047.72998,3070.16992,265100
2026-07-09,3045.98999,3072.22998,2992.88989,3010.38989,238900
2026-07-10,3011.65991,3074.98999,2978.0,3072.63989,204000
2026-07-13,3103.0,3130.0,3056.18994,3078.97998,175900
2026-07-14,3046.29004,3074.76001,3007.36011,3032.070068,195600
2026-07-15,3017.050049,3061.96997,2944.52002,2970.57007,211500
2026-07-16,3004.66992,3073.75,2988.0,3062.15991,148000
2026-07-17,3076.8999,3124.84009,3015.0,3046.43994,160900
2026-07-20,3064.18994,3078.94995,2986.78003,2994.12988,138100
2026-07-21,3050.0,3133.79004,2991.5,3013.030029,160200
2026-07-22,3027.5,3053.0,2961.0,2972.44995,123200
2026-07-23,2967.15991,2968.5,2902.19995,2923.5,129100
2026-07-24,2923.0,2959.98999,2917.1499,2957.40991,137300
2026-07-27,2989.53003,3090.62012,2963.5,3075.26001,138400
2026-07-28,3100.0,3169.97998,3091.52002,3118.80005,123400
2026-07-29,3083.28003,3172.070068,3071.19995,3142.16992,146700
2026-07-30,3110.97998,3110.97998,2983.92993,3006.57007,181800
2026-07-31,2990.0,3040.1499,2979.11011,3016.25,121200
2026-08-03,3030.98999,3061.77002,2985.83008,2990.27002,181000
2026-08-04,2969.0,3037.86011,2945.37012,3028.030029,160700
2026-08-05,3043.0,3066.11011,3015.96997,3066.060059,135800
2026-08-06,3095.0,3095.0,3053.16992,3069.62012,127900
2026-08-07,3049.040039,3129.090088,3029.95996,3127.29004,203300
2026-08-10,3115.0,3118.070068,3051.38989,3067.98999,133300
2026-08-11,3051.40991,3099.95996,3031.83008,3042.6499,106300
2026-08-12,3013.84009,3063.0,3010.11011,3045.87012,165000
2026-08-13,3055.98999,3103.0,3033.6499,3040.37012,270900
2026-08-14,3052.28003,3053.96997,3007.80005,3025.0,241300
2026-08-17,3015.0,3092.28003,2997.18994,3019.30005,225700
2026-08-18,3057.27002,3127.1001,3021.090088,3073.19995,278400
2026-08-19,3102.1001,3160.0,3076.62988,3076.88989,249500
2026-08-20,2984.11011,3010.0,2903.57007,2961.98999,346300
2026-08-21,2975.0,2999.0,2940.0,2957.94995,258300
2026-08-24,2969.0,3026.3999,2955.080078,3009.43994,257500
2026-08-25,3001.33008,3046.46997,2994.33008,3027.34009,266300
2026-08-26,3013.53003,3015.25,2975.0,2999.0,292800
2026-08-27,2965.090088,2980.0,2929.02002,2932.33008,211400
2026-08-28,2942.16992,2970.86011,2930.15991,2961.95996,316200
2026-08-31,2947.3999,2998.98999,2938.98999,2991.23999,378700
2026-09-01,3005.51001,3007.87988,2933.02002,2965.83008,315200
2026-09-02,2966.41992,2977.63989,2919.060059,2934.52002,313700
2026-09-03,2949.58,2985.06,2940.0,2968.18,12883
