date,open,high,low,close,volume
2006-10-18,65.76,66.4,65.76,66.18,435000
2006-10-19,66.36,66.64,66.32,66.56,370000
2006-10-20,66.58,66.58,66.14,66.56,540000
2006-10-23,66.56,66.88,66.5,66.66,1065000
2006-10-24,66.76,67.3,66.75,67.099998,1095000
2006-10-25,67.4,68.4,67.0,67.84,1050000
2006-10-26,68.5,69.92,68.44,69.8,1440000
2006-10-27,69.78,70.46,69.14,69.14,1035000
2006-10-30,69.0,70.0,68.9,69.64,785000
2006-10-31,70.2,70.44,69.92,70.3,800000
2006-11-01,70.2,70.42,69.56,69.86,1005000
2006-11-02,69.66,70.019997,68.9,69.46,835000
2006-11-03,69.46,70.099998,69.46,70.019997,880000
2006-11-06,71.28,71.75,70.76,71.74,2005000
2006-11-07,71.2,71.65,71.040001,71.42,1265000
2006-11-08,71.74,71.96,71.36,71.86,855000
2006-11-09,72.2,72.56,71.22,71.32,1285000
2006-11-10,71.72,72.23,71.22,71.4,760000
2006-11-13,71.92,72.0,70.78,70.96,675000
2006-11-14,71.2,71.2,70.44,71.2,585000
2006-11-15,71.2,71.44,70.96,71.4,525000
2006-11-16,71.76,71.82,71.2,71.29,545000
2006-11-17,71.12,71.4,71.040001,71.16,360000
2006-11-20,71.46,71.5,71.18,71.43,630000
2006-11-21,71.86,71.86,71.36,71.62,600000
2006-11-22,71.72,71.9,71.48,71.86,345000
2006-11-24,71.86,71.86,71.5,71.75,185000
2006-11-27,72.059998,72.059998,70.6,71.14,790000
2006-11-28,71.07,71.07,70.23,70.64,940000
2006-11-29,70.52,70.76,70.14,70.38,905000
2006-11-30,70.3,71.43,70.17,71.099998,1150000
2006-12-01,71.099998,71.34,70.4,71.2,720000
2006-12-04,70.92,71.66,70.92,71.44,1135000
2006-12-05,71.3,72.24,71.3,72.080002,1090000
2006-12-06,71.72,73.32,71.56,72.64,955000
2006-12-07,72.4,72.66,71.4,71.66,760000
2006-12-08,71.46,71.83,71.22,71.5,350000
2006-12-11,71.24,72.36,71.24,71.84,800000
2006-12-12,71.9,73.3,71.6,73.3,1095000
2006-12-13,72.8,73.4,72.68,73.26,925000
2006-12-14,73.059998,73.56,73.040001,73.5,1300000
2006-12-15,73.36,76.0,73.24,76.0,2365000
2006-12-18,76.5,76.5,75.54,75.62,1100000
2006-12-19,75.52,75.56,74.9,75.4,930000
2006-12-20,75.56,75.76,74.12,74.42,1295000
2006-12-21,74.099998,74.76,72.84,73.16,980000
2006-12-22,73.32,73.6,72.94,73.19,630000
2006-12-26,73.14,73.24,71.82,73.18,565000
2006-12-27,73.66,73.66,73.16,73.28,450000
2006-12-28,73.64,73.64,73.040001,73.35,525000
2006-12-29,73.2,73.32,72.52,73.32,430000
2007-01-03,73.56,73.72,72.6,72.86,1385000
2007-01-04,72.86,72.94,72.059998,72.2,1070000
2007-01-05,72.66,72.66,71.26,71.56,930000
2007-01-08,71.82,71.9,71.5,71.72,760000
2007-01-09,71.72,73.040001,71.66,73.0,610000
2007-01-10,73.0,73.18,72.3,73.019997,775000
2007-01-11,73.080002,73.4,73.0,73.4,570000
2007-01-12,73.4,73.48,73.099998,73.36,460000
2007-01-16,73.48,73.64,72.32,72.38,800000
2007-01-17,72.38,73.16,72.38,72.41,730000
2007-01-18,72.6,73.0,72.41,72.67,515000
2007-01-19,72.8,73.16,72.62,73.12,420000
2007-01-22,73.3,73.34,72.4,72.8,675000
2007-01-23,72.8,72.8,72.31,72.48,720000
2007-01-24,72.66,72.69,71.32,71.62,1285000
2007-01-25,72.0,72.0,71.4,71.72,560000
2007-01-26,71.78,71.8,70.82,70.91,790000
2007-01-29,71.050003,72.14,71.019997,72.14,730000
2007-01-30,72.040001,72.72,72.019997,72.72,765000
2007-01-31,73.080002,73.43,72.6,73.35,1115000
2007-02-01,73.43,73.8,73.099998,73.62,650000
2007-02-02,73.68,73.72,72.4,72.64,890000
2007-02-05,72.82,72.82,72.099998,72.49,580000
2007-02-06,72.49,72.72,72.019997,72.64,730000
2007-02-07,72.36,72.66,72.28,72.48,735000
2007-02-08,72.080002,72.6,72.080002,72.22,495000
2007-02-09,72.56,72.83,72.35,72.7,715000
2007-02-12,72.94,72.96,72.28,72.48,410000
2007-02-13,72.6,72.72,72.0,72.2,450000
2007-02-14,72.4,72.4,72.0,72.2,795000
2007-02-15,72.099998,72.38,71.040001,71.2,1300000
2007-02-16,71.8,72.44,71.26,72.4,920000
2007-02-20,72.4,72.95,72.2,72.66,475000
2007-02-21,72.48,72.69,71.54,71.74,710000
2007-02-22,71.92,72.18,71.3,71.5,430000
2007-02-23,71.5,71.5,70.94,71.24,840000
2007-02-26,71.46,71.5,70.9,71.16,895000
2007-02-27,70.9,70.9,69.2,69.58,3035000
2007-02-28,70.28,70.85,69.9,70.46,1580000
2007-03-01,70.28,71.46,69.86,71.080002,800000
2007-03-02,71.52,71.8,71.040001,71.24,675000
2007-03-05,71.0,72.019997,70.5,71.24,680000
2007-03-06,71.76,71.84,71.2,71.52,615000
2007-03-07,71.44,71.95,71.44,71.88,440000
2007-03-08,72.080002,72.66,72.040001,72.66,550000
2007-03-09,72.8,73.16,72.66,72.92,530000
2007-03-12,73.080002,73.080002,72.47,72.88,565000
2007-03-13,72.46,72.56,71.72,72.059998,490000
2007-03-14,72.0,72.0,71.0,71.24,1030000
2007-03-15,71.58,71.58,70.96,71.0,425000
2007-03-16,71.0,71.26,70.4,70.64,625000
2007-03-19,70.72,72.11,70.72,71.98,765000
2007-03-20,71.84,72.040001,71.099998,71.98,725000
2007-03-21,72.0,72.88,71.5,72.88,1010000
2007-03-22,72.94,72.98,72.099998,72.18,350000
2007-03-23,71.9,72.54,71.86,72.010002,400000
2007-03-26,72.26,72.26,71.9,72.07,445000
2007-03-27,72.2,72.2,71.41,72.099998,560000
2007-03-28,71.8,72.24,71.53,72.080002,645000
2007-03-29,72.24,72.24,71.76,72.07,375000
2007-03-30,72.14,72.8,71.96,72.8,430000
2007-04-02,72.2,72.38,71.72,72.059998,700000
2007-04-03,72.16,72.79,72.099998,72.36,390000
2007-04-04,72.36,72.58,72.099998,72.58,240000
2007-04-05,72.6,72.76,72.4,72.52,300000
2007-04-09,72.66,72.76,72.42,72.7,565000
2007-04-10,72.74,73.34,72.66,73.3,440000
2007-04-11,73.3,73.3,72.82,73.080002,515000
2007-04-12,72.7,73.2,72.7,73.2,430000
2007-04-13,73.2,73.2,73.040001,73.2,375000
2007-04-16,73.16,73.35,73.010002,73.35,560000
2007-04-17,73.35,73.35,73.019997,73.34,670000
2007-04-18,73.24,73.34,72.88,72.9,830000
2007-04-19,72.98,73.099998,72.5,72.66,560000
2007-04-20,73.059998,73.059998,72.45,72.56,555000
2007-04-23,72.6,73.050003,72.6,72.72,670000
2007-04-24,73.0,73.0,72.3,72.48,790000
2007-04-25,72.7,72.8,72.099998,72.4,780000
2007-04-26,72.5,72.78,72.4,72.56,460000
2007-04-27,72.6,72.72,72.43,72.59,280000
2007-04-30,72.84,72.84,72.32,72.56,430000
2007-05-01,72.68,72.68,71.88,72.12,870000
2007-05-02,72.12,72.42,72.12,72.38,400000
2007-05-03,72.6,72.6,72.0,72.36,600000
2007-05-04,72.5,73.0,72.47,72.62,540000
2007-05-07,73.080002,73.59,72.83,73.58,775000
2007-05-08,73.5,73.5,72.24,72.36,925000
2007-05-09,72.44,72.84,72.44,72.74,990000
2007-05-10,72.9,72.94,72.72,72.74,790000
2007-05-11,72.72,73.48,72.71,73.36,495000
2007-05-14,73.099998,73.26,72.6,72.8,590000
2007-05-15,72.8,73.12,72.62,72.66,360000
2007-05-16,72.7,72.96,72.44,72.6,690000
2007-05-17,72.7,72.7,72.22,72.26,645000
2007-05-18,72.3,72.3,71.8,72.089996,1410000
2007-05-21,72.2,72.62,72.089996,72.62,745000
2007-05-22,72.68,73.2,72.63,72.87,755000
2007-05-23,72.8,72.98,72.57,72.78,345000
2007-05-24,72.66,72.77,72.28,72.45,470000
2007-05-25,72.36,73.2,72.25,73.2,475000
2007-05-29,72.98,72.98,72.46,72.68,400000
2007-05-30,72.5,72.66,72.36,72.56,440000
2007-05-31,72.7,72.74,72.44,72.5,325000
2007-06-01,72.6,73.0,72.4,72.7,935000
2007-06-04,72.62,72.98,72.6,72.89,395000
2007-06-05,72.92,72.92,72.28,72.38,755000
2007-06-06,72.2,72.46,72.080002,72.12,650000
2007-06-07,72.059998,72.54,72.040001,72.54,1070000
2007-06-08,72.4,72.64,72.12,72.24,680000
2007-06-11,72.24,72.63,72.24,72.63,400000
2007-06-12,72.48,72.52,72.3,72.36,630000
2007-06-13,72.4,72.5,72.3,72.5,420000
2007-06-14,72.3,72.5,72.24,72.42,345000
2007-06-15,72.42,72.7,72.42,72.44,625000
2007-06-18,72.5,72.5,72.26,72.28,370000
2007-06-19,72.28,72.58,72.24,72.57,580000
2007-06-20,72.57,72.66,72.2,72.23,555000
2007-06-21,72.26,72.4,71.62,71.88,840000
2007-06-22,71.5,71.79,71.3,71.56,505000
2007-06-25,71.3,71.44,70.8,71.059998,535000
2007-06-26,71.059998,71.48,70.76,70.81,465000
2007-06-27,70.82,71.2,70.78,71.2,310000
2007-06-28,71.6,72.14,71.12,71.84,405000
2007-06-29,71.64,72.099998,71.64,72.099998,485000
2007-07-02,72.3,72.5,72.11,72.49,390000
2007-07-03,72.52,72.8,72.52,72.74,175000
2007-07-05,72.78,73.36,72.74,73.36,585000
2007-07-06,73.46,74.099998,73.36,74.099998,475000
2007-07-09,74.24,74.46,74.040001,74.28,590000
2007-07-10,74.38,74.46,73.86,74.080002,495000
2007-07-11,74.18,74.18,73.42,73.8,305000
2007-07-12,73.76,73.78,73.3,73.55,475000
2007-07-13,73.4,73.55,73.14,73.55,450000
2007-07-16,73.62,73.64,72.94,73.080002,635000
2007-07-17,73.080002,73.38,72.82,73.26,310000
2007-07-18,73.2,73.34,72.86,72.98,750000
2007-07-19,72.94,73.24,72.58,72.76,685000
2007-07-20,72.76,73.059998,72.54,72.85,530000
2007-07-23,72.7,72.84,72.5,72.77,470000
2007-07-24,72.7,72.9,72.51,72.72,500000
2007-07-25,72.98,73.059998,72.56,72.77,540000
2007-07-26,72.77,72.86,71.16,71.91,1795000
2007-07-27,72.2,72.6,71.86,72.3,710000
2007-07-30,72.7,72.7,71.72,71.98,610000
2007-07-31,72.040001,72.14,71.8,72.080002,590000
2007-08-01,71.96,72.28,71.8,71.99,355000
2007-08-02,71.98,72.099998,71.74,71.76,385000
2007-08-03,71.92,72.089996,71.6,71.98,1165000
2007-08-06,72.6,73.57,71.93,73.4,1680000
2007-08-07,73.42,73.84,73.010002,73.84,1165000
2007-08-08,73.98,74.28,73.52,73.74,710000
2007-08-09,73.54,73.54,72.54,72.86,940000
2007-08-10,72.0,72.72,71.8,72.5,1175000
2007-08-13,72.9,73.72,72.78,72.78,430000
2007-08-14,72.78,73.2,72.36,72.57,630000
2007-08-15,72.36,73.62,72.16,73.099998,615000
2007-08-16,73.38,75.94,73.3,75.83,2175000
2007-08-17,75.5,79.0,75.3,78.96,1290000
2007-08-20,79.2,79.4,77.7,79.24,1035000
2007-08-21,79.78,79.98,78.74,79.65,1105000
2007-08-22,80.0,80.0,78.26,78.78,990000
2007-08-23,78.76,79.46,78.4,78.9,560000
2007-08-24,79.0,79.9,78.8,79.9,625000
2007-08-27,80.0,80.0,78.9,79.31,1350000
2007-08-28,79.48,79.52,78.84,79.3,500000
2007-08-29,79.2,79.78,78.94,79.0,475000
2007-08-30,79.2,79.34,78.81,78.96,315000
2007-08-31,79.18,79.3,77.8,77.8,1300000
2007-09-04,77.96,79.62,77.94,79.14,990000
2007-09-05,79.3,79.72,79.080002,79.58,355000
2007-09-06,79.7,80.0,79.4,79.99,465000
2007-09-07,79.72,79.78,79.4,79.59,530000
2007-09-10,79.78,79.78,78.8,78.86,755000
2007-09-11,79.38,79.38,78.74,78.97,450000
2007-09-12,78.98,79.27,78.76,78.97,455000
2007-09-13,78.98,79.3,78.64,79.14,405000
2007-09-14,78.9,79.96,78.4,79.92,755000
2007-09-17,79.9,79.9,78.76,78.95,490000
2007-09-18,78.94,79.25,78.48,79.040001,1070000
2007-09-19,79.46,79.76,78.0,78.0,1145000
2007-09-20,78.2,79.080002,78.18,78.3,790000
2007-09-21,78.24,79.0,77.8,77.8,990000
2007-09-24,77.82,78.44,77.78,78.080002,1165000
2007-09-25,77.64,78.28,77.64,77.89,575000
2007-09-26,77.82,78.2,77.62,77.98,925000
2007-09-27,77.98,78.27,77.85,78.27,730000
2007-09-28,78.24,79.3,77.96,79.040001,760000
2007-10-01,79.4,79.54,78.98,79.18,765000
2007-10-02,79.3,79.93,79.18,79.93,790000
2007-10-03,79.93,79.98,79.32,79.64,630000
2007-10-04,79.8,80.080002,79.4,79.4,925000
2007-10-05,79.2,80.58,79.2,80.58,950000
2007-10-08,80.58,82.52,80.48,82.2,1035000
2007-10-09,81.84,82.48,81.34,81.78,1010000
2007-10-10,81.72,83.2,81.68,83.2,1115000
2007-10-11,83.2,84.2,83.080002,83.9,645000
2007-10-12,84.0,85.8,84.0,84.68,1620000
2007-10-15,85.0,85.14,83.76,84.16,1010000
2007-10-16,84.24,84.94,84.040001,84.64,695000
2007-10-17,85.099998,86.7,85.050003,86.7,1735000
2007-10-18,86.4,86.48,85.5,86.0,865000
2007-10-19,86.099998,86.099998,84.44,84.86,805000
2007-10-22,84.72,84.72,83.92,84.26,555000
2007-10-23,84.26,85.36,84.26,85.12,760000
2007-10-24,85.44,85.46,84.7,84.94,520000
2007-10-25,84.94,85.050003,84.56,85.050003,745000
2007-10-26,84.8,87.83,84.66,84.66,750000
2007-10-29,85.12,85.64,84.86,85.46,600000
2007-10-30,85.54,86.0,85.38,85.8,495000
2007-10-31,85.9,88.28,85.7,88.28,1035000
2007-11-01,88.0,88.72,87.34,87.54,1405000
2007-11-02,87.8,88.34,87.66,88.040001,865000
2007-11-05,89.4,89.44,88.34,88.74,1840000
2007-11-06,88.78,89.7,88.74,89.47,2340000
2007-11-07,89.92,90.21,89.34,90.059998,1065000
2007-11-08,90.059998,90.54,89.2,89.7,1675000
2007-11-09,89.7,89.72,88.0,88.66,1705000
2007-11-12,88.14,89.56,87.48,89.38,1550000
2007-11-13,89.72,90.68,89.56,90.48,1615000
2007-11-14,90.66,91.78,90.2,91.4,2000000
2007-11-15,91.48,92.5,89.6,90.11,1190000
2007-11-16,90.92,90.96,90.36,90.88,895000
2007-11-19,90.88,91.3,90.54,91.3,1005000
2007-11-20,91.26,91.68,90.88,91.029999,1270000
2007-11-21,91.0,91.0,89.3,89.43,1495000
2007-11-23,89.24,89.64,89.24,89.5,525000
2007-11-26,89.6,91.26,89.23,91.26,1490000
2007-11-27,91.48,91.58,91.040001,91.54,975000
2007-11-28,91.48,92.44,91.48,91.5,1600000
2007-11-29,91.4,92.89,91.4,92.76,760000
2007-11-30,93.5,93.96,92.62,93.8,1035000
2007-12-03,94.12,96.3,93.8,95.0,1575000
2007-12-04,95.92,96.46,94.3,96.45,1505000
2007-12-05,97.2,98.6,97.16,98.099998,1645000
2007-12-06,98.6,99.7,98.26,99.019997,1170000
2007-12-07,99.9,100.72,98.96,99.0,1650000
2007-12-10,99.4,99.8,99.3,99.7,1075000
2007-12-11,100.2,101.18,98.44,98.44,1085000
2007-12-12,100.4,100.4,93.4,96.18,1675000
2007-12-13,96.0,96.0,92.52,94.7,1525000
2007-12-14,94.52,95.68,90.9,95.080002,1515000
2007-12-17,93.099998,93.099998,89.2,90.5,1975000
2007-12-18,90.3,91.5,87.3,90.2,2215000
2007-12-19,90.2,90.2,88.64,89.56,595000
2007-12-20,90.2,90.2,87.66,88.82,1190000
2007-12-21,88.4,89.5,87.96,89.5,1385000
2007-12-24,89.66,91.4,89.5,90.8,745000
2007-12-26,91.96,92.76,91.080002,91.4,1190000
2007-12-27,92.16,92.18,91.16,91.46,630000
2007-12-28,92.0,93.9,92.0,93.7,940000
2007-12-31,95.5,95.96,94.26,94.72,1050000
2008-01-02,94.8,94.98,90.66,92.099998,1780000
2008-01-03,92.68,93.86,92.16,93.0,1040000
2008-01-04,92.84,92.84,89.76,91.0,1415000
2008-01-07,90.54,90.96,88.2,88.76,1285000
2008-01-08,88.4,89.56,87.6,88.3,1030000
2008-01-09,87.96,88.2,84.76,86.3,1475000
2008-01-10,86.56,89.9,85.0,89.22,1320000
2008-01-11,89.18,89.26,86.36,87.54,835000
2008-01-14,88.56,88.58,86.2,86.55,545000
2008-01-15,86.2,86.76,85.2,85.32,1075000
2008-01-16,84.5,85.48,83.5,84.5,1140000
2008-01-17,84.62,87.9,84.2,86.96,1455000
2008-01-18,88.32,90.0,87.42,88.099998,1450000
2008-01-22,83.2,91.6,83.0,91.38,1970000
2008-01-23,89.2,92.7,89.0,92.0,1690000
2008-01-24,96.0,96.98,91.52,92.38,2090000
2008-01-25,92.6,93.2,92.2,92.6,1890000
2008-01-28,92.64,93.099998,90.2,90.4,885000
2008-01-29,91.7,93.0,91.5,92.9,940000
2008-01-30,94.0,94.0,91.62,92.32,1175000
2008-01-31,94.2,94.2,91.0,91.0,1460000
2008-02-01,91.2,92.66,90.0,90.46,915000
2008-02-04,91.0,92.13,90.019997,90.019997,700000
2008-02-05,90.040001,91.040001,89.44,90.9,845000
2008-02-06,91.2,91.54,89.62,90.8,605000
2008-02-07,90.6,91.76,89.34,90.76,735000
2008-02-08,91.66,92.22,91.0,91.84,705000
2008-02-11,92.8,92.94,91.3,92.9,820000
2008-02-12,93.099998,93.4,92.84,93.18,1530000
2008-02-13,93.38,96.6,93.22,95.36,2540000
2008-02-14,96.0,96.78,95.0,95.38,1440000
2008-02-15,95.6,95.9,93.56,95.9,770000
2008-02-19,96.8,97.16,94.2,95.8,840000
2008-02-20,95.6,96.059998,95.0,95.5,600000
2008-02-21,96.0,96.0,94.0,94.019997,630000
2008-02-22,94.019997,94.54,92.0,92.96,645000
2008-02-25,93.46,93.96,92.099998,93.12,600000
2008-02-26,92.46,93.2,92.4,92.52,710000
2008-02-27,92.52,93.89,92.42,93.68,545000
2008-02-28,93.66,93.96,92.8,93.2,695000
2008-02-29,93.099998,93.78,92.5,93.49,910000
2008-03-03,92.040001,92.040001,89.040001,90.18,2075000
2008-03-04,90.0,91.5,89.56,91.5,1295000
2008-03-05,92.12,92.4,90.98,92.18,950000
2008-03-06,92.14,92.14,90.059998,90.44,760000
2008-03-07,89.7,90.38,89.0,89.24,1005000
2008-03-10,88.92,89.18,86.86,87.26,1140000
2008-03-11,87.8,88.74,87.0,88.0,1280000
2008-03-12,88.5,88.58,86.8,87.14,910000
2008-03-13,86.66,87.38,86.0,86.68,810000
2008-03-14,86.8,86.8,85.6,86.36,1150000
2008-03-17,84.9,86.36,84.6,84.9,1420000
2008-03-18,84.92,87.0,84.92,86.11,940000
2008-03-19,87.2,87.2,85.2,85.31,1015000
2008-03-20,85.3,87.0,85.019997,86.96,1485000
2008-03-24,87.54,87.94,86.42,86.82,1110000
2008-03-25,87.099998,87.56,86.0,86.0,1160000
2008-03-26,86.3,86.39,85.5,85.64,1005000
2008-03-27,86.0,87.5,85.56,87.4,1010000
2008-03-28,87.4,89.26,87.3,89.040001,905000
2008-03-31,89.58,90.15,89.029999,89.46,1135000
2008-04-01,90.0,90.38,87.6,88.8,1815000
2008-04-02,89.099998,89.099998,87.099998,87.29,1535000
2008-04-03,87.099998,87.7,86.52,86.84,910000
2008-04-04,87.2,87.6,86.8,87.38,820000
2008-04-07,87.92,88.28,86.6,88.099998,740000
2008-04-08,88.6,88.6,87.34,88.3,835000
2008-04-09,88.4,88.6,87.2,87.8,805000
2008-04-10,87.88,88.2,87.0,87.58,720000
2008-04-11,87.3,87.78,86.019997,87.080002,740000
2008-04-14,87.48,87.5,85.55,85.72,1075000
2008-04-15,85.74,86.0,85.22,85.8,765000
2008-04-16,86.0,86.4,85.82,86.4,905000
2008-04-17,86.28,86.29,85.42,85.64,825000
2008-04-18,86.099998,86.099998,85.56,85.76,1115000
2008-04-21,85.86,85.96,85.21,85.5,740000
2008-04-22,85.72,85.72,84.66,84.82,745000
2008-04-23,84.94,85.15,84.44,84.72,700000
2008-04-24,85.34,85.34,84.24,84.5,830000
2008-04-25,84.5,84.76,84.4,84.6,770000
2008-04-28,85.0,85.86,84.8,85.42,1055000
2008-04-29,85.98,87.66,85.7,87.66,880000
2008-04-30,88.12,89.14,87.6,89.14,1345000
2008-05-01,89.18,89.44,88.2,89.2,740000
2008-05-02,90.0,90.040001,88.3,88.96,920000
2008-05-05,88.96,88.96,86.34,86.67,1425000
2008-05-06,87.099998,87.099998,86.099998,86.9,1685000
2008-05-07,87.24,87.24,85.2,85.25,1595000
2008-05-08,85.8,86.080002,85.25,85.6,1085000
2008-05-09,85.62,85.88,83.5,83.58,1840000
2008-05-12,83.34,83.7,81.74,81.9,1945000
2008-05-13,82.2,83.7,82.2,82.96,1135000
2008-05-14,83.49,84.0,82.2,82.39,2000000
2008-05-15,82.8,83.76,80.92,81.3,2045000
2008-05-16,81.4,82.12,80.8,81.54,1570000
2008-05-19,82.099998,82.9,82.099998,82.39,1345000
2008-05-20,83.14,83.34,81.62,82.019997,1390000
2008-05-21,82.0,82.080002,80.7,81.2,1175000
2008-05-22,81.28,82.12,80.8,82.11,1070000
2008-05-23,82.36,83.7,81.62,82.6,1535000
2008-05-27,82.4,85.9,81.7,85.9,3015000
2008-05-28,85.9,86.8,85.46,86.76,2350000
2008-05-29,86.8,88.29,86.43,88.019997,2265000
2008-05-30,89.099998,90.4,87.44,89.96,8935000
2008-06-02,89.68,90.4,86.9,87.8,1850000
2008-06-03,87.8,90.040001,87.42,89.4,1840000
2008-06-04,88.8,89.19,87.0,87.0,1620000
2008-06-05,87.6,87.98,86.64,87.099998,1350000
2008-06-06,86.6,86.84,85.6,85.72,775000
2008-06-09,85.7,85.72,84.0,84.84,1060000
2008-06-10,84.14,85.64,84.0,84.5,835000
2008-06-11,84.82,85.52,84.0,84.4,930000
2008-06-12,84.46,84.9,84.0,84.5,1470000
2008-06-13,84.48,85.0,84.099998,84.94,1010000
2008-06-16,84.6,85.040001,83.76,83.96,775000
2008-06-17,84.28,84.7,83.92,84.14,915000
2008-06-18,84.080002,84.14,82.099998,83.98,1385000
2008-06-19,83.7,83.84,80.2,83.26,590000
2008-06-20,83.26,83.5,82.3,83.080002,910000
2008-06-23,82.98,83.31,81.099998,81.3,950000
2008-06-24,81.3,81.98,80.33,81.84,900000
2008-06-25,81.7,82.9,81.2,81.34,710000
2008-06-26,81.16,81.56,80.059998,80.75,1310000
2008-06-27,80.4,81.6,80.019997,80.33,1200000
2008-06-30,80.040001,80.34,79.6,80.24,1210000
2008-07-01,79.64,80.2,79.3,79.98,1240000
2008-07-02,79.64,80.0,78.81,78.96,1200000
2008-07-03,78.8,78.94,76.029999,77.9,1875000
2008-07-07,78.72,79.8,77.0,78.82,1835000
2008-07-08,78.9,79.62,78.56,79.34,1270000
2008-07-09,79.34,80.0,79.14,79.7,770000
2008-07-10,79.68,81.84,79.12,79.48,610000
2008-07-11,79.48,79.48,77.52,78.18,1030000
2008-07-14,78.099998,78.7,76.7,77.14,1290000
2008-07-15,76.6,77.48,74.6,76.64,2030000
2008-07-16,75.76,76.98,75.0,75.8,1790000
2008-07-17,77.8,78.0,75.58,77.3,1395000
2008-07-18,77.8,78.48,77.32,78.28,1625000
2008-07-21,78.5,79.36,78.2,78.74,1010000
2008-07-22,78.44,79.0,77.24,78.72,1070000
2008-07-23,79.56,79.56,78.16,78.5,2715000
2008-07-24,78.8,78.88,76.74,76.92,1005000
2008-07-25,77.2,77.42,75.0,75.4,1265000
2008-07-28,75.4,75.5,74.019997,74.6,1125000
2008-07-29,75.0,75.0,74.14,74.3,1155000
2008-07-30,74.66,76.099998,74.099998,76.099998,2240000
2008-07-31,75.86,77.6,74.8,76.58,1225000
2008-08-01,76.9,78.099998,76.46,77.74,845000
2008-08-04,77.9,78.16,76.15,76.54,530000
2008-08-05,76.5,77.4,76.32,76.98,1560000
2008-08-06,77.16,77.56,76.34,77.56,800000
2008-08-07,77.099998,77.4,75.22,77.080002,1880000
2008-08-08,76.68,77.2,75.099998,76.96,1125000
2008-08-11,77.2,78.96,76.76,78.2,1655000
2008-08-12,78.6,78.7,76.5,76.76,885000
2008-08-13,77.4,77.48,75.7,76.099998,1405000
2008-08-14,76.099998,78.0,75.77,77.86,1070000
2008-08-15,78.099998,80.0,77.92,80.0,1160000
2008-08-18,79.94,79.94,78.019997,78.48,800000
2008-08-19,78.6,78.86,77.28,78.0,870000
2008-08-20,77.7,78.16,76.9,77.099998,855000
2008-08-21,76.9,77.2,76.36,76.7,700000
2008-08-22,76.9,77.9,76.9,77.4,640000
2008-08-25,77.099998,77.56,76.52,77.33,1050000
2008-08-26,77.0,77.28,76.51,77.040001,770000
2008-08-27,76.0,77.76,76.0,77.099998,895000
2008-08-28,77.36,78.66,77.33,78.6,885000
2008-08-29,78.56,78.76,77.26,78.040001,845000
2008-09-02,78.5,80.0,78.5,79.99,1515000
2008-09-03,79.96,80.29,78.76,80.29,890000
2008-09-04,80.0,80.64,78.010002,78.92,975000
2008-09-05,78.6,78.78,77.78,78.24,820000
2008-09-08,80.2,80.4,78.64,79.92,1275000
2008-09-09,79.98,79.98,78.5,79.07,915000
2008-09-10,78.44,78.9,77.9,77.9,1465000
2008-09-11,77.3,78.22,77.0,78.22,695000
2008-09-12,77.8,79.84,77.52,79.6,1875000
2008-09-15,77.0,82.080002,76.4,80.3,2510000
2008-09-16,79.9,83.5,78.92,83.5,2745000
2008-09-17,84.0,84.0,81.92,83.3,2700000
2008-09-18,83.6,85.98,80.94,85.0,2975000
2008-09-19,89.8,91.9,85.6,91.9,3505000
2008-09-22,89.0,89.69,84.5,87.099998,1935000
2008-09-23,85.0,87.099998,84.54,86.0,1085000
2008-09-24,90.0,90.0,88.0,89.5,2250000
2008-09-25,89.5,90.080002,87.82,88.8,1540000
2008-09-26,86.8,89.49,86.64,88.5,1050000
2008-09-29,87.96,89.16,86.0,89.16,1715000
2008-09-30,89.0,89.0,86.6,87.9,1770000
2008-10-01,88.2,91.48,87.32,91.3,2865000
2008-10-02,91.5,92.5,90.0,92.16,3695000
2008-10-03,92.36,94.0,91.4,93.0,2630000
2008-10-06,88.8,88.9,85.2,87.8,3105000
2008-10-07,86.6,87.78,82.0,82.5,2460000
2008-10-08,79.6,82.0,78.0,78.6,3570000
2008-10-09,81.9,81.96,73.5,77.099998,4110000
2008-10-10,60.0,76.96,60.0,75.6,6525000
2008-10-13,81.6,81.8,78.8,78.9,3650000
2008-10-14,81.6,81.64,78.22,79.16,2860000
2008-10-15,79.0,79.0,75.6,75.92,1530000
2008-10-16,75.6,75.78,72.62,75.3,2015000
2008-10-17,74.6,80.46,74.019997,79.52,1890000
2008-10-20,80.8,82.64,80.4,82.58,1950000
2008-10-21,82.56,83.56,80.6,81.2,1615000
2008-10-22,79.7,79.7,76.94,78.97,1380000
2008-10-23,77.0,78.92,74.94,77.0,1995000
2008-10-24,73.2,75.8,73.14,74.26,2450000
2008-10-27,73.099998,74.099998,70.22,70.4,2755000
2008-10-28,70.6,72.78,68.16,70.2,3295000
2008-10-29,71.8,74.36,71.2,73.9,2010000
2008-10-30,75.6,76.16,72.68,74.6,1865000
2008-10-31,73.4,76.98,73.4,76.8,1935000
2008-11-03,76.0,78.36,75.8,77.2,1665000
2008-11-04,78.0,79.38,77.019997,79.0,1240000
2008-11-05,78.6,79.0,76.76,77.8,1150000
2008-11-06,76.0,77.36,74.0,74.0,1740000
2008-11-07,74.2,75.3,73.040001,73.72,2195000
2008-11-10,73.019997,73.6,70.4,70.78,1945000
2008-11-11,70.099998,70.2,68.0,69.2,3105000
2008-11-12,68.3,69.0,66.67,67.2,2600000
2008-11-13,66.019997,68.5,62.22,68.5,4305000
2008-11-14,67.7,68.7,66.040001,67.78,2200000
2008-11-17,66.019997,66.18,62.76,62.8,2095000
2008-11-18,62.4,64.2,60.2,62.5,3140000
2008-11-19,60.9,61.54,55.2,55.66,5480000
2008-11-20,54.0,55.94,49.02,52.4,9165000
2008-11-21,53.6,58.4,52.099998,58.28,4650000
2008-11-24,60.8,64.94,59.0,59.0,5740000
2008-11-25,60.2,64.8,60.14,64.28,2685000
2008-11-26,62.2,67.66,62.0,67.2,2500000
2008-11-28,66.4,69.98,65.42,69.98,1205000
2008-12-01,65.0,67.46,62.37,65.6,1990000
2008-12-02,65.2,68.059998,64.0,66.72,2220000
2008-12-03,65.2,68.4,65.040001,67.51,2505000
2008-12-04,66.2,68.36,64.2,65.6,1405000
2008-12-05,63.8,68.18,62.2,67.2,2070000
2008-12-08,68.099998,71.080002,67.64,70.79,2985000
2008-12-09,69.2,71.2,68.54,70.86,2085000
2008-12-10,70.4,71.080002,68.24,68.9,1710000
2008-12-11,66.6,68.56,64.88,66.8,1665000
2008-12-12,63.099998,66.98,63.0,64.84,1935000
2008-12-15,64.2,65.77,62.6,63.32,2080000
2008-12-16,63.4,66.84,63.32,66.56,2155000
2008-12-17,65.099998,66.98,65.099998,66.0,1240000
2008-12-18,66.3,66.92,63.8,65.6,1315000
2008-12-19,65.6,66.38,63.6,64.24,1225000
2008-12-22,64.6,65.0,62.040001,63.98,1200000
2008-12-23,63.3,63.6,60.96,62.86,1170000
2008-12-24,62.9,63.38,62.16,62.3,495000
2008-12-26,62.24,62.84,61.6,62.26,520000
2008-12-29,62.8,62.9,60.8,61.76,1270000
2008-12-30,62.099998,62.68,60.2,61.12,1910000
2008-12-31,60.8,64.96,60.0,64.28,2005000
2009-01-02,64.099998,66.72,63.6,66.46,1355000
2009-01-05,66.86,68.099998,65.82,66.98,1435000
2009-01-06,67.7,68.32,66.34,66.66,1100000
2009-01-07,66.66,66.66,62.22,63.8,1320000
2009-01-08,63.78,65.48,62.0,65.34,1375000
2009-01-09,65.5,65.5,62.36,62.82,1125000
2009-01-12,65.0,65.0,62.4,62.78,1085000
2009-01-13,62.4,64.5,62.3,63.96,1190000
2009-01-14,63.0,63.3,62.0,62.0,1050000
2009-01-15,62.0,62.029999,60.0,61.86,2355000
2009-01-16,62.8,63.049999,60.040001,60.5,1240000
2009-01-20,60.099998,60.36,56.2,57.66,2835000
2009-01-21,59.9,61.42,56.84,58.78,1600000
2009-01-22,57.78,59.36,57.040001,59.16,1640000
2009-01-23,57.78,58.24,56.82,56.98,2410000
2009-01-26,56.98,58.68,55.8,56.0,1585000
2009-01-27,56.7,58.099998,56.099998,57.11,1020000
2009-01-28,58.5,61.0,58.2,59.88,1705000
2009-01-29,58.080002,59.48,50.02,58.0,1615000
2009-01-30,58.3,60.12,56.74,59.78,1665000
2009-02-02,57.8,59.16,57.7,59.080002,990000
2009-02-03,58.9,68.4,58.52,59.6,1040000
2009-02-04,59.6,60.54,59.14,59.88,900000
2009-02-05,59.34,62.0,56.83,57.42,2310000
2009-02-06,57.7,58.76,57.7,58.2,1565000
2009-02-09,58.14,59.18,58.040001,58.52,1035000
2009-02-10,58.2,59.54,55.8,56.66,2150000
2009-02-11,57.12,58.38,56.16,57.9,1240000
2009-02-12,57.7,58.86,56.76,57.93,1200000
2009-02-13,57.52,59.18,56.86,57.2,855000
2009-02-17,56.040001,56.4,55.22,55.4,2015000
2009-02-18,55.4,55.4,51.8,52.3,3770000
2009-02-19,52.12,53.54,50.0,50.33,3735000
2009-02-20,50.0,50.099998,44.82,47.74,8800000
2009-02-23,48.02,49.58,46.040001,47.2,4380000
2009-02-24,46.060001,51.36,46.060001,51.049999,3100000
2009-02-25,50.099998,52.66,49.24,51.34,2950000
2009-02-26,51.3,52.54,50.56,51.28,2125000
2009-02-27,48.2,51.98,47.3,51.28,4815000
2009-03-02,47.7,49.68,47.02,48.88,4695000
2009-03-03,48.96,49.78,46.64,47.4,3500000
2009-03-04,48.66,49.8,46.8,49.0,3100000
2009-03-05,47.4,47.78,45.42,46.0,4610000
2009-03-06,46.099998,47.7,45.6,46.54,2005000
2009-03-09,45.080002,47.8,45.02,46.2,2515000
2009-03-10,46.5,55.099998,46.5,55.099998,5025000
2009-03-11,55.46,56.58,53.32,54.8,3865000
2009-03-12,54.4,57.8,52.5,55.61,2790000
2009-03-13,56.5,56.56,53.22,54.83,1870000
2009-03-16,56.9,56.9,52.62,52.84,1695000
2009-03-17,52.3,54.099998,52.22,54.080002,1210000
2009-03-18,54.0,55.86,53.56,54.74,1835000
2009-03-19,55.96,56.34,55.060001,55.5,1470000
2009-03-20,55.5,56.14,55.060001,55.060001,1450000
2009-03-23,56.3,59.78,56.3,58.82,3045000
2009-03-24,59.14,59.78,58.099998,58.44,2485000
2009-03-25,58.76,59.68,57.099998,58.0,2530000
2009-03-26,58.2,59.6,57.4,59.16,1855000
2009-03-27,58.5,59.56,58.2,58.4,1415000
2009-03-30,56.9,56.96,55.060001,56.2,1595000
2009-03-31,57.76,58.32,56.0,56.4,1790000
2009-04-01,55.3,56.86,55.099998,56.38,2345000
2009-04-02,57.8,59.28,57.56,58.12,2090000
2009-04-03,58.3,60.3,57.96,60.080002,1620000
2009-04-06,60.0,60.46,59.11,59.94,2210000
2009-04-07,60.0,60.0,57.58,58.4,1505000
2009-04-08,58.5,58.7,57.44,58.3,1020000
2009-04-09,60.3,61.3,59.7,61.02,2840000
2009-04-13,60.0,61.46,59.099998,61.44,1975000
2009-04-14,60.8,61.16,59.2,59.88,1330000
2009-04-15,59.64,60.38,59.22,59.66,735000
2009-04-16,60.2,60.88,59.9,60.5,1315000
2009-04-17,60.5,61.43,59.74,60.24,1390000
2009-04-20,59.58,59.8,58.099998,58.6,1445000
2009-04-21,57.6,58.44,57.22,58.0,2425000
2009-04-22,56.9,58.16,56.02,56.02,2275000
2009-04-23,56.22,58.15,55.14,56.26,1605000
2009-04-24,56.9,58.6,56.18,58.2,2700000
2009-04-27,56.8,59.8,56.42,58.62,1880000
2009-04-28,58.0,58.98,57.7,58.23,1545000
2009-04-29,59.0,61.47,58.61,61.47,2610000
2009-04-30,62.0,63.099998,60.82,61.3,2125000
2009-05-01,61.099998,61.62,60.3,60.88,1305000
2009-05-04,61.5,62.3,60.9,62.3,1520000
2009-05-05,62.0,62.46,60.34,61.94,1220000
2009-05-06,62.2,62.2,60.86,61.8,1870000
2009-05-07,62.64,62.82,60.86,61.040001,2390000
2009-05-08,62.0,62.64,61.68,62.64,2790000
2009-05-11,61.32,61.36,59.2,59.2,2300000
2009-05-12,59.54,59.88,58.42,58.78,1355000
2009-05-13,58.3,58.3,57.040001,57.41,1375000
2009-05-14,57.040001,58.76,56.92,58.39,1350000
2009-05-15,57.84,58.94,57.84,58.0,1290000
2009-05-18,58.5,59.18,58.42,58.86,1325000
2009-05-19,58.66,60.24,58.66,60.0,1550000
2009-05-20,61.18,61.18,59.6,59.6,1335000
2009-05-21,59.040001,59.26,58.2,58.58,1385000
2009-05-22,58.52,58.64,57.64,58.16,930000
2009-05-26,58.02,59.96,57.81,59.78,2415000
2009-05-27,58.97,60.17,58.22,58.66,1505000
2009-05-28,58.6,59.26,57.8,58.0,1605000
2009-05-29,58.4,59.44,58.12,59.44,1585000
2009-06-01,59.71,60.54,56.4,59.69,1455000
2009-06-02,59.26,60.099998,59.02,59.96,1185000
2009-06-03,59.24,59.62,58.34,58.48,1005000
2009-06-04,58.7,59.15,58.4,58.66,1275000
2009-06-05,58.88,59.2,58.22,58.4,1160000
2009-06-08,58.060001,58.64,57.97,58.64,675000
2009-06-09,58.9,59.84,58.34,59.56,1370000
2009-06-10,59.94,59.94,58.48,58.5,1055000
2009-06-11,58.34,59.54,58.34,59.3,1340000
2009-06-12,59.18,59.9,58.82,59.47,1500000
2009-06-15,58.8,58.96,58.060001,58.58,1455000
2009-06-16,58.7,58.86,57.97,58.22,980000
2009-06-17,58.3,58.3,57.099998,57.48,1555000
2009-06-18,57.14,57.34,56.42,56.58,1765000
2009-06-19,56.72,57.099998,56.0099983,56.099998,1530000
2009-06-22,56.0,56.060001,55.2,55.6,1675000
2009-06-23,55.0,55.46,54.82,55.23,1605000
2009-06-24,55.3,56.32,55.3,55.88,1770000
2009-06-25,55.98,56.86,55.66,56.040001,1195000
2009-06-26,56.0,56.38,55.9,56.02,1035000
2009-06-29,55.96,57.17,55.5,56.9,1560000
2009-06-30,56.98,57.92,56.96,57.92,1845000
2009-07-01,57.94,58.7,57.82,58.48,1475000
2009-07-02,58.14,58.18,57.24,57.86,950000
2009-07-06,57.02,57.67,56.49,57.099998,1985000
2009-07-07,57.24,57.24,56.02,56.2,1280000
2009-07-08,56.69,56.69,55.12,56.22,1880000
2009-07-09,56.22,56.48,55.3,55.42,1120000
2009-07-10,55.3,55.5,54.66,54.9,1255000
2009-07-13,55.2,57.040001,55.2,56.56,2160000
2009-07-14,56.96,57.5,56.76,57.4,1400000
2009-07-15,57.85,59.26,57.8,58.8,1820000
2009-07-16,58.7,58.79,58.060001,58.46,1220000
2009-07-17,58.7,59.14,58.44,59.02,1195000
2009-07-20,59.040001,59.54,58.93,59.47,1080000
2009-07-21,59.76,59.86,59.36,59.5,1520000
2009-07-22,59.2,60.080002,59.16,60.029999,1520000
2009-07-23,60.099998,61.44,59.84,61.34,2305000
2009-07-24,61.28,62.55,60.75,62.55,2045000
2009-07-27,62.4,62.76,61.82,62.66,2350000
2009-07-28,62.5,62.7,61.92,62.7,1650000
2009-07-29,62.58,62.58,62.13,62.42,1695000
2009-07-30,62.7,64.0,62.7,63.66,3535000
2009-07-31,63.78,63.8,63.33,63.61,2020000
2009-08-03,64.019997,66.080002,64.0,65.4,3545000
2009-08-04,65.4,66.080002,65.2,65.99,1410000
2009-08-05,66.33,69.94,66.099998,69.040001,2625000
2009-08-06,70.2,70.84,68.24,70.35,2865000
2009-08-07,71.0,71.38,69.32,70.8,3080000
2009-08-10,70.2,70.38,66.22,67.8,2645000
2009-08-11,67.6,67.6,65.0,65.4,1750000
2009-08-12,65.34,67.5,65.34,66.43,1715000
2009-08-13,67.14,67.8,66.2,67.099998,1280000
2009-08-14,66.44,66.92,66.14,66.58,1090000
2009-08-17,64.86,65.2,63.099998,64.6,1440000
2009-08-18,64.82,65.62,64.66,65.5,960000
2009-08-19,64.7,66.77,64.7,65.2,1560000
2009-08-20,65.74,65.78,64.82,65.49,960000
2009-08-21,66.28,66.62,65.9,66.59,1095000
2009-08-24,66.85,67.62,66.32,66.51,1225000
2009-08-25,67.2,67.4,66.43,66.88,1605000
2009-08-26,66.34,66.82,65.72,65.96,1070000
2009-08-27,66.0,66.0,64.71,65.76,1350000
2009-08-28,66.3,66.64,65.96,66.14,1375000
2009-08-31,65.32,65.79,64.75,65.72,1180000
2009-09-01,65.86,65.92,63.7,64.6,1550000
2009-09-02,63.96,64.16,63.62,63.8,865000
2009-09-03,64.099998,64.54,63.83,64.2,1050000
2009-09-04,63.94,64.24,63.71,64.24,1040000
2009-09-08,65.48,65.7,63.88,64.0,1215000
2009-09-09,64.3,65.11,63.74,64.8,1675000
2009-09-10,65.2,65.38,64.8,65.010002,1005000
2009-09-11,65.040001,65.5,65.019997,65.28,780000
2009-09-14,65.0,65.31,64.58,65.14,690000
2009-09-15,65.2,66.0,64.9,65.99,2015000
2009-09-16,66.4,68.52,66.34,67.62,2110000
2009-09-17,68.040001,69.0,67.099998,67.38,1295000
2009-09-18,67.4,68.2,66.6,66.6,2365000
2009-09-21,67.099998,67.18,66.36,66.42,1275000
2009-09-22,66.98,67.2,66.16,67.2,1655000
2009-09-23,67.34,67.9,66.94,67.2,1325000
2009-09-24,67.12,67.3,66.019997,66.22,1250000
2009-09-25,66.18,66.24,65.0,65.36,1615000
2009-09-28,65.72,66.080002,65.38,65.82,1370000
2009-09-29,65.54,67.15,65.52,66.82,2115000
2009-09-30,66.42,67.18,66.14,66.46,1125000
2009-10-01,65.63,66.54,64.7,65.22,1475000
2009-10-02,64.36,65.42,64.22,65.29,1825000
2009-10-05,65.099998,66.0,64.86,65.7,1270000
2009-10-06,66.16,66.48,65.7,65.78,3210000
2009-10-07,65.2,65.94,65.2,65.8,1245000
2009-10-08,65.51,66.3,65.51,65.71,1285000
2009-10-09,65.48,65.78,65.0,65.74,1455000
2009-10-12,65.76,65.96,65.36,65.6,1080000
2009-10-13,65.5,65.92,65.39,65.8,2570000
2009-10-14,66.4,67.099998,66.24,67.059998,1760000
2009-10-15,66.98,67.21,66.52,67.21,1350000
2009-10-16,66.6,67.010002,66.050003,66.12,1660000
2009-10-19,66.46,66.58,66.0,66.56,1885000
2009-10-20,66.76,66.98,65.72,66.010002,1115000
2009-10-21,66.2,66.38,65.67,65.67,1265000
2009-10-22,65.88,66.78,65.44,66.78,1790000
2009-10-23,66.5,66.9,65.8,66.36,1520000
2009-10-26,66.28,66.58,65.66,65.86,1655000
2009-10-27,65.8,66.080002,65.65,66.07,1255000
2009-10-28,65.62,66.0,65.3,65.6,1450000
2009-10-29,65.83,66.3,65.72,66.12,1125000
2009-10-30,66.12,66.65,65.2,65.66,2080000
2009-11-02,65.6,66.099998,64.82,65.3,1620000
2009-11-03,66.0,66.76,65.84,66.51,4490000
2009-11-04,67.6,68.98,66.98,67.62,5925000
2009-11-05,68.46,68.46,66.58,67.9,2780000
2009-11-06,67.6,69.099998,67.54,68.5,2890000
2009-11-09,70.0,70.0,68.5,68.5,3465000
2009-11-10,68.9,68.9,67.7,67.7,2345000
2009-11-11,68.099998,68.34,67.82,67.9,1880000
2009-11-12,68.080002,68.2,67.47,68.07,1415000
2009-11-13,68.24,68.6,67.94,68.22,1745000
2009-11-16,68.6,68.86,68.040001,68.63,1700000
2009-11-17,68.68,68.91,68.51,68.6,1240000
2009-11-18,68.7,69.49,68.7,69.040001,2020000
2009-11-19,69.0,69.019997,68.55,69.0,1445000
2009-11-20,68.86,69.18,68.72,68.94,1155000
2009-11-23,69.32,69.64,68.6,68.8,1525000
2009-11-24,69.0,69.0,67.96,68.3,1550000
2009-11-25,68.55,69.59,67.9,68.059998,1800000
2009-11-27,67.39,68.0,67.2,67.64,1450000
2009-11-30,67.22,67.32,66.67,67.059998,2230000
2009-12-01,67.46,67.46,66.95,67.050003,3335000
2009-12-02,67.26,67.31,66.62,66.74,1500000
2009-12-03,66.99,67.0,65.82,65.82,1980000
2009-12-04,66.48,66.52,66.059998,66.4,1520000
2009-12-07,66.2,66.77,66.099998,66.31,1370000
2009-12-08,66.4,66.4,65.92,66.28,1610000
2009-12-09,66.4,66.4,65.5,65.68,1640000
2009-12-10,65.88,66.080002,65.22,65.52,1835000
2009-12-11,65.63,65.9,65.4,65.74,1375000
2009-12-14,66.12,66.27,65.76,66.26,1220000
2009-12-15,66.16,66.5,65.78,66.2,2890000
2009-12-16,66.38,66.46,66.029999,66.17,2110000
2009-12-17,66.18,66.18,65.52,65.77,1545000
2009-12-18,65.6,66.07,65.27,66.07,1900000
2009-12-21,65.81,66.11,65.72,65.98,2725000
2009-12-22,66.12,66.12,65.73,66.099998,1115000
2009-12-23,65.84,65.98,65.5,65.72,1040000
2009-12-24,65.64,65.92,65.5,65.74,610000
2009-12-28,65.6,65.8,65.5,65.71,1080000
2009-12-29,65.7,65.79,65.4,65.6,1105000
2009-12-30,65.66,65.79,65.6,65.79,560000
2009-12-31,65.8,66.019997,65.6,65.72,975000
2010-01-04,66.0,66.5,65.92,66.22,1575000
2010-01-05,66.39,66.59,66.15,66.54,1310000
2010-01-06,66.5,66.5,66.2,66.2,1760000
2010-01-07,66.2,66.51,66.14,66.46,1505000
2010-01-08,66.48,66.48,66.3,66.44,1500000
2010-01-11,66.64,66.87,66.16,66.5,2620000
2010-01-12,66.22,66.54,66.0,66.0,1740000
2010-01-13,66.22,66.46,65.99,66.0,1535000
2010-01-14,66.2,66.2,65.85,65.96,1325000
2010-01-15,66.3,66.3,64.72,64.94,2570000
2010-01-19,65.52,66.76,65.25,66.64,5535000
2010-01-20,67.52,70.050003,66.8,69.52,12475000
2010-01-21,71.13,73.43,70.51,72.72,14497200
2010-01-22,72.9,73.27,69.36,70.099998,8783200
2010-01-25,71.48,71.77,68.22,68.84,6568600
2010-01-26,69.33,69.68,67.87,68.0,5233900
2010-01-27,73.28,73.28,69.91,71.36,19886200
2010-01-28,71.94,73.99,71.79,73.75,14114100
2010-01-29,74.55,77.79,74.42,76.43,17297400
2010-02-01,77.79,78.0,74.62,75.41,13131500
2010-02-02,75.7,76.17,74.91,75.51,7978500
2010-02-03,75.43,75.51,74.15,74.36,7204000
2010-02-04,73.8,73.8,72.050003,72.61,11190200
2010-02-05,72.25,73.69,71.61,73.57,11737900
2010-02-08,73.99,74.5,72.93,74.23,11992500
2010-02-09,74.72,74.72,73.9,74.53,13563700
2010-02-10,74.54,74.59,74.25,74.42,13792400
2010-02-11,74.5,76.8,74.15,76.69,23040200
2010-02-12,77.15,77.86,74.57,76.9,316134200
2010-02-16,75.88,76.16,75.65,76.050003,25006300
2010-02-17,76.34,76.41,75.44,76.25,11576500
2010-02-18,76.19,76.7,75.86,76.64,9288300
2010-02-19,76.62,79.35,76.5,78.74,24692700
2010-02-22,79.28,80.089996,78.32,79.56,16954300
2010-02-23,79.3,80.059998,78.98,79.15,14902000
2010-02-24,79.54,80.0,78.81,79.68,12045300
2010-02-25,79.019997,79.4,78.63,79.4,10176000
2010-02-26,79.67,80.18,79.099998,80.13,10651200
2010-03-01,79.99,81.94,79.14,81.91,16667500
2010-03-02,82.29,82.73,80.75,80.77,15162600
2010-03-03,81.36,83.15,80.75,82.95,11875100
2010-03-04,83.099998,83.33,82.42,82.68,8268300
2010-03-05,83.21,83.4,82.82,83.36,8266900
2010-03-08,83.57,83.57,82.65,82.79,7878900
2010-03-09,82.65,82.72,82.019997,82.47,6188600
2010-03-10,82.54,82.84,81.65,82.07,5880700
2010-03-11,81.74,82.39,81.41,82.36,5527200
2010-03-12,82.63,82.85,81.69,82.24,4731100
2010-03-15,82.22,82.5,81.82,82.17,4740400
2010-03-16,82.28,82.51,81.74,82.3,4542100
2010-03-17,82.49,82.64,82.010002,82.5,4365200
2010-03-18,82.5,82.55,82.0,82.35,3732600
2010-03-19,82.059998,82.98,81.8,82.059998,9720100
2010-03-22,81.55,82.38,81.2,82.37,4107700
2010-03-23,82.45,82.45,81.7,82.33,5008000
2010-03-24,81.96,82.0,81.0,81.44,5773000
2010-03-25,81.67,82.28,81.36,81.7,5460900
2010-03-26,81.68,82.15,80.95,81.3,4816000
2010-03-29,81.54,81.96,81.54,81.75,3579300
2010-03-30,81.54,81.82,81.43,81.6,3618900
2010-03-31,81.2,81.49,80.81,81.27,4307500
2010-04-01,81.6,81.95,81.029999,81.65,3213500
2010-04-05,81.92,81.95,81.0,81.16,3601600
2010-04-06,81.0,81.019997,80.52,80.91,3238300
2010-04-07,80.81,80.84,79.51,79.95,5196900
2010-04-08,79.45,79.74,79.11,79.68,3972300
2010-04-09,79.82,80.55,79.51,80.49,3130900
2010-04-12,80.8,81.089996,80.13,80.48,2341600
2010-04-13,80.21,80.69,79.7,80.45,3071800
2010-04-14,80.56,81.050003,80.27,80.89,3267400
2010-04-15,80.78,80.8,79.8,80.07,3912500
2010-04-16,79.85,80.23,75.52,78.72,12106000
2010-04-19,78.17,79.59,77.58,79.48,5146500
2010-04-20,79.87,80.12,79.32,80.010002,3447100
2010-04-21,80.2,80.2,78.11,78.87,3983400
2010-04-22,78.25,78.85,77.35,78.68,4402000
2010-04-23,78.56,79.089996,77.95,78.95,3868800
2010-04-26,78.99,79.67,78.95,79.24,4657400
2010-04-27,78.32,78.67,76.57,76.69,6036900
2010-04-28,77.0,77.68,76.9,77.17,4355700
2010-04-29,77.71,78.14,77.64,78.089996,4334900
2010-04-30,77.9,78.46,77.0,77.0,4841900
2010-05-03,77.7,78.62,77.46,78.44,4280300
2010-05-04,78.050003,78.050003,76.29,76.61,4662400
2010-05-05,75.8,76.98,75.51,76.7,4785100
2010-05-06,76.41,77.25,71.5,74.59,10384300
2010-05-07,74.25,75.85,72.73,74.41,9018300
2010-05-10,77.07,78.3,76.63,78.23,7535300
2010-05-11,77.43,78.8,76.86,77.61,4919200
2010-05-12,77.69,78.55,77.21,78.0,3611600
2010-05-13,77.89,78.099998,77.17,77.27,3429100
2010-05-14,77.15,77.21,75.31,76.23,5366600
2010-05-17,76.059998,76.53,75.019997,76.31,3707100
2010-05-18,76.36,77.36,75.25,75.47,4386500
2010-05-19,75.050003,76.3,74.26,75.83,4675600
2010-05-20,74.4,74.61,72.25,72.28,7728800
2010-05-21,71.14,73.25,70.0,73.010002,10920900
2010-05-24,72.31,72.53,70.7,70.78,5304400
2010-05-25,69.89,70.87,68.48,70.73,8409000
2010-05-26,71.48,71.48,70.16,70.32,5414900
2010-05-27,71.089996,73.42,71.089996,73.35,6530400
2010-05-28,72.4,72.74,70.55,70.55,7820800
2010-06-01,70.050003,71.94,69.95,70.26,5382500
2010-06-02,70.51,72.33,70.17,72.25,4913800
2010-06-03,72.4,72.65,71.3,72.34,4122900
2010-06-04,70.91,71.25,69.78,70.19,7387000
2010-06-07,70.29,70.98,69.8,70.040001,5457600
2010-06-08,70.2,72.86,69.61,72.64,6710600
2010-06-09,72.87,73.57,71.36,71.81,5909800
2010-06-10,72.31,74.2,72.3,74.099998,6174000
2010-06-11,73.6,74.73,73.25,74.41,4812900
2010-06-14,74.87,75.77,74.59,74.92,5646100
2010-06-15,75.33,77.32,74.8,77.25,7254300
2010-06-16,76.86,77.54,76.49,77.51,4848700
2010-06-17,77.72,79.3,77.56,79.23,9075300
2010-06-18,79.45,79.98,79.16,79.93,13211800
2010-06-21,80.099998,80.45,79.15,79.81,8377700
2010-06-22,79.54,80.32,79.11,79.53,9059300
2010-06-23,79.45,79.89,77.81,79.14,7180800
2010-06-24,78.87,79.75,78.0,78.86,10153600
2010-06-25,79.35,81.9,79.25,81.9,109267000
2010-06-28,81.26,81.36,80.89,81.019997,17628400
2010-06-29,80.3,81.42,79.55,80.029999,19427200
2010-06-30,79.8,80.78,79.38,79.69,10967500
2010-07-01,79.56,79.67,77.93,78.81,11930900
2010-07-02,79.050003,79.47,76.67,77.24,9319900
2010-07-06,77.6,78.9,76.72,77.57,8676000
2010-07-07,77.76,79.99,77.16,79.92,9977300
2010-07-08,79.61,79.92,78.73,79.41,8430600
2010-07-09,79.27,79.85,78.89,79.75,5558700
2010-07-12,79.57,79.8,78.66,79.47,5076900
2010-07-13,79.75,80.23,79.099998,79.86,9216600
2010-07-14,79.92,79.92,79.050003,79.35,6486000
2010-07-15,79.49,79.99,78.47,79.71,6454400
2010-07-16,79.3,79.43,77.0,77.099998,9286400
2010-07-19,77.37,77.85,76.44,77.31,4895600
2010-07-20,76.4,78.5,76.3,78.24,5254200
2010-07-21,78.52,78.7,76.21,76.63,5781900
2010-07-22,77.48,78.46,77.25,78.35,6352900
2010-07-23,78.21,78.93,77.82,78.71,5414300
2010-07-26,78.74,79.43,78.28,78.72,6045700
2010-07-27,78.9,78.98,78.3,78.51,4993800
2010-07-28,78.32,78.74,77.55,77.82,3447100
2010-07-29,78.47,78.79,77.25,78.040001,5098200
2010-07-30,77.29,78.44,77.29,78.12,4680600
2010-08-02,78.78,79.98,78.56,79.92,6292400
2010-08-03,79.84,80.080002,79.57,79.83,4860100
2010-08-04,79.99,80.85,79.8,80.76,5380700
2010-08-05,80.2,80.87,79.89,80.83,3805400
2010-08-06,80.19,80.74,78.81,80.47,5508700
2010-08-09,80.83,80.9,79.84,80.7,3697100
2010-08-10,79.96,80.44,79.080002,79.73,3296300
2010-08-11,78.92,79.0,77.41,77.5,6150200
2010-08-12,77.0,77.49,76.64,77.019997,4136200
2010-08-13,76.92,77.56,76.74,76.78,3248400
2010-08-16,76.5,77.25,76.040001,76.84,2949400
2010-08-17,77.47,78.19,77.0,77.53,4116300
2010-08-18,77.7,79.48,77.44,78.79,6553500
2010-08-19,78.53,78.65,77.36,77.54,5691300
2010-08-20,76.85,78.15,76.85,77.73,5400500
2010-08-23,77.88,78.050003,77.21,77.23,2999000
2010-08-24,76.4,77.51,76.32,76.58,5319000
2010-08-25,76.24,77.040001,75.62,76.8,5902400
2010-08-26,77.11,77.21,76.0,76.37,4489300
2010-08-27,76.86,78.78,76.67,78.78,7285800
2010-08-30,78.22,79.0,77.87,77.9,6012900
2010-08-31,77.81,79.029999,77.48,78.78,16303700
2010-09-01,79.3,80.98,78.99,80.91,11057000
2010-09-02,80.76,81.36,80.22,81.19,7215600
2010-09-03,81.37,81.65,80.44,81.61,6615400
2010-09-07,80.89,81.52,80.71,80.79,5113100
2010-09-08,81.14,81.75,81.089996,81.69,4799300
2010-09-09,81.98,82.43,81.65,82.31,5223600
2010-09-10,82.17,82.72,82.059998,82.72,3964000
2010-09-13,82.98,83.37,82.74,83.34,6474400
2010-09-14,83.26,83.58,82.9,83.050003,5468500
2010-09-15,82.98,83.54,82.34,83.48,4437200
2010-09-16,83.42,83.54,82.93,83.54,4365700
2010-09-17,83.85,84.15,82.72,82.72,18493800
2010-09-20,82.84,83.7,82.82,83.51,6108800
2010-09-21,83.49,83.83,82.82,83.089996,5318500
2010-09-22,83.18,83.48,82.36,82.42,4491200
2010-09-23,82.059998,82.76,80.98,81.24,4570400
2010-09-24,82.089996,85.86,82.0,83.32,16046900
2010-09-27,83.6,83.87,82.8,82.87,5761600
2010-09-28,82.85,83.39,82.11,83.07,4616500
2010-09-29,82.66,83.33,82.2,82.44,4469500
2010-09-30,82.83,83.77,82.51,82.68,4908500
2010-10-01,83.3,83.48,82.33,82.71,4519800
2010-10-04,82.41,82.85,81.48,82.11,3858400
2010-10-05,82.59,83.73,81.75,83.43,7290300
2010-10-06,83.26,83.54,82.82,83.54,3359400
2010-10-07,83.83,83.85,82.58,83.17,3371200
2010-10-08,83.41,83.42,82.63,83.16,3493900
2010-10-11,83.050003,83.3,82.58,82.95,1957700
2010-10-12,82.64,83.35,82.3,83.3,3500300
2010-10-13,83.52,83.87,83.21,83.66,5060000
2010-10-14,83.79,84.45,83.19,83.61,5265000
2010-10-15,84.11,84.25,82.97,83.37,5856100
2010-10-18,83.22,84.0,83.11,83.5,3830200
2010-10-19,82.91,83.43,82.010002,82.36,4953400
2010-10-20,82.55,83.24,82.25,82.92,4309200
2010-10-21,82.83,83.48,82.5,83.010002,4053600
2010-10-22,83.07,83.43,82.58,83.34,2683400
2010-10-25,83.52,84.0,83.28,83.33,3548600
2010-10-26,83.0,83.11,81.25,82.22,5239300
2010-10-27,81.67,81.72,80.13,80.55,5959600
2010-10-28,81.080002,81.099998,80.07,80.099998,4381200
2010-10-29,80.040001,80.18,78.72,79.56,6112400
2010-11-01,79.76,81.31,79.58,79.9,4332700
2010-11-02,80.32,80.61,80.0,80.42,3800900
2010-11-03,80.79,81.5,80.24,81.27,4396400
2010-11-04,82.15,83.089996,81.69,82.96,7622800
2010-11-05,82.64,83.8,82.46,83.72,6006200
2010-11-08,83.050003,83.27,81.89,82.32,4947300
2010-11-09,82.27,82.41,80.6,80.85,5320300
2010-11-10,80.64,82.17,80.64,81.93,5661100
2010-11-11,81.3,81.6,80.9,81.13,2957100
2010-11-12,80.95,80.96,80.16,80.25,3351400
2010-11-15,80.48,80.99,80.07,80.19,3626300
2010-11-16,80.059998,80.3,79.67,79.91,5640100
2010-11-17,80.13,80.33,79.52,79.53,3753400
2010-11-18,80.2,80.97,80.029999,80.86,3925800
2010-11-19,80.52,81.029999,80.3,80.77,4219300
2010-11-22,80.11,80.55,79.7,80.0,3565100
2010-11-23,79.49,79.9,79.019997,79.089996,4320000
2010-11-24,79.98,80.35,79.43,80.3,3291400
2010-11-26,79.41,79.86,79.4,79.76,1849800
2010-11-29,79.040001,79.89,78.82,79.51,4088400
2010-11-30,79.059998,80.58,79.050003,79.68,6824700
2010-12-01,80.72,81.92,80.25,80.68,6657800
2010-12-02,80.94,81.42,80.76,81.42,4908200
2010-12-03,80.8,81.17,80.2,80.9,4083100
2010-12-06,80.73,81.39,80.21,80.38,2399100
2010-12-07,80.84,81.15,79.79,79.87,4981800
2010-12-08,79.77,80.54,79.5,80.54,3889800
2010-12-09,80.66,80.75,79.85,80.49,3846400
2010-12-10,80.47,80.72,79.84,80.68,3627000
2010-12-13,80.66,80.88,80.16,80.34,4012200
2010-12-14,80.33,80.66,79.91,80.24,3182100
2010-12-15,79.96,80.17,79.48,79.55,4341500
2010-12-16,79.61,79.93,79.2,79.88,3950700
2010-12-17,79.73,80.050003,79.32,79.95,6823900
2010-12-20,79.95,80.029999,79.3,79.57,3205700
2010-12-21,79.7,80.58,79.59,80.49,4024100
2010-12-22,80.41,80.74,79.8,80.14,3737600
2010-12-23,80.11,80.11,79.67,79.86,2607700
2010-12-27,79.81,80.18,79.58,80.16,2218800
2010-12-28,80.14,80.22,79.87,79.99,1792500
2010-12-29,79.93,80.059998,79.75,79.89,1816100
2010-12-30,80.050003,80.050003,79.29,79.4,2508600
2010-12-31,79.27,80.11,79.2,80.11,2935300
2011-01-03,80.5,80.84,80.22,80.41,5573500
2011-01-04,80.33,80.39,79.72,80.17,4020400
2011-01-05,79.99,80.91,79.8,80.91,4107800
2011-01-06,80.93,80.98,80.37,80.37,3938000
2011-01-07,80.61,80.7,79.5,79.74,3809600
2011-01-10,79.52,79.97,79.14,79.65,3521800
2011-01-11,79.69,80.019997,79.21,79.4,3481400
2011-01-12,79.92,80.74,79.71,80.74,5436500
2011-01-13,80.73,80.89,80.29,80.76,3303800
2011-01-14,80.63,81.67,80.58,81.65,4786900
2011-01-18,81.52,82.099998,81.5,81.82,4249400
2011-01-19,81.81,81.82,80.5,80.92,3932000
2011-01-20,80.82,81.37,80.5,80.73,3674500
2011-01-21,81.18,81.18,80.22,80.45,4444300
2011-01-24,81.35,83.39,81.29,82.94,7143500
2011-01-25,82.84,83.27,82.17,83.25,3863600
2011-01-26,83.33,83.48,82.91,83.07,3325200
2011-01-27,82.74,83.24,82.65,83.029999,2817800
2011-01-28,83.23,83.35,81.47,81.56,5263400
2011-01-31,81.93,82.31,81.52,81.75,3434700
2011-02-01,82.059998,83.5,82.059998,83.35,4630900
2011-02-02,83.010002,83.88,82.4,82.45,3616200
2011-02-03,82.3,83.39,82.21,83.019997,2788300
2011-02-04,82.9,83.19,82.48,83.17,2582200
2011-02-07,83.28,84.11,83.28,84.099998,3891200
2011-02-08,84.010002,84.65,83.71,84.27,3593600
2011-02-09,83.89,84.18,83.35,83.89,4091100
2011-02-10,83.75,84.48,83.4,84.45,3216900
2011-02-11,84.27,84.96,83.67,84.91,3937200
2011-02-14,84.94,85.5,84.84,85.3,3177500
2011-02-15,85.19,85.49,84.52,84.98,3357300
2011-02-16,85.18,85.36,84.61,84.96,2714900
2011-02-17,84.78,85.3,84.6,84.93,2135300
2011-02-18,85.07,85.18,84.71,85.050003,4107400
2011-02-22,84.16,84.68,83.010002,83.17,5621700
2011-02-23,83.3,83.6,82.099998,82.86,4098700
2011-02-24,82.84,83.89,82.47,83.36,3995300
2011-02-25,83.65,85.25,83.41,84.87,4621300
2011-02-28,86.46,87.65,85.55,87.28,7671900
2011-03-01,87.54,87.61,85.13,85.25,6301000
2011-03-02,85.0,85.77,84.62,85.019997,3635800
2011-03-03,85.8,86.91,85.53,86.7,4719000
2011-03-04,86.45,86.66,85.010002,85.5,4698100
2011-03-07,85.78,86.26,85.0,85.040001,3665200
2011-03-08,85.38,86.47,85.25,86.35,4050900
2011-03-09,86.0,86.26,85.43,86.019997,2544200
2011-03-10,85.3,85.55,84.98,84.98,4649300
2011-03-11,84.2,85.52,84.0,85.3,4220500
2011-03-14,84.69,84.83,83.8,84.21,4798400
2011-03-15,82.2,83.27,81.66,82.52,6729000
2011-03-16,82.55,82.7,80.91,80.95,7922600
2011-03-17,82.21,83.050003,81.61,82.73,5419100
2011-03-18,83.88,84.33,82.92,83.48,7245100
2011-03-21,84.059998,85.2,83.75,85.17,4709300
2011-03-22,85.28,85.51,84.9,84.98,3090200
2011-03-23,84.8,85.16,83.85,84.74,3334600
2011-03-24,85.019997,85.35,84.73,85.16,2646900
2011-03-25,85.43,85.43,84.82,85.24,2364900
2011-03-28,85.13,85.36,84.34,84.37,2377200
2011-03-29,84.21,84.71,83.75,84.71,2687100
2011-03-30,84.82,85.51,84.71,85.46,3635400
2011-03-31,83.94,84.44,83.41,83.63,10527600
2011-04-01,84.089996,84.089996,83.27,83.68,5098600
2011-04-04,83.98,83.98,82.63,83.099998,5216400
2011-04-05,82.98,82.98,81.85,82.040001,4844300
2011-04-06,82.2,82.35,81.62,81.99,5397200
2011-04-07,81.82,82.22,81.51,81.93,3667300
2011-04-08,82.15,82.16,81.59,81.8,3279200
2011-04-11,81.96,82.41,81.8,82.26,3704800
2011-04-12,81.8,82.23,81.5,81.68,3134700
2011-04-13,81.88,81.93,80.76,80.76,4410400
2011-04-14,80.55,81.019997,80.39,80.74,3739400
2011-04-15,81.14,81.49,80.75,80.89,4564000
2011-04-18,80.12,80.51,79.78,80.3,4474700
2011-04-19,80.28,80.75,80.0,80.5,3026600
2011-04-20,81.3,81.9,81.11,81.72,4559700
2011-04-21,82.050003,82.4,81.69,82.36,3193100
2011-04-25,82.26,82.5,81.92,82.38,2341300
2011-04-26,82.45,83.2,82.36,82.92,3600000
2011-04-27,82.93,83.059998,82.32,82.99,3460900
2011-04-28,82.95,83.3,82.62,83.27,3450600
2011-04-29,83.2,83.72,83.050003,83.3,2970800
2011-05-02,82.39,82.44,81.52,81.92,4940600
2011-05-03,81.66,82.33,81.42,82.32,3299500
2011-05-04,82.39,82.5,81.26,81.58,3235100
2011-05-05,81.19,81.39,79.5,79.66,5386400
2011-05-06,80.6,81.51,80.13,80.21,4056600
2011-05-09,80.12,81.44,80.12,80.73,2884200
2011-05-10,80.96,81.35,80.6,81.23,2865100
2011-05-11,80.95,81.14,79.94,80.099998,3806400
2011-05-12,80.0,81.099998,79.75,80.7,3652100
2011-05-13,80.65,81.099998,79.54,79.65,4151600
2011-05-16,79.54,80.25,79.11,79.48,3876300
2011-05-17,79.21,79.44,78.57,78.93,4778400
2011-05-18,79.13,79.69,78.9,79.62,3029100
2011-05-19,79.75,79.97,78.91,79.28,2491500
2011-05-20,79.21,79.6,78.64,78.72,3512500
2011-05-23,78.15,78.33,77.62,77.89,4092000
2011-05-24,78.0,78.23,77.6,77.67,2975900
2011-05-25,77.51,78.54,77.23,78.16,3532300
2011-05-26,78.12,78.72,77.5,78.31,3084100
2011-05-27,78.39,78.55,77.65,78.040001,3114900
2011-05-31,78.43,79.07,78.29,79.07,5339300
2011-06-01,78.76,78.89,77.010002,77.080002,5667000
2011-06-02,77.2,77.94,77.010002,77.16,3773300
2011-06-03,76.49,76.97,76.11,76.25,4477600
2011-06-06,75.83,76.15,75.22,75.34,4727400
2011-06-07,75.7,75.92,74.83,74.86,4508900
2011-06-08,74.72,75.07,74.28,74.33,4883000
2011-06-09,74.4,75.42,74.34,75.010002,3843900
2011-06-10,74.87,74.87,73.72,74.059998,6460200
2011-06-13,74.080002,74.51,73.71,74.29,4435100
2011-06-14,74.8,75.8,74.65,75.11,5591600
2011-06-15,74.76,74.77,73.23,73.83,7366900
2011-06-16,73.71,75.14,73.71,75.010002,5966000
2011-06-17,75.65,75.88,75.16,75.51,9041100
2011-06-20,75.48,76.48,75.44,76.099998,4221700
2011-06-21,76.41,76.81,76.15,76.49,5146900
2011-06-22,76.41,76.49,75.95,75.97,3685200
2011-06-23,75.25,75.74,74.48,75.61,5506600
2011-06-24,75.56,75.78,74.65,75.62,5390300
2011-06-27,75.7,76.38,75.35,75.63,3820100
2011-06-28,76.029999,76.42,75.83,76.42,3687000
2011-06-29,76.55,77.059998,76.27,77.029999,4058900
2011-06-30,77.33,77.5,76.56,77.39,4113700
2011-07-01,77.24,78.19,76.7,78.089996,4526100
2011-07-05,77.87,77.98,76.98,77.31,3768200
2011-07-06,77.27,77.27,76.18,76.52,4501400
2011-07-07,77.13,77.96,76.86,77.77,4167500
2011-07-08,76.92,76.98,76.37,76.9,3618700
2011-07-11,76.0,76.34,75.010002,75.27,4780200
2011-07-12,75.07,76.75,75.0,75.78,4566300
2011-07-13,76.11,76.97,76.099998,76.32,4039600
2011-07-14,76.5,76.69,75.88,76.099998,4693200
2011-07-15,76.41,76.41,74.95,75.36,6131200
2011-07-18,75.12,75.36,74.73,75.11,4753800
2011-07-19,75.29,76.29,75.17,76.29,4702100
2011-07-20,76.44,76.5,75.82,76.14,3505700
2011-07-21,76.4,77.6,76.34,77.34,6298900
2011-07-22,77.26,77.46,76.61,77.050003,3095900
2011-07-25,75.91,76.32,75.69,75.91,4706500
2011-07-26,75.79,76.0,75.43,75.51,4555800
2011-07-27,75.010002,75.35,74.66,74.69,6823500
2011-07-28,74.72,75.47,74.52,74.85,4613000
2011-07-29,74.27,74.99,74.13,74.17,6691800
2011-08-01,75.7,75.7,74.22,74.93,7541000
2011-08-02,74.41,74.74,73.37,73.37,7147900
2011-08-03,73.49,74.13,72.85,74.010002,7860100
2011-08-04,73.39,73.46,70.82,70.99,12469700
2011-08-05,71.75,72.83,70.050003,71.25,12309000
2011-08-08,70.0,71.23,66.51,66.65,21398700
2011-08-09,68.5,73.029999,67.080002,72.93,18489200
2011-08-10,71.46,71.47,67.41,67.6,16639700
2011-08-11,68.37,73.099998,68.19,71.74,14238800
2011-08-12,72.53,73.24,71.07,71.52,7685400
2011-08-15,72.26,72.63,71.52,72.54,5741100
2011-08-16,72.050003,72.25,70.76,71.78,6681400
2011-08-17,72.62,73.27,71.82,72.38,4978900
2011-08-18,70.44,70.57,68.35,69.56,10463500
2011-08-19,68.77,70.54,68.17,68.33,9167800
2011-08-22,69.29,69.87,67.7,67.8,6346500
2011-08-23,67.71,69.66,67.6,69.59,6677000
2011-08-24,69.29,70.83,69.019997,70.75,6662600
2011-08-25,71.28,71.88,68.6,68.99,8650300
2011-08-26,68.67,70.74,67.94,69.84,6625900
2011-08-29,70.99,72.83,70.77,72.6,6854900
2011-08-30,72.16,73.040001,71.81,72.26,5762100
2011-08-31,72.84,73.59,72.050003,73.0,7571600
2011-09-01,73.21,73.21,71.35,71.37,6193100
2011-09-02,69.9,70.73,69.21,69.37,6519100
2011-09-06,67.56,68.8,67.56,68.37,8121100
2011-09-07,69.62,70.86,69.050003,70.7,6219000
2011-09-08,70.13,70.56,69.4,69.41,5231400
2011-09-09,68.79,69.099998,67.55,67.77,7413200
2011-09-12,67.13,69.25,67.010002,69.24,6858900
2011-09-13,69.059998,69.53,68.12,68.85,5414400
2011-09-14,69.31,69.95,67.92,69.41,6263900
2011-09-15,69.99,70.89,69.45,70.83,6455900
2011-09-16,71.21,71.87,70.55,71.55,13375700
2011-09-19,70.050003,70.21,69.3,69.66,5165300
2011-09-20,70.010002,70.77,69.68,69.72,4667400
2011-09-21,69.81,70.0,67.11,67.22,8347100
2011-09-22,66.67,67.0,65.35,66.0,16309200
2011-09-23,65.92,66.66,65.61,66.37,8074000
2011-09-26,68.9,72.49,68.9,72.089996,14909700
2011-09-27,73.080002,74.29,71.6,72.07,12372100
2011-09-28,72.24,72.5,70.55,70.78,7879600
2011-09-29,72.31,72.74,70.98,72.71,8928800
2011-09-30,71.45,72.42,71.019997,71.040001,9407500
2011-10-03,71.059998,72.24,70.0,70.059998,10781600
2011-10-04,69.07,73.55,69.07,73.17,13400000
2011-10-05,73.15,73.45,71.53,73.23,8652900
2011-10-06,73.010002,73.76,72.12,73.63,7232400
2011-10-07,73.62,73.74,71.64,71.7,8022800
2011-10-10,73.13,74.41,72.78,74.11,6998400
2011-10-11,73.68,74.27,72.89,73.41,5223800
2011-10-12,74.010002,75.33,73.33,74.71,8186900
2011-10-13,74.34,74.62,73.39,74.050003,5616800
2011-10-14,74.81,74.89,73.75,74.75,5023900
2011-10-17,73.95,74.32,72.55,72.89,5838400
2011-10-18,72.97,75.5,72.86,75.07,8160800
2011-10-19,74.76,75.75,73.88,74.11,5615100
2011-10-20,74.39,76.0,74.23,75.87,6256100
2011-10-21,76.3,77.5,75.92,77.45,8061300
2011-10-24,77.4,77.72,76.54,77.24,5440200
2011-10-25,76.79,76.87,75.31,75.74,6160700
2011-10-26,76.77,78.47,75.89,78.019997,8236200
2011-10-27,79.68,80.58,79.010002,80.49,12262700
2011-10-28,79.74,80.010002,79.040001,79.96,6529600
2011-10-31,78.53,79.72,77.8,77.86,6541700
2011-11-01,76.12,76.85,75.34,75.52,9441500
2011-11-02,76.62,77.79,76.14,77.49,5980900
2011-11-03,78.16,79.0,76.77,78.82,6364400
2011-11-04,78.15,78.19,76.86,77.24,5579900
2011-11-07,77.48,77.49,76.029999,77.099998,4353600
2011-11-08,77.5,78.4,76.62,78.16,5377500
2011-11-09,76.85,77.07,75.23,75.4,8536400
2011-11-10,76.47,76.51,75.29,75.99,4401600
2011-11-11,76.89,77.13,76.28,76.97,4848800
2011-11-14,76.51,76.89,75.51,75.86,4372400
2011-11-15,75.46,76.58,75.23,75.93,4198200
2011-11-16,75.5,76.0,74.51,74.67,6357100
2011-11-17,74.72,75.67,73.9,74.3,6268500
2011-11-18,74.9,75.62,74.57,75.37,5780500
2011-11-21,74.099998,74.97,73.9,74.32,5980900
2011-11-22,74.15,75.29,74.099998,74.36,4368500
2011-11-23,73.78,73.91,72.72,72.75,6463400
2011-11-25,72.77,73.53,72.6,72.89,2770900
2011-11-28,74.4,75.72,74.15,75.48,6463500
2011-11-29,75.87,75.87,75.010002,75.13,4009200
2011-11-30,76.66,79.010002,76.2,78.76,10929600
2011-12-01,78.21,78.4,77.38,77.81,4769800
2011-12-02,78.53,78.9,77.32,77.44,5031900
2011-12-05,78.25,78.84,77.23,78.11,5457600
2011-12-06,78.080002,78.79,77.25,78.15,4222300
2011-12-07,77.82,78.9,76.96,78.72,5414100
2011-12-08,77.82,77.99,76.66,76.94,5839800
2011-12-09,77.51,78.0,77.19,77.61,5560200
2011-12-12,76.94,77.010002,75.67,76.27,5586000
2011-12-13,76.56,76.9,75.019997,75.86,6738100
2011-12-14,75.38,76.099998,74.86,75.52,6807800
2011-12-15,76.24,76.44,74.84,74.9,5346600
2011-12-16,75.5,75.7,74.6,75.13,9269300
2011-12-19,75.059998,75.32,73.73,74.040001,5278000
2011-12-20,74.98,76.44,74.69,76.099998,7374700
2011-12-21,76.34,76.34,75.5,76.22,4887400
2011-12-22,76.2,76.9,75.82,76.89,4067800
2011-12-23,76.95,77.8,76.71,77.74,2937100
2011-12-27,77.48,78.050003,77.010002,77.23,2829800
2011-12-28,77.3,77.41,76.3,76.52,3485300
2011-12-29,76.89,77.0,76.29,76.9,3128500
2011-12-30,76.85,76.85,76.3,76.3,2397100
2012-01-03,77.38,78.29,77.31,77.68,5343500
2012-01-04,77.55,77.55,76.6,76.8,4264400
2012-01-05,76.41,77.12,75.86,76.93,4235400
2012-01-06,76.81,77.11,76.13,76.39,3751400
2012-01-09,76.49,76.77,75.94,76.29,2978200
2012-01-10,77.0,77.5,76.72,77.42,4815000
2012-01-11,77.22,78.050003,76.91,78.0,3819700
2012-01-12,78.33,78.5,77.63,78.5,3749300
2012-01-13,77.84,77.95,77.0,77.77,4772300
2012-01-17,78.57,78.62,77.6,77.97,4344500
2012-01-18,77.89,78.92,77.83,78.92,4396600
2012-01-19,78.98,79.59,78.59,79.59,4609200
2012-01-20,79.63,79.92,79.34,79.91,5359300
2012-01-23,79.6,79.71,78.81,79.15,3264800
2012-01-24,78.47,78.78,78.14,78.48,2754000
2012-01-25,78.22,79.96,77.96,79.85,4573800
2012-01-26,79.94,80.080002,79.040001,79.66,5180000
2012-01-27,79.33,79.73,78.87,79.42,3590700
2012-01-30,78.27,78.8,78.099998,78.69,3638800
2012-01-31,79.18,79.26,78.25,78.37,4262700
2012-02-01,78.79,79.65,78.58,78.66,4893300
2012-02-02,78.88,79.040001,78.45,78.73,3011200
2012-02-03,79.56,80.050003,79.28,80.0,7008900
2012-02-06,79.5,79.93,79.44,79.85,3208700
2012-02-07,79.38,80.0,79.18,79.88,2259100
2012-02-08,79.82,79.89,79.47,79.66,3306300
2012-02-09,79.66,79.78,78.95,79.2,3696700
2012-02-10,78.85,79.28,78.5,78.79,4789300
2012-02-13,79.16,79.61,79.010002,79.44,3182800
2012-02-14,79.28,79.3,78.24,78.92,4215100
2012-02-15,79.040001,79.34,77.89,78.07,4922100
2012-02-16,78.029999,78.98,77.98,78.91,4429500
2012-02-17,79.28,79.65,78.88,79.42,5603200
2012-02-21,79.44,79.88,79.31,79.63,3322500
2012-02-22,79.5,79.59,78.8,78.93,3295500
2012-02-23,78.72,79.41,78.72,79.37,3624100
2012-02-24,79.63,80.099998,79.52,80.040001,5552800
2012-02-27,79.45,80.48,78.7,80.25,6411700
2012-02-28,80.49,80.49,79.2,79.44,4653600
2012-02-29,79.57,79.67,78.41,78.45,7259200
2012-03-01,78.64,78.92,78.44,78.78,3893400
2012-03-02,78.6,78.75,78.18,78.29,3727600
2012-03-05,78.49,79.3,78.28,79.17,4810100
2012-03-06,78.68,79.040001,78.31,78.47,5516300
2012-03-07,78.53,78.84,78.26,78.82,4060400
2012-03-08,79.019997,79.15,78.43,78.87,3829400
2012-03-09,79.029999,79.5,78.83,79.41,3625600
2012-03-12,79.43,79.66,79.3,79.54,3004000
2012-03-13,79.72,80.85,79.66,80.76,7088200
2012-03-14,80.69,80.89,80.39,80.71,4494000
2012-03-15,80.55,81.37,80.33,81.34,4947100
2012-03-16,81.23,81.49,80.95,81.07,7095500
2012-03-19,81.11,81.62,81.029999,81.48,3742200
2012-03-20,81.25,81.6,81.07,81.45,2864100
2012-03-21,81.45,81.46,80.73,81.21,3558000
2012-03-22,80.81,81.089996,80.56,80.93,3296000
2012-03-23,81.07,81.6,80.77,81.38,3364500
2012-03-26,81.88,82.34,81.7,82.34,4139700
2012-03-27,82.47,82.47,81.7,81.76,3259000
2012-03-28,81.85,81.89,80.95,81.78,3983600
2012-03-29,81.27,81.66,80.75,81.35,3599100
2012-03-30,81.62,81.81,80.89,81.15,4054700
2012-04-02,81.15,82.029999,81.0,81.84,3844700
2012-04-03,81.5,81.84,80.77,81.54,4495700
2012-04-04,81.0,81.46,80.79,81.050003,3245600
2012-04-05,80.81,81.28,80.65,80.91,2826000
2012-04-09,80.18,80.26,79.6,79.76,3710600
2012-04-10,79.6,79.8,78.68,78.7,5062200
2012-04-11,79.6,79.6,78.84,79.050003,3530900
2012-04-12,78.91,80.2,78.74,80.059998,3655300
2012-04-13,79.91,80.0,78.7,78.82,4428600
2012-04-16,79.48,79.94,79.080002,79.67,3773800
2012-04-17,80.28,80.99,79.87,80.76,4627900
2012-04-18,79.9,80.23,79.65,79.74,5471100
2012-04-19,79.77,80.029999,78.75,79.28,4467800
2012-04-20,79.27,79.56,78.86,78.9,5653200
2012-04-23,78.42,79.18,78.21,78.8,5233700
2012-04-24,78.99,79.85,78.83,79.79,3968900
2012-04-25,79.86,80.07,79.65,79.94,4128200
2012-04-26,79.87,80.58,79.74,80.4,3622700
2012-04-27,80.44,80.7,80.12,80.56,3743900
2012-04-30,80.51,80.72,80.21,80.45,2776900
2012-05-01,80.47,81.48,80.4,81.46,3584000
2012-05-02,81.12,81.25,80.68,81.13,2797700
2012-05-03,81.25,81.54,81.040001,81.26,3575200
2012-05-04,80.81,81.25,80.53,80.94,4502700
2012-05-07,81.26,82.59,80.95,82.47,6757000
2012-05-08,82.3,82.46,81.52,82.22,5704100
2012-05-09,81.5,82.0,81.43,81.43,4865600
2012-05-10,81.99,82.4,81.61,81.78,4085000
2012-05-11,81.25,82.28,81.0,81.6,4197400
2012-05-14,81.010002,81.17,80.47,80.53,4076300
2012-05-15,80.36,80.91,80.15,80.21,3804600
2012-05-16,80.42,81.089996,80.26,80.59,6713700
2012-05-17,80.71,80.93,79.87,79.87,6093200
2012-05-18,80.24,80.24,78.64,78.91,6357100
2012-05-21,79.010002,79.87,78.66,79.8,4185600
2012-05-22,80.010002,80.8,79.25,79.65,3252300
2012-05-23,79.3,79.87,78.67,79.75,3483000
2012-05-24,79.79,79.99,79.089996,79.8,2585400
2012-05-25,79.53,79.99,79.0,79.25,3002400
2012-05-29,79.73,79.94,79.25,79.82,3071200
2012-05-30,79.18,79.49,78.59,78.83,3852300
2012-05-31,78.64,79.85,78.28,79.36,4721100
2012-06-01,78.33,79.39,78.33,79.019997,6865800
2012-06-04,79.0,79.089996,78.45,79.040001,5976200
2012-06-05,78.9,79.27,78.83,79.12,4172000
2012-06-06,79.42,80.68,78.91,80.68,4955500
2012-06-07,80.89,81.25,80.38,80.66,4600100
2012-06-08,80.56,81.36,80.28,81.36,3200400
2012-06-11,81.58,81.66,80.2,80.28,3871300
2012-06-12,80.42,81.31,80.040001,81.26,3777600
2012-06-13,81.010002,81.14,80.24,80.59,3637100
2012-06-14,80.91,82.0,80.74,81.72,5153300
2012-06-15,82.27,82.57,82.050003,82.57,6769300
2012-06-18,82.059998,82.49,82.019997,82.15,4033900
2012-06-19,82.4,83.029999,82.33,82.98,4833400
2012-06-20,82.98,83.0,81.9,82.46,3797800
2012-06-21,82.68,82.8,81.029999,81.19,4260700
2012-06-22,81.34,82.089996,80.9,81.87,4370500
2012-06-25,81.32,81.32,80.44,80.47,4445600
2012-06-26,80.72,81.77,80.46,81.33,3473300
2012-06-27,81.46,82.4,81.43,81.98,3289300
2012-06-28,81.26,82.34,81.0,82.34,3401500
2012-06-29,82.74,83.33,82.6,83.33,5980900
2012-07-02,83.34,83.67,82.86,83.65,3668200
2012-07-03,83.64,83.88,83.27,83.78,1811100
2012-07-05,83.45,83.7,83.16,83.22,3094100
2012-07-06,82.5,82.83,82.14,82.54,3249300
2012-07-09,82.57,83.67,82.38,83.39,3695100
2012-07-10,83.63,83.72,82.9,83.050003,3531900
2012-07-11,83.25,84.41,83.25,84.089996,5289100
2012-07-12,83.42,83.99,83.19,83.54,3992200
2012-07-13,83.77,84.49,83.51,84.48,3833700
2012-07-16,84.31,84.49,83.5,83.98,3234500
2012-07-17,84.059998,85.19,83.71,85.19,4669000
2012-07-18,84.88,85.35,84.79,84.98,3572400
2012-07-19,84.97,85.17,84.21,84.63,2936500
2012-07-20,84.22,84.28,83.61,83.83,4534400
2012-07-23,82.99,84.22,82.95,83.59,3814800
2012-07-24,83.54,83.9,83.029999,83.7,3465600
2012-07-25,84.13,84.44,83.33,84.040001,3773300
2012-07-26,84.69,85.17,84.42,84.67,4039300
2012-07-27,85.050003,85.39,84.75,85.2,4651300
2012-07-30,85.010002,85.44,84.81,85.23,2717000
2012-07-31,85.16,85.19,84.55,84.84,3175200
2012-08-01,85.040001,85.31,82.12,84.62,9871600
2012-08-02,84.019997,84.47,83.23,84.080002,4197100
2012-08-03,84.75,85.69,84.71,85.58,5062400
2012-08-06,86.010002,86.010002,85.089996,85.15,3296200
2012-08-07,85.36,85.75,84.64,84.67,4796300
2012-08-08,84.3,84.85,84.29,84.65,2847600
2012-08-09,84.7,85.0,84.38,84.54,2789100
2012-08-10,84.43,84.87,84.21,84.77,2187800
2012-08-13,84.61,85.12,84.5,84.99,2133600
2012-08-14,85.07,85.28,84.71,84.94,2550600
2012-08-15,84.95,85.19,84.66,84.71,2127300
2012-08-16,84.79,85.5,84.53,85.22,3314900
2012-08-17,85.48,85.87,85.2,85.87,3610100
2012-08-20,85.5,85.76,85.27,85.75,2556200
2012-08-21,85.86,85.89,85.019997,85.22,3242700
2012-08-22,85.25,85.95,85.019997,85.69,3300800
2012-08-23,85.65,85.68,85.12,85.15,2749000
2012-08-24,85.0,85.51,84.92,85.39,2126600
2012-08-27,85.39,85.76,85.13,85.41,2041200
2012-08-28,85.080002,85.56,84.89,84.92,2526800
2012-08-29,84.58,84.81,84.13,84.55,3599500
2012-08-30,84.15,84.35,84.0,84.010002,2707000
2012-08-31,84.41,84.66,83.97,84.34,3460300
2012-09-04,84.4,84.45,84.029999,84.25,3139400
2012-09-05,84.44,85.34,84.34,85.19,4549200
2012-09-06,85.49,86.47,85.41,86.47,4890800
2012-09-07,86.71,86.71,86.42,86.64,4438100
2012-09-10,86.62,87.14,86.47,86.61,3064600
2012-09-11,86.62,86.97,86.48,86.76,2986200
2012-09-12,86.73,87.050003,85.24,86.73,4033300
2012-09-13,86.53,88.6,86.53,88.56,6392600
2012-09-14,88.52,89.23,88.12,88.7,5173200
2012-09-17,88.57,88.74,88.32,88.52,3623500
2012-09-18,88.5,88.61,88.19,88.61,4250400
2012-09-19,88.46,89.24,88.46,88.95,3731500
2012-09-20,88.25,89.5,87.91,89.33,5708400
2012-09-21,89.87,89.95,89.27,89.54,17216000
2012-09-24,88.94,89.67,88.65,88.66,4474500
2012-09-25,88.91,89.41,88.11,88.12,4084400
2012-09-26,88.31,89.11,88.21,88.33,3799200
2012-09-27,88.62,88.66,88.07,88.26,3333500
2012-09-28,88.3,88.5,87.41,88.2,5250600
2012-10-01,88.72,89.55,88.35,88.66,4819600
2012-10-02,89.099998,89.31,88.4,88.83,2989200
2012-10-03,89.15,89.68,88.5,89.49,3601600
2012-10-04,89.85,90.51,89.57,90.36,4346000
2012-10-05,90.52,90.76,90.099998,90.42,3624500
2012-10-08,90.37,90.61,90.13,90.17,2458400
2012-10-09,90.050003,90.51,89.22,89.26,3340000
2012-10-10,89.22,89.53,88.51,88.73,2823300
2012-10-11,89.55,89.6,88.66,88.71,2304000
2012-10-12,89.029999,89.59,88.23,88.25,3596300
2012-10-15,88.43,89.3,88.27,89.11,2997200
2012-10-16,89.65,90.0,89.5,89.93,3278300
2012-10-17,90.0,90.58,89.86,90.5,3668800
2012-10-18,90.61,90.93,90.3,90.62,4180300
2012-10-19,90.35,90.5,88.5,89.26,5933700
2012-10-22,89.22,89.35,87.85,88.51,4090400
2012-10-23,87.75,87.77,86.8,86.95,5068900
2012-10-24,87.47,87.7,86.81,86.94,3478600
2012-10-25,87.45,87.45,86.79,87.15,3210900
2012-10-26,87.14,87.15,86.26,86.66,4399100
2012-10-31,86.88,87.0,86.18,86.35,4547400
2012-11-01,86.64,87.68,86.54,87.68,5321600
2012-11-02,88.36,88.44,86.92,86.93,4356900
2012-11-05,87.019997,87.2,85.42,86.86,5171600
2012-11-06,87.25,87.39,86.63,87.29,4425500
2012-11-07,86.75,87.0,85.27,85.45,5832300
2012-11-08,85.6,86.48,84.51,84.58,5360300
2012-11-09,84.4,85.81,83.85,85.18,4806600
2012-11-12,85.4,85.56,85.010002,85.27,2656000
2012-11-13,84.83,86.67,84.75,85.87,4764000
2012-11-14,86.14,86.32,84.85,84.88,6157700
2012-11-15,85.17,85.75,84.99,85.3,3898200
2012-11-16,85.42,86.050003,84.8,85.91,6037200
2012-11-19,86.72,86.88,86.19,86.76,4305000
2012-11-20,86.61,86.87,86.040001,86.79,4140000
2012-11-21,86.98,87.59,86.73,87.58,3749400
2012-11-23,88.0,88.51,87.71,88.5,2093000
2012-11-26,88.3,88.32,87.93,88.29,3069900
2012-11-27,88.29,88.88,87.91,88.080002,5076800
2012-11-28,87.84,88.3,87.25,88.27,5053000
2012-11-29,88.51,88.62,87.57,87.97,3738600
2012-11-30,88.010002,88.27,87.75,88.080002,4375500
2012-12-03,88.28,88.62,87.73,87.75,4414200
2012-12-04,87.89,87.95,87.099998,87.27,3531000
2012-12-05,87.45,87.97,87.029999,87.62,4557500
2012-12-06,87.61,87.87,87.19,87.49,3616000
2012-12-07,87.79,87.8,87.010002,87.33,3892100
2012-12-10,87.3,87.33,87.010002,87.099998,3354900
2012-12-11,87.32,87.67,86.95,87.27,4166700
2012-12-12,88.0,90.040001,87.8,89.32,11077000
2012-12-13,89.47,89.82,89.029999,89.44,5568500
2012-12-14,89.5,89.74,89.089996,89.15,4726300
2012-12-17,89.75,90.019997,89.5,89.98,5503400
2012-12-18,89.97,90.4,89.81,90.37,6580800
2012-12-19,90.37,90.71,89.68,90.099998,5137700
2012-12-20,90.3,90.83,90.019997,90.69,5745500
2012-12-21,90.089996,90.75,89.66,89.83,10074600
2012-12-24,89.79,90.029999,89.37,89.83,2565200
2012-12-26,89.93,90.0,89.010002,89.26,3409200
2012-12-27,89.22,89.67,88.76,89.22,4478500
2012-12-28,88.86,89.059998,88.55,88.55,4482200
2012-12-31,88.49,89.82,88.11,89.7,7011800
2013-01-02,91.32,93.2,91.29,93.2,7529000
2013-01-03,93.11,94.34,92.82,93.62,7174600
2013-01-04,93.74,94.050003,93.36,93.85,4142200
2013-01-07,93.8,93.88,93.14,93.45,3987500
2013-01-08,93.38,93.81,92.98,93.81,3657800
2013-01-09,94.080002,94.080002,93.019997,93.32,3505000
2013-01-10,93.78,94.69,93.41,94.65,4682900
2013-01-11,94.72,94.75,94.22,94.39,4269400
2013-01-14,94.55,95.36,94.18,95.36,5144300
2013-01-15,95.11,95.48,94.76,95.36,3625600
2013-01-16,95.2,95.28,94.81,95.029999,3810400
2013-01-17,95.44,95.5,94.84,95.3,3954800
2013-01-18,95.5,95.59,94.58,95.16,6390600
2013-01-22,95.16,95.92,94.88,95.91,4293600
2013-01-23,96.0,96.56,95.49,96.48,3679900
2013-01-24,96.59,97.73,96.53,97.31,4830500
2013-01-25,97.71,97.75,96.78,97.39,3808600
2013-01-28,97.42,97.54,96.75,97.12,3603300
2013-01-29,97.31,97.36,96.98,97.24,4329900
2013-01-30,97.32,97.33,96.44,96.88,3948500
2013-01-31,96.5,97.11,96.3,96.93,4425500
2013-02-01,97.56,99.0,97.2,98.0,4350900
2013-02-04,97.76,98.0,96.36,96.51,4226000
2013-02-05,97.17,98.040001,97.0,97.91,3340700
2013-02-06,97.35,97.89,97.26,97.83,2904800
2013-02-07,97.8,97.97,97.010002,97.11,3540100
2013-02-08,97.25,97.33,96.73,97.25,2996000
2013-02-11,97.46,97.5,97.040001,97.13,1765300
2013-02-12,97.07,97.99,97.010002,97.7,2385700
2013-02-13,97.72,98.2,97.59,97.97,2450100
2013-02-14,97.84,99.31,97.84,99.21,5013700
2013-02-15,99.64,99.79,99.23,99.77,5200600
2013-02-19,99.98,101.080002,99.7,101.019997,4290100
2013-02-20,101.14,101.49,100.019997,100.22,5384400
2013-02-21,100.089996,100.55,99.67,100.17,6168500
2013-02-22,100.5,101.27,100.22,101.21,3448400
2013-02-25,101.74,102.0,98.44,98.58,5836200
2013-02-26,99.050003,101.0,98.25,98.72,4406400
2013-02-27,98.58,101.27,98.58,101.21,4319700
2013-02-28,101.44,102.33,101.31,102.16,8875500
2013-03-01,101.45,102.25,100.44,102.050003,4812800
2013-03-04,101.66,101.98,100.5,101.95,4314100
2013-03-05,102.48,103.48,102.33,102.66,4449800
2013-03-06,103.29,103.56,102.76,103.24,3316300
2013-03-07,103.25,103.58,103.029999,103.41,2619400
2013-03-08,103.98,104.0,103.099998,103.63,3509600
2013-03-11,103.77,104.15,103.41,104.07,3268700
2013-03-12,104.089996,104.19,102.12,103.010002,3767500
2013-03-13,103.059998,103.7,102.97,103.65,2876900
2013-03-14,103.81,104.25,103.59,103.99,3178400
2013-03-15,103.67,103.79,102.79,102.79,7253800
2013-03-18,102.11,102.85,101.91,102.12,3585500
2013-03-19,102.37,102.74,101.3,101.77,3343300
2013-03-20,102.18,102.57,101.87,102.34,3284100
2013-03-21,101.94,102.57,101.73,101.96,4422700
2013-03-22,101.99,102.7,101.95,102.57,2427800
2013-03-25,103.0,103.27,101.92,102.4,3238700
2013-03-26,102.89,103.84,102.46,103.82,3473900
2013-03-27,103.21,103.45,102.64,103.16,2358800
2013-03-28,103.32,104.48,102.97,104.2,4531100
2013-04-01,104.17,104.46,103.17,103.47,2416800
2013-04-02,103.96,105.5,103.8,105.14,4082200
2013-04-03,105.53,105.53,104.050003,104.24,3894300
2013-04-04,104.66,105.56,104.36,105.13,3836400
2013-04-05,103.91,104.39,103.34,104.15,3680800
2013-04-08,104.54,105.29,103.62,105.26,2500000
2013-04-09,105.38,105.47,104.78,105.12,2666600
2013-04-10,105.27,106.37,104.91,106.33,3108600
2013-04-11,106.38,106.98,106.019997,106.73,3547000
2013-04-12,106.5,107.050003,106.3,107.040001,3082100
2013-04-15,106.84,107.43,104.27,104.52,5594300
2013-04-16,105.29,107.49,105.15,107.16,4429800
2013-04-17,106.42,106.69,104.3,105.17,4493500
2013-04-18,105.019997,105.23,102.69,103.0,3964900
2013-04-19,103.46,105.46,103.089996,105.28,4167300
2013-04-22,105.52,105.72,104.13,105.019997,3108100
2013-04-23,105.42,106.71,105.3,106.68,4082800
2013-04-24,106.72,107.0,106.36,106.75,2443500
2013-04-25,107.019997,108.040001,106.82,107.47,3579400
2013-04-26,107.54,107.9,106.5,107.099998,3869800
2013-04-29,107.19,107.4,106.41,106.61,2573900
2013-04-30,106.6,106.7,105.63,106.32,5047000
2013-05-01,105.97,107.089996,105.97,106.12,3133100
2013-05-02,106.49,107.33,106.24,107.3,2569000
2013-05-03,108.26,109.2,108.23,108.64,4447700
2013-05-06,110.95,111.25,109.45,110.0,4929200
2013-05-07,110.49,110.5,109.46,109.9,3679300
2013-05-08,109.96,110.98,109.43,110.94,3814900
2013-05-09,110.85,111.34,110.35,110.66,3405100
2013-05-10,111.099998,111.88,111.0,111.82,3786300
2013-05-13,111.83,112.34,111.41,111.74,2806600
2013-05-14,112.080002,112.73,111.8,112.67,3891300
2013-05-15,112.57,112.98,112.15,112.77,3854900
2013-05-16,112.52,112.53,111.25,111.54,3621800
2013-05-17,111.95,113.099998,111.76,113.019997,4791000
2013-05-20,112.87,113.55,112.58,113.0,3096600
2013-05-21,113.07,113.34,112.45,112.7,3614600
2013-05-22,112.82,113.45,111.11,111.85,5845600
2013-05-23,110.46,111.72,109.11,111.29,5564700
2013-05-24,110.5,110.83,109.92,110.83,3517000
2013-05-28,112.17,112.5,111.76,112.28,5312600
2013-05-29,111.66,113.46,111.41,113.029999,4557200
2013-05-30,113.37,115.0,113.31,114.84,5531300
2013-05-31,114.82,115.0,113.88,114.07,8636300
2013-06-03,114.76,114.76,113.029999,114.07,4944800
2013-06-04,113.95,114.0,112.9,113.42,4339600
2013-06-05,112.9,113.16,111.050003,111.51,5034700
2013-06-06,111.34,113.17,111.15,113.099998,4550300
2013-06-07,113.89,115.55,113.53,115.31,4725500
2013-06-10,115.56,115.98,114.8,115.15,3126900
2013-06-11,114.41,114.43,113.26,113.51,4064800
2013-06-12,114.010002,114.35,112.66,112.95,3941700
2013-06-13,112.89,115.14,112.27,114.99,4018900
2013-06-14,114.94,115.080002,113.94,114.16,2978600
2013-06-17,114.75,115.57,113.83,114.92,3509400
2013-06-18,115.010002,115.59,114.84,115.17,2992200
2013-06-19,115.14,115.66,113.81,113.84,3471600
2013-06-20,113.2,113.91,110.86,111.41,6299300
2013-06-21,112.63,113.13,111.25,112.38,7188700
2013-06-24,111.75,112.0,109.53,110.71,5193400
2013-06-25,111.81,112.31,110.88,112.07,4147900
2013-06-26,112.98,113.5,112.27,112.91,3763100
2013-06-27,113.63,113.7,112.95,113.0,3209200
2013-06-28,112.66,112.86,111.66,111.92,4455800
2013-07-01,112.51,113.77,112.51,113.040001,3302000
2013-07-02,112.84,113.36,112.080002,112.52,2748600
2013-07-03,112.029999,112.71,111.58,112.63,1350000
2013-07-05,113.34,115.0,113.21,114.96,3158100
2013-07-08,115.5,115.87,114.8,115.010002,3482000
2013-07-09,115.62,115.95,115.11,115.8,3385900
2013-07-10,115.5,115.78,114.56,114.88,2606200
2013-07-11,115.99,117.37,115.43,116.98,4339900
2013-07-12,116.81,117.2,116.55,117.12,3285100
2013-07-15,117.34,117.47,116.86,117.21,2776300
2013-07-16,117.46,117.98,117.029999,117.2,2653800
2013-07-17,117.83,118.13,117.44,117.63,3042000
2013-07-18,117.89,118.56,117.83,118.56,4139900
2013-07-19,118.68,119.080002,118.11,118.9,3569700
2013-07-22,119.16,119.3,118.55,118.94,2786200
2013-07-23,119.07,119.080002,118.15,118.21,2844500
2013-07-24,118.26,118.71,116.24,116.46,3657000
2013-07-25,116.0,117.46,115.51,117.07,3241400
2013-07-26,116.57,117.35,115.61,117.34,3139900
2013-07-29,116.91,116.91,115.98,116.42,2447100
2013-07-30,116.9,117.26,115.56,115.79,3559700
2013-07-31,116.37,116.89,115.8,115.87,3811700
2013-08-01,116.98,117.5,116.52,117.28,3992400
2013-08-02,117.37,117.86,116.85,117.82,3432400
2013-08-05,119.099998,119.14,117.88,118.23,2858100
2013-08-06,118.23,118.45,117.26,117.91,2756900
2013-08-07,117.4,117.4,116.47,116.8,2767800
2013-08-08,117.4,117.86,116.6,117.64,2558200
2013-08-09,117.5,117.74,116.51,116.71,2194600
2013-08-12,116.24,117.33,116.099998,117.13,2232900
2013-08-13,117.35,117.61,116.43,117.28,1903500
2013-08-14,117.040001,117.33,116.46,116.57,1929300
2013-08-15,116.0,116.22,114.59,114.8,3626000
2013-08-16,114.53,115.69,114.3,115.24,3509900
2013-08-19,115.14,115.49,114.19,114.3,2249200
2013-08-20,114.21,115.35,114.15,115.010002,2448400
2013-08-21,114.8,115.0,113.52,113.98,3111500
2013-08-22,114.18,115.33,113.97,114.75,3476000
2013-08-23,115.0,115.089996,114.080002,114.27,2951600
2013-08-26,114.34,114.95,113.84,113.85,3029200
2013-08-27,113.2,113.47,111.21,111.54,5034900
2013-08-28,111.16,112.83,111.11,112.2,3140900
2013-08-29,111.88,112.69,111.7,111.99,2655800
2013-08-30,112.25,112.48,110.72,111.22,3998100
2013-09-03,112.32,112.95,111.35,112.080002,3340000
2013-09-04,111.75,112.45,111.35,112.080002,3916100
2013-09-05,112.0,112.65,111.86,112.27,3398900
2013-09-06,112.44,112.54,110.72,111.86,2845300
2013-09-09,112.13,112.67,111.45,112.67,3028900
2013-09-10,113.31,113.8,112.82,113.59,3587800
2013-09-11,113.56,114.28,113.42,114.28,3536000
2013-09-12,114.25,114.25,113.089996,113.38,2968400
2013-09-13,113.29,113.71,112.94,113.54,2010200
2013-09-16,114.37,115.099998,114.22,114.84,3158400
2013-09-17,115.16,115.92,115.019997,115.39,4196100
2013-09-18,115.39,117.07,114.95,116.7,4910100
2013-09-19,117.099998,117.77,116.62,117.17,5064000
2013-09-20,117.77,117.97,116.85,117.9,8977900
2013-09-23,117.059998,117.099998,115.21,115.64,4477200
2013-09-24,115.77,115.88,114.85,115.050003,3256800
2013-09-25,115.0,116.0,114.86,115.51,4326100
2013-09-26,115.42,116.37,115.010002,115.79,2362400
2013-09-27,115.3,115.41,114.51,114.85,2777200
2013-09-30,113.74,114.11,113.019997,113.51,3907300
2013-10-01,113.74,114.43,113.34,114.14,3146000
2013-10-02,113.55,114.41,113.16,114.41,4435300
2013-10-03,114.050003,114.050003,112.82,113.37,4110400
2013-10-04,113.41,114.34,113.3,113.75,3503000
2013-10-07,112.99,113.68,112.4,112.86,3651800
2013-10-08,112.86,113.12,111.25,111.37,4414000
2013-10-09,111.66,112.21,110.84,111.77,3773500
2013-10-10,113.14,114.92,113.059998,114.84,4147000
2013-10-11,114.85,115.83,114.2,115.81,3551900
2013-10-14,114.99,116.080002,114.49,116.0,3668400
2013-10-15,115.85,115.85,114.49,114.63,2872700
2013-10-16,115.2,116.79,114.97,116.69,3742800
2013-10-17,116.65,117.25,116.040001,116.92,3703900
2013-10-18,117.47,117.5,116.78,116.97,3153100
2013-10-21,116.95,117.0,116.43,116.89,2175300
2013-10-22,117.19,117.61,117.0,117.49,3716600
2013-10-23,117.099998,117.5,116.3,116.41,2758800
2013-10-24,116.95,117.31,116.61,116.84,2597200
2013-10-25,116.78,117.099998,116.52,117.029999,2941700
2013-10-28,117.18,117.21,116.67,116.94,2729700
2013-10-29,116.91,117.44,116.76,117.41,2584600
2013-10-30,117.56,117.7,116.31,116.34,2941300
2013-10-31,116.32,116.41,115.050003,115.089996,4376800
2013-11-01,115.28,116.07,114.94,115.27,3703900
2013-11-04,115.78,115.82,114.5,114.87,3522300
2013-11-05,114.47,115.099998,114.3,114.36,2297600
2013-11-06,114.69,115.11,114.6,114.91,3536000
2013-11-07,115.12,115.46,113.79,113.83,3553400
2013-11-08,113.5,115.92,113.5,115.88,4497400
2013-11-11,115.5,116.0,115.26,115.65,1946800
2013-11-12,115.31,115.46,114.0,114.21,3084000
2013-11-13,113.76,114.89,113.76,114.81,3910100
2013-11-14,114.86,115.69,114.71,115.69,2854600
2013-11-15,115.34,116.34,115.24,116.3,3682400
2013-11-18,116.56,116.56,115.69,115.9,2633200
2013-11-19,115.9,116.22,115.46,115.84,2611300
2013-11-20,115.92,115.92,114.54,114.9,2833000
2013-11-21,115.32,116.51,114.71,116.42,3201300
2013-11-22,116.52,117.33,116.42,116.96,3181100
2013-11-25,117.18,117.28,115.38,115.63,4220600
2013-11-26,115.8,116.84,115.76,116.58,4320100
2013-11-27,116.6,116.95,115.96,116.58,2682100
2013-11-29,116.73,116.97,116.089996,116.53,2098700
2013-12-02,116.5,116.59,115.11,115.33,4021100
2013-12-03,114.59,115.010002,114.040001,114.79,3913800
2013-12-04,114.35,115.58,114.0,115.3,3675700
2013-12-05,115.010002,115.56,114.87,114.96,2874600
2013-12-06,115.97,116.7,115.76,116.66,3260500
2013-12-09,116.88,117.46,116.77,117.14,3370200
2013-12-10,117.029999,117.15,115.6,115.61,2969700
2013-12-11,115.6,115.8,114.28,114.51,3754300
2013-12-12,114.49,115.059998,114.040001,114.38,3120300
2013-12-13,114.38,115.029999,113.99,114.059998,2982400
2013-12-16,114.4,114.71,113.67,113.96,4792000
2013-12-17,114.15,114.18,113.58,113.63,3699200
2013-12-18,113.93,116.27,113.5,116.14,5427100
2013-12-19,115.84,116.61,115.66,116.36,3489800
2013-12-20,116.24,116.7,115.6,115.6,7377000
2013-12-23,116.4,117.17,116.22,117.040001,3506900
2013-12-24,117.27,117.43,117.0,117.43,1077700
2013-12-26,117.43,117.99,117.029999,117.99,2036200
2013-12-27,117.99,118.21,117.72,118.0,1898800
2013-12-30,118.33,118.56,117.75,118.040001,1942600
2013-12-31,118.050003,118.66,117.81,118.56,2420000
2014-01-02,118.34,118.5,117.36,117.5,3087000
2014-01-03,117.5,118.0,117.38,117.57,2694500
2014-01-06,118.2,118.2,116.26,116.28,3426000
2014-01-07,116.61,116.95,115.96,116.19,4062000
2014-01-08,116.0,116.37,115.25,115.34,3822700
2014-01-09,115.77,115.93,115.029999,115.32,3339600
2014-01-10,116.019997,116.019997,114.43,114.97,3344400
2014-01-13,115.080002,115.28,113.76,114.010002,4742300
2014-01-14,114.15,114.96,113.6,114.96,3766400
2014-01-15,115.23,115.85,114.7,115.85,4513300
2014-01-16,115.94,116.07,114.91,115.24,2702100
2014-01-17,115.47,115.58,114.75,115.07,4173000
2014-01-21,115.32,115.49,114.26,115.15,4248600
2014-01-22,115.42,115.91,115.059998,115.26,2823300
2014-01-23,114.82,114.87,113.33,113.5,5138000
2014-01-24,113.059998,113.2,111.76,111.81,7193300
2014-01-27,111.92,112.28,111.13,111.5,5172800
2014-01-28,111.95,112.69,111.85,112.010002,4174900
2014-01-29,111.41,112.040001,111.12,111.28,3914000
2014-01-30,111.85,113.33,111.38,113.0,3787600
2014-01-31,111.81,112.37,110.85,111.6,5865700
2014-02-03,112.11,112.11,108.84,108.99,7071000
2014-02-04,109.42,109.59,108.6,109.13,5589200
2014-02-05,108.94,109.31,108.12,108.78,4205900
2014-02-06,109.43,110.28,108.94,110.16,3909100
2014-02-07,110.61,112.7,110.61,112.61,5607600
2014-02-10,112.62,113.0,111.73,112.61,3118000
2014-02-11,112.83,113.79,112.14,113.61,4188400
2014-02-12,113.68,114.16,113.13,113.3,2907100
2014-02-13,112.86,114.77,112.58,114.7,3597000
2014-02-14,114.5,115.040001,114.22,114.95,3072400
2014-02-18,115.16,115.22,114.36,114.73,2574800
2014-02-19,114.72,114.85,113.26,113.36,3683600
2014-02-20,113.33,113.49,112.3,113.099998,4108200
2014-02-21,113.44,113.99,112.97,113.18,3350900
2014-02-24,113.25,114.0,113.12,113.2,3530100
2014-02-25,113.14,114.16,112.57,113.94,3255200
2014-02-26,113.86,114.18,113.2,113.7,3104000
2014-02-27,113.25,114.58,113.080002,114.58,3207100
2014-02-28,114.8,116.0,114.21,115.78,4607400
2014-03-03,116.15,116.75,114.88,116.059998,4556900
2014-03-04,117.13,118.59,117.0,118.57,4830400
2014-03-05,118.38,119.080002,118.14,118.98,3458000
2014-03-06,119.17,121.44,119.11,121.2,5337700
2014-03-07,121.84,122.92,121.4,122.67,4384600
2014-03-10,122.58,124.32,122.35,124.099998,4304500
2014-03-11,124.44,125.0,123.89,124.69,5479100
2014-03-12,123.92,125.21,123.89,125.17,3911500
2014-03-13,125.61,125.91,123.45,123.61,4714500
2014-03-14,123.74,124.28,122.24,122.51,4684300
2014-03-17,123.44,123.95,122.88,123.36,3363200
2014-03-18,123.4,123.56,122.52,123.28,3940000
2014-03-19,123.48,123.69,121.84,122.62,3210600
2014-03-20,122.56,124.53,122.38,124.44,3818900
2014-03-21,125.050003,125.89,124.42,125.2,8904100
2014-03-24,125.51,125.89,123.98,124.32,3961100
2014-03-25,125.059998,125.089996,123.85,124.47,2938500
2014-03-26,125.0,125.050003,123.010002,123.010002,3148300
2014-03-27,123.29,123.85,122.63,123.47,3983300
2014-03-28,123.83,124.37,123.029999,123.53,3430300
2014-03-31,124.25,124.97,124.019997,124.97,3711500
2014-04-01,125.07,125.34,124.36,124.88,2967100
2014-04-02,124.82,124.93,124.18,124.47,3299900
2014-04-03,124.49,124.71,123.89,124.31,2272200
2014-04-04,124.61,125.36,123.86,123.9,3264700
2014-04-07,123.99,124.16,123.059998,123.12,4182500
2014-04-08,123.17,123.74,122.52,123.13,4413600
2014-04-09,123.27,124.12,123.17,124.010002,4077200
2014-04-10,123.67,124.69,122.26,122.27,4102800
2014-04-11,122.61,122.61,121.45,121.7,3801200
2014-04-14,122.3,122.8,121.089996,122.29,3396100
2014-04-15,122.75,123.96,122.099998,123.77,4214500
2014-04-16,124.39,126.019997,124.25,126.0,4110000
2014-04-17,125.97,127.7,125.55,127.18,4410900
2014-04-21,127.67,127.73,126.25,126.5,2636400
2014-04-22,126.42,127.43,125.059998,127.15,4382300
2014-04-23,127.49,127.96,126.61,127.2,2568900
2014-04-24,127.8,127.9,126.61,126.95,2848400
2014-04-25,126.76,127.57,126.57,127.26,2765700
2014-04-28,128.0099945,128.31,126.16,127.7,3529900
2014-04-29,127.87,128.74001,127.81,128.49001,3053100
2014-04-30,128.63,129.2,128.31,128.85001,4075700
2014-05-01,128.81,129.25,128.14999,129.059998,2655500
2014-05-02,129.45,129.73,127.82,128.089996,4276700
2014-05-05,127.19,127.19,126.080002,126.61,3486100
2014-05-06,126.13,126.29,124.059998,124.67,5381100
2014-05-07,125.4,127.53,125.32,127.45,3301400
2014-05-08,127.23,127.49,126.33,126.67,2773300
2014-05-09,126.25,127.37,125.85,127.34,2935600
2014-05-12,127.87,128.24001,126.89,127.29,3406900
2014-05-13,127.69,127.92,127.059998,127.89,2127500
2014-05-14,127.8,128.0,127.51,127.53,2685300
2014-05-15,127.3,127.44,126.0,126.36,3206100
2014-05-16,126.41,126.92,125.66,126.86,2897800
2014-05-19,126.77,127.21,126.11,127.13,2242400
2014-05-20,126.92,126.94,125.7,126.059998,2292300
2014-05-21,126.5,126.94,126.22,126.66,1917000
2014-05-22,126.95,127.15,126.53,126.98,1546600
2014-05-23,127.22,127.32,126.31,126.8,1807700
2014-05-27,127.41,127.75,127.25,127.52,2251600
2014-05-28,127.43,127.94,127.26,127.46,2211300
2014-05-29,127.42,128.2,127.099998,128.11,2028900
2014-05-30,127.67,128.5,127.62,128.34,2916700
2014-06-02,128.28,128.75,127.37,127.88,2007200
2014-06-03,127.29,127.68,126.61,126.93,2445000
2014-06-04,127.0,127.61,126.79,127.23,1760000
2014-06-05,127.56,128.22,127.11,128.2,2165000
2014-06-06,128.2,128.64999,128.080002,128.64999,2241500
2014-06-09,128.33,128.62,127.57,127.99,2385200
2014-06-10,127.6,128.3,127.58,128.25,2174200
2014-06-11,127.86,128.48,127.86,128.22,2422300
2014-06-12,128.46001,128.59,126.93,127.28,2408700
2014-06-13,127.27,127.51,125.5,126.54,3397900
2014-06-16,125.95,126.34,125.71,126.15,2545800
2014-06-17,126.050003,126.35,125.6,126.029999,2583600
2014-06-18,125.94,127.35,125.44,127.17,2925400
2014-06-19,127.56,127.57,126.56,127.25,2954200
2014-06-20,127.43,128.10001,126.5,126.74,6161300
2014-06-23,126.8,126.98,126.3,126.67,2768500
2014-06-24,126.35,127.37,126.35,126.78,2862500
2014-06-25,126.88,127.35,126.49,127.13,2531600
2014-06-26,127.2,127.28,126.059998,127.099998,2148300
2014-06-27,126.83,127.49,126.63,127.32,3125300
2014-06-30,127.11,127.13,126.38,126.56,2732800
2014-07-01,126.72,127.64,126.66,127.24,2885300
2014-07-02,127.080002,127.73,126.83,127.73,2599700
2014-07-03,127.91,129.39,127.81,129.3,2511400
2014-07-07,129.14999,129.14999,128.17,128.7,2875600
2014-07-08,128.24001,129.089996,128.17,128.22,3052400
2014-07-09,128.49001,128.87,128.31,128.75,1923800
2014-07-10,128.0,128.72,127.61,128.45,2788600
2014-07-11,128.3,128.72,127.93,128.63,1819800
2014-07-14,129.0,129.28,128.67999,128.98,1541600
2014-07-15,128.67999,129.17,128.0,128.49001,2931200
2014-07-16,128.66,128.75,127.88,128.11,2297600
2014-07-17,127.92,128.12,126.4,126.52,2834500
2014-07-18,126.91,128.45,126.88,128.28,3563500
2014-07-21,127.92,128.75,127.62,128.58,1787200
2014-07-22,129.0,129.0,128.23,128.42,1786200
2014-07-23,128.24001,128.58,128.050003,128.13,1527600
2014-07-24,128.39,128.67999,128.059998,128.35001,2241300
2014-07-25,128.020004,128.17,127.4,127.55,1807700
2014-07-28,127.55,128.45,126.63,128.37,1966900
2014-07-29,128.25999,128.66,127.36,127.36,2346600
2014-07-30,127.51,128.42,126.83,127.74,2066400
2014-07-31,127.24,127.76,125.37,125.43,3630600
2014-08-01,125.0,126.95,122.72,125.83,3947900
2014-08-04,128.059998,130.029999,127.080002,129.72,4876800
2014-08-05,129.7,129.75,127.36,127.99,3370600
2014-08-06,127.97,129.57001,127.51,129.11,2719300
2014-08-07,129.69,129.88,128.52,128.95,3443100
2014-08-08,128.8,130.95,128.62,130.89999,3761100
2014-08-11,131.41,132.8,130.94,131.95,2782400
2014-08-12,132.24001,133.19,131.66,133.059998,2742900
2014-08-13,133.34,133.42999,132.46001,133.080002,2850400
2014-08-14,133.23,135.38,133.14,135.3,4483400
2014-08-15,135.78999,135.8,133.13,134.34,3940500
2014-08-18,135.47,135.47,134.67999,135.029999,2960400
2014-08-19,135.85001,135.85001,134.52,134.89999,2284200
2014-08-20,135.0,135.10001,134.45,134.91,2329800
2014-08-21,135.24001,136.82001,135.039993,136.81,3328000
2014-08-22,136.41,136.60001,135.56,135.75,2417200
2014-08-25,136.42999,136.75,136.070007,136.23,2305900
2014-08-26,136.69,136.75,136.12,136.25,2144700
2014-08-27,136.61,136.69,136.0099945,136.52,1893400
2014-08-28,136.28,136.50999,135.88,136.11,2114000
2014-08-29,136.17999,137.25,136.0099945,137.25,2898100
2014-09-02,138.029999,138.27,137.059998,137.96001,3319300
2014-09-03,138.5,138.5,137.34,137.73,2789600
2014-09-04,137.97,138.55,137.42,137.95,2563100
2014-09-05,137.71001,138.35001,137.34,138.070007,3475900
2014-09-08,138.17,138.89999,138.050003,138.28,2536000
2014-09-09,138.34,138.42,136.67999,136.89,2959500
2014-09-10,137.27,137.95,137.16,137.72,2037900
2014-09-11,137.17,137.97,137.0,137.92,2016900
2014-09-12,137.92,138.17999,136.75999,137.089996,3291300
2014-09-15,137.73,138.13,137.0099945,138.039993,2859500
2014-09-16,138.0,138.99001,137.61,138.69,2672400
2014-09-17,139.14,140.17999,138.71001,139.61,3833000
2014-09-18,140.25,141.57001,139.75,141.28,3870300
2014-09-19,142.14999,142.45,140.3,140.56,9412100
2014-09-22,140.56,140.73,139.19,139.25999,3422400
2014-09-23,139.17999,139.71001,138.75,138.78,2767600
2014-09-24,138.78,140.070007,138.67999,139.95,2801200
2014-09-25,139.89,139.95,136.89,137.089996,4583500
2014-09-26,137.0,138.97,137.0,138.67999,2872100
2014-09-29,137.75999,138.7,137.56,138.33,2201800
2014-09-30,138.48,138.74001,137.69,138.14,3469400
2014-10-01,138.37,138.38,136.19,136.62,3697000
2014-10-02,136.61,138.14,136.61,137.64,4594800
2014-10-03,138.41,139.66,138.16,139.5,3940400
2014-10-06,140.25,140.46001,138.63,139.16,3464300
2014-10-07,138.66,138.84,136.71001,136.72,3286500
2014-10-08,136.75,140.2,136.60001,139.94,4842200
2014-10-09,140.28999,140.28999,137.070007,137.089996,6590100
2014-10-10,136.89999,139.45,136.73,136.75999,4838800
2014-10-13,136.60001,138.070007,136.31,136.38,4383300
2014-10-14,137.0,138.89999,136.5,137.39,5019600
2014-10-15,136.59,136.78,132.029999,135.64,8593900
2014-10-16,133.029999,135.64999,132.10001,134.7,5038100
2014-10-17,136.059998,137.67,135.52,137.089996,5182900
2014-10-20,137.070007,137.48,136.41,137.23,3245500
2014-10-21,138.070007,138.98,137.35001,138.97,4183300
2014-10-22,139.34,139.48,137.60001,137.64999,4023100
2014-10-23,139.2,139.53,138.39,138.67999,3907000
2014-10-24,138.64999,139.52,138.37,139.39999,2924400
2014-10-27,139.19,139.64999,138.94,139.53,2812200
2014-10-28,140.0,140.46001,139.5,140.46001,3885900
2014-10-29,140.53,140.67999,138.95,139.99001,3484000
2014-10-30,139.41,139.92,138.75999,139.53999,3513800
2014-10-31,140.89999,141.52,139.36,140.16,5712500
2014-11-03,140.88,140.91,139.55,140.81,3047900
2014-11-04,141.059998,142.24001,140.88,142.17999,3507900
2014-11-05,143.21001,143.48,141.85001,142.92,2874200
2014-11-06,143.25,143.46001,142.23,143.28999,2717100
2014-11-07,143.75999,143.99001,142.87,143.61,3235400
2014-11-10,143.95,145.070007,143.81,145.050003,3612200
2014-11-11,145.46001,145.69,144.75,144.95,2904700
2014-11-12,144.92,145.75,144.7,145.52,3015400
2014-11-13,145.7,146.28999,145.53,146.28999,3056500
2014-11-14,146.35001,146.48,145.059998,145.52,2704300
2014-11-17,145.53,145.67999,144.7,145.37,2426600
2014-11-18,145.74001,146.39999,145.28999,145.81,2636700
2014-11-19,145.86,146.080002,145.029999,145.64999,2371400
2014-11-20,145.14,145.75,145.039993,145.72,2049900
2014-11-21,147.0099945,147.14999,146.21001,146.7,3418700
2014-11-24,147.11,147.42,146.7,147.27,3752100
2014-11-25,147.5,148.0099945,147.38,147.81,3749500
2014-11-26,148.11,148.31,147.92999,148.19,2114400
2014-11-28,148.55,149.49001,148.37,148.69,2282000
2014-12-01,148.61,149.94,148.17999,148.52,3320300
2014-12-02,149.28,150.0,148.66,149.87,3181400
2014-12-03,150.14999,150.49001,149.50999,149.73,3004100
2014-12-04,149.96001,150.14999,149.23,150.050003,2418500
2014-12-05,150.38,150.67999,150.10001,150.67999,2780300
2014-12-08,150.88,152.94,150.64999,151.94,5263600
2014-12-09,151.45,151.45,148.91,150.46001,4569600
2014-12-10,150.36,151.25999,148.82001,149.080002,6574400
2014-12-11,149.78999,151.27,149.5,150.13,3627500
2014-12-12,149.31,149.89,146.3,146.46001,5208800
2014-12-15,147.97,148.42,144.75,146.12,4727900
2014-12-16,145.37,148.73,145.0,145.28,5020600
2014-12-17,145.75999,148.63,145.53,148.45,4838800
2014-12-18,151.16,152.74001,150.14999,152.67,7867100
2014-12-19,152.33,152.66,150.83,151.56,9392900
2014-12-22,151.98,152.55,151.089996,151.89999,5938500
2014-12-23,152.19,152.7,151.67999,151.75,3472800
2014-12-24,152.42999,152.44,151.52,151.53999,1612200
2014-12-26,151.66,152.13,151.25,151.35001,1934800
2014-12-29,151.020004,152.25999,151.020004,152.050003,3223400
2014-12-30,151.35001,152.22,151.19,152.089996,2108900
2014-12-31,152.2,152.67,150.14999,150.14999,3324800
2015-01-02,151.5,151.60001,148.5,149.17,3436400
2015-01-05,148.81,149.0,146.78,147.0,4168800
2015-01-06,147.64,148.53,146.11,146.84,4116100
2015-01-07,147.94,149.14,147.64999,148.88,4159100
2015-01-08,150.60001,151.37,150.50999,151.37,4282100
2015-01-09,151.64999,151.69,149.25999,149.47,3360200
2015-01-12,149.96001,150.12,147.95,148.28,5919400
2015-01-13,149.95,150.99001,147.77,148.63,3908100
2015-01-14,147.27,148.37,146.42,147.82001,4802800
2015-01-15,148.53,148.53,146.8,147.58,2892200
2015-01-16,147.2,149.25999,146.56,149.21001,4313800
2015-01-20,150.28,150.60001,148.080002,148.63,4053300
2015-01-21,148.34,148.42999,146.59,147.17999,4660700
2015-01-22,148.0099945,150.21001,147.25999,150.14999,5892000
2015-01-23,149.99001,150.0,149.089996,149.12,3175800
2015-01-26,149.19,149.73,148.16,149.7,2461400
2015-01-27,148.25,148.8,147.55,147.64999,3220300
2015-01-28,148.36,148.77,144.77,144.78,6388800
2015-01-29,145.39999,146.94,144.25,146.28999,4461200
2015-01-30,145.57001,146.2,143.89,143.91,6242300
2015-02-02,144.13,146.75,143.3,146.73,5119500
2015-02-03,147.75,148.48,146.86,148.28999,4981700
2015-02-04,148.25999,148.5,147.10001,147.53,3574200
2015-02-05,147.89,149.88,147.75,149.67,3084500
2015-02-06,149.8,151.63,149.55,150.17999,4050600
2015-02-09,149.91,149.97,148.72,149.13,2429700
2015-02-10,149.66,150.50999,148.89999,149.92,2975500
2015-02-11,149.84,150.27,148.8,149.67999,2732200
2015-02-12,150.0,150.41,149.36,149.78999,3608600
2015-02-13,149.60001,149.60001,148.0099945,148.34,3669400
2015-02-17,148.36,149.37,148.16,149.17,2737300
2015-02-18,148.78,149.13,148.22,148.67,2219900
2015-02-19,148.21001,148.35001,147.089996,147.48,2757800
2015-02-20,147.27,148.72,146.58,148.72,4877600
2015-02-23,148.2,148.45,146.82001,147.37,3775500
2015-02-24,147.5,149.36,147.25,148.95,2914700
2015-02-25,149.39,149.39,148.47,148.78,2671900
2015-02-26,148.55,148.97,147.89999,148.34,2549800
2015-02-27,148.22,148.32001,147.050003,147.41,3377400
2015-03-02,147.71001,147.98,145.89,147.080002,4896700
2015-03-03,146.78999,146.94,145.059998,145.92999,3969600
2015-03-04,145.2,145.50999,144.070007,144.92,3250100
2015-03-05,145.41,146.25,144.83,146.059998,2711700
2015-03-06,146.14,147.48,145.10001,145.28,4099400
2015-03-09,145.5,146.53,145.25,146.13,2608800
2015-03-10,145.42,145.44,143.17999,143.19,5258200
2015-03-11,143.48,144.24001,143.24001,143.44,2893800
2015-03-12,144.34,145.73,144.0099945,145.67,3539600
2015-03-13,145.28,145.5,143.27,143.97,3320700
2015-03-16,144.92,146.070007,144.78,145.98,3858600
2015-03-17,145.089996,145.47,143.94,144.75,2580000
2015-03-18,144.56,146.55,143.94,146.0,3490600
2015-03-19,145.64,146.0,144.45,144.88,2633800
2015-03-20,145.23,145.82001,144.89,145.53,5858700
2015-03-23,145.48,146.28999,145.020004,145.56,3046900
2015-03-24,145.25999,145.46001,144.24001,144.28999,2764500
2015-03-25,144.67999,144.92999,143.56,143.56,3993400
2015-03-26,142.7,143.71001,142.5,143.029999,3549800
2015-03-27,143.48,143.91,142.89999,143.89,3480700
2015-03-30,144.47,146.12,144.14999,145.98,3348900
2015-03-31,145.75999,145.77,144.25999,144.32001,3600200
2015-04-01,144.34,144.63,143.39,143.45,3693600
2015-04-02,143.59,143.89999,143.14999,143.56,2336100
2015-04-06,143.0,144.45,142.57001,143.75999,2446900
2015-04-07,143.56,144.020004,143.0,143.059998,2760900
2015-04-08,143.10001,143.78,142.82001,143.28,4775700
2015-04-09,143.020004,143.7,142.78,143.64999,2821000
2015-04-10,143.42,143.75,143.020004,143.5,2353800
2015-04-13,143.28,143.95,143.0,143.46001,2149500
2015-04-14,143.64999,143.77,142.12,142.75,2929700
2015-04-15,142.73,143.48,142.58,142.71001,2620700
2015-04-16,142.5,142.8,141.7,142.10001,2693100
2015-04-17,141.2,141.53999,140.33,140.7,4613700
2015-04-20,141.69,142.41,141.50999,142.089996,2669600
2015-04-21,142.39999,142.47,141.12,141.14,3008200
2015-04-22,141.41,142.22,141.089996,141.99001,2629400
2015-04-23,141.95,143.020004,141.63,142.42999,2630700
2015-04-24,142.0,142.55,141.75,142.089996,2255500
2015-04-27,142.28,142.36,140.87,141.089996,3210600
2015-04-28,140.81,142.63,140.59,142.52,2564700
2015-04-29,141.63,142.75999,141.57001,142.41,3127000
2015-04-30,141.78,142.57001,140.92999,141.21001,3554600
2015-05-01,142.0,143.36,141.78999,143.36,2797900
2015-05-04,144.95,146.33,144.0,146.14999,4229400
2015-05-05,145.91,146.42,144.50999,144.56,2993500
2015-05-06,145.0,145.44,142.94,143.78,3320500
2015-05-07,143.41,145.52,143.36,145.31,3314300
2015-05-08,146.56,148.42,146.39999,148.31,5277900
2015-05-11,148.5,148.57001,146.0,146.17,3814700
2015-05-12,145.35001,145.39,144.029999,144.78999,2823200
2015-05-13,144.16,144.73,144.020004,144.25999,2621700
2015-05-14,145.22,145.83,144.52,145.78,2326400
2015-05-15,145.92999,146.089996,144.64999,145.25999,2423500
2015-05-18,145.39,145.89999,145.039993,145.83,2266200
2015-05-19,145.83,147.0,145.25999,146.53999,2635700
2015-05-20,146.41,146.44,145.64,145.94,2239100
2015-05-21,145.60001,145.92999,145.16,145.27,2293900
2015-05-22,145.10001,145.27,144.53,144.60001,2188300
2015-05-26,144.44,144.91,143.56,143.63,3299400
2015-05-27,143.71001,145.14999,143.58,144.75,2275400
2015-05-28,144.92999,145.10001,144.0099945,144.74001,2300000
2015-05-29,144.87,144.99001,143.0,143.0,3641100
2015-06-01,143.25999,144.070007,143.059998,143.35001,2579400
2015-06-02,143.2,143.35001,142.28,143.029999,2737900
2015-06-03,143.42999,143.73,142.56,143.19,2288300
2015-06-04,142.57001,142.89999,141.23,141.37,3369100
2015-06-05,141.50999,141.81,140.52,140.75999,3343900
2015-06-08,140.42999,140.7,139.52,139.52,2998600
2015-06-09,139.21001,140.39,139.14,139.63,2612800
2015-06-10,140.0,141.5,139.67999,140.86,3156700
2015-06-11,141.42999,141.61,140.60001,141.36,2436000
2015-06-12,141.12,141.14999,139.78,140.28999,2768400
2015-06-15,139.72,139.96001,138.78,139.39999,2859500
2015-06-16,139.47,139.73,138.92,139.71001,2369900
2015-06-17,139.85001,140.56,139.16,139.97,2280200
2015-06-18,140.25,142.81,140.2,142.67,4583700
2015-06-19,142.17999,142.96001,140.96001,140.96001,6044000
2015-06-22,142.0,142.53999,141.11,141.53,2339300
2015-06-23,141.62,142.14999,140.95,141.33,1974500
2015-06-24,140.75,141.41,140.089996,140.089996,2709400
2015-06-25,140.059998,140.64999,139.45,139.45,2616700
2015-06-26,139.92,140.16,139.12,139.78,4480200
2015-06-29,139.0,139.24001,136.42,136.50999,6703700
2015-06-30,137.52,137.8,136.080002,136.11,5160300
2015-07-01,137.7,138.3,136.74001,137.52,3244900
2015-07-02,137.89999,138.16,137.059998,137.39,2823700
2015-07-06,136.13,137.42,136.039993,136.89,2962100
2015-07-07,137.3,138.64999,136.039993,138.44,4642300
2015-07-08,137.55,137.96001,136.75,136.89999,3642300
2015-07-09,138.0099945,138.84,137.94,138.25,3574900
2015-07-10,139.50999,140.3,138.96001,139.73,3774900
2015-07-13,140.8,141.49001,140.45,141.39,3139800
2015-07-14,141.14,141.64,140.92,141.12,2415200
2015-07-15,141.37,142.64,141.2,142.61,2995300
2015-07-16,143.14999,143.92,143.0,143.92,3179600
2015-07-17,143.72,144.0,143.44,143.88,2982900
2015-07-20,143.96001,144.69,143.71001,144.50999,2467500
2015-07-21,144.23,144.60001,143.080002,143.60001,3116500
2015-07-22,143.55,144.0,143.059998,143.52,2578000
2015-07-23,143.27,143.41,142.059998,142.17999,2322700
2015-07-24,142.0,142.36,141.19,141.25,2363300
2015-07-27,141.14,141.37,140.42,140.72,2903600
2015-07-28,141.59,143.59,141.13,143.22,3252700
2015-07-29,143.25,143.69,142.61,142.92,2555800
2015-07-30,142.81,143.059998,142.11,142.85001,2018300
2015-07-31,143.31,143.75,142.60001,142.74001,3074100
2015-08-03,143.11,143.32001,140.92,142.33,2540700
2015-08-04,142.22,143.059998,142.0099945,142.67999,2618000
2015-08-05,143.32001,143.99001,143.22,143.5,2615800
2015-08-06,143.5,143.84,143.0,143.35001,2418200
2015-08-07,142.86,143.7,142.3,143.55,2419000
2015-08-10,141.37,143.58,141.31,143.42,4278300
2015-08-11,141.83,143.070007,141.61,142.8,3924400
2015-08-12,141.91,142.14999,140.46001,141.60001,4901200
2015-08-13,141.31,142.61,140.99001,141.95,3045200
2015-08-14,142.050003,142.75,141.99001,142.57001,2911200
2015-08-17,142.0,142.46001,141.31,142.32001,2788100
2015-08-18,142.28999,142.3,141.020004,141.36,3334100
2015-08-19,141.0,141.71001,139.75,140.47,3478300
2015-08-20,139.2,140.0,138.35001,138.39,4050800
2015-08-21,137.23,138.0,134.16,134.22,9122400
2015-08-24,127.55,133.97,125.5,129.57001,13820800
2015-08-25,134.48,134.55,127.46,127.74,8233100
2015-08-26,130.89,132.88,128.69,132.61,7709300
2015-08-27,134.39999,136.31,133.22,136.23,5923000
2015-08-28,135.53,136.0,134.73,135.74001,3897800
2015-08-31,135.089996,135.5,133.42,134.039993,5575500
2015-09-01,131.78999,132.27,129.83,130.41,5957900
2015-09-02,131.41,132.22,130.75999,132.22,4080300
2015-09-03,132.71001,133.62,131.69,132.14999,3984400
2015-09-04,130.82001,131.080002,128.91,129.64,5828600
2015-09-08,132.020004,133.070007,131.17,132.89999,5729300
2015-09-09,134.5,134.66,130.3,130.59,4482600
2015-09-10,130.23,131.78999,130.2,130.66,4482400
2015-09-11,130.88,131.55,130.25,131.37,4181800
2015-09-14,131.14999,131.69,130.53999,130.89999,4270000
2015-09-15,131.0,132.64999,130.75999,132.25999,3189600
2015-09-16,132.25999,132.85001,132.020004,132.58,3041500
2015-09-17,132.28999,133.60001,131.27,131.47,4414500
2015-09-18,130.070007,130.96001,128.94,129.10001,14622800
2015-09-21,130.0,131.31,129.72,130.98,4804900
2015-09-22,129.56,129.69,128.36,129.3,4230800
2015-09-23,129.31,129.49001,128.31,129.16,2947800
2015-09-24,128.25,129.22,127.75,128.83,3705600
2015-09-25,130.029999,130.58,129.0,129.64,3487200
2015-09-28,128.59,129.25999,128.39999,128.62,4412400
2015-09-29,128.44,128.96001,127.67,128.81,4071500
2015-09-30,129.86,130.39999,128.67,130.39999,4726900
2015-10-01,130.55,131.39999,129.28,129.88,3962200
2015-10-02,128.5,129.94,127.46,129.83,5183800
2015-10-05,130.5,132.44,130.38,132.38,3885400
2015-10-06,132.28999,132.41,130.94,131.19,4804800
2015-10-07,132.050003,133.32001,131.75999,132.67999,3423400
2015-10-08,132.28,134.0,132.24001,133.75,2734300
2015-10-09,133.72,134.38,132.17999,133.029999,3202100
2015-10-12,133.39999,134.050003,132.86,133.39999,1973600
2015-10-13,133.0,133.27,131.91,132.19,2802400
2015-10-14,132.0,132.45,131.050003,131.17999,3125100
2015-10-15,131.98,133.83,131.55,133.8,3273300
2015-10-16,134.73,135.0,132.96001,133.81,3061800
2015-10-19,133.5,133.89,133.11,133.62,2158800
2015-10-20,133.27,134.39999,133.10001,134.16,2118000
2015-10-21,134.71001,135.41,133.11,133.22,2396800
2015-10-22,133.60001,137.7,133.60001,137.28999,4898300
2015-10-23,138.0,138.0,136.75999,137.78,3172900
2015-10-26,137.86,137.94,136.64,137.0,2173300
2015-10-27,136.39999,136.67,135.070007,135.63,2278300
2015-10-28,135.8,138.41,135.48,138.16,3244800
2015-10-29,138.10001,138.5,137.23,137.89,2089100
2015-10-30,137.56,137.87,136.020004,136.020004,4228200
2015-11-02,136.77,138.62,136.33,138.39999,3259300
2015-11-03,138.3,138.48,137.71001,137.94,2617800
2015-11-04,138.0,138.080002,137.059998,137.42999,2606300
2015-11-05,137.48,138.029999,136.32001,136.57001,2461500
2015-11-06,136.44,137.19,135.14,136.33,3732200
2015-11-09,136.0,136.19,133.39999,134.0,4884600
2015-11-10,134.0,134.73,133.64,134.73,2932500
2015-11-11,134.94,135.2,134.12,134.96001,2056700
2015-11-12,134.46001,134.63,132.77,132.78,3789800
2015-11-13,132.61,133.57001,131.74001,131.96001,3589400
2015-11-16,131.82001,133.31,131.47,133.3,2965600
2015-11-17,133.85001,133.92999,132.67999,133.089996,2882800
2015-11-18,133.47,136.38,133.27,136.22,3773000
2015-11-19,136.19,136.87,135.83,136.63,2755700
2015-11-20,137.34,137.42,135.96001,136.63,2921300
2015-11-23,136.28999,136.78,135.84,135.99001,2469500
2015-11-24,135.089996,135.88,134.12,135.53999,2759500
2015-11-25,135.48,136.0,134.84,135.13,2137400
2015-11-27,135.3,135.58,134.45,134.63,1243000
2015-11-30,134.82001,135.089996,133.82001,134.089996,5087800
2015-12-01,134.86,136.57001,134.36,136.42999,3796900
2015-12-02,136.5,136.74001,135.10001,135.27,3710800
2015-12-03,135.33,135.53999,132.28999,132.66,4378300
2015-12-04,133.089996,136.52,133.0,136.48,5520200
2015-12-07,136.2,136.45,134.67999,135.60001,2794900
2015-12-08,134.89999,134.99001,133.17,133.36,4055600
2015-12-09,133.17999,134.14999,131.2,131.71001,4062900
2015-12-10,131.72,132.62,131.19,131.71001,3463800
2015-12-11,130.31,130.91,129.56,130.31,5483100
2015-12-14,130.5,132.23,130.11,132.020004,4418700
2015-12-15,133.25,135.64,132.75999,134.88,4703300
2015-12-16,135.49001,136.12,133.10001,135.88,4930300
2015-12-17,135.71001,136.16,133.89999,133.97,3595900
2015-12-18,133.039993,133.17,129.53,129.53,8791500
2015-12-21,131.16,131.69,129.64999,131.19,4308400
2015-12-22,131.55,133.33,131.039993,133.14,3714500
2015-12-23,133.35001,134.42999,133.2,134.14999,3483200
2015-12-24,134.12,134.55,133.48,133.89,1367500
2015-12-28,133.48,133.53999,132.52,133.12,2382900
2015-12-29,134.0,134.55,133.0,134.14,3135400
2015-12-30,133.92,134.12,133.059998,133.25999,2684300
2015-12-31,133.0,133.37,131.95,132.039993,3405600
2016-01-04,130.16,131.029999,128.75999,130.75,6869100
2016-01-05,130.75,131.53,129.81,131.25,4084600
2016-01-06,129.99001,131.75999,129.73,131.33,5219400
2016-01-07,129.25,130.53999,129.0,129.48,7382000
2016-01-08,130.11,130.39999,128.21001,128.33,6101600
2016-01-11,128.92,129.23,127.040001,128.36,4353500
2016-01-12,129.11,129.42,127.52,128.8,4723400
2016-01-13,128.97,129.38,125.71,126.25,6042400
2016-01-14,126.41,128.99001,126.010002,128.070007,6125300
2016-01-15,125.34,126.81,124.51,126.14,8145100
2016-01-19,126.86,128.27,126.77,127.76,5831700
2016-01-20,125.6,126.12,124.040001,124.83,8024200
2016-01-21,125.52,126.75,124.37,125.62,3806100
2016-01-22,127.5,127.93,125.92,127.040001,3765700
2016-01-25,126.55,126.9,123.9,124.13,5251500
2016-01-26,124.57,126.52,124.57,125.89,3694900
2016-01-27,125.26,127.22,124.61,125.19,3942600
2016-01-28,126.0,126.72,124.37,126.010002,3513300
2016-01-29,126.66,129.77,126.11,129.77,6523800
2016-02-01,128.94,129.64,127.54,128.66,4443300
2016-02-02,127.52,127.83,125.51,125.7,4336700
2016-02-03,126.34,126.63,123.55,126.24,6607500
2016-02-04,126.089996,127.7,125.75,127.44,4596300
2016-02-05,127.28,127.39,125.75,126.56,4732600
2016-02-08,125.7,127.84,124.93,126.78,6197700
2016-02-09,125.15,128.080002,125.15,127.72,5246300
2016-02-10,128.44,129.17999,126.29,126.58,4731100
2016-02-11,124.11,125.84,124.040001,125.089996,6061300
2016-02-12,126.76,128.21001,126.050003,128.070007,5167600
2016-02-16,129.44,129.60001,128.070007,128.56,5912500
2016-02-17,129.17,130.44,128.91,130.25999,4512100
2016-02-18,130.60001,132.35001,130.59,130.86,3866300
2016-02-19,130.35001,131.60001,130.0099945,131.050003,4094200
2016-02-22,132.19,132.87,131.33,131.99001,3720400
2016-02-23,131.12,131.91,130.64999,130.74001,3091500
2016-02-24,129.89999,131.5,128.88,131.029999,3635800
2016-02-25,131.62,132.37,130.42,132.31,3504200
2016-02-26,132.82001,133.28999,131.77,131.92,3851400
2016-02-29,133.36,135.11,132.94,134.17,7730100
2016-03-01,135.11,136.94,134.32001,136.94,6068600
2016-03-02,136.95,137.14999,135.81,136.73,3777800
2016-03-03,136.8,137.24001,136.13,136.84,3936500
2016-03-04,136.99001,138.059998,136.52,137.97,4228600
2016-03-07,137.7,138.78999,137.42999,138.72,4571900
2016-03-08,138.25,138.7,137.49001,137.8,4124500
2016-03-09,138.55,139.14999,138.070007,139.13,3165600
2016-03-10,139.75,139.75,137.81,138.62,4524300
2016-03-11,139.34,140.75999,139.11,140.64999,4306900
2016-03-14,140.8,141.22,139.48,139.72,4244200
2016-03-15,139.12,140.41,139.0099945,140.39999,2838200
2016-03-16,139.84,140.44,139.50999,139.83,3124200
2016-03-17,140.0,142.58,139.67999,142.39999,4461000
2016-03-18,142.83,142.96001,141.44,142.16,7612100
2016-03-21,142.16,142.61,141.71001,142.13,2441000
2016-03-22,141.98,142.99001,141.66,142.17999,3288100
2016-03-23,142.17,142.17,140.89999,140.96001,2647100
2016-03-24,140.22,140.60001,139.56,140.11,3777900
2016-03-28,140.95,141.62,140.33,141.28999,2668100
2016-03-29,141.28999,142.039993,140.5,141.89999,3346200
2016-03-30,142.91,143.39999,142.28999,142.46001,3161300
2016-03-31,142.56,143.050003,141.48,141.88,3520200
2016-04-01,141.21001,144.050003,141.11,143.78999,3985700
2016-04-04,143.99001,143.99001,142.77,143.22,3163900
2016-04-05,142.42,142.48,140.92999,141.2,3166500
2016-04-06,141.31,141.82001,140.42,141.7,2820200
2016-04-07,140.92999,141.2,140.27,140.81,2920500
2016-04-08,141.53,141.99001,140.67999,141.059998,2118400
2016-04-11,141.78999,142.089996,140.96001,140.99001,2381100
2016-04-12,141.25,142.49001,140.98,142.39999,2649300
2016-04-13,142.95,144.14,142.89,144.039993,3562800
2016-04-14,144.10001,144.35001,143.47,143.72,2487300
2016-04-15,144.14,144.16,142.94,143.45,3124100
2016-04-18,143.0,144.48,142.95,144.38,2766000
2016-04-19,144.78,146.38,144.50999,145.95,3657500
2016-04-20,145.98,146.44,145.38,146.089996,2289000
2016-04-21,146.089996,146.42,144.67,144.86,2879800
2016-04-22,145.32001,146.39,144.97,146.11,2692400
2016-04-25,145.64999,146.37,145.5,146.17999,2198700
2016-04-26,146.59,147.16,146.3,147.020004,2942600
2016-04-27,146.89999,148.029999,146.5,147.60001,2991400
2016-04-28,146.64,147.46001,145.75999,146.070007,2498100
2016-04-29,145.39999,146.22,144.52,145.48,3895600
2016-05-02,145.77,147.14,145.69,146.89,2774600
2016-05-03,145.91,146.089996,144.080002,144.83,3551500
2016-05-04,144.16,144.39999,143.33,144.24001,2483200
2016-05-05,144.22,144.82001,143.48,143.88,2438200
2016-05-06,143.82001,144.84,143.33,144.62,2288100
2016-05-09,144.53999,144.53999,141.92,142.91,3644600
2016-05-10,143.31,144.89999,143.25,144.78,3131000
2016-05-11,144.88,144.98,142.75,142.87,2939900
2016-05-12,143.46001,143.72,142.31,143.31,2431200
2016-05-13,143.21001,143.7,141.13,141.39999,3232100
2016-05-16,141.39999,142.14999,141.21001,141.85001,2873300
2016-05-17,141.97,141.99001,139.89999,140.34,3963900
2016-05-18,140.17999,141.85001,139.95,141.47,2917800
2016-05-19,141.070007,141.64999,139.67999,140.78999,2803700
2016-05-20,141.48,142.49001,141.16,141.83,3171000
2016-05-23,141.85001,142.0,141.050003,141.48,2049000
2016-05-24,141.95,144.050003,141.73,143.71001,3268800
2016-05-25,143.72,144.94,143.72,144.080002,2933900
2016-05-26,144.0,144.19,142.88,143.050003,2742000
2016-05-27,143.49001,143.62,142.77,143.35001,2289900
2016-05-31,143.89,144.14,140.53999,140.53999,6564700
2016-06-01,140.97,142.089996,140.37,141.99001,3278000
2016-06-02,141.64999,142.11,140.96001,142.11,2757300
2016-06-03,141.16,141.52,140.11,141.14,3153300
2016-06-06,141.62,142.5,141.39,141.82001,2686300
2016-06-07,142.16,142.49001,141.39,141.41,2729800
2016-06-08,141.57001,142.69,141.53,142.53,2390600
2016-06-09,142.050003,142.50999,141.16,142.23,2187000
2016-06-10,141.31,142.36,141.24001,141.75999,2579800
2016-06-13,141.23,142.64999,140.94,140.94,2973600
2016-06-14,140.78999,141.55,140.50999,141.3,3476000
2016-06-15,141.74001,142.17,140.32001,140.45,3219700
2016-06-16,140.089996,142.050003,138.96001,141.99001,3639800
2016-06-17,141.98,142.0,140.45,140.73,5394100
2016-06-20,141.96001,142.94,141.63,141.67,4038700
2016-06-21,142.059998,143.63,141.85001,143.53,3677400
2016-06-22,143.63,144.66,143.57001,143.94,3659700
2016-06-23,144.97,146.0,144.60001,145.98,4493600
2016-06-24,140.74001,142.0,139.47,139.71001,12476300
2016-06-27,138.78999,139.0,136.64999,138.5,6328200
2016-06-28,139.78999,140.36,138.28999,140.28,5312300
2016-06-29,141.3,142.12,139.91,142.12,4257100
2016-06-30,142.21001,144.82001,142.10001,144.78999,5196400
2016-07-01,144.59,144.83,143.75,143.96001,2874400
2016-07-05,143.19,143.56,141.75999,142.23,3426300
2016-07-06,141.89999,142.64,140.95,142.50999,2804700
2016-07-07,142.38,143.039993,141.19,141.91,2863600
2016-07-08,143.35001,143.74001,142.72,143.64999,3718100
2016-07-11,143.75,144.23,143.42999,143.92999,3194200
2016-07-12,144.53,145.029999,143.98,144.67,3158100
2016-07-13,144.88,145.99001,144.41,145.92999,3274500
2016-07-14,146.25,146.66,145.46001,145.73,3322200
2016-07-15,146.25,146.44,145.12,145.97,3860800
2016-07-18,146.0,146.71001,146.0,146.57001,3128000
2016-07-19,146.059998,146.99001,145.85001,146.92,3543300
2016-07-20,146.81,146.94,145.7,146.17,2855300
2016-07-21,146.0099945,146.22,144.19,144.35001,3212200
2016-07-22,144.72,144.85001,143.89,144.60001,3142000
2016-07-25,144.87,145.0,143.60001,144.14,2483900
2016-07-26,144.34,144.85001,143.83,144.34,2466400
2016-07-27,144.27,144.75,143.7,144.19,2611700
2016-07-28,143.92,144.69,143.48,144.42,1944600
2016-07-29,144.089996,144.60001,143.78,144.27,2589300
2016-08-01,144.62,144.77,143.58,143.92999,2051300
2016-08-02,143.95,143.99001,142.96001,143.31,2457000
2016-08-03,143.35001,143.88,142.98,143.63,2217100
2016-08-04,143.8,143.91,142.92,143.12,1848600
2016-08-05,144.0,145.64999,143.92,145.64999,3926000
2016-08-08,145.28999,145.64999,144.23,145.56,3516300
2016-08-09,145.96001,147.45,145.45,147.22,3680500
2016-08-10,147.0,147.27,146.13,146.69,2465200
2016-08-11,146.46001,147.98,146.44,147.74001,3272200
2016-08-12,147.12,147.75,146.69,147.72,2586700
2016-08-15,147.72,147.92,147.12,147.78,2195800
2016-08-16,147.62,147.95,147.22,147.24001,2121300
2016-08-17,147.42,149.33,147.0,149.080002,3044200
2016-08-18,149.19,149.36,148.53,148.81,2185400
2016-08-19,148.39999,148.84,147.78999,148.75,2641200
2016-08-22,148.50999,148.8,147.85001,148.45,1765000
2016-08-23,148.58,149.24001,148.58,148.77,2019100
2016-08-24,148.5,148.84,148.13,148.41,2269400
2016-08-25,148.24001,148.71001,148.11,148.64,2449700
2016-08-26,148.64999,149.23,147.22,147.91,2872800
2016-08-29,148.23,149.67999,148.0,149.3,2726600
2016-08-30,149.25,150.24001,149.23,150.23,2832200
2016-08-31,150.0,150.89999,148.66,150.49001,5338700
2016-09-01,150.7,151.0,148.82001,150.35001,3020800
2016-09-02,150.69,151.050003,149.97,150.72,2258200
2016-09-06,150.53999,150.98,149.31,150.42999,4460800
2016-09-07,150.0,150.49001,149.34,149.58,2437100
2016-09-08,149.60001,150.10001,149.3,149.78,2963400
2016-09-09,149.10001,149.59,146.56,146.62,4342700
2016-09-12,146.37,149.39,145.94,148.97,4323800
2016-09-13,147.95,148.13,145.55,146.23,5505900
2016-09-14,146.020004,146.91,145.33,145.78,3097300
2016-09-15,146.0,147.080002,145.47,146.66,3255500
2016-09-16,146.11,146.23,144.67999,145.0099945,11133700
2016-09-19,145.34,146.19,144.92999,145.24001,3031800
2016-09-20,145.98,145.98,144.75999,144.92,2367000
2016-09-21,145.64999,146.49001,144.98,146.46001,3768900
2016-09-22,146.75,147.089996,146.13,146.53,2770900
2016-09-23,146.3,146.49001,145.0,145.0,3697800
2016-09-26,144.52,144.96001,144.0,144.17999,2863700
2016-09-27,144.28,145.38,144.0099945,145.34,2934600
2016-09-28,145.28,145.42,144.029999,145.28,3246500
2016-09-29,145.17999,145.52,143.36,143.59,3313800
2016-09-30,144.27,145.38,144.27,144.47,4416500
2016-10-03,144.27,144.31,143.21001,143.75999,3493800
2016-10-04,143.74001,144.2,142.8,143.17,3058900
2016-10-05,143.64999,144.28999,143.21001,144.14999,2998800
2016-10-06,144.0,144.10001,143.3,143.87,2279500
2016-10-07,143.92999,144.94,143.78,144.52,3093800
2016-10-10,145.050003,145.67999,144.98,145.2,1884100
2016-10-11,145.13,145.14,143.53,143.95,2723000
2016-10-12,143.86,145.28999,143.86,144.91,2558100
2016-10-13,143.78999,144.050003,141.92,143.22,4657600
2016-10-14,143.91,144.89,143.58,144.17999,2932800
2016-10-17,144.5,144.75999,143.37,143.8,2552800
2016-10-18,144.64999,145.089996,144.13,144.3,2378500
2016-10-19,144.87,145.71001,144.48,144.86,2309300
2016-10-20,144.62,145.42999,144.19,144.49001,2505000
2016-10-21,143.53999,143.95,142.8,143.60001,3075400
2016-10-24,144.089996,144.89,143.67999,143.83,2223800
2016-10-25,143.7,144.16,143.21001,143.42,2349500
2016-10-26,143.38,144.46001,143.12,143.94,2769700
2016-10-27,144.19,144.78,143.87,144.45,2914800
2016-10-28,144.84,145.28999,142.89999,144.0,2789900
2016-10-31,144.3,144.69,144.0,144.3,3229500
2016-11-01,144.67999,144.86,143.11,143.63,3339400
2016-11-02,143.17999,143.86,142.91,143.19,3178500
2016-11-03,143.25,144.45,143.2,143.64,2691800
2016-11-04,143.45,143.8,142.35001,142.95,3493300
2016-11-07,144.71001,147.17,144.3,146.91,5236000
2016-11-08,146.89,148.14,146.39999,147.78999,3636000
2016-11-09,146.10001,151.64,145.10001,151.28,8687800
2016-11-10,152.0,156.61,151.67999,156.059998,8142500
2016-11-11,155.3,157.28,155.14999,156.92,4514400
2016-11-14,157.48,158.16,156.53,157.92999,5520400
2016-11-15,157.61,157.82001,156.089996,157.46001,4780100
2016-11-16,157.020004,157.59,156.020004,157.080002,4468900
2016-11-17,156.81,158.64,156.3,158.39,4169100
2016-11-18,158.35001,158.48,157.17,157.75,3383300
2016-11-21,158.10001,158.71001,157.42,158.71001,2847400
2016-11-22,159.0099945,159.089996,157.83,158.66,3143300
2016-11-23,158.66,159.0,157.28,158.11,3050700
2016-11-25,158.63,158.63,157.60001,158.17999,1777200
2016-11-28,157.89999,158.49001,156.89,156.97,4204300
2016-11-29,157.50999,157.98,156.82001,157.67999,2973300
2016-11-30,158.42,158.89,157.42,157.44,5145600
2016-12-01,157.58,160.24001,157.50999,160.12,4578600
2016-12-02,160.050003,160.12,158.7,159.39,3854400
2016-12-05,160.25,160.67999,159.27,160.21001,4870400
2016-12-06,160.57001,161.55,159.92999,161.34,3543600
2016-12-07,161.94,164.69,161.39999,164.69,6043200
2016-12-08,164.98,165.95,163.52,164.11,4902500
2016-12-09,164.28,165.16,163.070007,164.86,3887900
2016-12-12,164.64999,166.64,164.35001,166.12,6759700
2016-12-13,166.49001,166.99001,165.39999,166.62,4359100
2016-12-14,166.59,167.25,164.53999,165.059998,4537400
2016-12-15,165.5,167.020004,164.8,165.73,3985500
2016-12-16,166.14,166.14999,164.33,164.75999,7046200
2016-12-19,165.19,165.64999,164.48,165.35001,2972500
2016-12-20,166.14999,166.42,165.39999,166.36,3103100
2016-12-21,166.39999,166.67,165.55,165.95,2480500
2016-12-22,165.77,166.12,164.89,166.029999,2511600
2016-12-23,166.25999,166.44,164.77,165.32001,2043100
2016-12-27,165.50999,165.82001,164.78,164.95,2133800
2016-12-28,165.45,165.64,163.56,163.75,2626800
2016-12-29,163.92999,164.47,163.0099945,163.050003,2545300
2016-12-30,163.16,164.029999,162.62,162.98,4041400
2017-01-03,164.34,164.71001,162.44,163.83,4091000
2017-01-04,164.45,164.57001,163.0,164.080002,3568900
2017-01-05,164.059998,164.14,162.17999,163.3,2982500
2017-01-06,163.44,163.8,162.64,163.41,2697000
2017-01-09,163.039993,163.25,162.020004,162.020004,3564700
2017-01-10,162.0,162.74001,161.41,161.47,2671300
2017-01-11,161.47,162.45,161.029999,162.23,3305900
2017-01-12,162.0,162.14999,160.33,161.41,3229400
2017-01-13,161.81,163.13,161.50999,161.89999,3081600
2017-01-17,161.96001,162.0,159.3,159.64,4712800
2017-01-18,160.039993,160.86,159.42999,160.49001,3074700
2017-01-19,160.82001,161.12,159.11,159.41,3172800
2017-01-20,160.21001,160.78,159.58,160.21001,4176100
2017-01-23,160.19,160.28,158.61,158.81,3434300
2017-01-24,159.25999,161.089996,158.77,160.72,4012500
2017-01-25,162.0,164.63,161.39,164.25,4500000
2017-01-26,164.88,165.029999,164.080002,164.92,3132400
2017-01-27,164.92999,165.3,163.46001,164.39999,2520300
2017-01-30,164.2,164.91,163.22,164.8,3194400
2017-01-31,164.64,165.059998,163.080002,164.14,3099600
2017-02-01,164.75,165.2,163.3,163.61,2906900
2017-02-02,163.31,163.31,162.27,163.0,3041200
2017-02-03,164.0,164.19,162.52,163.94,3352700
2017-02-06,163.88,163.92999,163.039993,163.42,2798300
2017-02-07,163.62,163.85001,162.58,162.92999,2446800
2017-02-08,162.89999,163.13,162.14999,162.87,2247100
2017-02-09,162.87,164.42,162.82001,164.039993,2878300
2017-02-10,164.59,164.67999,163.60001,164.0099945,3066200
2017-02-13,164.71001,166.24001,164.44,165.85001,2958400
2017-02-14,165.85001,167.0,165.17,166.95,3057900
2017-02-15,167.21001,167.34,166.12,167.28,4349600
2017-02-16,167.28,167.8,166.10001,167.74001,3152200
2017-02-17,167.56,168.7,166.71001,168.57001,3716900
2017-02-21,168.92,169.64999,168.47,168.92,4416900
2017-02-22,168.92,169.7,168.33,169.61,3299400
2017-02-23,169.96001,170.16,169.11,170.14999,3377100
2017-02-24,169.39999,170.28,169.22,170.22,4023400
2017-02-27,170.89999,171.2,170.32001,170.63,3738600
2017-02-28,170.89999,172.2,170.50999,171.42,6464500
2017-03-01,173.7,177.41,173.7,177.28,7137600
2017-03-02,177.86,177.86,175.48,175.89,4154800
2017-03-03,175.97,176.46001,175.039993,175.67999,3552000
2017-03-06,175.44,175.88,174.50999,175.39999,3379100
2017-03-07,175.58,175.75999,174.89999,175.3,2645400
2017-03-08,175.89,176.0,174.8,174.97,3334400
2017-03-09,175.7,175.85001,174.82001,175.37,2955800
2017-03-10,176.0,176.14,174.45,174.98,3789700
2017-03-13,175.28999,175.60001,174.69,175.39,3333500
2017-03-14,175.22,175.42999,174.23,174.73,2972300
2017-03-15,174.98,175.080002,173.77,174.67,3928500
2017-03-16,175.14999,175.42999,173.7,174.080002,3119600
2017-03-17,173.89,173.89,172.32001,172.82001,6710700
2017-03-20,172.3,172.87,171.60001,172.070007,3340700
2017-03-21,172.16,172.44,169.029999,169.47,4973900
2017-03-22,169.27,170.039993,168.020004,169.3,3257000
2017-03-23,169.66,171.36,169.21001,169.89,3142900
2017-03-24,170.45,170.45,168.020004,168.66,4131900
2017-03-27,166.89,167.50999,165.8,167.44,4884700
2017-03-28,167.28,168.61,166.36,168.31,4598000
2017-03-29,168.0,168.3,166.44,166.59,4776400
2017-03-30,166.3,167.69,166.0,167.36,3393700
2017-03-31,167.41,167.60001,166.34,166.67999,3564700
2017-04-03,166.72,167.0,165.32001,166.87,3986900
2017-04-04,166.61,167.0,166.14,166.86,2853000
2017-04-05,167.45,168.23,165.67,165.83,5231100
2017-04-06,165.64,167.0,165.020004,166.47,3892300
2017-04-07,165.62,166.89,165.48,166.17,2593400
2017-04-10,166.2,167.0,165.98,166.35001,3015900
2017-04-11,165.8,166.22,164.85001,165.7,3488200
2017-04-12,165.070007,165.48,164.66,165.11,3419700
2017-04-13,164.98,165.28,162.87,162.89999,3655100
2017-04-17,163.61,164.63,162.67,164.35001,3414100
2017-04-18,163.87,164.23,163.089996,163.69,2985800
2017-04-19,164.10001,164.49001,162.28,162.75999,3932900
2017-04-20,163.28999,165.24001,163.039993,164.98,3729200
2017-04-21,164.39999,164.95,163.34,163.41,5122400
2017-04-24,165.7,165.99001,164.39999,165.78,4135500
2017-04-25,166.92,167.96001,166.60001,167.53,4268500
2017-04-26,167.5,168.95,167.25,167.63,4084300
2017-04-27,167.64999,167.81,165.5,166.55,4290200
2017-04-28,166.28,166.55,164.67999,165.21001,3045000
2017-05-01,165.8,166.32001,165.35001,165.44,3135400
2017-05-02,165.89999,166.33,165.16,166.050003,2781200
2017-05-03,165.7,167.080002,165.5,166.73,2982200
2017-05-04,167.64,168.039993,166.22,166.34,3643500
2017-05-05,167.12,167.14,165.88,166.55,3578500
2017-05-08,166.5,166.60001,164.10001,165.020004,5163900
2017-05-09,165.17,165.24001,163.0,163.46001,3840700
2017-05-10,163.36,163.88,163.029999,163.72,3237400
2017-05-11,163.58,163.77,162.39,163.27,3285900
2017-05-12,163.059998,163.49001,162.47,163.32001,3592300
2017-05-15,163.81,164.080002,163.25999,163.8,2959000
2017-05-16,164.10001,164.28999,163.25,163.61,2434900
2017-05-17,163.61,163.61,161.17999,161.25999,4797400
2017-05-18,161.5,162.62,160.92999,161.62,3645600
2017-05-19,161.86,164.080002,161.58,163.24001,4164900
2017-05-22,164.8,165.48,163.94,165.13,4350800
2017-05-23,165.39999,165.77,164.87,165.48,3352200
2017-05-24,165.89999,165.89999,164.55,164.92999,2597300
2017-05-25,165.23,165.5,164.71001,165.3,2605300
2017-05-26,165.25,165.88,165.020004,165.69,2156300
2017-05-30,165.78999,165.87,164.47,165.11,3048300
2017-05-31,165.27,165.45,164.10001,165.28,5674900
2017-06-01,165.8,166.69,164.75,166.66,3330900
2017-06-02,166.13,166.92,165.85001,166.28999,3919900
2017-06-05,166.42999,167.070007,166.33,166.52,2303200
2017-06-06,166.12,166.72,165.88,166.13,2752300
2017-06-07,166.14,166.75,165.87,166.5,2987300
2017-06-08,166.5,167.94,166.23,166.94,4387400
2017-06-09,167.67,170.14,167.42,170.0,3781300
2017-06-12,169.42999,170.64999,169.41,170.5,4662700
2017-06-13,171.5,171.82001,170.89999,171.47,3145400
2017-06-14,170.92,171.5,169.55,171.45,3344500
2017-06-15,170.60001,170.92,169.57001,170.55,3275200
2017-06-16,170.60001,171.039993,169.75,170.48,6505900
2017-06-19,171.39,171.95,170.78,171.55,2869000
2017-06-20,171.67999,171.67999,170.45,170.55,2470100
2017-06-21,170.61,170.78,169.34,169.62,2365100
2017-06-22,169.33,169.67,168.31,168.32001,2673900
2017-06-23,169.27,169.27,166.64,167.22,4046800
2017-06-26,167.8,168.28,166.97,167.49001,2543000
2017-06-27,167.72,168.059998,166.78,167.35001,2995600
2017-06-28,167.92999,170.14999,167.89999,169.89,3210900
2017-06-29,170.67999,171.37,168.60001,169.3,3545500
2017-06-30,170.0099945,170.14999,169.27,169.37,3627800
2017-07-03,170.39999,172.7,169.95,171.8,2493400
2017-07-05,172.059998,172.50999,171.28,171.85001,2558600
2017-07-06,171.56,171.97,170.089996,170.2,3182000
2017-07-07,170.84,171.32001,169.89999,171.14,2967200
2017-07-10,170.61,171.31,169.89999,170.25,2504500
2017-07-11,169.94,170.2,168.0,169.24001,3525600
2017-07-12,169.78999,170.089996,169.059998,169.92,3018200
2017-07-13,170.059998,170.070007,169.25,169.69,3170500
2017-07-14,168.89999,169.92,168.52,169.47,2941500
2017-07-17,169.44,170.73,168.95,170.16,3044400
2017-07-18,170.039993,170.69,169.56,170.31,2599700
2017-07-19,170.31,171.33,170.31,171.2,1923200
2017-07-20,171.33,171.87,171.070007,171.33,2137900
2017-07-21,171.57001,171.69,170.66,171.34,2419800
2017-07-24,171.5,171.88,171.070007,171.37,2649600
2017-07-25,172.14999,173.37,172.14999,172.94,2921100
2017-07-26,173.0,173.78999,172.5,173.020004,2849500
2017-07-27,173.17,173.17999,172.22,173.050003,3522600
2017-07-28,173.059998,174.34,172.13,174.0,2401800
2017-07-31,174.7,175.60001,174.2,174.97,3477000
2017-08-01,175.92999,176.38,174.81,176.28999,2666000
2017-08-02,176.28999,177.92,175.91,177.85001,3174500
2017-08-03,177.5,179.0,177.44,178.99001,2856200
2017-08-04,179.8,179.99001,178.69,179.92,2636600
2017-08-07,177.039993,178.41,177.039993,178.039993,3279200
2017-08-08,177.71001,178.28999,176.2,176.42999,2925000
2017-08-09,175.5,178.16,175.050003,178.059998,2804100
2017-08-10,177.13,177.60001,176.25999,176.36,3084300
2017-08-11,176.32001,177.17,175.27,175.34,2580000
2017-08-14,176.75,177.73,176.45,177.28999,2710100
2017-08-15,177.74001,178.14999,177.24001,177.47,2670000
2017-08-16,178.2,178.97,177.60001,178.53999,2299200
2017-08-17,178.25,178.7,177.16,177.16,4189500
2017-08-18,176.57001,178.82001,176.27,177.56,3586100
2017-08-21,177.62,178.5,177.070007,178.34,2878400
2017-08-22,178.5,180.61,178.46001,180.45,2928600
2017-08-23,179.25,180.52,179.0,179.98,2444600
2017-08-24,179.98,180.0,178.13,178.42999,3250100
2017-08-25,179.0,180.16,178.86,179.60001,2284600
2017-08-28,179.77,179.89999,178.020004,178.7,2986500
2017-08-29,177.72,178.7,177.2,178.62,2499300
2017-08-30,178.71001,181.029999,178.50999,180.35001,3303500
2017-08-31,180.35001,181.87,180.25,181.16,4376300
2017-09-01,181.60001,181.97,180.57001,180.73,2536800
2017-09-05,180.28999,180.28999,176.28999,176.98,4880700
2017-09-06,177.35001,177.87,176.73,176.78999,4270300
2017-09-07,177.050003,177.48,172.61,173.99001,4620600
2017-09-08,173.89999,175.82001,173.57001,175.5,3736400
2017-09-11,177.75,179.24001,177.33,177.87,4107600
2017-09-12,178.0,178.72,177.8,178.63,2348500
2017-09-13,177.75999,179.14999,177.61,178.92,2679400
2017-09-14,178.8,179.16,178.38,178.57001,3304100
2017-09-15,179.24001,180.36,178.81,179.89,9234800
2017-09-18,180.5,181.74001,180.27,181.47,3698600
2017-09-19,181.5,183.0099945,181.5,183.0099945,3159000
2017-09-20,183.3,183.92999,182.46001,183.82001,3742100
2017-09-21,183.32001,183.92999,183.029999,183.16,2369000
2017-09-22,182.63,182.84,181.3,181.86,2688100
2017-09-25,181.99001,182.64,180.8,182.52,2424600
2017-09-26,182.55,182.87,181.74001,181.86,2382000
2017-09-27,182.87,184.0,182.50999,183.27,2593900
2017-09-28,183.39999,183.95,182.44,183.21001,1930800
2017-09-29,183.59,183.67999,182.42,183.32001,2761600
2017-10-02,183.45,185.47,182.92999,185.41,2577500
2017-10-03,185.60001,186.50999,184.60001,185.67,3173900
2017-10-04,186.2,186.67,185.50999,185.83,2071300
2017-10-05,186.17,188.039993,185.8,187.12,2786100
2017-10-06,187.2,187.62,186.050003,187.42999,2600600
2017-10-09,187.5,187.95,186.64,187.5,2036700
2017-10-10,187.46001,188.2,187.16,188.0,2212800
2017-10-11,187.39999,187.95,186.48,187.46001,2750600
2017-10-12,187.7,187.99001,185.97,186.3,2640700
2017-10-13,186.77,188.0,186.33,187.37,2830200
2017-10-16,188.0,188.62,187.57001,187.96001,2316700
2017-10-17,187.96001,188.0,186.5,187.39,2273100
2017-10-18,187.75,188.13,186.8,187.85001,2192900
2017-10-19,187.16,187.5,186.42999,187.21001,2831900
2017-10-20,187.75,189.039993,187.58,189.039993,2934900
2017-10-23,189.17999,189.72,188.64,189.39,2418200
2017-10-24,189.92,190.67999,189.53,189.78,2888600
2017-10-25,189.83,190.0,187.66,188.71001,3394200
2017-10-26,189.64999,189.92,187.83,188.61,2740900
2017-10-27,188.32001,188.63,187.050003,188.59,2978800
2017-10-30,188.020004,188.52,187.35001,187.85001,2473700
2017-10-31,188.059998,188.11,186.41,186.94,3290400
2017-11-01,188.10001,188.13,186.73,187.17,2727800
2017-11-02,186.75,188.78,185.89,188.61,3340900
2017-11-03,188.13,188.55,187.020004,187.27,2159900
2017-11-06,186.10001,187.57001,185.3,186.67999,2602600
2017-11-07,187.23,188.19,185.61,186.3,2500600
2017-11-08,186.31,186.89,184.35001,184.60001,4118800
2017-11-09,183.34,184.67999,181.75999,184.49001,3633000
2017-11-10,183.84,184.070007,182.50999,183.67999,3043300
2017-11-13,183.16,184.85001,183.16,184.39999,1889900
2017-11-14,183.66,184.0,182.5,183.34,3088000
2017-11-15,182.13,182.89999,181.41,181.81,4004500
2017-11-16,182.21001,183.050003,181.64999,182.050003,3944000
2017-11-17,181.7,181.94,180.5,181.059998,2715900
2017-11-20,181.42999,181.98,180.44,181.63,2428800
2017-11-21,181.78,183.5,181.50999,183.17999,3047000
2017-11-22,183.78,183.78,181.94,182.56,3017000
2017-11-24,182.66,182.98,182.25,182.36,1038600
2017-11-27,182.74001,183.87,182.41,183.49001,2985200
2017-11-28,184.10001,187.84,184.020004,187.53999,3721000
2017-11-29,188.2,192.0,187.57001,189.85001,4898000
2017-11-30,190.35001,193.81,189.95,193.0099945,6420400
2017-12-01,193.59,194.99001,189.72,194.56,5177300
2017-12-04,196.17999,199.48,196.17999,196.96001,4899500
2017-12-05,197.77,197.99001,195.5,196.070007,3411700
2017-12-06,196.059998,196.83,194.8,196.0099945,3315700
2017-12-07,195.91,196.75,194.98,196.34,2650700
2017-12-08,195.34,197.28,195.020004,196.44,3953400
2017-12-11,196.63,197.17999,195.3,196.7,3605000
2017-12-12,199.41,199.92,197.0,199.070007,4343000
2017-12-13,198.56,199.63,197.35001,197.39999,4151900
2017-12-14,198.12,198.19,195.94,196.66,3593900
2017-12-15,198.24001,199.2,197.23,197.78,9169400
2017-12-18,199.5,200.25999,198.94,199.34,4600100
2017-12-19,200.16,200.5,197.67999,197.91,3645200
2017-12-20,199.39,199.75,197.67999,197.78999,3914300
2017-12-21,198.85001,199.56,198.21001,198.89,3262400
2017-12-22,199.24001,199.67999,196.88,197.92,3786800
2017-12-26,197.97,198.57001,197.28,197.57001,1769600
2017-12-27,197.5,198.82001,197.28,198.69,3343200
2017-12-28,199.34,199.96001,198.82001,199.56,2340000
2017-12-29,200.0,200.070007,198.22,198.22,3566000
2018-01-02,198.87,198.87,195.96001,197.22,4113000
2018-01-03,197.0,200.0,197.0,199.78999,3526700
2018-01-04,200.89999,202.13,200.0099945,200.69,3900000
2018-01-05,201.0,201.67,199.31,201.42,4207600
2018-01-08,201.14999,203.070007,199.8,202.74001,3887900
2018-01-09,203.34,204.39999,202.58,203.020004,3834900
2018-01-10,203.0,205.72,202.5,205.61,3793100
2018-01-11,205.96001,207.28,205.72,206.69,3641500
2018-01-12,207.27,210.39,206.8,210.16,4184400
2018-01-16,213.12,214.029999,209.36,210.28999,6220000
2018-01-17,211.92,214.5,211.14,214.16,4600700
2018-01-18,215.67,215.78,213.059998,213.19,5141500
2018-01-19,213.45,214.3,212.11,213.25,5140200
2018-01-22,213.28999,216.080002,213.25,215.97,3267200
2018-01-23,216.039993,216.35001,212.77,215.56,3659100
2018-01-24,216.12,216.89,214.59,215.61,4294200
2018-01-25,216.24001,216.5,214.28,215.10001,3088300
2018-01-26,215.52,217.34,215.14999,217.19,3640800
2018-01-29,217.14999,217.62,215.19,215.46001,3021300
2018-01-30,214.97,216.62,214.10001,214.41,5040100
2018-01-31,214.99001,215.050003,213.37,214.38,4626300
2018-02-01,214.49001,217.5,214.029999,217.25,4508900
2018-02-02,216.16,216.58,207.87,209.12,6080600
2018-02-05,205.49001,207.10001,196.0,196.8,10746500
2018-02-06,193.14999,201.92,190.17999,201.24001,10663000
2018-02-07,202.0,204.48,200.0,200.37,5758000
2018-02-08,200.37,200.99001,191.039993,191.42,8044400
2018-02-09,195.67999,197.57001,189.3,196.020004,8931700
2018-02-12,198.50999,200.66,196.14,198.89,5128900
2018-02-13,197.58,198.84,195.92,197.99001,3967700
2018-02-14,197.039993,200.75999,195.99001,200.53999,4348100
2018-02-15,202.38,203.89999,200.31,203.89999,4357900
2018-02-16,203.99001,206.32001,203.16,203.78999,4382500
2018-02-20,203.34,204.7,202.35001,203.050003,4116700
2018-02-21,202.5,205.22,200.77,201.020004,4994400
2018-02-22,201.57001,203.28,200.16,200.73,4034000
2018-02-23,201.39,202.97,200.81,202.75999,4128400
2018-02-26,207.71001,211.14,205.36,210.62,8254100
2018-02-27,212.0,213.13,209.64999,209.66,5903400
2018-02-28,211.0,211.53999,200.47,207.2,5378300
2018-03-01,206.82001,208.57001,200.28,201.53,6984000
2018-03-02,199.98,201.97,198.98,201.34,5025500
2018-03-05,199.60001,204.13,199.12,203.24001,4041100
2018-03-06,204.86,204.86,202.37,204.55,3203300
2018-03-07,202.35001,204.83,201.75,204.3,3622800
2018-03-08,204.32001,205.49001,203.029999,205.28999,3084500
2018-03-09,206.95,213.24001,206.25,212.94,5494300
2018-03-12,213.2,213.36,211.24001,211.82001,4967000
2018-03-13,212.69,213.039993,208.8,209.13,4698200
2018-03-14,210.39999,210.39999,206.23,206.99001,4015400
2018-03-15,208.28999,209.32001,207.61,207.82001,4127200
2018-03-16,208.56,208.97,206.46001,206.96001,5961800
2018-03-19,206.87,207.059998,202.64,203.99001,4261300
2018-03-20,204.25,205.60001,203.8,204.75,2939300
2018-03-21,205.38,207.27,204.0,204.83,3235600
2018-03-22,203.17999,203.19,196.99001,197.63,7113400
2018-03-23,198.0,198.25,191.87,192.46001,7257000
2018-03-26,196.89999,199.57001,195.080002,199.34,5223700
2018-03-27,200.48,201.44,194.44,196.14999,5149200
2018-03-28,196.17,198.72,193.78,196.67,4388800
2018-03-29,198.080002,201.0099945,197.33,199.48,5714600
2018-04-02,199.0099945,199.61,192.020004,195.0,6178200
2018-04-03,196.0,198.24001,193.91,197.96001,4192900
2018-04-04,194.020004,200.53,194.0,200.11,4100700
2018-04-05,201.17,202.77,200.27,200.85001,4661300
2018-04-06,199.7,199.85001,193.74001,195.49001,5580600
2018-04-09,196.73,198.63,194.95,195.33,3873100
2018-04-10,198.16,199.7,197.050003,197.8,3250500
2018-04-11,196.60001,197.039993,194.92,195.22,3522100
2018-04-12,196.5,199.60001,196.28999,198.13,3707900
2018-04-13,199.60001,199.85001,196.0,197.0,3150900
2018-04-16,198.64999,199.95,197.55,198.22,3819000
2018-04-17,199.85001,200.66,198.89999,199.27,4658300
2018-04-18,200.24001,200.94,199.39999,199.50999,2872900
2018-04-19,199.99001,201.48,199.2,200.38,2726500
2018-04-20,200.94,201.0,198.92,200.13,3705800
2018-04-23,200.22,200.84,198.52,199.42,2672600
2018-04-24,199.87,200.66,195.23,196.8,3718200
2018-04-25,196.17999,197.36,194.41,196.8,3204400
2018-04-26,196.63,197.96001,196.24001,197.029999,2388500
2018-04-27,196.92999,197.55,195.83,197.23,2558900
2018-04-30,197.39,198.10001,193.62,193.73,4247500
2018-05-01,193.75999,195.3,192.75,195.11,3235000
2018-05-02,195.070007,195.070007,192.98,193.31,3885500
2018-05-03,192.81,192.99001,189.8,191.61,5059400
2018-05-04,192.039993,196.24001,190.19,195.64,4919100
2018-05-07,196.0,197.82001,195.75999,197.059998,3692100
2018-05-08,197.39999,197.39999,194.7,196.24001,4189600
2018-05-09,197.0,200.050003,196.28,199.87,3290600
2018-05-10,200.42999,201.28999,198.92,201.2,2957300
2018-05-11,200.62,202.41,198.89999,199.3,3917700
2018-05-14,200.0,200.64999,198.66,199.17999,3264600
2018-05-15,198.78999,198.92999,196.17999,197.36,3380000
2018-05-16,196.86,198.38,196.39999,197.83,2927400
2018-05-17,197.74001,197.85001,196.62,197.49001,2604200
2018-05-18,197.52,197.64,195.77,196.059998,3137100
2018-05-21,197.77,198.63,197.0099945,197.91,3005500
2018-05-22,198.020004,198.89,197.17999,198.13,3162000
2018-05-23,197.39999,197.71001,194.95,195.95,4036300
2018-05-24,196.059998,196.25999,193.92,194.83,3206200
2018-05-25,193.89,194.75,193.21001,194.14999,3031000
2018-05-29,192.89999,193.11,188.62,189.87,8912100
2018-05-30,191.89999,194.89999,191.33,194.10001,4307600
2018-05-31,194.28999,194.28999,191.42,191.53,5787500
2018-06-01,192.89999,193.38,191.59,192.23,3817800
2018-06-04,193.0,193.41,191.25,191.3,4444500
2018-06-05,191.37,191.39999,190.14,190.77,4325000
2018-06-06,191.69,194.0,191.57001,193.99001,4017500
2018-06-07,194.66,195.67999,193.75,195.57001,4340300
2018-06-08,195.34,196.39999,194.27,196.0099945,3757800
2018-06-11,196.3,196.74001,195.19,195.33,3465600
2018-06-12,195.97,195.99001,194.71001,195.27,3047000
2018-06-13,195.13,196.0,194.25999,194.55,3704900
2018-06-14,194.92,195.0,192.039993,192.5,4947200
2018-06-15,192.28,192.5,190.52,191.75999,7341000
2018-06-18,190.64,191.36,189.91,191.11,3773800
2018-06-19,190.050003,191.17999,189.35001,190.35001,4035300
2018-06-20,190.47,190.89,189.2,189.5,5234200
2018-06-21,189.050003,189.84,187.97,188.86,4977900
2018-06-22,190.0,190.48,188.66,188.91,5268000
2018-06-25,188.63,188.83,185.17999,186.73,6062400
2018-06-26,186.52,187.62,185.78,186.44,4324600
2018-06-27,186.5,187.89,184.75,184.91,4451600
2018-06-28,185.42999,187.94,185.16,187.089996,4218500
2018-06-29,188.46001,189.28,186.28999,186.64999,5185700
2018-07-02,186.089996,188.10001,185.97,187.83,3521000
2018-07-03,188.46001,188.73,185.72,186.020004,2031200
2018-07-05,187.070007,187.63,186.23,187.5,3310200
2018-07-06,187.5,188.69,186.52,187.56,2818800
2018-07-09,188.11,189.82001,187.82001,189.64,3504700
2018-07-10,189.75,190.62,189.14999,189.89999,2685500
2018-07-11,188.73,190.64,188.56,189.91,3343100
2018-07-12,190.89999,190.99001,188.91,189.96001,3040600
2018-07-13,189.77,191.28999,189.13,190.96001,2693700
2018-07-16,190.7,192.23,190.7,192.0,2626700
2018-07-17,192.0,192.19,190.27,190.41,3725000
2018-07-18,195.5,201.39999,195.35001,200.44,10469600
2018-07-19,200.35001,200.96001,197.3,197.49001,4670800
2018-07-20,197.0,197.66,196.46001,196.78,4073900
2018-07-23,196.25,198.87,196.2,197.85001,3587600
2018-07-24,198.45,199.96001,198.22,198.46001,3346600
2018-07-25,198.21001,198.21001,196.81,197.61,3743100
2018-07-26,198.27,198.99001,197.28,197.46001,3766100
2018-07-27,198.0,198.89999,197.17999,197.95,3939400
2018-07-30,197.8,199.91,197.8,199.089996,3988300
2018-07-31,199.0,199.53999,197.059998,197.87,4911700
2018-08-01,198.8,199.7,197.32001,197.85001,4004600
2018-08-02,197.2,198.75999,196.77,198.059998,3269900
2018-08-03,198.5,200.42,198.12,200.24001,5028000
2018-08-06,204.89,208.11,204.62,206.059998,6673100
2018-08-07,207.5,209.94,207.14999,208.72,6160100
2018-08-08,208.81,209.71001,208.42999,208.94,3869000
2018-08-09,209.0,209.64999,208.72,209.10001,4685700
2018-08-10,207.3,207.77,205.59,206.63,4383100
2018-08-13,206.63,207.0099945,205.039993,205.17,3837900
2018-08-14,205.3,206.48,204.89999,205.83,2774500
2018-08-15,205.0099945,205.49001,203.57001,204.5,3547200
2018-08-16,205.39,207.62,204.60001,207.56,3576500
2018-08-17,207.57001,208.47,206.92,208.14,2749900
2018-08-20,208.42999,209.53999,207.83,208.46001,2527300
2018-08-21,208.81,209.35001,208.10001,208.49001,2665300
2018-08-22,207.63,207.97,206.96001,207.33,2454600
2018-08-23,207.58,207.78999,206.66,207.24001,2363000
2018-08-24,207.75,208.16,207.33,207.98,2415700
2018-08-27,208.56,210.75,208.52,210.50999,3166700
2018-08-28,210.88,211.2,210.0099945,210.77,2885200
2018-08-29,211.0,211.32001,210.17999,211.27,3176900
2018-08-30,211.080002,211.3,209.67,209.75,4737900
2018-08-31,210.0,210.3,208.10001,208.72,4526200
2018-09-04,209.21001,210.10001,208.039993,210.050003,2775800
2018-09-05,209.81,212.46001,209.49001,212.25999,3708900
2018-09-06,211.60001,213.39999,211.57001,212.88,3601800
2018-09-07,212.5,214.47,212.5,214.039993,4050100
2018-09-10,215.0,216.27,214.42,215.11,4137200
2018-09-11,214.039993,215.87,212.75999,215.10001,3601500
2018-09-12,214.53999,215.42999,214.14999,214.59,3463200
2018-09-13,215.020004,215.42,214.17,214.89,4071600
2018-09-14,215.5,216.50999,215.3,216.37,3279000
2018-09-17,216.99001,217.13,215.73,216.28999,3076900
2018-09-18,216.3,218.5,216.3,218.3,3576600
2018-09-19,218.22,221.32001,217.8,220.95,4288000
2018-09-20,221.78,223.0,221.3,221.67999,5340200
2018-09-21,222.13,222.69,220.13,220.52,13363200
2018-09-24,220.48,220.67999,217.91,218.13,4539500
2018-09-25,218.42999,218.98,217.41,218.050003,3280300
2018-09-26,218.050003,218.42,215.77,216.11,4122100
2018-09-27,216.74001,217.67999,215.23,216.7,3053500
2018-09-28,216.38,216.38,213.86,214.11,4482500
2018-10-01,215.92,216.14,213.94,214.78,2993000
2018-10-02,214.42999,215.53999,214.039993,215.28999,2934800
2018-10-03,215.75,217.78,215.5,216.39999,3275100
2018-10-04,216.42999,219.0,216.36,218.97,4428500
2018-10-05,219.7,220.39999,218.69,219.46001,4075700
2018-10-08,219.16,222.75999,219.020004,222.059998,5641200
2018-10-09,221.85001,223.94,221.0099945,223.75999,4516500
2018-10-10,224.0,224.070007,212.53999,213.10001,7922100
2018-10-11,209.89999,211.089996,203.28,205.19,8322700
2018-10-12,210.039993,210.60001,204.0,206.8,5734700
2018-10-15,207.46001,207.46001,204.67,205.029999,4541100
2018-10-16,206.66,210.78,205.92,209.83,4776200
2018-10-17,209.83,211.67,207.31,210.52,3807800
2018-10-18,210.0,211.27,207.32001,208.7,3144900
2018-10-19,208.49001,210.75,207.8,209.83,4814500
2018-10-22,210.77,210.77,206.029999,206.19,3252400
2018-10-23,203.10001,205.25,201.88,204.0,4705700
2018-10-24,202.77,203.69,199.57001,199.81,4705900
2018-10-25,200.73,203.42999,200.14,201.98,4571900
2018-10-26,199.0099945,200.69,197.28999,198.49001,6734600
2018-10-29,201.23,203.61,197.92999,200.039993,4936400
2018-10-30,199.64999,203.75999,198.7,203.35001,6054300
2018-10-31,205.21001,208.070007,204.5,205.28,5663000
2018-11-01,205.60001,206.28,204.32001,205.86,3895100
2018-11-02,207.5,208.71001,203.39,206.57001,5060000
2018-11-05,213.50999,217.50999,212.96001,216.24001,7667600
2018-11-06,216.75,218.74001,216.46001,218.50999,3879800
2018-11-07,219.99001,221.55,217.56,221.24001,4741900
2018-11-08,221.24001,223.52,220.55,222.42,4166000
2018-11-09,221.67,221.99001,218.3,219.63,3971700
2018-11-12,219.96001,220.19,215.0,215.42,3355200
2018-11-13,215.61,219.14999,215.17999,217.92,4089600
2018-11-14,219.5,220.72,213.8,216.029999,4409100
2018-11-15,214.83,217.57001,212.14,217.38,4258800
2018-11-16,217.0,220.5,215.46001,218.41,4347900
2018-11-19,218.28,218.73,215.25999,217.94,4321000
2018-11-20,215.31,215.99001,210.42,210.71001,7680900
2018-11-21,211.3,213.74001,210.53,210.86,2840700
2018-11-23,209.25,209.99001,207.029999,207.070007,2274000
2018-11-26,209.3,211.0,208.64,210.63,3973900
2018-11-27,209.82001,212.84,209.50999,212.53,4050600
2018-11-28,213.0,217.64,212.44,217.5,4013400
2018-11-29,215.85001,219.38,215.8,217.7,3960900
2018-11-30,217.23,219.080002,216.92999,218.24001,5153200
2018-12-03,221.98,223.59,218.95,220.81,5153200
2018-12-04,220.13,220.28,209.71001,210.12,7689800
2018-12-06,207.050003,208.12,202.92,207.96001,8386700
2018-12-07,208.14,210.85001,203.57001,204.88,5483500
2018-12-10,204.10001,204.74001,198.49001,203.25999,5593700
2018-12-11,206.12,206.89,200.50999,202.28,4483700
2018-12-12,205.0,205.59,202.28,202.48,4164200
2018-12-13,202.0,203.56,201.50999,202.42,4508000
2018-12-14,200.96001,201.75,199.58,200.0,4995200
2018-12-17,199.77,202.2,197.10001,197.92,5991600
2018-12-18,199.64999,200.34,194.44,196.52,6593100
2018-12-19,196.50999,201.31,193.33,195.17,6278800
2018-12-20,194.0099945,195.37,191.11,193.58,8976100
2018-12-21,192.22,197.8,191.57001,192.10001,14907700
2018-12-24,190.7,191.64,187.11,187.75999,5020600
2018-12-26,188.64999,197.92999,186.10001,197.57001,7158200
2018-12-27,195.60001,200.12,191.89999,200.12,7386800
2018-12-28,200.72,204.74001,200.2,202.080002,5420600
2018-12-31,204.23,205.0099945,201.0,204.17999,5451900
2019-01-02,201.73,204.39999,201.14999,202.8,4802100
2019-01-03,199.97,200.22,191.039993,191.66,8540600
2019-01-04,194.85001,196.69,193.88,195.2,6611200
2019-01-07,196.39,198.28,195.37,196.91,5423000
2019-01-08,198.99001,199.080002,194.66,196.31,4476800
2019-01-09,197.3,197.67999,194.95,196.37,3607500
2019-01-10,195.50999,197.89999,194.96001,196.58,3627700
2019-01-11,195.66,196.64999,194.5,196.28999,3535200
2019-01-14,194.78,196.44,194.46001,195.78,3954300
2019-01-15,195.78999,197.25,195.2,196.94,3206700
2019-01-16,197.64,199.57001,197.24001,198.41,5069600
2019-01-17,197.7,199.41,196.46001,198.78,4161000
2019-01-18,200.7,204.73,200.24001,204.48,5941200
2019-01-22,203.52,204.96001,199.14,200.72,5397700
2019-01-23,200.72,201.31,198.5,201.14999,3705400
2019-01-24,199.75,201.60001,199.75,201.020004,4074800
2019-01-25,203.050003,204.74001,201.020004,202.75,3823300
2019-01-28,201.49001,201.75,199.81,200.95,3718000
2019-01-29,200.92,202.14999,200.5,202.050003,2815400
2019-01-30,203.31,207.59,203.050003,205.96001,4519900
2019-01-31,204.67999,208.0099945,203.64,205.53999,8676200
2019-02-01,206.52,209.3,206.2,209.19,5992600
2019-02-04,209.16,209.39999,207.050003,208.52,3730900
2019-02-05,209.10001,209.16,206.53,207.82001,4243700
2019-02-06,207.24001,207.24001,205.10001,206.0099945,3708800
2019-02-07,204.53,204.99001,200.57001,201.73,4908700
2019-02-08,200.82001,201.2,198.21001,200.92,4666700
2019-02-11,201.69,203.33,201.32001,203.050003,3600100
2019-02-12,204.94,206.67,204.87,206.14999,3517900
2019-02-13,206.96001,208.080002,205.41,205.8,3326900
2019-02-14,204.64,204.64,201.60001,202.78,3627300
2019-02-15,204.86,205.78999,204.070007,205.28999,5044700
2019-02-19,205.10001,206.32001,204.67999,205.69,3204000
2019-02-20,205.78,206.92,204.94,206.16,3309300
2019-02-21,206.27,206.86,204.35001,205.33,3661400
2019-02-22,204.25,204.59,199.92,201.91,5575000
2019-02-25,201.7,205.0,201.22,202.31,5146500
2019-02-26,202.39999,202.64999,201.3,201.89999,4892500
2019-02-27,201.72,202.3,201.25,202.28999,4247200
2019-02-28,202.67999,202.94,201.11,201.3,3619000
2019-03-01,203.14999,203.84,201.84,203.13,3529400
2019-03-04,203.089996,204.87,200.58,201.81,4640300
2019-03-05,201.75999,202.0,200.58,201.47,5268400
2019-03-06,201.61,202.3,200.57001,200.67,3216600
2019-03-07,200.58,200.58,197.99001,199.3,5105700
2019-03-08,197.91,198.94,197.029999,198.7,3755200
2019-03-11,199.62,202.3,199.47,202.089996,3999300
2019-03-12,202.66,203.73,202.23,202.5,3756100
2019-03-13,203.0,205.36,202.66,204.059998,3693600
2019-03-14,203.25999,204.36,202.67999,203.38,3084200
2019-03-15,204.080002,206.16,203.86,204.31,7738700
2019-03-18,204.67,206.95,204.67,206.67999,3964600
2019-03-19,207.75,207.75,204.56,205.14999,3881500
2019-03-20,205.42999,205.45,202.98,203.27,4053100
2019-03-21,202.92,204.7,201.91,204.42999,4182300
2019-03-22,203.28,204.0099945,200.059998,200.55,5872400
2019-03-25,200.83,201.98,198.2,199.44,4113100
2019-03-26,200.83,201.32001,198.7,200.62,3737800
2019-03-27,200.72,201.2,198.23,199.21001,3619200
2019-03-28,199.39999,200.75,198.39999,200.66,3233600
2019-03-29,201.34,201.7,200.029999,200.89,4619400
2019-04-01,202.16,205.3,202.0,205.0,4671600
2019-04-02,204.91,205.42999,203.59,203.88,2599500
2019-04-03,205.46001,205.7,202.89999,203.67,2864500
2019-04-04,203.25999,204.94,202.78999,204.10001,2436500
2019-04-05,204.12,205.53,203.10001,205.33,3363500
2019-04-08,205.14,205.64,203.97,205.25,2624000
2019-04-09,204.84,204.97,203.59,204.92,2589700
2019-04-10,205.12,205.23,203.60001,204.52,2632200
2019-04-11,204.75999,207.089996,204.27,206.67,2988300
2019-04-12,208.080002,211.67,207.58,210.56,4778900
2019-04-15,210.52,210.55,207.75999,209.74001,2587500
2019-04-16,210.14999,211.84,210.0,211.8,2644800
2019-04-17,212.39,212.49001,209.67999,210.37,2883000
2019-04-18,210.96001,211.42999,209.73,209.99001,2590900
2019-04-22,209.5,210.37,208.88,209.49001,1929100
2019-04-23,209.5,211.88,208.89,211.61,3475400
2019-04-24,211.55,212.020004,210.23,210.57001,3208500
2019-04-25,209.62,212.67,209.34,211.95,3152100
2019-04-26,211.85001,214.22,211.81,214.22,3155400
2019-04-29,214.92,217.22,214.60001,216.58,3467600
2019-04-30,217.32001,217.32001,214.7,216.71001,3611100
2019-05-01,217.22,218.78999,216.49001,216.71001,3769200
2019-05-02,217.19,217.7,215.17,215.92999,2646700
2019-05-03,217.14,219.16,216.87,218.60001,3382600
2019-05-06,214.69,215.50999,211.53999,213.16,5657200
2019-05-07,211.34,211.60001,207.41,209.42999,5266700
2019-05-08,208.25999,211.72,207.60001,209.28999,3838200
2019-05-09,207.34,208.92,204.39,208.56,4251300
2019-05-10,207.89,209.28999,204.31,209.020004,4075700
2019-05-13,204.96001,205.91,204.3,205.0099945,5185800
2019-05-14,205.67,206.82001,203.45,203.69,4005200
2019-05-15,202.78999,204.13,201.39,202.98,4024300
2019-05-16,203.89999,206.66,203.89999,204.63,3074000
2019-05-17,203.0,205.46001,202.45,203.27,4614600
2019-05-20,202.64,203.17999,201.75,202.73,2645300
2019-05-21,203.16,203.99001,202.5,203.36,2664400
2019-05-22,202.72,203.49001,201.7,202.60001,2775700
2019-05-23,200.8,202.17999,199.32001,201.3,4737400
2019-05-24,202.12,202.12,200.78999,201.69,3314300
2019-05-28,202.050003,202.41,199.52,199.7,6914900
2019-05-29,198.95,199.49001,197.34,198.52,4625700
2019-05-30,199.059998,200.21001,198.75999,199.74001,3646300
2019-05-31,198.32001,198.83,197.080002,197.42,3685200
2019-06-03,197.62,198.92,196.89,198.56,3979000
2019-06-04,200.63,201.64999,199.57001,201.59,4112600
2019-06-05,202.38,203.35001,200.91,203.3,3210600
2019-06-06,202.89999,205.39,202.53999,204.77,3005200
2019-06-07,204.95,206.53999,204.8,205.81,2672700
2019-06-10,207.12,208.080002,206.46001,207.16,2865500
2019-06-11,208.5,208.99001,206.0,206.63,2545700
2019-06-12,206.2,206.60001,203.92,204.57001,2835900
2019-06-13,204.46001,205.75999,204.3,204.99001,2257600
2019-06-14,204.87,205.85001,203.85001,205.16,2512400
2019-06-17,205.85001,205.85001,203.16,203.48,2820000
2019-06-18,204.47,206.46001,203.98,206.0099945,3670700
2019-06-19,206.36,208.31,206.14,206.75,3320600
2019-06-20,208.50999,208.75,206.039993,208.039993,3836900
2019-06-21,208.42999,208.72,206.029999,206.21001,5994400
2019-06-24,206.39,207.59,205.96001,206.85001,3164000
2019-06-25,207.41,208.48,206.8,208.070007,3727400
2019-06-26,208.28,210.0,208.21001,208.50999,3937800
2019-06-27,208.97,212.53999,208.81,212.020004,4182500
2019-06-28,213.0,213.33,211.32001,213.17,7472400
2019-07-01,214.25,215.21001,213.21001,214.62,3462600
2019-07-02,214.38,215.59,213.39999,214.53999,3054400
2019-07-03,215.0,215.25,212.66,215.16,2489100
2019-07-05,215.13,215.77,213.89999,215.25,3324200
2019-07-08,214.0,215.8,213.91,215.13,2978400
2019-07-09,213.020004,214.92,212.97,214.75,2687000
2019-07-10,215.21001,216.58,213.77,214.029999,3705000
2019-07-11,214.31,214.55,212.98,213.17,3119600
2019-07-12,213.2,214.19,212.50999,214.10001,2360500
2019-07-15,214.44,214.44,212.82001,213.53999,2715300
2019-07-16,214.28999,215.039993,212.78,212.88,2709300
2019-07-17,212.52,212.96001,207.41,207.45,4324400
2019-07-18,207.52,209.089996,207.12,207.98,3610600
2019-07-19,208.11,208.25,205.64999,205.97,3513100
2019-07-22,205.34,206.16,204.36,204.84,3083900
2019-07-23,205.50999,206.63,204.92,206.46001,2846200
2019-07-24,205.74001,208.0099945,205.63,207.97,3105200
2019-07-25,208.37,208.37,206.53,207.89999,3022200
2019-07-26,207.82001,210.029999,206.75,209.89999,3654600
2019-07-29,210.0,210.0,208.42,208.61,2834100
2019-07-30,207.89,208.36,206.86,207.81,1977500
2019-07-31,207.8,209.5,205.3,205.42999,4631800
2019-08-01,205.63,206.98,201.49001,201.71001,4823100
2019-08-02,201.78999,204.42999,199.42,202.67,5695300
2019-08-05,199.89999,201.10001,197.16,197.73,7606200
2019-08-06,199.61,200.92999,197.89999,200.55,5500500
2019-08-07,198.56,199.3,195.39999,198.21001,5325600
2019-08-08,199.92999,200.87,198.12,200.52,4143400
2019-08-09,200.19,200.55,197.67,199.050003,4334400
2019-08-12,197.61,199.47,196.91,197.17999,2538800
2019-08-13,197.46001,201.0,196.5,198.78,3913600
2019-08-14,195.78,197.25,195.61,195.81,5838200
2019-08-15,197.080002,199.039993,196.38,198.31,4642900
2019-08-16,200.5,200.88,198.55,199.72,4786200
2019-08-19,202.72,203.10001,200.38,200.94,4216500
2019-08-20,200.27,200.28999,198.020004,198.14999,4043000
2019-08-21,199.0099945,199.77,198.71001,199.24001,3531800
2019-08-22,199.8,201.87,199.8,201.0099945,3214300
2019-08-23,200.19,200.92,195.96001,197.16,5946700
2019-08-26,198.7,200.2,197.44,200.2,3094900
2019-08-27,200.75999,201.3,198.039993,198.35001,3069000
2019-08-28,198.020004,200.57001,197.53,200.45,3404900
2019-08-29,201.71001,203.8,201.66,203.2,3328100
2019-08-30,204.020004,204.35001,202.73,203.41,3632000
2019-09-03,201.19,201.83,200.19,200.89999,3637000
2019-09-04,202.73,202.94,201.3,202.19,3209100
2019-09-05,204.13,206.22,203.77,204.24001,3968800
2019-09-06,204.44,205.14999,203.86,204.73,3409400
2019-09-09,205.50999,207.8,205.2,206.62,4565000
2019-09-10,207.31,208.31,206.13,208.31,3878300
2019-09-11,208.27,210.92999,207.53,210.91,4437300
2019-09-12,211.0,212.67999,210.72,211.37,4598400
2019-09-13,212.24001,214.58,212.22,213.61,4244700
2019-09-16,212.059998,212.10001,209.94,210.33,3472600
2019-09-17,210.35001,211.16,208.67999,210.14999,3862700
2019-09-18,209.89,211.32001,209.12,210.89999,2732800
2019-09-19,210.78,211.44,208.89999,209.22,2735500
2019-09-20,210.37,210.37,207.27,208.12,10700800
2019-09-23,207.020004,208.53,206.39999,207.96001,3075800
2019-09-24,208.17,208.89,205.74001,206.39999,3709800
2019-09-25,206.5,209.44,206.23,208.11,3291900
2019-09-26,208.19,208.19,206.35001,206.89999,2823000
2019-09-27,207.73,208.64,206.53999,207.45,2843500
2019-09-30,207.77,208.7,207.53,208.020004,3167500
2019-10-01,208.94,209.66,206.44,206.71001,3511800
2019-10-02,206.089996,206.089996,202.38,203.10001,5938500
2019-10-03,202.64999,205.089996,201.33,204.98,4307600
2019-10-04,205.089996,208.28,205.050003,208.080002,3571900
2019-10-07,207.36,209.60001,206.19,207.24001,2720600
2019-10-08,205.62,206.14,203.92999,204.089996,4185500
2019-10-09,204.94,207.23,204.73,206.69,3206900
2019-10-10,206.37,208.19,206.080002,206.86,2979200
2019-10-11,208.97,210.080002,207.73,208.080002,4408400
2019-10-14,208.0099945,208.070007,206.92999,207.91,1902600
2019-10-15,207.73,210.14999,207.57001,209.38,3055400
2019-10-16,208.37,209.97,208.37,209.28999,3233900
2019-10-17,209.25999,209.98,208.50999,208.62,3575400
2019-10-18,208.45,209.62,208.2,208.75999,3581400
2019-10-21,210.0,211.53999,209.75999,211.49001,3337300
2019-10-22,211.029999,211.97,210.47,210.62,2716800
2019-10-23,210.5,211.0099945,209.53999,210.96001,2413800
2019-10-24,211.16,211.32001,209.72,210.25999,3147200
2019-10-25,209.87,212.33,209.75,211.8,2539200
2019-10-28,212.31,213.34,212.14,212.86,3521900
2019-10-29,212.38,213.17,211.61,213.0099945,2630400
2019-10-30,212.99001,213.42999,211.67,213.25,3296900
2019-10-31,213.0099945,213.71001,211.53999,212.58,4305500
2019-11-01,213.55,216.63,213.39999,215.83,4777800
2019-11-04,217.77,218.62,216.98,217.98,4149200
2019-11-05,218.69,221.67999,218.42999,220.88,5321800
2019-11-06,221.089996,222.029999,220.11,222.0,3662900
2019-11-07,222.81,223.37,221.67,222.74001,4394900
2019-11-08,222.75,223.0,219.89,221.31,3346100
2019-11-11,220.2,221.089996,219.87,220.85001,2380400
2019-11-12,220.98,222.19,220.53999,220.89,2657700
2019-11-13,219.72,220.27,218.61,219.77,3190700
2019-11-14,219.77,219.87,217.91,219.36,2831200
2019-11-15,220.17999,220.42999,218.74001,219.74001,3477000
2019-11-18,219.95,220.050003,218.39,219.35001,3894200
2019-11-19,219.92999,220.0,218.78,219.029999,3378100
2019-11-20,218.0099945,218.37,216.0099945,217.48,4966000
2019-11-21,217.3,217.71001,216.3,216.63,3707600
2019-11-22,216.96001,217.99001,216.8,217.96001,2392800
2019-11-25,218.74001,219.39,218.25999,219.059998,3648500
2019-11-26,219.11,219.2,217.72,218.89999,3717800
2019-11-27,219.25,220.59,218.48,220.5,3945500
2019-11-29,220.5,220.58,219.83,220.3,2256500
2019-12-02,220.60001,221.38,220.11,220.33,3888100
2019-12-03,218.82001,218.89999,216.39999,218.080002,4480100
2019-12-04,217.95,218.88,217.53999,218.39999,2667700
2019-12-05,218.99001,219.75,218.050003,219.60001,2319300
2019-12-06,221.64,223.0,221.33,222.61,3447700
2019-12-09,222.71001,223.3,221.19,221.38,2601000
2019-12-10,222.070007,222.070007,220.21001,221.25999,2688900
2019-12-11,221.21001,222.64999,221.0099945,222.57001,3546600
2019-12-12,222.88,226.52,222.53,225.92,5121900
2019-12-13,225.92,226.5,223.96001,225.37,3160500
2019-12-16,226.77,227.81,226.28999,226.85001,4278800
2019-12-17,227.27,228.23,226.55,227.050003,4867400
2019-12-18,227.059998,227.2,224.89,225.0099945,5962300
2019-12-19,224.66,225.66,224.16,225.21001,4432600
2019-12-20,226.24001,227.8,225.56,226.31,11572200
2019-12-23,226.61,226.67,224.92999,225.48,3504100
2019-12-24,225.24001,225.64999,224.88,225.47,961100
2019-12-26,225.92,226.50999,225.64,226.45,1725700
2019-12-27,226.86,226.97,225.57001,226.14,2769400
2019-12-30,226.14,226.60001,224.67,225.75999,2769700
2019-12-31,226.16,226.72,225.14,226.5,3145200
2020-01-02,227.50999,228.39,226.71001,228.39,3764000
2020-01-03,225.69,227.42999,225.48,226.17999,3023900
2020-01-06,224.99001,227.13,224.7,226.99001,4263000
2020-01-07,227.25999,227.25999,225.44,225.92,3517000
2020-01-08,226.029999,227.84,225.87,225.99001,3780300
2020-01-09,226.92,228.85001,226.92,228.64999,3497300
2020-01-10,228.5,228.53,226.59,226.62,2572900
2020-01-13,227.050003,228.47,226.13,228.45,3286700
2020-01-14,227.85001,228.39,226.88,227.17,3355400
2020-01-15,226.8,228.64,226.78,228.35001,2662500
2020-01-16,229.34,230.029999,228.52,229.73,3036400
2020-01-17,230.13,231.61,229.55,230.2,6603800
2020-01-21,229.85001,231.13,227.95,228.63,5840700
2020-01-22,229.0,230.38,228.41,229.53999,3164300
2020-01-23,229.42999,229.77,227.35001,229.38,4750000
2020-01-24,229.39999,229.41,226.039993,226.86,4022500
2020-01-27,223.7,223.89999,221.11,222.45,5454000
2020-01-28,223.44,225.35001,223.16,224.029999,3609300
2020-01-29,224.75,226.39999,224.31,224.5,2310400
2020-01-30,223.11,228.080002,222.48,227.88,3350900
2020-01-31,226.49001,226.97,223.42999,224.42999,3948200
2020-02-03,225.48,226.32001,223.0,223.47,3525000
2020-02-04,226.14999,226.94,224.78999,225.080002,3642600
2020-02-05,226.91,228.67999,226.75,228.64999,3360500
2020-02-06,229.56,230.080002,228.53,229.61,2799400
2020-02-07,228.070007,228.62,226.67,227.38,2882800
2020-02-10,227.17,227.75,225.13,227.11,2944600
2020-02-11,228.59,228.59,227.020004,227.33,2916400
2020-02-12,227.60001,228.84,226.91,227.44,3785200
2020-02-13,226.53,227.39999,226.10001,226.47,2838500
2020-02-14,226.49001,227.14,225.52,226.8,2506200
2020-02-18,226.39,227.38,225.27,226.77,3153000
2020-02-19,227.67999,229.71001,226.92999,229.24001,3187000
2020-02-20,229.75999,229.78999,227.14999,228.17,3547700
2020-02-21,227.53,230.070007,226.98,229.33,4699100
2020-02-24,221.31,223.94,220.27,221.69,7932400
2020-02-25,222.2,223.24001,216.75999,218.050003,8558600
2020-02-26,219.64999,220.63,215.94,216.059998,6901700
2020-02-27,212.89999,214.38,207.28,207.67,10941800
2020-02-28,201.92,206.44,199.67999,206.34,15147200
2020-03-02,207.25,218.8,204.42999,217.63,10395800
2020-03-03,217.39,218.14999,206.2,208.81,10716100
2020-03-04,212.14,218.34,209.25999,217.86,7408700
2020-03-05,212.55,212.75,207.0099945,208.96001,8112700
2020-03-06,203.48,207.41,202.35001,205.98,9443500
2020-03-09,195.0,198.48,192.25999,193.13,13950500
2020-03-10,201.35001,202.86,195.050003,202.73,10929200
2020-03-11,197.32001,198.13,192.87,194.64,9573900
2020-03-12,183.60001,187.67,175.0,175.97,22293800
2020-03-13,187.45,196.5,178.41,196.39999,14859100
2020-03-16,174.0,188.38,173.62,177.77,14168600
2020-03-17,181.88,187.81,177.0,187.60001,15072400
2020-03-18,177.28999,181.39,167.0,172.44,16669300
2020-03-19,170.21001,176.17999,166.0,174.67999,12488100
2020-03-20,176.3,177.17999,167.28999,170.059998,15213600
2020-03-23,165.3,166.69,159.5,162.13,16501500
2020-03-24,170.91,179.14,169.53,178.2,14075100
2020-03-25,180.0099945,189.070007,175.17,180.47,13851200
2020-03-26,181.28999,184.96001,179.59,183.89999,14131400
2020-03-27,178.5,184.24001,176.72,179.66,10259500
2020-03-30,180.039993,184.11,178.0,183.17999,7672600
2020-03-31,182.050003,186.17,180.57001,182.83,8996800
2020-04-01,176.17999,178.67,174.19,175.95,8682700
2020-04-02,175.0,180.31,174.23,179.73,7271900
2020-04-03,178.59,180.22,175.44,178.34,6643700
2020-04-06,184.61,186.41,180.49001,185.24001,9935500
2020-04-07,191.99001,192.0,184.89999,185.25,8148200
2020-04-08,187.55,191.42,185.14,191.0099945,6109900
2020-04-09,194.0,197.23,191.45,193.84,10519600
2020-04-13,193.85001,193.85001,186.080002,188.77,7888600
2020-04-14,193.32001,194.16,190.82001,192.94,7032000
2020-04-15,188.56,189.59,187.47,188.57001,6138300
2020-04-16,188.89999,188.99001,185.8,187.96001,6228200
2020-04-17,192.89,192.89999,189.020004,191.2,8272200
2020-04-20,188.72,189.35001,187.3,188.75,6474700
2020-04-21,184.17,185.78,183.28,183.48,5882500
2020-04-22,186.46001,187.37,185.34,186.58,5470000
2020-04-23,186.99001,187.35001,184.5,185.63,6211900
2020-04-24,187.080002,187.28,184.42,186.52,5205500
2020-04-27,187.78,189.37,186.35001,187.46001,6622400
2020-04-28,190.53999,191.0,187.0,187.12,6674600
2020-04-29,190.64,192.67999,188.92999,189.61,7645000
2020-04-30,188.3,189.87,186.71001,187.36,8217800
2020-05-01,185.21001,185.89,181.64,182.67,7513700
2020-05-04,179.78,180.36,176.34,177.95,9448600
2020-05-05,180.050003,180.23,175.92999,176.029999,9016300
2020-05-06,176.94,177.039993,172.34,172.38,9003000
2020-05-07,173.39999,175.38,173.050003,173.48,6698000
2020-05-08,176.71001,177.25999,174.28,176.83,5793600
2020-05-11,175.23,175.96001,173.61,174.64,9235700
2020-05-12,175.2,175.71001,172.73,172.81,6470900
2020-05-13,172.0,172.61,169.44,170.57001,10258900
2020-05-14,168.8,171.39999,167.039993,170.92999,7013600
2020-05-15,169.82001,170.66,168.52,169.25,5937500
2020-05-18,174.0,176.87,172.31,175.46001,7458900
2020-05-19,174.12,174.87,172.34,172.49001,5574800
2020-05-20,174.61,176.87,174.28999,176.020004,5455600
2020-05-21,175.74001,176.64999,174.47,174.94,4059900
2020-05-22,174.86,175.12,173.21001,174.92999,3584800
2020-05-26,179.99001,181.69,178.67999,180.34,7107600
2020-05-27,184.67,185.98,183.8,185.77,7410500
2020-05-28,187.24001,187.28,183.92,185.10001,6313100
2020-05-29,183.080002,185.87,182.53,185.58,10630200
2020-06-01,185.53,185.71001,183.19,183.84,5718800
2020-06-02,183.99001,186.44,183.99001,185.94,5803000
2020-06-03,188.75,191.62,187.81,190.82001,6706700
2020-06-04,190.41,192.11,189.69,192.050003,5809800
2020-06-05,197.88,201.49001,196.22,200.66,10390400
2020-06-08,202.34,203.33,199.56,201.56,6695100
2020-06-09,197.14999,198.78999,195.83,196.070007,7711800
2020-06-10,195.85001,196.34,191.37,191.50999,7337400
2020-06-11,185.0,186.92999,177.92999,178.020004,15372400
2020-06-12,184.020004,184.020004,178.22,181.21001,9476800
2020-06-15,177.0,181.77,176.050003,181.55,8105200
2020-06-16,186.55,186.7,179.75,182.3,9407600
2020-06-17,183.029999,183.14999,180.11,180.86,6448500
2020-06-18,179.89999,181.36,179.039993,180.73,4920900
2020-06-19,183.5,183.88,179.0099945,179.72,8767900
2020-06-22,179.55,181.8,178.87,180.17,5816900
2020-06-23,181.87,182.39,180.39999,181.0099945,6378100
2020-06-24,179.61,179.64999,177.25999,177.53,8081200
2020-06-25,176.58,179.72,176.059998,178.85001,6380000
2020-06-26,176.71001,178.7,174.63,175.37,14772100
2020-06-29,175.89999,177.22,175.33,177.19,5218200
2020-06-30,176.75,179.12,176.50999,178.50999,6763800
2020-07-01,178.41,180.45,177.34,177.99001,4619800
2020-07-02,180.45,180.94,178.24001,178.83,5163100
2020-07-06,183.10001,183.52,181.59,182.72,6443300
2020-07-07,182.020004,182.49001,180.60001,181.14999,4952100
2020-07-08,180.42,182.31,179.77,181.2,5547800
2020-07-09,181.78999,181.88,177.77,178.8,5420600
2020-07-10,178.25999,182.96001,178.089996,182.89999,5482300
2020-07-13,183.81,185.82001,183.31,184.13,7885600
2020-07-14,182.42,190.080002,182.42,189.71001,14683400
2020-07-15,192.64,193.050003,188.75,190.56,7558200
2020-07-16,188.32001,191.92999,188.32001,191.0099945,4771300
2020-07-17,191.77,192.12,190.47,190.75999,5186800
2020-07-20,190.020004,191.23,189.48,190.48,4089400
2020-07-21,190.39999,193.45,190.39999,192.27,5256300
2020-07-22,191.78,192.24001,190.63,192.10001,4182700
2020-07-23,191.71001,193.39,191.48,193.25,6036800
2020-07-24,193.25,196.28,193.050003,194.52,5140800
2020-07-27,193.83,193.99001,191.77,192.14,4309100
2020-07-28,190.89999,194.46001,190.61,194.12,4412300
2020-07-29,194.029999,196.67,193.73,196.41,4067300
2020-07-30,193.42999,194.57001,192.25,194.3,4819600
2020-07-31,195.059998,196.0,193.33,195.78,5936500
2020-08-03,197.28,200.67999,196.0,199.25999,6251000
2020-08-04,198.97,200.31,198.11,200.24001,3838800
2020-08-05,201.44,204.69,201.0,203.62,5184500
2020-08-06,203.0,205.39,202.7,205.020004,3380700
2020-08-07,204.2,209.75,204.0,209.48,6186000
2020-08-10,211.34,212.92,209.39999,212.58,6633800
2020-08-11,214.74001,215.60001,212.24001,212.66,5688200
2020-08-12,213.10001,214.39,212.31,213.24001,4791900
2020-08-13,212.92999,213.33,211.66,211.98,4535600
2020-08-14,211.039993,211.97,210.25,210.96001,3441500
2020-08-17,210.050003,210.82001,206.34,206.78,5484400
2020-08-18,206.95,209.75999,206.8,208.33,3500100
2020-08-19,209.19,210.21001,206.66,207.21001,5829000
2020-08-20,205.17,206.78999,204.50999,206.12,4133800
2020-08-21,205.52,208.39999,205.52,207.42999,4785300
2020-08-24,209.23,213.3,208.91,212.61,5039500
2020-08-25,213.56,214.0,212.85001,213.35001,3675900
2020-08-26,212.98,215.83,212.3,214.66,4639000
2020-08-27,214.99001,217.98,214.75999,216.87,4814200
2020-08-28,217.50999,218.81,215.73,218.55,4290400
2020-08-31,218.62,219.45,217.64999,218.039993,6131900
2020-09-01,216.92,218.59,216.62,218.55,4134300
2020-09-02,218.13,222.089996,218.13,221.67999,5493900
2020-09-03,222.0,223.24001,216.42999,218.14999,7084700
2020-09-04,219.95,221.48,215.059998,218.32001,6041400
2020-09-08,217.28,219.19,215.34,217.8,7001200
2020-09-09,218.95,221.62,218.52,219.63,5417000
2020-09-10,220.53999,220.67999,217.14999,217.8,3837300
2020-09-11,218.0,219.27,216.92,217.92999,3437100
2020-09-14,219.0,221.32001,218.3,219.94,4068800
2020-09-15,220.080002,221.57001,218.45,218.94,3855800
2020-09-16,220.28,222.25999,219.19,219.59,5658400
2020-09-17,218.46001,218.67999,216.5,218.050003,6940800
2020-09-18,219.080002,221.0099945,217.83,218.21001,11862200
2020-09-21,214.0,215.45,208.73,213.020004,8341400
2020-09-22,212.53999,214.75,211.7,214.16,5289400
2020-09-23,213.94,214.88,209.38,209.61,4421200
2020-09-24,209.14,210.23,206.58,208.72,3962000
2020-09-25,207.0,211.11,206.82001,210.45,3562400
2020-09-28,213.22,215.47,212.020004,213.53999,5042800
2020-09-29,213.59,213.59,210.24001,210.44,4036900
2020-09-30,211.11,213.7,210.75,212.94,5821800
2020-10-01,214.3,214.39,210.62,212.020004,4758500
2020-10-02,209.84,213.67999,209.53,211.17999,4420000
2020-10-05,213.089996,213.89999,212.050003,212.36,3648500
2020-10-06,212.64999,213.48,209.64999,210.25999,5313600
2020-10-07,212.33,214.67,211.36,213.28999,3758500
2020-10-08,214.39,215.69,213.44,215.14999,3611100
2020-10-09,215.88,216.28999,214.16,215.67999,3090700
2020-10-12,216.74001,217.42999,215.12,216.41,3902000
2020-10-13,215.75999,216.38,212.0,212.31,4848700
2020-10-14,212.020004,212.35001,210.53999,210.91,5026300
2020-10-15,209.27,211.99001,208.22,211.64999,3063200
2020-10-16,211.84,213.83,211.81,211.91,3630400
2020-10-19,212.16,212.32001,208.2,208.99001,3410900
2020-10-20,209.63,211.45,209.41,210.059998,3888500
2020-10-21,208.97,211.38,208.61,210.17999,3192000
2020-10-22,209.63,211.78,209.23,211.61,2949900
2020-10-23,212.42999,213.87,211.73,212.71001,2830800
2020-10-26,209.64,210.25999,207.0,208.49001,4714100
2020-10-27,208.0,208.48,206.58,206.88,3037800
2020-10-28,202.67999,203.88,199.78999,200.7,7533600
2020-10-29,200.029999,202.96001,197.81,201.50999,5224400
2020-10-30,200.50999,202.27,198.7,201.89999,5754000
2020-11-02,204.84,206.17999,203.059998,204.31,5937500
2020-11-03,206.92999,209.8,206.36,206.63,5469900
2020-11-04,206.59,210.14999,204.78,206.17,5974400
2020-11-05,208.69,210.86,206.97,207.45,5933800
2020-11-06,208.45,210.25999,207.59,208.85001,4305600
2020-11-09,221.97,225.23,218.0099945,221.5,11340800
2020-11-10,221.82001,228.61,220.94,228.48,7057300
2020-11-11,228.5,228.98,225.47,227.37,4786100
2020-11-12,225.0099945,225.88,223.17999,224.72,5109800
2020-11-13,226.5,228.14999,225.28999,227.42,4789500
2020-11-16,230.58,233.46001,229.86,233.10001,5766600
2020-11-17,231.92999,234.97,230.0099945,233.16,5038400
2020-11-18,233.57001,234.48,230.0,230.070007,4740600
2020-11-19,229.67,229.97,227.62,229.53,4621800
2020-11-20,228.78,229.72,226.77,227.0099945,4027300
2020-11-23,229.77,230.5,228.039993,229.53999,3630100
2020-11-24,232.45,234.99001,231.24001,233.92,4712500
2020-11-25,233.92,234.0,232.0099945,233.13,3249600
2020-11-27,233.10001,234.17,230.45,231.55,1935800
2020-11-30,231.19,231.28999,228.17,228.91,5989000
2020-12-01,230.23,231.98,229.34,229.67999,4442400
2020-12-02,229.8,230.59,228.31,230.42,4679100
2020-12-03,230.0,231.5,228.87,231.020004,4694500
2020-12-04,230.24001,231.89,230.24001,231.35001,4749600
2020-12-07,231.25999,231.25999,228.10001,229.24001,4649300
2020-12-08,227.46001,228.74001,226.61,228.19,4587200
2020-12-09,228.57001,228.89999,226.64,227.50999,4873800
2020-12-10,226.45,227.87,225.73,227.35001,4567400
2020-12-11,225.2,226.73,224.60001,226.39,4028100
2020-12-14,227.67999,228.059998,222.36,222.85001,6541600
2020-12-15,224.83,225.86,222.73,224.38,5168000
2020-12-16,225.48,225.48,221.82001,221.91,7537400
2020-12-17,222.50999,225.020004,221.67,224.67999,7388000
2020-12-18,224.78999,225.2,221.67999,223.42999,20663300
2020-12-21,222.020004,224.2,221.25999,223.49001,7372500
2020-12-22,223.58,223.75,221.75999,221.88,6157300
2020-12-23,222.63,224.91,222.61,224.24001,4983900
2020-12-24,224.60001,227.13,224.21001,226.53,2387000
2020-12-28,228.089996,230.14999,227.36,228.41,3505500
2020-12-29,230.5,231.10001,229.10001,229.57001,3799500
2020-12-30,229.53999,230.59,229.080002,229.64999,3257400
2020-12-31,229.28,232.28,228.89,231.87,4228100
2021-01-04,231.73,231.87,226.85001,228.45,7404900
2021-01-05,228.21001,230.10001,226.85001,227.47,5524900
2021-01-06,229.49001,232.67999,227.55,230.27,9009400
2021-01-07,232.78,233.96001,231.33,232.88,4691600
2021-01-08,233.53999,234.60001,231.72,234.029999,4850400
2021-01-11,231.22,233.92,231.020004,233.42999,3882000
2021-01-12,233.31,233.98,231.7,233.029999,5616600
2021-01-13,232.0,234.95,231.71001,234.50999,3827500
2021-01-14,234.78999,235.7,233.84,235.020004,4528700
2021-01-15,234.10001,234.59,231.91,233.49001,5225000
2021-01-19,234.64,236.24001,231.7,234.55,5502100
2021-01-20,234.0,235.2,233.24001,234.75999,4876200
2021-01-21,235.22,236.2,234.080002,234.16,4317300
2021-01-22,232.5,233.83,232.21001,232.92,4465000
2021-01-25,231.67,233.52,230.45,233.0099945,5097700
2021-01-26,233.0,233.5,231.33,231.57001,3944800
2021-01-27,230.0,230.0,226.10001,227.36,8227100
2021-01-28,229.75999,233.50999,228.16,230.95,5943500
2021-01-29,229.45,229.97,227.21001,227.87,6387300
2021-02-01,229.97,230.5,228.039993,229.32001,4068200
2021-02-02,231.21001,233.42999,230.67,232.24001,5300300
2021-02-03,232.39999,233.16,231.28,232.67999,3805600
2021-02-04,232.84,235.91,232.41,235.77,4438400
2021-02-05,236.98,236.98,234.83,235.16,3812200
2021-02-08,236.0,237.56,235.35001,237.42,3327300
2021-02-09,237.070007,240.78,235.66,239.91,4773400
2021-02-10,241.42999,241.52,239.039993,239.92,3822600
2021-02-11,239.36,240.44,238.88,239.75999,2908500
2021-02-12,238.070007,242.75999,238.029999,242.46001,3421800
2021-02-16,244.14,247.25999,242.82001,245.28,4722200
2021-02-17,244.14,246.19,244.0,245.25,3909500
2021-02-18,244.73,245.49001,241.67,243.5,4031000
2021-02-19,244.2,244.95,241.36,241.85001,4252400
2021-02-22,240.89,245.98,240.8,244.97,4009100
2021-02-23,245.56,246.57001,243.28999,245.53,5454900
2021-02-24,245.14999,249.55,245.14999,248.45,5105900
2021-02-25,248.070007,250.56,242.92999,243.69,6455200
2021-02-26,245.14999,245.14999,240.25,240.50999,8085300
2021-03-01,246.86,250.55,246.089996,249.21001,6332300
2021-03-02,249.12,251.34,248.37,249.22,4684500
2021-03-03,249.73,254.81,249.28999,251.55,6088300
2021-03-04,251.080002,252.55,243.23,245.48,7827000
2021-03-05,248.89,253.45,247.33,253.14999,6397000
2021-03-08,255.60001,260.23001,253.73,257.60999,7124300
2021-03-09,258.54999,262.94,255.61,259.019989,8259300
2021-03-10,260.29999,267.5,259.64001,263.98999,8939300
2021-03-11,264.22,264.79999,260.42001,260.91,5917600
2021-03-12,262.39999,264.64999,259.67001,260.019989,4495400
2021-03-15,260.31,260.44,253.52,254.61,6973400
2021-03-16,254.53,254.53,249.82001,251.5,67200
2021-03-17,252.020004,254.28,250.66,252.0,67700
2021-03-18,253.75999,255.64,251.38,252.46001,5547300
2021-03-19,252.31,252.5,248.52,250.99001,16635400
2021-03-22,250.60001,251.67,248.86,250.36,5370400
2021-03-23,250.2,251.17,247.71001,248.31,4622400
2021-03-24,249.55,251.89,248.5,249.63,4165000
2021-03-25,249.38,251.53,246.78999,250.75,5500000
2021-03-26,252.75,257.39001,252.42,256.76999,5799100
2021-03-29,253.92999,260.049988,253.3,258.82001,6642600
2021-03-30,259.94,261.0,257.23999,258.19,3878000
2021-03-31,256.85999,257.67999,255.17,255.47,6578100
2021-04-01,255.74001,258.47,254.8,258.20001,5573400
2021-04-05,260.019989,263.35001,260.0,262.66,5049600
2021-04-06,262.85999,263.34,261.94,263.059998,3060600
2021-04-07,262.98999,264.34,262.39999,263.62,3582700
2021-04-08,262.72,263.92999,261.91,263.51001,3113300
2021-04-09,264.22,266.23999,263.35001,266.01001,6052500
2021-04-12,266.53,268.34,266.53,267.92999,4292900
2021-04-13,267.42001,268.20001,266.049988,267.10001,3556600
2021-04-14,267.31,268.44,267.14999,267.53,3119900
2021-04-15,268.059998,269.28,266.39001,269.14001,3919200
2021-04-16,270.47,272.97,270.10999,272.10999,4710300
2021-04-19,272.29999,272.92001,268.85001,270.28,4235500
2021-04-20,268.53,269.31,266.79999,267.89001,3740800
2021-04-21,267.79999,272.45999,267.75,272.20999,3897100
2021-04-22,272.040009,272.079987,268.78,269.51001,3732100
2021-04-23,269.85999,272.69,269.56,271.98001,3684100
2021-04-26,272.28,273.98001,270.63,270.85999,3569100
2021-04-27,271.070007,274.16,270.049988,273.64999,3173400
2021-04-28,273.54001,273.95999,272.13,272.95001,3176000
2021-04-29,274.47,277.79001,274.35001,277.60001,4540300
2021-04-30,276.29001,277.41,274.20999,274.95001,5212400
2021-05-03,278.54999,281.12,277.67001,279.17999,5184000
2021-05-04,278.54001,280.79999,276.78,280.26001,4465500
2021-05-05,282.51999,284.23999,282.12,282.76001,4348100
2021-05-06,284.69,290.0,284.049988,289.70999,5962900
2021-05-07,289.97,291.070007,287.76999,290.92999,6099200
2021-05-10,292.35001,295.079987,292.070007,292.32999,4537800
2021-05-11,289.84,290.51001,284.29001,285.63,6813500
2021-05-12,285.45999,286.12,282.54999,282.91,5308800
2021-05-13,282.91,288.37,282.85001,286.89999,5244100
2021-05-14,288.67001,291.38,288.67001,290.67999,4260600
2021-05-17,289.98999,290.47,288.070007,289.22,3883300
2021-05-18,290.20001,290.31,287.23999,287.59,4356300
2021-05-19,284.10999,286.56,282.57001,286.22,5271300
2021-05-20,288.41,289.14001,285.89999,286.73001,4141600
2021-05-21,287.12,289.35001,286.75,287.73999,4230700
2021-05-24,289.10999,290.41,287.91,289.73001,3973300
2021-05-25,290.19,291.60001,287.10999,287.20001,4752300
2021-05-26,289.64001,289.64001,285.75,287.32999,4756300
2021-05-27,288.57001,289.98999,286.57001,289.29999,6602100
2021-05-28,289.67999,290.45999,288.23001,289.44,4522500
2021-06-01,291.51999,292.070007,288.81,289.84,3335800
2021-06-02,290.85001,290.89999,289.22,290.019989,3517100
2021-06-03,288.35999,293.26999,288.28,291.97,4099400
2021-06-04,292.91,293.079987,291.45001,292.51999,3271100
2021-06-07,292.56,292.57999,288.84,289.45999,4441000
2021-06-08,289.17999,289.89999,285.70001,289.19,5035900
2021-06-09,288.88,289.089996,287.049988,288.57999,3501800
2021-06-10,289.88,290.81,284.67999,284.91,4039200
2021-06-11,285.45001,287.35999,285.019989,286.82001,3524200
2021-06-14,286.66,286.85001,281.51999,283.53,6100500
2021-06-15,284.45999,284.95999,282.64999,283.94,3758700
2021-06-16,283.73001,284.79999,281.079987,283.10999,5626800
2021-06-17,284.29001,284.5,277.56,278.69,7134200
2021-06-18,276.5,276.98001,272.45999,274.040009,12565800
2021-06-21,275.62,278.85001,275.42999,277.10001,5482700
2021-06-22,277.57001,277.70999,275.92999,276.92001,5224700
2021-06-23,276.89001,277.0,274.54999,274.66,4533100
2021-06-24,275.0,276.57999,274.049988,275.48999,5453900
2021-06-25,276.37,279.31,275.35001,278.38,5577100
2021-06-28,278.82001,279.059998,275.60001,276.60999,4024600
2021-06-29,276.69,277.98001,275.25,276.20999,4470500
2021-06-30,275.89001,278.44,275.66,277.92001,4474100
2021-07-01,278.20001,280.29999,277.54999,280.17001,3647200
2021-07-02,281.41,281.41,278.57001,279.12,3682800
2021-07-06,278.28,278.28,275.10001,277.32001,4401500
2021-07-07,275.98999,279.69,275.79999,279.23999,4412600
2021-07-08,276.98999,277.73999,273.16,274.10001,5370500
2021-07-09,276.029999,280.88,275.73999,280.48999,4896000
2021-07-12,279.049988,282.22,278.26999,280.10999,4282500
2021-07-13,280.10999,280.41,278.35999,279.20999,3136300
2021-07-14,279.070007,280.76001,277.76999,278.31,4108000
2021-07-15,277.13,280.64001,277.089996,279.72,3274700
2021-07-16,280.92999,280.92999,277.22,277.89999,3436100
2021-07-19,274.20999,275.5,270.73001,272.66,5231900
2021-07-20,272.66,277.81,272.0,276.89001,4737000
2021-07-21,277.64001,280.92001,277.63,279.88,3435900
2021-07-22,278.59,279.26999,277.42001,277.70001,2565700
2021-07-23,279.049988,279.92001,277.73999,278.48999,3217500
2021-07-26,277.78,280.25,277.78,278.79999,2423800
2021-07-27,278.070007,281.089996,276.91,280.78,3390300
2021-07-28,280.79999,280.98001,277.60001,278.10001,3794000
2021-07-29,279.29001,281.23999,279.079987,279.76001,3543600
2021-07-30,280.01001,281.079987,277.60001,278.29001,3607400
2021-08-02,279.31,281.98001,277.73001,278.14001,3091200
2021-08-03,279.049988,282.51001,276.76999,281.79999,3630600
2021-08-04,280.17001,280.92001,278.64001,278.78,3024600
2021-08-05,280.16,282.0,278.32999,280.20999,3584900
2021-08-06,281.82001,285.82999,281.5,285.63,4831900
2021-08-09,287.85999,288.73001,286.059998,287.23001,3676500
2021-08-10,287.01001,289.059998,286.0,288.94,3134100
2021-08-11,289.45001,291.82001,288.82999,291.28,3475100
2021-08-12,291.81,291.81,288.92999,290.23999,3170300
2021-08-13,290.60999,291.049988,287.12,287.89001,3115200
2021-08-16,287.0,289.48999,285.20999,289.45001,3562300
2021-08-17,288.53,290.76999,287.60001,289.10001,3626300
2021-08-18,289.0,290.070007,285.95001,286.35999,3880500
2021-08-19,284.95999,287.14999,283.98001,285.13,3393100
2021-08-20,284.95999,285.92001,283.95001,285.26999,2846100
2021-08-23,287.38,287.38,285.39001,285.62,2956500
2021-08-24,286.01001,286.57999,284.17999,286.019989,3185000
2021-08-25,286.20001,288.56,285.22,287.29999,2973300
2021-08-26,288.16,288.17001,284.98999,285.26999,3340300
2021-08-27,285.62,286.70999,285.12,286.60001,3484400
2021-08-30,286.29999,287.040009,285.019989,285.66,3505200
2021-08-31,285.28,286.32999,284.76001,285.76999,6497800
2021-09-01,286.59,287.14001,284.85001,285.26001,3323200
2021-09-02,285.35001,286.44,284.20999,285.049988,3969800
2021-09-03,284.29999,284.82001,281.70999,281.89001,4495100
2021-09-07,281.91,281.91,278.73001,278.89999,4863900
2021-09-08,278.17999,279.95001,277.59,279.34,4646800
2021-09-09,278.91,280.10999,278.37,278.60999,3683700
2021-09-10,279.97,279.97,277.48999,277.60001,4552300
2021-09-13,278.35999,280.84,277.82001,279.92001,4601900
2021-09-14,280.54001,280.78,276.35999,277.20001,5283200
2021-09-15,277.60001,279.059998,276.67001,278.17999,3883500
2021-09-16,278.95999,279.20999,276.20999,277.51001,4210000
2021-09-17,277.64001,281.0,275.42001,276.76001,15863300
2021-09-20,273.049988,274.91,271.35999,274.20001,7644000
2021-09-21,276.029999,276.22,272.59,273.17999,4648400
2021-09-22,276.28,276.60999,273.67001,274.070007,5018400
2021-09-23,275.14999,279.70001,275.01001,278.12,4731600
2021-09-24,278.29999,279.13,277.41,277.87,3106100
2021-09-27,279.76999,280.63,278.12,279.72,3358400
2021-09-28,279.14001,281.38,275.82001,276.79001,4959500
2021-09-29,277.029999,278.78,275.95001,277.29001,2952000
2021-09-30,278.37,278.37,272.84,272.94,5187900
2021-10-01,273.019989,277.51001,272.22,275.70999,3950700
2021-10-04,274.67999,276.95999,273.049988,273.64001,4307000
2021-10-05,273.85999,279.67001,273.20001,278.049988,5069400
2021-10-06,276.28,280.39001,274.60999,280.22,3866100
2021-10-07,282.14001,284.98999,282.14001,282.95001,3794200
2021-10-08,282.59,284.72,281.70999,284.14001,2299900
2021-10-11,284.42999,285.60999,280.79999,280.92999,2907900
2021-10-12,281.45999,281.51999,278.20999,278.62,3770800
2021-10-13,278.47,279.41,275.54999,277.89999,3311400
2021-10-14,280.81,282.38,279.29999,281.64001,3646400
2021-10-15,283.94,284.97,282.26999,284.20999,4313700
2021-10-18,282.82999,283.51001,281.57001,282.59,3551500
2021-10-19,283.60001,285.14999,283.049988,284.82999,2682700
2021-10-20,284.34,287.70001,284.32001,287.48999,3147600
2021-10-21,286.98999,287.28,285.25,286.82001,2488800
2021-10-22,287.66,289.79999,286.23999,289.23999,3406500
2021-10-25,289.70001,290.47,287.60001,290.26001,3142900
2021-10-26,290.64999,292.22,290.29999,290.85001,3872300
2021-10-27,290.85001,290.95001,287.64001,287.78,3691500
2021-10-28,288.20999,289.85999,287.20001,289.72,3300100
2021-10-29,288.81,290.0,286.73999,287.01001,4420300
2021-11-01,288.049988,288.42001,285.62,286.23999,2889500
2021-11-02,286.60999,288.5,285.22,287.92999,3838300
2021-11-03,287.20999,288.88,286.13,288.72,2773100
2021-11-04,289.13,289.13,285.25,287.69,3426300
2021-11-05,288.82999,290.70001,286.82001,287.88,3581100
2021-11-08,290.0,295.64999,288.60999,288.79999,4721000
2021-11-09,288.79001,288.98999,285.29999,286.35001,3587200
2021-11-10,286.48999,287.23999,284.51999,285.32001,3421700
2021-11-11,286.5,287.070007,284.25,284.64999,2861000
2021-11-12,284.88,286.10001,283.79999,285.98999,2917000
2021-11-15,286.60001,286.98999,284.23999,284.67001,3217300
2021-11-16,284.47,285.16,283.12,283.35999,4204200
2021-11-17,283.12,283.12,280.89999,281.59,3740800
2021-11-18,281.10001,281.75,279.25,280.63,3338000
2021-11-19,280.95999,280.97,278.01001,279.98999,4529200
2021-11-22,280.73001,286.44,280.01001,284.97,5036000
2021-11-23,285.14999,288.73001,285.049988,288.56,4490100
2021-11-24,287.44,288.32001,286.089996,287.28,4924100
2021-11-26,280.28,284.70999,279.76001,283.089996,4440700
2021-11-29,284.0,284.98001,281.42001,282.12,5390900
2021-11-30,279.94,280.20001,275.89001,276.69,9925300
2021-12-01,279.54001,281.72,274.79001,275.0,5165100
2021-12-02,276.67999,280.37,275.29001,279.089996,4924800
2021-12-03,278.70999,279.97,275.26999,277.42999,5925000
2021-12-06,278.73001,283.17001,278.73001,281.38,5524200
2021-12-07,282.42001,285.41,282.12,284.97,5766000
2021-12-08,284.97,285.97,282.28,283.72,3255700
2021-12-09,283.76999,284.95001,281.78,284.51999,3445500
2021-12-10,285.48999,288.5,284.23001,288.23001,4109800
2021-12-13,288.5,291.57999,285.84,290.01001,4887500
2021-12-14,289.67001,296.41,289.67001,295.029999,5992200
2021-12-15,295.82001,296.5,292.81,294.57999,5598200
2021-12-16,296.88,301.57999,295.10001,300.17001,6538100
2021-12-17,297.85001,298.0,292.35001,293.66,12719500
2021-12-20,290.76999,291.57999,287.59,289.60999,5456200
2021-12-21,292.14001,295.41,291.5,293.23999,3929100
2021-12-22,292.85999,294.57001,291.73999,294.41,2445600
2021-12-23,295.22,296.78,294.20999,294.48999,2898200
2021-12-27,295.25,296.69,294.45999,296.67001,2807200
2021-12-28,296.95999,299.79001,296.79999,298.29001,2572900
2021-12-29,299.23001,300.64999,298.85999,299.45999,2687300
2021-12-30,300.88,301.64999,299.73999,299.98001,2300000
2021-12-31,299.94,300.69,298.84,299.0,2932200
2022-01-03,300.10001,301.29999,299.20001,300.79001,3570300
2022-01-04,301.64999,309.20999,301.64999,308.53,6003300
2022-01-05,309.87,314.48001,309.5,309.92001,6888300
2022-01-06,312.98001,314.10999,310.22,313.22,5137200
2022-01-07,315.56,320.20001,314.14001,319.78,5618300
2022-01-10,321.39999,322.10001,315.12,318.92999,5812300
2022-01-11,318.60999,320.0,315.040009,319.79999,4247900
2022-01-12,320.62,321.049988,317.26001,320.39001,3580400
2022-01-13,321.0,323.47,320.10001,321.26001,4277900
2022-01-14,318.87,324.39999,316.5,324.13,4913700
2022-01-18,322.22,323.29001,318.070007,320.29001,5764200
2022-01-19,321.35001,321.35001,314.57999,314.75,6086400
2022-01-20,315.57999,317.17999,310.67999,311.01001,4402300
2022-01-21,309.98999,311.019989,304.14001,305.22,6535400
2022-01-24,299.70001,304.73001,296.079987,303.73001,8504200
2022-01-25,301.87,309.13,294.81,307.19,6435400
2022-01-26,310.39999,313.32999,306.57001,309.26001,6119400
2022-01-27,311.70001,315.92001,305.31,307.67001,5053200
2022-01-28,307.67999,313.29001,304.070007,312.89999,5238200
2022-01-31,312.0,313.29999,307.84,313.019989,5237600
2022-02-01,312.64001,314.60001,310.31,313.95999,4347200
2022-02-02,313.57001,320.16,313.0,319.60001,4632200
2022-02-03,319.32999,319.64999,314.60999,315.23001,4151500
2022-02-04,315.87,317.84,312.70001,314.98999,3654700
2022-02-07,314.91,318.22,312.059998,316.51001,3129100
2022-02-08,318.26999,322.64999,316.0,321.44,6237800
2022-02-09,323.79999,325.63,321.54001,322.38,3995900
2022-02-10,320.98999,322.45999,318.48999,319.85001,7079700
2022-02-11,320.01001,323.12,317.73999,319.14001,7493400
2022-02-14,319.60999,320.42999,312.17001,314.28,8129100
2022-02-15,316.64001,317.94,314.69,316.20001,3681400
2022-02-16,315.0,316.89999,314.28,315.64999,3974100
2022-02-17,314.98001,315.44,312.29999,313.54999,3632400
2022-02-18,313.82999,315.67999,313.079987,314.79999,4224500
2022-02-22,313.44,315.42999,310.54999,314.16,5102000
2022-02-23,316.079987,316.79999,309.38,309.98999,5030600
2022-02-24,301.78,308.81,299.51001,308.28,8834700
2022-02-25,311.16,321.42999,310.78,319.23999,7484400
2022-02-28,317.35001,322.0,315.19,321.45001,7981000
2022-03-01,320.26001,321.20001,313.59,316.84,6441400
2022-03-02,319.48001,325.75,318.12,323.64001,4506100
2022-03-03,326.63,329.47,323.89001,327.73999,4594300
2022-03-04,322.66,325.60999,320.12,325.34,4901900
2022-03-07,325.67999,326.44,320.35001,322.72,5875800
2022-03-08,325.29999,327.29001,318.029999,318.51999,7905000
2022-03-09,326.59,327.47,322.57999,325.39999,5874500
2022-03-10,322.48999,325.70001,321.57999,325.29999,3843600
2022-03-11,326.53,331.48999,326.23001,326.60001,5135700
2022-03-14,328.64999,333.48001,327.64999,329.98001,5967200
2022-03-15,332.70001,334.57999,329.38,332.54999,6928300
2022-03-16,335.10999,337.34,331.70999,336.10999,5925800
2022-03-17,337.0,345.13,336.20001,344.97,7219800
2022-03-18,344.12,346.87,339.26999,342.41,8881500
2022-03-21,344.98999,351.20999,344.29999,349.66,6298300
2022-03-22,351.01001,354.95001,348.89999,349.92999,5772700
2022-03-23,349.13,350.79001,346.25,348.16,5642400
2022-03-24,351.5,352.57001,349.13,352.37,3946300
2022-03-25,353.89999,359.01001,353.60001,358.76001,4583000
2022-03-28,360.59,361.38,355.53,359.57001,4172900
2022-03-29,361.39001,362.10001,352.54999,355.12,5004800
2022-03-30,354.66,357.85001,351.84,357.60999,3911200
2022-03-31,359.0,360.0,352.32001,352.91,6065400
2022-04-01,353.64999,354.57999,349.019989,351.88,4123800
2022-04-04,352.0,352.23999,344.31,345.42999,5090000
2022-04-05,345.76999,349.44,344.28,344.79999,4244700
2022-04-06,341.17001,346.97,340.54999,344.70999,4547400
2022-04-07,346.22,347.67001,342.39999,346.51001,3815700
2022-04-08,348.92999,353.85001,347.73001,353.10001,4490500
2022-04-11,352.98001,354.32999,349.34,352.019989,3128900
2022-04-12,352.26001,354.0,348.39001,349.73999,3548800
2022-04-13,349.45999,350.72,345.25,346.22,3434200
2022-04-14,346.16,347.56,344.14001,344.32999,3283500
2022-04-18,344.45001,347.19,343.59,346.64999,2517100
2022-04-19,347.0,349.13,345.85001,348.5,3392000
2022-04-20,350.0,350.59,347.70001,348.82001,3711200
2022-04-21,350.85999,350.85999,342.95999,343.60001,4032100
2022-04-22,342.94,343.20999,335.10999,335.56,4966500
2022-04-25,332.29999,337.85001,328.53,336.95001,5695100
2022-04-26,333.53,337.39001,330.35999,330.64999,4588900
2022-04-27,330.60001,333.14001,328.42999,329.57999,3726700
2022-04-28,331.53,332.059998,327.82999,331.26999,3845800
2022-04-29,330.19,330.64001,320.5,322.82999,5685200
2022-05-02,324.10999,324.37,311.73999,318.19,6797200
2022-05-03,319.42001,323.57999,317.67001,318.98999,3874700
2022-05-04,319.10001,327.28,318.0,326.79999,4269600
2022-05-05,325.85001,325.85001,315.16,318.67999,5257600
2022-05-06,317.98999,320.37,314.19,318.88,4198800
2022-05-09,315.35001,316.92001,311.56,312.95999,4874400
2022-05-10,315.95999,318.10999,310.23999,312.53,4798400
2022-05-11,313.17001,317.54999,311.01001,311.54001,4250700
2022-05-12,307.95001,309.070007,302.54999,308.059998,5679800
2022-05-13,311.25,312.47,307.89999,310.35999,3767500
2022-05-16,310.28,311.95001,307.13,309.29001,3697600
2022-05-17,315.20999,315.44,312.10001,314.60001,4154200
2022-05-18,312.94,314.17001,305.57001,306.64001,4417900
2022-05-19,303.92999,306.31,301.20999,304.14999,4730100
2022-05-20,307.049988,307.45999,298.10999,304.049988,5517600
2022-05-23,307.38,312.44,306.62,310.20001,4142100
2022-05-24,309.39001,310.31,303.75,309.17001,3657600
2022-05-25,308.59,310.98999,305.92001,308.64001,3704800
2022-05-26,311.26999,314.39001,310.98001,312.5,4472000
2022-05-27,314.73001,319.23999,314.14999,319.10999,4280100
2022-05-31,318.98001,318.98001,314.79999,315.98001,5675800
2022-06-01,316.0,316.79001,309.60999,312.20999,3795700
2022-06-02,312.64999,315.089996,308.60999,314.95001,3119300
2022-06-03,312.5,313.79999,310.39999,310.94,2587500
2022-06-06,313.38,315.78,311.48001,312.14999,2980900
2022-06-07,310.57999,313.79001,309.39001,313.64999,2550700
2022-06-08,312.16,312.79999,307.92999,308.73999,2877400
2022-06-09,308.10001,308.38,300.57001,300.79999,3217400
2022-06-10,296.079987,298.0,291.60999,291.70999,5882600
2022-06-13,285.42999,287.42999,280.10001,281.56,7109100
2022-06-14,282.089996,283.95999,276.10001,277.64001,5838100
2022-06-15,281.16,282.5,273.87,278.92999,5821200
2022-06-16,273.39001,273.39999,266.88,268.56,7199200
2022-06-17,268.39001,270.5,265.67999,268.079987,11562000
2022-06-21,273.85001,273.98001,270.34,271.76999,4906700
2022-06-22,267.38,273.39999,267.38,269.79001,4220700
2022-06-23,269.85001,270.70999,263.67999,267.51999,4727400
2022-06-24,268.97,279.67001,268.57001,278.28,6451900
2022-06-27,280.53,282.029999,277.60999,278.39999,4134800
2022-06-28,280.51001,282.45001,273.67999,273.85999,3868000
2022-06-29,274.95001,275.94,272.97,273.48999,2995900
2022-06-30,270.51001,274.92001,268.67999,273.019989,4623500
2022-07-01,272.5,278.39999,271.63,277.5,3667300
2022-07-05,274.20001,275.85999,271.39001,275.69,3676900
2022-07-06,274.84,277.51001,272.87,275.64999,3033900
2022-07-07,277.5,279.59,277.10001,279.28,3949700
2022-07-08,279.79001,282.60999,279.25,280.82999,2983400
2022-07-11,279.38,281.45999,277.87,278.51001,2864400
2022-07-12,277.57001,282.17999,276.64999,277.28,3033000
2022-07-13,275.37,280.089996,274.45001,277.47,4197400
2022-07-14,273.0,275.35001,271.20001,274.41,3888500
2022-07-15,277.53,280.0,276.059998,278.48001,4547400
2022-07-18,281.5,281.5,275.20999,276.26001,3273800
2022-07-19,279.0,284.079987,278.17001,283.54999,3590200
2022-07-20,284.64001,286.44,283.89999,286.040009,3877200
2022-07-21,287.0,287.23999,282.089996,286.85001,3699000
2022-07-22,288.10001,289.39999,283.62,285.92999,2876100
2022-07-25,287.20999,289.070007,285.14999,287.98999,3136300
2022-07-26,287.79001,288.70999,284.64999,285.31,2512200
2022-07-27,287.67001,291.56,285.70001,290.29999,3613200
2022-07-28,291.17999,294.029999,286.76999,293.89999,3986900
2022-07-29,297.42001,302.39999,295.42999,300.60001,6976200
2022-08-01,299.70001,299.70001,294.82999,295.85999,4192700
2022-08-02,294.87,295.53,291.92001,292.17001,3166500
2022-08-03,295.049988,295.88,291.10001,294.95999,4061400
2022-08-04,294.73001,295.98001,292.62,292.91,3946200
2022-08-05,291.87,294.10001,290.42999,292.070007,3395400
2022-08-08,294.87,299.32999,292.26999,292.34,3965600
2022-08-09,293.35001,297.57001,291.92999,292.76999,3872100
2022-08-10,296.48001,296.92999,294.10001,295.10999,3705700
2022-08-11,298.0,299.059998,296.12,296.47,3144800
2022-08-12,297.89999,301.69,297.0,301.54999,3231300
2022-08-15,298.64001,303.76001,297.39999,302.82001,2927200
2022-08-16,304.98999,308.14999,303.76001,306.64999,3342600
2022-08-17,305.22,306.89001,302.73999,304.26001,2962600
2022-08-18,304.44,304.57001,301.54999,304.26999,2783100
2022-08-19,302.95001,303.22,296.81,297.28,4613100
2022-08-22,294.0,294.47,287.85999,288.69,4713900
2022-08-23,288.85001,291.64001,288.14999,289.64999,2592100
2022-08-24,290.0,294.0,289.45999,293.51999,3266100
2022-08-25,293.70999,298.48001,292.82999,298.13,3463700
2022-08-26,299.41,299.63,289.64999,289.95999,5277200
2022-08-29,288.39999,289.82999,285.75,287.45001,3098300
2022-08-30,288.72,289.32001,284.76999,285.42001,3213700
2022-08-31,287.25,288.01001,280.44,280.79999,4999600
2022-09-01,279.95001,282.67999,277.31,282.42999,3765000
2022-09-02,284.84,285.42001,276.37,277.67001,3793600
2022-09-06,278.01001,279.48999,275.35999,276.59,4362900
2022-09-07,275.73999,281.73999,275.42001,281.040009,3509900
2022-09-08,278.57999,283.39999,277.29001,283.34,3542300
2022-09-09,284.54001,287.019989,284.13,285.76999,3125100
2022-09-12,286.70001,289.23999,286.029999,288.51001,3407900
2022-09-13,283.98999,285.14001,277.5,278.29001,4582700
2022-09-14,279.0,280.20999,275.64001,278.42001,3718400
2022-09-15,278.69,281.26999,276.35999,276.70001,3274500
2022-09-16,275.35001,276.38,273.26001,274.81,7288900
2022-09-19,272.79001,279.13,272.72,278.95001,3291500
2022-09-20,277.17001,278.040009,274.60999,277.13,3275600
2022-09-21,278.89999,278.92001,270.72,270.73999,3941800
2022-09-22,271.029999,271.5,268.26999,268.51001,4120900
2022-09-23,266.01001,268.14001,264.23999,267.76999,5175100
2022-09-26,265.82001,267.84,263.37,264.32001,4929300
2022-09-27,266.98999,267.92999,261.54999,265.47,5767700
2022-09-28,265.64999,273.60001,264.91,271.78,5941800
2022-09-29,269.89001,272.17001,265.59,269.57999,5210700
2022-09-30,269.20999,272.94,266.60001,267.019989,6057500
2022-10-03,269.51999,274.57001,267.16,272.79999,4901000
2022-10-04,277.42001,281.29999,276.60001,280.48999,4633700
2022-10-05,276.87,280.88,275.84,279.35999,3350400
2022-10-06,278.20001,279.85001,275.89999,276.31,3394000
2022-10-07,274.44,274.5,267.48001,269.040009,4270200
2022-10-10,269.89001,270.20999,265.85999,266.92999,3106500
2022-10-11,266.10001,270.97,265.60999,267.31,3442000
2022-10-12,267.31,267.51999,263.95999,264.0,3342400
2022-10-13,260.57999,276.78,259.85001,275.78,5483400
2022-10-14,277.59,279.22,271.97,272.67001,4292300
2022-10-17,276.48001,278.59,275.29999,277.019989,4452100
2022-10-18,282.73999,283.35999,279.25,281.67001,4292700
2022-10-19,280.32999,282.38,276.97,278.34,3213700
2022-10-20,278.070007,279.44,273.0,273.53,3916600
2022-10-21,273.76001,282.92001,271.45999,282.51001,4995400
2022-10-24,284.10001,289.34,283.98999,287.48001,3860000
2022-10-25,288.76999,289.87,286.88,289.23999,3171000
2022-10-26,289.75,291.79999,287.67999,288.51999,3294100
2022-10-27,290.31,294.0,288.85001,289.88,4273800
2022-10-28,292.76999,299.98001,291.48001,299.63,4627600
2022-10-31,297.98001,298.89001,294.85001,295.089996,4626400
2022-11-01,298.45001,298.87,293.040009,294.13,3837000
2022-11-02,293.040009,298.26001,289.42001,289.45999,4269000
2022-11-03,286.019989,287.47,283.45999,283.85001,3122900
2022-11-04,286.76999,289.20001,282.38,287.47,3925300
2022-11-07,290.92001,292.10001,288.64999,290.19,3522000
2022-11-08,291.10999,294.73999,289.01001,292.60999,3562200
2022-11-09,291.98001,292.39999,288.059998,288.64999,2759300
2022-11-10,297.10999,303.5,294.54001,303.20001,5693100
2022-11-11,305.56,311.32999,302.60001,309.72,6570200
2022-11-14,310.0,311.84,308.84,308.91,4637600
2022-11-15,313.67001,313.89001,307.17999,309.98001,4372400
2022-11-16,310.92999,311.54999,306.73999,308.76001,2970600
2022-11-17,305.70001,307.62,304.14999,307.44,3062200
2022-11-18,310.54999,311.20001,308.62,310.76001,3395500
2022-11-21,310.81,312.89999,308.57999,311.20001,2862000
2022-11-22,313.0,316.56,312.049988,315.76001,3172000
2022-11-23,315.39001,316.42999,314.070007,316.17999,2684900
2022-11-25,317.51999,319.12,316.17999,317.42999,1844900
2022-11-28,316.25,317.64001,312.32999,313.26999,4230700
2022-11-29,311.89001,315.29001,311.35001,315.13,3740100
2022-11-30,315.13,318.60001,308.70001,318.60001,7919700
2022-12-01,319.0,319.56,313.29999,315.84,4351600
2022-12-02,313.48999,316.38,312.75,316.14999,3025700
2022-12-05,315.22,315.66,308.73001,310.57001,3835800
2022-12-06,309.95001,310.29001,306.35001,307.78,3877400
2022-12-07,307.070007,309.38,304.92001,305.82001,4130800
2022-12-08,306.0,307.48999,305.089996,305.98999,2351700
2022-12-09,305.32001,308.34,304.70999,306.39001,3326000
2022-12-12,307.54999,311.91,305.45999,311.45001,4366700
2022-12-13,318.39999,318.91,310.82001,312.32999,5042800
2022-12-14,312.73999,316.35999,308.39999,309.29001,4056900
2022-12-15,306.42999,306.95999,299.45001,301.91,5103900
2022-12-16,299.049988,302.47,297.76001,300.0,8305700
2022-12-19,300.51001,301.48001,297.14999,300.029999,3842200
2022-12-20,300.089996,304.19,297.0,302.0,3090700
2022-12-21,304.38,308.54001,304.16,307.82001,3264600
2022-12-22,306.10001,306.5,297.64001,302.69,3560100
2022-12-23,302.88,306.57001,300.92999,306.48999,2460400
2022-12-27,306.45001,308.57999,304.64999,305.54999,2730900
2022-12-28,304.76999,307.45999,303.26001,303.42999,2628200
2022-12-29,305.94,309.38,305.23999,309.059998,2846200
2022-12-30,306.95001,309.040009,305.62,308.89999,3298300
2023-01-03,310.070007,312.39001,307.38,309.91,3549900
2023-01-04,312.0,316.89001,311.25,314.54999,5121200
2023-01-05,313.57001,314.23001,310.0,312.89999,3416300
2023-01-06,315.0,320.16,313.38,318.69,3647900
2023-01-09,319.019989,320.5,314.75,315.53,4397400
2023-01-10,315.0,316.79999,313.34,316.35001,3049100
2023-01-11,318.51999,320.57001,316.60001,320.37,2999500
2023-01-12,321.14999,321.32001,317.72,318.92999,3070300
2023-01-13,317.48999,318.42001,315.79001,317.64001,2773000
2023-01-17,318.39999,318.51999,314.25,314.85999,3478900
2023-01-18,315.0,315.54001,307.75,308.29999,3406000
2023-01-19,306.12,307.23999,303.85999,305.23001,3614600
2023-01-20,305.20999,310.01001,304.35999,309.87,3770100
2023-01-23,309.63,312.73001,306.85001,310.42001,3086700
2023-01-24,309.29999,312.82999,307.5,311.29999,2234300
2023-01-25,308.32999,312.54999,307.70999,311.89999,2299800
2023-01-26,312.98999,313.67999,309.57999,310.95001,2856600
2023-01-27,309.79001,311.73001,308.34,309.17001,3031200
2023-01-30,307.60001,309.51001,306.81,307.32999,3474600
2023-01-31,307.73999,311.85999,305.79001,311.51999,3653400
2023-02-01,309.63,312.67001,306.38,310.57001,3518300
2023-02-02,312.35001,312.60001,308.29999,311.85999,4421400
2023-02-03,311.0,311.54999,305.92001,308.51001,5385700
2023-02-06,308.25,308.79999,305.60001,308.42999,2973100
2023-02-07,307.29999,314.14999,306.63,312.97,3786700
2023-02-08,311.12,313.41,308.01001,308.48001,3370000
2023-02-09,310.17001,311.42001,306.98999,307.20999,3461200
2023-02-10,307.079987,309.98001,305.28,309.89001,2808000
2023-02-13,310.29999,313.73999,309.62,313.73999,3261500
2023-02-14,313.78,314.10001,309.040009,310.79001,2907100
2023-02-15,309.98001,310.37,308.28,309.63,2410700
2023-02-16,307.57999,310.20001,306.87,308.17999,2801700
2023-02-17,307.14999,308.41,305.48001,308.23999,2720500
2023-02-21,306.17001,307.29999,300.5,302.72,4131100
2023-02-22,303.20001,305.26999,301.76999,303.16,2899500
2023-02-23,305.01001,305.56,300.25,303.070007,2736400
2023-02-24,300.39999,305.62,300.01001,304.019989,3656200
2023-02-27,304.37,305.78,302.01001,304.66,3652200
2023-02-28,304.89001,306.14999,303.41,305.17999,4736800
2023-03-01,304.019989,305.62,302.079987,304.62,3397200
2023-03-02,303.66,308.10001,301.45001,307.75,3152100
2023-03-03,309.56,312.66,308.5,312.45001,4493000
2023-03-06,312.82001,317.29001,312.42999,316.97,4889800
2023-03-07,316.39001,316.5,310.23001,311.12,3609700
2023-03-08,310.72,312.67999,309.25,311.37,2701600
2023-03-09,311.0,313.17999,303.94,304.82001,3929500
2023-03-10,302.95001,306.72,301.92001,303.63,5294800
2023-03-13,301.75,306.59,300.76001,302.88,4993000
2023-03-14,306.92001,307.54999,301.67999,305.32999,5251500
2023-03-15,300.019989,300.54999,294.89999,297.88,7162800
2023-03-16,296.37,304.42999,295.35999,302.01001,6325700
2023-03-17,301.29999,301.29999,292.42001,293.51001,15609400
2023-03-20,295.57001,301.51001,295.059998,301.059998,6056000
2023-03-21,304.56,305.63,302.25,303.85001,4724000
2023-03-22,303.72,307.049988,299.64999,299.73001,3086300
2023-03-23,301.39001,302.079987,296.29999,298.37,4015800
2023-03-24,294.67999,299.5,293.39001,298.92001,3905400
2023-03-27,300.88,303.20999,298.97,302.14001,3833900
2023-03-28,301.92999,302.72,300.59,302.32001,2436500
2023-03-29,304.79999,305.38,303.35999,305.29999,2650000
2023-03-30,307.089996,307.47,302.57999,305.079987,2694000
2023-03-31,305.89999,308.81,304.98999,308.76999,5020200
2023-04-03,309.25,311.5,308.23999,310.31,4862300
2023-04-04,310.76001,311.0,307.070007,309.070007,2740300
2023-04-05,307.85001,311.070007,307.85001,310.39001,2314500
2023-04-06,309.82001,313.22,309.049988,312.51001,3131400
2023-04-10,311.41,313.70001,310.32999,312.62,2330900
2023-04-11,312.56,315.94,311.76999,313.70001,3109500
2023-04-12,315.97,316.92001,313.72,314.54999,2662600
2023-04-13,315.26999,318.81,313.26001,318.049988,3323300
2023-04-14,318.89001,321.88,318.12,319.73999,2975400
2023-04-17,320.20001,323.98001,319.0,323.79001,3425500
2023-04-18,324.95001,325.72,322.5,324.63,3581200
2023-04-19,323.85001,324.54999,322.76001,323.089996,2406200
2023-04-20,322.20001,324.37,321.32001,323.82001,2428400
2023-04-21,322.35999,324.85001,321.60999,324.32999,2405700
2023-04-24,324.42999,326.39999,324.29999,326.049988,2261900
2023-04-25,325.98999,327.10001,324.10999,324.34,2552200
2023-04-26,323.31,323.73999,319.0,320.53,2718600
2023-04-27,322.85999,326.91,322.10999,326.23001,2950000
2023-04-28,325.44,328.81,325.19,328.54999,2909600
2023-05-01,329.16,331.84,328.57001,330.17001,2461300
2023-05-02,330.14999,330.25,322.76001,325.85999,3366500
2023-05-03,327.13,328.070007,323.059998,323.22,2653800
2023-05-04,323.44,325.98999,317.41,320.0,3185600
2023-05-05,323.35999,325.16,322.62,323.88,3869500
2023-05-08,328.26001,330.69,325.79001,326.14001,3302400
2023-05-09,324.87,326.88,323.48001,324.87,2283400
2023-05-10,326.079987,326.16,320.14999,322.98999,2639800
2023-05-11,321.0,322.95999,319.81,322.64001,2548900
2023-05-12,323.82001,324.23999,320.54001,322.48999,1937300
2023-05-15,322.89001,323.82999,320.13,323.53,2190000
2023-05-16,322.45999,324.69,322.35999,323.75,2139500
2023-05-17,325.019989,328.26001,324.82001,327.39001,3046800
2023-05-18,326.87,329.98001,325.85001,329.76001,2805000
2023-05-19,331.0,333.94,329.12,330.39001,4322900
2023-05-22,330.75,331.48999,328.35001,329.13,2762500
2023-05-23,328.19,329.26999,322.97,323.10999,4029300
2023-05-24,322.70999,323.0,319.56,320.20001,3071500
2023-05-25,320.56,320.56,317.70999,319.019989,4245400
2023-05-26,320.44,322.63,319.67001,320.60001,3229400
2023-05-30,321.85999,322.47,319.0,322.19,3231800
2023-05-31,321.12,322.41,319.39001,321.079987,6175000
2023-06-01,321.42001,323.22,319.53,323.12,3375300
2023-06-02,325.16,330.67001,324.42001,329.48001,3962200
2023-06-05,330.89001,330.89001,327.57001,328.57999,3091800
2023-06-06,329.040009,334.16,328.67999,333.41,3181400
2023-06-07,334.01001,335.82001,331.42999,335.42001,3727800
2023-06-08,335.48999,336.32001,334.10001,335.95001,2759300
2023-06-09,335.76001,337.59,334.92001,335.29001,2619200
2023-06-12,335.16,335.35001,332.22,333.60001,2873400
2023-06-13,333.22,336.62,332.20001,336.39001,2953000
2023-06-14,337.22,340.38,334.089996,335.89999,5164600
2023-06-15,335.97,341.67999,335.54001,339.82001,4095200
2023-06-16,341.019989,341.29999,337.66,338.31,8486200
2023-06-20,338.14999,339.28,336.62,338.67001,3751700
2023-06-21,337.29999,341.35001,336.37,338.60999,4507000
2023-06-22,338.84,338.85001,335.66,336.95999,3303300
2023-06-23,335.10001,337.47,334.19,335.25,4451700
2023-06-26,335.17001,335.82999,331.84,334.12,3220900
2023-06-27,334.39001,336.73001,334.37,335.34,2625600
2023-06-28,336.049988,336.39999,332.60999,334.14999,3175100
2023-06-29,334.26001,337.01001,334.14001,336.91,2498900
2023-06-30,338.78,342.5,338.39999,341.0,4520600
2023-07-03,340.75,342.079987,338.41,342.0,2047400
2023-07-05,340.049988,341.89001,338.70001,341.56,2870700
2023-07-06,339.75,341.79999,338.91,341.45999,2548300
2023-07-07,340.51999,344.070007,340.39001,340.89999,2940800
2023-07-10,340.48001,343.48001,339.87,341.13,2966500
2023-07-11,341.23001,343.84,340.92999,343.37,2754900
2023-07-12,345.29001,346.44,344.31,345.35001,2897100
2023-07-13,345.60001,346.20999,343.45001,343.54001,2831800
2023-07-14,344.98999,345.0,340.51001,341.089996,2669300
2023-07-17,341.089996,345.72,341.089996,344.25,2359500
2023-07-18,344.049988,347.25,343.54001,345.34,2565300
2023-07-19,344.20999,345.38,341.98999,342.42999,3032100
2023-07-20,343.089996,346.79001,342.85001,346.60999,3146000
2023-07-21,346.76001,347.62,345.10001,345.76001,3301900
2023-07-24,346.76999,351.19,346.28,349.63,3269400
2023-07-25,349.32001,349.66,345.54001,347.57999,3014000
2023-07-26,347.56,351.089996,347.51999,349.79999,2682900
2023-07-27,350.69,351.26999,348.60001,349.31,2706700
2023-07-28,349.92999,351.0,348.32001,349.81,2473300
2023-07-31,350.73001,352.32999,350.20999,351.95999,2621600
2023-08-01,352.029999,353.42001,351.25,352.26001,2293300
2023-08-02,351.45001,352.89001,349.69,351.19,3085900
2023-08-03,350.29001,354.47,349.42001,353.81,2942000
2023-08-04,353.98999,355.10999,349.39001,349.98999,2842000
2023-08-07,355.73001,364.63,355.14999,362.57999,5379900
2023-08-08,359.42001,364.25,358.85001,363.73001,3428800
2023-08-09,364.20001,364.42999,356.059998,358.019989,4424600
2023-08-10,359.35999,362.35001,355.92001,356.98001,3098800
2023-08-11,356.26001,359.25,353.20001,358.35001,2475200
2023-08-14,358.25,358.95001,356.81,358.48001,1990700
2023-08-15,357.0,357.92001,353.67001,354.5,2863700
2023-08-16,354.60001,358.72,353.38,354.10999,2196100
2023-08-17,354.01001,356.29999,351.88,353.19,2847700
2023-08-18,351.47,354.29999,351.25,352.56,2870600
2023-08-21,354.089996,354.17999,349.60999,352.089996,2540000
2023-08-22,353.01001,353.5,349.66,350.57001,2363300
2023-08-23,351.63,354.32001,351.54001,354.26001,2239500
2023-08-24,354.35001,357.23001,354.13,354.29999,2521100
2023-08-25,354.98999,357.35001,352.92001,355.92999,2136800
2023-08-28,357.89001,358.41,354.53,355.54999,1728000
2023-08-29,355.040009,358.59,354.01001,358.29001,2285600
2023-08-30,358.63,362.67999,358.60001,361.059998,3058300
2023-08-31,362.17999,362.47,359.25,360.20001,2842300
2023-09-01,362.0,363.39001,360.60001,362.45999,2637900
2023-09-05,363.88,366.47,360.0,360.47,2976800
2023-09-06,360.019989,362.79999,359.26001,361.67001,2655800
2023-09-07,360.95999,363.29999,360.87,361.79999,3263800
2023-09-08,362.51999,364.82999,361.76999,363.14999,3019100
2023-09-11,364.87,366.60999,364.51001,365.51999,2921600
2023-09-12,365.64999,370.42999,365.47,367.78,2898400
2023-09-13,369.32999,370.84,365.97,367.82001,3261400
2023-09-14,370.10001,370.22,368.26001,369.5,3670100
2023-09-15,368.51999,370.20001,367.51999,367.85999,11595000
2023-09-18,369.32999,371.32999,367.79001,370.42999,3130900
2023-09-19,371.64001,373.34,368.45999,370.48001,2603700
2023-09-20,371.32999,371.34,366.73001,366.82001,2268400
2023-09-21,366.56,367.20001,362.94,363.28,3178600
2023-09-22,362.78,363.42001,359.76001,360.16,3969400
2023-09-25,359.01001,361.89001,357.26999,361.70999,2556200
2023-09-26,359.79999,360.79001,357.95001,359.42001,3063900
2023-09-27,360.01001,360.51999,354.26999,357.78,3535400
2023-09-28,357.79999,359.47,356.67001,357.059998,2731700
2023-09-29,357.29999,357.5,348.54999,350.29999,4932900
2023-10-02,349.64001,350.0,345.41,348.079987,3527600
2023-10-03,347.39001,348.23999,342.13,343.040009,3151700
2023-10-04,342.92001,344.01001,339.51001,343.69,3244600
2023-10-05,343.70001,345.94,342.37,345.059998,3027300
2023-10-06,344.10001,348.76001,341.85999,346.34,3174700
2023-10-09,344.23999,345.89999,342.82999,345.45001,2762800
2023-10-10,347.0,349.51001,345.5,348.56,2858600
2023-10-11,349.38,349.60001,344.92001,348.42999,2620800
2023-10-12,348.20999,348.66,343.019989,345.66,2677500
2023-10-13,346.0,348.44,343.88,345.089996,2804800
2023-10-16,348.0,349.94,345.82999,346.23001,3117800
2023-10-17,346.17999,348.41,344.14999,345.39001,2998600
2023-10-18,344.72,344.82999,339.95999,340.89001,2977100
2023-10-19,340.31,342.69,338.45001,338.66,2741300
2023-10-20,338.14999,340.0,334.35001,335.85999,3466100
2023-10-23,334.070007,338.88,333.48999,336.84,2794200
2023-10-24,338.17999,339.85001,337.76999,338.63,2355700
2023-10-25,338.59,339.62,336.54999,336.89999,2623200
2023-10-26,337.070007,338.32001,335.45999,336.16,2685400
2023-10-27,336.12,336.19,330.57999,331.70999,3608200
2023-10-30,332.95999,338.35999,332.17999,337.41,2634700
2023-10-31,337.95001,341.48999,337.5,341.32999,3066900
2023-11-01,341.20999,345.32999,340.57999,343.75,2789700
2023-11-02,346.39001,349.39001,344.5,349.019989,3433700
2023-11-03,350.17001,354.35001,349.79001,351.81,4409100
2023-11-06,354.029999,354.029999,344.059998,346.63,5486200
2023-11-07,346.81,346.95001,344.29999,346.17001,3062900
2023-11-08,346.85001,348.0,344.69,346.29999,2602400
2023-11-09,347.64001,350.10999,346.88,348.17999,3052100
2023-11-10,349.60001,351.20001,348.60001,350.56,3701100
2023-11-13,350.089996,350.64999,348.81,350.01001,2196200
2023-11-14,352.51999,355.95001,351.25,354.25,3387500
2023-11-15,355.019989,357.31,354.48001,356.79001,3572900
2023-11-16,357.79001,360.0,357.23001,359.85999,2822500
2023-11-17,360.47,360.56,358.070007,358.92999,3260000
2023-11-20,359.35001,362.60999,358.17999,361.32999,3215300
2023-11-21,360.57999,363.029999,360.25,361.0,2918800
2023-11-22,361.76001,362.45999,360.049988,361.79999,2110200
2023-11-24,362.51001,363.19,361.23999,362.67999,1282000
2023-11-27,362.64001,362.64001,359.57999,361.34,2580300
2023-11-28,361.54999,362.12,359.20999,360.049988,2953500
2023-11-29,360.95001,361.51999,358.29999,358.69,3141100
2023-11-30,359.45001,360.42999,358.42001,360.0,4606800
2023-12-01,359.94,360.23999,355.29999,357.070007,4705700
2023-12-04,355.91,357.82999,353.79001,356.66,3053400
2023-12-05,355.23001,356.60001,352.29001,355.029999,3061200
2023-12-06,356.14999,357.45001,351.89001,352.38,3039100
2023-12-07,352.0,353.019989,350.85001,352.70001,2830000
2023-12-08,353.0,353.67001,351.019989,353.079987,3289000
2023-12-11,355.0,357.48999,354.20999,357.059998,3108400
2023-12-12,357.89999,360.41,356.76001,360.019989,3188800
2023-12-13,360.19,362.14999,359.040009,362.029999,3132700
2023-12-14,364.049988,364.049988,356.38,358.12,5512300
2023-12-15,357.63,358.0,354.20001,356.5,8578200
2023-12-18,357.42001,361.14001,357.0,359.64999,4526400
2023-12-19,360.14999,362.54999,359.089996,361.79999,3084600
2023-12-20,361.51999,361.66,355.12,355.35001,3926700
2023-12-21,356.019989,357.20001,353.63,356.14001,2851200
2023-12-22,356.5,358.26001,355.41,356.47,2332200
2023-12-26,356.89999,357.76999,356.079987,356.82999,1964400
2023-12-27,355.92999,357.079987,355.5,356.95001,2478500
2023-12-28,357.48001,358.67999,356.73001,357.57001,2740600
2023-12-29,357.56,357.85999,355.31,356.66,3269400
2024-01-02,356.32001,362.57001,355.94,362.45999,4737000
2024-01-03,362.079987,367.85001,361.070007,366.75,4321800
2024-01-04,367.41,369.37,363.41,363.67999,4142800
2024-01-05,364.82999,366.29999,364.19,365.59,2965200
2024-01-08,366.01001,368.29999,364.20001,368.17999,3445700
2024-01-09,368.0,368.0,364.76999,366.89999,2998800
2024-01-10,366.26001,368.82999,365.75,367.92001,2448100
2024-01-11,367.81,367.89001,362.13,363.34,3577800
2024-01-12,366.51001,366.85001,362.57001,363.62,2623100
2024-01-16,362.94,363.60001,359.89001,361.10001,3046500
2024-01-17,359.01001,362.53,357.98001,359.29001,2550300
2024-01-18,359.25,362.64001,358.29999,362.38,3007800
2024-01-19,362.25,368.31,361.019989,366.98999,4063700
2024-01-22,368.049988,369.26999,366.53,368.059998,3552500
2024-01-23,368.019989,372.42001,367.70999,372.14001,2896300
2024-01-24,372.53,377.79001,372.029999,376.59,4589300
2024-01-25,379.23999,380.98999,377.89001,380.85001,4055800
2024-01-26,381.049988,385.73001,380.0,385.39999,3621400
2024-01-29,385.48999,385.70001,379.17001,383.17999,3797400
2024-01-30,383.23999,387.64001,380.079987,387.14999,3090900
2024-01-31,386.53,387.92001,383.54999,383.73999,3856400
2024-02-01,384.0,386.54999,381.48001,386.44,2947100
2024-02-02,386.67999,392.070007,386.44,390.75,3806800
2024-02-05,389.95001,393.37,389.29001,390.76001,3651900
2024-02-06,390.29001,393.92999,390.0,393.73999,2573400
2024-02-07,394.60001,399.14999,394.35999,397.66,3426800
2024-02-08,397.22,398.64999,394.85001,397.48999,3357700
2024-02-09,397.31,398.35999,395.82001,398.35999,2509800
2024-02-12,398.64999,399.48001,396.19,397.70999,2817900
2024-02-13,397.17999,399.70999,392.10001,394.79999,3458500
2024-02-14,395.14999,398.85999,393.54999,398.67999,2669200
2024-02-15,399.14001,404.26999,398.29999,403.45001,3076000
2024-02-16,404.44,406.73999,402.59,405.98999,3532200
2024-02-20,406.47,411.10999,406.059998,407.14999,3530700
2024-02-21,408.26001,409.48001,406.70001,409.25,2717600
2024-02-22,411.29999,416.26001,411.0,415.16,3687600
2024-02-23,417.67999,420.56,416.51999,417.22,4015600
2024-02-26,422.0,430.0,408.85001,409.14001,7432300
2024-02-27,409.20999,409.95999,401.70999,408.91,4609100
2024-02-28,408.5,414.67001,407.70999,412.14001,4067400
2024-02-29,413.10001,413.79001,408.38,409.39999,4845200
2024-03-01,409.48001,410.39001,405.45001,407.10999,3282100
2024-03-04,405.0,405.95001,401.42999,403.39001,4179400
2024-03-05,402.54999,403.32999,398.78,400.73999,4711700
2024-03-06,402.17999,407.44,401.70001,403.95999,3839100
2024-03-07,406.10999,406.39999,399.57001,402.39001,4181300
2024-03-08,401.079987,403.35999,400.01001,403.14999,3410600
2024-03-11,403.29999,405.01001,402.73999,404.76001,2431700
2024-03-12,406.78,407.20001,404.10001,404.98001,2616700
2024-03-13,405.29999,409.0,404.14999,408.13,3584600
2024-03-14,409.079987,409.079987,403.34,406.73001,3734700
2024-03-15,404.26999,408.45999,402.5,408.13,7548800
2024-03-18,408.70001,410.60001,406.0,408.41,3775700
2024-03-19,409.079987,412.19,408.089996,411.76001,2795800
2024-03-20,412.019989,416.31,411.54999,416.10999,2932900
2024-03-21,416.70001,417.82999,413.51001,413.78,3401600
2024-03-22,413.0,414.35001,411.39999,411.60001,2999600
2024-03-25,410.67001,411.070007,408.92001,409.92001,2804200
2024-03-26,410.0,412.66,408.60001,411.57001,2935100
2024-03-27,413.64999,417.20999,413.39999,416.92999,2926000
2024-03-28,417.79999,421.44,415.85001,420.51999,4377400
2024-04-01,421.48999,421.66,417.81,420.20001,2716100
2024-04-02,419.75,421.01001,418.089996,418.92001,3174900
2024-04-03,419.0,421.91,418.51999,420.23999,2740800
2024-04-04,423.84,424.51999,414.54999,415.32001,3800600
2024-04-05,416.56,419.26999,415.41,418.62,2738300
2024-04-08,418.32001,418.57001,415.63,415.97,2485700
2024-04-09,416.57999,417.32001,412.12,414.69,2233100
2024-04-10,412.73999,413.56,407.53,409.10999,3121300
2024-04-11,408.39999,411.14999,404.049988,407.60999,2889900
2024-04-12,405.0,407.20999,401.44,403.26001,3467300
2024-04-15,406.98999,409.059998,399.85999,400.26001,3002300
2024-04-16,400.97,401.25,396.5,396.92001,3435500
2024-04-17,398.94,399.28,395.66,397.73999,2465600
2024-04-18,399.70001,402.98999,399.10001,399.89001,2669500
2024-04-19,401.040009,405.57001,400.17001,405.079987,3996100
2024-04-22,406.84,411.35001,406.25,408.78,2980600
2024-04-23,410.25,410.72,405.64001,408.73999,2287600
2024-04-24,407.10001,407.62,403.88,405.95001,2506900
2024-04-25,404.85001,406.14001,400.35001,404.91,2670200
2024-04-26,403.92001,404.75,401.41,402.10001,3023100
2024-04-29,402.66,404.87,400.079987,400.95999,2363600
2024-04-30,400.57999,400.60001,396.37,396.73001,3070500
2024-05-01,396.60999,402.32001,396.35001,398.57999,2605000
2024-05-02,401.0,401.56,397.88,400.60001,2672200
2024-05-03,404.5,404.5,399.20999,400.87,4119100
2024-05-06,403.95999,405.14999,399.26001,404.92001,3918900
2024-05-07,406.92999,407.26001,403.60999,406.14001,3084200
2024-05-08,406.47,407.23001,403.75,406.37,2398100
2024-05-09,406.25,408.87,405.45999,408.82001,2356600
2024-05-10,409.85001,412.38,409.20001,412.049988,3084500
2024-05-13,414.059998,414.29999,410.19,411.22,2710300
2024-05-14,410.45001,411.56,408.17001,410.23999,2672400
2024-05-15,410.51001,413.39999,410.10001,412.76001,2854600
2024-05-16,413.79999,416.34,412.91,413.12,3549700
2024-05-17,413.98001,417.32999,413.70001,416.94,2988700
2024-05-20,417.040009,417.28,412.62,413.0,3287900
2024-05-21,413.59,415.70001,412.56,414.37,2731900
2024-05-22,414.95001,417.26001,412.95999,413.98999,2664400
2024-05-23,413.25,413.25,404.87,405.88,3392300
2024-05-24,406.89999,407.95999,405.5,407.41,2067700
2024-05-28,408.23999,408.23999,401.87,403.89999,3315400
2024-05-29,403.0,405.87,401.57999,404.089996,3426800
2024-05-30,403.76999,409.040009,402.76999,408.60999,2905300
2024-05-31,408.089996,415.39999,406.88,414.39999,5190000
2024-06-03,414.89001,416.72,408.78,414.79001,4903000
2024-06-04,414.85001,415.89001,406.44,409.53,4154800
2024-06-05,410.10001,410.28,405.76999,409.85001,2634400
2024-06-06,410.42001,411.23999,407.38,411.079987,3438900
2024-06-07,411.28,415.88,409.85001,413.72,2942100
2024-06-10,413.34,413.94,409.26999,410.81,2667300
2024-06-11,408.88,408.91,406.10999,408.5,3605900
2024-06-12,411.089996,411.89001,407.16,408.76999,3551900
2024-06-13,407.63,408.0,403.57001,405.92001,4563300
2024-06-14,404.89999,406.34,403.32999,405.54001,2768600
2024-06-17,405.17999,407.82001,403.54999,407.32001,3406500
2024-06-18,406.75,408.5,405.28,407.95001,4005300
2024-06-20,407.25,411.0,404.049988,409.14999,4844700
2024-06-21,409.82001,410.47,407.67999,409.62,9009400
2024-06-24,410.70001,417.0,410.0,413.98001,4933300
2024-06-25,414.0,414.25,409.62,410.97,3879800
2024-06-26,410.019989,410.67999,407.25,410.26001,3334300
2024-06-27,410.26001,410.26001,406.34,407.95001,3218600
2024-06-28,408.25,410.049988,405.79001,406.79999,6819800
2024-07-01,408.089996,409.67001,403.82001,405.19,2974100
2024-07-02,404.019989,407.39001,403.92001,407.10001,3220900
2024-07-03,407.16,407.16,404.22,405.76999,1970300
2024-07-05,406.23999,411.39999,405.029999,411.17001,5149200
2024-07-08,411.26999,413.79001,408.0,409.079987,3559500
2024-07-09,409.42001,413.70999,408.64001,410.51999,2989700
2024-07-10,410.81,413.95999,409.39999,413.79001,3791800
2024-07-11,413.98999,419.20001,412.0,418.78,4065200
2024-07-12,420.23001,427.45001,419.70001,424.44,4834600
2024-07-15,425.59,434.70999,425.29999,434.42001,4594900
2024-07-16,437.39999,439.049988,434.019989,438.89999,4293700
2024-07-17,437.85001,446.14999,437.84,445.60999,4776600
2024-07-18,445.62,449.25,439.57001,441.82001,4638300
2024-07-19,442.67001,442.79999,433.35001,434.47,4158800
2024-07-22,435.049988,438.10999,432.12,435.98001,2995700
2024-07-23,437.34,437.92001,433.47,434.01001,2393000
2024-07-24,433.98999,435.41,430.73001,432.79999,3143700
2024-07-25,431.60001,439.63,431.60001,433.29001,3334300
2024-07-26,435.66,439.0,434.10001,437.66,2717600
2024-07-29,438.01001,439.44,435.48999,438.31,2620000
2024-07-30,439.51001,443.89001,439.14001,441.26001,3736400
2024-07-31,439.85001,440.85001,437.73999,438.5,3798800
2024-08-01,439.67001,440.60999,430.95001,431.81,3892300
2024-08-02,429.76999,436.25,423.48999,428.35999,4251500
2024-08-05,413.42999,417.82001,406.10999,413.72,7695100
2024-08-06,416.41,427.45999,415.10001,422.14001,5138700
2024-08-07,426.070007,433.17001,425.60001,427.019989,4745600
2024-08-08,429.23999,432.26001,427.60001,431.54001,3150000
2024-08-09,431.92001,434.75,430.20999,431.67001,2602600
2024-08-12,434.16,434.16,429.01001,430.39001,2376000
2024-08-13,431.82999,432.81,425.89999,432.41,3472000
2024-08-14,433.0,438.98001,431.70999,438.47,2860200
2024-08-15,441.79999,442.59,438.72,440.84,3226400
2024-08-16,441.54999,445.20001,440.45001,444.51001,3345000
2024-08-19,446.01001,450.45001,445.73001,448.76999,3385300
2024-08-20,449.29999,450.5,446.38,448.35999,2906500
2024-08-21,449.84,451.28,443.84,446.60001,3028500
2024-08-22,446.29999,449.60001,444.64999,449.029999,3502800
2024-08-23,450.0,453.72,448.81,453.38,2805400
2024-08-26,455.31,459.26999,453.34,454.48999,3575800
2024-08-27,455.94,462.10001,454.62,460.63,3764700
2024-08-28,461.17001,466.60001,460.78,464.59,4838100
2024-08-29,467.10999,469.85001,463.0,468.37,4459400
2024-08-30,470.51999,476.95001,470.0,475.92001,7465800
2024-09-03,475.0,482.89001,473.72,476.82999,7511900
2024-09-04,478.67999,484.82001,474.22,478.57001,5309400
2024-09-05,479.42999,479.42999,462.88,464.92001,6213200
2024-09-06,463.82001,468.17001,458.54999,459.42001,4400300
2024-09-09,463.97,466.0,459.26001,459.60999,4571000
2024-09-10,461.82001,464.32001,456.20999,458.92001,3544100
2024-09-11,457.62,457.62,445.25,453.10001,5772700
2024-09-12,454.84,455.0,449.26999,450.87,3855700
2024-09-13,451.57999,452.42999,447.20999,447.60999,3882600
2024-09-16,448.79999,452.98999,448.34,451.78,3264400
2024-09-17,453.5,461.10001,453.29001,456.67999,3824300
2024-09-18,458.079987,459.84,454.88,456.60001,3065200
2024-09-19,462.0,462.19,457.25,459.70999,3891300
2024-09-20,457.76001,457.95001,454.049988,455.31,8468800
2024-09-23,457.31,459.64999,453.42001,454.98001,3485100
2024-09-24,454.32999,455.60001,451.76999,454.56,3009900
2024-09-25,454.89999,455.81,451.20999,452.35999,2843300
2024-09-26,452.73999,457.0,451.34,454.17999,3262000
2024-09-27,456.040009,458.26999,455.040009,457.47,2728000
2024-09-30,458.39999,460.63,454.54999,460.26001,3631100
2024-10-01,459.10999,459.79001,454.82001,457.41,3043700
2024-10-02,458.70001,458.70001,454.19,456.67001,2803400
2024-10-03,455.47,455.97,450.92001,452.95999,2564700
2024-10-04,455.01001,462.17999,453.81,461.97,3090200
2024-10-07,462.34,462.34,452.41,453.5,3222100
2024-10-08,455.95999,457.56,452.85001,453.79999,2234100
2024-10-09,452.75,457.88,452.35999,455.89999,2206100
2024-10-10,457.5,457.51001,452.72,454.92999,2375800
2024-10-11,455.89999,463.45001,455.89999,460.20999,3242000
2024-10-14,461.92001,462.0,458.10001,459.98001,2969800
2024-10-15,460.98999,466.66,460.51001,462.67999,3929900
2024-10-16,463.25,466.0,462.20001,465.69,3166300
2024-10-17,466.10001,467.84,464.26999,465.85001,2520900
2024-10-18,467.0,467.0,463.25,464.79999,5635500
2024-10-21,464.53,465.79001,461.67999,464.16,3131500
2024-10-22,464.10999,465.14999,457.60001,461.45001,3315200
2024-10-23,460.14999,463.26001,458.75,460.60999,3655200
2024-10-24,460.89999,461.049988,453.95999,457.76999,3793500
2024-10-25,458.60001,459.45001,453.029999,454.01001,2838900
2024-10-28,455.59,459.23999,455.0,458.48999,4103400
2024-10-29,458.60001,458.92001,454.39001,454.62,3985200
2024-10-30,454.67001,457.67001,453.82001,454.95999,2692100
2024-10-31,455.19,456.84,450.57001,450.92001,3660300
2024-11-01,451.48999,455.12,450.70001,452.14001,2971300
2024-11-04,450.37,450.70001,437.89999,442.29001,5733200
2024-11-05,442.29001,445.23001,441.10001,445.059998,3154400
2024-11-06,461.0,469.26001,459.48001,468.89999,6906800
2024-11-07,468.26999,468.45999,460.10001,460.13,4238000
2024-11-08,461.98001,466.35001,459.5,463.41,3541300
2024-11-11,466.01001,470.51001,464.0,467.35999,4119100
2024-11-12,467.69,468.42001,465.14999,466.29001,4400500
2024-11-13,466.41,468.39999,464.0,468.10001,2861700
2024-11-14,468.81,469.45001,466.0,467.70001,3777300
2024-11-15,466.73999,472.26001,465.19,470.28,5817700
2024-11-18,470.98001,472.67001,468.35999,472.20001,3358400
2024-11-19,470.76999,470.76999,465.01001,468.85999,3656200
2024-11-20,470.0,470.60999,466.10999,468.82999,3019500
2024-11-21,469.45001,474.66,467.0,472.059998,4116800
2024-11-22,472.26999,477.44,471.60999,476.57001,3885200
2024-11-25,479.13,482.5,476.79001,477.42999,5246600
2024-11-26,478.20001,479.39999,472.85001,478.56,3332000
2024-11-27,481.0,491.67001,480.87,483.079987,5359300
2024-11-29,485.37,486.01001,482.049988,483.019989,2969700
2024-12-02,484.79999,485.089996,474.75,477.32999,5031500
2024-12-03,478.16,478.29999,468.81,470.19,4931600
2024-12-04,471.089996,471.34,466.5,468.32001,3941100
2024-12-05,468.78,472.73999,468.72,470.57001,3320200
2024-12-06,470.57999,472.079987,467.82001,470.5,3270900
2024-12-09,470.60001,471.70001,463.42001,463.87,3748200
2024-12-10,464.42001,464.98999,459.5,462.48999,3648500
2024-12-11,463.32999,465.48001,458.76999,461.39001,3876900
2024-12-12,462.16,463.57001,458.079987,458.63,2571300
2024-12-13,460.51001,460.51001,457.01001,457.89999,3474300
2024-12-16,459.17001,460.42001,454.57999,455.20001,4514000
2024-12-17,454.70001,456.62,452.059998,455.66,5057500
2024-12-18,457.059998,458.73001,446.089996,446.59,4361900
2024-12-19,451.73001,453.79999,448.89001,449.34,4645200
2024-12-20,449.10999,458.64999,447.19,453.20001,12943900
2024-12-23,453.19,454.54999,449.82001,454.35001,3836000
2024-12-24,455.41,458.98999,454.070007,458.66,1761200
2024-12-26,457.26999,459.48001,455.79999,459.079987,2159600
2024-12-27,457.29999,461.13,454.48001,456.51001,3237700
2024-12-30,454.25,454.69,449.17999,452.16,2831400
2024-12-31,452.20999,454.32999,451.10999,453.28,3380700
2025-01-02,455.95999,456.89001,450.029999,451.10001,3746400
2025-01-03,452.53,454.53,450.12,453.56,2884600
2025-01-06,453.85001,456.23999,450.57001,451.41,4072900
2025-01-07,452.79999,456.51999,451.10001,452.92001,3507200
2025-01-08,453.63,454.0,449.63,451.84,3933300
2025-01-10,452.66,453.0,440.10001,442.66,5471900
2025-01-13,442.040009,445.0,441.14999,443.91,3639200
2025-01-14,445.5,450.29999,443.92001,450.029999,4055600
2025-01-15,455.54999,459.089996,453.26999,458.51001,4719400
2025-01-16,458.92999,462.95999,458.29999,462.81,3475700
2025-01-17,464.70999,470.17999,462.45001,467.95001,6467000
2025-01-21,471.0,473.17001,467.72,468.57001,4910200
2025-01-22,468.59,468.89001,455.28,460.51001,5838500
2025-01-23,461.67999,464.76001,458.0,459.82999,4424500
2025-01-24,459.20001,463.81,457.079987,463.19,3070300
2025-01-27,464.29999,474.92999,464.29999,474.70001,4535600
2025-01-28,473.92999,473.92999,469.29999,469.97,3261300
2025-01-29,469.88,473.92001,468.0,469.26001,2524200
2025-01-30,472.20001,474.059998,469.14999,472.35001,2552200
2025-01-31,471.84,472.54999,467.01001,468.67001,5442600
2025-02-03,461.29999,466.73999,454.60001,464.60999,4232000
2025-02-04,464.94,467.91,462.70001,467.48999,3238400
2025-02-05,469.81,474.23999,468.89001,473.73001,3782800
2025-02-06,475.45999,478.0,473.28,477.22,3832700
2025-02-07,477.41,478.25,472.34,472.73999,3205100
2025-02-10,473.95999,474.20001,469.37,470.17001,2907300
2025-02-11,470.049988,473.049988,466.72,472.60999,2322600
2025-02-12,470.44,472.14999,468.089996,471.73001,3297600
2025-02-13,471.54999,481.19,471.20001,480.48999,3274700
2025-02-14,481.47,484.54999,479.45001,479.59,2825800
2025-02-18,480.39999,484.059998,477.63,482.82001,3351000
2025-02-19,482.82001,484.72,480.67999,483.76999,2436500
2025-02-20,484.13,484.20001,478.14001,481.79999,2651000
2025-02-21,480.95001,483.64001,477.73999,478.73999,4085100
2025-02-24,483.5,503.95999,483.23999,498.42001,9862400
2025-02-25,503.14999,507.0,491.89999,499.82001,6757500
2025-02-26,499.12,499.89999,493.049988,494.10001,3543500
2025-02-27,496.45001,504.95001,495.60999,502.41,4507700
2025-02-28,507.45999,515.37,504.32999,513.83002,6850300
2025-03-03,516.21997,518.77002,506.48001,510.079987,5112300
2025-03-04,507.26999,508.73001,493.60999,495.85999,6126600
2025-03-05,496.0,500.92999,492.32001,498.5,4715800
2025-03-06,496.84,499.10001,491.63,497.84,3989700
2025-03-07,496.29001,498.26999,490.10999,495.62,3842200
2025-03-10,490.0,500.45001,490.0,497.10001,6262000
2025-03-11,496.0,499.14999,491.31,496.25,5358300
2025-03-12,497.60001,498.32001,488.75,495.94,3871100
2025-03-13,496.45999,507.39999,494.75,504.25,5104200
2025-03-14,506.95001,515.84003,502.92001,514.59998,5775600
2025-03-17,514.62,524.71002,513.21002,523.01001,5343400
2025-03-18,525.45001,528.38,521.41998,523.14001,4857800
2025-03-19,525.69,526.71002,520.65997,525.27002,3798000
2025-03-20,524.0,530.60999,522.66998,528.72998,4065400
2025-03-21,528.31,528.96002,520.72998,521.90997,8546300
2025-03-24,523.099976,527.29999,521.47998,525.84998,4858900
2025-03-25,527.17999,533.28998,525.88,528.87,3964800
2025-03-26,531.0,537.63,530.97998,533.21002,5004400
2025-03-27,533.25,537.38,529.34998,534.52002,5154600
2025-03-28,535.34998,536.0,524.67999,526.31,5321400
2025-03-31,521.40002,536.52002,519.0,532.58002,7139300
2025-04-01,531.88,536.40997,527.5,532.98999,4130600
2025-04-02,532.13,539.0,530.82001,537.71997,4079000
2025-04-03,527.62,538.79999,525.14001,530.15997,6410900
2025-04-04,519.0,521.0,492.98001,493.54001,12605000
2025-04-07,467.42001,505.85001,462.10001,490.38,12749700
2025-04-08,509.029999,516.0,484.19,492.64001,9470100
2025-04-09,490.0,523.92999,485.56,521.40997,10153700
2025-04-10,518.29999,521.40997,498.60999,515.81,7475900
2025-04-11,515.0,526.58002,510.76999,524.10999,6231000
2025-04-14,531.0,536.52002,526.97998,529.52002,5512100
2025-04-15,532.62,535.91998,527.35999,528.16998,4329200
2025-04-16,529.29999,530.13,512.89001,516.45001,5889300
2025-04-17,518.90002,523.88,514.57001,518.21002,5311400
2025-04-21,517.53003,518.66998,498.079987,506.92001,4908400
2025-04-22,514.22998,522.21997,511.64999,520.78998,4768500
2025-04-23,527.5,532.27002,523.89001,526.81,4294500
2025-04-24,526.81,533.13,523.15997,531.64001,3173400
2025-04-25,531.75,532.44,526.78998,530.96002,2742800
2025-04-28,533.63,536.82001,526.58002,530.94,4238700
2025-04-29,531.0,535.34003,528.28998,534.57001,3177700
2025-04-30,531.51001,535.71997,524.0,533.25,5251600
2025-05-01,531.0,533.27002,528.29999,530.22998,4693100
2025-05-02,536.75,542.070007,535.26001,539.79999,4945600
2025-05-05,520.080017,521.17999,502.79999,512.15002,16380200
2025-05-06,509.57001,515.75,507.98999,512.33002,6088600
2025-05-07,515.02002,520.25,513.0,518.21997,5573800
2025-05-08,520.97998,521.26001,513.039978,513.25,5018600
2025-05-09,514.25,515.90997,510.25,513.73999,3621400
2025-05-12,520.29999,520.29999,510.25,514.29999,6368000
2025-05-13,515.64001,515.75,511.79999,511.88,4504100
2025-05-14,511.85001,511.85001,502.79999,503.39999,6384100
2025-05-15,502.38,509.78,501.62,507.32999,5040900
2025-05-16,509.63,514.33002,506.79999,514.31,4997300
2025-05-19,513.62,513.78998,510.10001,512.39001,3441500
2025-05-20,511.10999,512.080017,506.54999,508.73999,3737000
2025-05-21,507.41,510.0,505.39999,507.029999,3815800
2025-05-22,505.10001,507.39999,502.64001,503.57001,3244800
2025-05-23,501.01001,505.5,500.25,503.45999,3166800
2025-05-27,506.42999,509.75,505.01001,509.16,4928300
2025-05-28,508.39001,509.10001,502.82999,503.10999,3613900
2025-05-29,504.0,506.54999,501.20001,506.17999,3656000
2025-05-30,505.19,505.72,500.19,503.95999,9153100
2025-06-02,501.70001,503.23001,499.47,502.81,4914000
2025-06-03,501.0,502.79001,493.51001,497.82999,5923100
2025-06-04,496.94,496.98999,490.88,491.0,5297600
2025-06-05,490.75,491.0,485.60001,488.73999,5154900
2025-06-06,491.63,496.10001,491.63,493.53,3948300
2025-06-09,493.70001,494.53,488.88,493.32999,3987500
2025-06-10,492.66,492.89999,489.5,491.13,3951500
2025-06-11,491.049988,492.25,486.67001,488.14001,4595900
2025-06-12,486.23999,490.44,483.78,490.34,3535200
2025-06-13,486.26999,491.079987,485.85001,487.54001,4001000
2025-06-16,489.73001,491.85001,488.54001,490.23001,3937600
2025-06-17,489.10999,489.39999,483.25,483.48001,3956300
2025-06-18,484.10001,486.70001,482.75,485.14001,4893600
2025-06-20,484.95001,486.67999,483.42999,484.85001,7620400
2025-06-23,485.42001,488.5,481.72,487.76999,4141000
2025-06-24,489.42999,497.73999,488.89001,493.48001,5111700
2025-06-25,494.5,496.0,486.14001,486.20999,4260600
2025-06-26,486.54001,487.98001,484.25,485.049988,4212900
2025-06-27,485.76999,489.67999,484.39999,485.67999,6129300
2025-06-30,485.89999,487.64999,483.44,485.76999,6384300
2025-07-01,485.78,491.089996,483.79999,489.60999,4776000
2025-07-02,489.42999,489.92999,478.62,480.48001,6707200
2025-07-03,480.89001,486.54999,480.35999,485.0,3443300
2025-07-07,484.42001,486.079987,476.79999,478.029999,4674400
2025-07-08,477.35001,480.0,473.57999,477.47,4116200
2025-07-09,477.0,479.48999,475.82999,478.91,3367400
2025-07-10,477.87,478.54999,475.5,478.26999,4573300
2025-07-11,476.25,476.85001,471.39999,475.85999,4416600
2025-07-14,474.32001,478.13,473.45999,476.31,4294700
2025-07-15,475.29999,475.72,470.0,470.13,4482300
2025-07-16,471.20001,472.92001,468.88,471.31,3796900
2025-07-17,470.070007,474.14999,467.64999,473.39999,4040000
2025-07-18,474.0,478.64001,473.5,473.79999,4015800
2025-07-21,473.040009,478.35001,472.0,474.41,3791300
2025-07-22,475.5,483.14001,475.0,478.13,4521500
2025-07-23,480.25,484.45001,479.20001,482.63,4385600
2025-07-24,482.67001,486.17001,480.60001,480.60001,5044800
2025-07-25,481.67001,484.92999,479.66,484.070007,4220500
2025-07-28,484.35001,486.89999,481.10001,481.70001,3626100
2025-07-29,482.57001,485.0,476.28,476.56,4193200
2025-07-30,475.13,479.41,473.88,476.0,3803000
2025-07-31,472.60999,477.70001,471.88,471.88,6315300
2025-08-01,473.47,475.95999,470.62,472.84,5287500
2025-08-04,468.049988,468.87,455.19,459.10999,10874300
2025-08-05,460.60001,467.57999,460.38,464.19,6780700
2025-08-06,465.0,469.54999,463.0,468.91,4557100
2025-08-07,469.20001,472.70001,461.37,461.47,5755700
2025-08-08,462.94,465.82999,462.54999,465.39999,3330600
2025-08-11,466.45999,468.48999,463.5,464.73001,3712100
2025-08-12,465.53,472.47,465.059998,470.39001,3767300
2025-08-13,471.70001,479.60001,471.5,477.31,4629400
2025-08-14,478.35001,479.22,474.42001,479.22,4187100
2025-08-15,482.35001,482.48001,476.29001,477.20001,5229800
2025-08-18,477.97,479.0,474.66,478.51999,3911300
2025-08-19,479.76999,485.89999,479.76999,485.31,4726400
2025-08-20,487.0,492.22,485.82999,488.67999,4779800
2025-08-21,487.23999,489.049988,483.67999,488.59,3082200
2025-08-22,491.5,493.14001,486.57001,489.0,4205100
2025-08-25,489.01001,489.019989,481.82999,486.17999,3935100
2025-08-26,485.019989,492.79001,484.53,492.20999,8217500
2025-08-27,491.079987,497.20999,490.60001,495.72,4385900
2025-08-28,498.029999,500.14001,496.070007,499.85999,4530400
2025-08-29,500.85001,506.72,500.85001,502.98001,4663600
2025-09-02,504.23999,505.89999,497.62,501.14001,4977800
2025-09-03,499.54999,502.10999,496.59,501.48999,3206200
2025-09-04,502.89999,507.38,501.26001,506.91,2976700
2025-09-05,506.0,507.66,497.75,499.76999,4222900
2025-09-08,499.0,499.64999,493.45999,493.78,5146300
2025-09-09,492.45001,496.85001,491.72,492.72,3748700
2025-09-10,490.0,491.70001,486.26999,490.079987,5561600
2025-09-11,489.32999,497.23999,489.029999,496.91,3669000
2025-09-12,495.75,497.63,493.34,493.73999,2951700
2025-09-15,493.60001,495.26999,489.5,491.54001,3629800
2025-09-16,491.26999,491.92001,487.20001,490.98999,4070000
2025-09-17,490.94,495.98999,490.29999,492.32999,5060700
2025-09-18,489.64001,494.88,488.0,490.5,4058900
2025-09-19,491.87,494.5,488.88,492.85001,7356300
2025-09-22,490.57001,494.70999,489.23001,493.70999,3582900
2025-09-23,493.76999,499.28,493.51999,494.10001,3933200
2025-09-24,493.29999,497.16,493.10999,497.089996,2811500
2025-09-25,496.14999,499.0,494.73001,494.95999,4056100
2025-09-26,496.94,502.10001,496.64999,500.029999,3707600
2025-09-29,500.0,500.25,495.019989,499.25,5161900
2025-09-30,497.64001,503.78,497.0,502.73999,3873500
2025-10-01,502.5,502.87,495.89999,498.20001,4481100
2025-10-02,496.95999,499.60999,493.22,495.92001,3461400
2025-10-03,495.89999,502.54999,495.049988,498.75,4678800
2025-10-06,499.5,504.97,498.019989,500.019989,3519500
2025-10-07,500.16,504.45999,498.60999,502.29999,3057400
2025-10-08,502.70999,503.5,498.56,499.84,2944600
2025-10-09,499.98001,501.22,494.51001,496.73999,3172200
2025-10-10,497.25,497.98999,489.059998,489.13,4763800
2025-10-13,488.14999,493.79999,487.82001,491.92999,3183500
2025-10-14,490.0,497.059998,489.95001,495.97,3056000
2025-10-15,493.89999,496.73001,490.35001,496.39001,3566200
2025-10-16,495.60001,496.0,485.79999,488.81,4254300
2025-10-17,490.0,493.45001,489.25,492.42001,3794300
2025-10-20,492.35999,494.42001,490.32001,494.079987,4605300
2025-10-21,493.70001,495.70001,491.25,491.29001,2714500
2025-10-22,491.73001,492.98001,488.19,491.81,3376000
2025-10-23,492.19,492.45001,488.10999,490.16,3063000
2025-10-24,490.91,492.98001,489.39999,492.10001,3166800
2025-10-27,491.92001,492.29999,484.54999,488.070007,6451500
2025-10-28,484.95999,485.67001,481.10999,481.44,5029100
2025-10-29,477.32001,478.79999,473.72,475.76001,6204500
2025-10-30,474.84,480.91,474.84,478.51999,4786600
2025-10-31,476.79999,478.70999,475.31,477.54001,7146400
2025-11-03,479.51001,479.98999,473.14999,475.67999,5868100
2025-11-04,475.5,488.79001,475.5,487.66,7803200
2025-11-05,487.34,493.89001,487.34,488.76999,6551200
2025-11-06,490.0,494.029999,486.75,493.14999,4964700
2025-11-07,494.92999,500.16,493.35001,499.059998,6377800
2025-11-10,497.079987,501.28,495.13,496.98001,5084000
2025-11-11,498.59,499.69,494.20001,497.070007,2960200
2025-11-12,497.16,504.45001,496.98999,502.39999,5456000
2025-11-13,504.82001,514.26001,504.82001,513.10999,7340700
2025-11-14,514.70001,516.54999,506.35001,508.94,5462500
2025-11-17,510.73001,511.26001,502.84,503.26001,5371000
2025-11-18,503.39001,506.64001,500.60001,504.37,5457400
2025-11-19,503.69,504.25,495.54999,501.26001,4695000
2025-11-20,501.10999,506.45001,500.81,501.12,5486900
2025-11-21,503.28,507.84,502.48999,504.040009,6059000
2025-11-24,501.89999,509.20001,497.17001,507.81,13404500
2025-11-25,508.92999,512.35999,506.85999,508.57001,4064000
2025-11-26,509.25,512.70001,507.64999,511.23001,3686700
2025-11-28,511.89001,516.84998,511.56,513.81,2312200
2025-12-01,513.65002,514.48999,508.17999,508.54999,3995200
2025-12-02,507.59,508.10999,503.10999,506.64999,3378000
2025-12-03,507.51999,509.60001,503.60001,503.60001,3803200
2025-12-04,504.38,506.5,500.70001,503.23001,3574800
2025-12-05,503.85999,505.76001,500.54001,504.34,3463700
2025-12-08,502.10001,502.97,490.62,497.23001,7032200
2025-12-09,497.63,499.22,490.82999,491.42999,4574000
2025-12-10,490.85999,495.88,488.92001,490.42999,4558800
2025-12-11,491.82999,498.14999,491.82999,495.85001,4493400
2025-12-12,496.70999,500.0,494.5,499.51999,4113700
2025-12-15,500.42001,506.62,500.28,506.38,5173900
2025-12-16,507.049988,508.10001,499.45999,499.84,4376700
2025-12-17,499.89999,505.19,499.5,504.26999,4128600
2025-12-18,502.23001,505.42999,501.01001,503.39001,3646700
2025-12-19,503.049988,503.82001,494.53,494.53,14652800
2025-12-22,496.34,500.31,495.54999,499.95001,4070000
2025-12-23,500.48001,502.32999,498.16,500.51001,3680800
2025-12-24,500.29001,501.51001,499.25,501.34,2000200
2025-12-26,500.45001,501.56,496.82999,498.29999,2247600
2025-12-29,499.20001,501.5,497.20999,501.049988,3056200
2025-12-30,500.98001,505.10999,500.32999,503.70999,2897100
2025-12-31,503.92001,505.89001,502.48001,502.64999,3105200
2026-01-02,500.95999,501.88,492.91,496.85001,5876600
2026-01-05,494.94,503.42999,494.5,498.51999,5145300
2026-01-06,496.79999,500.67001,496.059998,499.049988,4040000
2026-01-07,497.88,499.14999,493.089996,496.12,4445100
2026-01-08,494.97,504.079987,494.10999,499.76999,4807700
2026-01-09,498.94,500.28,496.41,499.10001,3432100
2026-01-12,497.39999,500.019989,495.10001,498.67001,4209300
2026-01-13,497.62,498.0,493.34,495.23999,4257600
2026-01-14,494.17001,497.62,492.0,493.14999,5033700
2026-01-15,492.95001,495.63,490.75,492.62,4165200
2026-01-16,491.67001,495.16,490.89999,493.29001,4807400
2026-01-20,490.79999,490.97,482.72,485.39001,5521500
2026-01-21,484.0,488.0,481.57001,483.82999,5730200
2026-01-22,483.26001,485.88,481.72,484.48999,4054200
2026-01-23,482.26001,483.42001,478.44,478.97,5436600
2026-01-26,478.47,484.89001,477.079987,483.47,5077200
2026-01-27,482.60001,483.5,474.67001,474.67001,6314500
2026-01-28,473.01001,476.88,471.91,473.48999,4563900
2026-01-29,473.73001,477.32001,473.079987,476.79001,5380500
2026-01-30,476.29999,481.5,476.13,480.53,5082200
2026-02-02,481.29999,488.070007,478.54999,487.29001,5064600
2026-02-03,483.95001,496.040009,482.20001,493.73999,6641200
2026-02-04,495.79999,512.13,495.67001,503.82999,10591700
2026-02-05,505.91,506.63,497.60999,503.89001,5033900
2026-02-06,504.17999,509.66,502.89001,508.089996,4421600
2026-02-09,507.32001,507.60999,497.29001,498.079987,4573000
2026-02-10,497.89999,501.32999,497.29999,500.29999,3789100
2026-02-11,499.35001,503.31,497.28,500.019989,3614400
2026-02-12,501.20999,507.70999,499.88,500.01001,4689900
2026-02-13,500.14999,502.38,495.5,497.54999,4685900
2026-02-17,500.019989,506.089996,499.20999,503.41,4263300
2026-02-18,504.73999,505.26999,497.67999,499.070007,3732500
2026-02-19,497.87,500.5,495.67999,496.94,2610400
2026-02-20,496.64999,498.34,491.81,498.20001,4326700
2026-02-23,496.5,503.54999,493.73001,494.089996,3556500
2026-02-24,493.48999,495.22,488.26001,494.51001,3224300
2026-02-25,495.62,497.23001,490.89999,493.98999,3475500
2026-02-26,494.64999,503.72,494.45001,502.67001,4577000
2026-02-27,502.94,506.51999,501.16,504.95001,6364900
2026-03-02,495.23001,495.75,477.91,480.17001,11725300
2026-03-03,477.079987,483.48001,472.51999,481.35999,6348700
2026-03-04,481.0,489.17999,479.88,487.48001,4369100
2026-03-05,493.75,500.85999,492.51001,500.39999,8963400
2026-03-06,499.25,500.70001,491.88,498.98001,5564400
2026-03-09,494.89999,498.82001,490.20999,497.20001,5833600
2026-03-10,495.13,498.67001,492.31,494.14001,3598700
2026-03-11,493.089996,493.79999,489.25,493.57001,3845700
2026-03-12,492.35001,493.39999,489.019989,491.89001,4170900
2026-03-13,493.32001,494.45001,489.76999,490.029999,3565700
2026-03-16,492.76999,496.63,491.079987,492.20999,3752000
2026-03-17,494.84,496.95999,491.41,492.57999,4424900
2026-03-18,491.14001,491.38,483.79999,484.47,4356400
2026-03-19,483.89999,484.25,478.81,481.48001,4045600
2026-03-20,481.63,485.12,479.66,480.94,7786400
2026-03-23,483.5,485.98001,479.0,479.98001,4958000
2026-03-24,478.0,483.5,477.54999,479.32999,3434400
2026-03-25,482.63,483.23001,475.73001,476.19,4402000
2026-03-26,476.44,478.38,474.5,475.26999,3774600
2026-03-27,474.19,474.79999,467.20999,468.48999,5382300
2026-03-30,470.67999,477.69,470.64999,474.66,4590900
2026-03-31,477.78,479.81,474.76999,479.20001,4725300
2026-04-01,478.98001,481.10001,477.25,478.5,3600800
2026-04-02,477.82001,479.76999,475.67999,477.35001,2972800
2026-04-06,475.66,479.5,475.35001,476.38,3663500
2026-04-07,475.70999,479.75,474.32001,478.079987,3206500
2026-04-08,483.75,483.75,477.67999,479.75,4655100
2026-04-09,478.20999,487.95001,477.29001,485.20001,3518500
2026-04-10,484.019989,484.85999,478.92001,479.89999,3758900
2026-04-13,478.89999,481.10999,477.39999,480.19,3612400
2026-04-14,479.81,480.48999,476.0,477.54001,4864000
2026-04-15,478.0,478.76999,473.73999,474.089996,6993900
2026-04-16,474.019989,476.26001,464.01001,475.12,4534000
2026-04-17,475.48999,479.69,474.14999,474.57999,6492900
2026-04-20,474.38,476.040009,471.37,472.079987,5147000
2026-04-21,472.54001,474.19,468.059998,468.5,5919000
2026-04-22,468.85999,470.98999,464.62,465.39999,5720500
2026-04-23,466.72,473.0,466.72,470.54999,4749100
2026-04-24,468.79999,470.28,466.57999,469.32001,3857000
2026-04-27,469.79999,475.5,469.35001,472.81,4888000
2026-04-28,476.79001,479.76999,475.67001,478.16,4902400
2026-04-29,476.45001,477.97,474.51001,475.38,3175600
2026-04-30,473.45999,477.54999,470.89001,473.60001,5109300
2026-05-01,475.079987,479.10001,473.0,473.01001,4818300
2026-05-04,473.029999,479.87,465.79001,468.51999,6895400
2026-05-05,468.53,469.66,464.34,465.51999,5372700
2026-05-06,466.01001,470.63,465.64001,469.82999,5698900
2026-05-07,469.26001,477.19,468.97,475.079987,5899500
2026-05-08,474.85001,478.88,474.48001,475.94,5225600
2026-05-11,476.39999,480.39999,475.89999,479.54999,4290700
2026-05-12,481.67999,489.42001,478.89999,484.95999,5622300
2026-05-13,482.47,487.14001,480.81,485.51999,4432500
2026-05-14,487.10001,487.10001,481.5,484.059998,3375100
2026-05-15,486.70001,488.29999,481.76001,482.70001,4680300
2026-05-18,481.13,489.35999,481.0,488.38,5030700
2026-05-19,487.0,488.13,480.10999,480.45999,5599900
2026-05-20,482.0,482.72,477.62,480.89999,4647500
2026-05-21,479.98999,480.5,475.5,479.98001,3294000
2026-05-22,479.64999,487.19,479.48999,486.38,4338200
2026-05-26,485.5,487.78,483.20999,483.62,4348600
2026-05-27,482.67001,486.25,479.019989,479.92001,4152500
2026-05-28,479.35999,481.81,477.0,477.42001,4120000
2026-05-29,476.91,477.29001,472.26999,474.48001,7902300
2026-06-01,473.049988,473.39001,467.95999,470.29001,6203600
2026-06-02,470.0,473.88,468.20999,471.51001,4704700
2026-06-03,470.89001,480.59,470.41,475.37,6586300
2026-06-04,481.60001,482.94,474.64999,478.63,5276000
2026-06-05,480.98999,491.0,479.35001,488.13,8475800
2026-06-08,486.13,490.76001,484.92001,487.0,5188400
2026-06-09,486.44,490.79001,484.60001,487.76999,4912200
2026-06-10,488.13,490.29999,483.10999,483.67999,5062700
2026-06-11,482.88,486.47,481.059998,485.79001,5664300
2026-06-12,486.67001,489.98999,484.51001,489.25,4591300
2026-06-15,487.56,497.10999,487.56,495.51999,6253600
2026-06-16,497.0,499.79001,492.42999,494.95001,4345900
2026-06-17,493.23999,494.76999,487.89999,491.28,5412000
2026-06-18,492.75,493.57001,485.76999,489.45999,8882300
2026-06-22,488.75,492.48001,487.35999,488.69,6076300
2026-06-23,490.92001,494.34,490.0,492.81,4428100
2026-06-24,492.98999,498.5,491.5,494.81,4707800
2026-06-25,493.079987,496.0,486.5,487.81,7054100
2026-06-26,490.23999,498.66,489.28,498.66,7250800
2026-06-29,497.79001,500.019989,495.0,496.0,5200700
2026-06-30,496.5,500.57999,494.79001,500.39001,5910500
2026-07-01,501.82999,503.82999,499.079987,499.73999,4101300
2026-07-02,502.20001,507.92999,500.32999,507.78,4386500
2026-07-06,506.5,508.0,504.10001,506.57999,4126100
2026-07-07,508.97,512.58002,503.75,504.0,3761400
2026-07-08,504.56,504.91,494.34,494.79001,4429600
2026-07-09,494.60999,497.85001,493.20001,495.45001,3393300
2026-07-10,496.14999,497.29999,490.70001,493.70999,2736900
2026-07-13,495.85001,501.5,493.81,496.85001,3228900
2026-07-14,493.95999,497.079987,491.0,491.089996,4110200
2026-07-15,490.10001,492.75,487.57001,488.35001,5134500
2026-07-16,489.92999,493.14999,486.17001,493.12,4195000
2026-07-17,495.51001,502.98999,490.48001,490.91,5591300
2026-07-20,490.48999,492.25,488.91,491.25,3426600
2026-07-21,489.0,491.20001,487.38,489.64999,4473100
2026-07-22,490.5,492.32001,487.81,489.39001,3179300
2026-07-23,488.39999,491.0,486.059998,490.85001,2883000
2026-07-24,491.42999,497.29001,490.25,494.92999,3933000
2026-07-27,497.25,498.76999,493.97,497.17999,3482400
2026-07-28,500.32999,513.44,499.5,512.37,6362100
2026-07-29,511.44,513.35999,507.20001,509.16,5057500
2026-07-30,505.98001,509.91,501.26999,509.67999,4055100
2026-07-31,508.98999,513.030029,506.70001,511.54001,3939800
2026-08-03,514.92999,520.66998,510.82999,513.14001,4249000
2026-08-04,512.070007,517.77002,508.81,517.21997,4771300
2026-08-05,519.0,519.77002,512.20001,518.84998,3749400
2026-08-06,524.10999,525.44,517.21002,524.60999,4352800
2026-08-07,520.26001,521.98999,517.42999,521.79999,3645100
2026-08-10,524.59998,537.73999,523.0,529.41998,6094800
2026-08-11,528.76001,530.29999,515.65002,516.38,4718600
2026-08-12,513.97998,514.38,507.95999,510.0,4599100
2026-08-13,511.29001,512.01001,505.56,506.92999,4713400
2026-08-14,507.23999,509.17001,503.76999,504.029999,3969500
2026-08-17,504.45001,505.31,498.070007,498.23001,4789800
2026-08-18,501.040009,504.5,499.60001,502.95999,3380700
2026-08-19,503.41,507.070007,499.41,499.62,3562300
2026-08-20,499.64999,500.44,496.48001,496.85999,3288700
2026-08-21,498.5,501.0,495.67999,495.82001,4645800
2026-08-24,498.13,504.45999,498.10999,504.32001,3194900
2026-08-25,503.95001,504.75,501.16,504.32001,3032800
2026-08-26,505.92999,506.70001,503.64999,504.91,3002200
2026-08-27,500.5,505.39999,499.22,503.70001,6302000
2026-08-28,504.89999,506.57999,502.94,505.0,4851200
2026-08-31,504.059998,505.29999,502.20001,504.029999,5127900
2026-09-01,506.0,506.75,501.26999,502.32999,4839100
2026-09-02,503.45999,508.92999,502.60001,505.23999,3298400
2026-09-03,507.29,508.89,505.21,507.36,92143
