date,open,high,low,close,volume
2006-10-18,9.84,9.9925,9.805,9.92,2006400
2006-10-19,9.9225,9.96,9.8,9.96,830000
2006-10-20,9.9475,10.1175,9.9275,10.0675,1858000
2006-10-23,10.03,10.115,9.9875,10.1025,1120400
2006-10-24,10.0725,10.0925,10.0225,10.0825,1066400
2006-10-25,10.055,10.1425,10.05,10.1025,769600
2006-10-26,10.1025,10.16,10.07,10.1525,732400
2006-10-27,10.15,10.2525,10.1025,10.19,568000
2006-10-30,10.1425,10.205,10.1125,10.1825,700400
2006-10-31,10.1625,10.18,10.0725,10.1425,1420000
2006-11-01,10.16,10.225,10.1,10.1375,806000
2006-11-02,10.0575,10.1475,10.0275,10.1225,631200
2006-11-03,10.13,10.1975,10.1075,10.1625,816000
2006-11-06,10.19,10.435,10.19,10.2825,698800
2006-11-07,10.56,10.7425,10.3925,10.465,2167200
2006-11-08,10.45,10.4975,10.375,10.4975,872400
2006-11-09,10.4775,10.4775,10.3,10.4275,966400
2006-11-10,10.425,10.5,10.4,10.4425,731600
2006-11-13,10.46,10.4925,10.4225,10.455,536400
2006-11-14,10.43,10.5425,10.4025,10.54,1025600
2006-11-15,10.565,10.6125,10.565,10.595,836800
2006-11-16,10.6275,10.69,10.61,10.6875,591600
2006-11-17,10.69,10.7,10.58,10.7,840000
2006-11-20,10.6775,10.7075,10.505,10.525,1308400
2006-11-21,10.5275,10.5475,10.4925,10.5275,790800
2006-11-22,10.5225,10.56,10.4925,10.5425,1844400
2006-11-24,10.4975,10.55,10.4875,10.525,220800
2006-11-27,10.505,10.505,10.3875,10.4025,817600
2006-11-28,10.415,10.4375,10.355,10.4225,850000
2006-11-29,10.43,10.55,10.43,10.52,771600
2006-11-30,10.52,10.555,10.4625,10.4775,942800
2006-12-01,10.48,10.5,10.38,10.4525,972800
2006-12-04,10.48,10.6,10.4075,10.5425,1092800
2006-12-05,10.5425,10.615,10.52,10.555,1709200
2006-12-06,10.56,10.565,10.5325,10.5475,732000
2006-12-07,10.535,10.56,10.45,10.4575,707200
2006-12-08,10.46,10.675,10.4325,10.6475,2578800
2006-12-11,10.65,10.7475,10.615,10.645,1324400
2006-12-12,10.6575,10.75,10.65,10.705,901600
2006-12-13,10.735,10.8075,10.67,10.6925,983600
2006-12-14,10.68,10.7875,10.655,10.73,1081200
2006-12-15,10.7125,10.8075,10.685,10.7,1021200
2006-12-18,10.715,10.77,10.61,10.625,474000
2006-12-19,10.6125,10.6775,10.5875,10.6,741200
2006-12-20,10.61,10.7025,10.585,10.6875,894400
2006-12-21,10.71,10.75,10.6875,10.73,1042000
2006-12-22,10.7325,10.75,10.6525,10.7125,844400
2006-12-26,10.6925,10.7675,10.6675,10.75,452000
2006-12-27,10.79,10.8925,10.7575,10.845,468800
2006-12-28,10.85,10.85,10.77,10.775,270400
2006-12-29,10.7675,10.775,10.6325,10.6625,593200
2007-01-03,10.75,11.02,10.705,11.01,2437200
2007-01-04,11.0175,11.0175,10.875,10.995,1390000
2007-01-05,10.795,11.035,10.795,11.0125,1676000
2007-01-08,11.0125,11.125,10.8275,10.8675,1026800
2007-01-09,10.8775,11.0074997,10.8425,11.0074997,1271200
2007-01-10,10.975,11.0,10.8725,10.98,1482400
2007-01-11,11.0074997,11.11,11.0074997,11.0725,976800
2007-01-12,11.0525,11.1175,11.045,11.095,587600
2007-01-16,11.1225,11.125,11.0125,11.0525,730800
2007-01-17,11.0525,11.1725,11.0375,11.1725,724000
2007-01-18,11.3925,11.3925,11.0475,11.115,587200
2007-01-19,11.115,11.295,11.035,11.1525,2386800
2007-01-22,11.1725,11.2,11.0775,11.15,587600
2007-01-23,11.1575,11.25,11.13,11.225,482800
2007-01-24,11.2225,11.285,11.1875,11.275,558400
2007-01-25,11.2375,11.2625,11.175,11.25,944800
2007-01-26,11.275,11.275,11.1425,11.2275,974800
2007-01-29,11.2025,11.2775,11.2025,11.255,867200
2007-01-30,11.275,11.275,11.22,11.2675,603200
2007-01-31,11.2675,11.3325,11.1675,11.3275,1152000
2007-02-01,11.3375,11.3575,11.295,11.3175,1033200
2007-02-02,11.3,11.335,11.2075,11.2125,906000
2007-02-05,11.2,11.21,10.9925,11.145,1490400
2007-02-06,11.475,11.6725,10.965,11.5475,5863200
2007-02-07,11.5975,11.875,11.5975,11.77,1692000
2007-02-08,11.72,11.765,11.625,11.645,943600
2007-02-09,11.6425,11.6725,11.55,11.605,1228000
2007-02-12,11.605,11.635,11.5775,11.63,815200
2007-02-13,11.63,11.765,11.615,11.765,1352800
2007-02-14,11.765,11.845,11.73,11.755,762000
2007-02-15,11.75,11.75,11.6625,11.7,1124800
2007-02-16,11.73,11.85,11.695,11.835,988400
2007-02-20,11.775,11.86,11.7075,11.7725,1350800
2007-02-21,11.7275,11.8075,11.725,11.775,1067600
2007-02-22,11.77,11.805,11.6675,11.755,1075200
2007-02-23,11.77,11.785,11.695,11.7575,461600
2007-02-26,11.795,11.8475,11.7275,11.845,894800
2007-02-27,11.8475,11.9,11.635,11.775,1931600
2007-02-28,11.875,12.0675,11.8225,11.9875,2884400
2007-03-01,11.985,12.055,11.835,11.9625,1832400
2007-03-02,11.9625,11.99,11.7975,11.815,1414000
2007-03-05,11.7625,11.87,11.7125,11.7125,1426000
2007-03-06,11.8125,11.92,11.675,11.7725,1724400
2007-03-07,11.79,11.8775,11.72,11.7575,1638400
2007-03-08,11.7975,11.865,11.75,11.86,890400
2007-03-09,11.9125,11.9625,11.8225,11.925,1692400
2007-03-12,11.9225,11.9775,11.88,11.9475,1973200
2007-03-13,11.925,11.95,11.845,11.8825,1808400
2007-03-14,11.8825,11.9875,11.8,11.89,2279200
2007-03-15,11.89,12.0275,11.845,12.0275,1648000
2007-03-16,12.0375,12.0875,11.9475,11.99,1032400
2007-03-19,12.085,12.165,12.03,12.1475,1011600
2007-03-20,12.1475,12.2775,12.1175,12.2775,1937600
2007-03-21,12.2775,12.4475,12.25,12.435,999200
2007-03-22,12.485,12.4875,12.345,12.475,1637600
2007-03-23,12.475,12.5,12.435,12.47,1067200
2007-03-26,12.4575,12.4975,12.2875,12.4875,2399200
2007-03-27,12.45,12.495,12.35,12.425,1468800
2007-03-28,12.425,12.4975,12.36,12.445,756000
2007-03-29,12.5,12.5025,12.39,12.4775,724000
2007-03-30,12.5,12.5875,12.4225,12.5875,1067200
2007-04-02,13.0,13.2325,12.7225,12.78,2583200
2007-04-03,12.8,12.8475,12.7275,12.765,1114000
2007-04-04,12.775,12.8825,12.75,12.795,930800
2007-04-05,12.8125,12.905,12.8075,12.8475,1002400
2007-04-09,12.875,12.99,12.875,12.975,1766000
2007-04-10,12.9725,13.055,12.905,12.9725,544400
2007-04-11,12.9475,12.9725,12.8525,12.9375,722400
2007-04-12,12.9125,12.95,12.85,12.935,1197200
2007-04-13,12.9525,12.9725,12.8125,12.95,1183200
2007-04-16,13.0050001,13.0875,12.9075,12.98,1171600
2007-04-17,13.01,13.08,12.9425,13.0050001,998800
2007-04-18,12.98,12.9925,12.8775,12.8875,1118800
2007-04-19,12.87,12.9,12.6325,12.8725,845600
2007-04-20,12.9325,12.9875,12.7475,12.86,1833200
2007-04-23,12.8875,12.95,12.8225,12.9075,752000
2007-04-24,12.9,12.9,12.7875,12.8275,1223200
2007-04-25,12.8575,12.89,12.7475,12.8175,1418000
2007-04-26,12.8125,12.8575,12.675,12.7475,1562400
2007-04-27,12.7275,12.7975,12.6325,12.75,1324800
2007-04-30,12.725,12.865,12.6825,12.6825,921200
2007-05-01,12.6825,12.975,12.5875,12.8475,1049600
2007-05-02,12.83,12.94,12.83,12.9,1132400
2007-05-03,12.9025,12.945,12.83,12.8575,774000
2007-05-04,12.875,13.0,12.8375,12.975,1146400
2007-05-07,13.075,13.185,12.97,13.0125,1023600
2007-05-08,12.75,12.84,12.0925,12.7375,4599600
2007-05-09,12.675,12.7375,12.52,12.6125,1901200
2007-05-10,12.54,12.54,12.2925,12.3975,2269200
2007-05-11,12.4225,12.4425,12.33,12.385,1629200
2007-05-14,12.385,12.4575,12.265,12.38,1164400
2007-05-15,12.425,12.495,12.3125,12.325,1256800
2007-05-16,12.345,12.4925,12.3025,12.4725,869200
2007-05-17,12.425,12.425,12.28,12.28,1405600
2007-05-18,12.2975,12.3175,12.125,12.175,2014800
2007-05-21,12.1125,12.2925,12.06,12.2375,1710400
2007-05-22,12.215,12.2575,12.05,12.2025,1626400
2007-05-23,12.19,12.29,12.1275,12.2375,1400000
2007-05-24,12.21,12.25,12.055,12.0825,1125600
2007-05-25,12.0825,12.1875,12.0825,12.15,1142400
2007-05-29,12.155,12.4225,12.155,12.3775,1352800
2007-05-30,12.295,12.4875,12.2775,12.4875,1265600
2007-05-31,12.5,12.59,12.4625,12.5025,1562000
2007-06-01,12.55,12.665,12.52,12.5825,1143200
2007-06-04,12.5625,12.6175,12.4875,12.6175,709200
2007-06-05,12.575,12.63,12.5175,12.595,738800
2007-06-06,12.5325,12.5825,12.4075,12.41,1876400
2007-06-07,12.3625,12.3625,12.2025,12.2375,1510800
2007-06-08,12.245,12.3625,12.2,12.355,638000
2007-06-11,12.3225,12.3875,12.295,12.32,465200
2007-06-12,12.305,12.3475,12.21,12.275,854400
2007-06-13,12.275,12.39,12.2325,12.2825,2478400
2007-06-14,12.235,12.32,12.0925,12.1675,1122400
2007-06-15,12.25,12.3575,12.1675,12.23,1230800
2007-06-18,12.26,12.285,12.115,12.1175,1110800
2007-06-19,12.16,12.3675,12.16,12.2875,1974800
2007-06-20,12.3125,12.4725,12.3125,12.34,1261600
2007-06-21,12.3,12.3725,12.2525,12.3575,1075200
2007-06-22,12.345,12.345,12.175,12.255,1466000
2007-06-25,12.2075,12.35,12.1975,12.255,827600
2007-06-26,12.255,12.3075,12.1875,12.2625,674800
2007-06-27,12.2475,12.2475,12.095,12.1775,982000
2007-06-28,12.175,12.2825,12.14,12.185,1504800
2007-06-29,12.2175,12.27,12.035,12.115,877600
2007-07-02,12.1675,12.2,12.125,12.195,909200
2007-07-03,12.1975,12.28,12.1825,12.255,327200
2007-07-05,12.255,12.3,12.115,12.2025,1000400
2007-07-06,12.2175,12.33,12.17,12.2875,1051200
2007-07-09,12.2875,12.3875,12.2675,12.3875,1444800
2007-07-10,12.3125,12.3375,12.2625,12.2725,1560400
2007-07-11,12.25,12.325,12.245,12.3025,2768000
2007-07-12,12.3525,12.51,12.3325,12.5075,4839600
2007-07-13,12.5475,12.625,12.5325,12.575,2090400
2007-07-16,12.59,12.615,12.415,12.4325,2157200
2007-07-17,12.4625,12.525,12.38,12.38,4252400
2007-07-18,12.355,12.455,12.2375,12.34,2940400
2007-07-19,12.3925,12.4925,12.3725,12.375,1175200
2007-07-20,12.3325,12.3625,12.155,12.165,2635200
2007-07-23,12.2375,12.415,12.2,12.38,1492400
2007-07-24,12.2925,12.445,12.25,12.3475,1581600
2007-07-25,12.4125,12.475,12.2875,12.3775,1816400
2007-07-26,12.255,12.3675,12.1875,12.335,2310400
2007-07-27,12.345,12.345,12.1575,12.17,1835600
2007-07-30,12.1575,12.275,11.955,12.2425,1467600
2007-07-31,12.295,12.4325,12.1975,12.265,1716000
2007-08-01,12.1975,12.445,12.1425,12.4125,1484000
2007-08-02,12.45,12.66,12.33,12.5975,1631600
2007-08-03,12.5,12.59,12.3375,12.3375,1941600
2007-08-06,12.4,12.7125,12.4,12.5025,3744000
2007-08-07,12.1875,12.295,11.5175,11.95,5344800
2007-08-08,12.05,12.3525,11.6775,11.995,3785200
2007-08-09,11.7875,12.055,11.77,11.94,3224000
2007-08-10,11.9875,12.0425,11.57,11.625,2959600
2007-08-13,11.75,11.825,11.5675,11.665,1800400
2007-08-14,11.6225,11.6475,11.25,11.415,2346000
2007-08-15,11.3925,11.6275,11.305,11.3225,1441200
2007-08-16,11.25,11.3425,11.0,11.2675,1804800
2007-08-17,11.5125,11.73,11.22,11.3775,1784800
2007-08-20,11.4275,11.4975,11.2075,11.3475,2750800
2007-08-21,11.2875,11.3825,11.1675,11.3675,1493600
2007-08-22,11.45,11.69,11.45,11.66,2232800
2007-08-23,11.675,11.675,11.4625,11.51,1410800
2007-08-24,11.515,11.625,11.5,11.61,1342000
2007-08-27,11.5725,11.605,11.4825,11.4825,1064800
2007-08-28,11.36,11.39,11.025,11.24,2507200
2007-08-29,11.2875,11.38,11.2075,11.28,1437200
2007-08-30,11.175,11.26,11.095,11.16,1527600
2007-08-31,11.2375,11.285,11.1225,11.2325,1701200
2007-09-04,11.22,11.425,11.1775,11.37,1246000
2007-09-05,11.3125,11.3575,11.21,11.255,1376400
2007-09-06,11.2475,11.2675,11.1125,11.2225,1215200
2007-09-07,11.12,11.175,10.9875,11.0375,1939600
2007-09-10,10.915,10.925,10.59,10.8625,3279600
2007-09-11,10.855,11.0125,10.8375,11.0,2866800
2007-09-12,10.9125,10.925,10.7525,10.8125,2652400
2007-09-13,10.8875,10.9425,10.835,10.8525,1336000
2007-09-14,10.8,11.0925,10.7525,11.0725,1518000
2007-09-17,11.035,11.135,10.995,11.0775,1410800
2007-09-18,11.15,11.41,11.15,11.3075,1421200
2007-09-19,11.315,11.46,11.275,11.305,1300400
2007-09-20,11.325,11.395,11.23,11.25,631600
2007-09-21,11.3175,11.3175,11.25,11.3075,1421600
2007-09-24,11.275,11.3025,11.2175,11.2875,1658800
2007-09-25,11.25,11.3375,11.25,11.305,706800
2007-09-26,11.305,11.555,11.305,11.51,2698800
2007-09-27,11.5625,11.75,11.55,11.75,2102800
2007-09-28,11.75,11.81,11.69,11.76,1653200
2007-10-01,11.76,11.83,11.6175,11.685,1266000
2007-10-02,11.7,11.7325,11.59,11.6425,672800
2007-10-03,11.5925,11.72,11.5925,11.7,726400
2007-10-04,11.7575,11.855,11.7425,11.8025,1084800
2007-10-05,11.8625,11.8825,11.795,11.86,929200
2007-10-08,11.835,11.9025,11.7725,11.8025,579200
2007-10-09,11.8375,11.8725,11.6725,11.78,903600
2007-10-10,11.7525,11.8075,11.69,11.705,767200
2007-10-11,11.7625,11.81,11.6475,11.715,931200
2007-10-12,11.705,11.7775,11.595,11.665,1220000
2007-10-15,11.645,11.645,11.49,11.5475,862800
2007-10-16,11.5475,11.6225,11.45,11.475,660400
2007-10-17,11.5175,11.5525,11.4525,11.5425,549200
2007-10-18,11.505,11.685,11.495,11.685,847200
2007-10-19,11.6825,11.875,11.65,11.7325,1914000
2007-10-22,11.6375,11.78,11.6075,11.78,1253600
2007-10-23,11.8225,11.965,11.7925,11.8125,965600
2007-10-24,11.7625,11.835,11.6475,11.835,973600
2007-10-25,11.8625,11.93,11.79,11.85,580400
2007-10-26,11.965,11.965,11.8625,11.8925,580400
2007-10-29,11.9175,11.9875,11.785,11.8575,940000
2007-10-30,11.825,11.9225,11.655,11.6675,1551200
2007-10-31,11.71,11.945,11.6775,11.8275,1656000
2007-11-01,11.7375,12.0,11.71,11.8025,1833600
2007-11-02,11.83,11.855,11.6675,11.7925,1418800
2007-11-05,11.64,11.8825,11.5875,11.5875,1928800
2007-11-06,12.4975,12.8375,12.0,12.7575,6334800
2007-11-07,12.6625,12.85,12.575,12.5975,2185200
2007-11-08,12.7175,12.9975,12.68,12.875,2618800
2007-11-09,12.7525,12.8925,12.645,12.73,1856800
2007-11-12,12.695,13.135,12.66,12.94,1424400
2007-11-13,13.0024996,13.2,12.8425,13.1725,1866400
2007-11-14,13.24,13.24,12.93,12.9475,1053200
2007-11-15,12.8875,13.2275,12.8175,13.015,1674800
2007-11-16,13.085,13.2,12.7875,12.845,1824400
2007-11-19,12.7525,13.0225,12.73,12.8825,1568400
2007-11-20,12.885,13.345,12.87,13.3025,3000400
2007-11-21,13.24,13.485,13.175,13.2025,1956000
2007-11-23,13.2575,13.3225,13.1575,13.17,280000
2007-11-26,13.1625,13.375,13.1375,13.3425,1233600
2007-11-27,13.3775,13.8025,13.3,13.7375,2910800
2007-11-28,13.87,14.0,13.7525,13.92,3438400
2007-11-29,13.875,14.025,13.7575,13.95,2407200
2007-11-30,14.065,14.1075,13.9525,14.03,1842400
2007-12-03,13.9725,14.2225,13.955,14.025,1986800
2007-12-04,13.9325,14.025,13.825,13.9325,2198000
2007-12-05,14.065,14.265,13.9625,14.0,3054400
2007-12-06,14.0375,14.13,13.72,14.0625,2788800
2007-12-07,14.05,14.1075,13.945,14.035,1177200
2007-12-10,14.045,14.075,13.9375,14.025,1193200
2007-12-11,14.0875,14.1075,13.8325,13.885,1929200
2007-12-12,14.17,14.17,13.875,14.0125,1204400
2007-12-13,13.98,14.2975,13.9775,14.2325,2826000
2007-12-14,14.235,14.2925,14.17,14.18,1598000
2007-12-17,14.21,14.22,13.985,14.075,1125200
2007-12-18,14.225,14.2475,13.8575,13.995,1511600
2007-12-19,13.9925,14.0925,13.8475,13.875,1964400
2007-12-20,13.9775,14.06,13.8125,14.0,1837200
2007-12-21,14.065,14.13,13.815,13.87,4144400
2007-12-24,13.8675,14.025,13.825,13.9,369600
2007-12-26,13.845,13.965,13.73,13.87,1363600
2007-12-27,13.805,13.8975,13.5725,13.68,1512000
2007-12-28,13.6925,13.76,13.6325,13.68,969200
2007-12-31,13.62,13.6975,13.49,13.5175,1452400
2008-01-02,13.49,13.49,13.1825,13.3375,3367600
2008-01-03,13.3375,13.58,13.2775,13.3675,1873600
2008-01-04,13.2175,13.405,13.1625,13.2,2010400
2008-01-07,13.2325,13.3525,13.085,13.32,3537600
2008-01-08,13.3625,13.675,13.3025,13.555,2561600
2008-01-09,13.495,14.0,13.495,13.91,3151200
2008-01-10,13.8575,14.1675,13.825,14.0625,2643600
2008-01-11,14.0,14.0675,13.7825,13.8225,2211600
2008-01-14,13.8875,13.8875,13.6775,13.83,1516800
2008-01-15,13.7075,13.875,13.6175,13.74,1530400
2008-01-16,13.71,14.08,13.6325,13.9075,2324400
2008-01-17,13.9375,13.9375,13.715,13.815,2039600
2008-01-18,13.84,14.0625,13.68,13.695,2397600
2008-01-22,13.17,13.62,13.13,13.38,2867600
2008-01-23,13.0775,13.3125,12.5,13.15,3556800
2008-01-24,13.2,13.21,12.75,12.86,3020800
2008-01-25,12.9425,13.0825,12.8325,12.945,1561600
2008-01-28,12.92,13.1025,12.73,13.05,2714400
2008-01-29,13.1225,13.1875,12.87,13.0325,1470800
2008-01-30,13.0074997,13.2475,12.9375,13.0175,908800
2008-01-31,12.8525,13.3775,12.8475,13.305,1642400
2008-02-01,13.3075,13.4975,13.0825,13.33,1308400
2008-02-04,13.375,13.375,13.12,13.23,2169200
2008-02-05,13.5,13.9975,13.1325,13.675,3427200
2008-02-06,13.775,13.8625,13.41,13.5,4824000
2008-02-07,13.4175,13.6575,13.3975,13.555,2389600
2008-02-08,13.585,13.625,13.325,13.4675,2402800
2008-02-11,13.5625,13.64,13.445,13.605,1445600
2008-02-12,13.6475,13.6475,13.5,13.625,2415200
2008-02-13,13.71,13.795,13.6225,13.6625,1639600
2008-02-14,13.7,13.7,13.495,13.5475,1848000
2008-02-15,13.4925,13.5625,13.3425,13.485,1470800
2008-02-19,13.6075,13.61,13.42,13.4225,1113200
2008-02-20,13.385,13.4825,13.2225,13.47,1614400
2008-02-21,13.525,13.565,13.28,13.2975,1304000
2008-02-22,13.33,13.3775,13.195,13.3575,1216800
2008-02-25,13.3725,13.5625,13.37,13.49,1070400
2008-02-26,13.4175,13.6,13.3725,13.575,993600
2008-02-27,13.5075,13.66,13.5025,13.5825,701600
2008-02-28,13.4925,13.7025,13.4925,13.5575,1055600
2008-02-29,13.4225,13.4225,13.245,13.365,1503200
2008-03-03,13.2725,13.3625,13.13,13.2525,3276800
2008-03-04,13.145,13.3625,13.1225,13.315,1564000
2008-03-05,13.2725,13.375,13.1375,13.21,1429200
2008-03-06,13.1975,13.2275,13.01,13.035,954800
2008-03-07,12.945,13.1175,12.945,13.05,1591600
2008-03-10,13.0425,13.095,12.9,12.9175,1102400
2008-03-11,13.15,13.315,13.0525,13.1375,2199600
2008-03-12,13.2,13.3725,13.2,13.265,1456400
2008-03-13,13.13,13.27,12.99,13.175,2086800
2008-03-14,13.255,13.255,12.9275,13.06,960800
2008-03-17,12.85,13.0175,12.85,12.975,1355200
2008-03-18,13.155,13.235,13.02,13.1725,1127200
2008-03-19,13.2125,13.3075,13.0325,13.055,1339200
2008-03-20,13.0575,13.2325,13.0375,13.2,1403200
2008-03-24,13.145,13.3825,13.145,13.3125,1414800
2008-03-25,13.37,13.5625,13.3125,13.51,1706800
2008-03-26,13.4625,13.59,13.425,13.455,918800
2008-03-27,13.495,13.515,13.2875,13.3275,874800
2008-03-28,13.34,13.385,13.185,13.2675,945200
2008-03-31,13.2675,13.56,13.1875,13.56,5178400
2008-04-01,13.6375,14.2125,13.6375,13.86,3591600
2008-04-02,13.9875,14.3575,13.9025,14.245,3244800
2008-04-03,14.245,14.4275,14.24,14.365,1674000
2008-04-04,14.3125,14.41,14.145,14.2875,2150000
2008-04-07,14.34,14.3575,14.09,14.2075,1511200
2008-04-08,14.135,14.2075,13.9575,14.19,1763200
2008-04-09,14.15,14.205,14.055,14.105,754800
2008-04-10,14.0625,14.4075,14.0625,14.2875,1992000
2008-04-11,14.17,14.37,14.125,14.2225,1722800
2008-04-14,14.1925,14.28,14.095,14.205,806000
2008-04-15,14.2575,14.3325,13.9525,14.075,1636800
2008-04-16,14.1875,14.2725,14.155,14.255,1010000
2008-04-17,14.18,14.24,14.035,14.13,1166400
2008-04-18,14.3625,14.38,14.0675,14.0775,945200
2008-04-21,13.995,14.0925,13.9775,14.0050001,1223200
2008-04-22,13.98,14.0050001,13.855,13.965,882800
2008-04-23,13.9525,14.1125,13.93,14.065,1254000
2008-04-24,14.0925,14.1875,14.03,14.0725,684400
2008-04-25,14.0074997,14.25,14.0,14.2075,903600
2008-04-28,14.175,14.2325,13.965,14.0925,1032400
2008-04-29,14.0975,14.2575,14.0875,14.1925,744000
2008-04-30,14.25,14.2975,14.11,14.205,1554400
2008-05-01,14.16,14.225,14.03,14.155,1176400
2008-05-02,14.28,14.33,14.135,14.1875,1378000
2008-05-05,14.0575,14.255,13.9025,14.0125,2790000
2008-05-06,14.3375,14.6075,13.3825,13.715,5454400
2008-05-07,13.7025,13.705,13.505,13.575,2470400
2008-05-08,13.6525,13.655,13.4,13.51,3051200
2008-05-09,13.4,13.5825,13.35,13.435,2037200
2008-05-12,13.4775,13.525,13.3775,13.5025,1970000
2008-05-13,13.42,13.72,13.42,13.685,1669200
2008-05-14,13.735,13.8975,13.69,13.725,934800
2008-05-15,13.7475,14.0375,13.68,14.025,1640400
2008-05-16,14.0725,14.325,14.035,14.2725,2105600
2008-05-19,14.3075,14.3125,14.2075,14.2975,1442800
2008-05-20,14.225,14.3275,14.2075,14.3075,1680800
2008-05-21,14.2875,14.4,14.215,14.2975,1761200
2008-05-22,14.2975,14.41,14.22,14.3225,902400
2008-05-23,14.305,14.33,14.215,14.26,895600
2008-05-27,14.2625,14.345,14.215,14.245,1230800
2008-05-28,14.3,14.325,14.2175,14.2575,1197200
2008-05-29,14.2975,14.3675,14.215,14.2725,1243600
2008-05-30,14.2625,14.36,14.1325,14.2325,5130400
2008-06-02,14.2375,14.3425,14.03,14.2325,1167200
2008-06-03,14.1725,14.325,14.125,14.2625,1046000
2008-06-04,14.255,14.405,14.1075,14.3475,1146800
2008-06-05,14.35,14.37,14.2275,14.3,1425600
2008-06-06,14.1625,14.1625,13.71,13.7425,2334800
2008-06-09,13.7475,13.7975,13.5875,13.6875,1565600
2008-06-10,13.5625,13.8375,13.5625,13.73,1672400
2008-06-11,13.745,13.8475,13.615,13.6525,1218000
2008-06-12,13.6875,13.8025,13.61,13.76,1281600
2008-06-13,13.83,13.8925,13.7125,13.835,1158400
2008-06-16,13.815,13.9525,13.6725,13.915,1482800
2008-06-17,13.985,14.1325,13.84,14.015,1870400
2008-06-18,13.9175,14.16,13.9175,14.1225,1734800
2008-06-19,14.105,14.3125,14.0575,14.16,1116000
2008-06-20,14.15,14.2275,13.91,13.9875,1530400
2008-06-23,14.0275,14.1075,13.7725,13.925,2144800
2008-06-24,13.8875,14.045,13.875,13.8975,1248000
2008-06-25,13.8975,14.275,13.895,14.245,1394000
2008-06-26,14.1925,14.2425,14.0675,14.0925,1708000
2008-06-27,14.0925,14.0925,13.97,13.97,2203200
2008-06-30,13.86,14.225,13.86,14.0875,982400
2008-07-01,13.9925,14.1,13.98,14.0074997,1728800
2008-07-02,14.025,14.105,13.945,14.0050001,2469600
2008-07-03,13.4475,13.5625,12.7875,13.2375,6215600
2008-07-07,13.27,13.355,12.1775,12.425,6127600
2008-07-08,12.425,13.255,12.425,13.155,5850400
2008-07-09,13.245,13.705,13.045,13.37,3837600
2008-07-10,13.405,13.4875,13.255,13.41,2238000
2008-07-11,13.3375,13.6275,13.325,13.605,2632800
2008-07-14,13.695,13.84,13.415,13.525,1778000
2008-07-15,13.3825,13.5425,12.995,13.37,4100000
2008-07-16,13.4225,13.6025,13.2325,13.38,3483200
2008-07-17,13.4825,13.7075,13.35,13.645,2826400
2008-07-18,13.72,13.74,13.43,13.655,1138800
2008-07-21,13.67,13.6925,13.5025,13.6375,1186000
2008-07-22,13.5275,13.965,13.525,13.91,2162400
2008-07-23,13.9175,14.055,13.8025,13.9475,1258000
2008-07-24,13.9725,14.09,13.6575,13.6925,1219200
2008-07-25,13.71,13.8,13.535,13.59,1346400
2008-07-28,13.515,13.73,13.505,13.6075,1054800
2008-07-29,13.635,13.8625,13.595,13.705,1312000
2008-07-30,13.75,13.9025,13.7175,13.855,1720400
2008-07-31,13.855,13.8575,13.6675,13.7175,1902000
2008-08-01,13.785,13.8225,13.645,13.6875,2151200
2008-08-04,14.145,14.4375,13.755,14.3425,6010400
2008-08-05,14.3275,15.0,14.2325,14.9925,5174800
2008-08-06,14.9875,15.3725,14.85,15.3,3233600
2008-08-07,15.215,15.3725,15.0925,15.1275,1556800
2008-08-08,15.215,15.5425,15.1725,15.51,3284400
2008-08-11,15.5225,15.825,15.375,15.715,2164400
2008-08-12,15.7275,15.78,15.2525,15.3525,2898000
2008-08-13,15.275,15.4125,15.175,15.3525,2438400
2008-08-14,15.335,15.505,15.3275,15.39,2297600
2008-08-15,15.18,15.4125,14.95,15.25,3163200
2008-08-18,15.3375,15.41,15.1625,15.255,1447600
2008-08-19,15.2575,15.515,15.2575,15.4675,1805600
2008-08-20,15.47,15.5025,15.2675,15.335,1336800
2008-08-21,15.255,15.4,15.1925,15.3275,1776400
2008-08-22,15.275,15.545,15.27,15.3725,1604400
2008-08-25,15.305,15.305,15.06,15.2075,1474000
2008-08-26,15.2425,15.425,15.18,15.3775,1340400
2008-08-27,15.315,15.665,15.3,15.5575,1946000
2008-08-28,15.6025,15.7675,15.5375,15.6675,1365200
2008-08-29,15.625,15.715,15.5725,15.625,989600
2008-09-02,15.73,15.9975,15.71,15.7725,1860400
2008-09-03,15.725,16.0725,15.725,16.0175,2099600
2008-09-04,15.985,16.092501,15.68,15.7925,2119200
2008-09-05,15.7475,15.8525,15.45,15.8375,1457600
2008-09-08,16.11,16.225,15.8975,16.0525,2087200
2008-09-09,16.084999,16.1225,15.8625,15.9725,1556000
2008-09-10,16.0074997,16.065001,15.605,15.6925,2338800
2008-09-11,15.655,15.91,15.5,15.8775,1293200
2008-09-12,15.8225,16.105,15.695,16.092501,1305200
2008-09-15,16.0725,16.36,15.8,15.9775,2089200
2008-09-16,15.82,15.9525,15.5775,15.915,2538800
2008-09-17,15.8525,15.915,15.505,15.5825,3478400
2008-09-18,15.7175,15.985,15.5825,15.915,2783200
2008-09-19,15.92,16.385,14.63,15.365,2798400
2008-09-22,15.3375,15.5725,15.1375,15.34,2305600
2008-09-23,15.37,15.635,15.3225,15.57,2034000
2008-09-24,15.555,15.66,15.405,15.53,1066000
2008-09-25,15.59,15.625,15.2925,15.39,1492000
2008-09-26,15.2525,15.57,15.1825,15.3075,1671200
2008-09-29,15.205,15.3475,14.81,15.02,1648000
2008-09-30,15.16,15.5225,15.0050001,15.5225,2437200
2008-10-01,15.445,15.7075,15.325,15.69,2369600
2008-10-02,15.6725,16.0,15.63,15.8225,2082400
2008-10-03,15.955,16.022499,15.675,15.7875,2436800
2008-10-06,15.5675,15.7075,14.565,15.7075,4802400
2008-10-07,15.825,15.825,15.3125,15.325,3192000
2008-10-08,15.0425,15.6975,14.5,15.2575,5311200
2008-10-09,15.25,15.2575,13.9675,13.9925,4083600
2008-10-10,13.7525,13.83,11.8975,13.615,5425200
2008-10-13,14.195,14.5425,13.995,14.445,4368000
2008-10-14,14.65,15.0,14.53,14.7325,4009600
2008-10-15,14.6075,14.83,14.215,14.25,4977200
2008-10-16,14.2575,14.485,13.5,14.425,3991600
2008-10-17,13.9675,14.505,13.78,14.2225,2455200
2008-10-20,14.3325,14.5525,14.175,14.5,3166400
2008-10-21,14.46,14.8525,14.36,14.745,4429600
2008-10-22,14.5375,14.73,13.9425,14.3075,2983200
2008-10-23,14.3025,14.46,13.8175,14.235,4581600
2008-10-24,13.76,13.9875,13.5375,13.8375,2992000
2008-10-27,13.7275,13.8475,13.285,13.4025,3882000
2008-10-28,13.83,14.0775,13.3425,13.9275,3573600
2008-10-29,13.78,14.6375,13.7525,14.09,3666800
2008-10-30,14.3525,14.5225,14.2275,14.4125,2298800
2008-10-31,14.375,14.8275,14.3475,14.7725,2883600
2008-11-03,14.83,15.075,14.7175,14.8575,3031600
2008-11-04,15.125,15.3725,14.8825,15.025,4116800
2008-11-05,15.1,15.1,14.4675,14.5175,2084800
2008-11-06,14.4,14.4975,13.9675,14.0425,2696800
2008-11-07,14.1875,14.3375,14.0325,14.3375,2046000
2008-11-10,14.5775,14.7375,14.055,14.23,1671600
2008-11-11,13.9975,14.14,13.6825,13.8575,2556400
2008-11-12,13.6725,13.765,13.395,13.4125,2774400
2008-11-13,13.4525,14.3125,13.4025,14.3125,4243200
2008-11-14,14.25,14.6225,14.045,14.1525,3499200
2008-11-17,14.0325,14.6425,14.0325,14.28,2806400
2008-11-18,14.25,14.65,13.96,14.65,3421600
2008-11-19,14.63,15.0,14.5625,14.7325,5608800
2008-11-20,14.5425,14.82,13.9675,14.0725,5910400
2008-11-21,14.2575,14.53,13.4925,14.21,5890800
2008-11-24,14.3325,14.625,14.1425,14.535,5391600
2008-11-25,14.6525,15.0,14.18,14.2025,11588800
2008-11-26,14.05,14.5275,14.0275,14.4725,3538800
2008-11-28,14.6225,14.935,14.475,14.86,1704000
2008-12-01,14.59,14.64,14.015,14.0425,2880400
2008-12-02,14.255,14.255,13.7525,14.1475,3604800
2008-12-03,13.75,14.5,13.75,14.3175,2605200
2008-12-04,14.145,14.43,13.7075,13.9675,3306400
2008-12-05,13.87,13.895,13.3025,13.5775,5818800
2008-12-08,13.7875,13.97,13.4,13.565,4379600
2008-12-09,13.485,13.6825,12.965,13.0,5019600
2008-12-10,13.065,13.2,12.5675,12.9025,4644800
2008-12-11,12.83,12.955,12.5675,12.6475,2976800
2008-12-12,12.4025,12.945,12.4025,12.86,2881200
2008-12-15,12.9475,12.9475,12.5525,12.765,1809600
2008-12-16,12.7125,13.125,12.66,13.1175,2170400
2008-12-17,12.895,13.315,12.895,13.18,3251200
2008-12-18,13.3125,13.66,13.2275,13.5925,3104000
2008-12-19,13.655,13.765,13.065,13.11,3056400
2008-12-22,13.145,13.475,12.9375,13.475,2281600
2008-12-23,13.5275,13.7225,13.2525,13.3225,2269200
2008-12-24,13.375,13.4875,13.2625,13.405,1206800
2008-12-26,13.3975,13.5725,13.3475,13.555,1016800
2008-12-29,13.4875,13.7375,13.4025,13.515,1637600
2008-12-30,13.59,13.75,13.525,13.7275,1501600
2008-12-31,13.7825,14.1275,13.71,14.03,2748000
2009-01-02,14.0375,14.0375,13.7175,13.8975,2074800
2009-01-05,13.82,13.9575,13.7425,13.8375,1818800
2009-01-06,13.8425,14.0,13.6725,13.78,1705200
2009-01-07,13.585,13.885,13.5,13.5475,1932400
2009-01-08,13.47,13.61,13.455,13.55,2049200
2009-01-09,13.53,13.53,13.2625,13.3375,1519600
2009-01-12,13.3175,13.3175,13.1125,13.2725,1883200
2009-01-13,13.2725,13.3825,13.0575,13.1825,1175200
2009-01-14,13.03,13.09,12.8475,13.0074997,1885200
2009-01-15,13.0125,13.395,12.965,13.19,2615600
2009-01-16,13.295,13.495,13.065,13.41,2030400
2009-01-20,13.41,13.59,13.18,13.21,1903200
2009-01-21,13.3,13.3375,13.03,13.3375,2475200
2009-01-22,13.1875,13.3125,12.9475,13.2475,2042000
2009-01-23,13.08,13.37,12.98,13.3075,2792400
2009-01-26,13.29,13.545,13.28,13.37,1812000
2009-01-27,13.4625,13.55,13.27,13.46,2042000
2009-01-28,13.625,13.815,13.5825,13.785,1926000
2009-01-29,13.7,13.885,13.525,13.625,1750800
2009-01-30,13.6825,13.7425,13.245,13.3075,2822000
2009-02-02,13.2425,13.5475,13.2275,13.4975,2388800
2009-02-03,13.5625,13.6125,13.2875,13.5675,2432400
2009-02-04,13.625,13.71,13.415,13.4875,2968000
2009-02-05,13.3775,13.465,12.9725,13.125,5367200
2009-02-06,13.0925,13.375,12.9725,13.34,2874800
2009-02-09,13.34,13.355,13.075,13.1425,1735600
2009-02-10,13.03,13.1125,12.77,12.955,3760400
2009-02-11,13.0775,13.1175,12.8725,13.075,1655200
2009-02-12,12.8775,13.07,12.735,13.07,2837600
2009-02-13,13.0425,13.085,12.805,12.86,2378400
2009-02-17,12.6525,12.9275,12.48,12.77,3219200
2009-02-18,12.77,12.8175,12.6,12.7325,2250000
2009-02-19,12.805,12.8125,12.6375,12.725,1658400
2009-02-20,12.5625,12.7375,12.4175,12.505,2039200
2009-02-23,12.615,12.68,12.2225,12.2325,2011600
2009-02-24,12.325,12.5875,12.2775,12.535,2900400
2009-02-25,12.515,12.6075,12.1375,12.2625,2546000
2009-02-26,12.3775,12.3875,12.0675,12.13,2084000
2009-02-27,12.0,12.38,11.94,12.23,2460400
2009-03-02,12.0575,12.1525,11.7525,11.775,2746800
2009-03-03,11.875,11.9875,11.6325,11.7625,2328000
2009-03-04,11.8375,12.1275,11.755,11.95,1900800
2009-03-05,11.79,11.8975,11.565,11.725,2306400
2009-03-06,11.765,11.8,11.3525,11.715,3092800
2009-03-09,11.5975,11.7725,11.4925,11.57,2123200
2009-03-10,11.5375,11.7375,11.4625,11.705,2435200
2009-03-11,11.75,12.085,11.705,11.865,3069600
2009-03-12,11.875,12.265,11.835,12.2425,3309600
2009-03-13,12.32,12.51,12.25,12.4625,1924000
2009-03-16,12.59,12.8925,12.585,12.695,2474000
2009-03-17,12.6525,12.8125,12.5125,12.8125,2446800
2009-03-18,12.75,12.9925,12.5325,12.84,2837600
2009-03-19,12.87,12.9125,12.515,12.6325,2571600
2009-03-20,12.6675,12.78,12.5375,12.61,2506400
2009-03-23,12.7825,12.8875,12.65,12.8875,2673600
2009-03-24,12.745,13.025,12.745,12.9525,4379200
2009-03-25,13.0625,13.08,12.4325,12.7075,6047600
2009-03-26,12.77,12.8,12.3125,12.7125,4067600
2009-03-27,12.6475,13.1075,12.6475,12.8575,2479600
2009-03-30,13.13,13.1775,12.8775,13.0275,3529200
2009-03-31,13.1575,13.21,13.0225,13.0575,2963600
2009-04-01,12.9125,13.0575,12.805,13.025,3057200
2009-04-02,13.2325,13.645,13.0775,13.44,4603600
2009-04-03,13.435,13.545,13.2425,13.4125,2042000
2009-04-06,13.37,13.6075,13.22,13.57,2387200
2009-04-07,13.39,13.535,13.305,13.3975,1742000
2009-04-08,13.4625,13.5175,13.315,13.51,1842000
2009-04-09,13.62,13.6975,13.2325,13.3825,2375200
2009-04-13,13.33,13.375,13.12,13.165,1612000
2009-04-14,13.0825,13.1475,12.9575,12.965,2828000
2009-04-15,12.94,13.295,12.94,13.2525,2528400
2009-04-16,13.27,13.4275,13.2125,13.2875,2805200
2009-04-17,13.34,13.545,13.2525,13.49,2361200
2009-04-20,13.3675,13.5975,13.24,13.3,1625200
2009-04-21,13.3475,13.505,13.2575,13.3525,1608800
2009-04-22,13.345,13.5325,13.1725,13.205,2299200
2009-04-23,13.1625,13.2575,12.9925,13.1,2401600
2009-04-24,13.185,13.235,13.0,13.065,1992400
2009-04-27,13.045,13.545,13.045,13.355,2744000
2009-04-28,13.25,13.6125,13.1925,13.495,2898800
2009-04-29,13.535,13.65,13.5025,13.575,2042000
2009-04-30,13.705,13.77,13.5225,13.6025,2605600
2009-05-01,13.615,13.67,13.3975,13.605,1964800
2009-05-04,13.625,14.3025,13.54,14.2275,4956400
2009-05-05,14.5,14.625,13.7025,13.745,5862000
2009-05-06,13.8825,14.0050001,13.415,13.69,3065200
2009-05-07,13.715,13.77,13.4825,13.62,1913600
2009-05-08,13.75,13.7725,13.3875,13.4725,2263600
2009-05-11,13.41,13.5375,13.305,13.43,2012400
2009-05-12,13.4875,13.4875,13.165,13.22,3002000
2009-05-13,13.16,13.2775,13.13,13.24,2955600
2009-05-14,13.295,13.3725,13.1375,13.19,2674400
2009-05-15,13.06,13.3125,13.0425,13.2,2503600
2009-05-18,13.2825,13.2825,13.0925,13.25,2052000
2009-05-19,13.25,13.25,12.835,12.96,6127600
2009-05-20,13.01,13.1025,12.69,12.725,3436400
2009-05-21,12.7425,12.8,12.4675,12.6275,3779600
2009-05-22,12.675,12.7925,12.62,12.66,2085600
2009-05-26,12.675,12.9225,12.5525,12.885,1936000
2009-05-27,12.8525,12.865,12.485,12.5025,2263200
2009-05-28,12.5125,12.5475,12.355,12.505,2788800
2009-05-29,12.5575,12.5675,12.3175,12.5675,2588800
2009-06-01,12.61,12.75,12.5,12.65,2098800
2009-06-02,12.645,12.9175,12.61,12.8175,2622400
2009-06-03,12.78,12.9075,12.69,12.83,2424000
2009-06-04,12.8725,12.915,12.6075,12.6975,2245200
2009-06-05,12.7625,12.8475,12.4325,12.5225,3017600
2009-06-08,12.4275,12.6175,12.4275,12.58,2053600
2009-06-09,12.625,12.6675,12.4825,12.5825,3498000
2009-06-10,12.61,12.74,12.5475,12.65,1726800
2009-06-11,12.65,12.8675,12.6475,12.7375,1646400
2009-06-12,12.7425,12.9975,12.685,12.935,2159600
2009-06-15,12.93,12.93,12.6175,12.9,3297200
2009-06-16,12.925,12.9575,12.75,12.7625,2354400
2009-06-17,12.75,13.09,12.75,12.9475,2036400
2009-06-18,12.9925,13.2825,12.955,13.2225,2011200
2009-06-19,13.28,13.3625,13.1925,13.265,2800800
2009-06-22,13.245,13.5425,13.23,13.495,4260800
2009-06-23,13.5125,13.5625,13.3625,13.4075,3238400
2009-06-24,13.4475,13.455,13.375,13.45,1963200
2009-06-25,13.315,13.6875,13.3125,13.6725,1718000
2009-06-26,13.665,13.9,13.5375,13.7875,3248800
2009-06-29,13.61,13.9525,13.4625,13.755,1479200
2009-06-30,13.72,13.725,13.4225,13.5775,2867600
2009-07-01,13.6025,13.7675,13.535,13.6425,2083200
2009-07-02,13.6675,13.6675,13.145,13.145,2797200
2009-07-06,13.13,13.5525,13.13,13.47,2544000
2009-07-07,13.4175,13.53,13.2825,13.285,1065600
2009-07-08,13.285,13.3425,13.175,13.33,1510000
2009-07-09,13.35,13.445,13.245,13.2975,1292800
2009-07-10,13.2925,13.43,13.2075,13.3225,1340000
2009-07-13,13.3775,13.5075,13.295,13.4875,1484400
2009-07-14,13.4875,13.705,13.4325,13.69,2077600
2009-07-15,13.7475,13.875,13.625,13.84,2162400
2009-07-16,13.77,13.935,13.75,13.86,2518400
2009-07-17,13.955,14.0675,13.8225,14.0475,1696000
2009-07-20,14.0625,14.1275,13.93,14.1025,1429600
2009-07-21,14.1225,14.2025,14.0225,14.1,1372000
2009-07-22,14.08,14.365,13.9625,14.345,2573200
2009-07-23,14.3175,14.6825,14.275,14.6375,2742800
2009-07-24,14.615,14.715,14.5125,14.7075,1802400
2009-07-27,14.7275,14.8075,14.65,14.7475,1726400
2009-07-28,14.6275,14.7825,14.58,14.705,1473600
2009-07-29,14.6025,14.9875,14.58,14.805,1679600
2009-07-30,14.9225,14.9575,14.7475,14.9325,1972400
2009-07-31,14.8775,14.995,14.7175,14.745,2247600
2009-08-03,14.745,14.805,14.425,14.755,2230000
2009-08-04,14.9025,15.285,14.4925,14.7475,7072800
2009-08-05,14.705,14.825,14.4475,14.5475,3843200
2009-08-06,14.56,14.6725,14.31,14.375,2648000
2009-08-07,14.445,14.505,14.125,14.455,2279600
2009-08-10,14.445,14.445,14.3025,14.3675,1980000
2009-08-11,14.2975,14.405,14.2975,14.3175,2222400
2009-08-12,14.4025,14.5,14.325,14.37,1678800
2009-08-13,14.3775,14.515,14.28,14.4225,1759600
2009-08-14,14.4225,14.5,14.1625,14.27,2621600
2009-08-17,14.185,14.4325,14.17,14.43,3356000
2009-08-18,14.44,14.44,14.2025,14.2675,2950000
2009-08-19,14.26,14.5,14.26,14.455,2625600
2009-08-20,14.4525,14.6125,14.33,14.6125,2063600
2009-08-21,14.7225,14.7725,14.58,14.7375,3083200
2009-08-24,14.7175,14.82,14.51,14.57,1906000
2009-08-25,14.5525,14.5625,14.43,14.47,2592400
2009-08-26,14.425,14.475,14.28,14.4125,2271200
2009-08-27,14.4375,14.4375,14.255,14.3725,1644800
2009-08-28,14.4125,14.49,14.2425,14.33,2777600
2009-08-31,14.305,14.36,14.17,14.2825,2253600
2009-09-01,14.1775,14.39,14.1775,14.215,1578800
2009-09-02,14.17,14.255,14.1175,14.1475,1015600
2009-09-03,14.19,14.2025,13.94,14.2025,1544000
2009-09-04,14.15,14.2625,14.0925,14.125,3251200
2009-09-08,14.03,14.1325,13.77,13.86,5309600
2009-09-09,13.795,13.8625,13.68,13.755,3755600
2009-09-10,13.85,13.96,13.8075,13.89,3688400
2009-09-11,13.905,13.9275,13.8225,13.84,1518000
2009-09-14,13.79,13.895,13.755,13.88,1341200
2009-09-15,13.8375,13.8825,13.7875,13.82,1327600
2009-09-16,13.81,13.9525,13.6775,13.9425,1554000
2009-09-17,13.945,14.1125,13.9,14.025,2492400
2009-09-18,14.0575,14.23,14.0575,14.1225,2156400
2009-09-21,14.07,14.16,13.9875,14.015,1698000
2009-09-22,14.135,14.135,13.935,14.055,1980400
2009-09-23,14.1175,14.1175,13.945,13.96,1659600
2009-09-24,13.985,14.0575,13.93,14.05,1362800
2009-09-25,14.095,14.1075,13.8525,13.9325,1508800
2009-09-28,13.93,14.13,13.9025,14.0425,944000
2009-09-29,14.0525,14.1525,13.85,14.1,1146400
2009-09-30,14.15,14.2125,14.035,14.185,1945200
2009-10-01,14.1875,14.2275,13.93,14.0925,2182000
2009-10-02,14.0475,14.2525,13.955,14.165,1730400
2009-10-05,14.175,14.175,13.9475,14.15,2066000
2009-10-06,14.19,14.215,14.075,14.1125,1926800
2009-10-07,14.06,14.1225,14.0,14.115,1444400
2009-10-08,14.19,14.395,14.13,14.3125,1819600
2009-10-09,14.3575,14.3625,14.1925,14.2675,1933600
2009-10-12,14.25,14.3875,14.2375,14.2625,1225200
2009-10-13,14.25,14.26,14.06,14.08,1309600
2009-10-14,14.195,14.235,13.835,13.9175,2442800
2009-10-15,13.835,14.11,13.835,14.0925,1170000
2009-10-16,14.0175,14.1075,13.8475,13.88,5912400
2009-10-19,13.9275,13.95,13.7775,13.9275,1938800
2009-10-20,13.9775,13.9775,13.8425,13.9025,2194800
2009-10-21,13.845,14.06,13.7625,13.78,2989600
2009-10-22,13.825,14.01,13.8,13.9175,1976000
2009-10-23,13.9825,13.9825,13.77,13.8475,2026800
2009-10-26,13.8125,13.9325,13.6425,13.7175,3803600
2009-10-27,13.765,13.845,13.635,13.77,2265600
2009-10-28,13.7625,13.8475,13.695,13.705,2204400
2009-10-29,13.7275,13.9225,13.6425,13.8875,2264400
2009-10-30,13.84,14.275,13.8,14.22,5071200
2009-11-02,14.27,14.5925,14.2325,14.5775,6881200
2009-11-03,14.505,14.555,14.16,14.35,6843200
2009-11-04,14.465,14.47,14.24,14.325,3221200
2009-11-05,14.42,14.42,14.11,14.35,3005600
2009-11-06,14.3,14.49,14.26,14.42,2002400
2009-11-09,14.5325,14.69,14.4675,14.6675,1155600
2009-11-10,14.56,14.815,14.55,14.78,2854800
2009-11-11,14.8525,14.995,14.7975,14.9325,3969600
2009-11-12,14.92,14.92,14.5575,14.6225,2127200
2009-11-13,14.555,14.6975,14.555,14.6225,1394000
2009-11-16,14.645,14.8125,14.645,14.8125,2623200
2009-11-17,14.74,14.8175,14.6675,14.745,1263200
2009-11-18,14.7,14.9625,14.4925,14.8775,3892800
2009-11-19,14.85,14.85,14.455,14.6275,1922800
2009-11-20,14.6275,14.66,14.44,14.565,1619600
2009-11-23,14.6625,14.83,14.6625,14.7875,1457200
2009-11-24,14.7375,14.8375,14.6275,14.71,1772400
2009-11-25,14.7375,14.9225,14.7225,14.775,1171600
2009-11-27,14.5125,14.7725,14.4675,14.715,578400
2009-11-30,14.66,14.81,14.5875,14.76,1742800
2009-12-01,14.6325,14.9125,14.5225,14.885,2942400
2009-12-02,14.83,15.1175,14.815,15.08,2995200
2009-12-03,15.01,15.1875,15.01,15.1275,2045600
2009-12-04,15.215,15.275,15.105,15.19,2141200
2009-12-07,15.19,15.2,14.9925,15.0875,2477200
2009-12-08,15.05,15.0675,14.8775,14.945,1425600
2009-12-09,15.0425,15.23,14.96,15.1325,2304800
2009-12-10,15.1425,15.2375,14.92,15.1025,3728800
2009-12-11,15.1425,15.3225,15.0125,15.045,2287200
2009-12-14,15.145,15.1925,15.06,15.0825,1346800
2009-12-15,15.105,15.135,14.8525,14.9625,3031600
2009-12-16,14.965,15.0125,14.755,14.785,2039600
2009-12-17,14.7725,14.7725,14.4825,14.545,2697200
2009-12-18,14.5675,14.5825,14.375,14.475,3323600
2009-12-21,14.6025,15.1975,14.5825,15.1725,11980400
2009-12-22,15.1625,15.315,15.05,15.2875,3682000
2009-12-23,15.2375,15.4925,15.1825,15.4625,3039200
2009-12-24,15.48,15.5475,15.375,15.4625,1036800
2009-12-28,15.46,15.5325,15.425,15.4825,1454800
2009-12-29,15.5325,15.605,15.4025,15.4575,1406400
2009-12-30,15.39,15.5,15.275,15.3125,836800
2009-12-31,15.3125,15.345,15.1125,15.1125,1068000
2010-01-04,15.145,15.34,15.11,15.335,2232400
2010-01-05,15.3,15.425,15.0125,15.1275,1936000
2010-01-06,15.1475,15.22,15.0275,15.2,2628400
2010-01-07,15.125,15.195,14.9675,15.03,2211200
2010-01-08,14.9575,15.0825,14.905,14.9975,1773200
2010-01-11,14.9875,15.045,14.7675,14.9325,1963600
2010-01-12,14.8575,15.3225,14.8575,15.3125,2563200
2010-01-13,15.2925,15.5225,15.2825,15.5125,2070000
2010-01-14,15.455,15.73,15.4175,15.6325,3110800
2010-01-15,15.66,15.8325,15.6125,15.7075,2657600
2010-01-19,15.71,16.022499,15.665,15.8625,3658800
2010-01-20,15.8375,15.875,15.675,15.8475,2292400
2010-01-21,15.82,15.9525,15.4025,15.5525,2924400
2010-01-22,15.615,15.73,15.41,15.4325,2052000
2010-01-25,15.4775,15.4975,15.26,15.29,1582400
2010-01-26,15.305,15.365,15.1575,15.2375,1756000
2010-01-27,15.26,15.3475,15.1325,15.235,924000
2010-01-28,15.285,15.515,15.2,15.22,1207200
2010-01-29,15.3275,15.3775,15.0425,15.0725,1705600
2010-02-01,15.115,15.225,14.9775,15.055,1858800
2010-02-02,15.1125,15.55,15.0725,15.53,1484000
2010-02-03,15.54,15.595,15.405,15.4775,1186800
2010-02-04,15.425,15.4825,15.2125,15.23,1318800
2010-02-05,15.1925,15.3525,15.0725,15.275,2270800
2010-02-08,15.235,15.3525,15.11,15.1425,2469600
2010-02-09,15.35,16.02,15.2075,15.935,5662800
2010-02-10,15.95,16.0875,15.6925,15.7825,1912000
2010-02-11,15.8025,16.0875,15.8025,16.084999,2087200
2010-02-12,16.032499,16.094999,15.875,16.09,1673200
2010-02-16,16.12,16.1625,15.975,16.11,1446000
2010-02-17,16.165,16.2275,16.030001,16.215,1390400
2010-02-18,16.21,16.4675,16.1125,16.465,1573200
2010-02-19,16.4,16.48,16.345,16.475,1686400
2010-02-22,16.525,16.59,16.365,16.55,2188000
2010-02-23,16.5075,16.6125,16.35,16.48,1650000
2010-02-24,16.5225,16.8425,16.4575,16.84,2504400
2010-02-25,16.725,16.9725,16.59,16.86,3416000
2010-02-26,16.88,16.88,16.7125,16.795,2052400
2010-03-01,16.8175,16.8625,16.7425,16.8125,1752000
2010-03-02,16.875,16.9375,16.78,16.9,1458000
2010-03-03,16.865,16.91,16.6625,16.7175,1451600
2010-03-04,16.7175,16.7575,16.61,16.72,1391200
2010-03-05,16.7875,16.89,16.6775,16.8025,1087200
2010-03-08,16.765,16.9,16.765,16.875,1484400
2010-03-09,16.8825,16.9025,16.795,16.8475,1233200
2010-03-10,16.8425,16.885,16.765,16.88,1025600
2010-03-11,16.8925,17.012501,16.825,17.0074997,2659200
2010-03-12,17.0074997,17.1325,16.9525,17.1275,1326400
2010-03-15,17.0525,17.14,16.6425,16.82,2887600
2010-03-16,16.825,17.035,16.76,16.975,1769600
2010-03-17,17.0375,17.0375,16.85,16.9425,1557200
2010-03-18,16.895,17.0375,16.885,16.9525,1240800
2010-03-19,16.9675,17.0525,16.8825,16.9675,1277600
2010-03-22,16.8875,17.2475,16.8875,17.1975,1410000
2010-03-23,17.25,17.34,17.1025,17.3,1090800
2010-03-24,17.2875,17.2875,17.125,17.165,1028000
2010-03-25,17.265,17.2725,16.825,16.835,1484800
2010-03-26,16.8425,16.8625,16.51,16.6225,3019200
2010-03-29,16.695,16.8175,16.635,16.815,1585600
2010-03-30,16.87,16.875,16.7275,16.8125,721600
2010-03-31,16.7525,16.87,16.6325,16.7375,942000
2010-04-01,16.795,16.9525,16.7525,16.93,1171600
2010-04-05,16.9925,17.025,16.89,16.9325,650800
2010-04-06,16.905,16.9625,16.87,16.89,1443200
2010-04-07,16.8825,16.9225,16.87,16.915,2553600
2010-04-08,16.915,17.0425,16.875,16.945,1450800
2010-04-09,16.9475,17.047501,16.905,17.0175,717600
2010-04-12,16.8725,17.0074997,16.7,16.95,2230400
2010-04-13,16.885,17.0175,16.745,16.975,1478400
2010-04-14,17.049999,17.1125,16.9,17.0975,874800
2010-04-15,17.025,17.145,17.0025005,17.09,747200
2010-04-16,17.084999,17.17,16.9975,17.0825,1528400
2010-04-19,17.014999,17.094999,16.98,17.022499,1076800
2010-04-20,17.022499,17.12,16.935,16.99,1090800
2010-04-21,16.98,17.0875,16.8325,17.0625,1094800
2010-04-22,16.99,17.0825,16.915,17.047501,832400
2010-04-23,17.02,17.059999,16.885,17.040001,1147200
2010-04-26,17.067499,17.27,16.985,17.2425,1256400
2010-04-27,17.19,17.3375,17.1075,17.245,1851600
2010-04-28,17.24,17.2625,17.1,17.16,1208000
2010-04-29,17.2075,17.25,16.9475,17.2,2048400
2010-04-30,17.2475,17.4275,17.2075,17.3125,1778800
2010-05-03,17.3375,17.4,17.1375,17.3225,1640400
2010-05-04,17.2175,17.345,17.14,17.3275,1538800
2010-05-05,17.3325,17.4875,17.2425,17.3375,1899600
2010-05-06,17.3175,17.3375,16.445,16.9475,3442800
2010-05-07,16.995,17.0275,16.565,16.6925,3972400
2010-05-10,17.11,17.425,16.9575,17.35,2745600
2010-05-11,16.8375,17.047501,16.525,16.7525,6560400
2010-05-12,16.7825,16.9475,16.5725,16.7825,3196000
2010-05-13,16.4675,16.9775,16.4675,16.65,3128000
2010-05-14,16.6075,16.7025,16.3225,16.4,2206800
2010-05-17,16.3975,16.8375,16.3975,16.7825,3142400
2010-05-18,16.88,16.94,16.6075,16.6375,1570000
2010-05-19,16.6275,16.7475,16.5125,16.6625,1553200
2010-05-20,16.45,16.5225,16.22,16.225,2374800
2010-05-21,16.1425,16.385,16.12,16.2275,1915200
2010-05-24,16.2275,16.505,16.1925,16.3825,2075600
2010-05-25,16.44,16.44,15.95,16.145,3309600
2010-05-26,16.255,16.5175,16.0975,16.395,2451200
2010-05-27,16.57,16.5725,16.2,16.4125,2313200
2010-05-28,16.345,16.615,16.3325,16.4525,1706000
2010-06-01,16.405,16.565,16.29,16.49,1894800
2010-06-02,16.54,16.7975,16.4875,16.795,2312800
2010-06-03,16.7875,16.8775,16.7125,16.825,2675600
2010-06-04,16.64,16.64,16.23,16.27,2343200
2010-06-07,16.2525,16.5,16.2525,16.3825,1938000
2010-06-08,16.3525,16.595,16.2275,16.5825,3298800
2010-06-09,16.69,16.835,16.5475,16.755,2114800
2010-06-10,16.8325,16.9375,16.815,16.8675,2371200
2010-06-11,16.8125,17.1225,16.6975,17.105,2662800
2010-06-14,17.2025,17.21,17.0,17.0175,2503200
2010-06-15,17.0525,17.19,17.0525,17.15,1641200
2010-06-16,17.0275,17.08,16.76,16.8025,2995200
2010-06-17,16.8675,16.96,16.7825,16.9,1500000
2010-06-18,16.8675,16.9075,16.5975,16.63,2794400
2010-06-21,16.735,16.8125,16.6275,16.665,1594800
2010-06-22,16.6875,16.705,16.355,16.355,1889600
2010-06-23,16.355,16.42,16.24,16.3025,1795200
2010-06-24,16.2725,16.3075,16.1825,16.2125,1540800
2010-06-25,16.2375,16.365,16.094999,16.1525,1719200
2010-06-28,16.24,16.35,16.075001,16.2575,824800
2010-06-29,16.1525,16.1825,15.7775,15.835,2972400
2010-06-30,15.7825,15.88,15.6525,15.6775,3920400
2010-07-01,15.6575,15.6925,15.495,15.6675,2315200
2010-07-02,15.6925,15.7225,15.6325,15.6575,1790800
2010-07-06,15.7425,15.845,15.5375,15.69,2696800
2010-07-07,15.74,15.9225,15.7075,15.8725,1839200
2010-07-08,15.9125,16.0875,15.9025,16.0825,2796000
2010-07-09,16.1025,16.2175,16.025,16.1725,1574400
2010-07-12,16.115,16.25,16.09,16.1775,860800
2010-07-13,16.2825,16.4375,16.2575,16.36,1400800
2010-07-14,16.365,16.45,16.2725,16.45,1339200
2010-07-15,16.425,16.5075,16.355,16.5,1205600
2010-07-16,16.4925,16.4925,16.21,16.23,971200
2010-07-19,16.25,16.465,16.1975,16.45,1549600
2010-07-20,16.3475,16.755,16.295,16.745,1757200
2010-07-21,16.7725,16.775,16.3575,16.4,3088800
2010-07-22,16.5025,16.5425,16.3175,16.395,1730800
2010-07-23,16.3975,16.5525,16.3375,16.5525,2106800
2010-07-26,16.595,16.885,16.595,16.8475,1382400
2010-07-27,16.8825,16.955,16.815,16.8925,1881200
2010-07-28,16.9225,16.96,16.7125,16.7825,736400
2010-07-29,16.85,16.85,16.4275,16.62,1358400
2010-07-30,16.4875,16.68,16.4225,16.5675,1230800
2010-08-02,16.75,16.75,16.455,16.605,2346400
2010-08-03,16.4975,16.54,16.092501,16.2225,5652400
2010-08-04,16.2875,16.4575,16.165,16.3825,4170800
2010-08-05,15.9725,15.9725,15.375,15.5875,5640800
2010-08-06,15.5625,15.5825,15.2925,15.5775,2419200
2010-08-09,15.59,15.7225,15.535,15.715,1840800
2010-08-10,15.6525,15.75,15.595,15.6375,1766800
2010-08-11,15.5075,15.535,15.275,15.2775,1356400
2010-08-12,15.415,15.5475,15.0,15.515,1930000
2010-08-13,15.48,15.5775,15.42,15.485,1510000
2010-08-16,15.3875,15.5825,15.2925,15.55,1200000
2010-08-17,15.6025,15.7275,15.5225,15.6375,790000
2010-08-18,15.5875,15.6475,15.51,15.5775,1328400
2010-08-19,15.5225,15.5575,15.36,15.42,2546800
2010-08-20,15.3125,15.3625,15.1675,15.2275,2595600
2010-08-23,15.24,15.29,15.075,15.0775,4031200
2010-08-24,14.9575,15.1875,14.86,15.09,2158000
2010-08-25,15.0225,15.14,14.9525,15.085,1730000
2010-08-26,15.08,15.1725,15.0050001,15.1175,1310800
2010-08-27,15.4175,15.625,15.28,15.4,1946800
2010-08-30,15.36,15.435,15.1325,15.18,1080000
2010-08-31,15.1225,15.41,15.1225,15.3075,2149600
2010-09-01,15.425,15.47,15.3525,15.465,1552800
2010-09-02,15.55,15.685,15.4675,15.6725,1934000
2010-09-03,15.7525,15.7625,15.6275,15.71,1715200
2010-09-07,15.705,15.7075,15.4875,15.515,1049600
2010-09-08,15.515,15.86,15.515,15.82,2041600
2010-09-09,15.965,15.965,15.7775,15.83,1318400
2010-09-10,15.85,15.9275,15.75,15.9175,1214000
2010-09-13,15.98,16.035,15.9125,15.9725,1234000
2010-09-14,15.9975,16.049999,15.9375,15.96,1259200
2010-09-15,15.95,16.1475,15.905,16.115,1044800
2010-09-16,16.1125,16.1425,16.0074997,16.067499,1060000
2010-09-17,16.1925,16.2475,16.1125,16.1125,1570000
2010-09-20,16.165,16.25,16.092501,16.165,1112000
2010-09-21,16.1575,16.185,16.059999,16.09,1158800
2010-09-22,16.032499,16.1825,15.995,16.0025005,1341600
2010-09-23,15.9425,16.065001,15.8625,15.8825,1221600
2010-09-24,16.055,16.15,15.9525,16.1125,2653600
2010-09-27,16.1225,16.365,16.0375,16.265,1771600
2010-09-28,16.265,16.325,16.08,16.2525,1572400
2010-09-29,16.2425,16.3625,16.1525,16.27,2062400
2010-09-30,16.305,16.365,16.23,16.235,2345200
2010-10-01,16.3175,16.3175,16.11,16.305,2027600
2010-10-04,16.315,16.9475,16.2625,16.92,3898800
2010-10-05,16.9725,17.12,16.855,17.1,2913600
2010-10-06,17.0625,17.1025,16.965,17.09,2034400
2010-10-07,17.1025,17.1475,16.98,17.13,1402000
2010-10-08,17.1675,17.485,17.092501,17.4475,1694000
2010-10-11,17.4325,17.455,17.3625,17.375,1180800
2010-10-12,17.3025,17.4125,17.25,17.33,1656000
2010-10-13,17.43,17.485,17.35,17.415,1120400
2010-10-14,17.4475,17.5,17.4,17.4525,876400
2010-10-15,17.49,17.535,17.4275,17.4475,1566400
2010-10-18,17.37,17.4475,17.2675,17.29,1688800
2010-10-19,17.145,17.2275,16.9575,17.040001,2145600
2010-10-20,17.105,17.1925,17.035,17.08,1574800
2010-10-21,17.11,17.165,16.9125,16.9975,1363200
2010-10-22,17.0525,17.0525,16.92,16.975,1028400
2010-10-25,17.057501,17.11,16.925,16.9725,952800
2010-10-26,16.955,16.955,16.75,16.765,1500400
2010-10-27,16.7675,16.8125,16.625,16.74,1326400
2010-10-28,16.77,16.8025,16.5525,16.565,1601200
2010-10-29,16.565,16.595,16.445,16.4625,2413200
2010-11-01,16.5325,16.6275,16.4575,16.53,1277600
2010-11-02,16.5575,16.63,16.375,16.5075,2334000
2010-11-03,16.5,16.555,16.3875,16.515,1350400
2010-11-04,16.635,16.6675,16.4875,16.525,1246000
2010-11-05,16.505,16.5675,16.4475,16.5025,1191600
2010-11-08,16.4975,16.5625,16.3125,16.5425,1614400
2010-11-09,16.37,16.43,16.19,16.295,4374800
2010-11-10,16.2675,16.4775,16.2,16.4725,2945200
2010-11-11,16.355,16.365,16.2425,16.285,1556800
2010-11-12,16.26,16.4675,16.1975,16.4075,2248400
2010-11-15,16.465,16.495,16.31,16.3125,1391200
2010-11-16,16.32,16.33,16.0425,16.077499,1377200
2010-11-17,16.0725,16.155,16.0,16.077499,1178000
2010-11-18,16.17,16.3925,16.1375,16.355,1852800
2010-11-19,16.35,16.3825,16.1875,16.3375,1058000
2010-11-22,16.3175,16.495,16.245,16.475,1054400
2010-11-23,16.3725,16.4175,16.19,16.28,1366000
2010-11-24,16.3625,16.4375,16.335,16.385,940400
2010-11-26,16.3375,16.4725,16.2525,16.3275,512800
2010-11-29,16.2625,16.36,16.19,16.33,1608800
2010-11-30,16.25,16.3475,16.24,16.3125,2176800
2010-12-01,16.4125,16.46,16.355,16.4325,1558000
2010-12-02,16.4375,16.55,16.4375,16.515,1272800
2010-12-03,16.4925,16.59,16.4525,16.5675,1384800
2010-12-06,16.5775,16.855,16.565,16.85,2535600
2010-12-07,16.895,17.0375,16.7825,16.8025,2999200
2010-12-08,16.7925,16.945,16.79,16.8125,1546800
2010-12-09,17.0,17.0,16.7075,16.76,1667600
2010-12-10,16.8,16.8625,16.7375,16.7775,1473600
2010-12-13,16.79,16.845,16.7175,16.7475,1415200
2010-12-14,16.8,16.925,16.7725,16.925,2186800
2010-12-15,16.9525,17.049999,16.92,16.9775,1606400
2010-12-16,16.9675,16.9875,16.8025,16.975,1720800
2010-12-17,17.0074997,17.2475,16.9375,17.205,1861200
2010-12-20,17.29,17.4125,17.1725,17.345,1260400
2010-12-21,17.3725,17.4475,17.2675,17.38,2150800
2010-12-22,17.425,17.75,17.385,17.665,1753600
2010-12-23,17.6725,17.745,17.5875,17.605,670800
2010-12-27,17.6125,17.6175,17.53,17.5475,619200
2010-12-28,17.54,17.57,17.4925,17.55,696400
2010-12-29,17.56,17.5925,17.4375,17.5175,666400
2010-12-30,17.54,17.5625,17.475,17.4925,393200
2010-12-31,17.46,17.4875,17.255,17.255,1225200
2011-01-03,17.2775,17.365,17.1525,17.3325,2042800
2011-01-04,17.3225,17.3675,17.25,17.2775,1326400
2011-01-05,17.2975,17.4025,17.28,17.335,987200
2011-01-06,17.36,17.4,17.2525,17.31,1959600
2011-01-07,17.2875,17.29,17.1125,17.1875,984000
2011-01-10,17.165,17.305,17.11,17.2875,1346400
2011-01-11,17.305,17.3825,17.26,17.2725,914000
2011-01-12,17.765,18.12,17.62,17.6475,2584400
2011-01-13,17.5975,17.6175,17.3575,17.4275,1570800
2011-01-14,17.4125,17.4775,17.405,17.47,1405600
2011-01-18,17.4775,17.5925,17.4,17.5925,1574800
2011-01-19,17.5325,17.64,17.525,17.5425,962000
2011-01-20,17.5,17.6475,17.435,17.52,1021600
2011-01-21,17.6075,17.6075,17.305,17.425,1212800
2011-01-24,17.475,17.6675,17.445,17.65,854400
2011-01-25,17.6475,17.8525,17.5825,17.7775,996800
2011-01-26,17.8375,17.94,17.66,17.7075,748000
2011-01-27,17.715,17.715,17.2625,17.3525,1839200
2011-01-28,17.3425,17.445,17.084999,17.235,1023600
2011-01-31,17.2875,17.3025,17.1575,17.2025,852000
2011-02-01,17.2325,17.4625,17.2325,17.3525,1137200
2011-02-02,17.3025,17.3175,17.0725,17.14,846000
2011-02-03,17.15,17.2375,17.13,17.175,1387600
2011-02-04,17.19,17.26,17.165,17.1875,913600
2011-02-07,17.2475,17.485,17.2025,17.46,1251200
2011-02-08,17.17,17.935,16.9125,17.8125,4793200
2011-02-09,17.87,18.0275,17.72,18.0,2016400
2011-02-10,17.9075,17.9975,17.7175,17.805,1583600
2011-02-11,17.7525,18.32,17.73,18.23,1944000
2011-02-14,18.23,18.23,18.01,18.0825,2040800
2011-02-15,17.9825,18.275,17.9325,18.075001,2619200
2011-02-16,18.1075,18.295,18.084999,18.2625,1435600
2011-02-17,18.25,18.4775,18.19,18.46,2458800
2011-02-18,18.4475,18.4975,18.4075,18.4725,1229200
2011-02-22,18.4525,18.4525,18.32,18.425,1313200
2011-02-23,18.4475,18.5,18.3975,18.445,2879200
2011-02-24,18.46,18.4725,18.225,18.24,2770800
2011-02-25,18.35,18.66,18.2575,18.66,2148800
2011-02-28,18.6675,18.945,18.58,18.86,2443600
2011-03-01,18.9525,19.0025005,18.665,18.6825,2727200
2011-03-02,18.71,18.735,18.6,18.6275,1828000
2011-03-03,18.7625,19.08,18.705,19.0425,1394000
2011-03-04,18.985,19.1,18.9125,19.094999,1304000
2011-03-07,19.125,19.25,18.985,19.17,2022800
2011-03-08,19.21,19.515,19.205,19.485,2114000
2011-03-09,19.415,19.4925,19.375,19.4575,1948000
2011-03-10,19.295,19.3725,19.1675,19.235,1397200
2011-03-11,19.2325,19.3425,19.1475,19.29,788800
2011-03-14,19.17,19.2625,19.032499,19.1975,866400
2011-03-15,18.905,19.2925,18.7525,19.145,1921600
2011-03-16,19.155,19.3675,19.0825,19.245,2137200
2011-03-17,19.3875,19.49,19.345,19.4225,1422000
2011-03-18,19.575,19.7075,19.535,19.6925,2062400
2011-03-21,19.8625,20.135,19.8425,20.1075,1836800
2011-03-22,20.1,20.1575,19.7525,19.78,1361200
2011-03-23,19.845,19.935,19.655,19.68,2208800
2011-03-24,19.755,19.785,19.6675,19.74,1610000
2011-03-25,19.7425,19.865,19.6775,19.775,1448400
2011-03-28,19.815,20.035,19.78,19.985,1421200
2011-03-29,19.95,20.1425,19.8625,20.1225,1130800
2011-03-30,20.1825,20.2925,19.9975,20.0,2452800
2011-03-31,19.9875,19.9875,19.8075,19.835,2872800
2011-04-01,19.8725,19.9675,19.8625,19.9675,2464000
2011-04-04,20.0,20.040001,19.865,19.99,1782400
2011-04-05,19.99,20.0074997,19.7875,19.8375,1395600
2011-04-06,19.8925,20.0625,19.7925,20.035,1022800
2011-04-07,20.040001,20.0975,19.8825,19.915,669200
2011-04-08,19.87,19.96,19.65,19.7575,1108400
2011-04-11,19.745,19.95,19.745,19.8925,1166000
2011-04-12,19.7925,20.0975,19.7825,19.97,1060400
2011-04-13,20.032499,20.0725,19.925,20.0049992,1474400
2011-04-14,19.9675,20.0375,19.92,19.9875,657600
2011-04-15,19.99,20.2575,19.96,20.215,1225600
2011-04-18,20.0825,20.1,19.7975,19.9,1176000
2011-04-19,19.9075,19.96,19.625,19.7825,1424000
2011-04-20,19.9325,20.025,19.9025,19.92,866000
2011-04-21,19.99,20.08,19.8575,19.94,608000
2011-04-25,19.8675,19.945,19.52,19.5225,1324000
2011-04-26,19.54,19.795,19.5325,19.715,1461600
2011-04-27,19.75,19.9,19.625,19.8825,1617600
2011-04-28,19.7975,20.52,19.7975,20.4475,1834000
2011-04-29,20.4225,20.64,20.33,20.62,1368000
2011-05-02,20.62,20.62,20.445,20.495,1108000
2011-05-03,20.41,20.41,20.040001,20.3775,2174800
2011-05-04,20.3575,20.575,20.23,20.445,1551200
2011-05-05,20.4475,20.77,20.33,20.5,1889600
2011-05-06,20.5675,20.5675,19.4575,19.725,5182800
2011-05-09,19.68,19.935,19.44,19.7775,2265600
2011-05-10,19.84,20.585,19.84,20.5775,2356800
2011-05-11,20.585,20.6425,20.2675,20.3175,2348800
2011-05-12,20.3175,20.8025,20.032499,20.7625,1683600
2011-05-13,20.795,20.8125,20.5675,20.67,847600
2011-05-16,20.65,20.8,20.56,20.665,1036000
2011-05-17,20.635,20.805,20.4375,20.6425,1349200
2011-05-18,20.67,20.67,20.415,20.515,1170000
2011-05-19,20.52,20.9,20.52,20.85,1078800
2011-05-20,20.855,20.8975,20.5025,20.54,1439600
2011-05-23,20.405,20.5025,20.345,20.465,678000
2011-05-24,20.4725,20.5375,20.245,20.28,1333600
2011-05-25,20.1375,20.1925,19.855,20.0375,2502000
2011-05-26,20.1375,20.535,19.885,20.4975,1856000
2011-05-27,20.62,20.72,20.455,20.5925,684800
2011-05-31,20.7,21.032499,20.6975,21.025,1636000
2011-06-01,20.9625,21.1825,20.4725,20.5,3200800
2011-06-02,20.6,20.665,20.26,20.375,978000
2011-06-03,20.205,20.275,19.96,19.995,1397600
2011-06-06,19.995,20.25,19.885,20.195,960800
2011-06-07,20.3,20.3,19.985,19.985,1794200
2011-06-08,19.875,19.995,19.785,19.895,1024400
2011-06-09,19.975,20.26,19.88,20.175,909400
2011-06-10,20.1,20.21,19.865,19.87,1063400
2011-06-13,19.94,19.98,19.8,19.935,909000
2011-06-14,20.059999,20.145,19.93,20.0,884800
2011-06-15,19.865,20.014999,19.58,19.625,1454000
2011-06-16,19.65,20.02,19.635,19.88,1123600
2011-06-17,19.965,20.205,19.94,19.94,1707200
2011-06-20,19.955,20.26,19.92,20.22,1023000
2011-06-21,20.29,20.86,20.12,20.76,2312400
2011-06-22,20.73,20.73,20.305,20.325,1379000
2011-06-23,20.105,20.115,19.705,19.955,1962200
2011-06-24,20.01,20.28,19.875,20.175,2900000
2011-06-27,20.225,20.405,20.07,20.09,1936400
2011-06-28,20.14,20.19,20.07,20.13,1026600
2011-06-29,20.155,20.265,20.09,20.155,1302400
2011-06-30,20.235,20.375,20.165,20.27,1597200
2011-07-01,20.3,20.645,20.26,20.605,858200
2011-07-05,20.645,20.73,20.41,20.445,1599600
2011-07-06,20.46,20.685,20.43,20.495,1507600
2011-07-07,20.625,20.745,20.335,20.55,2423000
2011-07-08,20.375,20.63,20.375,20.515,1586200
2011-07-11,20.355,20.69,20.315,20.57,1246600
2011-07-12,20.565,21.115,20.52,21.0,2658400
2011-07-13,21.01,21.065001,20.89,21.0,1925400
2011-07-14,21.045,21.115,20.83,20.865,1422800
2011-07-15,20.955,21.3,20.925,21.295,2191600
2011-07-18,21.19,21.205,20.94,21.09,1365800
2011-07-19,21.27,21.35,21.15,21.275,976400
2011-07-20,21.335,21.42,21.225,21.305,741000
2011-07-21,21.39,21.41,21.22,21.255,1610200
2011-07-22,21.275,21.28,21.094999,21.12,1103200
2011-07-25,20.975,21.215,20.84,20.935,1016400
2011-07-26,20.905,21.14,20.905,20.95,705600
2011-07-27,20.83,20.91,20.6,20.68,1266800
2011-07-28,20.68,20.83,20.285,20.305,1527800
2011-07-29,20.08,20.305,19.905,20.17,1228800
2011-08-01,20.28,20.3,19.815,20.065001,1213000
2011-08-02,20.0049992,20.08,19.84,19.895,1483000
2011-08-03,19.93,20.165,19.655,20.030001,1927600
2011-08-04,19.74,19.815,18.745,18.765,2142600
2011-08-05,18.965,19.565,18.66,19.27,3299600
2011-08-08,18.75,19.125,18.39,18.505,3471000
2011-08-09,18.875,19.96,18.64,19.945,5440200
2011-08-10,19.715,20.375,19.615,19.985,5250200
2011-08-11,19.97,20.95,19.75,20.705,2961200
2011-08-12,20.91,20.925,20.545,20.715,2820200
2011-08-15,20.87,21.040001,20.5,20.945,2275800
2011-08-16,20.755,21.040001,20.67,20.935,1955600
2011-08-17,21.0,21.105,20.505,20.68,1514200
2011-08-18,20.275,20.44,19.89,20.21,2949600
2011-08-19,20.014999,20.5,19.95,20.22,1754000
2011-08-22,20.595,20.68,20.215,20.41,1349000
2011-08-23,20.43,21.01,20.315,21.01,1176000
2011-08-24,20.935,21.105,20.72,21.045,1359800
2011-08-25,21.17,21.19,20.76,20.785,777600
2011-08-26,20.64,21.215,20.42,21.215,1215600
2011-08-29,21.505,21.63,21.32,21.52,1115600
2011-08-30,21.405,21.92,21.27,21.815,1265000
2011-08-31,21.915,21.99,21.59,21.77,1271200
2011-09-01,21.815,22.045,21.64,21.72,1087200
2011-09-02,21.34,21.57,21.115,21.15,1033200
2011-09-06,20.625,21.555,20.585,21.43,1661200
2011-09-07,21.675,21.675,21.34,21.555,1795600
2011-09-08,21.37,21.595,21.25,21.32,1552200
2011-09-09,21.205,21.64,20.91,21.084999,1463400
2011-09-12,20.84,21.084999,20.63,21.065001,1165800
2011-09-13,21.13,21.38,20.92,21.325,1124000
2011-09-14,21.43,21.95,21.195,21.705,1356200
2011-09-15,21.825,21.825,21.35,21.495,1421200
2011-09-16,21.45,22.094999,21.42,22.045,2105600
2011-09-19,21.775,22.16,21.65,22.07,1017200
2011-09-20,22.115,22.625,22.0,22.23,1988800
2011-09-21,22.2,22.33,21.58,21.66,1768800
2011-09-22,21.18,21.59,20.96,21.495,1727400
2011-09-23,21.375,21.395,20.92,21.375,2446800
2011-09-26,21.375,22.26,21.315,22.205,1715600
2011-09-27,22.635,23.145,22.26,22.44,2653400
2011-09-28,22.45,22.615,22.105,22.135,1829800
2011-09-29,22.4,22.51,21.93,22.245,1378000
2011-09-30,22.065001,22.425,21.995,22.1,2225800
2011-10-03,21.905,22.18,21.245,21.355,1647800
2011-10-04,21.24,21.435,21.0,21.4,2000000
2011-10-05,21.48,21.68,21.205,21.635,2079400
2011-10-06,21.68,22.31,21.655,22.205,1359800
2011-10-07,22.25,22.47,21.93,22.07,1143200
2011-10-10,22.25,22.25,21.87,22.25,1239600
2011-10-11,22.025,22.25,22.01,22.11,1108400
2011-10-12,22.25,22.495,22.19,22.345,1476400
2011-10-13,22.185,22.405,22.01,22.375,2218600
2011-10-14,22.48,22.5,22.19,22.47,947600
2011-10-17,22.475,22.58,22.255,22.315,1104600
2011-10-18,22.09,22.2,21.775,21.95,2108400
2011-10-19,21.65,22.040001,21.52,21.835,2011800
2011-10-20,21.835,22.105,21.83,22.105,1440200
2011-10-21,22.345,22.485,22.21,22.41,1159600
2011-10-24,22.435,22.46,22.059999,22.225,1601800
2011-10-25,22.115,22.34,21.955,21.98,1385000
2011-10-26,22.23,22.41,21.925,22.22,1148600
2011-10-27,22.565,22.76,22.235,22.28,1779000
2011-10-28,22.335,22.485,22.07,22.155,1322400
2011-10-31,22.055,22.38,21.995,22.09,2288000
2011-11-01,21.795,21.875,21.28,21.375,1765200
2011-11-02,21.565,21.74,21.31,21.39,1424400
2011-11-03,21.51,21.725,21.32,21.615,2906200
2011-11-04,21.375,21.75,21.0,21.695,1524000
2011-11-07,21.865,21.865,21.355,21.63,1642000
2011-11-08,21.635,21.885,21.5,21.825,1273000
2011-11-09,21.555,21.775,21.345,21.475,1181200
2011-11-10,21.695,21.945,21.5,21.78,2699200
2011-11-11,21.925,22.08,21.75,21.855,1499800
2011-11-14,21.76,22.0,21.72,21.95,1209800
2011-11-15,21.885,22.29,21.885,22.23,1138200
2011-11-16,22.07,22.225,21.755,21.92,1521200
2011-11-17,21.92,22.049999,21.695,21.825,1121400
2011-11-18,21.825,21.95,21.7,21.755,1377200
2011-11-21,21.52,21.59,21.23,21.38,1148000
2011-11-22,21.395,21.775,21.3,21.685,1150400
2011-11-23,21.55,21.585,21.31,21.32,950600
2011-11-25,21.18,21.53,21.13,21.425,624600
2011-11-28,21.855,22.01,21.7,21.825,1604600
2011-11-29,21.85,22.01,21.765,21.89,1521000
2011-11-30,22.235,22.39,22.075001,22.125,2590800
2011-12-01,22.059999,22.355,21.95,21.955,1577600
2011-12-02,22.055,22.285,21.84,21.965,1570400
2011-12-05,22.145,22.195,21.94,22.17,1439600
2011-12-06,22.125,22.345,22.065001,22.255,1441800
2011-12-07,22.245,22.385,21.935,22.38,1301000
2011-12-08,22.24,22.45,22.16,22.245,1300200
2011-12-09,22.325,22.5,22.21,22.465,1499000
2011-12-12,22.365,22.485,22.27,22.48,1518800
2011-12-13,22.51,22.595,22.08,22.17,1930000
2011-12-14,22.055,22.19,21.88,22.02,1319000
2011-12-15,22.16,22.435,21.975,22.325,1542600
2011-12-16,22.42,22.58,22.285,22.405,4749000
2011-12-19,22.415,22.72,22.41,22.49,1565200
2011-12-20,22.63,22.715,22.45,22.62,1372200
2011-12-21,22.625,22.93,22.555,22.91,1079200
2011-12-22,23.0,23.065001,22.73,22.885,1192400
2011-12-23,22.97,23.040001,22.815,23.0,610800
2011-12-27,23.0,23.17,22.84,23.11,1100200
2011-12-28,23.125,23.145,22.95,22.96,771800
2011-12-29,22.975,23.225,22.97,23.17,678400
2011-12-30,23.155,23.19,22.835,22.88,1155000
2012-01-03,23.0,23.025,22.51,22.7,1764200
2012-01-04,22.3,22.615,22.105,22.41,1550400
2012-01-05,22.435,22.655,22.265,22.575,1773800
2012-01-06,22.635,23.135,22.565,22.93,2018200
2012-01-09,22.975,23.105,22.85,22.97,956000
2012-01-10,23.01,23.1,22.285,22.4,3656200
2012-01-11,22.375,22.72,22.325,22.51,2158800
2012-01-12,22.585,22.755,22.47,22.65,1307800
2012-01-13,22.525,22.715,22.5,22.66,1207000
2012-01-17,22.745,22.88,22.635,22.84,1058400
2012-01-18,22.865,23.18,22.8,23.14,1239600
2012-01-19,23.16,23.385,23.02,23.37,1381800
2012-01-20,23.315,23.5,23.084999,23.165,1252800
2012-01-23,23.17,23.275,23.0049992,23.094999,1140600
2012-01-24,22.97,22.995,22.62,22.895,1383400
2012-01-25,22.91,23.075001,22.91,22.95,929200
2012-01-26,23.075001,23.43,22.89,22.945,1196800
2012-01-27,22.89,23.049999,22.765,22.765,985400
2012-01-30,22.69,22.71,22.38,22.65,1448600
2012-01-31,22.74,22.975,22.575,22.685,1378200
2012-02-01,22.7,22.99,22.655,22.945,1318800
2012-02-02,22.965,23.125,22.73,22.875,1203200
2012-02-03,23.045,23.2,22.835,22.85,1780000
2012-02-06,22.825,22.925,22.54,22.62,2223000
2012-02-07,23.12,23.965,23.025,23.815,4010400
2012-02-08,23.695,24.0,23.67,23.795,2127200
2012-02-09,23.84,23.85,23.535,23.8,1424800
2012-02-10,23.695,23.845,23.52,23.715,1024200
2012-02-13,23.845,23.99,23.7,23.855,953800
2012-02-14,23.82,23.96,23.57,23.725,2186800
2012-02-15,23.77,23.995,23.6,23.855,1213800
2012-02-16,23.8,23.965,23.72,23.755,1220400
2012-02-17,23.765,23.785,23.58,23.64,1003200
2012-02-21,23.72,23.755,23.585,23.73,1191000
2012-02-22,23.6,23.73,23.525,23.655,1393400
2012-02-23,23.725,23.945,23.43,23.905,1182800
2012-02-24,23.87,23.985,23.695,23.93,925400
2012-02-27,23.805,23.915,23.635,23.825,1196600
2012-02-28,23.89,23.975,23.78,23.895,1695400
2012-02-29,23.815,23.995,23.73,23.87,2175400
2012-03-01,23.915,24.1,23.785,23.955,2284000
2012-03-02,23.995,24.235,23.9,24.02,1544200
2012-03-05,24.059999,24.165,23.885,24.07,766000
2012-03-06,23.94,23.975,23.71,23.75,1149600
2012-03-07,23.77,23.91,23.65,23.89,1366800
2012-03-08,24.01,24.25,23.99,24.11,1480000
2012-03-09,24.26,24.5,24.145,24.335,1464800
2012-03-12,24.315,24.56,24.26,24.435,1638600
2012-03-13,24.59,24.59,24.335,24.585,1667200
2012-03-14,24.58,24.65,24.265,24.38,1246000
2012-03-15,24.415,24.54,24.235,24.26,1604400
2012-03-16,24.49,24.49,24.165,24.23,3318000
2012-03-19,24.25,24.395,24.175,24.325,1422600
2012-03-20,24.195,24.495,24.18,24.36,1284400
2012-03-21,24.415,24.62,24.385,24.45,1590600
2012-03-22,24.35,24.665,24.3,24.625,1210400
2012-03-23,24.635,24.695,24.31,24.51,800400
2012-03-26,24.645,24.795,24.6,24.795,980800
2012-03-27,24.845,24.87,24.635,24.66,1151200
2012-03-28,24.655,24.705,24.53,24.7,1014400
2012-03-29,24.61,24.735,24.405,24.7,989000
2012-03-30,24.775,24.805,24.59,24.595,1205800
2012-04-02,24.705,24.955,24.635,24.77,1644000
2012-04-03,24.805,24.98,24.75,24.975,1299400
2012-04-04,24.825,24.945,24.715,24.8,1187600
2012-04-05,24.765,24.92,24.73,24.86,1048000
2012-04-09,24.61,24.925,24.61,24.895,1032000
2012-04-10,24.905,24.92,24.58,24.605,1356600
2012-04-11,24.75,24.965,24.7,24.91,1306400
2012-04-12,24.995,25.13,24.755,25.084999,1330800
2012-04-13,25.02,25.28,24.98,25.055,1424600
2012-04-16,25.14,25.215,24.975,25.059999,1841000
2012-04-17,25.14,25.275,25.065001,25.185,1537600
2012-04-18,25.09,25.325,25.045,25.215,1472200
2012-04-19,25.25,25.475,25.145,25.31,1273600
2012-04-20,25.39,25.685,25.37,25.47,1589000
2012-04-23,25.29,25.32,24.925,25.02,1501400
2012-04-24,25.049999,25.13,24.8,24.91,2382800
2012-04-25,25.09,25.585,25.09,25.495,1538000
2012-04-26,25.44,25.67,25.44,25.535,1372400
2012-04-27,25.47,25.5,25.040001,25.094999,2719000
2012-04-30,25.040001,25.43,25.0,25.4,1928600
2012-05-01,25.395,25.56,25.295,25.495,2004000
2012-05-02,25.325,25.57,25.215,25.55,1661800
2012-05-03,25.595,25.79,25.55,25.705,2136200
2012-05-04,25.645,26.0,25.425,25.77,1587800
2012-05-07,25.675,26.195,25.665,26.185,2216200
2012-05-08,26.15,26.34,25.905,26.27,2087000
2012-05-09,26.125,26.585,26.07,26.515,1878600
2012-05-10,26.475,26.64,26.275,26.595,1713200
2012-05-11,26.59,26.725,26.45,26.54,1676000
2012-05-14,26.405,26.675,26.335,26.595,1231400
2012-05-15,26.645,27.175,26.61,27.11,2262200
2012-05-16,27.195,27.295,26.93,26.96,1901600
2012-05-17,27.0,27.0,26.55,26.56,1809000
2012-05-18,26.645,26.78,26.36,26.43,1595000
2012-05-21,26.47,26.505,26.17,26.36,1189800
2012-05-22,26.44,26.795,26.365,26.71,1257800
2012-05-23,26.6,26.705,26.435,26.69,1462000
2012-05-24,26.765,26.995,26.67,26.875,1757200
2012-05-25,26.89,26.995,26.685,26.78,1627400
2012-05-29,26.91,27.115,26.805,27.055,1038000
2012-05-30,26.925,26.975,26.765,26.84,972000
2012-05-31,26.795,26.86,26.5,26.62,1823000
2012-06-01,26.45,26.595,26.32,26.435,1313000
2012-06-04,26.455,26.555,26.29,26.51,1420600
2012-06-05,26.435,26.59,26.38,26.57,1332800
2012-06-06,26.755,26.835,26.595,26.75,1547600
2012-06-07,26.9,27.094999,26.775,26.87,1270000
2012-06-08,26.865,27.084999,26.8,26.905,1241000
2012-06-11,26.985,26.985,26.725,26.75,2321800
2012-06-12,26.8,26.86,26.645,26.755,1695800
2012-06-13,26.765,27.045,26.66,26.765,1686400
2012-06-14,26.775,26.99,26.7,26.85,1278200
2012-06-15,26.78,26.87,26.435,26.53,3647600
2012-06-18,26.475,26.96,26.44,26.905,1925400
2012-06-19,27.08,27.25,26.825,26.955,2000400
2012-06-20,26.84,26.88,26.52,26.685,2120800
2012-06-21,26.65,26.65,26.255,26.35,1530800
2012-06-22,26.465,26.92,26.435,26.73,2974200
2012-06-25,26.745,26.755,26.375,26.525,1353800
2012-06-26,26.565,27.08,26.565,26.92,1569000
2012-06-27,26.995,27.305,26.955,27.135,1115800
2012-06-28,27.0,27.115,26.765,27.115,1820000
2012-06-29,27.385,27.75,27.165,27.735,1610400
2012-07-02,27.67,27.985,27.52,27.985,1800600
2012-07-03,28.040001,28.49,27.985,28.36,1356600
2012-07-05,28.315,28.395,28.1,28.365,1796600
2012-07-06,28.24,28.585,28.2,28.56,1198400
2012-07-09,28.55,28.615,28.44,28.465,1425600
2012-07-10,28.525,28.685,28.43,28.645,1717800
2012-07-11,28.75,28.825,28.645,28.75,1629000
2012-07-12,28.72,28.885,28.65,28.835,1426000
2012-07-13,28.905,29.245,28.88,29.049999,1629400
2012-07-16,29.075001,29.205,28.995,29.025,1248800
2012-07-17,29.049999,29.635,28.995,29.38,1839600
2012-07-18,29.375,29.395,29.035,29.11,1612000
2012-07-19,29.14,29.14,28.63,28.76,2205600
2012-07-20,28.72,28.79,28.395,28.43,1539200
2012-07-23,28.34,28.38,28.065001,28.32,816000
2012-07-24,28.225,28.37,27.975,28.25,1395000
2012-07-25,28.265,28.4,28.075001,28.1,844800
2012-07-26,28.345,28.73,28.19,28.675,1466800
2012-07-27,28.785,29.115,28.725,28.84,1140400
2012-07-30,28.86,29.040001,28.735,28.825,814600
2012-07-31,28.87,28.94,28.74,28.805,969400
2012-08-01,28.815,28.885,28.375,28.45,773000
2012-08-02,28.335,28.545,28.2,28.54,942200
2012-08-03,28.76,28.82,28.355,28.365,959000
2012-08-06,28.325,28.36,27.775,27.85,2310200
2012-08-07,27.4,27.4,25.31,26.27,7981400
2012-08-08,26.775,27.049999,26.39,26.62,3221400
2012-08-09,26.54,26.54,25.955,26.02,2235000
2012-08-10,25.975,26.66,25.72,25.87,1588400
2012-08-13,25.76,25.92,25.68,25.805,1722000
2012-08-14,25.9,26.195,25.895,26.12,1545600
2012-08-15,26.16,26.345,26.125,26.295,1499800
2012-08-16,26.35,26.54,26.29,26.505,1096600
2012-08-17,26.525,26.555,26.345,26.505,1181000
2012-08-20,26.38,26.55,26.345,26.52,1525000
2012-08-21,27.049999,28.23,27.049999,27.875,5000000
2012-08-22,27.81,27.905,27.47,27.595,1779000
2012-08-23,27.525,27.61,27.31,27.38,921200
2012-08-24,27.335,27.67,27.325,27.575,1464600
2012-08-27,27.6,27.6,27.295,27.325,1344400
2012-08-28,27.36,27.415,27.2,27.36,1359800
2012-08-29,27.415,27.43,27.18,27.205,1330400
2012-08-30,27.195,27.26,26.99,27.145,1427800
2012-08-31,27.36,27.51,27.045,27.37,2259200
2012-09-04,27.245,27.565,27.185,27.54,1219200
2012-09-05,27.595,27.725,27.155,27.24,1767000
2012-09-06,27.48,28.565,26.885,27.645,1407800
2012-09-07,27.62,27.765,27.475,27.63,1558200
2012-09-10,27.475,27.585,27.35,27.405,1464000
2012-09-11,27.35,27.415,27.059999,27.2,1976800
2012-09-12,27.19,27.275,26.98,27.040001,1558800
2012-09-13,27.025,27.145,26.87,27.030001,1615600
2012-09-14,27.035,27.125,26.66,26.68,1525400
2012-09-17,26.625,26.675,26.32,26.535,1670800
2012-09-18,26.48,26.635,26.28,26.31,3157800
2012-09-19,26.275,26.645,26.26,26.595,1615800
2012-09-20,26.55,26.885,26.52,26.87,1374200
2012-09-21,27.014999,27.13,26.79,26.8,2082600
2012-09-24,26.51,27.12,26.51,27.08,1361000
2012-09-25,27.12,27.35,26.89,27.0,1662200
2012-09-26,27.0,27.225,26.97,26.99,1228600
2012-09-27,26.99,27.1,26.74,26.94,1375200
2012-09-28,26.905,27.040001,26.695,26.995,1499600
2012-10-01,27.025,27.235,26.89,27.225,2185000
2012-10-02,27.32,27.37,27.030001,27.16,1267800
2012-10-03,27.145,27.31,26.955,27.175,2342400
2012-10-04,27.26,27.34,27.065001,27.3,1398200
2012-10-05,27.5,27.565,27.205,27.56,1079800
2012-10-08,27.535,27.535,27.27,27.305,818000
2012-10-09,27.28,27.315,26.74,26.745,1189400
2012-10-10,26.78,26.91,26.59,26.755,1196400
2012-10-11,26.915,27.01,26.69,26.855,1068000
2012-10-12,26.765,26.92,26.595,26.685,804200
2012-10-15,26.68,26.905,26.56,26.685,1027800
2012-10-16,26.81,26.9,26.665,26.87,1006200
2012-10-17,26.865,26.965,26.69,26.735,1335400
2012-10-18,26.795,26.915,26.63,26.81,1121000
2012-10-19,26.76,26.76,26.145,26.335,1429200
2012-10-22,26.065001,26.335,26.0,26.2,1186200
2012-10-23,26.1,26.1,25.63,25.735,1276800
2012-10-24,25.805,25.98,25.62,25.75,1112200
2012-10-25,25.88,26.215,25.315,25.49,1827400
2012-10-26,25.545,25.585,25.02,25.049999,2327200
2012-10-31,25.195,25.39,24.795,25.38,2676000
2012-11-01,25.395,25.83,25.175,25.615,1732200
2012-11-02,25.745,25.83,25.53,25.53,1734800
2012-11-05,25.62,26.71,25.575,25.93,2747200
2012-11-06,26.09,26.09,25.695,25.9,1895800
2012-11-07,26.49,26.49,24.83,25.28,3274200
2012-11-08,25.295,25.58,24.965,25.36,2061000
2012-11-09,25.275,25.54,25.275,25.38,1377400
2012-11-12,25.475,25.6,25.39,25.43,1737600
2012-11-13,25.38,25.74,25.35,25.57,1872400
2012-11-14,26.105,26.105,25.275,25.29,1718400
2012-11-15,25.26,25.505,25.17,25.485,2968000
2012-11-16,25.41,26.040001,25.355,26.030001,2411200
2012-11-19,26.1,26.375,25.99,26.295,2194800
2012-11-20,26.235,26.64,26.15,26.635,1206400
2012-11-21,26.625,26.73,26.495,26.73,1084200
2012-11-23,26.75,27.0,26.73,26.95,535000
2012-11-26,26.835,27.045,26.735,26.995,1722800
2012-11-27,26.905,27.12,26.9,26.955,1070400
2012-11-28,26.865,27.105,26.825,27.0049992,886800
2012-11-29,27.105,27.335,26.875,27.0049992,823200
2012-11-30,27.0049992,27.15,26.945,27.075001,1561800
2012-12-03,27.15,27.19,26.8,26.99,866600
2012-12-04,26.955,27.105,26.72,26.835,1145600
2012-12-05,26.895,27.065001,26.63,26.835,1307000
2012-12-06,26.86,27.125,26.765,27.125,892400
2012-12-07,27.12,27.4,26.95,27.39,1279800
2012-12-10,27.38,27.625,27.315,27.495,1296000
2012-12-11,27.565,27.71,27.34,27.37,1508800
2012-12-12,27.46,27.49,26.94,26.975,1453600
2012-12-13,27.025,27.13,26.74,26.74,1076400
2012-12-14,26.64,27.030001,26.5,26.58,928400
2012-12-17,26.58,26.73,26.43,26.675,2151200
2012-12-18,26.67,27.025,26.63,26.985,1606200
2012-12-19,26.995,27.0049992,26.61,26.62,1123800
2012-12-20,26.64,26.99,26.59,26.885,1091200
2012-12-21,26.545,26.86,26.31,26.69,2947600
2012-12-24,26.68,26.735,26.45,26.615,437600
2012-12-26,26.59,26.9,26.49,26.74,1573200
2012-12-27,26.75,26.995,26.63,26.82,2065800
2012-12-28,26.67,26.925,26.515,26.71,1360200
2012-12-31,26.645,26.815,26.415,26.785,1093800
2013-01-02,27.215,27.29,26.9,27.28,1206800
2013-01-03,27.215,27.635,27.040001,27.48,1731200
2013-01-04,27.485,27.715,27.375,27.67,1688800
2013-01-07,27.585,27.845,27.49,27.655,2403200
2013-01-08,27.595,27.995,27.595,27.96,1783000
2013-01-09,27.97,28.145,27.825,27.88,1493000
2013-01-10,28.0049992,28.125,27.765,27.875,1641400
2013-01-11,27.74,28.01,27.74,27.95,1443200
2013-01-14,27.995,28.17,27.93,28.08,1359200
2013-01-15,27.955,28.205,27.95,28.12,1296600
2013-01-16,28.094999,28.16,27.94,28.045,1088400
2013-01-17,28.165,28.45,28.09,28.37,1269400
2013-01-18,28.345,28.505,28.145,28.5,868200
2013-01-22,28.465,28.465,28.16,28.395,1518200
2013-01-23,28.335,28.49,28.27,28.445,749600
2013-01-24,28.625,28.795,28.325,28.535,1405000
2013-01-25,28.73,28.795,28.175,28.575,1452800
2013-01-28,28.655,28.725,28.475,28.595,845200
2013-01-29,28.55,28.84,28.44,28.8,992000
2013-01-30,28.835,28.935,28.715,28.86,1331600
2013-01-31,28.695,29.115,28.695,28.895,2183600
2013-02-01,29.175,29.27,28.91,29.245,1379200
2013-02-04,29.2,29.34,29.0,29.2,1807400
2013-02-05,29.7,30.0,29.105,29.55,1908400
2013-02-06,29.705,29.87,29.43,29.87,1637600
2013-02-07,29.91,29.91,29.415,29.5,1641200
2013-02-08,29.54,30.21,29.51,30.065001,2353000
2013-02-11,30.0,30.065001,29.805,29.815,1053200
2013-02-12,29.815,30.025,29.72,29.99,1777000
2013-02-13,29.95,30.084999,29.675,29.81,1546800
2013-02-14,29.79,29.915,29.64,29.64,1027200
2013-02-15,29.695,30.165,29.645,29.94,1748800
2013-02-19,30.0,30.245,29.82,30.215,1934400
2013-02-20,30.2,30.29,30.045,30.045,735800
2013-02-21,30.049999,30.235,29.86,30.125,1311000
2013-02-22,30.29,30.94,30.22,30.725,1990200
2013-02-25,30.75,31.0,30.555,30.555,1713200
2013-02-26,30.7,30.93,30.63,30.76,1776000
2013-02-27,30.72,31.135,30.655,30.965,1049200
2013-02-28,30.98,31.175,30.915,30.98,1434600
2013-03-01,30.885,30.95,30.42,30.69,2567000
2013-03-04,30.56,30.785,30.56,30.745,1321000
2013-03-05,30.81,30.985,30.73,30.775,959400
2013-03-06,30.81,30.92,30.52,30.535,811200
2013-03-07,30.55,30.725,30.47,30.48,1106000
2013-03-08,30.645,30.73,30.43,30.48,1301800
2013-03-11,30.515,30.69,30.44,30.515,848400
2013-03-12,30.48,30.56,30.4,30.55,778000
2013-03-13,30.555,30.68,30.425,30.62,807600
2013-03-14,30.645,30.68,30.4,30.605,1065200
2013-03-15,30.51,30.61,30.4,30.585,1886400
2013-03-18,30.41,30.775,30.41,30.585,1016400
2013-03-19,30.62,30.91,30.585,30.82,806400
2013-03-20,30.89,31.52,30.88,31.33,1189400
2013-03-21,31.185,31.355,31.035,31.17,659800
2013-03-22,31.18,31.95,31.17,31.81,1423800
2013-03-25,31.85,31.925,31.4,31.485,1074400
2013-03-26,31.595,31.93,31.56,31.89,946800
2013-03-27,31.8,31.8,31.55,31.76,828600
2013-03-28,31.76,32.345,31.66,32.315,1489000
2013-04-01,32.205,32.24,31.97,32.24,1031400
2013-04-02,32.25,32.55,32.195,32.27,1178800
2013-04-03,32.345,32.37,31.8,31.98,1916200
2013-04-04,31.995,32.195,31.85,31.865,775800
2013-04-05,31.66,31.735,31.365,31.63,1155400
2013-04-08,31.64,31.715,31.55,31.625,1509400
2013-04-09,31.715,31.755,31.415,31.565,1153400
2013-04-10,31.58,31.69,31.52,31.68,1393400
2013-04-11,31.67,32.295,31.59,31.965,1551200
2013-04-12,31.97,32.12,31.845,31.95,1127800
2013-04-15,31.885,32.084999,31.455,31.46,1520600
2013-04-16,31.595,32.064999,31.5,31.875,1711600
2013-04-17,31.74,31.76,31.25,31.345,1286200
2013-04-18,31.33,31.5,30.925,30.995,1793200
2013-04-19,31.0049992,31.555,30.84,31.275,2104400
2013-04-22,31.355,31.84,31.225,31.7,1192400
2013-04-23,31.78,32.035,31.47,31.97,762600
2013-04-24,31.915,31.915,31.315,31.335,1165000
2013-04-25,31.37,32.0099983,31.36,31.665,1488800
2013-04-26,31.7,31.99,31.58,31.655,923200
2013-04-29,31.765,32.075001,31.715,31.96,891600
2013-04-30,31.955,32.014999,31.715,31.945,1986800
2013-05-01,31.815,32.080002,31.4,31.45,1012200
2013-05-02,31.445,32.27,31.049999,32.049999,967400
2013-05-03,32.245,32.245,31.845,31.925,894000
2013-05-06,31.925,31.925,31.425,31.465,1005000
2013-05-07,31.52,31.775,31.465,31.605,1298200
2013-05-08,31.56,31.805,31.41,31.795,930000
2013-05-09,31.7,31.79,31.425,31.515,923400
2013-05-10,31.54,31.905,31.505,31.845,835000
2013-05-13,31.845,31.87,31.68,31.75,563800
2013-05-14,31.76,32.28,31.76,32.105,1238400
2013-05-15,32.025002,32.39,32.0099983,32.32,783600
2013-05-16,32.24,32.3,31.93,31.96,984400
2013-05-17,31.96,32.185,31.93,32.064999,709600
2013-05-20,32.055,32.07,31.485,31.5,1252200
2013-05-21,31.43,31.635,31.26,31.395,970000
2013-05-22,31.39,31.635,30.995,31.0,1244400
2013-05-23,30.915,31.3,30.86,31.255,1559400
2013-05-24,31.215,31.33,30.945,31.325,1117800
2013-05-28,31.5,31.74,31.4,31.5,1104800
2013-05-29,31.31,31.35,30.76,30.78,762600
2013-05-30,30.79,31.105,30.79,30.885,811800
2013-05-31,30.79,30.79,30.305,30.405,2254000
2013-06-03,30.415,30.435,29.9,30.31,1193800
2013-06-04,30.24,30.355,30.049999,30.15,1177200
2013-06-05,30.07,30.225,29.755,29.755,1191200
2013-06-06,29.78,30.175,29.65,30.175,1361000
2013-06-07,30.3,30.58,30.3,30.545,1005800
2013-06-10,30.58,30.725,30.295,30.56,745600
2013-06-11,30.15,30.665,30.045,30.44,1194600
2013-06-12,30.63,30.86,30.4,30.485,1257600
2013-06-13,30.475,30.735,30.295,30.625,1103000
2013-06-14,30.57,30.84,30.425,30.7,632200
2013-06-17,30.85,31.15,30.78,30.96,1007000
2013-06-18,30.95,30.975,30.76,30.905,844200
2013-06-19,30.885,30.985,30.28,30.295,803000
2013-06-20,30.1,30.125,29.685,29.76,1258000
2013-06-21,29.85,30.165,29.76,30.0049992,1512800
2013-06-24,29.645,30.14,29.455,29.86,1385000
2013-06-25,30.045,30.105,29.555,29.805,1243000
2013-06-26,29.98,30.185,29.965,30.040001,710000
2013-06-27,30.14,30.695,30.105,30.525,1183800
2013-06-28,30.49,30.915,30.28,30.855,3125800
2013-07-01,30.905,31.0,30.7,30.76,1847600
2013-07-02,30.705,30.91,30.48,30.76,1367600
2013-07-03,30.745,30.895,30.55,30.745,988600
2013-07-05,30.92,30.995,30.445,30.865,499400
2013-07-08,31.0,31.07,30.78,30.97,810800
2013-07-09,31.115,31.38,31.014999,31.215,851800
2013-07-10,31.275,31.35,30.995,31.27,887600
2013-07-11,31.5,31.675,31.37,31.675,1119600
2013-07-12,31.635,32.12,31.615,32.095001,1288200
2013-07-15,32.060001,32.255,31.755,32.0050011,953200
2013-07-16,31.965,31.965,31.665,31.8,929600
2013-07-17,31.83,32.040001,31.665,31.8,836800
2013-07-18,31.8,31.995,31.67,31.815,709400
2013-07-19,31.79,31.93,31.635,31.925,577600
2013-07-22,31.875,31.99,31.67,31.955,520600
2013-07-23,32.0,32.064999,31.68,32.055,920400
2013-07-24,32.075001,32.09,31.685,31.695,683000
2013-07-25,31.57,32.099998,31.505,32.035,775800
2013-07-26,31.95,32.18,31.69,32.135,656600
2013-07-29,32.060001,32.215,31.88,32.0099983,581200
2013-07-30,32.14,32.385,31.87,31.99,900200
2013-07-31,32.075001,32.23,31.815,31.85,1198400
2013-08-01,32.445,32.745,32.22,32.52,2469600
2013-08-02,31.99,32.0050011,30.925,31.395,3017400
2013-08-05,31.32,31.69,31.25,31.435,1518800
2013-08-06,31.335,31.64,31.2,31.375,1738800
2013-08-07,31.31,31.36,30.89,30.905,1638400
2013-08-08,31.0,31.0,30.66,30.725,1873800
2013-08-09,30.715,30.85,30.515,30.675,1080800
2013-08-12,30.65,30.73,30.505,30.635,978200
2013-08-13,30.65,30.785,30.535,30.635,1067000
2013-08-14,30.65,30.745,30.34,30.45,831600
2013-08-15,30.25,30.295,29.84,30.17,1337800
2013-08-16,30.12,30.265,30.02,30.2,950800
2013-08-19,30.27,30.59,30.2,30.395,1423000
2013-08-20,30.5,30.69,30.5,30.505,1020400
2013-08-21,30.44,30.56,30.225,30.425,959200
2013-08-22,30.415,30.665,30.34,30.53,800800
2013-08-23,30.54,30.68,30.49,30.615,633000
2013-08-26,30.64,30.68,30.35,30.435,952000
2013-08-27,30.27,30.375,30.165,30.205,993200
2013-08-28,30.19,30.32,29.9,29.915,848200
2013-08-29,29.915,30.030001,29.805,29.845,1241000
2013-08-30,29.895,29.9,29.6,29.675,1359200
2013-09-03,30.0,30.02,29.375,29.585,2300400
2013-09-04,29.51,29.51,28.8,28.82,3803000
2013-09-05,28.775,28.905,28.18,28.325,3318400
2013-09-06,28.39,28.595,28.19,28.41,2361800
2013-09-09,28.425,29.045,28.425,29.0,1841000
2013-09-10,29.185,29.485,29.09,29.48,2121400
2013-09-11,29.415,29.625,29.17,29.625,1854200
2013-09-12,29.57,29.785,29.525,29.64,1416800
2013-09-13,29.735,29.97,29.66,29.905,1458600
2013-09-16,30.205,30.315,30.025,30.18,1102000
2013-09-17,30.56,30.875,30.47,30.845,2174400
2013-09-18,30.81,31.145,30.575,31.13,1707400
2013-09-19,31.16,31.3,30.965,31.235,1512600
2013-09-20,31.15,31.19,30.865,30.87,1988000
2013-09-23,30.71,31.040001,30.58,30.89,1045800
2013-09-24,30.99,31.275,30.885,31.07,1631800
2013-09-25,31.084999,31.205,30.485,30.5,1176800
2013-09-26,30.455,30.755,30.365,30.5,1124000
2013-09-27,30.4,30.445,30.09,30.335,1031600
2013-09-30,30.030001,30.185,29.78,30.025,2410200
2013-10-01,30.059999,30.48,30.055,30.315,2230800
2013-10-02,30.23,30.275,30.0049992,30.26,876200
2013-10-03,30.235,30.235,29.915,30.02,1554800
2013-10-04,30.014999,30.195,29.92,29.98,1338200
2013-10-07,29.815,29.97,29.695,29.835,1899400
2013-10-08,29.82,29.945,29.615,29.63,1176600
2013-10-09,29.66,30.0049992,29.5,29.84,1712200
2013-10-10,30.055,30.355,29.85,30.355,1198400
2013-10-11,30.24,30.67,30.22,30.665,897400
2013-10-14,30.5,30.72,30.5,30.7,826800
2013-10-15,30.655,30.75,30.305,30.335,994600
2013-10-16,30.42,30.95,30.42,30.935,963800
2013-10-17,30.835,31.215,30.68,31.175,860600
2013-10-18,31.385,31.415,31.115,31.41,777400
2013-10-21,31.4,31.4,31.11,31.23,962800
2013-10-22,31.37,31.945,31.195,31.915,1132000
2013-10-23,31.715,32.12,31.715,32.025002,974400
2013-10-24,32.0099983,32.22,31.985,32.165,1707400
2013-10-25,32.095001,32.245,32.0,32.22,950800
2013-10-28,32.16,32.425,32.16,32.24,2112400
2013-10-29,32.24,32.47,32.17,32.47,1375000
2013-10-30,32.52,32.67,32.405,32.54,1890000
2013-10-31,32.68,33.0,32.44,32.575,2354600
2013-11-01,32.135,32.7,31.87,32.515,2178800
2013-11-04,32.55,32.75,32.37,32.595,1535400
2013-11-05,32.595,32.695,32.265,32.655,1582000
2013-11-06,32.535,32.84,32.33,32.725,1340600
2013-11-07,32.73,32.84,32.14,32.155,1475200
2013-11-08,32.099998,32.19,31.82,32.095001,1006800
2013-11-11,32.175,32.225,31.99,32.0099983,1110000
2013-11-12,32.0,32.485,31.885,32.48,1347200
2013-11-13,32.47,32.885,32.375,32.875,1207600
2013-11-14,32.83,33.080002,32.79,32.9,1004800
2013-11-15,32.99,33.14,32.915,32.97,1028400
2013-11-18,32.995,33.084999,32.735,32.81,1111400
2013-11-19,32.74,32.75,32.37,32.415,1130000
2013-11-20,32.5,32.655,32.4,32.515,839200
2013-11-21,32.57,32.82,32.53,32.81,813000
2013-11-22,32.85,32.85,32.57,32.685,785000
2013-11-25,33.060001,33.060001,32.725,32.83,1058400
2013-11-26,32.745,32.995,32.665,32.925,1467800
2013-11-27,32.985,33.0,32.625,32.855,522000
2013-11-29,32.855,32.985,32.605,32.625,417400
2013-12-02,32.655,32.885,32.45,32.63,1016200
2013-12-03,32.58,33.064999,32.505,33.049999,1116200
2013-12-04,32.905,33.044998,32.54,33.014999,964400
2013-12-05,32.945,32.985,32.565,32.85,823600
2013-12-06,33.035,33.46,32.935,33.455,1146800
2013-12-09,33.42,33.48,33.25,33.45,1016000
2013-12-10,33.37,33.37,32.905,33.025002,1104400
2013-12-11,33.07,33.115,32.845,33.064999,1028200
2013-12-12,33.0050011,33.175,32.625,32.74,956400
2013-12-13,32.84,32.915,32.565,32.88,743000
2013-12-16,32.9,33.11,32.69,32.86,1544600
2013-12-17,32.78,33.029999,32.4,32.72,895200
2013-12-18,32.705,33.235,32.415,33.215,955400
2013-12-19,33.205,33.29,32.625,32.875,1264600
2013-12-20,33.07,33.31,32.835,33.24,1686200
2013-12-23,33.35,33.4,32.99,33.115,876000
2013-12-24,33.125,33.27,32.99,33.185,308200
2013-12-26,33.225,33.27,32.91,33.145,722200
2013-12-27,33.135,33.38,33.029999,33.295,678000
2013-12-30,33.32,33.36,33.19,33.32,599000
2013-12-31,33.36,33.425,33.029999,33.14,839200
2014-01-02,33.13,33.155,32.61,32.75,1035800
2014-01-03,32.94,32.98,32.58,32.755,1040800
2014-01-06,32.9,32.97,32.655,32.85,1511400
2014-01-07,32.89,33.029999,32.78,32.965,1090800
2014-01-08,32.905,32.92,32.555,32.68,1113800
2014-01-09,32.86,32.9,32.56,32.76,2099200
2014-01-10,32.74,32.915,32.64,32.89,1453200
2014-01-13,32.86,32.995,32.535,32.63,1252200
2014-01-14,32.755,32.97,32.555,32.97,1102200
2014-01-15,32.975,33.155,32.82,32.95,769200
2014-01-16,32.905,33.080002,32.765,33.0050011,1054000
2014-01-17,32.96,33.15,32.75,32.765,1412800
2014-01-21,32.94,33.07,32.59,32.775,995800
2014-01-22,32.925,32.925,32.635,32.76,864000
2014-01-23,32.57,32.86,32.315,32.795,1799200
2014-01-24,32.76,33.099998,32.525,32.525,1092800
2014-01-27,32.525,32.62,32.25,32.355,1476800
2014-01-28,32.36,32.69,32.27,32.595,1930400
2014-01-29,32.36,32.395,31.81,31.82,1816800
2014-01-30,32.064999,32.36,31.945,32.25,1340600
2014-01-31,32.060001,32.36,31.745,32.29,2131200
2014-02-03,32.325,32.405,31.014999,31.030001,3907800
2014-02-04,30.975,32.029999,30.5,31.875,3951200
2014-02-05,32.245,32.245,31.515,31.525,1869400
2014-02-06,31.56,31.735,31.33,31.67,1309200
2014-02-07,31.91,32.11,31.775,31.975,1145800
2014-02-10,31.97,32.43,31.725,32.345,2338800
2014-02-11,32.305,32.65,32.195,32.485,1272800
2014-02-12,32.5,32.54,32.095001,32.22,1459000
2014-02-13,32.02,32.33,31.835,32.19,1354600
2014-02-14,32.2,32.65,32.049999,32.65,1369400
2014-02-18,32.785,32.865,32.51,32.73,2110600
2014-02-19,32.64,33.040001,32.64,32.78,2350000
2014-02-20,32.83,33.22,32.725,33.135,1194000
2014-02-21,33.25,33.4,33.060001,33.075001,1178400
2014-02-24,33.165,33.83,33.165,33.72,1668200
2014-02-25,33.64,33.83,33.5,33.66,1237000
2014-02-26,33.745,33.995,33.59,33.715,1540800
2014-02-27,33.625,33.89,33.51,33.875,1157200
2014-02-28,33.875,34.28,33.6,33.99,1369400
2014-03-03,33.865,34.060001,33.645,34.060001,1893800
2014-03-04,34.3,34.705,34.24,34.325,1827000
2014-03-05,34.315,34.4,34.07,34.115,1589800
2014-03-06,34.125,34.3,34.095001,34.135,680600
2014-03-07,34.22,34.295,34.02,34.21,784400
2014-03-10,34.215,34.4,34.165,34.245,1211000
2014-03-11,34.27,34.38,34.060001,34.195,1422800
2014-03-12,33.515,34.155,33.44,34.075001,2220400
2014-03-13,34.105,34.24,33.845,33.96,2126600
2014-03-14,33.94,34.26,33.91,34.19,1665800
2014-03-17,34.37,34.72,34.26,34.375,1136400
2014-03-18,34.45,34.46,34.2,34.29,1299400
2014-03-19,34.2,34.425,33.855,33.99,1508200
2014-03-20,33.99,34.285,33.805,34.0099983,1872200
2014-03-21,33.955,34.33,33.785,33.815,3012600
2014-03-24,34.025002,34.335,33.88,33.955,2245600
2014-03-25,34.099998,34.345,33.975,34.12,1629400
2014-03-26,34.29,34.4,34.11,34.17,1116000
2014-03-27,34.205,34.635,34.0,34.084999,1455800
2014-03-28,34.135,34.225,33.975,34.055,867000
2014-03-31,34.265,34.55,33.97,34.535,1236600
2014-04-01,34.475,34.495,34.09,34.28,1059800
2014-04-02,34.2,34.43,34.09,34.285,1103800
2014-04-03,34.355,34.43,34.215,34.325,985000
2014-04-04,34.41,34.5,33.975,33.98,2144600
2014-04-07,33.9,34.26,33.825,34.16,1392200
2014-04-08,34.11,34.42,33.965,34.34,1299200
2014-04-09,34.52,34.7,34.335,34.53,1136800
2014-04-10,34.48,34.71,34.075001,34.11,1519600
2014-04-11,34.11,34.265,33.915,33.96,1510400
2014-04-14,34.09,34.32,34.0099983,34.165,1062000
2014-04-15,34.255,34.37,34.029999,34.22,1434000
2014-04-16,34.38,34.625,34.35,34.54,824800
2014-04-17,34.55,34.625,34.325,34.59,907000
2014-04-21,34.525,34.86,34.35,34.65,1022600
2014-04-22,34.65,34.71,34.21,34.265,1748200
2014-04-23,34.29,34.355,34.055,34.215,2079800
2014-04-24,34.28,34.37,34.13,34.21,1340200
2014-04-25,34.225,34.4,34.15,34.355,890000
2014-04-28,34.49,34.875,34.455,34.78,1799000
2014-04-29,34.78,34.925,34.46,34.525,1590600
2014-04-30,34.515,34.7,34.305,34.505,2740200
2014-05-01,34.495,34.525,33.75,34.035,3194800
2014-05-02,34.025002,34.29,33.78,34.27,1814200
2014-05-05,34.02,34.205,33.86,34.075001,1281600
2014-05-06,34.0050011,34.135,33.835,33.86,886200
2014-05-07,33.89,34.145,33.875,34.02,1896800
2014-05-08,33.87,34.07,33.745,33.865,1461400
2014-05-09,33.83,34.060001,33.795,34.049999,1293400
2014-05-12,34.099998,34.225,33.87,33.925,1564600
2014-05-13,33.98,34.055,33.795,33.925,1277800
2014-05-14,33.89,33.955,33.695,33.72,665000
2014-05-15,33.65,33.82,33.525,33.795,1256600
2014-05-16,33.715,33.9,33.635,33.87,968800
2014-05-19,33.755,33.955,33.695,33.895,1078800
2014-05-20,33.89,33.965,33.675,33.93,1436200
2014-05-21,34.0,34.155,33.92,34.13,1133200
2014-05-22,34.084999,34.115,33.94,34.029999,1467600
2014-05-23,34.025002,34.26,34.0050011,34.16,830800
2014-05-27,34.225,34.25,34.055,34.060001,1002200
2014-05-28,34.165,34.205,34.029999,34.09,1314000
2014-05-29,34.09,34.485,34.09,34.445,1040200
2014-05-30,34.445,34.68,34.405,34.615,1139200
2014-06-02,34.645,34.695,34.38,34.425,1231400
2014-06-03,34.395,34.395,34.235,34.315,1037400
2014-06-04,34.285,34.65,34.23,34.635,1634200
2014-06-05,34.625,34.765,34.48,34.765,959600
2014-06-06,34.785,34.825,34.67,34.73,792000
2014-06-09,34.645,35.049999,34.625,34.995,849400
2014-06-10,34.845,35.049999,34.69,34.765,1227800
2014-06-11,34.74,34.895,34.71,34.775,1207000
2014-06-12,34.73,34.765,34.54,34.645,607600
2014-06-13,34.67,34.72,34.505,34.57,917600
2014-06-16,34.57,34.89,34.57,34.81,1053000
2014-06-17,34.725,34.87,34.615,34.715,1109400
2014-06-18,34.745,34.87,34.685,34.855,990000
2014-06-19,34.94,35.225,34.9,35.195,583800
2014-06-20,35.205,35.245,35.0050011,35.029999,1954400
2014-06-23,35.044998,35.044998,34.73,34.74,1303800
2014-06-24,34.7,34.86,34.61,34.675,852000
2014-06-25,34.655,34.85,34.615,34.8,709600
2014-06-26,34.82,34.875,34.58,34.7,896200
2014-06-27,34.675,34.845,34.54,34.745,1328600
2014-06-30,34.815,34.98,34.715,34.975,1341600
2014-07-01,35.0,35.355,34.895,35.09,1657000
2014-07-02,34.945,35.24,34.47,34.53,2225800
2014-07-03,34.58,34.705,34.075001,34.075001,3251600
2014-07-07,33.62,34.12,33.545,33.91,3752800
2014-07-08,33.945,33.99,33.66,33.805,2717800
2014-07-09,33.905,34.16,33.835,34.09,1356600
2014-07-10,33.835,34.12,33.745,34.02,1301600
2014-07-11,34.049999,34.14,33.84,33.86,1250800
2014-07-14,34.02,34.115,33.675,33.745,2390600
2014-07-15,33.935,34.084999,33.88,34.060001,2157200
2014-07-16,34.225,34.235,33.865,33.925,2205600
2014-07-17,33.895,34.075001,33.705,33.715,1901400
2014-07-18,33.735,33.95,33.575,33.89,2449600
2014-07-21,33.795,33.95,33.67,33.815,1735000
2014-07-22,33.81,33.81,33.31,33.355,1792000
2014-07-23,33.45,33.51,33.275,33.33,2219400
2014-07-24,33.335,33.525,33.165,33.31,1536000
2014-07-25,33.28,33.38,33.014999,33.09,921800
2014-07-28,33.09,33.245,32.875,33.064999,917200
2014-07-29,33.099998,33.335,33.029999,33.060001,1688200
2014-07-30,33.19,33.235,32.65,32.75,1922800
2014-07-31,32.58,32.665,32.055,32.09,2350000
2014-08-01,32.0,33.2,31.925,32.825,5315800
2014-08-04,32.82,32.975,32.41,32.785,2255200
2014-08-05,32.745,33.07,32.655,32.975,2214400
2014-08-06,32.81,33.26,32.81,33.235,1147400
2014-08-07,33.275,33.355,33.0,33.064999,1068000
2014-08-08,32.92,33.205,32.835,33.185,1599400
2014-08-11,33.315,33.66,33.245,33.62,1515000
2014-08-12,33.525,33.66,33.42,33.505,1672200
2014-08-13,33.635,33.715,33.36,33.525,961800
2014-08-14,33.545,33.72,33.48,33.715,759400
2014-08-15,33.835,33.925,33.495,33.645,708200
2014-08-18,33.74,33.96,33.685,33.87,766800
2014-08-19,33.84,34.044998,33.775,34.0,737800
2014-08-20,33.935,34.099998,33.835,34.0,718000
2014-08-21,34.084999,34.215,33.985,34.099998,1185800
2014-08-22,34.084999,34.155,33.87,33.875,1494000
2014-08-25,34.0050011,34.14,33.88,34.055,1105600
2014-08-26,34.07,34.145,33.865,33.99,1211200
2014-08-27,34.099998,34.15,33.955,34.035,1089800
2014-08-28,34.0,34.025002,33.82,33.99,866200
2014-08-29,34.035,34.15,33.94,34.12,757200
2014-09-02,34.24,34.515,34.145,34.35,1733000
2014-09-03,34.365,34.415,34.215,34.275,989600
2014-09-04,34.265,34.63,34.26,34.625,1534600
2014-09-05,34.52,34.625,34.36,34.6,870000
2014-09-08,34.495,34.655,34.325,34.515,1675800
2014-09-09,34.415,34.6,34.405,34.52,1169400
2014-09-10,34.58,34.995,34.43,34.91,1579000
2014-09-11,34.855,34.955,34.745,34.905,963400
2014-09-12,34.875,34.9,34.53,34.665,988600
2014-09-15,34.75,34.8,34.63,34.79,646400
2014-09-16,34.665,35.14,34.585,35.02,1354600
2014-09-17,34.95,35.285,34.865,35.165,1202600
2014-09-18,35.16,35.165,35.025002,35.060001,826800
2014-09-19,35.095001,35.17,34.905,35.064999,2250200
2014-09-22,35.099998,35.37,35.099998,35.3,1416600
2014-09-23,35.155,35.27,34.9,34.905,1234000
2014-09-24,34.935,35.385,34.895,35.335,1218600
2014-09-25,35.265,35.275,34.925,35.025002,1244400
2014-09-26,35.014999,35.25,34.925,35.23,797600
2014-09-29,34.955,35.435,34.855,35.36,1145400
2014-09-30,35.27,35.34,35.080002,35.080002,1180200
2014-10-01,35.055,35.09,34.76,34.835,2134800
2014-10-02,34.915,35.175,34.68,34.725,1946400
2014-10-03,34.765,35.0099983,34.705,34.9,3390600
2014-10-06,34.5,34.85,34.48,34.635,1434000
2014-10-07,34.485,34.97,34.485,34.715,1529000
2014-10-08,34.81,35.245,34.69,35.235,1131200
2014-10-09,34.995,35.23,34.64,34.685,1438000
2014-10-10,34.565,34.915,34.485,34.555,1092600
2014-10-13,34.555,34.565,34.040001,34.075001,1204800
2014-10-14,34.15,34.295,33.89,34.14,1213200
2014-10-15,33.91,34.21,33.52,33.99,1921600
2014-10-16,33.75,34.095001,33.56,33.99,2139200
2014-10-17,34.29,34.385,33.86,34.19,1382000
2014-10-20,34.165,34.815,34.040001,34.795,1258400
2014-10-21,34.985,35.48,34.78,35.405,1239800
2014-10-22,35.47,35.65,35.27,35.275,1345400
2014-10-23,35.565,35.565,35.095001,35.215,1422000
2014-10-24,35.345,35.655,35.12,35.61,872200
2014-10-27,35.595,36.064999,35.535,35.96,1263600
2014-10-28,36.064999,36.13,35.86,36.084999,1380000
2014-10-29,36.14,36.19,35.885,36.17,1233000
2014-10-30,36.075001,36.37,35.925,36.16,1208400
2014-10-31,36.47,36.47,36.11,36.205,1682200
2014-11-03,36.19,36.65,35.845,36.055,2258800
2014-11-04,36.125,36.81,35.965,36.775,1523800
2014-11-05,36.965,36.965,36.46,36.62,1527800
2014-11-06,36.62,36.815,36.505,36.52,1452000
2014-11-07,36.515,36.7,36.265,36.635,1101000
2014-11-10,36.75,36.935,36.55,36.74,1080800
2014-11-11,36.84,37.195,36.7,37.044998,908600
2014-11-12,37.044998,37.17,36.89,37.17,864600
2014-11-13,37.25,37.405,37.115,37.13,809000
2014-11-14,37.155,37.155,36.71,36.765,691800
2014-11-17,36.765,36.975,36.68,36.945,890600
2014-11-18,36.945,37.165,36.8,37.115,1124800
2014-11-19,37.315,37.525,36.96,37.525,1169000
2014-11-20,37.425,37.465,37.205,37.31,969000
2014-11-21,37.57,37.615,37.23,37.26,948400
2014-11-24,37.5,37.5,37.125,37.255,1037000
2014-11-25,37.31,37.345,37.125,37.325,1151400
2014-11-26,37.35,37.475,37.23,37.46,469600
2014-11-28,37.535,38.395,37.525,38.355,816000
2014-12-01,38.12,38.42,37.95,38.0,1161600
2014-12-02,38.0,38.16,37.735,37.87,1097200
2014-12-03,37.92,37.98,37.605,37.835,1003600
2014-12-04,37.89,38.17,37.745,38.16,1505600
2014-12-05,38.155,38.45,38.0050011,38.42,1126000
2014-12-08,38.54,38.94,38.325,38.72,1489000
2014-12-09,38.455,38.685,38.215,38.61,1037400
2014-12-10,38.735,38.835,38.385,38.385,922600
2014-12-11,38.305,38.695,38.2,38.4,1227400
2014-12-12,38.225,38.65,37.98,38.0,1195600
2014-12-15,38.13,38.47,37.755,37.965,1199600
2014-12-16,37.725,38.39,37.42,37.915,1587800
2014-12-17,37.975,38.625,37.685,38.54,1627000
2014-12-18,38.83,39.21,38.58,39.19,1118400
2014-12-19,39.185,39.435,39.09,39.225,2121400
2014-12-22,39.185,39.525,39.080002,39.34,945000
2014-12-23,40.014999,40.37,39.695,40.265,1698000
2014-12-24,40.095001,40.485,40.07,40.080002,449800
2014-12-26,40.275,40.365,40.064999,40.09,498400
2014-12-29,40.035,40.315,40.0050011,40.049999,623000
2014-12-30,39.995,40.23,39.81,39.82,736000
2014-12-31,39.79,40.07,39.395,39.405,940400
2015-01-02,39.455,39.595,39.225,39.545,1076600
2015-01-05,39.345,39.59,39.025002,39.105,1106200
2015-01-06,39.25,39.345,38.72,38.78,1400400
2015-01-07,39.0,39.23,38.695,39.215,1085200
2015-01-08,39.45,40.11,39.35,39.99,1665600
2015-01-09,40.0,40.13,39.68,39.86,1984800
2015-01-12,39.87,40.125,39.57,39.745,973200
2015-01-13,39.995,40.34,39.55,39.835,1264000
2015-01-14,39.535,40.18,39.48,40.084999,1205400
2015-01-15,40.31,40.57,40.095001,40.41,1213800
2015-01-16,40.415,41.195,40.355,41.17,1350400
2015-01-20,41.245,41.345,40.835,41.245,1380800
2015-01-21,40.995,41.17,40.61,41.145,1357800
2015-01-22,41.245,41.7,40.8,41.695,1434800
2015-01-23,41.58,41.655,40.95,40.995,1165400
2015-01-26,41.055,41.385,40.95,41.375,1644200
2015-01-27,40.965,41.175,40.66,41.0099983,874400
2015-01-28,41.185,41.355,40.755,40.805,1243600
2015-01-29,41.014999,41.36,40.81,41.335,1093800
2015-01-30,41.035,41.205,40.455,40.46,1519000
2015-02-02,40.615,41.040001,40.075001,41.040001,3039800
2015-02-03,40.75,41.38,40.46,41.345,2438800
2015-02-04,41.6,41.89,41.42,41.8,2061000
2015-02-05,41.845,41.86,41.28,41.615,1471800
2015-02-06,41.49,41.5,40.83,40.98,1094000
2015-02-09,40.97,40.99,40.675,40.91,983800
2015-02-10,41.12,41.49,40.95,41.445,801400
2015-02-11,41.555,41.785,41.32,41.625,1109800
2015-02-12,41.775,41.855,41.575,41.68,1227000
2015-02-13,41.68,42.035,41.605,42.014999,964000
2015-02-17,42.075001,42.39,41.9,42.16,1628600
2015-02-18,42.099998,42.445,42.0050011,42.385,1217600
2015-02-19,42.38,42.41,41.95,42.11,2274800
2015-02-20,42.049999,42.785,42.0099983,42.685,1251800
2015-02-23,42.685,43.285,42.555,42.95,1335800
2015-02-24,42.93,43.105,42.735,43.07,1497800
2015-02-25,43.185,43.25,42.655,42.765,1252000
2015-02-26,42.765,42.9,42.555,42.725,1221400
2015-02-27,42.725,42.88,42.54,42.57,1094400
2015-03-02,42.615,42.9,42.615,42.77,905000
2015-03-03,42.77,42.86,42.45,42.745,1322600
2015-03-04,42.745,42.825,42.39,42.445,929000
2015-03-05,42.6,42.685,42.265,42.63,741800
2015-03-06,42.43,42.515,41.77,41.885,1772600
2015-03-09,42.060001,42.5,41.895,42.335,1024800
2015-03-10,42.145,42.27,41.79,41.805,1272200
2015-03-11,41.76,42.044998,41.575,42.02,2071200
2015-03-12,42.115,42.5,42.02,42.46,1092400
2015-03-13,42.39,42.39,41.885,42.18,821600
2015-03-16,42.36,42.825,42.345,42.75,1236600
2015-03-17,42.5,42.625,42.285,42.505,1184800
2015-03-18,42.525,42.84,42.025002,42.66,1422800
2015-03-19,42.59,42.775,42.54,42.67,581800
2015-03-20,42.9,43.115,42.665,43.07,2444600
2015-03-23,43.099998,43.33,43.044998,43.09,860800
2015-03-24,43.15,43.28,42.745,42.755,1547800
2015-03-25,42.91,43.084999,42.465,42.495,1161200
2015-03-26,42.295,42.42,42.0,42.099998,1899200
2015-03-27,42.080002,42.535,42.080002,42.485,940000
2015-03-30,42.68,43.15,42.56,42.965,862000
2015-03-31,42.92,43.075001,42.7,42.71,1186200
2015-04-01,42.7,42.73,42.165,42.7,1214800
2015-04-02,42.76,43.055,42.615,42.885,826800
2015-04-06,42.72,43.27,42.655,43.12,1787200
2015-04-07,43.155,43.27,42.75,42.775,908200
2015-04-08,42.78,43.185,42.755,42.99,895400
2015-04-09,42.81,43.11,42.5,42.965,1567200
2015-04-10,42.975,43.235,42.805,42.95,730800
2015-04-13,42.85,42.975,42.81,42.81,990000
2015-04-14,42.84,43.395,42.795,43.285,1497600
2015-04-15,43.39,43.625,42.83,42.865,1015200
2015-04-16,42.94,43.15,42.665,42.875,990000
2015-04-17,42.71,42.85,42.31,42.53,1120600
2015-04-20,42.39,42.59,42.060001,42.15,1659400
2015-04-21,42.25,42.565,41.985,42.035,1751200
2015-04-22,42.02,42.07,41.79,41.875,2567400
2015-04-23,41.73,42.029999,41.52,41.915,2068800
2015-04-24,41.985,42.084999,41.905,41.975,1248800
2015-04-27,42.12,42.2,41.605,41.75,1112600
2015-04-28,41.83,41.99,41.535,41.76,982200
2015-04-29,41.515,41.84,41.12,41.305,1052200
2015-04-30,41.205,41.42,40.41,40.585,1537600
2015-05-01,40.59,41.095001,40.56,40.965,1068800
2015-05-04,41.155,41.375,41.044998,41.155,816400
2015-05-05,41.255,41.445,40.765,40.83,663800
2015-05-06,40.875,41.049999,40.59,40.89,1343400
2015-05-07,40.825,41.5,40.5,41.325,1710600
2015-05-08,41.685,41.77,41.46,41.615,1376600
2015-05-11,41.53,41.77,41.445,41.755,1947400
2015-05-12,41.63,41.86,41.31,41.685,1141200
2015-05-13,41.85,41.89,41.315,41.4,1477200
2015-05-14,41.485,41.825,41.385,41.73,1177400
2015-05-15,41.725,41.83,41.59,41.81,820000
2015-05-18,41.655,42.175,41.655,42.075001,732400
2015-05-19,42.07,42.35,41.915,42.34,948400
2015-05-20,42.275,42.585,42.175,42.435,955200
2015-05-21,42.33,42.485,42.24,42.315,568800
2015-05-22,42.26,42.37,42.064999,42.22,494200
2015-05-26,42.14,42.21,41.92,42.055,1103600
2015-05-27,42.099998,42.26,41.9,42.175,1049000
2015-05-28,42.075001,42.32,42.07,42.265,886600
2015-05-29,42.25,42.275,41.875,41.985,1567800
2015-06-01,42.014999,42.365,41.705,42.27,1071200
2015-06-02,42.11,42.15,41.835,41.95,1018400
2015-06-03,42.135,42.215,41.86,42.185,775000
2015-06-04,41.95,42.26,41.64,41.65,824000
2015-06-05,41.545,41.665,41.2,41.305,1022600
2015-06-08,41.27,41.43,41.044998,41.3,1180400
2015-06-09,41.25,41.74,41.22,41.54,958000
2015-06-10,41.645,41.88,41.555,41.8,786400
2015-06-11,41.8,41.965,41.675,41.96,986000
2015-06-12,41.91,41.91,41.545,41.665,747400
2015-06-15,41.475,41.485,41.095001,41.165,1061200
2015-06-16,41.28,41.57,41.165,41.4,1372600
2015-06-17,41.545,41.72,41.455,41.595,859800
2015-06-18,41.655,42.049999,41.655,41.785,1138400
2015-06-19,41.895,41.93,41.69,41.795,1288400
2015-06-22,41.895,42.080002,41.795,41.915,666400
2015-06-23,41.92,42.025002,41.625,41.64,1328400
2015-06-24,41.66,41.66,41.24,41.32,828000
2015-06-25,41.375,41.46,41.205,41.405,666400
2015-06-26,41.5,41.5,41.27,41.41,1339200
2015-06-29,41.27,41.335,40.48,40.52,1360600
2015-06-30,40.81,40.94,40.49,40.565,1222400
2015-07-01,40.725,41.39,40.61,41.37,1569400
2015-07-02,41.365,41.455,40.925,41.060001,1355800
2015-07-06,40.885,41.14,40.685,40.905,3500800
2015-07-07,40.91,41.8,40.77,41.775,1145400
2015-07-08,41.505,41.92,41.505,41.79,1244600
2015-07-09,42.0,42.2,41.55,41.59,1043000
2015-07-10,41.875,42.105,41.83,42.055,909200
2015-07-13,42.425,42.56,42.22,42.435,877200
2015-07-14,42.5,42.615,42.245,42.41,806400
2015-07-15,42.475,42.625,42.315,42.4,861600
2015-07-16,42.585,42.98,42.53,42.905,1397000
2015-07-17,42.865,42.865,42.435,42.485,868000
2015-07-20,42.5,42.865,42.455,42.85,662800
2015-07-21,42.74,42.785,42.3,42.36,1207800
2015-07-22,42.3,42.59,42.245,42.555,908200
2015-07-23,42.63,42.715,42.335,42.39,682600
2015-07-24,42.395,42.555,42.195,42.245,745200
2015-07-27,42.095001,42.32,41.965,42.31,641400
2015-07-28,42.4,42.775,42.32,42.755,876200
2015-07-29,42.705,43.195,42.705,43.16,738400
2015-07-30,43.099998,43.395,42.735,43.39,749000
2015-07-31,43.5,43.52,43.115,43.165,1064800
2015-08-03,43.165,43.705,43.155,43.695,1278000
2015-08-04,43.89,44.245,43.705,44.0050011,1262800
2015-08-05,44.14,45.02,44.029999,44.745,1859600
2015-08-06,44.905,44.99,44.335,44.675,1113000
2015-08-07,44.415,44.53,44.265,44.52,1450400
2015-08-10,44.645,44.875,44.47,44.59,772000
2015-08-11,44.315,44.455,44.099998,44.215,1013400
2015-08-12,43.905,44.545,43.665,44.545,1378400
2015-08-13,44.51,44.775,44.4,44.63,635800
2015-08-14,44.66,44.84,44.5,44.825,545800
2015-08-17,44.74,45.16,44.45,45.16,1109800
2015-08-18,45.23,45.365,44.95,45.285,939400
2015-08-19,45.075001,45.075001,44.685,44.875,947400
2015-08-20,44.57,44.75,44.3,44.325,910400
2015-08-21,44.095001,44.25,43.35,43.35,1066200
2015-08-24,41.365,43.080002,41.12,42.49,3016800
2015-08-25,43.365,43.5,41.445,41.475,1695800
2015-08-26,42.27,42.605,41.41,42.495,1375400
2015-08-27,42.925,43.295,42.455,43.27,1398200
2015-08-28,43.185,43.545,42.83,43.425,1961200
2015-08-31,43.285,43.495,42.755,43.14,2001400
2015-09-01,42.49,42.7,41.83,41.96,1407200
2015-09-02,42.24,42.505,42.040001,42.425,1556800
2015-09-03,42.605,43.155,42.45,43.014999,839200
2015-09-04,42.525,42.755,42.34,42.465,1085000
2015-09-08,43.0099983,43.27,42.655,43.255,1202200
2015-09-09,43.5,43.66,42.535,42.615,1030200
2015-09-10,42.5,42.885,42.34,42.495,933400
2015-09-11,41.635,42.205,41.505,42.044998,2118000
2015-09-14,42.064999,42.095001,41.575,41.715,1134800
2015-09-15,41.8,42.25,41.71,42.12,984600
2015-09-16,42.12,42.315,42.014999,42.235,1542200
2015-09-17,42.3,42.81,42.19,42.42,1213800
2015-09-18,42.115,42.335,41.86,41.945,2013800
2015-09-21,42.215,42.495,42.049999,42.4,673600
2015-09-22,42.0,42.27,41.765,41.995,985200
2015-09-23,42.09,42.23,41.865,42.049999,709400
2015-09-24,41.9,42.43,41.755,42.385,1787400
2015-09-25,42.755,43.22,42.53,42.815,1278200
2015-09-28,42.635,42.91,42.12,42.22,1050800
2015-09-29,42.195,42.395,42.025002,42.265,1254800
2015-09-30,42.585,43.0,41.895,41.95,3490200
2015-10-01,42.0,42.099998,41.595,41.9,2268000
2015-10-02,41.625,42.565,41.61,42.565,1403800
2015-10-05,42.905,43.28,42.705,43.195,3177200
2015-10-06,43.175,43.195,42.715,42.78,1395400
2015-10-07,42.945,43.355,42.71,43.25,1987800
2015-10-08,43.165,43.54,43.040001,43.525,1140400
2015-10-09,43.58,43.92,43.515,43.81,772000
2015-10-12,43.875,44.26,43.835,44.15,1629600
2015-10-13,44.0,44.305,43.865,43.965,997600
2015-10-14,43.99,44.099998,43.42,43.48,741800
2015-10-15,43.745,43.88,43.495,43.76,625200
2015-10-16,43.855,44.23,43.775,44.185,550600
2015-10-19,44.13,44.36,44.0,44.105,1219400
2015-10-20,44.15,44.26,43.93,44.049999,617800
2015-10-21,44.215,44.365,43.86,43.905,539000
2015-10-22,44.19,44.435,44.0,44.325,1094000
2015-10-23,44.45,44.685,43.83,43.905,1697200
2015-10-26,43.805,43.99,43.58,43.595,1260000
2015-10-27,43.59,43.82,43.16,43.29,1576200
2015-10-28,43.435,43.75,43.225,43.745,1055000
2015-10-29,43.515,43.87,43.19,43.235,1589600
2015-10-30,43.255,43.355,42.755,43.044998,1922200
2015-11-02,43.54,43.54,42.525,42.7,1655000
2015-11-03,42.61,42.735,42.02,42.055,1366800
2015-11-04,42.24,42.32,41.75,41.93,1231000
2015-11-05,42.029999,42.029999,41.455,41.505,1503600
2015-11-06,41.36,41.475,40.285,40.945,2476200
2015-11-09,40.945,41.02,40.335,40.66,2064400
2015-11-10,40.725,41.7,40.54,41.62,1767000
2015-11-11,41.62,42.07,41.575,41.725,1491400
2015-11-12,41.545,41.81,41.26,41.295,1262200
2015-11-13,41.25,41.48,41.055,41.265,1876400
2015-11-16,41.265,41.845,41.185,41.785,1034600
2015-11-17,41.785,42.4,41.63,41.735,1469400
2015-11-18,41.79,42.485,41.715,42.425,1408800
2015-11-19,42.575,43.26,42.47,42.825,1500400
2015-11-20,43.0099983,43.33,42.785,42.865,1127200
2015-11-23,42.945,43.27,42.8,43.15,1020000
2015-11-24,42.845,43.425,42.785,43.315,1849800
2015-11-25,43.265,43.65,43.255,43.47,742200
2015-11-27,43.62,43.83,43.395,43.555,449000
2015-11-30,43.55,43.8,42.81,42.885,1559400
2015-12-01,43.0,43.49,43.0,43.43,1178000
2015-12-02,43.27,43.565,42.785,42.88,1484200
2015-12-03,43.145,43.31,42.315,42.61,1079600
2015-12-04,42.76,43.45,42.715,43.37,817400
2015-12-07,43.37,43.69,43.195,43.535,738800
2015-12-08,43.335,43.635,43.035,43.45,735200
2015-12-09,43.415,43.88,42.83,42.975,2767000
2015-12-10,42.975,43.13,42.43,42.47,2018200
2015-12-11,42.195,42.345,41.875,41.925,1254200
2015-12-14,42.080002,42.345,41.75,41.995,1496400
2015-12-15,42.28,42.445,42.0,42.26,1747600
2015-12-16,42.57,42.92,42.265,42.77,1168400
2015-12-17,42.855,42.91,42.325,42.62,2024000
2015-12-18,42.48,42.555,41.4,41.61,2810600
2015-12-21,41.83,42.12,41.67,42.064999,1955200
2015-12-22,42.15,42.735,41.77,42.665,1625600
2015-12-23,43.5,43.885,43.18,43.4,3463800
2015-12-24,43.33,43.495,42.945,43.22,1504600
2015-12-28,43.099998,43.39,42.63,42.675,51369000
2015-12-29,42.75,43.31,42.535,43.135,2942000
2015-12-30,43.15,43.395,42.94,43.064999,3215800
2015-12-31,42.875,43.12,42.425,42.44,1536400
2016-01-04,41.9,42.075001,41.095001,41.755,3496800
2016-01-05,41.73,41.945,41.19,41.4,2922600
2016-01-06,41.07,41.56,40.82,41.205,4109800
2016-01-07,40.605,40.94,40.31,40.54,2664200
2016-01-08,40.745,41.525,40.53,41.029999,4205800
2016-01-11,41.13,41.475,40.705,41.31,3009800
2016-01-12,41.605,41.91,41.385,41.865,2908400
2016-01-13,41.07,41.38,39.235,39.325,5915800
2016-01-14,39.525,39.83,39.055,39.115,3266600
2016-01-15,38.505,39.51,38.505,39.465,3615400
2016-01-19,39.73,40.07,39.245,39.48,2172400
2016-01-20,39.0,39.395,38.425,39.26,2382400
2016-01-21,39.22,39.895,38.905,39.605,2070000
2016-01-22,40.0,40.66,39.69,40.535,2317400
2016-01-25,40.175,40.29,39.64,39.725,2066200
2016-01-26,39.97,40.37,39.755,40.155,2318800
2016-01-27,40.23,40.83,40.0050011,40.255,1722800
2016-01-28,40.445,40.975,40.165,40.795,2016000
2016-01-29,40.81,42.0099983,40.705,42.0,2905400
2016-02-01,41.77,42.55,41.655,42.535,3620200
2016-02-02,42.11,43.0,41.875,42.89,4633800
2016-02-03,43.12,43.645,42.67,43.535,3485000
2016-02-04,43.5,43.815,42.99,43.37,2736800
2016-02-05,43.245,43.68,42.95,43.45,2844200
2016-02-08,42.79,43.735,42.595,43.625,3017000
2016-02-09,43.315,44.42,43.16,44.245,2786400
2016-02-10,44.345,44.665,44.135,44.21,1961400
2016-02-11,43.3,43.605,42.415,43.31,2848400
2016-02-12,43.595,44.405,43.18,44.29,1929000
2016-02-16,44.5,44.87,44.014999,44.82,2331800
2016-02-17,44.835,45.145,44.68,44.94,2420400
2016-02-18,45.0,45.0,44.57,44.755,2800800
2016-02-19,44.52,44.92,44.2,44.705,4175000
2016-02-22,45.075001,45.285,44.83,45.084999,1461200
2016-02-23,44.965,45.575,44.93,45.46,1380000
2016-02-24,45.15,45.845,45.15,45.81,1994000
2016-02-25,45.895,46.2,45.665,46.105,1984200
2016-02-26,46.15,46.36,45.5,45.85,1806200
2016-02-29,45.7,46.14,45.25,45.38,2295800
2016-03-01,45.595,45.895,45.365,45.49,1922200
2016-03-02,45.32,45.69,45.02,45.675,1466800
2016-03-03,45.695,45.88,45.305,45.875,1606600
2016-03-04,45.665,45.95,45.49,45.89,1204600
2016-03-07,45.62,45.77,45.064999,45.325,2167200
2016-03-08,45.3,45.97,45.060001,45.465,1709800
2016-03-09,45.635,45.94,44.97,45.084999,2147400
2016-03-10,45.255,45.365,44.685,45.15,1490200
2016-03-11,45.45,45.52,45.02,45.49,1167400
2016-03-14,45.585,45.745,45.17,45.3,1313000
2016-03-15,45.064999,45.83,45.0050011,45.755,1845600
2016-03-16,45.575,46.175,45.465,45.95,1366200
2016-03-17,45.84,46.205,45.675,45.995,1448600
2016-03-18,46.0,46.195,45.565,45.865,2530400
2016-03-21,45.8,46.215,45.4,46.0,1078400
2016-03-22,45.955,45.975,45.645,45.74,1328800
2016-03-23,45.81,46.24,45.69,45.785,1212800
2016-03-24,45.805,46.02,45.525,45.725,1392400
2016-03-28,45.91,46.115,45.725,45.99,910400
2016-03-29,45.985,46.25,45.665,46.145,1072800
2016-03-30,46.25,46.25,45.785,46.060001,1003200
2016-03-31,46.055,46.19,45.8,46.09,1888400
2016-04-01,45.975,46.885,45.845,46.85,1316400
2016-04-04,46.94,46.94,46.084999,46.27,1596800
2016-04-05,46.3,47.135,46.055,46.97,3489200
2016-04-06,46.91,47.425,46.855,47.21,2745000
2016-04-07,46.96,47.245,46.58,46.96,2156200
2016-04-08,47.125,47.2,46.805,47.055,705400
2016-04-11,47.25,47.25,46.645,46.725,1136000
2016-04-12,46.66,46.955,46.525,46.87,878600
2016-04-13,47.029999,47.040001,46.31,46.74,1210600
2016-04-14,46.74,46.885,46.435,46.515,1148800
2016-04-15,46.63,47.475,46.63,46.955,1696200
2016-04-18,46.325,46.78,45.865,46.64,1783800
2016-04-19,46.745,47.22,46.67,47.13,1284200
2016-04-20,47.049999,47.225,46.56,46.63,1017200
2016-04-21,46.49,46.6,45.65,45.65,1331000
2016-04-22,45.415,46.049999,45.105,46.014999,1472000
2016-04-25,46.0,46.415,45.895,46.24,1097400
2016-04-26,46.31,46.475,45.97,46.029999,992000
2016-04-27,46.145,46.295,45.725,46.145,678000
2016-04-28,45.945,46.685,45.67,46.39,789800
2016-04-29,46.14,46.41,45.93,46.35,1080800
2016-05-02,46.35,46.845,46.22,46.745,937600
2016-05-03,46.71,47.23,46.505,46.825,1906800
2016-05-04,46.595,46.995,46.52,46.945,1390800
2016-05-05,46.985,48.029999,46.95,47.56,1684200
2016-05-06,47.63,48.47,47.4,48.42,1728400
2016-05-09,48.495,48.945,48.33,48.54,1678200
2016-05-10,48.575,49.025002,48.575,48.965,2028400
2016-05-11,48.865,48.96,48.0,48.365,1184600
2016-05-12,48.43,48.73,48.11,48.685,1046200
2016-05-13,48.695,48.695,48.075001,48.275,953000
2016-05-16,48.285,48.485,48.014999,48.23,1607000
2016-05-17,48.23,48.395,47.575,47.795,2398400
2016-05-18,49.35,49.625,48.15,48.49,4533000
2016-05-19,53.5,53.68,48.415,49.545,9170600
2016-05-20,49.545,49.805,48.215,48.24,3742400
2016-05-23,48.43,49.12,48.135,48.88,1994600
2016-05-24,49.11,49.26,48.79,48.945,1968200
2016-05-25,48.86,48.99,48.475,48.675,1482000
2016-05-26,48.69,49.11,48.635,49.095001,997400
2016-05-27,49.105,49.35,48.82,49.084999,1147600
2016-05-31,49.125,49.48,48.925,49.24,2208200
2016-06-01,49.205,49.665,49.09,49.47,1346400
2016-06-02,49.475,49.63,49.125,49.615,1111200
2016-06-03,49.6,49.79,49.27,49.44,1312800
2016-06-06,49.4,49.75,49.17,49.305,1161600
2016-06-07,49.41,49.625,49.225,49.565,1238200
2016-06-08,49.445,49.575,49.245,49.435,1861000
2016-06-09,49.49,49.945,49.39,49.915,1236600
2016-06-10,49.825,50.080002,49.52,49.94,1331000
2016-06-13,49.945,50.175,49.51,49.57,1302200
2016-06-14,49.515,49.94,49.17,49.845,942800
2016-06-15,50.0,50.0,49.375,49.45,952800
2016-06-16,49.435,49.805,49.18,49.7,1470000
2016-06-17,49.65,49.65,48.9,49.285,2027800
2016-06-20,49.68,49.89,49.41,49.62,937600
2016-06-21,49.765,49.985,49.495,49.835,924800
2016-06-22,49.93,50.17,49.815,50.12,1094200
2016-06-23,50.225,50.47,49.915,50.255,798800
2016-06-24,49.35,50.18,48.955,49.09,1920600
2016-06-27,48.9,49.68,48.8,49.37,2103200
2016-06-28,49.435,49.995,49.035,49.99,1400000
2016-06-29,50.064999,50.495,49.585,49.96,1112000
2016-06-30,50.15,51.445,50.049999,51.445,1793800
2016-07-01,51.445,51.545,50.87,51.155,936200
2016-07-05,51.21,52.275,51.21,51.67,1621800
2016-07-06,51.645,51.695,50.545,50.655,2176400
2016-07-07,50.715,50.82,50.215,50.33,1502000
2016-07-08,50.575,50.705,50.155,50.65,1943600
2016-07-11,50.76,50.89,50.18,50.845,1323400
2016-07-12,50.795,50.97,49.73,49.785,1387000
2016-07-13,49.92,50.28,49.67,49.99,1149600
2016-07-14,50.26,50.53,49.86,49.98,884200
2016-07-15,50.115,50.375,50.02,50.145,886000
2016-07-18,50.29,50.36,49.72,49.92,1190400
2016-07-19,49.965,50.36,49.835,50.36,947000
2016-07-20,50.345,50.495,49.755,49.81,1002800
2016-07-21,49.81,49.86,49.425,49.7,880000
2016-07-22,49.775,50.165,49.42,50.145,825400
2016-07-25,50.115,50.18,49.88,50.18,685600
2016-07-26,50.235,50.39,49.4,49.42,982800
2016-07-27,49.4,49.4,48.525,48.875,1362200
2016-07-28,48.9,49.355,48.755,49.255,900200
2016-07-29,49.19,49.475,48.94,49.12,1880000
2016-08-01,49.175,49.725,49.0,49.6,1239600
2016-08-02,49.5,49.69,49.014999,49.084999,1129400
2016-08-03,49.22,49.22,48.51,48.81,1352800
2016-08-04,49.21,50.775,48.85,50.59,1870600
2016-08-05,50.635,50.86,50.0050011,50.26,1568600
2016-08-08,50.225,50.26,49.79,50.035,1590000
2016-08-09,50.055,50.61,49.82,50.475,1235800
2016-08-10,50.375,50.8,50.275,50.705,953200
2016-08-11,50.82,51.195,50.0050011,50.16,1197600
2016-08-12,50.235,50.31,50.040001,50.24,874200
2016-08-15,50.25,50.42,50.0050011,50.014999,828800
2016-08-16,49.835,50.07,49.625,49.645,1626800
2016-08-17,49.645,49.76,49.225,49.615,1633800
2016-08-18,49.645,50.0050011,49.45,49.965,1129200
2016-08-19,49.795,49.945,49.43,49.705,1244600
2016-08-22,49.675,49.945,49.585,49.92,1212800
2016-08-23,49.965,50.09,49.845,49.855,862800
2016-08-24,49.775,49.85,49.19,49.575,1157400
2016-08-25,49.575,50.0,49.46,49.845,987400
2016-08-26,49.89,50.195,49.325,49.55,805200
2016-08-29,49.68,50.0099983,49.67,50.0,809800
2016-08-30,50.0,50.0,49.615,49.715,555400
2016-08-31,49.595,49.89,49.525,49.71,1181800
2016-09-01,49.82,49.995,49.51,49.875,1339800
2016-09-02,50.0,50.14,49.85,49.97,1009100
2016-09-06,50.13,50.44,49.94,50.31,1140300
2016-09-07,50.23,50.38,49.040001,49.13,1295900
2016-09-08,49.02,49.029999,48.17,48.5,1561800
2016-09-09,48.4,48.4,47.39,47.39,1607600
2016-09-12,47.39,47.87,47.07,47.54,1850000
2016-09-13,47.36,47.46,46.95,46.96,1349700
2016-09-14,47.15,47.28,46.68,46.81,796000
2016-09-15,46.91,47.22,46.74,47.11,777000
2016-09-16,47.0,47.0,46.63,46.8,1315500
2016-09-19,46.75,47.13,46.67,46.94,1061800
2016-09-20,47.040001,47.62,47.02,47.42,1616700
2016-09-21,47.41,47.87,47.32,47.85,1940200
2016-09-22,47.9,48.85,47.85,48.8,2054300
2016-09-23,48.62,48.78,48.029999,48.14,1245600
2016-09-26,48.11,48.17,47.66,47.99,1197400
2016-09-27,48.080002,48.2,47.81,47.95,1272600
2016-09-28,47.82,48.36,47.82,48.33,1050400
2016-09-29,48.11,48.19,47.51,47.56,1077900
2016-09-30,47.72,48.15,47.67,47.92,1456900
2016-10-03,47.7,47.86,46.93,47.0,1380700
2016-10-04,47.21,47.21,46.080002,46.24,2052800
2016-10-05,46.25,46.43,46.029999,46.26,4889800
2016-10-06,46.19,46.69,46.11,46.41,1523700
2016-10-07,46.9,47.27,46.57,46.92,2333200
2016-10-10,47.12,47.42,46.76,47.0099983,1492800
2016-10-11,46.98,47.02,46.64,46.97,1725400
2016-10-12,46.93,48.13,46.93,47.84,2438700
2016-10-13,47.59,48.18,47.49,47.78,2084900
2016-10-14,47.78,48.12,47.64,47.92,1135300
2016-10-17,47.97,48.31,47.79,48.28,1760100
2016-10-18,48.45,48.7,48.18,48.2,1595300
2016-10-19,48.17,48.17,47.69,47.74,1276800
2016-10-20,47.71,47.78,47.32,47.49,1341000
2016-10-21,47.44,47.63,47.12,47.51,1015100
2016-10-24,47.5,47.64,47.19,47.33,1219800
2016-10-25,47.5,48.35,47.48,48.11,1855500
2016-10-26,48.0099983,48.11,47.7,47.83,761900
2016-10-27,47.88,48.040001,47.34,47.73,1283700
2016-10-28,47.82,48.31,47.74,48.24,1105000
2016-10-31,48.25,48.41,47.99,48.26,1167800
2016-11-01,48.16,48.33,47.37,47.59,2027600
2016-11-02,47.47,47.63,47.049999,47.25,1781400
2016-11-03,45.0,45.62,43.35,44.12,6583400
2016-11-04,44.17,44.84,43.75,43.78,3563200
2016-11-07,44.0,44.48,44.0,44.43,1864200
2016-11-08,44.39,46.0,44.39,45.84,3318100
2016-11-09,45.02,45.74,44.38,45.54,2733600
2016-11-10,45.41,45.44,43.2,43.39,4994100
2016-11-11,42.99,43.82,42.9,43.71,2214000
2016-11-14,43.38,44.23,43.2,43.92,3116200
2016-11-15,44.11,44.81,44.02,44.57,3334000
2016-11-16,44.65,45.59,44.34,44.61,2755700
2016-11-17,44.51,44.74,44.25,44.43,1864900
2016-11-18,44.33,44.97,44.29,44.79,1977900
2016-11-21,44.79,44.97,44.52,44.82,1216400
2016-11-22,45.02,45.3,44.79,44.86,1629600
2016-11-23,44.66,45.080002,44.54,44.66,1101700
2016-11-25,44.71,45.12,44.51,45.060001,438000
2016-11-28,45.02,45.029999,44.63,44.86,1070700
2016-11-29,44.72,45.040001,44.61,44.84,1177200
2016-11-30,44.63,44.69,43.77,43.79,1729100
2016-12-01,43.72,43.8,42.56,42.77,2490800
2016-12-02,42.96,43.58,42.9,43.41,1998700
2016-12-05,43.61,44.17,43.54,44.16,2341400
2016-12-06,44.41,44.77,43.94,44.75,2462900
2016-12-07,44.62,45.029999,44.39,44.88,2208700
2016-12-08,44.59,44.8,43.67,43.79,1730800
2016-12-09,43.79,44.42,43.79,44.32,1391900
2016-12-12,44.24,44.72,44.15,44.47,1380700
2016-12-13,44.45,44.72,44.3,44.33,2161500
2016-12-14,44.41,45.45,44.38,44.75,2709900
2016-12-15,44.68,44.88,44.24,44.85,1443100
2016-12-16,44.8,45.11,44.65,44.96,2321500
2016-12-19,44.97,45.12,44.51,44.63,1262200
2016-12-20,44.69,44.92,44.44,44.74,1052000
2016-12-21,44.69,45.0099983,44.39,44.57,1082500
2016-12-22,44.4,44.54,44.13,44.51,1405900
2016-12-23,44.51,44.96,44.51,44.72,655400
2016-12-27,44.5,45.099998,44.5,45.029999,1085500
2016-12-28,45.040001,45.12,44.13,44.15,1389200
2016-12-29,44.31,44.85,44.18,44.82,1050000
2016-12-30,44.9,45.049999,44.0,44.19,2395600
2017-01-03,44.25,44.53,43.85,44.34,3126600
2017-01-04,44.52,44.97,44.41,44.7,1787300
2017-01-05,44.71,44.91,44.48,44.89,1358300
2017-01-06,44.87,44.97,44.45,44.87,1192000
2017-01-09,44.65,44.73,43.89,44.3,1441000
2017-01-10,44.36,44.43,43.39,43.58,1854900
2017-01-11,43.55,43.81,43.38,43.56,1939000
2017-01-12,43.58,43.7,43.26,43.47,1927900
2017-01-13,43.55,43.88,43.48,43.78,1187300
2017-01-17,43.83,44.75,43.79,44.52,1556700
2017-01-18,44.33,44.87,44.25,44.74,2302600
2017-01-19,44.59,44.98,44.45,44.93,2514400
2017-01-20,45.0,45.6,44.99,45.55,3588400
2017-01-23,45.37,45.56,45.0099983,45.53,2725600
2017-01-24,45.49,46.15,45.32,46.09,1859000
2017-01-25,46.15,46.65,46.02,46.23,3114500
2017-01-26,46.16,46.26,45.9,46.099998,1788700
2017-01-27,45.74,45.77,44.97,45.34,2792100
2017-01-30,45.15,45.5,45.11,45.31,1872800
2017-01-31,45.38,45.57,45.11,45.22,5847300
2017-02-01,45.080002,45.52,44.96,45.25,2070900
2017-02-02,45.37,45.74,45.060001,45.53,1674100
2017-02-03,45.88,46.12,45.68,45.81,1371900
2017-02-06,45.73,45.92,45.36,45.45,2663200
2017-02-07,46.77,47.56,46.38,47.27,4338700
2017-02-08,47.5,48.049999,47.29,47.83,3117900
2017-02-09,47.83,48.34,47.72,48.07,2012400
2017-02-10,48.040001,48.41,47.99,48.24,1826700
2017-02-13,48.35,48.65,48.19,48.42,1516400
2017-02-14,48.17,48.57,48.040001,48.53,1572600
2017-02-15,48.65,49.23,48.46,48.79,3144400
2017-02-16,48.65,48.96,48.27,48.93,1558000
2017-02-17,49.27,49.86,49.2,49.7,3483500
2017-02-21,49.65,49.92,49.51,49.61,2716000
2017-02-22,49.58,49.75,49.18,49.69,2707600
2017-02-23,49.82,50.09,49.55,49.62,1530600
2017-02-24,49.51,49.64,48.87,49.53,2064100
2017-02-27,49.38,49.85,49.32,49.56,2313400
2017-02-28,49.59,50.07,49.59,49.84,2355200
2017-03-01,49.8,50.41,49.62,50.23,2489000
2017-03-02,50.0,50.34,50.0,50.19,1927800
2017-03-03,50.060001,50.099998,49.68,49.85,1265600
2017-03-06,49.53,49.97,49.48,49.67,1897100
2017-03-07,49.64,49.83,49.48,49.55,1758400
2017-03-08,49.38,49.74,49.33,49.51,1158300
2017-03-09,49.71,49.9,49.41,49.63,1412700
2017-03-10,49.86,50.09,49.7,50.029999,1056500
2017-03-13,49.97,50.12,49.82,49.85,1646000
2017-03-14,49.83,49.88,49.49,49.75,1366700
2017-03-15,49.75,50.33,49.75,50.18,1159300
2017-03-16,50.14,50.19,49.91,50.11,1006700
2017-03-17,50.17,50.49,49.96,50.099998,3435700
2017-03-20,50.099998,50.39,50.07,50.19,1095600
2017-03-21,50.23,50.63,50.09,50.34,1463300
2017-03-22,50.57,50.62,50.24,50.28,1735900
2017-03-23,50.18,50.73,50.18,50.34,1688000
2017-03-24,50.36,50.49,50.0099983,50.22,1335600
2017-03-27,50.16,50.66,50.040001,50.28,1442100
2017-03-28,50.2,50.52,50.040001,50.26,1199200
2017-03-29,50.19,50.32,50.0,50.040001,1647200
2017-03-30,50.0099983,50.22,49.93,50.029999,848100
2017-03-31,50.029999,50.22,49.8,49.87,1356700
2017-04-03,49.9,50.23,49.77,49.89,1234200
2017-04-04,49.94,50.049999,49.47,49.75,1656000
2017-04-05,49.75,49.99,49.49,49.57,2178800
2017-04-06,49.57,49.86,49.51,49.76,1649500
2017-04-07,49.68,49.9,49.48,49.55,1529700
2017-04-10,49.56,50.040001,49.41,49.88,907400
2017-04-11,49.82,50.099998,49.75,50.0099983,845400
2017-04-12,49.87,50.15,49.81,50.02,1789500
2017-04-13,49.85,50.0099983,49.64,49.8,1091000
2017-04-17,49.92,50.34,49.85,50.34,1069400
2017-04-18,50.32,50.93,50.32,50.7,1286800
2017-04-19,50.74,50.79,50.5,50.65,1117400
2017-04-20,50.61,50.71,50.23,50.27,1636600
2017-04-21,50.19,50.55,50.14,50.25,1335900
2017-04-24,50.39,50.57,50.049999,50.39,2053400
2017-04-25,50.62,50.65,50.29,50.3,1606300
2017-04-26,50.2,50.24,49.76,49.79,1571700
2017-04-27,49.83,50.040001,49.61,49.78,1546500
2017-04-28,49.63,49.65,49.34,49.53,1889900
2017-05-01,49.64,49.77,49.32,49.32,1117800
2017-05-02,49.37,49.54,48.77,48.83,1391000
2017-05-03,48.88,48.88,48.42,48.75,1708600
2017-05-04,50.11,51.27,50.029999,50.85,3420700
2017-05-05,50.85,51.02,50.5,50.78,1799700
2017-05-08,50.8,50.84,50.4,50.62,1467700
2017-05-09,50.67,50.7,50.09,50.29,1042800
2017-05-10,50.27,50.91,50.27,50.87,1342900
2017-05-11,50.74,50.85,50.49,50.67,1313400
2017-05-12,50.39,50.57,50.040001,50.2,1210500
2017-05-15,50.049999,50.36,50.049999,50.25,1170600
2017-05-16,49.75,50.07,49.42,49.48,1411900
2017-05-17,49.48,50.09,49.26,49.71,1603700
2017-05-18,49.66,49.9,49.29,49.68,1283300
2017-05-19,49.68,49.93,49.41,49.74,3991500
2017-05-22,49.68,50.060001,49.6,50.02,1168200
2017-05-23,50.080002,50.62,49.88,50.31,1434600
2017-05-24,50.48,50.85,50.42,50.73,1046900
2017-05-25,50.85,51.43,50.77,51.2,1152500
2017-05-26,51.2,51.29,50.97,51.099998,770400
2017-05-30,51.14,51.6,51.060001,51.53,1583200
2017-05-31,51.64,51.98,51.5,51.66,3269400
2017-06-01,51.8,52.25,51.43,52.25,1560600
2017-06-02,52.27,52.58,51.95,52.57,1924700
2017-06-05,52.43,52.74,52.2,52.62,1340200
2017-06-06,52.59,53.12,52.33,52.82,1724200
2017-06-07,52.71,53.37,52.53,53.26,1403200
2017-06-08,53.26,53.28,52.52,52.82,1374900
2017-06-09,52.76,53.040001,52.59,53.0,1234000
2017-06-12,52.91,53.39,52.73,52.9,1400000
2017-06-13,52.78,52.91,52.5,52.8,849800
2017-06-14,53.029999,53.3,52.94,53.18,1467100
2017-06-15,52.98,53.76,52.94,53.55,1211900
2017-06-16,53.38,53.65,52.71,53.2,3879800
2017-06-19,53.27,53.79,52.92,53.75,1056200
2017-06-20,53.84,54.18,53.51,53.53,1454700
2017-06-21,53.55,53.71,53.0,53.02,1257200
2017-06-22,52.99,53.07,52.74,52.84,1642900
2017-06-23,52.89,53.29,52.89,53.040001,1339900
2017-06-26,53.2,53.24,52.98,53.09,821700
2017-06-27,52.98,53.25,52.68,52.68,1300600
2017-06-28,52.96,53.07,52.56,52.58,1076500
2017-06-29,52.42,52.46,51.62,51.81,1141100
2017-06-30,51.8,52.080002,51.8,51.88,1229100
2017-07-03,51.95,52.26,51.85,52.02,398000
2017-07-05,52.07,52.16,51.71,51.78,1478700
2017-07-06,51.78,52.060001,51.54,51.95,1272100
2017-07-07,52.17,52.54,51.97,52.0,1163200
2017-07-10,52.049999,52.5,52.040001,52.31,1233100
2017-07-11,52.32,52.4,52.0,52.18,1345700
2017-07-12,52.31,52.5,51.84,51.9,1786700
2017-07-13,51.91,52.049999,51.65,52.0,864800
2017-07-14,52.21,52.65,52.18,52.62,1066300
2017-07-17,52.52,53.34,52.080002,53.33,2017800
2017-07-18,53.36,53.71,53.22,53.63,1227600
2017-07-19,53.69,53.69,52.91,52.95,1189900
2017-07-20,53.02,53.35,52.92,52.99,1620000
2017-07-21,52.68,53.28,52.54,53.26,1312000
2017-07-24,53.2,53.2,52.65,52.8,1389000
2017-07-25,53.0099983,53.33,52.79,53.33,895300
2017-07-26,53.49,53.76,53.32,53.67,933600
2017-07-27,53.64,54.0,53.46,53.8,1285600
2017-07-28,53.8,53.8,53.049999,53.3,1050900
2017-07-31,53.38,53.58,53.29,53.35,1039200
2017-08-01,53.44,53.45,52.91,53.0099983,1233100
2017-08-02,52.89,52.89,52.22,52.73,2008000
2017-08-03,50.97,52.07,50.8,51.77,2580500
2017-08-04,51.7,51.7,50.29,50.39,2350100
2017-08-07,50.39,50.55,50.16,50.29,2642700
2017-08-08,50.26,50.26,49.66,49.7,1745000
2017-08-09,49.61,50.02,49.61,49.92,1378900
2017-08-10,49.68,49.92,49.54,49.58,1828900
2017-08-11,49.45,49.97,49.42,49.62,1276400
2017-08-14,49.71,50.029999,49.65,49.98,1438100
2017-08-15,49.94,50.12,49.75,49.77,1094400
2017-08-16,49.79,50.41,49.79,50.27,1141300
2017-08-17,50.24,50.46,49.84,49.85,881100
2017-08-18,49.81,50.12,49.75,50.049999,1130300
2017-08-21,50.15,50.58,49.89,50.4,1355700
2017-08-22,50.46,50.67,50.28,50.37,922700
2017-08-23,50.25,50.37,49.91,50.049999,761900
2017-08-24,50.0,50.27,49.52,49.6,962800
2017-08-25,49.78,50.060001,49.74,49.74,865900
2017-08-28,49.78,49.92,49.49,49.74,1239200
2017-08-29,49.73,49.9,49.45,49.52,869500
2017-08-30,49.39,49.74,49.23,49.6,955600
2017-08-31,49.63,50.21,49.57,50.17,1338400
2017-09-01,50.23,50.46,50.080002,50.21,1178400
2017-09-05,49.94,50.45,49.94,50.39,1647400
2017-09-06,50.43,50.44,49.46,49.82,1049400
2017-09-07,49.9,50.0099983,49.32,49.48,1071900
2017-09-08,49.32,49.32,48.73,49.12,1183700
2017-09-11,49.19,49.76,49.080002,49.62,1495800
2017-09-12,49.72,49.93,49.4,49.43,1337500
2017-09-13,49.41,49.49,49.11,49.28,1193400
2017-09-14,49.2,49.67,49.14,49.66,1225700
2017-09-15,49.56,50.47,49.56,50.43,2644100
2017-09-18,50.43,50.63,50.21,50.61,2019200
2017-09-19,50.69,50.99,50.45,50.57,1211600
2017-09-20,50.54,50.63,49.58,49.69,1482500
2017-09-21,49.58,49.67,48.41,48.49,1445800
2017-09-22,48.45,48.86,48.27,48.61,1310100
2017-09-25,48.71,48.84,48.41,48.47,1112300
2017-09-26,48.5,48.88,48.32,48.74,955400
2017-09-27,48.65,48.74,47.68,48.040001,1162300
2017-09-28,47.97,48.29,47.82,48.12,1553400
2017-09-29,48.21,48.5,48.12,48.45,1184800
2017-10-02,48.46,48.63,47.89,47.93,957900
2017-10-03,47.93,48.060001,47.32,47.36,1383600
2017-10-04,47.33,47.67,47.24,47.64,3754100
2017-10-05,47.99,48.25,47.73,47.93,1926300
2017-10-06,47.84,48.029999,47.38,47.45,1290000
2017-10-09,47.45,47.54,46.86,47.02,1799200
2017-10-10,47.02,47.4,46.42,47.38,1675400
2017-10-11,47.48,48.13,47.22,47.4,1190700
2017-10-12,47.34,47.73,47.3,47.72,1159500
2017-10-13,47.73,48.26,47.62,47.96,1220600
2017-10-16,47.94,47.95,47.63,47.86,1231200
2017-10-17,47.66,47.75,47.38,47.7,1119200
2017-10-18,47.72,47.88,47.27,47.41,1401200
2017-10-19,47.22,47.28,46.91,47.28,1273000
2017-10-20,47.21,47.22,45.78,46.18,2418000
2017-10-23,46.22,46.45,45.99,46.19,1737100
2017-10-24,46.2,46.38,45.68,45.72,1546600
2017-10-25,45.69,46.0,44.92,45.76,1530900
2017-10-26,45.81,46.14,45.67,45.76,1453500
2017-10-27,45.36,45.56,45.09,45.32,1712000
2017-10-30,45.22,45.25,44.75,44.81,2194700
2017-10-31,44.81,45.43,44.74,45.17,3555300
2017-11-01,45.39,46.48,45.28,46.18,4003700
2017-11-02,46.07,46.099998,44.0,45.43,5230900
2017-11-03,45.43,45.5,43.5,43.92,2914300
2017-11-06,43.83,43.88,43.21,43.32,2897600
2017-11-07,43.45,43.88,43.42,43.76,3160600
2017-11-08,44.0,44.74,44.0,44.45,2412100
2017-11-09,44.38,44.8,43.99,44.0,2566300
2017-11-10,44.0,44.97,43.96,44.75,3618800
2017-11-13,44.79,45.56,44.75,45.54,2189700
2017-11-14,45.25,45.96,45.25,45.74,3565400
2017-11-15,45.64,45.71,44.38,44.41,1850100
2017-11-16,44.6,45.32,44.48,45.14,2138100
2017-11-17,44.87,45.21,44.44,44.75,1871300
2017-11-20,44.78,44.95,44.41,44.68,1486100
2017-11-21,44.75,45.19,44.64,44.8,1257300
2017-11-22,45.040001,45.2,44.54,44.76,1523000
2017-11-24,44.93,44.93,44.6,44.82,900600
2017-11-27,44.74,45.26,44.72,45.099998,1490900
2017-11-28,45.26,45.69,45.18,45.65,2519300
2017-11-29,46.91,47.12,46.33,46.79,3081500
2017-11-30,47.24,48.099998,46.88,47.09,3530900
2017-12-01,46.97,47.080002,45.94,46.84,3149200
2017-12-04,47.25,48.4,47.060001,48.35,2666200
2017-12-05,48.25,48.56,48.0,48.28,2832800
2017-12-06,48.35,48.5,47.6,47.79,1869700
2017-12-07,47.73,48.13,47.5,48.13,2115400
2017-12-08,48.21,48.55,47.83,48.4,1506000
2017-12-11,48.29,48.4,47.88,47.96,1447300
2017-12-12,48.22,48.77,47.76,48.39,1957100
2017-12-13,48.42,48.5,47.89,48.13,1787100
2017-12-14,48.18,48.66,48.0,48.46,1375700
2017-12-15,48.76,49.49,47.95,49.060001,3294900
2017-12-18,48.74,49.84,48.72,49.26,1972600
2017-12-19,49.54,50.099998,49.17,49.22,1588700
2017-12-20,49.26,49.66,49.0099983,49.48,1621000
2017-12-21,49.53,49.8,49.35,49.5,1918900
2017-12-22,49.67,50.049999,49.47,50.049999,1446200
2017-12-26,50.09,50.3,49.87,50.16,923100
2017-12-27,50.29,50.29,49.92,50.060001,676100
2017-12-28,50.24,50.29,49.84,50.18,951100
2017-12-29,50.33,50.59,50.17,50.17,902600
2018-01-02,50.07,50.19,49.41,49.43,4942300
2018-01-03,49.5,49.59,48.86,49.11,1650000
2018-01-04,49.26,50.02,49.23,49.94,1495700
2018-01-05,50.080002,50.3,49.8,50.07,1478400
2018-01-08,50.049999,50.76,50.049999,50.44,1351800
2018-01-09,50.46,50.63,50.35,50.39,1414100
2018-01-10,50.09,50.19,49.049999,49.79,1453800
2018-01-11,49.72,49.9,49.25,49.37,1666400
2018-01-12,49.49,49.54,48.97,49.02,1395500
2018-01-16,49.45,49.92,49.21,49.25,2435900
2018-01-17,49.55,50.11,49.48,49.85,2057700
2018-01-18,49.82,50.040001,49.39,49.47,1444100
2018-01-19,49.67,50.12,49.67,49.91,1713800
2018-01-22,49.77,50.11,49.69,50.11,1892200
2018-01-23,49.93,49.97,49.57,49.86,1685100
2018-01-24,49.9,50.02,49.0099983,49.11,2650200
2018-01-25,49.2,49.57,49.0099983,49.34,2100800
2018-01-26,49.07,49.13,48.68,49.11,2211200
2018-01-29,49.029999,49.38,48.92,48.93,1726000
2018-01-30,48.88,49.45,48.68,49.099998,1774900
2018-01-31,49.029999,49.39,48.64,48.85,2764000
2018-02-01,48.91,49.029999,48.43,48.49,2365700
2018-02-02,48.14,48.14,46.13,46.33,5484500
2018-02-05,46.62,48.79,46.62,47.42,4838800
2018-02-06,46.91,48.97,46.74,47.87,5139900
2018-02-07,48.38,48.84,47.35,47.37,4354600
2018-02-08,47.46,48.0099983,47.049999,47.38,2372800
2018-02-09,47.87,48.84,47.46,48.56,3865000
2018-02-12,48.68,49.29,48.16,48.63,2083900
2018-02-13,48.5,48.88,48.44,48.64,1604000
2018-02-14,48.44,49.060001,48.29,48.88,1352300
2018-02-15,49.0099983,49.72,48.42,49.71,1636500
2018-02-16,49.57,50.0,49.46,49.78,3294700
2018-02-20,49.42,49.63,48.33,48.38,2135800
2018-02-21,48.34,48.79,47.94,47.94,1846900
2018-02-22,48.040001,48.58,47.99,48.17,1566100
2018-02-23,48.3,49.18,48.0,49.12,1962700
2018-02-26,49.37,50.26,49.18,49.99,2189100
2018-02-27,49.89,50.53,49.46,49.47,2907300
2018-02-28,49.74,49.77,49.19,49.19,2481700
2018-03-01,49.099998,49.73,48.66,49.09,2555700
2018-03-02,48.98,50.049999,48.98,50.029999,1844900
2018-03-05,49.99,50.65,49.93,50.42,2104800
2018-03-06,50.41,50.81,49.94,50.77,1624600
2018-03-07,50.55,50.59,49.86,49.96,2043400
2018-03-08,49.97,51.0,49.88,50.98,1396400
2018-03-09,51.0,51.080002,50.32,50.59,1394500
2018-03-12,50.65,50.84,50.46,50.56,1355800
2018-03-13,50.43,50.78,50.28,50.74,1439200
2018-03-14,50.59,50.9,49.81,49.84,1843000
2018-03-15,49.9,50.29,49.35,49.54,1378100
2018-03-16,49.74,50.07,49.57,50.0099983,3123600
2018-03-19,50.13,50.74,49.96,50.19,1965200
2018-03-20,50.25,50.54,49.51,49.68,1338600
2018-03-21,49.61,49.61,48.91,48.99,1541400
2018-03-22,49.0,49.34,48.36,48.38,1578400
2018-03-23,48.5,48.66,47.26,47.3,2373200
2018-03-26,47.56,47.78,46.93,47.37,1993200
2018-03-27,47.37,48.57,47.29,48.16,1851000
2018-03-28,48.32,49.89,48.32,49.24,2647000
2018-03-29,49.53,50.55,49.46,50.36,1858600
2018-04-02,50.32,50.32,48.54,48.93,1936000
2018-04-03,49.07,49.89,48.94,49.65,2238400
2018-04-04,49.54,50.81,49.33,50.47,2024300
2018-04-05,50.52,50.8,49.53,49.86,1985800
2018-04-06,49.61,50.4,49.14,49.5,1243500
2018-04-09,49.63,49.85,49.25,49.47,1483900
2018-04-10,49.66,49.94,49.48,49.68,1413100
2018-04-11,49.46,49.66,49.099998,49.38,1152300
2018-04-12,49.7,49.74,48.65,48.8,1216600
2018-04-13,48.8,49.099998,48.6,48.95,763000
2018-04-16,49.54,50.35,49.15,50.099998,1028600
2018-04-17,50.4,50.45,49.87,50.32,1078700
2018-04-18,50.29,50.48,50.099998,50.27,1330600
2018-04-19,49.41,49.43,48.02,48.72,3181100
2018-04-20,48.18,48.39,45.79,45.84,4577100
2018-04-23,45.82,46.060001,45.18,45.41,3275900
2018-04-24,45.45,45.71,44.87,45.46,2639400
2018-04-25,45.38,46.51,45.37,45.89,1688100
2018-04-26,45.88,46.27,45.58,46.14,1910200
2018-04-27,46.09,46.85,46.060001,46.78,1409500
2018-04-30,47.0,47.0,45.99,46.2,1811600
2018-05-01,46.2,46.31,45.5,46.3,2199500
2018-05-02,46.22,46.46,45.75,45.87,5796200
2018-05-03,46.25,47.86,45.77,47.55,6721300
2018-05-04,47.51,47.51,46.97,47.35,2461000
2018-05-07,47.52,47.71,46.96,47.52,2701800
2018-05-08,47.67,47.88,47.43,47.73,5634900
2018-05-09,47.68,47.86,47.35,47.75,1918800
2018-05-10,47.99,48.2,47.64,47.77,1713300
2018-05-11,47.8,48.02,47.31,47.46,2101300
2018-05-14,47.3,47.5,46.84,47.040001,1785000
2018-05-15,46.73,46.78,46.0,46.52,4021800
2018-05-16,46.5,46.72,46.25,46.61,2464800
2018-05-17,46.69,46.75,46.38,46.69,2864600
2018-05-18,46.54,46.56,45.55,46.12,5852000
2018-05-21,46.28,46.5,45.92,46.41,1928000
2018-05-22,46.62,46.94,46.42,46.47,1913100
2018-05-23,46.49,47.13,46.15,47.09,2368300
2018-05-24,47.099998,47.36,46.63,46.73,1252000
2018-05-25,46.75,47.58,46.75,47.42,2055000
2018-05-29,47.29,48.029999,47.17,47.61,2999700
2018-05-30,47.69,48.34,47.060001,48.13,2003000
2018-05-31,48.0099983,48.0099983,46.52,46.95,4138900
2018-06-01,47.099998,47.49,46.84,47.32,1942100
2018-06-04,47.46,47.6,46.94,47.0099983,1585600
2018-06-05,47.14,47.21,46.63,46.76,2375000
2018-06-06,46.7,46.83,46.32,46.74,1622500
2018-06-07,46.7,47.54,46.41,47.4,1827400
2018-06-08,47.37,48.34,47.37,48.19,1562700
2018-06-11,48.16,49.3,48.080002,48.85,3003700
2018-06-12,49.27,49.75,48.46,49.69,3589000
2018-06-13,49.6,49.82,49.33,49.63,2806400
2018-06-14,49.67,49.89,49.22,49.8,2256500
2018-06-15,49.73,50.35,49.63,50.26,2944700
2018-06-18,50.13,50.35,49.87,50.28,2518600
2018-06-19,50.24,51.7,50.24,51.44,3495500
2018-06-20,51.21,51.35,50.46,50.75,1662900
2018-06-21,50.75,50.9,50.43,50.69,1075100
2018-06-22,50.67,51.16,50.61,50.63,1845300
2018-06-25,50.53,51.74,50.47,51.57,2347600
2018-06-26,51.55,51.94,51.09,51.69,1703800
2018-06-27,51.79,52.43,51.47,52.28,2383700
2018-06-28,52.32,53.22,52.2,53.17,3698100
2018-06-29,53.16,53.62,52.77,53.16,2256100
2018-07-02,53.0,53.21,52.7,52.94,1516300
2018-07-03,53.31,53.5,52.8,53.28,916100
2018-07-05,53.43,54.35,53.38,54.31,2722400
2018-07-06,54.42,54.75,54.21,54.66,1943600
2018-07-09,54.36,54.58,53.4,53.45,2128400
2018-07-10,53.45,54.55,53.16,54.47,2115300
2018-07-11,54.79,54.92,54.33,54.66,2501300
2018-07-12,54.66,55.049999,54.42,54.93,2116300
2018-07-13,55.0,55.94,54.91,55.89,1942300
2018-07-16,55.92,55.92,54.76,54.87,2418400
2018-07-17,54.87,55.12,54.67,54.77,1704600
2018-07-18,54.54,54.75,53.52,53.79,2308200
2018-07-19,53.79,54.52,53.15,54.14,1614500
2018-07-20,54.049999,55.029999,54.0,54.98,2448300
2018-07-23,55.029999,55.19,54.47,54.77,1075400
2018-07-24,54.47,54.97,54.12,54.67,1259700
2018-07-25,54.69,55.0099983,54.09,54.95,1854800
2018-07-26,55.080002,55.51,54.76,55.31,1240000
2018-07-27,55.14,55.56,54.93,55.36,1379200
2018-07-30,55.14,55.67,54.86,55.29,1467000
2018-07-31,55.29,56.25,54.95,55.9,2316600
2018-08-01,55.82,55.82,54.53,55.15,2581800
2018-08-02,55.63,57.57,55.26,56.79,3159500
2018-08-03,57.040001,58.029999,57.0,57.17,1722200
2018-08-06,57.09,57.62,56.96,57.46,1316900
2018-08-07,57.11,57.16,56.21,56.47,2313700
2018-08-08,56.33,56.55,55.9,55.94,1677600
2018-08-09,55.84,56.049999,55.27,55.57,2300200
2018-08-10,55.6,56.25,55.53,55.74,855300
2018-08-13,55.93,56.080002,55.5,55.89,1336600
2018-08-14,55.77,56.12,55.41,55.45,1628200
2018-08-15,55.53,56.15,55.3,56.060001,1187300
2018-08-16,56.15,56.95,56.07,56.85,1030500
2018-08-17,56.85,57.29,56.78,57.15,1321500
2018-08-20,57.3,57.87,57.29,57.63,3026800
2018-08-21,57.43,57.6,56.43,56.79,1541200
2018-08-22,56.76,56.78,56.22,56.36,932200
2018-08-23,56.25,56.66,56.11,56.52,719800
2018-08-24,56.51,56.52,56.21,56.33,963500
2018-08-27,56.54,56.64,55.73,56.2,653200
2018-08-28,56.5,57.099998,56.29,56.45,842100
2018-08-29,56.6,56.74,56.13,56.5,661700
2018-08-30,56.5,56.85,56.27,56.38,580400
2018-08-31,56.51,56.87,56.33,56.58,1116900
2018-09-04,56.07,57.040001,56.060001,56.48,1155700
2018-09-05,56.3,57.81,56.17,57.7,1997700
2018-09-06,57.5,58.29,57.23,58.12,1305300
2018-09-07,57.83,58.94,57.78,58.69,1342800
2018-09-10,59.0,59.27,58.46,58.48,934800
2018-09-11,58.54,59.060001,58.18,59.0,1147700
2018-09-12,58.94,59.59,58.86,59.43,1205700
2018-09-13,59.37,59.46,58.75,59.45,846100
2018-09-14,59.42,59.74,59.060001,59.55,1035900
2018-09-17,59.63,60.0,59.4,59.8,921700
2018-09-18,59.72,59.84,59.080002,59.72,1142800
2018-09-19,59.58,59.77,58.8,58.99,1013900
2018-09-20,59.13,59.77,59.07,59.66,1018400
2018-09-21,59.95,60.39,59.79,60.040001,1988600
2018-09-24,60.029999,60.12,58.89,59.099998,1374200
2018-09-25,59.31,59.65,58.95,59.0099983,884200
2018-09-26,59.2,59.86,58.97,59.4,1211900
2018-09-27,59.33,59.51,58.83,58.89,870100
2018-09-28,58.92,59.39,58.85,59.37,1039600
2018-10-01,59.42,59.76,59.35,59.55,716000
2018-10-02,59.6,60.42,59.6,60.14,916200
2018-10-03,60.34,60.34,59.049999,59.09,2239400
2018-10-04,58.71,58.71,57.66,58.3,1593900
2018-10-05,58.23,59.34,58.23,59.19,928900
2018-10-08,59.13,59.91,59.07,59.8,1316900
2018-10-09,59.77,60.16,59.29,59.42,968700
2018-10-10,57.14,58.2,55.84,55.96,3130500
2018-10-11,55.76,56.17,54.46,54.87,2542600
2018-10-12,55.5,56.28,55.040001,56.07,1470000
2018-10-15,56.060001,57.48,56.0,57.049999,1552600
2018-10-16,57.57,58.74,57.25,58.51,1568600
2018-10-17,58.36,58.79,57.75,58.51,1286500
2018-10-18,58.5,59.66,58.07,59.07,1381300
2018-10-19,60.41,61.28,59.71,60.33,1721900
2018-10-22,60.56,60.56,59.099998,59.89,1059400
2018-10-23,59.67,59.82,58.6,59.46,1208700
2018-10-24,59.59,60.87,59.38,59.92,1732700
2018-10-25,60.13,60.13,58.78,59.28,2084500
2018-10-26,58.91,58.91,57.36,58.029999,1637100
2018-10-29,58.58,59.4,58.029999,58.88,2493700
2018-10-30,59.18,60.32,59.18,60.23,1872000
2018-10-31,59.5,59.9,58.59,59.37,3903700
2018-11-01,60.78,65.24,60.68,64.87,5564500
2018-11-02,65.14,66.58,65.089996,66.059998,3833900
2018-11-05,65.83,67.29,65.83,66.59,2962900
2018-11-06,66.54,67.91,66.26,67.88,2634700
2018-11-07,67.89,67.93,65.6,66.11,3254400
2018-11-08,66.24,66.24,63.58,64.43,5571500
2018-11-09,64.48,65.8,64.16,65.55,2491800
2018-11-12,65.37,66.86,65.21,66.010002,1864200
2018-11-13,65.99,66.17,65.059998,65.54,1595300
2018-11-14,65.62,65.94,65.14,65.48,1196900
2018-11-15,65.56,65.88,64.84,65.81,1164800
2018-11-16,65.65,66.18,65.33,65.4,1501800
2018-11-19,65.16,65.64,64.28,64.82,1619400
2018-11-20,65.32,65.43,64.3,64.42,2192200
2018-11-21,64.24,65.92,64.0,65.53,1822000
2018-11-23,65.4,66.34,65.25,65.94,744900
2018-11-26,65.89,66.18,65.2,65.64,1771600
2018-11-27,65.76,66.3,65.12,66.21,1170100
2018-11-28,66.13,67.33,66.12,66.35,1606300
2018-11-29,66.13,66.5,65.49,65.96,1806000
2018-11-30,65.89,66.24,65.56,66.19,4142800
2018-12-03,66.33,66.56,65.25,66.41,1839800
2018-12-04,66.76,67.67,66.39,66.6,1714900
2018-12-06,66.42,66.97,65.62,66.72,2026400
2018-12-07,66.73,67.059998,66.36,66.81,1380900
2018-12-10,67.07,67.26,65.61,66.58,1566600
2018-12-11,67.0,68.71,66.7,68.4,2090400
2018-12-12,68.76,69.0,67.45,67.84,1724500
2018-12-13,67.93,69.36,67.88,69.18,1848400
2018-12-14,68.88,69.49,68.53,68.73,1733900
2018-12-17,68.66,68.96,65.07,65.47,2241100
2018-12-18,65.9,66.39,64.87,65.52,2607000
2018-12-19,65.57,66.25,64.32,64.76,1699000
2018-12-20,64.52,65.41,63.36,64.66,1596500
2018-12-21,64.010002,66.19,64.010002,64.9,3856600
2018-12-24,64.78,64.88,62.66,62.66,1092400
2018-12-26,62.66,64.86,62.43,64.86,1510000
2018-12-27,64.26,65.71,63.39,65.71,2013600
2018-12-28,65.86,66.49,65.11,65.75,1239700
2018-12-31,66.019997,66.32,65.19,65.76,1815700
2019-01-02,65.14,65.64,64.07,64.43,1943400
2019-01-03,64.16,65.27,64.16,64.29,1518400
2019-01-04,64.39,65.41,64.12,65.059998,1676900
2019-01-07,65.059998,66.25,64.94,65.88,1896900
2019-01-08,65.95,66.56,64.92,65.72,2363700
2019-01-09,65.89,67.11,65.56,65.82,2770100
2019-01-10,66.010002,67.099998,65.63,67.029999,1717100
2019-01-11,67.32,67.78,66.82,67.15,1091800
2019-01-14,66.92,67.37,66.36,66.69,1941700
2019-01-15,66.81,67.68,66.81,67.38,1463500
2019-01-16,67.47,67.54,66.66,67.37,1526200
2019-01-17,67.46,67.97,67.16,67.39,1717200
2019-01-18,67.8,68.75,67.8,68.36,1906500
2019-01-22,68.14,68.14,65.73,66.24,2001800
2019-01-23,66.85,67.089996,65.17,65.51,3460900
2019-01-24,65.36,65.36,63.42,64.3,5222600
2019-01-25,64.3,65.19,63.34,63.59,2803400
2019-01-28,63.27,63.79,62.77,63.62,1591000
2019-01-29,63.94,64.52,63.59,63.72,1437900
2019-01-30,63.73,63.96,63.040001,63.2,2352600
2019-01-31,62.92,64.68,62.72,64.61,3716500
2019-02-01,64.77,65.17,64.45,64.67,2005000
2019-02-04,65.44,65.88,65.099998,65.37,2197400
2019-02-05,61.029999,62.0,59.64,60.46,7547100
2019-02-06,61.74,62.99,61.57,62.78,4122200
2019-02-07,62.31,62.92,61.25,62.58,2073500
2019-02-08,62.68,63.34,62.38,63.34,2084800
2019-02-11,63.040001,64.27,63.040001,64.18,2013000
2019-02-12,64.34,64.46,63.56,64.15,1581100
2019-02-13,64.11,64.88,64.050003,64.82,2083000
2019-02-14,64.54,64.84,64.16,64.35,1302900
2019-02-15,64.53,64.92,64.41,64.69,1537500
2019-02-19,64.4,65.12,64.19,64.96,1608900
2019-02-20,64.95,65.23,64.48,64.94,1683300
2019-02-21,64.9,66.29,64.57,66.15,1739200
2019-02-22,65.8,66.46,65.51,66.28,1751500
2019-02-25,66.31,66.43,65.059998,65.3,1443200
2019-02-26,65.37,65.7,65.019997,65.6,1040000
2019-02-27,65.13,65.86,65.07,65.74,1449000
2019-02-28,65.86,66.53,65.7,65.8,2402300
2019-03-01,65.85,65.85,65.010002,65.58,1340800
2019-03-04,65.9,65.9,64.96,65.89,1247700
2019-03-05,66.0,66.24,65.63,65.63,1060300
2019-03-06,65.53,65.75,65.0,65.36,1497000
2019-03-07,65.27,66.23,65.27,65.63,948300
2019-03-08,65.67,65.89,65.24,65.65,829300
2019-03-11,65.74,66.61,65.6,66.45,829700
2019-03-12,66.57,66.86,66.3,66.4,1152200
2019-03-13,66.64,67.35,66.64,66.94,1175200
2019-03-14,66.91,67.21,66.5,66.93,759300
2019-03-15,66.9,67.46,66.9,67.4,1625800
2019-03-18,67.28,67.5,66.6,66.86,771800
2019-03-19,66.71,66.71,65.91,66.38,1126200
2019-03-20,66.54,66.55,65.66,65.82,1906600
2019-03-21,65.83,66.88,65.78,66.77,1204800
2019-03-22,66.85,67.43,66.51,67.099998,1379800
2019-03-25,67.13,68.37,66.87,68.010002,1310100
2019-03-26,68.45,69.54,68.33,68.77,1546400
2019-03-27,68.57,69.44,68.21,69.35,1811500
2019-03-28,69.61,72.089996,69.61,71.95,3256400
2019-03-29,72.19,72.19,70.75,71.23,2659200
2019-04-01,71.089996,72.029999,70.4,71.97,1983500
2019-04-02,71.89,72.49,71.45,72.010002,1983200
2019-04-03,71.7,72.21,71.22,72.14,1400100
2019-04-04,72.2,72.85,71.82,72.65,1845900
2019-04-05,72.55,72.74,71.76,72.31,933700
2019-04-08,72.33,72.54,71.59,72.36,1127000
2019-04-09,72.35,73.099998,72.2,73.010002,1168700
2019-04-10,73.3,73.63,72.78,73.22,976900
2019-04-11,73.29,73.72,72.82,73.7,1114100
2019-04-12,73.51,74.14,73.32,73.89,710500
2019-04-15,74.11,74.49,73.66,73.77,1061300
2019-04-16,73.88,74.14,73.15,73.57,1005800
2019-04-17,73.88,73.97,73.38,73.65,1166500
2019-04-18,73.6,73.97,73.39,73.83,1356000
2019-04-22,73.99,74.34,73.42,73.75,878800
2019-04-23,73.52,73.94,73.080002,73.44,1018800
2019-04-24,73.12,73.74,73.11,73.28,1773300
2019-04-25,73.21,73.69,72.76,73.4,969500
2019-04-26,73.86,74.23,73.66,74.12,912700
2019-04-29,73.97,74.27,73.6,73.79,860000
2019-04-30,73.88,74.98,73.65,74.95,1366600
2019-05-01,74.33,74.99,73.53,73.64,1733900
2019-05-02,73.4,74.77,72.93,74.66,1597900
2019-05-03,73.74,74.48,73.4,74.34,928800
2019-05-06,74.040001,74.51,72.58,73.85,1792600
2019-05-07,73.71,74.089996,72.49,72.88,1348500
2019-05-08,72.8,73.69,72.4,73.18,1045500
2019-05-09,73.010002,73.010002,72.22,72.65,991100
2019-05-10,72.58,73.55,72.34,73.51,1153600
2019-05-13,72.72,74.059998,72.68,73.91,1645700
2019-05-14,73.57,73.73,72.42,72.47,2182700
2019-05-15,72.59,73.76,72.5,73.61,2496800
2019-05-16,74.07,74.81,73.63,74.099998,1106600
2019-05-17,73.83,74.29,73.75,73.88,796400
2019-05-20,73.92,74.48,73.66,73.97,801900
2019-05-21,74.050003,74.57,72.71,74.0,1192700
2019-05-22,74.0,74.32,73.69,74.14,830900
2019-05-23,74.22,75.22,73.86,75.18,1011800
2019-05-24,75.3,75.49,74.69,74.71,719100
2019-05-28,74.87,75.3,73.089996,73.089996,2211100
2019-05-29,73.029999,73.64,72.53,73.37,961500
2019-05-30,73.59,74.92,73.49,74.87,949600
2019-05-31,74.75,74.89,74.099998,74.41,1363900
2019-06-03,74.78,76.089996,74.6,75.97,1117200
2019-06-04,76.099998,76.4,74.51,75.11,1454900
2019-06-05,75.58,77.11,75.27,77.019997,1230100
2019-06-06,77.07,78.059998,76.77,77.82,1597000
2019-06-07,78.65,79.22,77.46,77.98,1687700
2019-06-10,77.86,78.15,76.72,77.29,812800
2019-06-11,77.07,77.42,76.39,76.69,1250600
2019-06-12,76.7,77.35,76.66,76.79,915400
2019-06-13,76.96,77.23,76.26,76.94,836800
2019-06-14,77.11,77.8,76.72,77.16,1081100
2019-06-17,77.35,77.47,76.67,77.33,1156600
2019-06-18,77.71,77.73,75.61,76.33,1685900
2019-06-19,75.99,76.37,74.95,76.19,1389700
2019-06-20,76.29,77.010002,75.89,76.36,1519400
2019-06-21,76.47,76.56,75.88,75.94,1539200
2019-06-24,76.36,76.52,75.87,76.12,1349600
2019-06-25,76.099998,76.31,75.27,75.27,1187700
2019-06-26,74.85,75.080002,72.72,72.72,2207900
2019-06-27,72.83,73.54,72.47,73.14,1572500
2019-06-28,73.42,73.92,72.67,73.059998,2034300
2019-07-01,73.24,73.68,72.5,73.55,1627400
2019-07-02,73.75,74.080002,73.44,73.86,1270900
2019-07-03,73.79,75.13,73.79,75.040001,1465300
2019-07-05,74.74,74.93,73.76,74.33,698500
2019-07-08,74.49,74.92,73.77,74.07,1008700
2019-07-09,73.95,74.080002,71.64,73.69,2292000
2019-07-10,73.92,74.78,73.75,74.37,1687800
2019-07-11,74.51,75.35,74.32,75.099998,1224700
2019-07-12,75.3,75.47,74.72,75.29,1096800
2019-07-15,75.43,75.72,74.98,75.28,822700
2019-07-16,75.5,75.89,75.099998,75.35,1011400
2019-07-17,75.54,75.81,75.31,75.41,820500
2019-07-18,75.34,76.78,75.0,76.63,1620200
2019-07-19,76.63,76.84,75.5,75.52,1211700
2019-07-22,75.55,75.98,75.059998,75.36,744400
2019-07-23,75.92,75.99,74.8,75.0,806300
2019-07-24,74.91,75.11,73.69,74.010002,1053900
2019-07-25,73.62,74.79,73.37,74.48,1075800
2019-07-26,74.85,75.95,74.3,75.84,755200
2019-07-29,75.83,76.48,75.47,76.12,773200
2019-07-30,76.65,77.11,76.059998,76.63,1540200
2019-07-31,76.25,77.57,75.029999,75.44,1728800
2019-08-01,75.089996,75.48,73.07,74.33,1815700
2019-08-02,74.38,74.9,73.94,74.32,1204300
2019-08-05,74.19,75.099998,73.62,74.14,2071600
2019-08-06,74.19,75.099998,73.65,74.66,1564300
2019-08-07,74.75,76.24,74.59,75.88,1223400
2019-08-08,75.79,77.22,75.12,77.2,1074700
2019-08-09,77.38,77.84,76.31,76.69,1171200
2019-08-12,76.81,77.44,76.5,77.010002,1257400
2019-08-13,77.07,78.47,77.0,78.43,1620800
2019-08-14,77.97,78.99,77.63,77.67,1596900
2019-08-15,78.029999,79.34,78.029999,78.99,1087300
2019-08-16,79.32,79.8,79.0,79.7,1172600
2019-08-19,80.0,80.99,78.73,79.69,1725300
2019-08-20,79.8,79.93,78.050003,78.24,1586700
2019-08-21,78.45,79.23,78.22,78.89,864500
2019-08-22,78.99,79.52,78.7,79.32,568200
2019-08-23,79.23,79.96,78.14,78.5,990100
2019-08-26,78.78,79.32,78.46,79.15,872400
2019-08-27,79.42,80.010002,79.37,79.72,1512500
2019-08-28,79.95,80.39,79.44,80.28,1287800
2019-08-29,80.57,80.7,78.89,79.93,1001100
2019-08-30,80.36,80.67,79.65,79.78,901500
2019-09-03,79.56,80.56,79.53,79.87,1275900
2019-09-04,79.74,80.33,79.74,80.19,922900
2019-09-05,79.8,79.88,75.37,77.5,4867100
2019-09-06,77.44,77.73,75.4,75.9,3316300
2019-09-09,75.54,75.54,72.84,73.64,3285300
2019-09-10,72.99,72.99,71.07,71.58,3907000
2019-09-11,70.6,72.31,69.97,71.87,3589300
2019-09-12,73.089996,74.040001,72.48,72.65,3175100
2019-09-13,72.35,73.19,71.64,71.98,2907200
2019-09-16,72.050003,72.55,70.7,72.38,2829700
2019-09-17,72.93,73.61,72.64,72.75,2614400
2019-09-18,73.14,73.18,72.19,72.81,2678900
2019-09-19,72.81,73.25,72.69,72.77,1685700
2019-09-20,73.07,73.18,72.65,72.8,2318200
2019-09-23,73.089996,73.82,73.040001,73.35,1838400
2019-09-24,73.65,74.32,72.53,73.84,1834300
2019-09-25,73.84,74.080002,72.98,73.42,1474100
2019-09-26,73.75,74.89,73.51,74.64,1289100
2019-09-27,76.22,76.7,74.83,75.66,1983900
2019-09-30,75.19,75.86,75.14,75.24,1552000
2019-10-01,74.92,75.56,74.7,75.56,1756500
2019-10-02,75.59,76.050003,74.39,74.85,2021300
2019-10-03,74.84,75.46,74.6,75.14,1454200
2019-10-04,75.45,76.099998,75.42,76.050003,1190000
2019-10-07,75.94,76.43,75.58,76.050003,985200
2019-10-08,76.33,76.33,75.33,75.67,1123700
2019-10-09,75.94,76.14,75.0,75.92,851500
2019-10-10,75.23,75.93,74.45,75.63,877500
2019-10-11,75.24,75.24,74.11,74.12,1652400
2019-10-14,74.7,74.7,73.47,73.68,1759800
2019-10-15,73.63,74.07,72.4,72.8,1341500
2019-10-16,73.07,73.56,72.44,72.99,1454300
2019-10-17,73.23,73.86,73.050003,73.76,1044200
2019-10-18,73.63,74.089996,73.17,73.89,2161500
2019-10-21,73.89,74.0,73.19,73.7,1324200
2019-10-22,74.33,74.58,73.7,74.18,2253800
2019-10-23,74.010002,75.29,73.87,75.28,1789100
2019-10-24,75.28,75.97,75.23,75.75,1783700
2019-10-25,75.76,75.76,74.88,74.89,1372500
2019-10-28,74.93,75.69,74.57,74.6,1359600
2019-10-29,74.16,74.44,73.54,73.65,1268300
2019-10-30,73.81,75.56,73.64,75.41,1417500
2019-10-31,74.57,75.41,69.7,69.94,3468900
2019-11-01,69.85,70.75,68.21,68.78,2570300
2019-11-04,68.78,69.029999,66.9,67.16,2112600
2019-11-05,66.8,68.029999,66.45,67.27,1788600
2019-11-06,68.07,68.18,67.37,67.51,1382200
2019-11-07,67.5,67.77,66.7,67.19,1487800
2019-11-08,67.33,67.97,67.07,67.58,1646300
2019-11-11,67.76,67.78,67.15,67.53,811800
2019-11-12,67.6,67.74,66.71,67.050003,1599900
2019-11-13,67.73,68.53,67.010002,68.37,1355700
2019-11-14,68.28,68.75,67.82,68.019997,1003100
2019-11-15,68.19,68.27,67.059998,67.36,1565900
2019-11-18,67.3,68.34,67.2,68.019997,1668700
2019-11-19,67.81,69.089996,67.75,68.9,2580800
2019-11-20,69.2,69.95,69.010002,69.68,2115600
2019-11-21,69.82,70.080002,68.95,68.96,2699900
2019-11-22,69.0,69.19,67.91,68.84,1959700
2019-11-25,69.11,69.46,68.6,68.79,2037700
2019-11-26,68.84,70.059998,68.67,69.5,3317400
2019-11-27,69.73,70.55,69.61,70.2,1150600
2019-11-29,70.3,70.71,69.78,70.24,611500
2019-12-02,70.059998,70.31,69.39,69.81,1356900
2019-12-03,70.0,70.22,68.87,69.12,1376200
2019-12-04,68.81,70.21,68.81,70.14,940000
2019-12-05,69.57,70.12,69.19,69.74,1673100
2019-12-06,69.83,70.6,69.77,70.25,1494100
2019-12-09,70.25,70.64,70.010002,70.35,1171400
2019-12-10,68.82,69.42,68.35,69.35,2123900
2019-12-11,69.4,69.92,69.13,69.4,1700300
2019-12-12,69.43,69.94,69.16,69.55,1667000
2019-12-13,69.26,70.26,69.16,69.99,2096900
2019-12-16,70.010002,70.25,68.89,68.92,1686800
2019-12-17,68.65,69.22,68.45,68.74,1977000
2019-12-18,68.74,68.86,67.99,68.61,1630300
2019-12-19,68.87,69.78,68.49,69.49,1204300
2019-12-20,70.21,70.83,69.9,70.25,3645300
2019-12-23,70.53,70.67,69.99,70.15,1048300
2019-12-24,70.15,70.46,69.99,70.35,265400
2019-12-26,70.53,70.69,70.2,70.37,989000
2019-12-27,70.5,70.76,70.26,70.7,941000
2019-12-30,70.55,70.56,69.91,70.35,1159200
2019-12-31,70.35,70.35,70.35,70.35,0
2020-01-02,70.38,70.71,69.66,70.029999,1424300
2020-01-03,69.6,70.42,69.54,70.27,1224200
2020-01-06,70.43,70.92,70.17,70.54,1541900
2020-01-07,70.16,70.37,69.3,69.86,1583800
2020-01-08,69.88,69.88,68.94,69.23,1699200
2020-01-09,69.22,70.19,69.13,69.75,1364000
2020-01-10,69.73,70.37,69.36,70.099998,1061300
2020-01-13,70.22,71.22,70.14,70.82,1172700
2020-01-14,70.81,71.21,70.62,71.17,1766800
2020-01-15,71.33,72.35,71.33,71.84,1228000
2020-01-16,71.95,72.35,71.62,71.68,1680200
2020-01-17,71.76,72.22,71.66,72.0,2043900
2020-01-21,72.0,72.57,71.79,72.5,1951100
2020-01-22,72.63,72.65,72.089996,72.22,1456600
2020-01-23,72.14,72.73,70.94,70.98,2276800
2020-01-24,71.24,71.92,70.94,71.31,2362300
2020-01-27,71.0,72.79,70.29,72.38,2708700
2020-01-28,72.14,72.76,71.52,72.019997,1685400
2020-01-29,72.080002,73.099998,71.7,72.7,1269600
2020-01-30,72.9,73.089996,71.93,72.78,2903500
2020-01-31,74.54,77.24,74.07,74.22,3679400
2020-02-03,74.73,76.38,74.58,75.11,2354600
2020-02-04,75.13,75.74,74.61,74.74,2475100
2020-02-05,74.79,74.99,74.16,74.26,1507700
2020-02-06,74.3,74.73,73.84,73.96,916900
2020-02-07,74.3,74.68,73.8,74.49,1170000
2020-02-10,74.58,75.67,74.58,75.55,939900
2020-02-11,75.35,75.74,74.58,74.78,990900
2020-02-12,74.55,75.92,74.55,75.68,1644200
2020-02-13,75.49,76.43,75.43,75.72,948100
2020-02-14,75.89,76.46,75.69,76.43,884800
2020-02-18,76.54,76.85,75.9,76.15,1436100
2020-02-19,76.089996,76.42,75.66,75.78,1048100
2020-02-20,75.96,76.79,75.36,76.31,2126100
2020-02-21,76.059998,76.87,76.059998,76.61,953600
2020-02-24,76.39,77.0,75.39,75.51,1363400
2020-02-25,75.33,76.010002,74.22,74.76,1455100
2020-02-26,74.73,75.54,74.28,74.43,1586400
2020-02-27,74.43,74.83,71.39,71.86,2229300
2020-02-28,70.21,70.98,68.050003,69.52,3499100
2020-03-02,69.83,75.040001,69.53,74.96,3901100
2020-03-03,75.0,75.91,72.42,73.059998,2257600
2020-03-04,74.39,76.55,73.91,76.47,1907700
2020-03-05,75.23,75.65,73.81,75.029999,1634600
2020-03-06,73.16,75.19,72.69,74.68,2371000
2020-03-09,70.99,73.099998,70.18,70.74,1976700
2020-03-10,72.14,73.21,70.010002,72.77,2095500
2020-03-11,71.15,71.88,68.0,68.41,2680900
2020-03-12,63.91,69.97,61.0,63.41,3918200
2020-03-13,65.95,66.040001,62.11,63.29,4123600
2020-03-16,50.02,64.42,47.98,60.43,3875300
2020-03-17,61.88,71.87,61.7,68.69,3964700
2020-03-18,65.88,71.72,65.71,69.38,3034800
2020-03-19,69.86,70.94,65.75,66.7,2357100
2020-03-20,66.0,66.98,64.14,65.75,3647100
2020-03-23,65.62,65.77,59.78,60.87,2883500
2020-03-24,62.28,63.37,59.36,62.75,2321500
2020-03-25,61.95,63.82,59.82,60.3,2966300
2020-03-26,60.31,63.98,60.31,62.9,2229800
2020-03-27,61.99,63.53,61.29,61.97,2057800
2020-03-30,63.18,65.26,63.0099983,64.81,2218200
2020-03-31,64.32,65.55,63.52,64.18,2405800
2020-04-01,62.8,64.47,61.89,63.8,1537500
2020-04-02,63.080002,66.74,63.080002,66.27,2273900
2020-04-03,65.78,68.18,65.78,67.65,1356300
2020-04-06,68.3,69.45,68.010002,68.86,1806900
2020-04-07,68.86,69.69,66.97,67.010002,1801400
2020-04-08,67.53,68.98,66.69,68.61,1147100
2020-04-09,68.35,69.98,68.089996,68.39,1063500
2020-04-13,67.27,68.59,67.27,68.099998,1009500
2020-04-14,70.21,72.4,68.85,72.14,2276100
2020-04-15,71.85,72.73,71.38,72.0,1550300
2020-04-16,72.64,72.97,71.25,72.65,1632500
2020-04-17,73.22,73.67,71.83,73.55,1732300
2020-04-20,73.080002,74.099998,72.33,72.67,1253800
2020-04-21,72.11,72.33,70.2,70.55,1361300
2020-04-22,70.98,71.91,70.72,71.41,786000
2020-04-23,71.27,71.93,70.22,70.66,1010900
2020-04-24,70.54,71.48,70.5,71.35,1047700
2020-04-27,72.3,72.39,71.18,71.48,799500
2020-04-28,70.96,71.91,68.86,69.42,1838200
2020-04-29,69.42,69.42,67.080002,68.37,2194400
2020-04-30,69.11,70.93,67.64,69.99,3151800
2020-05-01,70.25,71.64,69.85,71.22,2245200
2020-05-04,71.22,72.47,70.18,71.93,1672300
2020-05-05,71.78,73.77,71.6,73.43,1578900
2020-05-06,73.4,73.8,71.77,71.85,1190800
2020-05-07,72.31,73.42,71.79,72.38,1293200
2020-05-08,73.25,73.67,72.95,73.35,1254200
2020-05-11,73.41,74.67,73.22,73.99,1426400
2020-05-12,74.35,74.5,73.21,73.38,1388300
2020-05-13,73.27,74.0,73.080002,73.45,1454300
2020-05-14,73.3,73.95,71.099998,72.8,1862300
2020-05-15,72.95,74.38,72.68,73.6,3582100
2020-05-18,73.75,73.96,72.42,73.089996,2079800
2020-05-19,72.74,72.92,72.040001,72.11,1397700
2020-05-20,72.31,72.54,71.62,72.15,1161300
2020-05-21,72.14,72.14,70.79,70.97,1050600
2020-05-22,70.95,72.29,70.61,71.93,941700
2020-05-26,72.2,72.2,70.07,70.3,1885400
2020-05-27,70.31,73.010002,70.14,72.92,1788200
2020-05-28,73.87,74.7,73.55,74.040001,1986600
2020-05-29,74.12,75.22,73.46,75.07,2025600
2020-06-01,74.99,76.0,74.62,75.3,1236000
2020-06-02,75.16,76.42,75.11,75.87,1448700
2020-06-03,76.0,76.14,75.099998,75.14,1095000
2020-06-04,74.8,75.86,73.83,74.27,866800
2020-06-05,73.77,74.4,72.44,73.79,1906800
2020-06-08,72.88,74.89,72.76,74.75,1219800
2020-06-09,74.88,75.44,74.19,74.93,1076700
2020-06-10,75.16,76.3,74.7,75.5,1422600
2020-06-11,75.5,76.98,74.4,74.42,1549900
2020-06-12,74.58,75.080002,72.82,73.080002,1173100
2020-06-15,72.64,74.11,72.029999,73.87,1056300
2020-06-16,74.89,75.21,73.9,74.74,927900
2020-06-17,75.16,76.2,75.12,75.37,1274800
2020-06-18,77.0,78.050003,76.4,77.82,2188000
2020-06-19,78.87,79.089996,77.39,77.52,2877900
2020-06-22,77.37,77.97,77.11,77.55,1031000
2020-06-23,77.9,78.31,77.059998,77.11,1329100
2020-06-24,77.040001,77.11,75.85,76.25,1337900
2020-06-25,76.46,76.82,75.43,76.74,804000
2020-06-26,76.97,77.48,76.059998,76.15,2134000
2020-06-29,76.74,76.97,76.019997,76.72,1159700
2020-06-30,76.8,77.48,76.4,77.3,1600700
2020-07-01,77.5,78.28,77.31,77.9,1308400
2020-07-02,78.39,78.85,77.82,78.29,1059400
2020-07-06,79.0,79.24,77.57,77.86,1327100
2020-07-07,77.64,79.24,77.56,79.050003,1258700
2020-07-08,78.96,80.3,78.82,80.26,1652800
2020-07-09,80.28,81.87,80.27,81.73,2166500
2020-07-10,81.61,83.040001,81.099998,82.78,1689000
2020-07-13,82.88,84.79,81.76,82.13,2579900
2020-07-14,82.059998,84.5,82.059998,84.48,2109200
2020-07-15,84.48,85.31,83.89,84.6,1397100
2020-07-16,83.39,84.66,81.74,84.2,1851500
2020-07-17,84.63,85.36,84.21,84.87,3644900
2020-07-20,84.7,85.07,83.9,84.29,1189200
2020-07-21,84.73,85.4,83.73,84.5,1478100
2020-07-22,84.9,85.16,83.96,85.14,1232500
2020-07-23,85.78,86.95,85.7,86.22,1481300
2020-07-24,86.27,86.59,85.13,85.87,1346900
2020-07-27,86.18,87.5,85.92,87.17,1111900
2020-07-28,87.45,88.81,87.11,88.21,1146800
2020-07-29,88.22,89.56,87.81,89.31,1338700
2020-07-30,89.3,90.45,88.68,90.059998,2215600
2020-07-31,93.77,96.4,92.040001,96.33,4192600
2020-08-03,95.19,95.86,91.86,93.41,3076400
2020-08-04,92.96,96.4,92.56,96.050003,1929700
2020-08-05,96.099998,96.72,95.45,95.83,1260700
2020-08-06,95.75,96.19,94.85,95.12,1177000
2020-08-07,95.14,95.8,94.14,94.96,1352900
2020-08-10,95.0,95.19,94.15,94.78,903600
2020-08-11,94.54,94.54,92.25,92.71,1170400
2020-08-12,93.27,95.34,92.95,94.83,943300
2020-08-13,94.32,94.81,93.61,94.75,830600
2020-08-14,94.94,94.94,93.99,94.26,743600
2020-08-17,94.22,96.25,93.75,95.79,2140200
2020-08-18,96.029999,96.68,95.34,96.46,1874800
2020-08-19,96.61,97.15,95.78,96.29,1008300
2020-08-20,96.14,96.72,95.55,96.54,815100
2020-08-21,96.89,96.99,95.95,96.5,1319700
2020-08-24,96.17,96.64,95.6,96.63,733500
2020-08-25,96.8,96.83,95.92,96.099998,1018000
2020-08-26,95.69,96.44,95.14,95.91,738300
2020-08-27,96.35,97.019997,95.77,96.099998,789600
2020-08-28,95.63,96.35,94.080002,94.91,1259400
2020-08-31,94.85,95.91,94.84,95.83,1260000
2020-09-01,95.34,95.5,94.15,95.33,894800
2020-09-02,95.53,98.96,95.5,98.16,1926400
2020-09-03,97.94,98.099998,93.4,94.26,1448600
2020-09-04,94.029999,94.86,92.11,93.3,1149000
2020-09-08,93.5,93.68,91.57,91.9,1313900
2020-09-09,92.74,95.12,92.74,94.040001,1004700
2020-09-10,93.96,94.72,92.72,92.89,921900
2020-09-11,93.36,94.029999,92.17,92.87,914700
2020-09-14,93.55,93.6,92.43,92.72,761800
2020-09-15,92.86,93.75,91.96,92.33,1336200
2020-09-16,92.59,93.17,91.73,91.96,1047200
2020-09-17,91.35,92.37,90.55,92.059998,1139500
2020-09-18,90.37,91.79,89.6,90.32,3051000
2020-09-21,90.19,91.059998,88.64,89.64,1449800
2020-09-22,89.81,92.13,89.55,91.59,1837400
2020-09-23,92.050003,92.34,91.11,91.61,1083100
2020-09-24,91.71,93.45,91.49,92.59,1077300
2020-09-25,92.34,93.089996,92.099998,92.95,921900
2020-09-28,93.62,94.4,93.21,93.46,1048900
2020-09-29,93.74,94.099998,92.27,92.85,1120600
2020-09-30,93.32,94.16,92.74,93.71,1297100
2020-10-01,94.010002,94.029999,92.59,93.099998,933900
2020-10-02,93.16,93.31,91.059998,91.17,1498700
2020-10-05,91.019997,91.92,90.23,90.73,1840000
2020-10-06,90.76,91.23,89.39,89.85,1489100
2020-10-07,90.49,91.6,90.36,90.93,2046900
2020-10-08,90.82,91.98,90.51,91.14,990400
2020-10-09,91.46,93.46,91.34,92.76,1076500
2020-10-12,92.7,94.3,92.14,93.27,1247700
2020-10-13,93.22,95.91,92.78,95.18,1649400
2020-10-14,95.32,96.31,94.41,94.47,1127600
2020-10-15,93.93,95.74,93.56,95.099998,1398900
2020-10-16,95.11,95.42,92.96,93.19,3391200
2020-10-19,93.6,94.63,91.99,92.34,1294900
2020-10-20,93.22,93.89,92.18,92.24,923100
2020-10-21,92.37,93.53,92.16,92.19,1183900
2020-10-22,92.019997,92.18,90.94,90.99,943800
2020-10-23,91.3,91.96,90.98,91.91,959700
2020-10-26,91.26,92.010002,90.77,91.91,760000
2020-10-27,92.26,93.22,91.71,92.23,1328100
2020-10-28,91.21,91.81,88.2,88.24,1969600
2020-10-29,84.0,87.9,82.52,87.059998,2947100
2020-10-30,87.18,88.96,86.62,88.39,1961500
2020-11-02,89.86,90.64,87.15,87.9,2505900
2020-11-03,88.56,89.93,88.23,89.0,1602600
2020-11-04,90.050003,90.97,89.53,89.77,1382600
2020-11-05,91.080002,91.6,89.24,90.029999,1499500
2020-11-06,90.040001,91.38,89.97,90.5,1038700
2020-11-09,91.66,91.86,84.78,84.83,2914700
2020-11-10,84.57,86.98,84.24,86.32,2350400
2020-11-11,87.3,88.2,86.91,87.41,3891400
2020-11-12,88.089996,88.83,86.63,87.5,2687900
2020-11-13,87.42,87.96,86.48,87.38,1456900
2020-11-16,87.21,88.029999,86.059998,87.97,1145400
2020-11-17,87.47,88.28,87.0,87.21,1356300
2020-11-18,87.25,87.63,85.99,86.0,1927400
2020-11-19,85.91,87.32,85.83,86.2,1110800
2020-11-20,86.48,87.18,85.62,85.96,1178400
2020-11-23,85.62,86.35,84.77,85.27,1031700
2020-11-24,85.43,85.92,83.43,83.65,2600600
2020-11-25,84.31,86.099998,84.16,85.58,1442500
2020-11-27,85.93,86.33,85.12,86.27,747900
2020-11-30,86.21,87.84,85.56,87.77,2803000
2020-12-01,88.37,88.46,86.61,87.84,2374600
2020-12-02,87.77,87.94,85.080002,86.26,1311100
2020-12-03,85.95,86.91,85.58,86.59,1148400
2020-12-04,86.35,87.27,85.83,86.34,1109300
2020-12-07,86.25,87.47,86.18,86.76,1367900
2020-12-08,86.26,87.41,86.0,87.089996,1499900
2020-12-09,87.13,87.5,86.050003,86.44,1158000
2020-12-10,86.69,87.2,85.050003,85.33,1222600
2020-12-11,85.37,86.25,85.2,85.85,1226700
2020-12-14,85.98,86.84,85.76,86.059998,1049300
2020-12-15,86.38,87.19,85.96,86.16,1377600
2020-12-16,86.39,87.64,86.27,86.67,923400
2020-12-17,87.059998,87.86,86.81,87.21,963900
2020-12-18,87.26,88.28,86.7,88.15,2454400
2020-12-21,87.22,87.71,86.0,86.54,1356200
2020-12-22,86.2,86.91,85.79,86.56,1122800
2020-12-23,86.7,87.39,86.67,86.94,681900
2020-12-24,86.78,87.29,86.39,86.86,281900
2020-12-28,87.55,87.85,86.84,87.48,636400
2020-12-29,87.71,88.45,86.84,87.080002,657400
2020-12-30,87.0,87.49,86.68,86.71,701200
2020-12-31,86.93,87.26,86.2,87.23,1651400
2021-01-04,87.019997,87.79,85.59,86.6,1355500
2021-01-05,86.5,86.96,85.27,85.82,1646300
2021-01-06,85.53,86.61,85.25,85.95,1439500
2021-01-07,85.17,85.81,84.12,84.9,1632300
2021-01-08,84.65,85.48,83.81,85.4,1722600
2021-01-11,85.64,86.31,84.57,84.92,893300
2021-01-12,84.83,85.0,83.61,83.87,1611300
2021-01-13,84.16,84.91,83.61,84.48,1657800
2021-01-14,84.61,85.07,84.089996,84.51,1034800
2021-01-15,84.38,85.83,83.98,85.24,1961600
2021-01-19,85.91,86.040001,84.48,85.16,1396100
2021-01-20,85.019997,85.25,83.93,84.74,1457900
2021-01-21,84.8,85.41,84.22,85.059998,977600
2021-01-22,85.48,85.99,84.53,84.92,1446100
2021-01-25,85.49,88.49,85.11,87.12,1644500
2021-01-26,86.88,88.07,86.019997,88.0,1440900
2021-01-27,87.88,90.24,87.54,87.78,2064000
2021-01-28,87.54,88.78,86.71,86.91,1821900
2021-01-29,86.53,87.5,84.33,84.43,2364700
2021-02-01,84.32,85.41,83.059998,83.99,2080800
2021-02-02,83.99,83.99,82.62,82.69,1808100
2021-02-03,82.66,83.63,81.75,83.010002,1643200
2021-02-04,82.5,83.2,81.46,82.16,1375200
2021-02-05,82.29,84.080002,82.029999,82.87,1577100
2021-02-08,83.040001,83.45,81.9,82.33,1133600
2021-02-09,82.15,83.040001,81.6,82.95,1404900
2021-02-10,83.38,84.059998,83.050003,83.24,1227100
2021-02-11,83.53,83.62,82.17,82.72,849300
2021-02-12,82.33,82.96,81.76,82.94,889000
2021-02-16,82.73,83.029999,81.59,81.67,1101900
2021-02-17,81.46,82.91,81.029999,82.76,1515400
2021-02-18,82.23,83.73,81.95,83.55,890700
2021-02-19,83.12,83.47,81.41,81.45,1486400
2021-02-22,81.55,81.58,80.059998,80.52,1357500
2021-02-23,81.010002,81.49,80.19,81.029999,1097100
2021-02-24,80.29,80.69,78.69,79.55,1635300
2021-02-25,79.46,80.88,78.82,79.39,1128300
2021-02-26,79.87,80.18,78.73,78.75,1550000
2021-03-01,78.88,80.24,78.58,78.69,1174100
2021-03-02,78.62,79.85,78.54,79.22,1194400
2021-03-03,78.8,79.34,78.35,78.43,1139500
2021-03-04,78.86,79.58,77.7,77.92,1674300
2021-03-05,78.07,80.25,77.62,79.96,1939900
2021-03-08,79.64,81.51,79.12,80.83,1508700
2021-03-09,81.0,82.41,80.23,80.41,1399800
2021-03-10,80.53,81.89,79.57,81.15,1225800
2021-03-11,80.76,82.47,80.36,81.5,1150600
2021-03-12,81.97,83.22,81.76,82.9,1379800
2021-03-15,83.55,83.55,81.78,82.9,1763600
2021-03-16,82.89,83.74,82.53,83.4,1158500
2021-03-17,83.75,83.75,82.080002,82.16,1305800
2021-03-18,82.23,82.91,80.91,82.26,1793500
2021-03-19,82.37,83.93,82.32,83.089996,3561500
2021-03-22,83.089996,84.68,82.31,84.51,1737200
2021-03-23,84.98,86.040001,83.99,85.71,1508200
2021-03-24,84.85,85.099998,83.059998,84.57,1306800
2021-03-25,85.28,86.050003,84.39,86.0,1896600
2021-03-26,85.64,87.55,85.25,87.35,2333800
2021-03-29,87.65,89.34,87.48,88.58,2215300
2021-03-30,87.68,88.37,87.21,87.92,1432100
2021-03-31,88.059998,88.48,86.92,87.35,2227100
2021-04-01,86.88,87.24,85.2,86.53,1753300
2021-04-05,86.78,87.95,86.62,87.47,1692900
2021-04-06,87.019997,88.8,87.0,88.21,1162500
2021-04-07,88.6,88.72,87.55,87.86,1278700
2021-04-08,87.88,88.29,86.93,87.31,1476200
2021-04-09,87.25,88.080002,86.41,86.79,1329100
2021-04-12,87.2,87.76,86.5,87.41,1347400
2021-04-13,86.95,87.48,86.66,86.78,1048000
2021-04-14,86.8,87.11,86.21,86.89,1058500
2021-04-15,87.0,87.88,86.95,87.64,998700
2021-04-16,88.010002,88.24,87.29,87.94,963000
2021-04-19,86.76,87.4,85.62,87.34,1306800
2021-04-20,87.39,90.24,87.39,89.17,1263700
2021-04-21,89.61,90.15,89.17,89.89,1036700
2021-04-22,89.64,90.21,89.07,89.63,1013500
2021-04-23,89.23,89.79,87.33,87.56,1416400
2021-04-26,87.37,87.54,85.53,86.07,1843500
2021-04-27,85.34,85.84,84.36,84.77,1529100
2021-04-28,84.82,85.21,83.93,84.4,1247100
2021-04-29,84.46,86.2,84.25,85.98,1282200
2021-04-30,86.0,86.089996,84.22,85.74,2437000
2021-05-03,85.76,87.78,85.44,87.45,1117900
2021-05-04,87.68,89.51,87.39,89.42,1594300
2021-05-05,88.88,89.32,87.7,88.29,1399700
2021-05-06,88.9,89.18,88.25,88.48,895000
2021-05-07,88.44,88.88,87.39,87.43,816200
2021-05-10,87.53,89.81,87.53,89.39,1195200
2021-05-11,89.75,90.0,87.87,88.089996,1367300
2021-05-12,88.55,88.55,87.35,87.4,1154800
2021-05-13,86.94,89.3,86.5,88.64,1338700
2021-05-14,88.81,89.42,88.49,88.55,887400
2021-05-17,88.85,89.45,88.19,88.29,1298500
2021-05-18,88.080002,88.88,87.52,87.84,979500
2021-05-19,88.010002,88.010002,86.59,87.7,937900
2021-05-20,87.66,88.59,87.29,87.38,1225700
2021-05-21,87.47,87.78,87.0,87.19,1505400
2021-05-24,87.39,87.82,86.81,87.2,811800
2021-05-25,87.010002,87.17,85.75,86.91,1483400
2021-05-26,86.76,87.099998,85.96,86.66,1041600
2021-05-27,86.41,87.089996,85.23,85.31,2481200
2021-05-28,85.16,86.41,85.16,85.73,875600
2021-06-01,86.040001,86.82,84.39,84.87,1121900
2021-06-02,84.98,85.42,84.61,85.099998,1084800
2021-06-03,85.21,86.33,85.12,86.21,1656300
2021-06-04,86.28,86.63,85.72,86.47,1661600
2021-06-07,86.47,86.61,85.36,86.019997,1376400
2021-06-08,86.089996,86.47,84.98,85.13,1478200
2021-06-09,85.4,86.0,84.41,84.54,1144900
2021-06-10,84.43,85.34,84.43,84.73,2284200
2021-06-11,84.67,84.73,84.059998,84.69,1242700
2021-06-14,84.98,85.080002,83.95,84.54,1395100
2021-06-15,84.84,85.65,84.53,85.19,1735500
2021-06-16,85.75,86.0,83.93,84.24,1369000
2021-06-17,83.98,85.55,83.57,85.46,1479500
2021-06-18,84.94,85.059998,83.6,83.68,2756100
2021-06-21,83.84,84.28,83.66,83.95,1179400
2021-06-22,83.98,84.47,83.74,83.94,1247600
2021-06-23,84.029999,84.029999,83.029999,83.050003,798700
2021-06-24,82.75,83.31,82.4,83.18,1116500
2021-06-25,83.16,84.7,82.73,84.23,6334300
2021-06-28,84.5,85.5,84.23,85.059998,1191900
2021-06-29,85.44,85.66,84.55,84.94,946600
2021-06-30,85.089996,85.9,85.050003,85.22,1154100
2021-07-01,85.62,85.86,84.73,84.9,975500
2021-07-02,85.099998,85.74,85.010002,85.27,810100
2021-07-06,85.050003,85.92,84.95,85.52,1565500
2021-07-07,85.72,87.81,85.5,86.63,1289800
2021-07-08,86.77,87.69,85.85,86.51,1048100
2021-07-09,86.62,87.17,86.3,86.98,1905000
2021-07-12,86.92,86.98,86.2,86.52,1007600
2021-07-13,86.13,86.76,85.77,86.029999,1200800
2021-07-14,85.23,86.11,84.82,85.96,1400700
2021-07-15,86.050003,86.46,85.050003,86.46,874700
2021-07-16,86.81,87.63,86.45,87.33,1061000
2021-07-19,87.17,88.91,86.58,87.51,1599200
2021-07-20,87.49,88.69,86.96,86.99,1126900
2021-07-21,86.72,86.96,84.92,84.94,1925500
2021-07-22,84.69,85.5,84.040001,85.16,1145200
2021-07-23,84.78,86.58,84.25,86.48,675000
2021-07-26,86.24,86.97,85.98,86.44,1072900
2021-07-27,86.61,88.27,86.46,87.050003,1095200
2021-07-28,86.88,87.050003,85.81,86.3,941700
2021-07-29,86.74,87.23,86.27,86.91,943200
2021-07-30,85.89,88.24,85.25,86.58,2328600
2021-08-02,86.28,86.73,84.39,85.6,1627000
2021-08-03,85.059998,85.96,84.47,85.14,1778500
2021-08-04,84.71,85.25,82.91,83.77,1522400
2021-08-05,84.37,84.48,83.28,83.75,1128600
2021-08-06,83.99,84.32,82.97,83.51,1232000
2021-08-09,84.0,84.28,83.39,84.13,725900
2021-08-10,84.089996,84.37,83.31,84.13,968900
2021-08-11,84.39,84.76,84.14,84.25,662000
2021-08-12,84.74,84.77,84.059998,84.32,588800
2021-08-13,84.35,85.26,84.14,85.099998,784200
2021-08-16,85.37,86.37,85.29,86.21,884200
2021-08-17,86.21,86.85,85.96,86.59,873100
2021-08-18,86.029999,86.7,84.69,84.75,1005400
2021-08-19,84.97,86.62,84.76,86.39,707500
2021-08-20,86.34,86.98,85.9,86.019997,870000
2021-08-23,86.099998,86.099998,84.91,84.92,895300
2021-08-24,84.65,84.65,83.13,83.14,944700
2021-08-25,83.089996,83.089996,82.27,82.36,954800
2021-08-26,82.39,82.75,81.87,82.38,918600
2021-08-27,82.4,82.98,82.010002,82.71,925000
2021-08-30,82.72,83.63,82.68,83.56,701700
2021-08-31,83.66,83.91,83.19,83.66,1325000
2021-09-01,83.94,84.48,83.67,84.33,862600
2021-09-02,84.44,84.82,84.0,84.31,857300
2021-09-03,84.13,84.77,83.85,84.39,625800
2021-09-07,84.45,84.6,83.31,83.99,1099200
2021-09-08,84.14,86.21,84.040001,84.6,1607600
2021-09-09,84.7,84.74,82.95,83.46,2718700
2021-09-10,83.33,83.39,82.41,82.71,1869000
2021-09-13,82.68,84.24,82.68,83.34,969800
2021-09-14,83.62,83.78,82.93,83.71,1481600
2021-09-15,83.75,83.95,83.28,83.65,1259900
2021-09-16,83.5,83.74,82.58,83.49,844500
2021-09-17,83.2,83.98,83.2,83.59,2384200
2021-09-20,83.54,83.97,82.96,83.7,1909700
2021-09-21,83.86,84.68,83.72,84.12,1933900
2021-09-22,84.58,84.61,83.029999,83.21,997400
2021-09-23,82.9,83.54,82.72,83.27,939800
2021-09-24,83.34,83.59,82.57,82.98,1110100
2021-09-27,82.73,83.07,82.33,82.56,1044500
2021-09-28,82.45,83.57,82.019997,83.3,1623200
2021-09-29,83.15,84.66,83.15,84.26,1019000
2021-09-30,84.19,84.33,82.54,82.57,1193900
2021-10-01,82.69,83.010002,81.44,82.24,1167800
2021-10-04,82.43,83.11,81.53,81.73,1428100
2021-10-05,81.64,81.92,81.07,81.2,1121000
2021-10-06,81.12,82.89,80.76,82.73,1168600
2021-10-07,82.9,83.71,82.9,82.98,1027400
2021-10-08,82.95,83.42,82.59,83.15,862800
2021-10-11,83.14,83.36,82.71,83.0,568600
2021-10-12,82.72,83.52,82.3,82.56,803400
2021-10-13,82.45,83.18,82.28,83.12,842600
2021-10-14,83.34,83.63,83.080002,83.37,623200
2021-10-15,83.51,83.97,82.94,83.45,846200
2021-10-18,83.25,83.5,82.76,82.92,1246400
2021-10-19,82.6,83.35,81.28,83.33,1623400
2021-10-20,83.53,84.79,83.29,83.6,1295400
2021-10-21,84.22,84.4,83.63,83.8,918100
2021-10-22,83.9,84.91,83.88,84.68,911700
2021-10-25,84.23,84.25,82.7,83.76,1331000
2021-10-26,83.72,84.77,83.56,84.6,760400
2021-10-27,84.78,85.12,83.78,84.080002,1124300
2021-10-28,84.080002,85.74,83.85,85.29,2317200
2021-10-29,86.39,88.39,86.2,87.36,2773600
2021-11-01,87.87,88.52,86.89,87.64,1500000
2021-11-02,87.9,89.46,87.5,89.07,1243000
2021-11-03,88.99,89.45,88.089996,88.91,961400
2021-11-04,88.75,89.35,88.21,89.35,825200
2021-11-05,89.5,89.71,88.6,88.78,956700
2021-11-08,88.64,88.78,87.059998,88.43,1261900
2021-11-09,88.56,89.71,88.13,89.66,981200
2021-11-10,89.95,90.95,89.66,90.4,873600
2021-11-11,90.16,90.39,89.85,90.29,565300
2021-11-12,90.35,90.61,89.78,89.92,734400
2021-11-15,90.040001,91.39,89.81,91.16,864700
2021-11-16,91.27,91.74,90.82,91.099998,760100
2021-11-17,91.13,91.62,90.86,91.49,780700
2021-11-18,91.49,91.5,90.64,91.22,929700
2021-11-19,91.99,93.059998,91.78,92.23,1719300
2021-11-22,92.23,94.45,91.93,93.75,1311800
2021-11-23,93.76,94.6,93.41,94.13,1067800
2021-11-24,93.82,94.050003,92.78,93.38,805600
2021-11-26,93.49,94.75,93.28,93.34,661800
2021-11-29,93.89,94.37,92.93,93.75,1129900
2021-11-30,92.92,93.35,88.94,89.38,3807400
2021-12-01,89.95,92.36,89.73,90.68,2932300
2021-12-02,90.95,92.040001,90.64,91.059998,1754400
2021-12-03,91.82,92.39,91.47,92.33,1342700
2021-12-06,92.33,94.37,92.26,94.15,2337800
2021-12-07,93.82,94.68,92.59,92.94,1564200
2021-12-08,92.93,95.45,92.78,95.0,2349400
2021-12-09,95.26,96.26,94.67,95.54,1309500
2021-12-10,95.64,96.07,95.3,95.65,1390000
2021-12-13,95.64,98.11,95.15,97.76,1603600
2021-12-14,97.88,98.21,97.080002,97.91,1475300
2021-12-15,98.040001,100.080002,98.040001,99.099998,2204500
2021-12-16,98.97,101.7,98.63,101.54,1753600
2021-12-17,101.5,102.27,97.55,98.089996,4787400
2021-12-20,98.010002,99.17,97.43,98.84,1765200
2021-12-21,98.44,98.81,96.77,98.4,1917700
2021-12-22,98.5,99.57,98.24,99.4,1044500
2021-12-23,99.61,100.34,99.4,99.53,709700
2021-12-27,99.61,100.36,99.37,100.36,674400
2021-12-28,100.49,100.77,99.95,100.18,935600
2021-12-29,100.43,101.24,100.26,100.98,912000
2021-12-30,101.21,101.6,100.33,101.42,1101500
2021-12-31,101.67,103.0,101.42,102.5,1320600
2022-01-03,101.37,101.84,99.78,101.71,1516500
2022-01-04,100.89,102.55,99.57,101.82,1472900
2022-01-05,102.07,103.22,102.050003,102.54,1450200
2022-01-06,102.52,104.0,102.26,102.71,1345900
2022-01-07,102.71,104.39,102.42,103.6,1968100
2022-01-10,103.56,104.39,102.36,102.8,2272100
2022-01-11,102.53,102.92,100.35,101.82,2544200
2022-01-12,101.34,102.72,100.66,102.6,1999000
2022-01-13,102.49,104.019997,101.98,103.29,2316300
2022-01-14,103.19,104.41,102.87,104.22,1333800
2022-01-18,104.3,104.5,102.42,103.22,2541600
2022-01-19,103.4,104.84,102.77,102.93,1984600
2022-01-20,102.52,104.059998,101.8,101.98,1633700
2022-01-21,102.67,104.43,102.67,103.4,1777000
2022-01-24,104.0,104.48,100.7,102.42,2249800
2022-01-25,102.45,102.82,100.77,101.63,1751900
2022-01-26,98.32,100.83,97.65,98.95,3531000
2022-01-27,99.41,100.4,98.21,98.66,2608700
2022-01-28,96.66,103.080002,95.86,103.0,3393600
2022-01-31,102.5,103.8,101.25,102.65,4746800
2022-02-01,102.93,103.2,100.85,102.15,1551800
2022-02-02,102.17,103.57,101.69,103.19,1806000
2022-02-03,102.010002,104.089996,102.010002,103.040001,1603200
2022-02-04,102.19,102.53,100.39,100.98,2709700
2022-02-07,101.43,101.82,100.68,101.14,1573500
2022-02-08,101.55,101.8,100.71,100.8,1760900
2022-02-09,101.28,101.43,100.24,100.48,1619200
2022-02-10,100.19,100.27,98.35,98.71,2014000
2022-02-11,99.17,99.24,97.77,97.9,4228200
2022-02-14,97.87,98.57,96.85,97.57,2061500
2022-02-15,97.8,98.98,96.3,96.68,1535600
2022-02-16,96.67,97.13,95.099998,96.029999,1543400
2022-02-17,96.040001,97.43,95.29,96.95,1309100
2022-02-18,96.95,98.98,96.47,98.78,2724300
2022-02-22,98.29,98.58,96.35,96.72,1667500
2022-02-23,97.050003,97.75,96.080002,96.3,1185100
2022-02-24,95.45,96.51,93.86,95.059998,1930600
2022-02-25,95.74,98.71,95.32,98.7,1417500
2022-02-28,97.45,98.21,96.63,97.85,2187500
2022-03-01,97.72,98.6,96.36,96.89,1428900
2022-03-02,95.95,97.5,95.46,96.98,1404900
2022-03-03,97.44,99.54,97.21,99.2,1668000
2022-03-04,98.36,100.85,98.13,100.69,1324500
2022-03-07,100.3,102.78,99.13,101.71,1717800
2022-03-08,101.040001,102.080002,95.15,95.32,2233800
2022-03-09,96.26,97.63,94.63,97.059998,1642100
2022-03-10,96.91,97.21,95.39,95.92,1329600
2022-03-11,96.029999,97.059998,95.099998,95.15,896200
2022-03-14,95.93,96.82,95.31,96.63,1086100
2022-03-15,97.86,99.24,96.63,98.95,1298400
2022-03-16,99.019997,99.019997,95.55,97.089996,1346100
2022-03-17,97.31,97.81,96.27,97.28,1068100
2022-03-18,97.53,97.53,96.099998,96.94,2033300
2022-03-21,97.0,98.11,96.18,97.54,1231600
2022-03-22,98.24,98.81,96.46,97.86,1145800
2022-03-23,98.16,98.47,96.64,97.14,629200
2022-03-24,97.18,97.77,96.66,97.24,687500
2022-03-25,97.65,98.58,97.36,97.97,673600
2022-03-28,98.11,99.23,97.62,99.23,610400
2022-03-29,99.49,100.8,99.45,99.82,982100
2022-03-30,99.43,99.79,97.5,99.23,1057600
2022-03-31,98.94,100.089996,97.94,99.38,1775100
2022-04-01,99.49,101.37,99.080002,101.36,1114300
2022-04-04,100.75,100.85,98.57,100.81,1044800
2022-04-05,100.42,102.59,100.42,100.9,1077000
2022-04-06,101.19,102.33,100.099998,102.080002,1078100
2022-04-07,102.26,103.75,102.040001,103.42,969300
2022-04-08,103.61,104.18,102.84,103.45,889600
2022-04-11,103.4,104.65,102.69,103.98,1205300
2022-04-12,103.55,105.15,103.16,103.91,1453000
2022-04-13,103.76,104.26,102.39,102.85,1219000
2022-04-14,103.28,103.87,102.35,102.65,998600
2022-04-18,102.65,102.97,101.019997,101.21,854000
2022-04-19,101.12,102.5,100.77,102.35,1057100
2022-04-20,102.68,104.18,102.68,103.080002,1312100
2022-04-21,103.089996,104.29,102.73,102.96,1073000
2022-04-22,103.74,104.42,102.64,102.79,1029500
2022-04-25,103.19,104.51,101.74,104.029999,1101700
2022-04-26,104.099998,104.44,102.48,102.59,1292800
2022-04-27,102.83,105.28,102.74,104.16,1806300
2022-04-28,99.37,101.71,97.7,100.4,2406300
2022-04-29,99.5,100.21,97.4,97.56,1669900
2022-05-02,97.74,98.46,95.19,96.24,1406100
2022-05-03,96.34,96.97,95.16,95.66,1167300
2022-05-04,95.64,96.81,95.39,96.53,1197000
2022-05-05,96.089996,96.38,93.99,94.78,1697800
2022-05-06,94.74,95.9,94.34,95.73,1206300
2022-05-09,95.2,99.56,94.67,98.36,2072300
2022-05-10,98.5,99.45,97.27,98.0,1304000
2022-05-11,98.010002,99.41,97.45,97.68,1285100
2022-05-12,98.35,98.88,96.69,97.69,1514000
2022-05-13,97.57,98.21,96.77,98.15,924600
2022-05-16,98.029999,99.040001,96.92,98.64,1128900
2022-05-17,98.23,98.53,96.14,96.86,1001400
2022-05-18,96.4,96.46,89.99,90.19,1574100
2022-05-19,89.55,89.6,87.31,88.22,1478000
2022-05-20,88.37,88.86,86.92,88.75,1667800
2022-05-23,89.39,90.050003,88.42,89.45,1094100
2022-05-24,89.48,90.51,88.77,90.43,1125900
2022-05-25,89.99,90.56,89.11,90.089996,1051600
2022-05-26,90.64,91.56,89.71,89.81,1473900
2022-05-27,89.84,90.45,89.5,90.33,2103400
2022-05-31,90.23,90.85,88.67,90.059998,2875800
2022-06-01,90.15,90.53,88.029999,88.37,1436600
2022-06-02,88.93,89.24,87.14,89.07,1469300
2022-06-03,88.67,89.17,87.93,88.74,1276400
2022-06-06,88.89,89.29,87.8,88.17,1066000
2022-06-07,86.88,88.059998,86.57,88.010002,1106200
2022-06-08,87.85,88.34,87.41,87.47,868400
2022-06-09,87.68,88.28,85.94,85.98,1316600
2022-06-10,85.37,86.86,84.59,85.9,1835100
2022-06-13,85.019997,85.81,84.49,84.85,1762500
2022-06-14,84.73,84.75,81.35,82.0,1756900
2022-06-15,82.64,83.78,80.93,81.5,2125700
2022-06-16,81.55,83.3,80.34,82.2,2190000
2022-06-17,82.38,82.98,81.059998,82.13,2592500
2022-06-21,84.7,86.45,83.68,85.91,2060200
2022-06-22,85.68,88.13,85.61,87.59,1747800
2022-06-23,87.96,90.9,87.68,90.67,1772000
2022-06-24,91.35,92.31,90.67,91.61,3055500
2022-06-27,91.23,92.17,90.96,91.89,1331100
2022-06-28,92.56,92.7,90.99,91.13,930800
2022-06-29,91.34,92.58,90.69,92.36,908400
2022-06-30,92.62,93.43,92.2,92.66,1808400
2022-07-01,93.13,94.37,92.6,94.25,1124100
2022-07-05,94.26,95.22,92.99,94.97,1435300
2022-07-06,95.55,96.27,94.86,94.99,1565100
2022-07-07,94.31,95.44,94.23,95.25,1920000
2022-07-08,95.26,95.78,94.51,94.71,1319700
2022-07-11,95.11,96.16,94.43,95.13,1079500
2022-07-12,95.099998,96.25,94.26,94.69,1064000
2022-07-13,94.4,96.5,93.91,96.050003,979000
2022-07-14,94.71,95.99,94.64,95.83,1003400
2022-07-15,96.089996,96.26,95.050003,95.58,1274700
2022-07-18,95.080002,95.39,93.79,93.98,1351500
2022-07-19,94.65,94.8,93.82,94.089996,1124300
2022-07-20,94.29,94.62,92.89,93.25,984500
2022-07-21,92.91,93.44,91.71,93.19,1435000
2022-07-22,93.49,94.3,93.36,94.059998,685300
2022-07-25,93.91,94.21,93.19,94.14,1023400
2022-07-26,92.98,94.35,92.25,94.22,942500
2022-07-27,93.84,94.92,93.36,94.46,1111000
2022-07-28,94.36,96.54,94.33,96.21,938000
2022-07-29,90.25,91.080002,87.58,87.97,3720900
2022-08-01,87.47,89.62,87.24,88.6,1931100
2022-08-02,88.99,89.040001,86.86,87.059998,1240800
2022-08-03,86.7,88.07,86.19,87.55,1655000
2022-08-04,87.42,88.4,86.81,86.97,1485000
2022-08-05,86.94,87.13,86.15,87.0,1004000
2022-08-08,87.27,87.76,86.96,87.63,1934300
2022-08-09,87.7,87.96,87.2,87.39,1485600
2022-08-10,87.82,88.23,87.46,88.089996,1461600
2022-08-11,88.11,88.53,87.51,87.59,1484500
2022-08-12,87.62,88.040001,86.96,87.7,2519200
2022-08-15,88.13,88.25,87.28,87.72,2239900
2022-08-16,87.78,88.82,87.77,88.36,2446600
2022-08-17,88.07,88.42,87.86,88.25,1184900
2022-08-18,88.5,88.75,87.78,88.73,2017000
2022-08-19,88.87,89.61,88.32,88.7,1291300
2022-08-22,88.56,89.15,87.84,88.17,1605600
2022-08-23,87.52,87.61,86.3,86.63,1301600
2022-08-24,86.7,87.2,86.27,86.76,921700
2022-08-25,86.45,86.78,85.78,86.72,1005900
2022-08-26,86.56,86.95,85.18,85.3,925600
2022-08-29,84.92,85.8,84.6,85.32,929900
2022-08-30,85.51,85.54,84.66,84.72,935900
2022-08-31,85.11,85.21,83.62,83.71,1664500
2022-09-01,83.62,84.92,83.16,84.86,2020100
2022-09-02,85.24,85.73,83.89,84.18,1476700
2022-09-06,81.88,82.95,80.099998,80.23,2969600
2022-09-07,80.58,81.71,80.41,81.54,1829500
2022-09-08,80.88,81.22,79.35,80.84,1741100
2022-09-09,80.92,82.27,80.36,81.56,1646600
2022-09-12,81.6,82.79,81.27,82.25,1464100
2022-09-13,81.98,82.0,78.71,78.81,1788500
2022-09-14,78.76,79.059998,77.17,77.54,1992800
2022-09-15,77.76,77.9,76.32,77.040001,1870300
2022-09-16,77.11,77.43,76.41,76.54,1888100
2022-09-19,76.5,76.67,75.69,76.59,1300100
2022-09-20,75.9,76.26,74.68,75.080002,1643900
2022-09-21,75.29,76.019997,74.67,74.69,1335300
2022-09-22,74.39,75.65,74.16,75.2,1405300
2022-09-23,75.019997,75.62,74.32,75.22,1184800
2022-09-26,75.45,75.91,74.83,75.26,1595500
2022-09-27,75.28,75.89,72.87,73.22,1736100
2022-09-28,73.75,74.49,72.86,74.010002,1668600
2022-09-29,74.010002,74.080002,72.57,72.92,1269000
2022-09-30,72.95,73.29,71.37,71.44,1719500
2022-10-03,71.8,73.029999,71.65,72.9,1372400
2022-10-04,72.9,73.97,72.58,73.35,1317100
2022-10-05,73.44,73.44,71.89,72.51,2572900
2022-10-06,72.63,72.64,71.67,71.82,1258400
2022-10-07,71.89,71.92,70.31,70.72,1177700
2022-10-10,70.42,71.3,70.16,71.17,788200
2022-10-11,71.29,72.59,71.22,71.91,1576500
2022-10-12,72.26,72.68,71.86,71.88,1449800
2022-10-13,71.3,73.41,70.91,73.11,1174400
2022-10-14,73.46,73.55,72.15,72.5,1465600
2022-10-17,72.96,74.45,72.96,73.98,1509000
2022-10-18,74.79,75.89,73.6,73.84,1105900
2022-10-19,74.029999,75.019997,73.29,73.62,1512500
2022-10-20,73.56,73.98,72.14,72.21,1451100
2022-10-21,71.85,73.34,71.21,73.19,1306200
2022-10-24,73.64,74.49,73.12,74.17,1272600
2022-10-25,74.16,75.79,73.44,75.62,1723900
2022-10-26,75.92,77.010002,75.71,76.56,1751300
2022-10-27,76.86,78.16,76.47,76.51,2362300
2022-10-28,76.83,77.42,74.57,76.37,3341500
2022-10-31,76.39,76.97,73.26,74.13,4854500
2022-11-01,74.53,75.6,73.48,73.64,2328500
2022-11-02,73.55,74.49,72.080002,72.47,2147200
2022-11-03,71.47,72.18,70.46,71.48,2277300
2022-11-04,71.94,72.31,70.3,71.4,2215300
2022-11-07,72.26,72.99,71.75,72.86,1302400
2022-11-08,72.78,73.58,72.27,72.88,1243200
2022-11-09,72.92,73.51,72.36,72.53,1205000
2022-11-10,74.040001,75.099998,72.98,74.94,1750000
2022-11-11,74.92,75.13,73.21,74.47,2015300
2022-11-14,74.52,76.4,74.46,74.48,1422100
2022-11-15,75.23,75.71,74.33,75.51,1754900
2022-11-16,75.96,76.82,75.26,75.3,1275400
2022-11-17,74.88,75.28,74.24,75.23,1624500
2022-11-18,75.93,76.53,75.86,76.42,1499400
2022-11-21,76.59,78.16,76.24,77.6,1309500
2022-11-22,77.82,78.26,77.43,78.089996,1274500
2022-11-23,78.43,78.68,78.099998,78.57,1066500
2022-11-25,78.94,78.94,78.18,78.89,495700
2022-11-28,78.82,79.68,78.72,79.49,1542900
2022-11-29,79.21,80.36,78.8,79.49,1480200
2022-11-30,79.35,81.9,79.059998,81.87,2362800
2022-12-01,82.38,83.59,81.73,82.24,1584100
2022-12-02,81.94,83.44,81.77,83.07,2056100
2022-12-05,81.93,82.11,80.31,80.39,1424300
2022-12-06,80.78,81.040001,80.029999,80.44,1396000
2022-12-07,80.63,81.22,79.77,80.7,1217500
2022-12-08,80.27,81.19,80.27,81.15,1189400
2022-12-09,80.67,81.17,79.84,80.029999,1750700
2022-12-12,80.31,81.39,79.58,81.19,1077200
2022-12-13,82.14,82.67,81.14,81.99,2069600
2022-12-14,81.83,82.89,81.83,82.21,1554700
2022-12-15,81.54,81.94,80.42,81.59,1884500
2022-12-16,81.18,81.53,79.86,80.11,2526600
2022-12-19,80.040001,80.96,79.39,79.89,1304600
2022-12-20,79.69,80.36,78.92,79.82,994900
2022-12-21,80.010002,81.16,79.82,80.99,814800
2022-12-22,80.81,81.91,80.52,81.84,1136200
2022-12-23,81.74,82.19,81.24,82.059998,538700
2022-12-27,82.13,82.45,81.72,81.91,809400
2022-12-28,82.019997,82.44,80.91,80.92,686800
2022-12-29,81.050003,81.88,81.010002,81.58,587000
2022-12-30,81.5,81.5,79.97,80.61,917800
2023-01-03,80.75,82.089996,80.34,82.019997,1566400
2023-01-04,82.080002,83.07,81.75,82.79,1562200
2023-01-05,82.44,82.77,81.61,81.98,915300
2023-01-06,82.8,84.0,82.55,83.59,902700
2023-01-09,83.33,83.74,82.21,82.25,1626100
2023-01-10,82.34,82.72,81.040001,81.29,1018000
2023-01-11,81.69,81.97,80.87,81.72,1054200
2023-01-12,81.85,81.96,80.9,81.39,1155500
2023-01-13,81.21,82.0,81.13,81.91,778200
2023-01-17,84.94,86.040001,84.47,84.72,2686600
2023-01-18,84.38,84.67,82.050003,82.059998,1381000
2023-01-19,81.2,81.66,80.54,80.55,1283000
2023-01-20,80.43,83.26,79.55,83.2,1506500
2023-01-23,83.31,83.79,82.69,83.42,1009900
2023-01-24,83.41,83.96,82.27,82.72,1090300
2023-01-25,81.83,82.4,80.62,82.12,1134300
2023-01-26,81.91,82.23,80.84,81.29,845000
2023-01-27,80.74,81.080002,78.63,79.55,2374100
2023-01-30,79.72,80.96,79.43,80.59,1599200
2023-01-31,80.78,81.059998,80.15,80.86,2090800
2023-02-01,80.73,81.71,80.07,81.4,2051800
2023-02-02,80.77,80.95,79.34,79.81,1810000
2023-02-03,79.4,84.4,79.4,82.9,2290300
2023-02-06,84.51,84.85,82.47,83.29,2026800
2023-02-07,82.72,83.33,82.099998,82.94,1590200
2023-02-08,82.63,83.9,82.4,83.24,1313300
2023-02-09,83.67,84.11,81.94,81.99,1256300
2023-02-10,82.080002,83.22,81.79,82.89,1290700
2023-02-13,82.21,83.7,82.21,83.39,1529800
2023-02-14,83.85,83.85,82.27,82.79,692000
2023-02-15,82.69,83.72,82.26,83.46,841200
2023-02-16,82.69,83.019997,81.92,82.79,1439500
2023-02-17,82.88,83.79,82.23,83.78,1816400
2023-02-21,83.44,84.33,83.24,83.99,1341000
2023-02-22,84.41,85.089996,83.85,84.080002,1421400
2023-02-23,83.93,84.34,83.25,84.019997,1233500
2023-02-24,83.54,83.92,83.12,83.57,1445400
2023-02-27,83.86,84.27,83.58,83.88,1071800
2023-02-28,83.29,84.0,83.19,83.78,1439100
2023-03-01,83.47,83.53,82.41,83.13,1320100
2023-03-02,83.21,84.56,83.21,84.48,1046900
2023-03-03,84.67,84.79,83.86,84.22,1179500
2023-03-06,84.0,84.4,83.47,83.6,1496600
2023-03-07,83.58,84.14,83.080002,83.67,1578800
2023-03-08,83.67,83.69,82.82,83.65,1393400
2023-03-09,84.07,84.58,83.25,83.63,1073600
2023-03-10,83.89,84.26,83.43,83.88,1727200
2023-03-13,84.07,85.79,84.019997,84.41,1406200
2023-03-14,84.54,85.07,84.0,84.77,1014400
2023-03-15,84.68,86.43,84.46,86.19,1440700
2023-03-16,86.45,86.56,85.3,85.96,1276600
2023-03-17,86.12,86.5,85.029999,85.46,2425400
2023-03-20,86.080002,86.44,85.33,85.72,1424600
2023-03-21,85.56,85.89,83.98,84.54,1481200
2023-03-22,84.54,85.54,84.16,84.23,1502400
2023-03-23,84.17,85.41,84.099998,84.32,1025800
2023-03-24,84.87,86.22,84.75,85.98,829200
2023-03-27,86.42,86.81,85.86,86.059998,906200
2023-03-28,86.3,86.75,86.07,86.4,908600
2023-03-29,86.44,86.83,86.3,86.74,908300
2023-03-30,86.55,86.85,86.019997,86.84,880400
2023-03-31,86.9,88.6,86.88,88.41,1362800
2023-04-03,88.019997,89.12,87.88,88.87,1363200
2023-04-04,89.19,89.85,88.69,88.83,947300
2023-04-05,89.26,90.49,89.14,89.71,1671800
2023-04-06,90.089996,90.67,89.71,90.61,1264700
2023-04-10,90.25,90.69,89.58,90.54,1070500
2023-04-11,90.63,90.98,90.44,90.59,705700
2023-04-12,90.2,90.75,89.71,89.76,1110600
2023-04-13,89.8,90.14,88.98,89.66,1269200
2023-04-14,89.13,89.46,88.4,88.54,1102600
2023-04-17,88.94,90.029999,88.49,89.95,997200
2023-04-18,89.61,89.93,89.019997,89.4,887600
2023-04-19,89.46,89.59,88.82,89.52,909800
2023-04-20,90.15,90.72,89.3,90.24,1020700
2023-04-21,91.0,91.62,90.78,91.61,1514400
2023-04-24,91.19,92.44,91.019997,91.86,1318700
2023-04-25,92.36,93.3,91.67,92.48,1159700
2023-04-26,91.62,92.56,91.28,92.0,1446900
2023-04-27,93.93,98.22,93.91,97.3,2442700
2023-04-28,97.73,98.12,96.94,97.12,2458500
2023-05-01,96.77,97.25,95.93,96.66,2666900
2023-05-02,96.71,97.18,95.94,97.019997,1834400
2023-05-03,97.15,98.33,97.0,97.43,1810500
2023-05-04,97.51,97.99,96.68,97.66,1591400
2023-05-05,97.12,98.18,97.11,97.53,1114700
2023-05-08,97.089996,97.39,96.48,96.61,1402300
2023-05-09,96.95,96.95,95.89,95.94,1970500
2023-05-10,95.8,96.5,95.72,96.21,1517500
2023-05-11,96.44,96.79,95.98,96.38,1454700
2023-05-12,96.059998,96.9,96.059998,96.86,1162200
2023-05-15,97.25,97.48,95.91,96.12,1199900
2023-05-16,95.98,95.98,95.11,95.67,1725500
2023-05-17,95.76,95.89,94.3,94.79,1612300
2023-05-18,94.25,94.66,93.5,94.54,1665800
2023-05-19,94.83,95.22,94.48,95.029999,1817900
2023-05-22,94.71,95.64,94.59,94.79,1652300
2023-05-23,94.28,94.72,93.74,93.92,1494100
2023-05-24,93.84,94.19,93.41,93.68,1059000
2023-05-25,93.5,93.86,92.95,93.49,1421400
2023-05-26,93.27,94.28,93.17,93.97,1774300
2023-05-30,93.12,93.69,91.67,91.72,1218100
2023-05-31,91.93,92.62,91.45,92.45,7182600
2023-06-01,92.67,93.2,92.050003,92.75,1314700
2023-06-02,92.15,93.82,92.080002,93.81,1084800
2023-06-05,93.79,94.87,93.79,94.65,869100
2023-06-06,94.93,95.19,92.44,92.9,950500
2023-06-07,92.4,92.78,91.81,92.51,1202300
2023-06-08,92.94,93.94,92.75,93.85,945200
2023-06-09,93.53,94.32,93.46,94.099998,1105000
2023-06-12,94.47,94.54,93.42,94.19,1046400
2023-06-13,93.67,94.97,93.53,94.95,1548800
2023-06-14,95.059998,95.65,94.76,95.37,902100
2023-06-15,95.89,96.099998,95.27,95.84,1183700
2023-06-16,96.040001,96.98,96.0,96.16,1903300
2023-06-20,96.29,96.63,94.41,94.43,1281500
2023-06-21,95.31,96.59,94.67,96.35,1570000
2023-06-22,96.92,97.83,96.88,97.55,1787700
2023-06-23,97.74,97.97,96.88,97.12,5221400
2023-06-26,97.010002,97.65,95.93,97.42,2235900
2023-06-27,97.27,98.81,97.19,98.78,1389900
2023-06-28,98.26,98.89,97.61,98.47,2181500
2023-06-29,98.2,99.11,97.72,98.97,1454100
2023-06-30,99.17,100.39,99.17,100.23,1457400
2023-07-03,100.2,100.49,99.62,100.2,1187800
2023-07-05,100.0,100.38,99.55,99.92,1065900
2023-07-06,99.46,100.52,99.22,100.23,1315500
2023-07-07,99.99,100.040001,98.66,98.97,1517300
2023-07-10,99.27,99.85,98.080002,98.29,909200
2023-07-11,98.28,98.52,97.11,97.8,1061800
2023-07-12,97.7,98.47,97.44,98.25,770300
2023-07-13,97.95,98.45,97.45,98.019997,728500
2023-07-14,98.040001,98.94,97.62,98.82,693100
2023-07-17,98.73,98.96,98.0,98.39,700500
2023-07-18,98.38,99.26,97.83,98.18,1011400
2023-07-19,98.35,98.56,97.35,98.27,1716700
2023-07-20,97.98,98.050003,96.029999,97.24,1767100
2023-07-21,97.3,98.65,97.3,98.13,1306900
2023-07-24,98.07,98.34,97.65,98.080002,976100
2023-07-25,98.37,98.37,97.19,97.97,1261700
2023-07-26,97.93,98.34,97.3,97.91,1268200
2023-07-27,97.88,98.23,95.84,95.95,2559000
2023-07-28,97.019997,98.4,95.95,97.15,1787700
2023-07-31,97.37,97.5,94.69,95.67,3309000
2023-08-01,95.8,96.66,95.8,96.37,1177100
2023-08-02,96.55,97.56,95.92,96.78,1418600
2023-08-03,97.12,97.22,95.099998,95.11,1576400
2023-08-04,94.93,95.35,94.38,94.63,1142800
2023-08-07,94.65,95.79,94.65,95.68,906800
2023-08-08,96.15,96.15,95.24,95.5,1392500
2023-08-09,95.51,96.75,95.45,96.050003,1095700
2023-08-10,96.39,97.18,95.31,95.55,1338800
2023-08-11,95.83,96.43,95.47,95.99,1172400
2023-08-14,95.94,96.43,94.96,95.16,996300
2023-08-15,94.96,95.080002,94.040001,94.19,766500
2023-08-16,94.07,94.49,93.36,93.61,1099100
2023-08-17,93.8,93.92,92.13,92.17,1251100
2023-08-18,91.83,93.18,91.38,93.089996,1312200
2023-08-21,92.72,93.040001,91.93,92.45,928100
2023-08-22,92.23,93.18,91.88,92.71,913400
2023-08-23,93.010002,93.48,91.99,92.49,773400
2023-08-24,92.49,93.77,92.38,92.84,773000
2023-08-25,93.24,93.55,92.88,93.3,701400
2023-08-28,94.61,94.85,93.96,94.44,957900
2023-08-29,94.42,95.55,93.84,95.44,1004500
2023-08-30,95.38,96.17,95.38,96.010002,964400
2023-08-31,96.099998,97.050003,95.84,96.77,2718900
2023-09-01,96.91,97.32,96.029999,96.26,1481100
2023-09-05,95.95,96.31,94.78,95.17,1144100
2023-09-06,95.27,95.78,93.92,94.12,1511700
2023-09-07,94.64,97.2,94.64,96.52,1629000
2023-09-08,96.25,96.8,95.46,95.67,971800
2023-09-11,96.93,96.93,95.82,96.32,778800
2023-09-12,96.48,96.61,95.019997,95.3,747300
2023-09-13,95.32,95.85,94.95,95.7,1134800
2023-09-14,95.69,95.85,94.94,95.6,1242100
2023-09-15,95.57,96.54,95.059998,95.22,2230500
2023-09-18,95.64,95.64,94.88,95.15,852500
2023-09-19,94.96,95.67,93.93,94.84,989100
2023-09-20,95.19,95.69,94.79,95.11,841100
2023-09-21,95.099998,95.59,94.79,95.019997,1133800
2023-09-22,94.88,95.47,94.46,94.69,837700
2023-09-25,94.6,94.73,93.51,93.84,685500
2023-09-26,93.91,93.91,93.040001,93.080002,1047300
2023-09-27,93.07,93.43,91.6,91.97,1099500
2023-09-28,92.28,92.38,91.56,91.89,1503100
2023-09-29,92.28,92.54,91.32,91.63,1158500
2023-10-02,91.47,91.99,91.18,91.65,1191300
2023-10-03,91.55,92.12,90.75,90.97,1174600
2023-10-04,91.12,92.099998,90.52,92.050003,1380500
2023-10-05,91.57,91.92,90.13,90.23,1503900
2023-10-06,90.07,90.12,85.73,85.99,4247000
2023-10-09,85.92,86.9,85.14,86.64,2178400
2023-10-10,87.32,88.47,86.83,88.15,1989600
2023-10-11,88.099998,88.33,86.71,87.65,1687600
2023-10-12,87.64,87.69,85.75,86.089996,1577900
2023-10-13,86.3,87.72,86.15,87.7,1341700
2023-10-16,88.3,89.68,87.68,88.94,1420800
2023-10-17,88.73,89.34,88.12,89.12,1102600
2023-10-18,89.66,90.84,89.39,90.25,1443500
2023-10-19,90.54,90.78,89.16,89.6,1082000
2023-10-20,89.9,90.56,89.41,90.12,1759600
2023-10-23,90.64,91.71,90.13,91.050003,2175000
2023-10-24,91.029999,92.14,90.89,91.58,1850700
2023-10-25,91.36,92.74,91.040001,92.24,1729600
2023-10-26,92.2,93.13,91.81,92.22,1509600
2023-10-27,91.78,92.54,89.87,90.11,1274500
2023-10-30,90.73,91.12,89.73,90.76,1215000
2023-10-31,91.13,91.31,90.36,90.94,1842900
2023-11-01,91.37,91.37,90.029999,90.27,1852600
2023-11-02,90.88,91.97,90.5,91.96,2378400
2023-11-03,85.3,86.86,82.25,86.8,4526200
2023-11-06,86.81,87.69,86.23,86.88,2165500
2023-11-07,86.67,88.91,86.41,88.71,2443400
2023-11-08,88.98,89.42,88.37,88.62,2049300
2023-11-09,88.89,89.88,88.46,89.65,1848300
2023-11-10,89.78,89.93,89.099998,89.72,1372600
2023-11-13,89.51,91.16,89.050003,90.93,1580500
2023-11-14,91.11,92.019997,90.75,91.78,1736100
2023-11-15,91.83,92.67,91.51,91.65,1726900
2023-11-16,91.65,93.16,91.64,92.88,1539600
2023-11-17,93.080002,93.080002,92.019997,92.4,1773600
2023-11-20,92.040001,92.21,91.2,91.45,1709100
2023-11-21,91.82,93.36,91.3,92.82,1295500
2023-11-22,93.24,94.13,93.24,94.099998,1270300
2023-11-24,94.019997,94.84,93.43,94.83,695700
2023-11-27,94.47,95.28,94.37,95.25,1231800
2023-11-28,95.48,95.9,94.88,95.099998,1837600
2023-11-29,95.2,95.45,94.5,94.66,1602300
2023-11-30,94.48,96.68,93.69,96.63,3966400
2023-12-01,96.54,96.88,95.07,95.37,1490500
2023-12-04,94.68,95.94,94.42,95.099998,1308600
2023-12-05,94.86,94.92,93.16,93.49,1337600
2023-12-06,93.13,94.13,92.92,93.53,1630300
2023-12-07,93.61,94.33,92.98,94.15,915100
2023-12-08,93.91,93.91,92.56,92.94,963100
2023-12-11,93.28,93.56,92.63,93.36,971900
2023-12-12,93.64,94.46,93.27,94.46,1049100
2023-12-13,93.3,95.12,91.51,94.97,1620400
2023-12-14,94.61,94.77,91.3,91.36,2178900
2023-12-15,90.69,91.74,90.26,91.5,2904600
2023-12-18,92.3,93.050003,91.44,92.93,951000
2023-12-19,92.84,93.37,92.34,92.72,1257100
2023-12-20,92.43,93.13,91.39,91.42,1153200
2023-12-21,91.87,92.23,90.69,91.79,1166900
2023-12-22,92.019997,92.57,91.47,91.9,813700
2023-12-26,92.0,92.58,91.58,92.28,778600
2023-12-27,92.13,93.0,91.83,92.98,828900
2023-12-28,93.080002,94.18,92.8,93.99,1046600
2023-12-29,94.0,94.64,93.97,94.56,1196600
2024-01-02,94.37,95.72,94.27,94.57,1419700
2024-01-03,95.050003,95.050003,93.59,93.95,1230200
2024-01-04,94.040001,94.86,93.7,94.52,1162600
2024-01-05,94.55,94.55,93.32,93.87,1056000
2024-01-08,94.18,94.4,93.45,94.37,1244600
2024-01-09,94.33,96.010002,93.91,95.98,1372900
2024-01-10,95.92,96.69,95.82,96.48,1165500
2024-01-11,96.55,97.72,96.080002,97.54,1324100
2024-01-12,97.87,98.019997,96.96,97.65,984800
2024-01-16,97.67,98.22,97.14,98.16,1408800
2024-01-17,98.27,99.43,98.050003,98.7,1369400
2024-01-18,98.059998,98.71,97.51,97.83,1262100
2024-01-19,98.040001,98.040001,96.72,96.93,1430800
2024-01-22,96.7,98.059998,96.55,97.62,1260700
2024-01-23,98.0,99.92,98.0,99.51,1295800
2024-01-24,98.66,99.050003,97.07,97.099998,1194200
2024-01-25,97.42,98.099998,97.07,98.07,1134300
2024-01-26,98.2,99.14,97.98,99.12,1201000
2024-01-29,99.36,99.84,99.11,99.6,1814300
2024-01-30,100.0,100.77,99.33,100.5,1504400
2024-01-31,100.79,101.0,99.37,99.85,1850700
2024-02-01,99.9,101.79,99.28,101.78,2111100
2024-02-02,101.76,103.21,98.45,99.37,2343800
2024-02-05,100.0,100.93,99.26,100.18,2771300
2024-02-06,100.4,101.3,99.95,100.16,1931700
2024-02-07,100.74,101.75,99.97,100.75,1981800
2024-02-08,100.47,101.0,99.75,99.94,1385100
2024-02-09,99.84,100.080002,98.15,98.83,1377200
2024-02-12,98.59,98.8,97.6,98.58,1370100
2024-02-13,98.83,99.44,97.33,97.88,1308200
2024-02-14,97.65,97.87,96.089996,97.0,1372600
2024-02-15,97.45,98.07,96.96,97.39,883700
2024-02-16,97.89,98.49,96.85,97.78,1321400
2024-02-20,98.34,99.27,97.85,98.050003,1019700
2024-02-21,98.18,99.19,98.099998,98.61,707400
2024-02-22,98.019997,99.73,97.029999,99.64,1032400
2024-02-23,100.39,100.73,99.35,100.4,1164200
2024-02-26,100.38,100.89,100.17,100.42,838700
2024-02-27,100.050003,100.71,99.15,99.89,891700
2024-02-28,99.9,100.48,99.59,100.12,767800
2024-02-29,100.099998,100.65,99.54,100.12,1597700
2024-03-01,100.22,100.34,99.12,100.28,956200
2024-03-04,99.7,101.22,99.46,100.94,1056900
2024-03-05,101.080002,102.34,100.59,101.91,1575800
2024-03-06,101.62,103.040001,101.62,102.44,1050900
2024-03-07,102.62,104.24,102.14,104.12,1367600
2024-03-08,103.74,104.76,103.11,104.12,954100
2024-03-11,104.77,105.3,103.44,103.85,1318500
2024-03-12,103.61,105.019997,103.38,104.5,897600
2024-03-13,105.0,105.67,104.059998,105.42,1122500
2024-03-14,104.99,105.38,103.91,104.38,1037000
2024-03-15,102.92,104.34,102.87,104.34,1892100
2024-03-18,104.099998,105.27,104.099998,104.26,907200
2024-03-19,104.87,105.080002,104.12,104.86,1255600
2024-03-20,104.85,104.88,102.88,103.010002,1190600
2024-03-21,102.79,104.19,102.28,103.88,1047200
2024-03-22,104.13,104.82,103.61,104.6,762800
2024-03-25,104.7,104.8,102.9,102.99,1011200
2024-03-26,103.49,103.75,102.8,102.84,1251900
2024-03-27,103.51,104.47,103.29,104.21,981300
2024-03-28,104.65,104.7,103.89,104.31,1731300
2024-04-01,103.92,105.15,103.53,105.019997,1505300
2024-04-02,105.0,105.46,104.080002,104.64,1477100
2024-04-03,104.49,104.87,102.93,103.16,1786900
2024-04-04,103.6,104.019997,102.050003,102.099998,1469300
2024-04-05,101.92,102.46,101.43,102.0,1075000
2024-04-08,101.67,102.14,101.4,101.49,1092600
2024-04-09,101.79,102.019997,100.66,101.89,819200
2024-04-10,101.55,102.89,101.52,102.58,1170000
2024-04-11,103.13,103.13,101.51,101.58,1242100
2024-04-12,101.24,102.16,100.7,101.080002,1164600
2024-04-15,101.79,102.37,101.29,101.58,1218500
2024-04-16,102.040001,103.77,102.040001,103.25,1520500
2024-04-17,103.7,104.0,102.82,103.49,1414800
2024-04-18,103.75,103.91,102.48,103.2,809900
2024-04-19,103.099998,104.61,102.099998,104.35,1103900
2024-04-22,104.97,106.62,104.5,105.95,1243800
2024-04-23,107.029999,107.42,105.8,106.71,1053800
2024-04-24,106.010002,107.56,105.27,107.35,912800
2024-04-25,107.78,108.099998,106.7,107.25,898500
2024-04-26,107.019997,107.85,106.31,106.32,1037600
2024-04-29,106.41,107.040001,105.94,106.91,1544600
2024-04-30,107.040001,107.92,106.45,107.89,1620000
2024-05-01,107.54,108.68,106.059998,106.26,1977900
2024-05-02,106.089996,106.58,103.41,105.88,2024700
2024-05-03,105.22,106.32,103.92,106.11,1283900
2024-05-06,106.17,106.61,105.11,105.41,1224800
2024-05-07,106.11,107.17,105.73,106.93,972600
2024-05-08,107.63,107.72,106.33,106.78,1041500
2024-05-09,106.98,107.54,106.37,107.050003,882500
2024-05-10,107.12,107.58,106.81,107.31,680700
2024-05-13,107.3,107.76,106.65,107.15,911400
2024-05-14,106.54,106.98,105.34,106.83,1215900
2024-05-15,106.43,107.37,106.35,107.18,844200
2024-05-16,107.46,107.91,106.57,106.68,1015100
2024-05-17,106.8,106.8,106.029999,106.39,829700
2024-05-20,106.37,106.63,105.84,106.51,705900
2024-05-21,106.95,107.31,106.46,107.059998,843300
2024-05-22,106.88,107.4,106.55,107.31,597200
2024-05-23,107.080002,107.73,106.36,106.42,799400
2024-05-24,106.65,107.0,106.050003,106.47,770800
2024-05-28,105.62,106.059998,103.9,104.16,1631100
2024-05-29,104.07,104.07,103.2,103.31,1797100
2024-05-30,103.32,104.63,102.91,104.36,1071000
2024-05-31,104.36,107.18,104.32,107.010002,2658900
2024-06-03,106.6,108.19,106.6,107.29,1502800
2024-06-04,107.72,108.34,107.31,108.11,1106300
2024-06-05,107.84,107.92,106.7,107.71,952500
2024-06-06,107.76,108.26,107.4,107.91,796200
2024-06-07,107.91,108.58,107.26,107.38,830800
2024-06-10,107.12,107.77,105.93,107.72,1169400
2024-06-11,107.53,107.97,106.64,107.93,1438800
2024-06-12,107.63,107.67,105.71,106.39,1517800
2024-06-13,106.6,106.8,105.89,106.48,1304600
2024-06-14,106.15,107.76,106.029999,107.7,1313000
2024-06-17,107.23,109.46,106.89,109.3,1080400
2024-06-18,109.040001,110.31,108.78,109.91,1084300
2024-06-20,109.66,110.26,108.69,108.91,1011200
2024-06-21,109.45,110.13,108.61,108.93,1736700
2024-06-24,108.73,108.73,106.95,107.48,1578200
2024-06-25,107.0,107.0,104.59,104.85,1808500
2024-06-26,104.15,105.72,103.68,104.48,1530000
2024-06-27,104.63,104.67,103.79,104.010002,1486200
2024-06-28,104.010002,104.27,102.85,103.68,6988900
2024-07-01,104.11,105.34,103.71,104.87,1786300
2024-07-02,104.75,105.59,103.99,105.44,1362000
2024-07-03,105.44,105.66,105.040001,105.53,831600
2024-07-05,105.72,106.77,105.28,106.59,998700
2024-07-08,106.66,106.66,104.82,105.58,1378700
2024-07-09,105.32,105.52,104.17,104.61,1221700
2024-07-10,105.07,105.46,104.39,104.85,1666700
2024-07-11,104.75,106.11,103.57,103.74,1894500
2024-07-12,104.07,104.92,104.019997,104.17,1115600
2024-07-15,104.089996,104.47,101.099998,101.18,1924200
2024-07-16,101.61,103.46,101.58,102.33,1256200
2024-07-17,102.5,104.32,102.49,103.72,1681100
2024-07-18,103.53,104.48,101.94,102.17,1703500
2024-07-19,102.8,103.69,102.24,102.61,1190100
2024-07-22,101.95,102.019997,99.3,100.64,1937300
2024-07-23,100.97,101.23,100.050003,100.21,1480000
2024-07-24,100.080002,100.98,99.27,100.35,1087300
2024-07-25,100.48,101.9,99.82,99.85,1130500
2024-07-26,100.050003,102.050003,99.37,101.38,1273400
2024-07-29,101.3,102.26,100.77,101.59,1349800
2024-07-30,98.36,99.62,97.65,99.43,2005400
2024-07-31,99.48,99.55,97.66,98.010002,3040100
2024-08-01,98.37,100.24,97.88,100.010002,2346400
2024-08-02,96.94,99.93,96.35,98.53,3855900
2024-08-05,99.0,100.89,98.73,99.92,2867900
2024-08-06,100.11,102.28,99.93,101.32,1735400
2024-08-07,101.31,102.8,100.75,101.59,1495200
2024-08-08,101.13,102.45,101.059998,102.21,1097700
2024-08-09,102.25,102.59,101.23,102.25,1451000
2024-08-12,101.83,101.87,99.96,100.81,1120300
2024-08-13,100.87,101.22,99.76,100.18,1709800
2024-08-14,99.98,100.79,99.98,100.48,811800
2024-08-15,100.64,101.019997,99.010002,99.99,965100
2024-08-16,99.95,100.19,99.059998,100.010002,1843900
2024-08-19,99.91,100.59,99.78,100.16,1143100
2024-08-20,99.98,101.65,99.81,101.63,1170200
2024-08-21,101.57,102.84,101.57,102.38,816900
2024-08-22,103.15,103.28,102.41,102.64,923700
2024-08-23,102.64,102.89,101.21,102.16,865800
2024-08-26,102.0,102.76,101.74,101.81,760900
2024-08-27,101.97,102.029999,100.75,101.15,847200
2024-08-28,101.9,101.9,100.64,101.57,1044500
2024-08-29,101.75,101.78,100.65,100.77,724400
2024-08-30,100.92,101.98,100.84,101.88,1437800
2024-09-03,101.96,105.72,101.78,105.29,1888600
2024-09-04,105.51,106.48,105.080002,106.22,1501300
2024-09-05,106.25,106.47,104.81,105.49,1861500
2024-09-06,105.58,106.22,104.86,105.18,1350300
2024-09-09,104.24,105.63,103.55,105.6,1948000
2024-09-10,105.58,106.61,104.42,105.94,1449000
2024-09-11,105.64,105.99,102.79,103.26,1489200
2024-09-12,103.019997,103.81,102.22,103.55,1257700
2024-09-13,103.32,104.25,102.97,104.040001,1034900
2024-09-16,104.3,105.33,104.3,105.22,1114200
2024-09-17,104.099998,105.089996,103.67,103.82,1303600
2024-09-18,103.7,104.14,101.89,102.61,1522600
2024-09-19,102.39,103.16,101.56,101.58,1159500
2024-09-20,101.59,103.84,101.59,103.4,4692100
2024-09-23,102.88,104.15,102.51,103.52,1428000
2024-09-24,103.58,104.61,103.0,103.14,1573600
2024-09-25,103.99,104.24,102.82,102.94,904800
2024-09-26,102.66,103.67,102.21,102.91,1497100
2024-09-27,103.080002,104.48,102.94,104.39,1359000
2024-09-30,105.099998,105.44,104.13,104.72,1482200
2024-10-01,104.6,105.15,103.74,104.48,1826400
2024-10-02,104.51,104.74,102.76,103.26,1107400
2024-10-03,103.13,103.32,101.26,101.34,1537200
2024-10-04,100.72,101.34,100.4,101.040001,1037100
2024-10-07,101.3,101.3,99.029999,99.089996,1470000
2024-10-08,99.0,100.23,98.63,100.080002,1102500
2024-10-09,100.38,101.029999,100.050003,100.63,923800
2024-10-10,100.78,101.059998,99.91,100.22,948100
2024-10-11,100.36,101.66,100.12,101.61,1119700
2024-10-14,101.96,103.35,101.42,103.16,1040100
2024-10-15,103.81,105.15,103.55,104.35,1332800
2024-10-16,103.31,104.8,102.99,104.66,1059500
2024-10-17,104.87,105.39,104.040001,104.95,1052200
2024-10-18,104.93,105.15,103.79,104.34,1520100
2024-10-21,104.16,104.78,103.31,103.91,939700
2024-10-22,103.019997,103.6,101.84,102.69,1183000
2024-10-23,102.56,102.73,101.65,102.56,891400
2024-10-24,103.019997,103.38,102.23,102.62,1044300
2024-10-25,102.19,102.79,100.51,100.84,1159800
2024-10-28,101.3,101.59,100.54,101.050003,1737000
2024-10-29,100.69,101.43,100.18,100.63,1378000
2024-10-30,100.59,100.88,100.099998,100.52,1298500
2024-10-31,100.38,101.53,99.83,99.91,2716600
2024-11-01,105.75,106.029999,102.91,104.75,2960200
2024-11-04,103.83,105.31,102.5,102.96,2407600
2024-11-05,102.81,104.16,102.56,104.14,1587000
2024-11-06,105.38,106.19,102.65,103.21,3047900
2024-11-07,103.63,104.63,102.49,103.91,1442400
2024-11-08,104.62,106.97,104.22,106.45,1421500
2024-11-11,106.57,107.89,106.29,107.71,1575900
2024-11-12,108.0,108.68,107.21,107.99,1542400
2024-11-13,108.13,108.39,107.099998,107.26,1160800
2024-11-14,107.050003,108.5,106.63,107.88,1263300
2024-11-15,107.9,109.52,107.16,109.019997,1951800
2024-11-18,108.7,110.41,108.31,110.29,1361700
2024-11-19,110.080002,111.45,109.81,110.92,1648600
2024-11-20,110.9,111.75,110.32,111.29,2195500
2024-11-21,111.84,112.85,110.91,112.25,1808300
2024-11-22,112.94,113.5,111.75,111.9,1712400
2024-11-25,112.44,113.0,110.25,110.41,2535600
2024-11-26,110.91,111.23,109.62,110.38,1254600
2024-11-27,110.93,111.71,110.059998,110.36,1054000
2024-11-29,109.92,110.58,109.35,110.13,965200
2024-12-02,110.88,113.44,110.0,111.24,2076300
2024-12-03,111.29,111.48,109.69,109.96,1055500
2024-12-04,109.25,110.0,108.41,109.89,1058900
2024-12-05,109.43,110.81,109.0,109.16,1836200
2024-12-06,109.040001,109.92,107.11,107.21,1818900
2024-12-09,107.0,107.07,105.58,105.89,1474400
2024-12-10,105.89,107.38,105.48,107.059998,1604800
2024-12-11,107.37,109.13,105.45,105.58,1211300
2024-12-12,106.46,107.16,105.29,105.41,996400
2024-12-13,105.52,105.9,104.98,105.64,927000
2024-12-16,105.67,107.34,105.67,105.82,1463900
2024-12-17,105.5,107.029999,105.21,105.8,1407500
2024-12-18,105.3,106.76,104.81,105.86,2221700
2024-12-19,105.5,106.51,104.79,105.85,1991200
2024-12-20,105.84,106.57,104.95,106.099998,3432000
2024-12-23,106.099998,106.46,104.78,105.43,814000
2024-12-24,105.3,106.53,105.040001,106.46,369300
2024-12-26,105.97,107.029999,105.82,106.74,656700
2024-12-27,105.91,107.31,105.67,105.94,762500
2024-12-30,105.39,105.67,104.010002,104.62,733500
2024-12-31,104.88,105.42,104.32,104.71,814600
2025-01-02,105.080002,105.16,103.64,103.84,1231100
2025-01-03,103.98,105.099998,103.080002,104.64,1094300
2025-01-06,103.78,104.54,101.52,101.67,1515500
2025-01-07,102.24,102.96,102.019997,102.8,1658500
2025-01-08,102.63,102.97,101.85,102.57,1608700
2025-01-10,101.46,102.7,100.86,101.42,1537800
2025-01-13,102.050003,102.89,100.99,102.86,2021400
2025-01-14,103.029999,105.39,102.86,105.28,2150700
2025-01-15,105.57,105.57,102.28,103.44,1548600
2025-01-16,103.54,106.51,103.42,106.27,1662600
2025-01-17,106.7,107.089996,105.95,106.47,1712800
2025-01-21,106.95,107.47,106.080002,106.66,1230000
2025-01-22,108.0,108.050003,106.19,106.7,1474300
2025-01-23,106.41,106.65,105.010002,106.29,1584200
2025-01-24,106.23,106.68,105.29,106.25,1208400
2025-01-27,108.16,109.57,107.55,109.39,1552800
2025-01-28,109.019997,109.67,107.11,107.53,1265600
2025-01-29,107.4,107.88,106.52,106.77,1500100
2025-01-30,107.71,107.77,106.040001,107.12,1928800
2025-01-31,107.0,107.0,104.78,105.52,3425100
2025-02-03,105.010002,107.37,104.9,106.43,2514100
2025-02-04,105.89,106.52,104.94,105.98,1622000
2025-02-05,106.28,107.45,105.46,107.19,1533400
2025-02-06,107.9,107.99,104.9,105.4,1337800
2025-02-07,105.12,105.26,104.3,105.019997,855100
2025-02-10,104.78,104.95,103.86,104.55,1086500
2025-02-11,104.79,104.93,103.74,104.88,1222800
2025-02-12,104.28,106.49,104.28,105.95,1438200
2025-02-13,106.2,107.89,105.93,107.53,1230200
2025-02-14,107.019997,107.22,104.98,105.0,1723600
2025-02-18,104.17,104.73,103.22,103.86,1237500
2025-02-19,104.34,105.059998,103.92,104.36,1094700
2025-02-20,103.2,104.56,103.14,104.43,1727100
2025-02-21,104.15,105.58,103.029999,105.33,1978500
2025-02-24,104.86,108.8,104.86,107.59,1706600
2025-02-25,108.39,111.2,108.35,110.57,2470400
2025-02-26,109.98,110.0,108.42,108.59,1874400
2025-02-27,108.0,109.73,107.21,109.37,988800
2025-02-28,110.62,111.36,109.16,111.2,1949200
2025-03-03,110.84,112.14,110.059998,112.059998,1728200
2025-03-04,113.0,114.6,110.6,110.71,1583600
2025-03-05,110.83,112.24,110.24,110.66,1563900
2025-03-06,110.66,111.7,110.010002,110.89,1716400
2025-03-07,110.75,113.85,110.3,112.33,1696800
2025-03-10,113.39,116.46,112.94,113.2,2232400
2025-03-11,112.75,113.28,111.55,112.19,1535400
2025-03-12,110.23,110.77,108.56,109.029999,1540400
2025-03-13,109.089996,110.4,108.69,109.76,2196900
2025-03-14,108.95,109.54,108.17,109.099998,938200
2025-03-17,108.85,110.24,108.56,109.32,1616100
2025-03-18,109.059998,109.19,107.25,107.38,1207100
2025-03-19,107.22,108.24,106.8,108.029999,1413800
2025-03-20,107.99,108.44,107.11,108.07,1391200
2025-03-21,108.35,109.17,106.57,107.15,2538700
2025-03-24,106.8,107.92,105.95,106.9,1424400
2025-03-25,106.87,107.099998,104.23,104.73,1084000
2025-03-26,104.84,106.55,104.84,106.31,1187300
2025-03-27,107.39,108.54,106.35,108.39,1051500
2025-03-28,109.07,109.49,108.16,109.11,1138400
2025-03-31,109.51,110.22,108.93,110.089996,3010300
2025-04-01,110.59,111.0,108.38,109.47,1518100
2025-04-02,109.65,110.040001,107.74,108.32,2056300
2025-04-03,109.78,112.35,109.38,110.76,2597000
2025-04-04,111.68,113.91,105.87,106.089996,3154300
2025-04-07,103.61,106.17,101.89,102.55,3061300
2025-04-08,104.019997,104.84,100.91,101.6,2387200
2025-04-09,100.83,104.64,100.0,101.91,2203300
2025-04-10,102.56,104.63,101.24,103.77,2262700
2025-04-11,103.12,105.23,102.059998,104.35,1524300
2025-04-14,104.54,106.21,103.16,105.58,1684300
2025-04-15,106.95,107.050003,104.25,105.07,2307400
2025-04-16,105.63,106.12,102.56,102.96,1236400
2025-04-17,103.5,105.87,103.089996,105.37,1703900
2025-04-21,105.0,105.53,102.38,103.14,2038700
2025-04-22,103.16,104.21,101.76,103.85,2022800
2025-04-23,102.95,103.63,100.58,102.13,2938400
2025-04-24,101.050003,101.56,99.25,100.21,2662800
2025-04-25,101.089996,101.29,98.35,99.31,2777200
2025-04-28,99.16,99.79,98.35,98.81,2754500
2025-04-29,98.18,99.27,97.54,99.010002,2568200
2025-04-30,99.99,100.040001,97.7,99.34,3142900
2025-05-01,92.99,93.93,91.77,92.38,4640800
2025-05-02,92.75,93.99,92.31,92.94,3110400
2025-05-05,93.28,93.65,91.92,92.78,1976900
2025-05-06,91.69,92.54,91.080002,92.07,2060500
2025-05-07,92.010002,92.72,91.55,91.99,2089300
2025-05-08,91.68,93.47,91.44,92.18,2017500
2025-05-09,91.78,92.43,91.44,91.57,1892500
2025-05-12,91.25,95.45,90.99,95.18,3965100
2025-05-13,94.84,94.93,93.12,94.099998,3675500
2025-05-14,93.66,93.83,92.050003,93.16,2539100
2025-05-15,93.25,94.64,92.61,94.56,1908300
2025-05-16,94.64,95.94,94.25,95.82,2058100
2025-05-19,95.82,96.22,95.34,95.97,2250000
2025-05-20,95.85,96.93,95.62,96.85,2410500
2025-05-21,96.17,96.96,95.46,95.83,2062800
2025-05-22,95.41,96.029999,94.47,95.21,2431000
2025-05-23,95.45,96.11,94.67,95.94,1816000
2025-05-27,96.16,98.07,95.93,97.89,2790000
2025-05-28,98.26,99.16,97.75,97.96,2340800
2025-05-29,97.6,98.88,97.33,98.14,2304100
2025-05-30,98.17,99.15,97.89,98.31,4911600
2025-06-02,98.42,100.22,97.9,99.040001,2658600
2025-06-03,98.7,99.95,97.59,99.54,3754100
2025-06-04,99.59,100.69,98.97,99.63,2171700
2025-06-05,99.61,99.61,98.71,98.99,1687500
2025-06-06,99.15,99.83,98.56,99.07,1550100
2025-06-09,98.64,99.5,97.84,98.71,2143400
2025-06-10,98.77,99.68,98.2,99.36,2152300
2025-06-11,99.19,99.58,98.61,99.099998,1409400
2025-06-12,98.99,99.2,98.029999,99.080002,1730300
2025-06-13,98.52,99.55,96.92,97.089996,2129100
2025-06-16,97.44,98.72,97.3,97.79,2117900
2025-06-17,97.0,97.13,95.86,96.16,2848400
2025-06-18,95.76,96.7,95.71,95.89,3076900
2025-06-20,95.65,97.040001,95.38,96.43,4741900
2025-06-23,96.23,97.11,95.52,96.95,2010100
2025-06-24,96.97,97.2,95.66,96.019997,1843000
2025-06-25,95.63,95.63,94.51,95.25,2033300
2025-06-26,95.58,96.18,94.58,94.97,2057500
2025-06-27,94.99,95.5,94.49,94.78,3093600
2025-06-30,94.65,96.34,94.64,96.11,2824400
2025-07-01,96.23,98.019997,95.49,97.64,2415000
2025-07-02,97.69,98.18,97.13,98.029999,1608900
2025-07-03,98.26,98.69,97.37,98.41,1204900
2025-07-07,98.32,98.87,97.8,98.58,2389900
2025-07-08,97.9,98.35,97.35,98.040001,1723600
2025-07-09,98.059998,98.55,97.57,98.39,2472600
2025-07-10,98.39,99.86,98.14,99.089996,1603200
2025-07-11,98.71,99.21,97.23,98.050003,1425800
2025-07-14,97.050003,97.32,96.12,97.07,1822900
2025-07-15,96.67,97.040001,95.46,95.51,2036900
2025-07-16,95.93,96.36,95.28,96.31,2043500
2025-07-17,97.099998,97.65,96.38,97.029999,1271000
2025-07-18,96.72,97.31,96.18,96.6,1983000
2025-07-21,96.45,97.28,96.17,96.49,2034600
2025-07-22,96.71,98.78,96.68,98.11,1840600
2025-07-23,98.3,98.4,96.77,97.059998,2294200
2025-07-24,97.48,97.9,96.91,97.28,2411900
2025-07-25,97.18,97.61,96.059998,97.23,1652700
2025-07-28,96.83,97.2,95.59,95.68,3007100
2025-07-29,95.94,97.36,95.34,96.76,2035000
2025-07-30,96.67,97.15,95.42,95.95,2216800
2025-07-31,95.29,95.55,93.31,93.77,4360100
2025-08-01,93.0,94.37,92.040001,94.010002,4729700
2025-08-04,93.3,94.17,91.29,91.5,2882900
2025-08-05,91.16,92.42,91.13,91.14,2475700
2025-08-06,91.13,92.8,90.83,92.5,2253400
2025-08-07,92.77,93.29,92.0,92.63,1988900
2025-08-08,92.41,93.059998,90.51,90.92,1670300
2025-08-11,91.019997,92.019997,90.99,91.66,2470700
2025-08-12,91.74,92.29,91.32,92.25,2308900
2025-08-13,92.15,94.38,92.040001,93.69,2390600
2025-08-14,93.2,93.38,92.37,92.6,1588400
2025-08-15,92.89,93.15,92.11,92.48,1962200
2025-08-18,92.62,94.07,92.38,92.8,2252200
2025-08-19,93.050003,94.2,92.68,94.059998,2275900
2025-08-20,94.54,95.89,93.85,94.91,1741300
2025-08-21,94.53,95.050003,94.019997,94.96,1778400
2025-08-22,95.39,95.98,94.54,95.019997,1717000
2025-08-25,94.74,95.080002,92.74,92.75,2429100
2025-08-26,92.72,92.85,91.7,92.38,2463800
2025-08-27,92.42,93.12,92.42,93.029999,1225900
2025-08-28,92.79,92.96,91.9,92.089996,1511200
2025-08-29,92.62,93.39,92.089996,93.16,1364300
2025-09-02,93.46,94.029999,92.73,93.25,1971400
2025-09-03,92.85,93.44,92.0,93.28,1603400
2025-09-04,93.25,95.41,93.25,95.23,1532900
2025-09-05,94.95,96.53,94.89,95.8,2928400
2025-09-08,95.4,95.42,93.99,94.58,2223300
2025-09-09,94.37,95.2,94.029999,94.91,1281100
2025-09-10,94.36,94.36,92.24,93.0,1884300
2025-09-11,93.2,94.67,93.019997,94.42,1270600
2025-09-12,93.95,94.51,92.94,92.94,1480200
2025-09-15,93.040001,93.28,91.040001,91.25,2270000
2025-09-16,91.25,91.88,91.19,91.52,2036800
2025-09-17,91.87,92.94,91.62,92.0,1754800
2025-09-18,91.17,92.43,91.050003,92.07,1586300
2025-09-19,91.89,92.099998,90.22,90.35,4641500
2025-09-22,90.37,90.55,86.65,86.68,3331600
2025-09-23,86.79,87.5,85.67,87.19,2570500
2025-09-24,86.89,87.32,86.32,86.86,2264900
2025-09-25,87.54,87.61,85.61,85.84,1817300
2025-09-26,86.080002,86.77,85.84,86.7,2198000
2025-09-29,86.4,86.57,85.080002,86.17,2676100
2025-09-30,86.0,87.88,85.79,87.63,2433200
2025-10-01,87.72,88.52,87.089996,87.92,2071400
2025-10-02,87.59,88.63,87.26,88.4,1676300
2025-10-03,88.18,88.84,87.76,87.9,1184800
2025-10-06,87.92,89.16,87.74,88.89,2352000
2025-10-07,88.9,90.52,88.23,90.010002,2282100
2025-10-08,89.81,90.64,88.7,88.92,1621400
2025-10-09,88.6,88.74,87.53,87.62,1256300
2025-10-10,87.85,88.8,87.3,87.7,2208900
2025-10-13,86.66,87.31,86.080002,86.52,2033300
2025-10-14,86.99,87.18,86.14,86.93,1400800
2025-10-15,86.31,86.88,86.14,86.38,1612600
2025-10-16,86.5,87.73,86.31,87.25,2560800
2025-10-17,87.87,88.59,87.28,88.48,1604900
2025-10-20,88.45,88.59,87.099998,88.080002,1990900
2025-10-21,87.45,88.23,87.11,87.99,2228500
2025-10-22,88.24,89.69,87.84,88.12,1681000
2025-10-23,88.059998,88.059998,86.2,86.71,1869900
2025-10-24,87.73,88.5,85.67,85.89,2268300
2025-10-27,85.7,86.099998,85.13,85.64,2139700
2025-10-28,85.4,85.69,84.25,84.26,1898100
2025-10-29,83.74,83.81,81.69,81.84,2518900
2025-10-30,82.48,83.43,81.33,81.8,4243600
2025-10-31,86.97,88.18,84.010002,87.69,6606000
2025-11-03,87.37,87.47,84.65,86.28,3685000
2025-11-04,86.67,86.78,85.37,86.6,2366900
2025-11-05,86.33,86.71,85.93,86.67,1991900
2025-11-06,86.21,87.44,86.12,86.21,1344800
2025-11-07,86.84,87.46,86.099998,86.86,2504900
2025-11-10,86.11,86.47,84.099998,84.64,2799000
2025-11-11,85.080002,86.15,84.75,85.51,1970400
2025-11-12,85.13,86.010002,84.66,85.38,2113500
2025-11-13,85.96,85.97,84.89,84.94,1962300
2025-11-14,85.059998,85.49,83.93,84.099998,2473200
2025-11-17,83.72,84.13,82.98,83.019997,2284000
2025-11-18,83.37,83.9,82.48,82.89,2422500
2025-11-19,83.010002,83.39,82.29,82.52,1786100
2025-11-20,82.0,83.81,81.8,83.34,2287100
2025-11-21,83.76,85.11,83.24,84.019997,3073700
2025-11-24,83.75,83.96,82.3,82.74,4216000
2025-11-25,82.89,84.3,82.89,84.16,2312300
2025-11-26,83.72,84.86,83.57,84.55,1906600
2025-11-28,84.29,85.3,84.21,85.16,1054000
2025-12-01,84.88,85.11,84.2,84.58,2746600
2025-12-02,83.9,84.47,82.97,83.54,3269400
2025-12-03,83.67,84.86,83.47,83.91,1884100
2025-12-04,83.91,84.35,83.37,83.95,2155600
2025-12-05,83.72,84.9,83.51,84.52,2645900
2025-12-08,83.78,84.14,81.49,81.6,3288700
2025-12-09,81.61,83.84,81.61,82.63,3726800
2025-12-10,83.099998,85.050003,82.93,83.31,4126500
2025-12-11,83.83,84.24,83.13,83.57,2797300
2025-12-12,83.76,85.32,83.43,84.61,2414500
2025-12-15,84.89,85.29,84.65,85.010002,2739700
2025-12-16,85.29,85.49,83.88,84.55,2213500
2025-12-17,85.93,87.77,85.84,86.52,2295700
2025-12-18,86.24,86.9,85.050003,85.07,2610800
2025-12-19,85.13,85.24,84.39,85.080002,4448100
2025-12-22,84.21,84.75,83.89,84.24,2048400
2025-12-23,84.089996,85.44,83.89,85.25,1544300
2025-12-24,85.13,85.59,85.010002,85.46,516200
2025-12-26,85.41,86.040001,85.050003,85.39,928000
2025-12-29,85.59,85.73,85.22,85.34,1778500
2025-12-30,85.12,85.14,84.31,84.44,1381500
2025-12-31,84.21,84.73,83.8,83.85,1044000
2026-01-02,83.52,83.85,82.4,82.64,1644700
2026-01-05,82.26,84.24,81.57,84.11,2876600
2026-01-06,83.71,85.8,83.0,85.52,2681800
2026-01-07,85.7,86.0,83.81,83.88,2231700
2026-01-08,83.55,86.49,83.52,85.86,2333100
2026-01-09,85.73,85.99,84.81,85.78,1538500
2026-01-12,85.8,86.72,85.17,86.66,2876900
2026-01-13,86.99,89.0,86.88,87.97,3343400
2026-01-14,88.080002,90.25,87.93,90.16,2770500
2026-01-15,89.44,90.47,88.88,90.43,2132800
2026-01-16,89.98,91.13,88.92,90.61,2497000
2026-01-20,90.59,92.57,90.39,92.15,4609000
2026-01-21,92.0,92.41,90.79,91.76,3082200
2026-01-22,91.9,93.93,91.68,92.95,4897000
2026-01-23,93.059998,94.18,92.059998,92.43,1800800
2026-01-26,92.57,93.050003,91.56,91.93,2586100
2026-01-27,91.75,92.63,91.16,92.33,2205100
2026-01-28,92.0,92.57,91.14,91.48,2689600
2026-01-29,91.62,92.44,91.18,91.96,3540400
2026-01-30,96.46,98.63,94.059998,96.25,4994300
2026-02-02,97.28,98.050003,95.82,97.34,3421900
2026-02-03,96.24,99.35,96.13,98.77,2584200
2026-02-04,98.81,101.19,98.79,100.59,3071200
2026-02-05,101.94,102.19,99.74,100.6,2605900
2026-02-06,100.019997,101.53,100.019997,100.53,1946600
2026-02-09,100.38,100.59,98.21,98.42,2061400
2026-02-10,98.3,99.83,97.81,98.97,1716100
2026-02-11,98.68,101.0,98.21,100.46,2218900
2026-02-12,100.56,102.12,99.94,100.0,1895800
2026-02-13,100.19,101.82,99.18,101.45,2774200
2026-02-17,101.6,102.49,99.58,99.89,1705500
2026-02-18,99.43,102.92,99.43,102.67,2849000
2026-02-19,102.79,103.55,102.28,103.25,2078800
2026-02-20,103.07,103.43,101.92,103.080002,1741400
2026-02-23,102.66,105.75,102.66,105.26,1667900
2026-02-24,105.36,106.040001,104.3,105.080002,1472900
2026-02-25,104.24,104.53,102.23,103.63,1841100
2026-02-26,104.28,104.28,102.91,103.67,1420500
2026-02-27,103.67,105.3,103.11,104.86,2271300
2026-03-02,104.089996,104.58,102.79,103.95,1802000
2026-03-03,103.12,103.63,101.67,103.019997,1669800
2026-03-04,102.94,103.059998,101.64,102.47,1686800
2026-03-05,101.74,101.74,99.68,99.86,2137400
2026-03-06,99.010002,100.8,98.32,100.7,1341200
2026-03-09,99.94,102.51,99.58,102.25,2634700
2026-03-10,101.53,102.42,100.83,101.13,2183100
2026-03-11,100.57,100.78,98.83,99.67,2053100
2026-03-12,99.27,101.71,98.54,99.16,2482300
2026-03-13,100.24,100.24,97.22,97.75,2154000
2026-03-16,98.51,98.83,97.58,98.22,1670900
2026-03-17,98.89,99.040001,96.91,97.31,2031200
2026-03-18,96.080002,96.63,95.65,95.74,2410900
2026-03-19,95.41,96.25,94.48,94.58,2359400
2026-03-20,94.5,95.18,93.67,94.69,4780600
2026-03-23,95.6,95.77,94.51,94.65,2032400
2026-03-24,94.18,95.080002,93.54,93.87,2030500
2026-03-25,94.62,95.5,92.87,94.38,1801100
2026-03-26,94.25,94.71,93.13,93.22,1837400
2026-03-27,93.28,95.31,92.81,94.69,2406400
2026-03-30,94.98,95.13,93.53,93.91,1733600
2026-03-31,94.059998,94.059998,91.94,93.32,1947000
2026-04-01,92.5,93.52,91.35,92.85,2021300
2026-04-02,93.010002,93.56,91.81,92.85,1573400
2026-04-06,92.85,93.47,92.099998,93.13,1725800
2026-04-07,93.050003,93.38,92.050003,92.55,1944400
2026-04-08,93.0,94.31,92.47,94.2,2825200
2026-04-09,93.4,96.83,92.68,96.16,1945400
2026-04-10,96.24,96.62,95.26,95.42,1316400
2026-04-13,95.6,95.93,93.64,95.029999,1279800
2026-04-14,94.39,95.89,94.39,95.53,2559100
2026-04-15,95.29,95.79,94.029999,94.63,1606800
2026-04-16,94.15,95.26,93.88,94.54,1767900
2026-04-17,94.41,97.07,94.41,96.88,1719000
2026-04-20,96.76,97.13,95.99,96.55,1550900
2026-04-21,96.53,96.8,93.19,93.21,2004700
2026-04-22,93.31,93.54,91.79,92.9,1829200
2026-04-23,93.21,94.71,92.9,94.58,1557100
2026-04-24,95.41,95.97,94.97,95.019997,2133800
2026-04-27,96.34,96.34,94.66,95.4,1764900
2026-04-28,96.46,98.18,96.11,97.080002,1915800
2026-04-29,96.36,97.67,95.64,96.2,1805000
2026-04-30,96.61,97.52,96.35,97.059998,3046700
2026-05-01,98.48,100.62,94.48,96.019997,3604100
2026-05-04,94.52,94.73,92.19,92.89,2828900
2026-05-05,93.0,94.29,90.66,93.53,2590000
2026-05-06,94.21,95.98,93.76,94.96,1709600
2026-05-07,94.58,94.67,93.28,93.88,1518700
2026-05-08,94.15,94.38,93.029999,93.44,1620800
2026-05-11,93.3,93.3,90.050003,90.72,1736100
2026-05-12,91.54,93.71,90.6,93.51,2583000
2026-05-13,93.0,95.91,92.99,95.089996,3043000
2026-05-14,96.019997,96.82,94.32,94.65,1860500
2026-05-15,94.98,95.010002,93.4,94.050003,1923500
2026-05-18,94.19,96.97,94.19,96.78,2728800
2026-05-19,96.94,97.74,95.53,95.75,1509900
2026-05-20,95.75,96.72,94.87,96.12,1583400
2026-05-21,95.62,96.3,94.19,95.64,1234300
2026-05-22,96.07,96.62,95.58,96.25,1038300
2026-05-26,96.11,97.58,95.81,96.67,1881100
2026-05-27,97.59,99.47,97.13,98.010002,1767400
2026-05-28,97.76,98.19,97.0,97.63,1665900
2026-05-29,97.32,98.010002,95.58,95.63,3334300
2026-06-01,95.57,96.0,94.37,95.3,2169800
2026-06-02,95.53,96.39,95.099998,96.14,2234800
2026-06-03,96.2,96.2,92.72,92.89,2434300
2026-06-04,94.66,95.3,92.57,94.12,2546300
2026-06-05,94.81,98.029999,94.2,96.74,2157000
2026-06-08,95.82,96.34,95.010002,95.35,1465400
2026-06-09,95.58,97.11,94.75,97.029999,1532800
2026-06-10,98.0,98.78,97.25,98.19,1728200
2026-06-11,98.010002,98.45,96.96,97.080002,1488300
2026-06-12,97.42,97.64,96.13,97.56,1359100
2026-06-15,97.9,98.78,96.51,98.32,1891200
2026-06-16,98.85,100.12,97.97,98.42,1877400
2026-06-17,98.010002,98.74,96.39,97.41,2388600
2026-06-18,98.14,98.57,95.59,95.63,5476600
2026-06-22,95.2,95.73,93.67,93.74,1969500
2026-06-23,95.55,96.83,95.0,96.48,1884600
2026-06-24,97.31,99.41,96.91,98.67,1950900
2026-06-25,98.050003,100.0,97.089996,98.15,1832900
2026-06-26,99.14,99.8,98.22,99.58,2545900
2026-06-29,98.67,98.86,96.059998,97.9,2361800
2026-06-30,97.059998,97.54,96.0,96.88,2203800
2026-07-01,97.17,97.76,96.31,97.21,1294500
2026-07-02,98.010002,98.94,96.65,98.6,1444700
2026-07-06,98.07,98.26,96.59,97.45,1582500
2026-07-07,99.28,100.49,98.36,98.95,1548500
2026-07-08,97.97,97.97,95.97,96.17,2076100
2026-07-09,95.61,96.36,94.63,95.67,1770100
2026-07-10,96.050003,97.040001,95.72,96.36,1368800
2026-07-13,97.31,98.56,95.94,97.16,1558000
2026-07-14,96.029999,96.55,94.3,95.41,1536500
2026-07-15,95.25,97.56,95.0,97.14,1993700
2026-07-16,98.0,99.12,97.64,99.12,1529800
2026-07-17,99.97,100.93,97.17,98.07,1733100
2026-07-20,97.5,97.98,97.059998,97.79,1316800
2026-07-21,96.6,97.6,95.080002,95.75,1481000
2026-07-22,96.66,97.17,95.96,97.13,1589800
2026-07-23,96.010002,96.75,95.010002,96.19,1520700
2026-07-24,96.45,97.76,96.23,97.64,1193800
2026-07-27,97.91,99.58,97.9,98.7,1246100
2026-07-28,100.73,101.68,99.57,99.93,2269100
2026-07-29,98.040001,100.059998,97.44,99.86,2438200
2026-07-30,98.35,99.040001,97.42,97.68,3897600
2026-07-31,95.71,99.79,94.88,98.81,2657000
2026-08-03,100.49,102.24,99.61,100.010002,1932300
2026-08-04,99.75,103.45,99.099998,103.0,2197600
2026-08-05,103.2,103.88,102.24,103.64,2561000
2026-08-06,104.0,104.31,102.26,103.36,1825000
2026-08-07,103.059998,103.66,102.38,103.24,1743900
2026-08-10,102.36,103.66,101.050003,103.3,1761300
2026-08-11,102.46,103.41,102.27,102.78,1522600
2026-08-12,101.19,102.31,100.019997,101.24,1404200
2026-08-13,102.010002,102.78,100.76,101.32,1297500
2026-08-14,100.96,101.41,100.25,101.3,1426500
2026-08-17,100.080002,100.44,97.42,97.98,2140500
2026-08-18,98.92,99.84,98.22,99.13,1490900
2026-08-19,99.84,101.24,98.91,99.010002,1510600
2026-08-20,98.44,99.32,97.07,97.41,1950700
2026-08-21,97.64,98.9,96.27,98.8,1623100
2026-08-24,99.64,102.56,99.64,102.53,1866600
2026-08-25,102.089996,102.57,101.35,102.56,1199800
2026-08-26,102.6,103.11,101.97,102.86,1884200
2026-08-27,101.32,103.23,101.010002,102.37,1578600
2026-08-28,102.52,102.69,101.080002,101.26,1244500
2026-08-31,100.81,101.34,99.7,99.78,2320000
2026-09-01,99.96,101.3,99.040001,99.43,2032100
2026-09-02,99.38,100.54,98.63,99.32,1503300
2026-09-03,99.32,99.63,98.04,98.575,87027
