date,open,high,low,close,volume
2006-10-18,14.0625,14.175,14.0,14.0625,1184000
2006-10-19,14.05,14.49,14.025,14.44,2700800
2006-10-20,14.4375,14.595,14.3675,14.5625,3644400
2006-10-23,14.5625,14.735,14.5125,14.6375,1651600
2006-10-24,14.6375,14.68,14.425,14.4875,1512400
2006-10-25,14.47,14.675,14.4125,14.6375,1168800
2006-10-26,14.575,14.73,14.5125,14.6775,1207200
2006-10-27,14.6525,14.6525,14.4625,14.4625,744400
2006-10-30,14.4375,14.49,14.35,14.4525,1451200
2006-10-31,14.45,14.465,14.3625,14.4075,819600
2006-11-01,14.4,14.5675,14.3675,14.4075,2167600
2006-11-02,14.3825,14.3825,14.155,14.1975,3021200
2006-11-03,14.1625,14.1975,13.71,13.7725,3958800
2006-11-06,13.75,13.8775,13.3875,13.8375,1434800
2006-11-07,13.775,13.795,13.5875,13.6425,2244800
2006-11-08,13.6,13.675,13.46,13.4725,1974000
2006-11-09,13.45,13.595,13.3875,13.465,2116400
2006-11-10,13.4375,14.4175,13.28,13.355,3204000
2006-11-13,13.2875,13.425,13.225,13.4175,2249600
2006-11-14,13.445,13.5375,13.325,13.4625,1599200
2006-11-15,13.4575,13.495,13.415,13.455,1902800
2006-11-16,13.475,13.5225,13.4225,13.505,1099200
2006-11-17,13.4625,13.5,13.405,13.4125,1296800
2006-11-20,13.375,13.43,13.325,13.39,806000
2006-11-21,13.3775,13.4275,13.3575,13.395,851200
2006-11-22,13.4,13.525,13.395,13.495,653600
2006-11-24,13.45,13.5,13.4125,13.45,169600
2006-11-27,13.425,13.5,13.4,13.465,1432800
2006-11-28,13.4125,13.4625,13.295,13.4,1491200
2006-11-29,13.5,13.55,13.4375,13.4925,1052400
2006-11-30,13.495,13.535,13.4375,13.4925,1318000
2006-12-01,13.4925,13.5725,13.475,13.5325,1410800
2006-12-04,13.5325,13.615,13.5,13.5375,1322400
2006-12-05,13.5,13.5125,13.2725,13.2875,2867600
2006-12-06,13.25,13.53,13.2125,13.4325,2360800
2006-12-07,13.4125,13.6525,13.375,13.435,1589200
2006-12-08,13.4625,13.51,13.385,13.3975,2540400
2006-12-11,13.45,13.45,13.1325,13.1675,3423600
2006-12-12,12.7625,12.875,12.2375,12.3625,15281600
2006-12-13,10.775,11.225,10.6875,11.1475,34665200
2006-12-14,11.15,11.2075,11.0325,11.0475,6377200
2006-12-15,11.15,11.2325,11.1,11.21,4712800
2006-12-18,11.025,11.1425,10.985,11.0050001,6102800
2006-12-19,10.975,11.285,10.975,11.255,4774800
2006-12-20,11.265,11.4125,11.1875,11.375,3592000
2006-12-21,11.4,11.44,11.1975,11.365,3318400
2006-12-22,11.4075,11.41,11.19,11.2675,1733600
2006-12-26,11.28,11.4025,11.135,11.3575,1296400
2006-12-27,11.3175,11.3175,11.2125,11.25,1922000
2006-12-28,11.25,11.2525,11.12,11.1425,2076800
2006-12-29,11.1375,11.21,11.105,11.125,2018800
2007-01-03,10.9775,11.05,10.88,10.9475,3044400
2007-01-04,11.0050001,11.7225,11.0050001,11.4025,14148400
2007-01-05,11.2725,11.8775,11.2725,11.7525,8536400
2007-01-08,11.715,11.9075,11.4925,11.6875,4836400
2007-01-09,11.6575,11.6575,11.485,11.565,2253200
2007-01-10,11.5875,12.995,11.4975,12.8475,21937200
2007-01-11,13.015,13.25,12.7575,12.86,11499200
2007-01-12,12.875,13.0125,12.8275,12.91,3238400
2007-01-16,12.865,12.9525,12.7175,12.87,4499600
2007-01-17,12.87,12.875,12.4875,12.6625,5353200
2007-01-18,12.6375,12.6375,12.3675,12.5475,3862800
2007-01-19,12.65,12.675,12.4975,12.52,3483600
2007-01-22,11.375,11.91,11.3725,11.7075,11230800
2007-01-23,11.7475,11.955,11.625,11.9,4946000
2007-01-24,11.9125,11.9175,11.7925,11.9025,2539600
2007-01-25,11.905,12.0675,11.8175,11.9775,4224000
2007-01-26,11.935,11.9625,11.7625,11.7925,2818000
2007-01-29,11.8175,11.8325,11.565,11.685,2828800
2007-01-30,11.765,11.7725,11.6075,11.67,2008400
2007-01-31,11.66,11.94,11.6225,11.925,3529200
2007-02-01,12.0,12.25,11.975,12.075,3091200
2007-02-02,12.03,12.185,11.995,12.09,2395200
2007-02-05,12.0275,12.075,11.835,11.9375,3087600
2007-02-06,11.9375,11.9875,11.6225,11.8025,3706800
2007-02-07,11.79,11.825,11.52,11.5825,4154400
2007-02-08,11.595,11.715,11.5325,11.665,2446800
2007-02-09,11.6825,11.755,11.5825,11.5875,1513600
2007-02-12,11.59,11.6,11.465,11.5125,2498000
2007-02-13,11.5125,11.5775,11.435,11.52,2432000
2007-02-14,11.52,11.69,11.4875,11.535,4584000
2007-02-15,11.5475,11.6375,11.4625,11.6025,4489200
2007-02-16,11.6,11.6625,11.3875,11.6625,5265600
2007-02-20,11.655,11.8,11.4775,11.725,4586800
2007-02-21,11.7225,11.9375,11.7125,11.8525,4110000
2007-02-22,11.9175,11.97,11.6525,11.7775,1905600
2007-02-23,11.7775,11.8625,11.625,11.795,2614000
2007-02-26,11.8125,11.8325,11.6075,11.6175,3586800
2007-02-27,11.6,11.61,11.3625,11.5,2544400
2007-02-28,11.4675,11.615,11.3,11.4775,2546000
2007-03-01,11.4725,11.9525,11.335,11.4925,2461600
2007-03-02,11.5025,11.5725,11.4375,11.5,2678800
2007-03-05,11.48,11.6025,11.1,11.4625,2836400
2007-03-06,11.505,11.5125,10.975,11.3275,4116800
2007-03-07,11.295,11.4325,11.2075,11.3125,2620400
2007-03-08,11.3375,11.465,11.2725,11.4275,2641200
2007-03-09,12.0024996,12.24,11.46,11.955,10003200
2007-03-12,11.8775,12.1,11.685,11.7475,4250000
2007-03-13,11.7025,11.7525,11.505,11.535,2040000
2007-03-14,11.5125,11.6925,11.3875,11.6525,2030800
2007-03-15,11.7025,11.78,11.625,11.7075,1242400
2007-03-16,11.73,11.75,11.5725,11.64,1654000
2007-03-19,11.7025,11.7725,11.575,11.6475,2188000
2007-03-20,11.6875,11.8575,11.585,11.8275,2602800
2007-03-21,11.89,11.92,11.6575,11.815,2554800
2007-03-22,11.86,12.0225,11.7875,12.02,2110800
2007-03-23,11.9775,12.2125,11.955,12.1575,2588000
2007-03-26,12.1575,12.2275,12.0875,12.13,2648400
2007-03-27,12.165,12.2875,11.985,12.1525,2271200
2007-03-28,12.15,12.275,12.105,12.18,1692000
2007-03-29,12.2075,12.26,12.09,12.15,1982400
2007-03-30,12.1875,12.2275,12.11,12.155,1163200
2007-04-02,12.2,12.2525,12.13,12.2125,1555200
2007-04-03,12.15,12.36,12.15,12.2575,2480000
2007-04-04,12.22,12.265,12.0525,12.1875,1466000
2007-04-05,12.155,12.4325,12.13,12.42,1242800
2007-04-09,12.4,12.4925,12.2425,12.485,1503200
2007-04-10,12.415,12.48,12.265,12.365,3140000
2007-04-11,12.45,12.7225,12.4375,12.6325,2901200
2007-04-12,12.6,12.7,12.5575,12.68,3033200
2007-04-13,12.69,12.9125,12.5025,12.59,2598400
2007-04-16,12.5825,12.675,12.5075,12.5625,3197200
2007-04-17,12.5875,12.6125,12.535,12.5925,831600
2007-04-18,12.5525,12.6475,12.4025,12.5275,1190800
2007-04-19,12.4775,12.51,12.3825,12.47,885600
2007-04-20,12.525,12.5275,12.3575,12.475,2066400
2007-04-23,12.4925,12.565,12.3975,12.445,2640800
2007-04-24,12.44,12.4525,12.275,12.3275,1938000
2007-04-25,12.355,12.43,12.29,12.39,993200
2007-04-26,12.4,12.6075,12.33,12.565,1715200
2007-04-27,12.6375,12.86,12.6125,12.835,2363600
2007-04-30,12.89,12.9375,12.705,12.775,2683200
2007-05-01,12.7625,12.8825,12.5075,12.825,3331600
2007-05-02,12.8725,13.11,12.8575,13.0325,2894000
2007-05-03,12.99,13.125,12.91,13.06,1673600
2007-05-04,13.175,13.2125,12.835,12.9875,2337600
2007-05-07,12.9975,13.0125,12.825,12.945,720800
2007-05-08,12.8825,12.895,12.5775,12.815,3845200
2007-05-09,12.8175,12.89,12.67,12.795,1547600
2007-05-10,12.815,12.8375,12.555,12.75,1290000
2007-05-11,12.725,12.7375,12.61,12.64,1070800
2007-05-14,12.5775,12.6125,12.4575,12.5325,1314000
2007-05-15,12.5125,12.75,12.5125,12.635,1632800
2007-05-16,13.2025,13.4075,12.9575,13.355,6544400
2007-05-17,13.355,13.395,13.2825,13.3125,2601600
2007-05-18,13.285,13.3675,13.165,13.325,2021200
2007-05-21,13.9825,14.14,13.6125,13.75,4805600
2007-05-22,13.8275,13.97,13.765,13.8725,4965200
2007-05-23,13.8125,13.8675,13.535,13.5625,2230000
2007-05-24,13.6875,13.845,13.6,13.6875,4482800
2007-05-25,13.7225,13.7925,13.6725,13.7175,2400400
2007-05-29,13.75,13.7575,13.4725,13.7225,3356000
2007-05-30,13.71,13.9125,13.6125,13.8925,3801200
2007-05-31,13.86,13.875,13.6175,13.785,2401600
2007-06-01,13.785,13.8925,13.7,13.8625,2511200
2007-06-04,13.8825,14.02,13.63,13.7325,3654000
2007-06-05,13.575,13.68,13.3175,13.525,3742400
2007-06-06,12.96,13.76,12.9,13.535,12914800
2007-06-07,13.4175,13.48,13.235,13.2925,4264800
2007-06-08,13.25,13.3575,13.25,13.325,1344800
2007-06-11,13.2725,13.465,13.1975,13.4025,2557200
2007-06-12,13.295,13.475,13.265,13.405,3085600
2007-06-13,13.235,13.5575,13.235,13.4525,2719200
2007-06-14,13.39,13.5825,13.39,13.48,1656000
2007-06-15,13.49,13.59,13.49,13.5375,1407200
2007-06-18,13.5875,13.5875,13.4675,13.4675,893600
2007-06-19,13.49,13.64,13.49,13.5975,1158000
2007-06-20,13.5975,13.685,13.46,13.53,1850800
2007-06-21,13.53,13.6575,13.41,13.6,2806800
2007-06-22,13.5475,13.7325,13.4975,13.515,2906000
2007-06-25,13.56,13.6,13.33,13.395,1966400
2007-06-26,13.4575,13.535,13.2575,13.37,1765600
2007-06-27,13.37,13.4725,13.28,13.385,1289200
2007-06-28,13.3825,13.5225,13.2875,13.3525,1740800
2007-06-29,13.415,13.4625,13.175,13.33,1423600
2007-07-02,13.3275,13.385,13.11,13.385,1317200
2007-07-03,13.3775,13.52,13.3275,13.37,844400
2007-07-05,13.315,13.8575,13.2275,13.6275,2938400
2007-07-06,13.575,13.75,13.5475,13.7125,1990800
2007-07-09,13.6925,13.8375,13.575,13.8275,1263600
2007-07-10,13.715,13.77,13.485,13.5275,1054800
2007-07-11,13.5275,13.815,13.5275,13.5825,1405200
2007-07-12,13.5825,13.6775,13.4125,13.605,1561200
2007-07-13,13.56,13.56,13.24,13.445,1448800
2007-07-16,13.365,13.3975,13.16,13.3525,1721200
2007-07-17,13.3275,13.5175,13.2075,13.2875,1136800
2007-07-18,13.3925,13.3925,13.0125,13.2125,1172800
2007-07-19,13.3,13.515,13.185,13.5025,2368800
2007-07-20,13.495,13.5675,13.355,13.38,1512000
2007-07-23,13.3625,13.37,13.1875,13.315,1207600
2007-07-24,13.25,13.3825,13.1775,13.2775,1121200
2007-07-25,13.325,13.39,13.24,13.2675,1103200
2007-07-26,13.1325,13.1675,12.875,13.0475,1994400
2007-07-27,13.0625,13.1025,12.875,12.8975,1223200
2007-07-30,12.84,12.925,12.75,12.8625,2006800
2007-07-31,12.8625,12.9575,12.4525,12.5325,2065200
2007-08-01,12.4675,13.0125,12.4675,12.9325,1849200
2007-08-02,12.9775,13.235,12.9625,13.1875,2374800
2007-08-03,13.24,13.5075,13.19,13.3025,2077600
2007-08-06,13.75,14.2475,13.3125,13.48,2606400
2007-08-07,13.475,13.675,13.3075,13.6425,3176400
2007-08-08,13.875,14.215,13.63,13.8625,5080800
2007-08-09,13.725,14.4,13.6,13.845,7338400
2007-08-10,13.445,13.8125,13.255,13.35,4359600
2007-08-13,13.375,13.5375,13.0,13.24,3186000
2007-08-14,13.25,13.25,12.9675,12.9825,1191200
2007-08-15,13.205,13.6,12.8625,12.9125,2449200
2007-08-16,12.825,12.87,12.4825,12.6575,3715200
2007-08-17,12.75,12.9275,12.4925,12.8,2335600
2007-08-20,12.85,13.12,12.805,12.965,1354000
2007-08-21,12.88,13.215,12.745,13.1525,2169200
2007-08-22,13.1675,13.2125,12.9,12.9875,914800
2007-08-23,12.9625,12.9875,12.255,12.475,4242000
2007-08-24,12.51,12.6675,12.435,12.5475,1574800
2007-08-27,12.5475,12.6975,12.4625,12.5825,1569200
2007-08-28,12.59,12.6375,12.415,12.415,1004000
2007-08-29,12.535,12.5625,12.295,12.375,1751600
2007-08-30,12.355,12.3725,12.185,12.2225,2523200
2007-08-31,12.22,12.37,11.9875,12.19,2920400
2007-09-04,12.26,12.2775,12.0575,12.175,3160400
2007-09-05,12.1125,12.485,12.1025,12.375,2092800
2007-09-06,12.425,12.6125,12.3775,12.4225,3759200
2007-09-07,12.5225,12.8925,12.38,12.6375,7997600
2007-09-10,12.705,12.9975,12.6575,12.945,3264400
2007-09-11,12.96,13.1025,12.8975,13.01,2136000
2007-09-12,13.045,13.34,12.9775,13.205,2789200
2007-09-13,13.2175,13.285,12.955,12.9825,1394000
2007-09-14,12.98,12.9875,12.8325,12.9625,963600
2007-09-17,12.9575,12.9575,12.605,12.7925,1218800
2007-09-18,12.885,13.0,12.56,12.86,1856000
2007-09-19,12.9025,13.23,12.9025,13.01,1178800
2007-09-20,13.03,13.1425,12.97,13.035,645600
2007-09-21,13.035,13.085,12.8425,13.02,1307200
2007-09-24,13.0275,13.07,12.8175,13.0175,1189200
2007-09-25,12.9275,13.35,12.89,13.2575,2963600
2007-09-26,13.265,13.62,13.265,13.5575,1343200
2007-09-27,13.605,13.9725,13.345,13.4425,5274800
2007-09-28,13.475,13.6175,13.045,13.105,1955600
2007-10-01,13.1775,13.2525,13.06,13.1025,1474400
2007-10-02,13.0525,13.14,12.9275,13.0375,1460000
2007-10-03,13.04,13.3825,12.88,13.03,1542000
2007-10-04,12.7475,12.845,12.46,12.5975,2955600
2007-10-05,12.595,12.8525,12.51,12.5775,1432400
2007-10-08,12.5775,12.58,12.3175,12.395,2470000
2007-10-09,11.8925,12.0,11.35,11.8575,10340400
2007-10-10,11.9225,11.9975,11.8075,11.9425,4587200
2007-10-11,11.9025,11.915,11.66,11.7425,3437200
2007-10-12,11.6475,11.695,11.2975,11.4525,4805200
2007-10-15,11.45,11.545,11.3025,11.325,3453200
2007-10-16,11.315,11.335,11.0825,11.1675,3109200
2007-10-17,11.19,11.3925,11.1425,11.2225,3162000
2007-10-18,11.225,11.2775,11.0,11.1875,2369200
2007-10-19,11.15,11.2275,11.05,11.2275,2154800
2007-10-22,11.1875,11.3425,11.14,11.3425,2209600
2007-10-23,11.3725,11.425,11.2725,11.35,3529200
2007-10-24,11.3325,11.3325,10.9625,11.0375,2600000
2007-10-25,10.975,11.0,10.475,10.6625,4940800
2007-10-26,10.7275,10.775,10.625,10.7075,2089600
2007-10-29,10.6775,10.68,10.3875,10.59,4306000
2007-10-30,10.525,10.625,10.3875,10.55,2874000
2007-10-31,10.54,10.655,10.395,10.5,3280400
2007-11-01,10.45,10.7925,10.45,10.625,2893200
2007-11-02,10.6375,11.0050001,10.51,10.935,2796000
2007-11-05,10.8775,11.05,10.765,10.9675,2523200
2007-11-06,10.9575,10.9825,10.6775,10.795,2006800
2007-11-07,10.665,11.0125,10.665,10.9175,1790400
2007-11-08,10.985,11.0175,10.8,10.9825,2485200
2007-11-09,10.955,11.0425,10.8,10.9675,1348000
2007-11-12,10.97,11.0,10.7675,10.8975,1270400
2007-11-13,11.0525,11.0525,10.6275,10.8525,2572000
2007-11-14,10.8675,11.1575,10.745,11.145,3290800
2007-11-15,11.1675,11.235,10.9125,10.985,2148400
2007-11-16,10.995,11.0024996,10.8825,10.9175,1308800
2007-11-19,10.875,11.0425,10.74,10.77,1590000
2007-11-20,10.7675,10.785,10.545,10.6425,3104400
2007-11-21,10.4425,10.5775,10.425,10.425,2708400
2007-11-23,10.415,10.625,10.3925,10.5475,962000
2007-11-26,10.5075,10.56,10.405,10.4525,1488800
2007-11-27,10.4875,10.6125,10.28,10.475,1839600
2007-11-28,10.4775,10.665,10.265,10.5475,5908800
2007-11-29,10.5775,10.9375,10.475,10.7675,3454000
2007-11-30,10.8875,10.9875,10.6875,10.7575,2807200
2007-12-03,10.78,10.9075,10.63,10.8575,2084800
2007-12-04,10.8375,11.0375,10.7275,10.91,2451600
2007-12-05,10.8975,10.9425,10.7625,10.84,4837200
2007-12-06,10.8,10.8425,10.57,10.69,2580400
2007-12-07,10.7075,10.8175,10.63,10.6825,2852800
2007-12-10,10.7075,10.7375,10.565,10.6575,2654800
2007-12-11,10.7225,10.8625,10.565,10.635,1964400
2007-12-12,9.3625,9.9325,9.2875,9.865,19927600
2007-12-13,9.825,9.9425,9.57,9.695,6706400
2007-12-14,9.7225,9.745,9.6,9.675,4494400
2007-12-17,9.6825,9.6825,9.545,9.6,4261600
2007-12-18,9.625,9.635,9.375,9.4525,5214000
2007-12-19,9.455,9.5875,9.25,9.365,3606800
2007-12-20,9.38,9.4725,9.24,9.32,2425200
2007-12-21,9.33,9.35,9.17,9.255,2894400
2007-12-24,9.255,9.625,9.2275,9.25,791600
2007-12-26,9.2575,9.415,9.255,9.3625,1825600
2007-12-27,9.3375,9.405,9.275,9.33,2340000
2007-12-28,9.34,9.4675,9.2625,9.4,1436000
2007-12-31,9.4575,9.5425,9.365,9.5,1600800
2008-01-02,9.49,9.62,9.3925,9.5,3175200
2008-01-03,9.5,9.6325,9.475,9.595,1969600
2008-01-04,9.5575,9.645,9.485,9.6125,2654000
2008-01-07,9.6125,9.6325,9.4225,9.475,2604000
2008-01-08,9.4875,9.6325,9.4325,9.4775,1962000
2008-01-09,9.515,9.5625,9.4175,9.555,2095600
2008-01-10,9.585,9.875,9.335,9.6275,3651600
2008-01-11,9.645,9.65,9.4275,9.5625,1968400
2008-01-14,9.595,9.645,9.47,9.5875,2256800
2008-01-15,9.5275,9.7375,9.48,9.6425,2099600
2008-01-16,9.6525,9.735,9.48,9.6825,2557200
2008-01-17,9.675,9.8275,9.505,9.5925,2144400
2008-01-18,9.655,9.655,9.34,9.435,2581600
2008-01-22,9.4175,9.5525,9.2075,9.37,2198400
2008-01-23,9.135,9.43,9.135,9.335,3599600
2008-01-24,9.3,9.4875,9.225,9.365,1443200
2008-01-25,9.4675,9.5675,9.1675,9.225,1790400
2008-01-28,9.225,9.435,9.225,9.4025,2716800
2008-01-29,9.4675,9.55,9.285,9.4425,3202000
2008-01-30,9.47,9.8575,9.4475,9.63,3055600
2008-01-31,9.58,9.9225,9.5,9.845,3386800
2008-02-01,9.895,10.38,9.845,10.31,5304800
2008-02-04,10.3575,10.415,10.035,10.0725,2142000
2008-02-05,10.025,10.1575,9.985,10.12,2994800
2008-02-06,10.145,10.1475,9.915,10.0225,2022400
2008-02-07,9.95,9.95,9.75,9.835,2673200
2008-02-08,9.8875,9.9725,9.7625,9.8825,1515200
2008-02-11,9.9275,9.94,9.765,9.8425,1081600
2008-02-12,9.845,9.945,9.7675,9.89,1140000
2008-02-13,9.855,9.855,8.9925,9.24,7598000
2008-02-14,9.15,9.22,8.6475,9.0325,5339200
2008-02-15,9.0225,9.0325,8.7725,8.9225,2853600
2008-02-19,8.95,9.065,8.9125,8.9875,1988400
2008-02-20,8.975,9.17,8.89,9.135,2396400
2008-02-21,9.2,9.2075,8.86,8.8925,1764400
2008-02-22,8.88,8.88,8.5525,8.6975,3763600
2008-02-25,8.735,8.87,8.67,8.805,2346000
2008-02-26,8.8025,8.995,8.76,8.9725,3194000
2008-02-27,8.94,9.04,8.87,8.9125,2491600
2008-02-28,8.845,9.0024996,8.7225,8.77,3146000
2008-02-29,8.72,8.72,8.495,8.5475,2935600
2008-03-03,8.54,8.58,8.2325,8.325,3852800
2008-03-04,8.265,8.49,8.24,8.3975,2109600
2008-03-05,8.3775,8.46,8.365,8.4325,2407600
2008-03-06,8.415,8.515,8.3275,8.44,2204400
2008-03-07,8.775,9.0725,8.21,8.3,13104800
2008-03-10,8.3675,8.44,7.93,7.9775,5982800
2008-03-11,8.06,8.2,7.95,8.085,3275200
2008-03-12,8.115,8.1625,7.9825,7.9875,2026800
2008-03-13,7.9075,8.0225,7.84,8.0225,2706800
2008-03-14,8.0225,8.03,7.61,7.72,3215600
2008-03-17,7.5775,7.635,7.4275,7.4825,2854400
2008-03-18,7.55,7.9275,7.515,7.895,2104000
2008-03-19,7.9225,8.08,7.9225,8.045,3315200
2008-03-20,8.0475,8.2625,7.82,8.2275,3357600
2008-03-24,8.25,8.5275,8.25,8.4475,2304800
2008-03-25,8.495,8.5425,8.3075,8.445,2745600
2008-03-26,8.49,8.5975,8.35,8.495,2263200
2008-03-27,8.5025,8.6275,8.445,8.5275,1608000
2008-03-28,8.5525,8.665,8.4675,8.5725,2600400
2008-03-31,8.6,8.6625,8.4775,8.6075,3490800
2008-04-01,8.6375,8.85,8.6275,8.84,2392000
2008-04-02,8.89,9.0375,8.8075,9.01,3985600
2008-04-03,8.7875,9.2175,8.7875,9.1675,3244800
2008-04-04,9.2275,9.3625,9.0125,9.34,3416400
2008-04-07,9.3325,9.3375,8.885,9.17,5324000
2008-04-08,9.1125,9.36,9.0725,9.34,2127600
2008-04-09,9.3025,9.3725,9.115,9.2,2242000
2008-04-10,9.2075,9.2375,9.11,9.1775,1232400
2008-04-11,9.1325,9.4175,9.1325,9.275,1863200
2008-04-14,9.25,9.25,9.145,9.19,1987600
2008-04-15,9.2075,9.4475,9.0525,9.1225,2544800
2008-04-16,9.1575,9.19,8.8375,9.09,2875600
2008-04-17,9.0625,9.2625,9.055,9.185,2397200
2008-04-18,9.2675,9.2825,9.01,9.025,1137200
2008-04-21,9.01,9.015,8.79,8.8275,1732800
2008-04-22,8.8125,8.8125,8.5675,8.67,1752800
2008-04-23,8.6675,8.74,8.55,8.6825,2069600
2008-04-24,8.6575,8.705,8.54,8.6125,1219600
2008-04-25,8.5975,8.74,8.555,8.705,780400
2008-04-28,8.7425,8.9625,8.6475,8.89,1555200
2008-04-29,8.8625,8.955,8.775,8.92,715200
2008-04-30,8.8825,8.9575,8.695,8.75,1718400
2008-05-01,8.8075,9.0725,8.765,8.9975,1400400
2008-05-02,9.03,9.2525,9.0125,9.1475,1238000
2008-05-05,9.1675,9.305,9.0675,9.2875,1156800
2008-05-06,9.3,9.5825,9.24,9.5,1440000
2008-05-07,9.5425,9.65,9.47,9.5025,1992400
2008-05-08,9.565,9.565,9.195,9.2975,1010800
2008-05-09,9.25,9.4475,9.25,9.3775,1167600
2008-05-12,9.4425,9.62,9.4175,9.5,2322400
2008-05-13,9.4875,9.5,9.3725,9.495,2306000
2008-05-14,9.555,9.64,9.495,9.5975,1559600
2008-05-15,9.575,9.7175,9.4525,9.7175,1064800
2008-05-16,9.71,9.875,9.685,9.755,2253600
2008-05-19,9.7125,9.8225,9.625,9.7375,1571200
2008-05-20,9.7,9.8375,9.66,9.8175,2018400
2008-05-21,9.7975,9.825,9.495,9.59,1718400
2008-05-22,9.5675,9.7825,9.52,9.7275,705600
2008-05-23,9.7175,9.9175,9.61,9.865,1062800
2008-05-27,9.825,10.0775,9.7675,10.0125,2124800
2008-05-28,10.0325,10.105,9.8975,9.9275,3150800
2008-05-29,9.8825,10.1625,9.88,10.15,1877600
2008-05-30,10.145,10.175,10.0425,10.1125,3817200
2008-06-02,10.1075,10.205,9.9075,10.0175,3877200
2008-06-03,10.0725,10.2425,10.0475,10.15,2170800
2008-06-04,10.0425,10.25,9.975,10.2075,2648800
2008-06-05,10.1975,10.3625,10.145,10.335,2995200
2008-06-06,10.07,10.3475,9.4675,9.625,7725600
2008-06-09,9.67,9.7975,9.4225,9.5675,2540400
2008-06-10,9.455,9.6825,9.455,9.6825,2006000
2008-06-11,9.65,9.7475,9.5875,9.6375,2018000
2008-06-12,9.675,9.875,9.635,9.8675,1357600
2008-06-13,9.8975,10.1175,9.855,10.1175,2218400
2008-06-16,9.995,10.01,9.745,9.795,1874000
2008-06-17,9.74,9.84,9.6875,9.735,2344000
2008-06-18,9.725,9.7725,9.6375,9.7175,2673600
2008-06-19,9.7,9.77,9.595,9.69,2570400
2008-06-20,9.675,9.7375,9.3875,9.53,3173600
2008-06-23,9.57,9.61,9.415,9.4625,2837200
2008-06-24,9.4275,9.44,9.1825,9.2425,3370800
2008-06-25,9.1925,9.51,9.1925,9.395,2417200
2008-06-26,9.28,9.3125,9.0975,9.0975,2713600
2008-06-27,9.1725,9.3125,9.13,9.205,1935200
2008-06-30,9.2275,9.3425,9.11,9.2875,1531600
2008-07-01,9.23,9.455,9.14,9.4525,1908400
2008-07-02,9.4675,9.635,9.4675,9.59,1629600
2008-07-03,9.6125,9.63,9.28,9.325,705200
2008-07-07,9.39,9.4875,9.26,9.3875,2468400
2008-07-08,9.38,9.4475,9.22,9.3775,2292000
2008-07-09,9.34,9.3575,9.1775,9.2475,2302800
2008-07-10,9.23,9.23,8.8275,8.925,2496800
2008-07-11,8.82,9.07,8.7925,9.0,2082800
2008-07-14,9.0425,9.085,8.695,8.75,2334800
2008-07-15,8.6825,8.7375,8.4725,8.5925,3684000
2008-07-16,8.645,8.665,8.4825,8.525,4108400
2008-07-17,8.5925,8.6275,8.5175,8.59,3845600
2008-07-18,8.57,8.8825,8.525,8.82,2292800
2008-07-21,8.8175,8.835,8.4325,8.485,2130000
2008-07-22,8.505,8.7825,8.415,8.75,2994800
2008-07-23,8.815,8.82,8.6225,8.7175,1130000
2008-07-24,8.68,8.78,8.4625,8.5075,1013600
2008-07-25,8.5375,8.65,8.505,8.6075,1065200
2008-07-28,8.6075,8.7425,8.4525,8.515,2204400
2008-07-29,8.505,8.63,8.4475,8.535,984000
2008-07-30,8.5775,8.65,8.3725,8.4575,1181200
2008-07-31,8.47,8.5275,8.39,8.425,1642400
2008-08-01,8.4325,8.4325,8.165,8.2625,2558400
2008-08-04,8.22,8.325,8.185,8.25,2147200
2008-08-05,8.3025,8.705,8.25,8.64,2125200
2008-08-06,8.62,8.9075,8.595,8.8475,2659600
2008-08-07,8.775,8.925,8.6675,8.7125,1740800
2008-08-08,8.79,9.1375,8.7225,9.0575,3426400
2008-08-11,9.01,9.1675,8.95,9.035,2753600
2008-08-12,8.97,9.0,8.67,8.725,2543200
2008-08-13,8.725,8.7575,8.615,8.6725,1937200
2008-08-14,8.67,8.8675,8.6175,8.7825,2741600
2008-08-15,9.26,9.26,8.6825,9.0050001,1964400
2008-08-18,9.0325,9.345,9.01,9.12,1562000
2008-08-19,9.0275,9.0775,8.7175,8.8175,925200
2008-08-20,8.83,8.965,8.77,8.87,1224000
2008-08-21,8.82,9.0074997,8.8125,8.925,997600
2008-08-22,8.955,9.0775,8.9275,9.0125,686400
2008-08-25,8.9925,9.065,8.9125,8.9175,926400
2008-08-26,8.91,9.0,8.725,8.88,1149200
2008-08-27,8.915,9.1225,8.905,9.045,2907200
2008-08-28,9.055,9.23,9.0050001,9.22,1676800
2008-08-29,9.2,9.3275,9.1775,9.2075,877600
2008-09-02,9.37,9.37,9.075,9.1725,3504000
2008-09-03,9.16,9.2375,9.0775,9.0775,1720800
2008-09-04,9.07,9.1775,9.0074997,9.0425,3024000
2008-09-05,9.0,9.1225,8.42,8.5025,7369600
2008-09-08,8.7225,8.7225,8.4775,8.4825,3200400
2008-09-09,8.49,8.695,8.48,8.57,2504000
2008-09-10,8.575,8.6225,8.2225,8.3225,3418800
2008-09-11,8.2275,8.8325,8.215,8.625,3499200
2008-09-12,8.5775,8.755,8.55,8.6975,2598400
2008-09-15,8.5375,8.8025,8.25,8.6025,2420400
2008-09-16,8.4925,8.7275,8.45,8.65,2808000
2008-09-17,8.515,8.685,8.5,8.5675,3154800
2008-09-18,8.615,9.185,8.46,9.0825,5162400
2008-09-19,8.79,9.5925,8.69,9.2075,4413200
2008-09-22,8.84,9.1275,8.7,8.71,2302000
2008-09-23,8.7075,9.035,8.6275,8.9425,1655600
2008-09-24,8.9525,8.9925,8.625,8.705,3065600
2008-09-25,8.7775,8.9525,8.7775,8.895,1352000
2008-09-26,8.775,8.8725,8.73,8.83,937200
2008-09-29,8.7875,8.86,8.525,8.635,2318800
2008-09-30,8.68,8.7475,8.4875,8.69,2496800
2008-10-01,8.6525,9.0125,8.5325,8.9125,2026400
2008-10-02,8.85,9.0074997,8.68,8.75,2091200
2008-10-03,8.8475,8.97,8.6225,8.735,2610800
2008-10-06,8.6,8.6,7.795,8.0375,3757600
2008-10-07,8.0875,8.195,7.695,7.695,2422800
2008-10-08,7.5975,7.7775,7.2925,7.4175,2923600
2008-10-09,7.48,7.48,5.8975,6.0,6156000
2008-10-10,5.685,5.9775,5.04,5.675,7656000
2008-10-13,5.865,5.97,5.7625,5.8875,1145200
2008-10-14,6.065,6.2625,5.78,5.865,5491200
2008-10-15,5.855,5.9475,5.465,5.4675,2594800
2008-10-16,5.4975,5.555,5.1725,5.375,6088800
2008-10-17,5.29,5.68,5.29,5.515,2413600
2008-10-20,5.57,5.765,5.5625,5.7525,5277200
2008-10-21,5.685,5.9475,5.685,5.875,3271600
2008-10-22,5.77,5.77,5.295,5.385,4926000
2008-10-23,5.375,5.405,4.48,4.5525,9642800
2008-10-24,4.32,4.45,4.295,4.3075,3352800
2008-10-27,4.2475,4.325,4.1175,4.1325,2054000
2008-10-28,4.205,4.2375,3.76,3.9275,7348000
2008-10-29,3.815,4.085,3.815,3.87,3427600
2008-10-30,3.9725,4.025,3.835,3.9575,4004000
2008-10-31,3.975,4.185,3.935,4.12,3178800
2008-11-03,4.15,4.5425,4.0,4.3375,6080400
2008-11-04,4.4575,4.4575,4.145,4.235,6036800
2008-11-05,4.16,4.2525,4.1,4.1225,3013200
2008-11-06,4.125,4.27,3.7625,3.7925,4205200
2008-11-07,3.8025,4.01,3.7975,4.01,1998800
2008-11-10,4.055,4.1425,3.8725,3.925,2267200
2008-11-11,3.8875,3.9075,3.7975,3.7975,2944000
2008-11-12,3.78,3.78,3.5575,3.5775,2182800
2008-11-13,3.62,3.9775,3.48,3.9775,2792000
2008-11-14,3.8625,4.0,3.8125,3.8375,2567200
2008-11-17,3.8225,3.8325,3.6525,3.69,2370800
2008-11-18,3.6625,3.7425,3.385,3.575,3439200
2008-11-19,3.5525,3.585,3.4425,3.4675,2048400
2008-11-20,3.4175,3.4175,2.5425,2.735,8093200
2008-11-21,2.75,2.91,2.5975,2.88,7632000
2008-11-24,2.875,3.065,2.815,2.99,2727200
2008-11-25,3.0275,3.05,2.885,2.9625,3962800
2008-11-26,2.91,3.245,2.8825,3.2425,1895600
2008-11-28,3.2225,3.3525,3.2175,3.35,636400
2008-12-01,3.26,3.2625,3.0,3.065,3378400
2008-12-02,3.0925,3.18,3.035,3.16,2627200
2008-12-03,3.1125,3.8025,3.1125,3.755,5250800
2008-12-04,3.7125,3.795,3.38,3.44,2593200
2008-12-05,3.3875,3.88,3.3875,3.81,2398400
2008-12-08,3.8975,3.9375,3.66,3.78,1814400
2008-12-09,3.75,3.775,3.53,3.5725,2804400
2008-12-10,3.575,3.61,3.165,3.3025,6331200
2008-12-11,3.26,3.355,3.1825,3.275,4208400
2008-12-12,3.2325,3.395,3.19,3.31,3668800
2008-12-15,3.3425,3.4,2.9925,3.085,2629600
2008-12-16,3.1075,3.45,3.1,3.44,3392000
2008-12-17,3.385,3.6375,3.385,3.4725,3440800
2008-12-18,3.5775,3.5775,3.455,3.4925,2997200
2008-12-19,3.5275,3.6,3.4325,3.59,3110800
2008-12-22,3.595,3.6325,3.535,3.62,3633200
2008-12-23,3.6225,3.7725,3.595,3.705,2570400
2008-12-24,3.7,3.7225,3.58,3.6875,1398000
2008-12-26,3.715,3.8725,3.67,3.835,888000
2008-12-29,3.835,3.9575,3.81,3.9525,1309600
2008-12-30,3.9525,4.13,3.9275,4.1225,2005200
2008-12-31,4.14,4.175,4.0175,4.1,2260400
2009-01-02,4.14,4.715,4.125,4.6675,2848000
2009-01-05,4.59,4.7825,4.4725,4.75,3049600
2009-01-06,4.875,4.985,4.8075,4.9125,2303600
2009-01-07,4.85,4.8975,4.76,4.8025,2902800
2009-01-08,4.7675,4.845,4.6975,4.825,2186000
2009-01-09,4.81,4.8375,4.6325,4.725,1900400
2009-01-12,4.75,5.24,4.75,5.1175,6135200
2009-01-13,5.0525,5.0625,4.68,4.7525,5476400
2009-01-14,4.69,4.9475,4.665,4.88,3152800
2009-01-15,4.89,5.22,4.8825,5.185,3136800
2009-01-16,5.25,5.25,4.985,5.11,2344800
2009-01-20,5.1725,5.1725,4.725,4.7575,2382000
2009-01-21,4.8575,5.0725,4.8025,5.0675,2200800
2009-01-22,4.9775,5.0575,4.815,4.8875,2089200
2009-01-23,4.8175,4.88,4.7,4.795,2523600
2009-01-26,4.855,4.93,4.7275,4.825,1664800
2009-01-27,4.8725,4.9475,4.805,4.875,1706400
2009-01-28,4.95,4.9975,4.8675,4.9,1713200
2009-01-29,4.7475,4.8775,4.6925,4.7125,1486400
2009-01-30,4.71,4.825,4.665,4.7425,1866800
2009-02-02,4.6825,4.77,4.5075,4.7375,1540400
2009-02-03,4.7675,4.7975,4.6325,4.765,1823600
2009-02-04,4.815,4.8975,4.7325,4.7925,2244400
2009-02-05,4.7375,4.8975,4.6725,4.8275,2266400
2009-02-06,4.8625,4.925,4.81,4.9175,2903600
2009-02-09,4.9175,4.9625,4.775,4.8325,1503200
2009-02-10,4.7725,4.82,4.645,4.695,1800800
2009-02-11,4.7525,5.285,4.7225,5.215,8338800
2009-02-12,5.23,5.42,5.1,5.395,3427200
2009-02-13,5.415,5.9225,5.4,5.69,7107200
2009-02-17,5.5075,5.615,5.3625,5.45,3523200
2009-02-18,5.5,5.5225,5.2625,5.5025,4011600
2009-02-19,5.475,5.675,5.475,5.59,5051600
2009-02-20,5.5125,5.515,5.33,5.3575,5110400
2009-02-23,5.4325,5.4475,5.195,5.25,3914800
2009-02-24,5.33,5.52,5.2525,5.4975,4069600
2009-02-25,5.4725,5.6875,5.405,5.5875,4697200
2009-02-26,5.625,5.82,5.575,5.7025,6946400
2009-02-27,5.6875,5.8075,5.465,5.4975,7017600
2009-03-02,5.3975,5.3975,4.76,4.7825,6756800
2009-03-03,4.8275,4.9225,4.665,4.8025,4583600
2009-03-04,4.915,5.1525,4.755,5.04,3269600
2009-03-05,4.8775,4.965,4.7175,4.8025,3900800
2009-03-06,5.25,5.2625,4.395,4.5825,12759200
2009-03-09,4.6325,5.045,4.5625,4.9375,7610800
2009-03-10,4.9425,5.2775,4.9425,5.26,4670000
2009-03-11,5.3,5.4525,5.155,5.1675,3022000
2009-03-12,5.14,5.2825,4.985,5.225,6555600
2009-03-13,5.2125,5.4375,5.175,5.4075,3007600
2009-03-16,5.46,5.5225,5.3275,5.36,3675200
2009-03-17,5.36,5.52,5.2525,5.52,2666400
2009-03-18,5.45,5.9125,5.3875,5.8025,4518000
2009-03-19,5.8175,6.065,5.7575,5.96,4434000
2009-03-20,5.9825,6.06,5.955,6.0175,3974800
2009-03-23,6.075,6.355,5.995,6.3025,4704800
2009-03-24,6.2775,6.29,6.08,6.16,2801600
2009-03-25,6.16,6.45,6.16,6.435,4246800
2009-03-26,6.465,6.7625,6.4475,6.705,5318000
2009-03-27,6.7,6.78,6.6075,6.6075,3608000
2009-03-30,6.46,6.495,6.2075,6.4875,3796400
2009-03-31,6.56,6.7125,6.485,6.61,2379600
2009-04-01,6.52,6.6525,6.3625,6.61,3420000
2009-04-02,6.75,6.8925,6.6825,6.82,3387600
2009-04-03,6.82,6.9325,6.6375,6.6875,2716800
2009-04-06,6.6225,6.7375,6.5025,6.6225,3839600
2009-04-07,6.5325,6.6425,6.37,6.385,3382000
2009-04-08,6.3775,6.5275,6.3275,6.4875,2500400
2009-04-09,6.6,6.7475,6.5825,6.685,3130800
2009-04-13,6.575,6.7175,6.4825,6.6675,2671200
2009-04-14,6.6225,6.725,6.485,6.5775,2706400
2009-04-15,6.5525,6.65,6.3875,6.495,1619200
2009-04-16,6.5075,6.6125,6.4575,6.58,1634000
2009-04-17,6.5825,6.845,6.5475,6.8225,2082000
2009-04-20,6.76,6.92,6.6625,6.815,2536800
2009-04-21,6.8025,7.055,6.8,7.05,4852800
2009-04-22,6.9525,7.455,6.89,7.285,7288000
2009-04-23,7.28,7.34,7.105,7.2575,3093200
2009-04-24,7.29,7.3125,7.1275,7.2525,2177200
2009-04-27,7.165,7.445,7.15,7.3775,2415200
2009-04-28,7.3225,7.42,7.2825,7.2925,1355600
2009-04-29,7.2775,7.525,7.2225,7.49,2646400
2009-04-30,7.54,7.63,7.1875,7.1875,3480000
2009-05-01,7.225,7.52,7.105,7.43,3200800
2009-05-04,7.4525,7.575,7.1975,7.42,3014400
2009-05-05,7.3775,7.4275,7.28,7.41,2927600
2009-05-06,7.48,7.4875,7.13,7.2,2635200
2009-05-07,7.25,7.365,7.1425,7.1925,1930800
2009-05-08,7.2475,7.4025,7.1875,7.25,2796800
2009-05-11,7.1975,7.235,6.945,7.035,3268800
2009-05-12,7.03,7.065,6.6525,6.8475,3740400
2009-05-13,6.79,6.87,6.6725,6.765,3432400
2009-05-14,6.775,7.0050001,6.7275,6.89,2696000
2009-05-15,6.8625,6.96,6.72,6.7725,1913600
2009-05-18,6.815,6.8925,6.6975,6.8925,1304800
2009-05-19,6.8925,7.0275,6.82,6.965,1857600
2009-05-20,6.9775,7.14,6.9325,6.9925,1430400
2009-05-21,6.9375,6.97,6.735,6.785,1674000
2009-05-22,6.7875,6.9025,6.7025,6.7125,1260800
2009-05-26,6.675,6.8125,6.635,6.755,1806400
2009-05-27,6.7225,6.8025,6.6075,6.6225,1562400
2009-05-28,6.635,6.72,6.4325,6.485,2132800
2009-05-29,6.51,6.6275,6.4525,6.6275,1558000
2009-06-01,6.7125,7.0175,6.69,6.82,1708800
2009-06-02,6.815,7.3275,6.785,7.225,3903600
2009-06-03,7.1825,7.21,7.1075,7.1475,1958000
2009-06-04,7.1325,7.3925,7.1325,7.2725,3798400
2009-06-05,7.8375,7.85,7.125,7.2375,5368800
2009-06-08,7.22,7.2275,6.8075,6.875,2921600
2009-06-09,6.925,6.965,6.6925,6.7275,2874000
2009-06-10,6.79,6.875,6.6575,6.725,1176800
2009-06-11,6.7825,6.955,6.715,6.815,2007600
2009-06-12,6.7625,6.9,6.7275,6.8625,1617200
2009-06-15,6.8,6.87,6.63,6.8075,2702800
2009-06-16,6.865,6.865,6.5575,6.595,1874800
2009-06-17,6.62,6.8625,6.595,6.77,2038800
2009-06-18,6.77,6.945,6.73,6.93,1146000
2009-06-19,6.985,7.07,6.7625,6.8625,1764000
2009-06-22,6.785,6.885,6.715,6.72,1852000
2009-06-23,6.6925,6.7325,6.5675,6.57,1833600
2009-06-24,6.585,6.735,6.575,6.65,1308400
2009-06-25,6.65,6.8525,6.615,6.8125,1259600
2009-06-26,6.775,6.91,6.665,6.8675,2467200
2009-06-29,6.89,6.89,6.32,6.375,5518000
2009-06-30,6.3925,6.455,6.0475,6.1825,6523200
2009-07-01,6.255,6.45,6.22,6.3625,4135200
2009-07-02,6.34,6.3725,6.1975,6.285,2624800
2009-07-06,6.2425,6.245,6.13,6.2125,2672800
2009-07-07,6.235,6.2675,6.105,6.1225,2332800
2009-07-08,6.1225,6.1475,6.0125,6.0675,1702400
2009-07-09,6.06,6.105,5.96,5.995,1551200
2009-07-10,5.9975,6.1775,5.995,6.0525,2087600
2009-07-13,6.0575,6.195,5.985,6.195,1710000
2009-07-14,6.185,6.375,6.185,6.29,4071200
2009-07-15,6.385,6.455,6.295,6.45,1677200
2009-07-16,6.395,6.555,6.3575,6.5275,1701200
2009-07-17,6.5025,6.52,6.4125,6.5,1140400
2009-07-20,6.5,6.58,6.435,6.52,1702400
2009-07-21,6.62,6.6325,6.555,6.5875,1242000
2009-07-22,6.4975,6.6175,6.46,6.5325,1144400
2009-07-23,6.525,6.6125,6.3875,6.495,3303600
2009-07-24,6.495,6.6525,6.4875,6.645,2573600
2009-07-27,6.63,6.895,6.63,6.8675,1962000
2009-07-28,6.8675,7.095,6.7875,6.9525,2790400
2009-07-29,6.955,7.1425,6.8725,7.055,2727600
2009-07-30,7.1,7.1625,6.8575,6.8675,1820400
2009-07-31,6.8675,6.8975,6.785,6.86,1574000
2009-08-03,6.875,6.895,6.725,6.8725,2976000
2009-08-04,6.875,7.035,6.7825,6.965,1713600
2009-08-05,6.96,7.025,6.8425,6.985,1901600
2009-08-06,6.9925,7.05,6.8925,6.9125,946400
2009-08-07,6.9825,7.215,6.955,7.03,2074800
2009-08-10,7.05,7.0725,6.82,6.87,2198800
2009-08-11,6.89,6.92,6.8175,6.82,922000
2009-08-12,6.82,6.985,6.7575,6.9325,966400
2009-08-13,6.975,7.02,6.905,6.96,1036000
2009-08-14,6.9325,6.9875,6.84,6.9325,1196800
2009-08-17,6.8525,6.9325,6.71,6.7375,1102800
2009-08-18,6.7675,6.8075,6.6325,6.78,1087200
2009-08-19,6.775,6.925,6.775,6.8725,1063600
2009-08-20,6.87,7.0775,6.8425,7.055,1491200
2009-08-21,7.1125,7.17,7.0775,7.1125,826800
2009-08-24,7.1475,7.18,7.07,7.0775,1321200
2009-08-25,7.135,7.28,7.085,7.27,1538800
2009-08-26,7.23,7.3675,7.015,7.0275,1836800
2009-08-27,7.0050001,7.1925,6.78,7.1675,2700400
2009-08-28,7.225,7.225,6.865,6.9675,2252400
2009-08-31,6.9575,6.99,6.76,6.83,2110000
2009-09-01,6.8125,6.8125,6.4075,6.5625,4485600
2009-09-02,6.5875,6.665,6.5,6.59,2619200
2009-09-03,6.64,6.6775,6.4525,6.6675,3498000
2009-09-04,6.395,6.51,5.8875,6.415,16824400
2009-09-08,6.415,6.585,6.2925,6.58,3684400
2009-09-09,6.5625,6.9775,6.55,6.845,3412400
2009-09-10,6.8825,6.8825,6.7325,6.8225,4322800
2009-09-11,6.8525,7.0625,6.7725,7.045,2690800
2009-09-14,7.0025001,7.36,7.0025001,7.3375,2533600
2009-09-15,7.3575,7.405,7.2675,7.3025,1126800
2009-09-16,7.32,7.375,7.2175,7.375,1496400
2009-09-17,7.39,7.4275,7.2575,7.3725,2425200
2009-09-18,7.4,7.4825,7.3575,7.4625,2024400
2009-09-21,7.41,7.585,7.315,7.5525,2379200
2009-09-22,7.5225,7.5975,7.4375,7.5475,1566400
2009-09-23,7.54,7.5725,7.41,7.5125,2793200
2009-09-24,7.5025,7.5175,7.295,7.435,1774800
2009-09-25,7.44,7.4725,7.1975,7.235,2552400
2009-09-28,7.2475,7.52,7.2475,7.52,1827200
2009-09-29,7.5175,7.6575,7.5,7.61,1906000
2009-09-30,7.6125,7.62,7.3325,7.4325,2599600
2009-10-01,7.3975,7.4625,7.1525,7.1825,2718800
2009-10-02,7.135,7.1625,7.0050001,7.1375,1542800
2009-10-05,7.18,7.245,7.115,7.19,2003200
2009-10-06,7.2425,7.405,7.1175,7.37,1277600
2009-10-07,7.3375,7.435,7.325,7.365,1319600
2009-10-08,7.39,7.495,7.37,7.4375,928800
2009-10-09,7.41,7.5725,7.375,7.4475,1296400
2009-10-12,7.4425,7.7625,7.4425,7.7475,1672800
2009-10-13,7.6925,7.7825,7.4575,7.58,1632400
2009-10-14,7.615,7.77,7.605,7.7275,3292000
2009-10-15,7.72,7.8275,7.66,7.8275,1041600
2009-10-16,7.7825,7.8125,7.6925,7.76,749200
2009-10-19,7.76,7.8575,7.7,7.8375,794000
2009-10-20,7.8025,7.8275,7.7225,7.7425,2481600
2009-10-21,7.7725,7.82,7.635,7.6525,2163600
2009-10-22,7.655,7.715,7.5625,7.7,1203200
2009-10-23,7.75,7.7675,7.61,7.61,1139600
2009-10-26,7.61,7.685,7.41,7.4175,1088400
2009-10-27,7.425,7.475,7.2775,7.3175,1456000
2009-10-28,7.275,7.3175,7.0050001,7.0475,1749600
2009-10-29,7.1225,7.1775,7.065,7.135,876800
2009-10-30,7.06,7.11,6.8975,7.0025001,2437600
2009-11-02,7.0775,7.225,7.035,7.1125,1180000
2009-11-03,7.1125,7.1425,7.03,7.1425,775200
2009-11-04,7.1675,7.39,7.155,7.325,2248400
2009-11-05,7.39,7.6075,7.34,7.58,3044800
2009-11-06,7.56,7.7175,7.5475,7.64,1973200
2009-11-09,7.695,7.845,7.665,7.83,1708400
2009-11-10,7.845,7.915,7.7575,7.845,1252000
2009-11-11,7.875,7.905,7.7825,7.875,909600
2009-11-12,7.9025,7.94,7.805,7.865,1115200
2009-11-13,7.8925,7.8925,7.7825,7.8775,712800
2009-11-16,7.8725,8.1,7.8725,8.05,995600
2009-11-17,8.0074997,8.015,7.87,7.9525,630000
2009-11-18,8.01,8.07,7.955,7.9875,1183200
2009-11-19,7.99,8.0024996,7.7925,7.9275,642800
2009-11-20,7.8725,7.875,7.755,7.8625,766000
2009-11-23,7.96,8.0725,7.89,8.02,850000
2009-11-24,8.0425,8.595,8.0024996,8.5125,4616800
2009-11-25,8.5375,8.7825,8.53,8.5425,2632400
2009-11-27,8.345,8.4875,8.3225,8.4075,326000
2009-11-30,8.4075,8.4175,8.2025,8.3725,1235600
2009-12-01,8.4625,8.555,8.26,8.52,1454400
2009-12-02,8.5425,8.69,8.535,8.6425,1022000
2009-12-03,8.6,8.7175,8.51,8.52,1008800
2009-12-04,8.6675,8.71,8.43,8.5175,1537200
2009-12-07,8.5,8.535,8.4675,8.48,1924400
2009-12-08,8.4625,8.5175,8.3475,8.48,2383200
2009-12-09,9.14,9.5825,9.12,9.135,10994800
2009-12-10,9.1775,9.255,8.9675,9.095,4078400
2009-12-11,9.185,9.2925,9.085,9.1125,3014000
2009-12-14,9.135,9.4525,9.1275,9.4,4094000
2009-12-15,9.385,9.7025,9.3025,9.4775,4783600
2009-12-16,9.5475,9.6175,9.485,9.5025,1657200
2009-12-17,9.41,9.515,9.28,9.35,1304000
2009-12-18,9.36,9.44,9.1975,9.4275,2838000
2009-12-21,9.5,9.54,9.3475,9.375,1272800
2009-12-22,9.375,9.6225,9.375,9.6075,1840000
2009-12-23,9.6475,9.6625,9.4975,9.51,1332800
2009-12-24,9.5625,9.6,9.47,9.5475,701600
2009-12-28,9.585,9.63,9.4925,9.535,589600
2009-12-29,9.5075,9.7475,9.4175,9.65,1304400
2009-12-30,9.5975,9.5975,9.49,9.5675,899600
2009-12-31,9.5625,9.7475,9.49,9.53,1372400
2010-01-04,9.565,9.62,9.4025,9.4375,1924800
2010-01-05,9.38,9.5525,9.37,9.5475,1243600
2010-01-06,9.485,9.62,9.465,9.5425,1562800
2010-01-07,9.475,9.675,9.445,9.6425,1402400
2010-01-08,9.5625,9.6075,9.4475,9.4875,943200
2010-01-11,9.5,9.5375,9.425,9.5,825200
2010-01-12,9.405,9.555,9.385,9.4075,814800
2010-01-13,9.44,9.665,9.435,9.665,1320000
2010-01-14,9.59,9.725,9.5275,9.63,2217200
2010-01-15,9.565,9.5775,9.395,9.4225,1418400
2010-01-19,9.4525,9.6475,9.4275,9.5625,974800
2010-01-20,9.515,9.585,9.4925,9.5175,923600
2010-01-21,9.565,9.565,9.1275,9.26,1995600
2010-01-22,9.255,9.3225,9.1325,9.1675,1741600
2010-01-25,9.205,9.265,9.03,9.11,2560800
2010-01-26,9.0875,9.19,8.9775,9.04,1057200
2010-01-27,9.0024996,9.065,8.8575,8.9575,1249200
2010-01-28,9.0125,9.015,8.84,8.8575,915600
2010-01-29,8.9175,8.9625,8.83,8.83,1310400
2010-02-01,8.915,8.92,8.725,8.7875,2235200
2010-02-02,8.7875,8.9875,8.7875,8.95,2582000
2010-02-03,8.9425,8.95,8.815,8.815,801600
2010-02-04,8.775,9.1475,8.7125,9.1125,2708000
2010-02-05,9.105,9.1225,8.95,9.0425,1864000
2010-02-08,9.065,9.1825,9.015,9.05,919200
2010-02-09,9.075,9.1875,8.9675,9.1625,1438800
2010-02-10,9.1725,9.2625,9.0875,9.2425,1600000
2010-02-11,9.2125,9.4175,9.1875,9.415,1275600
2010-02-12,9.3875,9.6,9.315,9.5825,3095600
2010-02-16,9.5975,9.6175,9.4025,9.535,1154000
2010-02-17,9.5275,9.7,9.5275,9.6825,1016800
2010-02-18,9.6275,9.6525,9.5225,9.605,822400
2010-02-19,9.5575,9.65,9.52,9.61,720000
2010-02-22,9.6425,9.8075,9.5075,9.795,1734000
2010-02-23,9.7925,9.865,9.69,9.795,2623600
2010-02-24,9.785,10.0475,9.77,10.02,1567600
2010-02-25,9.9375,10.06,9.9125,10.05,1782800
2010-02-26,10.0275,10.1025,9.96,10.015,1679600
2010-03-01,10.07,10.245,10.0074997,10.1775,1244800
2010-03-02,10.175,10.25,10.1225,10.24,1596800
2010-03-03,10.295,10.31,9.9275,9.9425,2498000
2010-03-04,10.0,10.0725,9.95,10.05,1970000
2010-03-05,9.8525,10.035,9.5375,9.6275,5188000
2010-03-08,9.66,9.8325,9.625,9.8125,2187600
2010-03-09,9.8125,9.8125,9.6825,9.77,1051200
2010-03-10,9.7525,9.98,9.7025,9.9375,1057600
2010-03-11,9.9525,9.9525,9.7725,9.8675,1129200
2010-03-12,9.8675,9.9175,9.6775,9.7175,754400
2010-03-15,9.725,9.7825,9.635,9.7475,589600
2010-03-16,9.7025,9.775,9.56,9.76,724400
2010-03-17,9.7975,9.915,9.7625,9.91,807600
2010-03-18,9.95,10.0,9.895,9.97,656000
2010-03-19,10.0175,10.1475,9.905,10.0175,1691600
2010-03-22,9.9475,10.3875,9.9475,10.2525,1134000
2010-03-23,10.2575,10.2575,10.0225,10.17,750400
2010-03-24,10.175,10.195,10.0225,10.0625,656000
2010-03-25,10.095,10.11,9.9125,9.9225,812400
2010-03-26,9.9475,9.9475,9.315,9.505,5040800
2010-03-29,9.5375,9.675,9.49,9.6275,3220800
2010-03-30,9.6375,9.7375,9.5725,9.68,2350800
2010-03-31,9.6525,9.775,9.61,9.72,1989600
2010-04-01,9.7475,9.8475,9.6675,9.7425,1170800
2010-04-05,9.7225,9.85,9.71,9.79,946000
2010-04-06,9.7425,9.7425,9.5825,9.5975,1494400
2010-04-07,9.5625,9.57,9.4275,9.5125,969600
2010-04-08,9.52,9.585,9.41,9.5625,2475600
2010-04-09,9.5875,9.69,9.555,9.69,825200
2010-04-12,9.7275,9.895,9.665,9.8625,2061200
2010-04-13,9.975,10.0225,9.73,9.7925,1370800
2010-04-14,9.8275,9.84,9.655,9.7,1150000
2010-04-15,9.7075,9.7075,9.585,9.6425,845200
2010-04-16,9.64,9.6475,9.475,9.53,1126800
2010-04-19,9.525,9.6375,9.475,9.5025,1222000
2010-04-20,9.5525,9.8925,9.54,9.81,1573600
2010-04-21,9.795,9.8125,9.6775,9.75,891600
2010-04-22,9.7175,9.735,9.6125,9.6625,953200
2010-04-23,9.6775,9.7275,9.59,9.7125,411200
2010-04-26,9.7275,9.805,9.7275,9.765,944000
2010-04-27,9.72,9.79,9.695,9.7075,1351600
2010-04-28,9.72,9.835,9.675,9.76,1100800
2010-04-29,9.7675,9.86,9.7175,9.85,737600
2010-04-30,9.8375,9.89,9.715,9.7225,1274000
2010-05-03,9.75,9.765,9.6375,9.7225,1074800
2010-05-04,9.6425,9.7025,9.3425,9.4025,1359600
2010-05-05,9.3075,9.5,9.165,9.425,1276000
2010-05-06,9.3925,9.4775,8.91,9.3075,1742400
2010-05-07,9.2675,9.325,9.0275,9.0625,2619600
2010-05-10,9.315,9.4325,9.1125,9.1825,1897600
2010-05-11,9.1425,9.175,9.0775,9.145,2640400
2010-05-12,9.1425,9.29,9.1425,9.2725,1600800
2010-05-13,9.24,9.375,9.24,9.3175,906000
2010-05-14,9.2825,9.2825,9.0475,9.1,1507600
2010-05-17,9.1425,9.2625,8.9875,9.155,1504400
2010-05-18,9.1825,9.285,9.135,9.15,1010400
2010-05-19,9.1375,9.18,8.9925,9.0725,735200
2010-05-20,9.0,9.075,8.69,8.7725,1866400
2010-05-21,8.675,8.8025,8.57,8.7125,1151600
2010-05-24,8.9775,9.3525,8.925,8.95,3046400
2010-05-25,8.94,8.94,8.675,8.8925,2052000
2010-05-26,8.89,9.0925,8.8325,8.865,1394000
2010-05-27,8.9825,9.265,8.97,9.255,1208400
2010-05-28,9.2675,9.3175,9.2025,9.215,872400
2010-06-01,9.1775,9.2425,8.9975,9.0125,933600
2010-06-02,9.0275,9.315,8.95,9.2825,1396800
2010-06-03,9.2875,9.6275,9.2875,9.49,2507200
2010-06-04,9.235,9.595,9.1975,9.305,3775200
2010-06-07,9.3275,9.395,9.175,9.2575,2224800
2010-06-08,9.2375,9.2775,8.8675,8.925,3288800
2010-06-09,8.9775,9.165,8.945,9.0,2357200
2010-06-10,9.105,9.105,8.9825,9.0375,1347600
2010-06-11,9.01,9.215,8.9725,9.2,1511600
2010-06-14,9.25,9.3725,9.2075,9.23,1316000
2010-06-15,9.2675,9.6,9.2675,9.59,2004800
2010-06-16,9.5475,9.7175,9.5475,9.64,1468800
2010-06-17,9.7,9.73,9.5925,9.715,966000
2010-06-18,9.765,9.98,9.705,9.95,2848000
2010-06-21,10.0925,10.31,10.0675,10.225,3168400
2010-06-22,10.14,10.375,10.1175,10.225,4419200
2010-06-23,10.175,10.2475,10.055,10.065,2058400
2010-06-24,10.0050001,10.09,9.9475,9.99,2116800
2010-06-25,10.0024996,10.4525,9.9175,10.3925,5104000
2010-06-28,10.4325,10.4575,10.2425,10.385,4150400
2010-06-29,10.3075,10.3075,9.9875,10.0074997,2863200
2010-06-30,10.0325,10.115,9.9175,9.9475,2418400
2010-07-01,9.95,9.95,9.74,9.845,2639200
2010-07-02,9.885,9.9625,9.76,9.8,1294800
2010-07-06,9.9,9.9875,9.7675,9.775,2609200
2010-07-07,9.8,9.915,9.74,9.9025,2537200
2010-07-08,9.96,9.9975,9.8225,9.89,2748800
2010-07-09,9.9025,9.945,9.8375,9.945,801200
2010-07-12,9.91,9.955,9.84,9.89,571200
2010-07-13,9.9675,10.05,9.935,10.0050001,905600
2010-07-14,10.0475,10.0475,9.8725,9.9575,1221200
2010-07-15,9.9725,9.9725,9.8025,9.8225,1706400
2010-07-16,9.785,9.84,9.6525,9.6575,1923600
2010-07-19,9.6875,9.6875,9.4775,9.5475,2558000
2010-07-20,9.4825,9.5675,9.3575,9.5675,1381200
2010-07-21,9.6125,9.7,9.425,9.47,1809600
2010-07-22,9.57,9.7,9.4875,9.695,1111200
2010-07-23,9.6575,9.855,9.6575,9.7675,2390400
2010-07-26,9.7425,9.975,9.7425,9.97,1372000
2010-07-27,9.9875,10.01,9.7775,9.8675,972800
2010-07-28,9.8175,9.86,9.6575,9.7125,957600
2010-07-29,9.765,9.785,9.6275,9.735,1182800
2010-07-30,9.6,9.8,9.575,9.715,1354000
2010-08-02,9.7875,9.915,9.75,9.8975,1646800
2010-08-03,9.8925,10.0225,9.815,9.94,1162800
2010-08-04,9.955,10.1975,9.9325,10.17,1467600
2010-08-05,10.1225,10.175,10.05,10.1075,1403200
2010-08-06,10.0375,10.3075,9.995,10.2975,1384000
2010-08-09,10.3075,10.3425,10.1875,10.255,1052000
2010-08-10,10.1925,10.26,10.1875,10.2375,1349600
2010-08-11,10.115,10.1675,10.0275,10.05,1740800
2010-08-12,10.0125,10.1425,9.975,10.125,989200
2010-08-13,10.125,10.1625,10.01,10.025,1289200
2010-08-16,10.0,10.25,9.9925,10.235,1535600
2010-08-17,10.33,10.565,10.3025,10.475,1230400
2010-08-18,10.485,10.485,10.34,10.35,2025600
2010-08-19,10.2875,10.3075,10.07,10.215,1324000
2010-08-20,10.2,10.2175,10.0675,10.2025,549200
2010-08-23,10.25,10.3975,10.2425,10.31,1560400
2010-08-24,10.25,10.3075,10.1,10.2925,1347600
2010-08-25,10.2675,10.2825,10.0825,10.1625,1588400
2010-08-26,10.175,10.23,9.97,10.0050001,830400
2010-08-27,10.025,10.025,9.8425,9.9625,1758000
2010-08-30,9.9375,10.01,9.86,9.9575,2180000
2010-08-31,9.9475,10.15,9.8575,10.085,2157600
2010-09-01,10.1625,10.25,10.1225,10.2025,1713600
2010-09-02,10.225,10.3575,10.1975,10.315,1602400
2010-09-03,11.25,11.25,10.935,11.045,9036400
2010-09-07,10.9575,11.0775,10.9125,10.9175,2270800
2010-09-08,10.945,11.015,10.875,10.915,2185200
2010-09-09,10.9875,11.0175,10.9325,11.0,1833600
2010-09-10,11.03,11.0325,10.94,11.0125,1810400
2010-09-13,11.15,11.5825,11.095,11.5375,4616800
2010-09-14,11.4525,11.4525,11.275,11.33,2813600
2010-09-15,11.32,11.59,11.285,11.565,1700400
2010-09-16,11.525,11.5925,11.4425,11.56,1398000
2010-09-17,11.5675,11.6325,11.45,11.6225,1873600
2010-09-20,11.6325,11.655,11.525,11.63,1560800
2010-09-21,11.6525,11.6525,11.5225,11.5475,2061600
2010-09-22,11.47,11.4925,11.2175,11.3175,2216000
2010-09-23,11.2675,11.325,11.21,11.2225,1109600
2010-09-24,11.33,11.46,11.1925,11.455,1728800
2010-09-27,11.495,11.6125,11.4275,11.605,2718800
2010-09-28,11.6125,11.64,11.4575,11.595,2480400
2010-09-29,11.55,11.7125,11.505,11.71,1192000
2010-09-30,11.7525,11.82,11.55,11.555,2692800
2010-10-01,11.645,11.7475,11.56,11.7275,1693200
2010-10-04,11.955,12.045,11.485,11.67,2866400
2010-10-05,11.7625,11.955,11.7425,11.875,3241200
2010-10-06,11.815,11.9375,11.8025,11.8775,2015600
2010-10-07,11.96,12.095,11.88,12.0575,1961600
2010-10-08,12.055,12.1125,11.9825,12.07,1307200
2010-10-11,12.09,12.27,12.0375,12.205,1152400
2010-10-12,12.22,12.3675,12.175,12.34,1540000
2010-10-13,12.3825,12.6525,12.31,12.645,3056400
2010-10-14,12.6275,12.7725,12.6275,12.695,2361200
2010-10-15,12.76,12.76,12.5575,12.625,1782000
2010-10-18,12.5975,12.7425,12.585,12.705,842800
2010-10-19,12.5925,12.725,12.4125,12.46,2537600
2010-10-20,12.4725,12.74,12.4725,12.705,1247600
2010-10-21,12.7625,12.83,12.5925,12.7,1217600
2010-10-22,12.7375,12.7525,12.6175,12.665,794400
2010-10-25,12.7475,12.775,12.5075,12.51,1304000
2010-10-26,12.5,12.5675,12.3925,12.4,1196400
2010-10-27,12.355,12.485,12.2775,12.4825,1378800
2010-10-28,12.47,12.7425,12.45,12.47,1000800
2010-10-29,12.4325,12.465,12.28,12.335,2044400
2010-11-01,12.365,12.4775,12.3075,12.3925,1285600
2010-11-02,12.4475,12.6375,12.4325,12.62,803200
2010-11-03,12.6225,12.6275,12.325,12.5125,1321200
2010-11-04,12.5875,12.675,12.4575,12.5075,1229600
2010-11-05,12.485,12.6425,12.445,12.545,1468400
2010-11-08,12.5425,12.5425,12.37,12.405,679600
2010-11-09,12.4425,12.495,12.25,12.35,1156000
2010-11-10,12.3675,12.5,12.285,12.4725,872000
2010-11-11,12.365,12.5,12.3125,12.415,1018800
2010-11-12,12.3375,12.42,12.2825,12.38,870400
2010-11-15,12.38,12.5,12.2825,12.4475,1497200
2010-11-16,12.3475,12.3925,12.255,12.2825,3048400
2010-11-17,12.2825,12.3375,12.225,12.245,1032800
2010-11-18,12.3375,12.7,12.265,12.62,1437600
2010-11-19,12.6225,12.73,12.4975,12.7175,1206400
2010-11-22,12.65,13.0675,12.6125,13.0375,2644800
2010-11-23,12.915,12.965,12.845,12.93,1656000
2010-11-24,12.9975,13.32,12.9975,13.25,1206800
2010-11-26,13.175,13.2375,13.0725,13.0725,320800
2010-11-29,13.03,13.15,12.88,13.03,985600
2010-11-30,12.9425,13.3925,12.9,13.375,2362400
2010-12-01,13.6,13.73,13.4925,13.59,2222800
2010-12-02,13.5975,13.66,13.435,13.4475,3050800
2010-12-03,13.3875,13.435,13.345,13.3875,3984000
2010-12-06,13.3875,13.41,13.3225,13.375,1743600
2010-12-07,13.425,13.495,13.2925,13.39,3702400
2010-12-08,14.4225,14.4225,13.88,14.2325,7831200
2010-12-09,14.31,14.465,14.2475,14.4175,1932800
2010-12-10,14.4,14.49,14.2825,14.46,2476400
2010-12-13,14.49,14.595,14.4275,14.5175,3143200
2010-12-14,14.5525,14.6925,14.4925,14.575,2161200
2010-12-15,14.58,14.7775,14.5325,14.5725,2000400
2010-12-16,14.575,14.7275,14.5575,14.6325,1781600
2010-12-17,14.625,14.63,14.5175,14.5875,2414400
2010-12-20,14.685,14.685,14.405,14.4125,1324400
2010-12-21,14.47,14.495,14.19,14.3125,1873600
2010-12-22,14.31,14.3275,14.16,14.2325,1478000
2010-12-23,14.2575,14.31,14.1225,14.165,1103200
2010-12-27,14.125,14.19,13.9875,14.1,921200
2010-12-28,14.1775,14.2,13.9875,14.145,1094000
2010-12-29,14.14,14.2275,14.05,14.095,509600
2010-12-30,14.0725,14.3525,14.06,14.1625,1482800
2010-12-31,14.0525,14.2025,13.95,14.085,1568800
2011-01-03,14.175,14.255,14.1175,14.2125,1500400
2011-01-04,14.2475,14.2475,14.0325,14.0975,2114800
2011-01-05,14.0825,14.0825,13.935,14.015,1785600
2011-01-06,13.995,14.04,13.9625,14.015,1174800
2011-01-07,14.05,14.1125,13.875,14.0175,942800
2011-01-10,13.9375,14.175,13.8775,14.15,1111600
2011-01-11,14.2025,14.4575,14.1925,14.4325,2498800
2011-01-12,14.5,14.5225,14.3325,14.435,1506000
2011-01-13,14.4875,14.5225,14.275,14.345,1831600
2011-01-14,14.305,14.3925,14.2375,14.3375,1141200
2011-01-18,14.3475,14.46,14.3075,14.365,2207200
2011-01-19,14.3425,14.45,14.265,14.3475,1147600
2011-01-20,14.3125,14.4025,14.2125,14.3625,1497600
2011-01-21,14.4325,14.4325,14.025,14.0975,1559600
2011-01-24,14.105,14.3475,14.0375,14.2875,1494400
2011-01-25,14.2875,14.4125,14.165,14.4,1450000
2011-01-26,14.475,14.52,14.375,14.485,1001200
2011-01-27,14.4575,14.605,14.455,14.545,1082400
2011-01-28,14.525,14.525,14.185,14.2325,899600
2011-01-31,14.28,14.49,14.23,14.335,850000
2011-02-01,14.3925,14.605,14.36,14.37,914800
2011-02-02,14.355,14.46,14.29,14.4375,853200
2011-02-03,14.44,14.5925,14.2875,14.5675,908000
2011-02-04,14.515,14.6825,14.515,14.6625,941200
2011-02-07,14.6675,14.8775,14.6675,14.8375,1208400
2011-02-08,14.865,14.9625,14.8325,14.9075,1237600
2011-02-09,14.8625,14.985,14.8625,14.9375,734800
2011-02-10,14.9025,15.06,14.9025,15.0050001,894400
2011-02-11,14.975,15.5425,14.9675,15.4275,2950800
2011-02-14,15.445,15.7475,15.435,15.5,1620800
2011-02-15,15.445,15.515,15.29,15.31,1608800
2011-02-16,15.3625,15.4875,15.3225,15.4375,1112400
2011-02-17,15.42,15.52,15.3175,15.445,1311200
2011-02-18,15.495,15.6325,15.3525,15.415,1050400
2011-02-22,15.3125,15.335,15.0875,15.2125,1828000
2011-02-23,15.1975,15.2325,14.7025,14.7725,2094000
2011-02-24,14.7725,15.0475,14.7675,14.8675,1242800
2011-02-25,14.95,15.3975,14.95,15.39,1373600
2011-02-28,15.395,15.71,15.38,15.455,1873200
2011-03-01,15.5,15.5825,15.3175,15.4425,2032400
2011-03-02,15.4,15.6125,15.3275,15.405,1464800
2011-03-03,15.5525,15.9375,15.435,15.905,3010800
2011-03-04,16.9475,17.5775,16.675,17.525,9274000
2011-03-07,17.565,17.6,16.88,17.3325,5188400
2011-03-08,17.28,17.8725,17.15,17.625,3638800
2011-03-09,17.57,17.7625,17.3625,17.64,2146000
2011-03-10,17.56,17.56,17.14,17.2225,1856800
2011-03-11,17.2675,17.3225,17.014999,17.245,1390400
2011-03-14,17.215,17.32,17.1125,17.175,1806000
2011-03-15,16.925,17.025,16.485,16.5375,3316000
2011-03-16,16.52,16.655,16.295,16.37,1608400
2011-03-17,16.61,16.61,16.2575,16.2575,2037600
2011-03-18,16.515,16.5375,16.3225,16.38,2030000
2011-03-21,16.655,16.8425,16.5175,16.805,1351600
2011-03-22,16.795,16.8525,16.6,16.6725,1042400
2011-03-23,16.6325,16.865,16.4525,16.75,1198400
2011-03-24,16.855,17.035,16.745,16.9475,2127200
2011-03-25,17.12,17.3975,17.075001,17.3375,2448800
2011-03-28,17.355,17.44,17.1975,17.2025,2193200
2011-03-29,17.2175,17.3575,17.115,17.2875,1792400
2011-03-30,17.3075,17.3175,17.13,17.1725,1707600
2011-03-31,17.1775,17.365,17.094999,17.3625,30396800
2011-04-01,17.44,17.5,17.3275,17.4,2668000
2011-04-04,17.4575,17.5,17.3275,17.3825,3345600
2011-04-05,17.34,17.3975,17.255,17.29,2489600
2011-04-06,17.37,17.375,17.2625,17.3475,2030800
2011-04-07,17.43,18.4325,17.325,18.3775,7396400
2011-04-08,18.615,18.8075,18.12,18.1675,3843200
2011-04-11,18.1575,18.2825,18.0074997,18.145,1734400
2011-04-12,17.9575,18.225,17.9575,18.125,1328800
2011-04-13,18.165,18.21,18.040001,18.155,2089600
2011-04-14,18.049999,18.46,17.995,18.405,2044800
2011-04-15,18.4175,18.495,18.33,18.395,1010800
2011-04-18,18.225,18.3525,17.9325,18.34,1572400
2011-04-19,18.4225,18.45,18.3175,18.425,822800
2011-04-20,18.655,18.8475,18.48,18.575,942000
2011-04-21,18.6825,18.75,18.5275,18.5575,1466000
2011-04-25,18.57,18.57,18.1525,18.1575,1814400
2011-04-26,18.2125,18.5375,18.165,18.5325,2635200
2011-04-27,18.54,18.575,18.2575,18.3875,1694000
2011-04-28,18.3825,18.6475,18.3825,18.5475,878000
2011-04-29,18.56,18.77,18.44,18.725,1132000
2011-05-02,18.7475,18.9175,18.715,18.8025,1289600
2011-05-03,18.75,18.8475,18.5825,18.635,1798000
2011-05-04,18.6125,18.615,18.325,18.425,1546800
2011-05-05,18.3375,18.535,18.2225,18.335,1014800
2011-05-06,18.54,18.7,18.435,18.4825,1240000
2011-05-09,18.42,18.9025,18.3775,18.8,1459600
2011-05-10,18.8475,18.935,18.7175,18.8525,892000
2011-05-11,18.8725,18.8725,18.5425,18.8,930800
2011-05-12,18.73,19.055,18.64,19.014999,1356000
2011-05-13,19.055,19.1475,18.775,18.8275,769200
2011-05-16,18.805,19.022499,18.71,18.89,1130000
2011-05-17,18.795,18.815,18.5525,18.745,1249600
2011-05-18,18.75,18.8575,18.6275,18.83,1545200
2011-05-19,18.875,19.057501,18.7725,18.92,1694400
2011-05-20,18.92,18.9425,18.4025,18.585,1699200
2011-05-23,18.3325,18.495,18.145,18.345,1420800
2011-05-24,18.3975,18.3975,17.9975,18.0275,1362400
2011-05-25,17.945,18.4175,17.925,18.395,1565600
2011-05-26,18.3225,18.645,18.25,18.61,1069600
2011-05-27,18.63,18.7675,18.5475,18.59,1262800
2011-05-31,18.7275,18.7575,18.5725,18.7275,1626800
2011-06-01,18.7275,18.825,18.3725,18.395,1209600
2011-06-02,18.38,18.4625,18.1075,18.1725,1253200
2011-06-03,18.505,18.8625,18.3275,18.425,3864400
2011-06-06,18.45,18.4775,18.2825,18.425,4467600
2011-06-07,18.4875,18.6025,18.3975,18.5275,2747600
2011-06-08,18.45,18.5625,18.41,18.465,1878000
2011-06-09,18.4925,18.57,18.44,18.4725,2228000
2011-06-10,18.415,18.5,18.175,18.265,2720400
2011-06-13,18.3075,18.4025,18.19,18.2725,1139600
2011-06-14,18.4425,18.75,18.375,18.6875,1538800
2011-06-15,18.5675,18.59,18.19,18.1975,2818400
2011-06-16,18.14,18.18,17.855,18.022499,2008400
2011-06-17,18.25,18.315,18.1225,18.2175,2352800
2011-06-20,18.2175,18.8,18.2075,18.7575,1682400
2011-06-21,18.8525,19.425,18.81,19.2375,2309200
2011-06-22,19.22,19.495,19.22,19.375,1888000
2011-06-23,19.29,19.49,18.9125,19.2975,2822800
2011-06-24,19.2975,19.405,18.8675,19.0,2662000
2011-06-27,18.9975,19.0875,18.8225,18.86,1383200
2011-06-28,18.695,18.935,18.695,18.9075,3287600
2011-06-29,19.0025005,19.385,18.81,19.1925,1704000
2011-06-30,19.215,19.815,19.195,19.81,2906400
2011-07-01,19.845,20.0975,19.75,20.0725,1872000
2011-07-05,20.094999,20.125,19.9175,19.9975,1185200
2011-07-06,19.98,20.445,19.98,20.4325,1435600
2011-07-07,20.5025,20.56,20.45,20.5175,1534000
2011-07-08,20.3875,20.3975,20.12,20.3375,1198400
2011-07-11,20.1275,20.205,20.0275,20.1075,1429600
2011-07-12,20.032499,20.2375,19.9925,20.067499,1334800
2011-07-13,20.1425,20.4525,20.1275,20.1925,1411600
2011-07-14,20.195,20.3275,20.049999,20.07,1469200
2011-07-15,20.1525,20.1775,20.0275,20.145,1147200
2011-07-18,20.1,20.15,19.72,20.0074997,1270400
2011-07-19,20.0875,20.3175,20.0875,20.27,828800
2011-07-20,20.3375,20.3475,20.02,20.205,712800
2011-07-21,20.3,20.5525,20.15,20.1825,1276800
2011-07-22,20.22,20.22,19.9,20.1175,741600
2011-07-25,19.9425,19.9975,19.745,19.8125,650800
2011-07-26,19.7925,19.81,19.5425,19.6,1056400
2011-07-27,19.4725,19.5025,19.0525,19.2125,1901600
2011-07-28,19.2125,19.46,19.0425,19.12,1480400
2011-07-29,18.825,19.18,18.6275,19.1225,1462800
2011-08-01,19.3125,19.4275,18.6875,18.935,1132000
2011-08-02,18.8775,19.4175,18.8175,19.0,2675600
2011-08-03,19.0,19.057501,18.485,18.82,1818800
2011-08-04,18.6525,18.6525,17.6175,17.84,2894000
2011-08-05,18.040001,18.084999,17.1675,17.4775,4498800
2011-08-08,16.99,17.155,15.945,15.95,4794000
2011-08-09,16.11,17.1575,15.6925,17.155,3505200
2011-08-10,16.8225,17.0074997,16.3275,16.565,3137200
2011-08-11,16.6525,17.915,16.4125,17.7175,2478400
2011-08-12,17.8325,17.8325,17.5625,17.6225,2467600
2011-08-15,17.73,17.9975,17.4875,17.975,2168800
2011-08-16,17.805,17.93,17.5675,17.8025,1522400
2011-08-17,17.84,18.0625,17.455,17.66,1351600
2011-08-18,17.205,17.2425,16.565,16.695,1611600
2011-08-19,16.4575,16.9725,16.4575,16.555,1651200
2011-08-22,16.815,16.845,16.4575,16.6175,2528800
2011-08-23,16.695,17.43,16.54,17.4125,2539600
2011-08-24,17.3675,17.625,17.26,17.6075,1732400
2011-08-25,17.775,17.9025,17.1225,17.345,1814800
2011-08-26,17.1575,18.075001,17.057501,18.0625,2068800
2011-08-29,18.325,18.6925,18.2875,18.59,1448000
2011-08-30,18.47,19.014999,18.295,18.835,1141600
2011-08-31,18.96,19.067499,18.5275,18.8175,2108400
2011-09-01,19.1525,19.4375,18.385,18.75,4103200
2011-09-02,18.3425,18.555,18.049999,18.1925,1404800
2011-09-06,17.6675,18.4275,17.48,18.415,1894400
2011-09-07,18.7725,18.9975,18.6325,18.9875,2634800
2011-09-08,18.79,19.1525,18.7525,18.9075,1891200
2011-09-09,18.735,18.8025,18.29,18.3625,2114400
2011-09-12,18.1,18.44,18.0049992,18.26,1942800
2011-09-13,18.34,18.86,18.245,18.815,1335600
2011-09-14,18.8975,19.4475,18.6675,19.255,1777200
2011-09-15,19.3825,19.8425,19.2975,19.7625,2794000
2011-09-16,19.97,20.14,19.84,20.0025005,3730400
2011-09-19,19.6125,20.12,19.575,19.99,2071600
2011-09-20,19.9275,21.049999,19.9275,20.75,3860800
2011-09-21,20.725,20.845,20.0725,20.0725,2624800
2011-09-22,18.79,19.905,18.79,19.6275,2167200
2011-09-23,19.625,19.89,19.46,19.87,1510800
2011-09-26,19.9025,20.035,19.6175,19.7975,1742400
2011-09-27,20.0,20.5075,20.0,20.1125,1874800
2011-09-28,20.18,20.3625,19.95,19.9975,1652000
2011-09-29,20.4225,20.4875,19.4225,19.8525,1956800
2011-09-30,19.7,20.1175,19.605,19.7875,2478400
2011-10-03,19.735,19.815,18.4275,18.5025,2093600
2011-10-04,18.315,18.98,18.19,18.965,2486000
2011-10-05,19.040001,19.3275,18.935,19.225,2312400
2011-10-06,19.2325,19.635,18.99,19.62,2163200
2011-10-07,19.6625,19.7075,19.22,19.2425,1826000
2011-10-10,19.6725,19.8325,19.48,19.6475,1232400
2011-10-11,19.5325,19.6075,17.3125,18.0375,13208400
2011-10-12,18.87,19.047501,17.695,18.54,10234400
2011-10-13,18.2525,18.6975,18.2375,18.6675,1784800
2011-10-14,18.7825,18.8275,18.39,18.4625,1806400
2011-10-17,18.3225,18.365,17.0875,17.3075,5192000
2011-10-18,17.305,17.515,17.022499,17.0875,3660800
2011-10-19,17.11,17.1625,16.675,16.7525,2840800
2011-10-20,16.7875,16.88,15.89,16.3775,8484800
2011-10-21,16.5325,17.1025,16.4625,17.09,3035600
2011-10-24,17.02,17.675,17.0175,17.6375,2919200
2011-10-25,17.3825,17.6825,17.36,17.48,3414800
2011-10-26,17.6575,17.71,17.35,17.585,2734400
2011-10-27,17.985,18.07,17.585,17.86,2081600
2011-10-28,17.8175,18.022499,17.5025,17.765,2354400
2011-10-31,17.4675,17.635,17.32,17.325,1639600
2011-11-01,16.8225,16.955,16.655,16.7,2327600
2011-11-02,16.91,17.31,16.69,17.075001,1894000
2011-11-03,17.29,17.505,17.065001,17.335,1682000
2011-11-04,17.1425,17.18,16.4575,16.54,3181200
2011-11-07,16.5,16.855,16.3575,16.83,2384800
2011-11-08,16.9475,17.014999,16.675,16.945,2410400
2011-11-09,16.5475,16.6975,16.32,16.53,2368000
2011-11-10,16.7,16.8075,16.5,16.5425,1877200
2011-11-11,16.71,16.925,16.6425,16.7525,1238400
2011-11-14,16.66,16.7275,16.2025,16.2375,2583600
2011-11-15,16.2125,16.2725,13.15,14.16,44669600
2011-11-16,13.82,14.9625,13.75,14.7125,16923600
2011-11-17,14.63,14.7125,14.325,14.6475,6941200
2011-11-18,14.645,14.675,14.255,14.5625,3635200
2011-11-21,14.265,14.4425,14.125,14.295,3170800
2011-11-22,14.34,14.5025,14.175,14.415,2942800
2011-11-23,14.35,14.535,14.235,14.4725,3128400
2011-11-25,14.44,14.485,14.305,14.365,722800
2011-11-28,14.7625,15.1275,14.7,14.8275,3081600
2011-11-29,14.9425,15.0775,14.6275,14.715,2854000
2011-11-30,15.1125,15.3275,15.0725,15.315,3864400
2011-12-01,15.305,15.57,15.1925,15.345,1615600
2011-12-02,15.345,15.5375,14.91,14.9925,2375200
2011-12-05,15.215,15.6825,15.0175,15.15,3773600
2011-12-06,15.03,15.1175,14.615,14.9575,4241200
2011-12-07,14.895,14.96,14.345,14.6525,9015600
2011-12-08,14.575,14.81,14.505,14.54,3239600
2011-12-09,15.8725,17.445,15.75,16.9525,16690000
2011-12-12,16.8625,17.032499,16.5975,16.7475,3081200
2011-12-13,16.8725,17.040001,16.045,16.155,4242400
2011-12-14,16.09,16.7925,16.075001,16.49,3599600
2011-12-15,16.63,16.915,16.595,16.645,2118800
2011-12-16,16.9075,17.2775,16.7225,17.092501,4126000
2011-12-19,17.1075,17.305,16.8275,17.1225,3760000
2011-12-20,17.37,17.7025,17.3325,17.6425,3138400
2011-12-21,17.55,17.6825,17.39,17.62,1659600
2011-12-22,17.6475,17.7125,17.4375,17.5625,1185600
2011-12-23,17.67,17.68,17.41,17.5525,1583200
2011-12-27,17.5625,17.75,17.5025,17.645,941600
2011-12-28,17.585,17.64,17.3125,17.425,838800
2011-12-29,17.5175,17.805,17.465,17.775,876400
2011-12-30,17.7125,17.8625,17.6125,17.63,866800
2012-01-03,17.98,18.0425,17.6175,17.6925,1491600
2012-01-04,17.65,17.76,17.5625,17.68,1454400
2012-01-05,17.61,17.625,17.2525,17.5225,1816800
2012-01-06,17.5875,17.845,17.24,17.445,2450800
2012-01-09,17.5925,17.68,17.2625,17.2975,2784400
2012-01-10,17.52,17.5425,17.3025,17.385,2156400
2012-01-11,17.255,17.7675,17.255,17.6975,1760000
2012-01-12,17.7,17.735,17.3875,17.6,1092000
2012-01-13,17.4225,17.725,17.32,17.7175,1051200
2012-01-17,17.995,17.995,17.295,17.305,1352800
2012-01-18,17.3275,17.4525,17.2,17.4425,1009600
2012-01-19,17.51,17.8225,17.4675,17.7175,1648000
2012-01-20,17.7025,17.7375,17.5,17.6,743600
2012-01-23,17.5675,17.605,17.0425,17.185,1555200
2012-01-24,17.115,17.72,16.995,17.6825,1628400
2012-01-25,17.5975,18.07,17.5775,18.047501,1519600
2012-01-26,18.094999,18.2525,17.875,17.945,1237600
2012-01-27,17.9175,18.08,17.84,18.032499,360800
2012-01-30,17.9625,18.2125,17.6625,18.1725,1338000
2012-01-31,18.23,18.32,17.9525,18.035,1289600
2012-02-01,18.165,19.1075,18.1025,18.6825,2602000
2012-02-02,18.775,18.7975,18.5075,18.6125,1211600
2012-02-03,18.8025,19.059999,18.74,19.02,1248000
2012-02-06,18.935,19.1575,18.8075,19.075001,2004400
2012-02-07,19.0825,19.1025,18.7475,18.8075,1404400
2012-02-08,18.8175,18.95,18.5225,18.75,1280000
2012-02-09,18.8225,18.825,18.3325,18.48,1122000
2012-02-10,18.32,18.69,18.18,18.5975,983600
2012-02-13,18.75,18.76,18.6025,18.7425,1412000
2012-02-14,18.6825,18.72,18.4975,18.6175,946000
2012-02-15,18.695,18.7825,18.5525,18.76,1430000
2012-02-16,18.91,19.6975,18.7875,19.5225,2030400
2012-02-17,19.645,19.6875,19.315,19.5525,1097200
2012-02-21,19.56,19.575,19.4425,19.5225,1176800
2012-02-22,19.485,19.595,19.375,19.53,1502800
2012-02-23,19.5225,20.0725,19.5175,19.795,1885200
2012-02-24,19.7725,19.89,19.585,19.815,1272400
2012-02-27,19.725,20.014999,19.5525,19.9225,1257200
2012-02-28,20.0049992,20.2275,19.8575,20.02,1317600
2012-02-29,20.115,20.23,19.8675,19.87,1564800
2012-03-01,19.915,20.077499,19.6925,19.8925,1284800
2012-03-02,19.8525,19.95,19.6025,19.625,1267200
2012-03-05,19.6075,19.745,19.4175,19.5875,1644000
2012-03-06,19.375,19.415,19.125,19.375,1810400
2012-03-07,19.45,19.765,19.415,19.5725,1647600
2012-03-08,19.7775,19.8675,19.5625,19.7325,2428400
2012-03-09,20.7875,20.9625,20.2375,20.49,5808000
2012-03-12,20.3175,20.32,19.8075,19.895,3858800
2012-03-13,19.955,20.2025,19.75,20.025,1641600
2012-03-14,19.97,20.5575,19.97,20.29,2066800
2012-03-15,20.2375,20.285,19.9725,20.2075,1118800
2012-03-16,20.17,20.245,20.1175,20.195,1291200
2012-03-19,20.15,20.15,19.8425,19.89,2218800
2012-03-20,19.845,19.845,19.55,19.6,1339200
2012-03-21,19.5925,19.66,19.4275,19.565,1009600
2012-03-22,19.475,19.775,19.4075,19.75,1393200
2012-03-23,19.7175,19.865,19.67,19.725,750400
2012-03-26,19.775,20.077499,19.775,20.0,998800
2012-03-27,20.025,20.0625,19.9175,19.9925,1100000
2012-03-28,20.0,20.1275,19.965,20.1075,1473200
2012-03-29,19.95,20.4675,19.8575,20.3125,1872000
2012-03-30,20.375,20.5275,20.2125,20.4275,2955600
2012-04-02,20.335,20.6025,20.1625,20.5625,1980400
2012-04-03,20.495,20.495,20.23,20.3875,1217600
2012-04-04,20.1375,20.1975,20.040001,20.17,1388800
2012-04-05,20.21,21.0275,20.155,20.94,3463200
2012-04-09,20.62,20.72,20.535,20.675,1970400
2012-04-10,20.5925,20.7825,20.365,20.3825,2510800
2012-04-11,20.505,20.5925,20.305,20.4725,1260000
2012-04-12,20.445,20.955,20.445,20.9075,1960000
2012-04-13,20.8175,20.8725,20.63,20.7425,1351200
2012-04-16,20.85,20.9275,20.595,20.635,1108400
2012-04-17,20.75,21.205,20.75,21.040001,1367600
2012-04-18,20.9725,21.25,20.95,21.2325,1867600
2012-04-19,21.25,21.5275,21.1275,21.465,2301600
2012-04-20,21.5875,21.795,21.3525,21.37,1978800
2012-04-23,21.0,21.3675,20.965,21.32,1523200
2012-04-24,21.305,21.4725,21.1925,21.4075,1456000
2012-04-25,21.585,21.885,21.545,21.6725,2007200
2012-04-26,21.6525,21.7675,21.385,21.6175,1577200
2012-04-27,21.725,22.185,21.53,22.14,1836400
2012-04-30,22.07,22.1525,21.92,22.0425,1446400
2012-05-01,22.0,22.3075,21.8675,22.057501,1199200
2012-05-02,21.975,22.0875,21.8325,21.945,1934800
2012-05-03,21.885,22.3275,21.885,22.1025,4522000
2012-05-04,22.0375,22.0375,21.715,21.75,1070400
2012-05-07,21.6625,21.8375,21.515,21.805,1348000
2012-05-08,21.65,22.0375,21.4725,21.9675,1238800
2012-05-09,21.82,21.84,21.535,21.7425,760000
2012-05-10,21.9125,22.11,21.7725,22.07,948400
2012-05-11,21.895,22.31,21.85,22.0425,1322400
2012-05-14,21.8675,22.047501,21.7075,21.855,652000
2012-05-15,21.885,22.0049992,21.64,21.725,820000
2012-05-16,21.735,21.8325,21.5925,21.6625,1159600
2012-05-17,21.6825,21.7475,21.3525,21.4375,1775600
2012-05-18,21.46,21.51,21.185,21.2425,3455600
2012-05-21,21.2575,21.65,21.09,21.58,1819200
2012-05-22,21.6625,21.855,21.3725,21.4675,1032000
2012-05-23,21.3575,21.5075,21.2375,21.44,2036000
2012-05-24,21.4825,21.9025,21.355,21.435,1877200
2012-05-25,21.47,21.59,21.3075,21.3825,1395200
2012-05-29,21.5575,21.565,21.3925,21.43,1682000
2012-05-30,21.305,21.4675,21.094999,21.3325,1762400
2012-05-31,21.2625,21.365,21.1,21.295,3611200
2012-06-01,20.9925,21.094999,20.6125,20.7175,5773200
2012-06-04,20.6675,20.6675,19.7375,19.825,4058400
2012-06-05,19.765,20.385,19.6575,20.3125,2251600
2012-06-06,20.4875,20.585,20.43,20.5375,1793200
2012-06-07,20.715,20.8175,20.012501,20.014999,3270000
2012-06-08,18.9175,19.8325,18.8525,19.705,9728000
2012-06-11,19.81,19.84,19.4675,19.5075,4262400
2012-06-12,19.5425,19.775,19.425,19.6675,1570800
2012-06-13,19.6625,19.82,19.3725,19.45,1438800
2012-06-14,19.49,19.65,19.3475,19.3975,2122000
2012-06-15,19.605,19.885,19.605,19.7375,2629200
2012-06-18,19.675,20.014999,19.5975,19.86,1902000
2012-06-19,19.8475,20.0275,19.735,19.855,1958800
2012-06-20,19.7925,20.0049992,19.7375,19.9025,1649600
2012-06-21,19.9,20.1725,19.8525,19.8775,2380000
2012-06-22,19.9375,20.2025,19.875,20.15,1985200
2012-06-25,19.9625,20.01,19.66,19.6775,2390000
2012-06-26,19.705,19.9575,19.635,19.6525,1428000
2012-06-27,19.7,19.8575,19.625,19.6825,1715600
2012-06-28,19.655,19.6925,19.077499,19.3325,3188800
2012-06-29,19.68,20.0425,19.6325,19.94,4024400
2012-07-02,19.9075,20.24,19.9075,19.9875,3289200
2012-07-03,20.0,20.0049992,19.7925,19.96,2701600
2012-07-05,19.955,19.9825,19.595,19.5975,2160000
2012-07-06,19.455,19.5225,19.2825,19.38,1749600
2012-07-09,19.315,19.415,19.2125,19.3175,2763600
2012-07-10,19.445,19.5425,19.105,19.175,2164400
2012-07-11,18.905,19.6375,18.11,19.575,3659200
2012-07-12,19.41,19.48,19.145,19.345,2357200
2012-07-13,19.345,19.7925,19.345,19.7325,2727600
2012-07-16,19.7175,19.7175,19.225,19.2675,1283200
2012-07-17,19.2825,19.385,19.0375,19.1375,1544400
2012-07-18,19.1325,19.435,19.0725,19.2625,1312800
2012-07-19,19.2575,19.335,19.0375,19.3,1621200
2012-07-20,19.195,19.2325,18.8725,18.875,1753600
2012-07-23,18.77,18.8275,18.3075,18.545,1334000
2012-07-24,18.63,18.71,18.2625,18.4475,1164400
2012-07-25,18.46,18.9625,18.46,18.885,2688800
2012-07-26,19.0875,19.2,18.6875,18.76,1645600
2012-07-27,18.8975,19.09,18.705,19.0,1492400
2012-07-30,18.9825,19.1275,18.9525,19.0875,1183600
2012-07-31,19.047501,19.1975,18.7975,18.815,1165200
2012-08-01,18.895,19.0275,18.3825,18.4475,2074800
2012-08-02,18.3625,18.3625,17.85,18.0725,3712800
2012-08-03,18.3375,18.445,18.1275,18.15,3049600
2012-08-06,18.165,18.865,18.16,18.775,1985600
2012-08-07,18.7925,19.195,18.7925,19.084999,2122800
2012-08-08,18.9925,19.2625,18.9925,19.2375,848400
2012-08-09,19.2075,19.5525,19.2075,19.5375,1514400
2012-08-10,19.4575,19.5675,19.4325,19.5,626400
2012-08-13,19.49,19.615,19.4375,19.53,956400
2012-08-14,19.575,19.605,19.4425,19.5425,662400
2012-08-15,20.047501,20.515,19.7775,20.4375,1754400
2012-08-16,20.3775,20.515,20.155,20.425,1172000
2012-08-17,20.4625,20.77,20.4375,20.73,1178400
2012-08-20,20.69,20.7525,20.28,20.4,1098800
2012-08-21,20.4,20.6225,20.3325,20.405,1155600
2012-08-22,20.3375,20.6475,20.2925,20.51,1573200
2012-08-23,20.445,20.5525,20.205,20.46,969200
2012-08-24,20.4075,20.7175,20.35,20.65,692000
2012-08-27,20.77,21.18,20.685,20.81,1656000
2012-08-28,20.7925,21.022499,20.7525,20.8675,891600
2012-08-29,20.85,21.02,20.8025,20.8075,994400
2012-08-30,20.71,20.92,20.65,20.79,979600
2012-08-31,20.9,21.1025,20.565,20.9625,946800
2012-09-04,20.96,21.3375,20.7575,21.2325,1309600
2012-09-05,21.25,21.25,21.030001,21.1575,1371200
2012-09-06,21.305,21.66,21.19,21.5075,2319200
2012-09-07,23.2875,23.7225,23.1575,23.3325,8609200
2012-09-10,23.4525,23.5,22.885,23.2525,3055200
2012-09-11,23.18,23.7,23.18,23.65,2776000
2012-09-12,23.65,23.98,23.4375,23.495,4161200
2012-09-13,23.5775,23.8075,23.0275,23.7075,1983200
2012-09-14,23.6975,23.84,23.3775,23.455,1424000
2012-09-17,23.4225,23.64,23.385,23.445,1370000
2012-09-18,23.3675,23.645,23.3425,23.3625,1739600
2012-09-19,23.42,23.4575,23.29,23.3325,1072400
2012-09-20,23.2675,23.565,23.215,23.395,1239600
2012-09-21,23.375,23.525,23.375,23.44,1916400
2012-09-24,23.49,23.68,23.305,23.3175,1056000
2012-09-25,23.4525,23.795,23.375,23.6225,2456000
2012-09-26,23.57,23.6,23.3875,23.42,2192400
2012-09-27,23.55,23.6725,23.3925,23.57,690800
2012-09-28,23.5275,23.6925,23.445,23.615,1044400
2012-10-01,23.74,23.7875,23.3825,23.51,1517200
2012-10-02,23.6275,24.3575,23.5525,24.295,3169600
2012-10-03,24.29,24.83,24.2475,24.8275,4484400
2012-10-04,24.9025,25.23,24.625,25.1675,3073600
2012-10-05,24.945,25.025,24.3775,24.4975,3009200
2012-10-08,24.355,24.5,24.07,24.2425,1235200
2012-10-09,24.275,24.275,23.75,23.9875,2003600
2012-10-10,24.0275,24.067499,23.8275,24.059999,1207200
2012-10-11,24.7175,24.935,23.8625,24.4275,1560800
2012-10-12,24.3875,24.5075,24.15,24.2175,934000
2012-10-15,24.3575,24.44,24.155,24.415,878400
2012-10-16,24.4925,24.77,24.4925,24.5875,687200
2012-10-17,24.5725,24.755,24.4225,24.655,886400
2012-10-18,24.72,24.72,24.2175,24.3575,891200
2012-10-19,24.33,24.4125,23.775,23.915,912800
2012-10-22,23.8875,23.94,23.69,23.825,799600
2012-10-23,23.7075,23.715,23.33,23.5975,891200
2012-10-24,23.76,24.08,23.68,23.96,960800
2012-10-25,24.1225,24.3625,23.8475,24.0175,740400
2012-10-26,24.022499,24.0825,23.6925,23.7475,644000
2012-10-31,23.94,24.057501,23.705,23.995,973600
2012-11-01,23.9725,24.6925,23.7525,24.6125,1522400
2012-11-02,24.6925,24.715,24.030001,24.032499,996800
2012-11-05,24.049999,24.4825,23.855,24.3825,623200
2012-11-06,24.41,24.56,24.067499,24.45,858000
2012-11-07,24.2875,24.3425,23.7525,24.1225,821600
2012-11-08,24.075001,24.0875,23.285,23.505,1130400
2012-11-09,23.4625,23.7,23.2875,23.34,1672400
2012-11-12,23.43,23.5025,23.1775,23.315,793200
2012-11-13,23.2325,23.33,22.8575,22.8875,1561200
2012-11-14,22.975,22.985,22.625,22.675,1592000
2012-11-15,22.6575,22.805,22.2,22.35,2172000
2012-11-16,22.375,22.8625,22.375,22.8025,1427600
2012-11-19,22.9675,23.1725,22.7175,23.1625,970000
2012-11-20,23.0725,23.325,22.9075,23.3175,981200
2012-11-21,23.3225,23.605,23.1975,23.6,998800
2012-11-23,23.6325,23.8425,23.47,23.82,342000
2012-11-26,23.8075,23.9625,23.68,23.82,972800
2012-11-27,23.7775,24.09,23.7325,23.7725,805200
2012-11-28,23.585,24.16,23.5525,24.1475,1144400
2012-11-29,24.3025,24.4275,23.9425,23.975,908800
2012-11-30,24.0625,24.375,23.555,23.735,7888000
2012-12-03,23.725,24.115,23.635,23.7825,1752000
2012-12-04,23.835,23.925,23.565,23.7825,1416800
2012-12-05,23.8775,23.9125,23.335,23.3925,1785200
2012-12-06,23.435,23.5,23.1875,23.4625,1480800
2012-12-07,23.0,23.6375,22.7775,23.6325,4426000
2012-12-10,23.5775,24.030001,23.5325,23.925,1809200
2012-12-11,23.935,24.3675,23.8475,24.2275,1292000
2012-12-12,24.3325,24.3325,23.9075,23.935,1106800
2012-12-13,23.7375,23.92,23.53,23.75,1995200
2012-12-14,23.785,23.97,23.715,23.87,1012800
2012-12-17,23.8775,24.0425,23.8175,23.985,814400
2012-12-18,23.9775,24.185,23.6675,23.7625,1823600
2012-12-19,23.7875,23.8425,23.3825,23.62,1658400
2012-12-20,23.6575,23.8,23.165,23.1875,2278800
2012-12-21,23.1225,23.3575,22.86,23.215,3882000
2012-12-24,23.5525,23.86,23.4825,23.5525,1351200
2012-12-26,23.5475,23.6875,22.955,22.9725,1235200
2012-12-27,23.0375,23.1775,22.91,23.115,1312800
2012-12-28,23.0,23.1,22.8775,22.8775,787200
2012-12-31,22.815,23.17,22.6875,23.12,1341200
2013-01-02,23.4375,23.79,23.365,23.79,1954800
2013-01-03,23.735,24.035,23.62,23.7325,1449200
2013-01-04,23.875,24.014999,23.6925,23.86,1568000
2013-01-07,23.8,24.2275,23.8,24.1,1191600
2013-01-08,24.07,24.1075,23.845,24.01,1277200
2013-01-09,24.1125,24.325,24.01,24.135,1490800
2013-01-10,24.225,24.495,24.0825,24.45,1373600
2013-01-11,24.4,24.6825,24.1575,24.22,1886800
2013-01-14,24.25,24.4525,24.1675,24.2775,902000
2013-01-15,24.23,24.3,24.077499,24.3,1455600
2013-01-16,24.2925,24.55,24.2075,24.4575,1036400
2013-01-17,24.49,24.5875,24.3325,24.3325,958400
2013-01-18,24.39,24.445,24.2225,24.3325,1368800
2013-01-22,24.3325,24.62,24.3275,24.6,1452000
2013-01-23,24.6475,24.9375,24.5225,24.91,1342000
2013-01-24,24.8775,25.3575,24.78,25.1825,1864800
2013-01-25,25.195,25.52,24.9325,25.52,1376800
2013-01-28,25.5225,25.6175,25.295,25.445,873200
2013-01-29,25.345,25.4925,25.23,25.3775,775600
2013-01-30,25.31,25.4225,25.205,25.2625,726800
2013-01-31,25.2375,25.36,25.035,25.3375,1050400
2013-02-01,25.51,25.5825,25.3,25.5475,641200
2013-02-04,25.385,25.385,25.059999,25.1625,1104000
2013-02-05,25.2375,25.3525,25.1875,25.215,757600
2013-02-06,25.0975,25.7575,25.0975,25.7575,1860000
2013-02-07,25.7875,25.8325,25.61,25.7175,1976000
2013-02-08,25.7525,26.3,25.75,26.065001,1236800
2013-02-11,26.022499,26.185,25.9375,26.012501,567200
2013-02-12,26.0375,26.18,26.0375,26.1525,1131600
2013-02-13,26.2575,26.4375,25.9725,26.0625,1150400
2013-02-14,26.0525,26.105,25.8975,25.9475,835200
2013-02-15,25.9625,26.1325,25.8925,26.0025005,448400
2013-02-19,25.9725,26.2975,25.845,26.165,740000
2013-02-20,26.155,26.1675,25.76,25.785,822400
2013-02-21,25.7775,25.78,25.3925,25.6475,1143600
2013-02-22,25.7625,25.855,25.66,25.7275,454400
2013-02-25,25.8275,26.2075,25.5825,25.5825,1010400
2013-02-26,25.705,26.084999,25.535,25.99,1061200
2013-02-27,26.0175,26.535,26.01,26.375,727200
2013-02-28,26.3725,26.6875,26.3725,26.515,766800
2013-03-01,26.42,26.4925,26.1025,26.27,1440400
2013-03-04,26.2075,26.3825,26.047501,26.2975,935200
2013-03-05,26.4525,26.5775,26.3825,26.4675,1934400
2013-03-06,26.5525,26.63,26.2775,26.3875,1386000
2013-03-07,26.4225,26.475,25.97,26.175,2806400
2013-03-08,26.075001,27.39,25.8925,27.057501,3524400
2013-03-11,26.635,26.745,26.47,26.5625,1492400
2013-03-12,26.4175,26.5925,26.24,26.35,1661600
2013-03-13,26.3475,26.3475,26.23,26.3125,1160400
2013-03-14,26.25,26.4375,26.11,26.205,1104400
2013-03-15,26.165,26.2325,25.865,25.955,1493600
2013-03-18,25.855,26.105,25.68,26.022499,969600
2013-03-19,26.084999,26.19,25.9125,26.105,988000
2013-03-20,26.265,27.455,26.1075,26.37,1214000
2013-03-21,26.23,27.4125,25.92,25.995,678400
2013-03-22,26.092501,26.1225,25.9325,26.040001,501600
2013-03-25,26.16,26.2425,25.92,26.0975,863600
2013-03-26,26.07,26.2475,25.9675,26.2325,1051600
2013-03-27,26.092501,26.6975,26.049999,26.685,1243200
2013-03-28,26.685,27.01,26.62,26.97,1335200
2013-04-01,26.95,27.0625,26.44,26.6375,812800
2013-04-02,26.8,27.0725,26.8,26.9275,942400
2013-04-03,26.925,26.9825,26.6625,26.7625,1295200
2013-04-04,26.805,27.0025005,26.685,26.995,1155200
2013-04-05,26.75,26.8875,26.44,26.5425,2131200
2013-04-08,26.5525,26.6375,26.3475,26.5975,830000
2013-04-09,26.5775,26.745,26.4875,26.6525,773200
2013-04-10,26.675,27.12,26.6,27.0425,1324000
2013-04-11,27.125,27.4825,26.985,27.4725,1254400
2013-04-12,27.4075,27.4475,27.077499,27.2375,1233200
2013-04-15,27.185,27.19,26.66,26.77,1679200
2013-04-16,26.91,27.2025,26.75,27.1575,1500800
2013-04-17,27.0625,27.094999,26.8,26.97,1567600
2013-04-18,26.975,27.12,26.3475,26.465,696000
2013-04-19,26.45,26.7275,26.059999,26.5625,641600
2013-04-22,26.6125,26.6125,26.2325,26.52,464000
2013-04-23,26.665,27.12,26.5975,27.049999,1131600
2013-04-24,26.9975,27.012501,26.755,26.905,734000
2013-04-25,26.345,27.6125,26.3375,26.8225,698800
2013-04-26,26.795,26.93,26.5225,26.93,708000
2013-04-29,27.0525,27.235,26.75,27.19,659200
2013-04-30,27.14,27.7125,27.0725,27.6,1393600
2013-05-01,27.6,27.6425,27.1325,27.1675,575200
2013-05-02,27.23,27.4825,27.047501,27.465,1466800
2013-05-03,27.66,28.0074997,27.6275,28.0,1281200
2013-05-06,28.057501,28.375,27.9375,28.33,1128400
2013-05-07,28.33,28.4275,28.165,28.3825,878400
2013-05-08,28.405,28.7925,28.215,28.765,1217200
2013-05-09,28.745,29.025,28.74,28.835,812400
2013-05-10,28.9075,29.16,28.82,28.9925,750800
2013-05-13,29.0025005,29.115,28.9275,29.0,1234000
2013-05-14,28.9625,29.1975,28.7175,28.7425,1278400
2013-05-15,28.4725,28.4725,27.8475,27.9825,2960000
2013-05-16,27.9825,27.9875,27.5975,27.63,1397200
2013-05-17,27.77,27.9025,27.7,27.805,1015200
2013-05-20,27.8125,28.0375,27.6625,27.7675,1280400
2013-05-21,27.79,27.995,27.6425,27.7475,757600
2013-05-22,27.7775,27.8625,26.65,26.805,2415600
2013-05-23,26.71,26.915,26.4275,26.78,1484000
2013-05-24,26.7625,27.4625,26.5725,27.26,3757200
2013-05-28,27.47,27.91,27.32,27.735,2255600
2013-05-29,27.6375,27.7825,27.1425,27.6975,1771200
2013-05-30,27.6425,28.5925,27.575,28.575,1604800
2013-05-31,28.4225,28.83,28.24,28.2525,1396000
2013-06-03,28.25,28.525,28.2325,28.3,2294800
2013-06-04,28.3,28.4975,27.9225,27.9575,1660000
2013-06-05,27.855,28.0825,27.6875,27.75,944800
2013-06-06,27.6575,28.305,27.5825,28.2825,1564800
2013-06-07,29.1525,30.14,29.1525,30.0,4573200
2013-06-10,30.055,30.6925,29.9,30.4075,2698000
2013-06-11,30.115,30.52,29.765,30.24,1015200
2013-06-12,30.48,30.4875,29.98,30.1025,747200
2013-06-13,30.125,30.3575,29.93,30.305,1079600
2013-06-14,30.305,30.445,29.9925,30.3825,1365600
2013-06-17,30.5425,31.02,30.4275,30.7,1438400
2013-06-18,30.7725,30.8225,30.3925,30.4225,944800
2013-06-19,30.4625,30.55,30.1525,30.1875,783600
2013-06-20,29.8775,29.98,29.2275,29.3275,883200
2013-06-21,29.4925,29.75,29.37,29.65,1299200
2013-06-24,29.37,29.7625,29.1875,29.4625,935200
2013-06-25,29.74,29.8475,29.067499,29.21,1246400
2013-06-26,29.48,29.645,29.295,29.415,963200
2013-06-27,29.595,29.6225,29.325,29.45,1257600
2013-06-28,29.425,30.23,29.2025,29.7625,2332400
2013-07-01,29.91,30.2675,29.8075,30.2225,930000
2013-07-02,30.24,30.635,30.2075,30.4825,955200
2013-07-03,30.275,30.4925,30.0,30.4125,600000
2013-07-05,30.64,30.945,30.4525,30.91,1071200
2013-07-08,31.025,31.1825,30.7925,30.835,1464000
2013-07-09,30.905,31.0625,30.6525,30.9475,758000
2013-07-10,31.0025005,31.225,30.74,31.105,1025200
2013-07-11,31.3675,31.4,30.9125,30.925,1185200
2013-07-12,30.9025,31.3725,30.5075,31.34,1218000
2013-07-15,31.295,31.865,31.1375,31.7675,1586400
2013-07-16,31.8475,32.092499,31.1475,31.2675,1216400
2013-07-17,31.45,31.6925,31.42,31.445,534800
2013-07-18,31.4925,31.8025,31.4725,31.655,518800
2013-07-19,31.625,31.7525,31.455,31.71,838000
2013-07-22,31.72,32.077499,31.4175,32.077499,1558400
2013-07-23,32.037498,32.265,31.7525,31.875,1330400
2013-07-24,32.022499,32.1125,31.6,31.7225,893200
2013-07-25,31.71,31.865,31.34,31.555,712000
2013-07-26,31.545,31.545,31.1675,31.4475,603600
2013-07-29,31.3675,31.585,31.02,31.43,944400
2013-07-30,31.5975,31.5975,31.1,31.33,1064800
2013-07-31,31.4575,32.072498,31.4175,31.8375,1305600
2013-08-01,32.1175,32.5925,32.012501,32.4025,1427200
2013-08-02,32.2925,32.2925,31.9125,32.2625,527600
2013-08-05,32.1875,32.6175,31.87,32.6175,740400
2013-08-06,32.5,32.6725,32.055,32.5375,1181200
2013-08-07,32.5,32.7075,32.0,32.535,859200
2013-08-08,32.7125,32.985,32.4775,32.915,722000
2013-08-09,32.8,33.072498,32.6175,32.9025,530400
2013-08-12,32.7825,33.1825,32.7825,32.93,608000
2013-08-13,32.9125,33.3825,32.4625,32.875,651600
2013-08-14,32.9975,32.9975,32.7775,32.935,464400
2013-08-15,32.7075,32.7275,32.25,32.355,787200
2013-08-16,32.36,32.5525,32.0050011,32.3575,804800
2013-08-19,32.32,32.59,32.014999,32.235,723600
2013-08-20,32.19,32.4625,31.885,32.435,780000
2013-08-21,32.3675,32.56,32.1325,32.305,623600
2013-08-22,32.3725,32.605,32.099998,32.5,365600
2013-08-23,32.5125,32.715,32.3025,32.54,804400
2013-08-26,32.5225,32.69,32.195,32.4075,712800
2013-08-27,32.185,32.57,32.0074997,32.3825,1286400
2013-08-28,32.4425,32.785,32.15,32.605,854800
2013-08-29,32.6125,33.0425,32.3475,32.9325,847200
2013-08-30,32.9325,33.052502,32.44,32.6525,1283600
2013-09-03,32.9475,33.2475,32.4525,32.955,1918000
2013-09-04,32.94,33.395,32.94,33.34,1067600
2013-09-05,33.175,33.55,32.855,33.3125,1441600
2013-09-06,32.975,32.975,31.6975,32.73,2670000
2013-09-09,32.8325,33.3175,32.8325,33.28,1123600
2013-09-10,33.4875,33.7525,33.33,33.7425,925600
2013-09-11,33.765,33.8525,33.5325,33.6175,634800
2013-09-12,33.635,33.6925,32.9475,33.0074997,1482000
2013-09-13,33.049999,33.185,32.8875,33.017502,760800
2013-09-16,33.45,33.6,33.2,33.33,602000
2013-09-17,33.33,33.63,33.3175,33.6025,532800
2013-09-18,33.55,33.6875,33.1225,33.68,494400
2013-09-19,33.69,33.805,32.8675,32.9975,1052000
2013-09-20,32.93,33.155,32.69,32.8275,1456400
2013-09-23,32.7775,32.8175,32.255,32.3125,834000
2013-09-24,32.31,32.3125,31.9025,31.9475,1215200
2013-09-25,31.99,32.415,31.47,32.31,1938800
2013-09-26,32.395,32.685,32.16,32.495,1217200
2013-09-27,32.415,32.695,32.12,32.6325,938000
2013-09-30,32.25,32.5925,32.11,32.4225,1510000
2013-10-01,32.5,32.9975,32.3425,32.69,1846400
2013-10-02,32.5725,32.5725,32.0074997,32.3675,1463600
2013-10-03,32.3,32.4825,31.7075,31.715,3344800
2013-10-04,31.7375,32.014999,31.5575,31.7675,1581600
2013-10-07,31.5525,31.8025,31.0,31.6025,1560000
2013-10-08,31.6875,31.93,31.22,31.24,1375200
2013-10-09,31.2475,31.585,31.01,31.3775,1872000
2013-10-10,31.6675,31.8575,31.52,31.8175,1360000
2013-10-11,31.9075,32.44,31.7175,32.42,1380000
2013-10-14,32.2475,32.49,31.98,32.4,1222800
2013-10-15,32.4425,32.445,31.9075,31.965,1384800
2013-10-16,32.047501,32.2375,31.8875,31.9775,1214800
2013-10-17,31.92,31.9625,31.73,31.7825,2195600
2013-10-18,31.925,31.96,31.3725,31.48,1645600
2013-10-21,31.5475,31.895,31.3225,31.8425,1224400
2013-10-22,31.76,32.27,31.76,32.099998,1093200
2013-10-23,32.025002,32.165,31.7675,32.087502,673200
2013-10-24,32.2,32.2875,31.9575,32.1925,775200
2013-10-25,32.16,32.32,31.9025,32.295,1066000
2013-10-28,32.2325,32.4675,32.067501,32.41,797600
2013-10-29,32.5,32.79,32.5,32.79,1073200
2013-10-30,32.73,33.037498,32.25,32.4375,649200
2013-10-31,32.4875,32.565,32.0074997,32.3025,771600
2013-11-01,32.36,32.6275,31.8825,32.087502,825600
2013-11-04,32.0625,32.295,31.8325,32.2625,815200
2013-11-05,31.6175,32.2775,31.6175,32.1225,896800
2013-11-06,32.31,32.31,31.9275,31.97,712400
2013-11-07,32.07,32.26,31.41,31.43,718400
2013-11-08,31.4175,31.895,31.37,31.7675,518000
2013-11-11,31.8475,32.1225,31.6775,31.79,633200
2013-11-12,31.755,32.0275,31.51,31.9625,397600
2013-11-13,31.7775,32.205,31.7775,31.9,891200
2013-11-14,31.9075,32.1225,31.6225,31.745,995200
2013-11-15,31.675,32.3525,31.6275,32.3375,738400
2013-11-18,32.3075,32.3175,31.8075,32.0,918800
2013-11-19,31.9375,32.14,31.8325,31.99,698400
2013-11-20,31.99,32.3025,31.925,32.0,650000
2013-11-21,32.115,33.057499,32.115,33.055,1286400
2013-11-22,33.1225,33.6175,32.9675,33.4025,1640800
2013-11-25,33.39,33.4925,33.15,33.2075,975200
2013-11-26,33.14,33.2025,32.65,32.66,1237200
2013-11-27,32.68,32.9675,32.4975,32.9475,1841600
2013-11-29,33.029999,33.355,32.8625,32.935,366000
2013-12-02,32.91,33.18,32.67,33.064999,925600
2013-12-03,32.85,33.265,32.605,33.1975,1732000
2013-12-04,33.38,33.38,32.66,32.97,872400
2013-12-05,33.595,33.75,33.047501,33.4325,1471600
2013-12-06,31.6675,31.85,31.255,31.44,7695600
2013-12-09,31.335,31.715,31.275,31.645,2179200
2013-12-10,31.515,31.7925,30.92,30.935,2842800
2013-12-11,30.77,31.1,29.9,29.9725,3648400
2013-12-12,29.89,30.3325,29.645,29.8825,4561200
2013-12-13,29.91,31.057501,29.91,30.3025,4422000
2013-12-16,30.21,30.5175,30.105,30.14,2046800
2013-12-17,30.084999,30.8825,29.8275,30.535,3015200
2013-12-18,30.7325,30.9675,29.975,30.3575,3145600
2013-12-19,30.2825,30.7225,30.255,30.65,2820000
2013-12-20,30.655,31.75,30.63,31.75,4339600
2013-12-23,31.7325,32.012501,31.3725,31.5225,1982400
2013-12-24,31.5575,31.7975,31.39,31.665,899600
2013-12-26,31.665,31.75,31.3475,31.4125,1062400
2013-12-27,31.5025,31.61,31.365,31.395,1212000
2013-12-30,31.47,31.7475,31.2275,31.2475,1376400
2013-12-31,31.3425,31.46,30.8375,30.96,1804400
2014-01-02,30.8125,30.9925,30.5725,30.7625,1282800
2014-01-03,30.7725,31.030001,30.6175,30.8875,874800
2014-01-06,30.9625,31.1225,30.255,30.5675,3604400
2014-01-07,30.105,31.1275,30.040001,30.9875,3141600
2014-01-08,30.94,31.16,30.81,31.0175,2052400
2014-01-09,31.067499,31.6725,31.0375,31.4575,2667600
2014-01-10,31.455,31.7925,31.3375,31.535,3142800
2014-01-13,31.4675,31.4975,30.965,31.012501,2426000
2014-01-14,31.0975,31.735,31.0975,31.595,1470800
2014-01-15,31.55,32.495,31.55,32.2675,2695200
2014-01-16,32.2275,32.825,32.1775,32.655,2047600
2014-01-17,32.635,32.88,32.355,32.425,1597600
2014-01-21,32.715,32.715,31.9525,32.3525,1324000
2014-01-22,32.43,32.4875,31.8,31.8375,1759600
2014-01-23,31.6,31.94,31.405,31.575,1967600
2014-01-24,31.545,31.545,30.5275,30.675,3812000
2014-01-27,30.7275,31.2925,30.3675,30.95,2326800
2014-01-28,30.985,31.1725,30.755,30.93,1360000
2014-01-29,30.8925,31.3225,30.625,30.765,1937600
2014-01-30,31.1375,31.34,30.9275,31.31,1028800
2014-01-31,30.8325,31.2375,30.605,31.07,946000
2014-02-03,30.8225,30.875,29.3075,29.325,5891200
2014-02-04,29.395,30.1175,29.2375,29.8425,2871200
2014-02-05,29.855,30.1125,29.5825,29.935,886400
2014-02-06,30.0074997,30.2425,29.765,30.0375,1098800
2014-02-07,30.1375,30.885,30.1225,30.85,2026000
2014-02-10,30.845,31.2225,30.73,31.2125,1654800
2014-02-11,31.1825,31.6925,31.1425,31.5375,1828400
2014-02-12,31.5425,31.81,31.375,31.6475,1170800
2014-02-13,31.4775,31.97,31.4775,31.635,1403600
2014-02-14,31.6025,31.6875,31.057501,31.24,2825200
2014-02-18,31.3,31.8575,31.21,31.8475,1502400
2014-02-19,31.7025,32.029999,31.53,31.745,1238400
2014-02-20,31.73,32.1775,31.3475,32.13,953600
2014-02-21,31.8125,32.21,31.565,31.885,1010800
2014-02-24,31.8625,32.415,31.8475,32.075001,1250400
2014-02-25,32.09,32.155,31.65,32.15,845600
2014-02-26,32.1825,32.455,31.79,32.36,1270800
2014-02-27,32.305,32.535,31.925,32.4125,1204000
2014-02-28,32.5925,32.8,31.835,32.052502,1382800
2014-03-03,31.9675,32.415,31.8875,32.035,2573600
2014-03-04,32.32,33.1325,32.255,33.099998,2431600
2014-03-05,33.1125,33.165,32.72,32.72,1524400
2014-03-06,32.72,33.2375,32.3975,32.5225,2994400
2014-03-07,34.1625,36.335,33.25,34.12,6329600
2014-03-10,33.88,34.165,33.46,33.5575,2794000
2014-03-11,33.6075,33.7275,33.2125,33.2625,1664400
2014-03-12,33.0099983,33.7125,32.7425,33.61,3068000
2014-03-13,33.7125,34.049999,33.2725,33.3875,1763600
2014-03-14,33.1825,33.6575,33.025002,33.087502,1360400
2014-03-17,33.2725,33.6125,33.17,33.4175,1552800
2014-03-18,33.595,34.375,33.3725,34.1475,2297600
2014-03-19,34.1475,34.73,34.055,34.405,1871200
2014-03-20,34.3325,34.8275,34.095001,34.645,1884800
2014-03-21,34.8675,34.8675,33.5,33.5,3756000
2014-03-24,33.675,33.975,33.2025,33.6025,2564000
2014-03-25,33.925,33.995,33.1925,33.4925,1194000
2014-03-26,33.7325,33.8725,33.29,33.3125,1540400
2014-03-27,33.3575,33.395,32.8075,32.8925,1395600
2014-03-28,33.0099983,33.25,32.8,33.075001,980800
2014-03-31,33.465,34.4,33.12,34.34,2553200
2014-04-01,34.23,34.825,34.135,34.5925,2052400
2014-04-02,34.6425,34.845,34.185,34.35,2378400
2014-04-03,34.355,34.5675,34.029999,34.375,2237600
2014-04-04,34.525,34.735,33.099998,33.145,2046800
2014-04-07,33.092499,33.1125,32.16,32.665,2196400
2014-04-08,32.6625,32.8525,32.3375,32.6075,1977600
2014-04-09,32.695,33.1875,32.25,33.18,1386800
2014-04-10,33.077499,33.077499,31.46,31.525,2718400
2014-04-11,31.24,31.4175,30.8725,30.905,2324800
2014-04-14,31.2325,31.7675,31.055,31.6975,2291600
2014-04-15,31.8225,32.295,31.0049992,31.6675,2810000
2014-04-16,31.9875,32.495,31.6375,32.295,1842800
2014-04-17,32.13,32.455,31.575,32.165,1598800
2014-04-21,31.525,32.3625,31.525,32.0099983,625200
2014-04-22,32.21,32.62,31.98,32.5175,1291600
2014-04-23,32.4925,32.5575,32.19,32.325,822400
2014-04-24,32.5175,32.7375,32.2025,32.6325,1524400
2014-04-25,32.365,32.555,32.080002,32.275,1394800
2014-04-28,32.4675,32.7575,32.087502,32.53,1427200
2014-04-29,32.75,33.14,32.53,32.9525,1396400
2014-04-30,32.83,33.029999,32.6875,32.9775,1282400
2014-05-01,33.029999,33.355,32.7425,33.067501,810000
2014-05-02,33.17,33.6175,33.02,33.45,1054000
2014-05-05,33.145,33.6425,33.095001,33.5275,1165600
2014-05-06,33.4025,33.62,33.092499,33.4625,1263600
2014-05-07,33.655,33.655,32.825,33.3925,1273600
2014-05-08,33.415,33.8925,32.965,33.049999,988000
2014-05-09,33.0275,33.415,32.4525,33.1825,1141600
2014-05-12,33.5075,34.1475,33.2675,33.81,1167200
2014-05-13,33.93,34.115,33.5375,33.68,573200
2014-05-14,33.56,33.875,33.3,33.35,1456000
2014-05-15,33.3175,33.3225,32.68,33.060001,1420400
2014-05-16,33.23,33.315,32.8475,33.305,795200
2014-05-19,33.22,33.64,33.2025,33.4625,581600
2014-05-20,33.405,33.425,31.755,32.77,3456800
2014-05-21,32.9625,33.1225,32.475,32.5025,1624000
2014-05-22,32.5125,32.815,32.4,32.485,1547200
2014-05-23,32.5,32.635,32.335,32.5375,929200
2014-05-27,32.7875,32.8675,32.345,32.47,1442000
2014-05-28,32.5,32.5525,31.845,31.8625,2992000
2014-05-29,32.0099983,32.28,31.84,32.0975,1876000
2014-05-30,32.1625,32.3975,32.017502,32.255,1900400
2014-06-02,32.4125,32.79,32.2,32.7725,1537200
2014-06-03,32.5575,33.155,32.5575,32.745,1646800
2014-06-04,32.6725,32.86,32.5125,32.7675,907200
2014-06-05,32.6875,32.9175,32.4575,32.7775,1791600
2014-06-06,32.705,33.39,31.905,33.34,6305600
2014-06-09,33.3475,33.4975,32.6875,33.295,2722000
2014-06-10,33.3325,33.4075,32.985,33.1425,981200
2014-06-11,33.1225,33.275,32.9175,33.2575,817200
2014-06-12,33.2075,33.3625,32.7875,32.8625,1440800
2014-06-13,32.9275,32.9275,32.4925,32.66,1694400
2014-06-16,32.75,33.2725,32.6025,33.017502,2469200
2014-06-17,33.1025,33.9075,33.0425,33.82,2323600
2014-06-18,33.825,33.95,33.3875,33.7375,1381600
2014-06-19,33.8625,34.072498,33.625,34.0074997,2102400
2014-06-20,34.072498,34.31,33.905,34.295,2649600
2014-06-23,34.3125,34.3125,34.044998,34.1275,1469200
2014-06-24,33.9275,34.012501,33.7325,33.7475,1315200
2014-06-25,33.745,34.2325,33.61,34.215,1617600
2014-06-26,34.275,34.275,33.7525,33.9125,708400
2014-06-27,33.7925,34.28,33.605,34.26,1513600
2014-06-30,34.2475,34.2675,33.68,33.8825,1727600
2014-07-01,35.12,36.89,35.1075,36.7375,9297200
2014-07-02,36.625,36.88,36.44,36.665,3548400
2014-07-03,36.62,36.675,36.135,36.33,2660400
2014-07-07,36.29,36.29,35.9925,36.165,1927200
2014-07-08,36.235,36.375,35.9825,36.3125,2133200
2014-07-09,36.5525,37.4875,36.34,37.385,3954000
2014-07-10,37.205,37.4675,36.9175,37.2075,2253600
2014-07-11,37.095001,37.61,37.012501,37.5525,1705600
2014-07-14,37.69,37.8075,37.3925,37.5975,2173600
2014-07-15,37.64,37.7575,37.27,37.695,2958800
2014-07-16,37.8075,37.8875,37.385,37.7725,2446400
2014-07-17,37.5175,37.585,37.087502,37.19,2480400
2014-07-18,37.2425,37.8275,37.1075,37.75,1408800
2014-07-21,37.4075,38.115,37.2075,38.035,2314000
2014-07-22,38.047501,38.745,38.02,38.65,2249600
2014-07-23,38.7325,39.3,38.5025,39.0024986,3475600
2014-07-24,38.995,40.4125,38.8575,40.2125,5356000
2014-07-25,40.19,40.2325,39.5,39.9925,5573200
2014-07-28,39.8975,40.0975,39.73,39.9175,2832800
2014-07-29,39.945,40.3475,39.785,40.1125,2786800
2014-07-30,40.305,40.8,40.135,40.7825,2382800
2014-07-31,40.52,40.81,39.96,40.22,4268400
2014-08-01,40.1225,40.4225,39.805,39.975,3057200
2014-08-04,40.1775,40.1925,39.605,39.865,1963600
2014-08-05,39.7625,40.1475,39.5,39.575,1788400
2014-08-06,39.5,39.6975,39.39,39.5025,3482800
2014-08-07,39.615,40.0975,39.4225,39.5175,1574400
2014-08-08,39.56,39.7975,39.47,39.5975,1740400
2014-08-11,39.785,39.97,39.49,39.5325,2194400
2014-08-12,39.52,39.6475,39.4125,39.61,1394800
2014-08-13,39.75,40.4075,39.75,40.36,1210800
2014-08-14,40.3975,40.5825,40.02,40.1175,946800
2014-08-15,40.4125,40.485,39.83,40.1625,1525200
2014-08-18,40.395,40.8925,40.395,40.4775,1164000
2014-08-19,40.51,40.7075,40.3025,40.4625,1630000
2014-08-20,40.29,40.5925,40.044998,40.4575,1866800
2014-08-21,40.5775,40.9375,40.5175,40.7,1545200
2014-08-22,40.7475,40.835,40.4325,40.52,982000
2014-08-25,40.7975,40.7975,40.13,40.315,2384400
2014-08-26,40.35,40.975,40.35,40.6575,1665600
2014-08-27,40.7475,40.97,40.3675,40.9025,1428000
2014-08-28,40.8925,41.0425,40.6075,40.745,1247600
2014-08-29,40.8875,41.12,40.5625,40.7575,1355600
2014-09-02,40.8725,41.2125,40.7375,40.7475,2340400
2014-09-03,40.8475,40.885,40.285,40.3225,3320400
2014-09-04,40.48,40.9975,40.15,40.2375,3015200
2014-09-05,40.11,40.6075,39.44,40.605,3132800
2014-09-08,40.63,41.1425,40.42,41.072498,2201200
2014-09-09,41.0625,41.077499,40.46,40.6375,1696800
2014-09-10,40.75,40.8875,40.405,40.655,1612800
2014-09-11,40.3725,40.6825,40.0099983,40.3325,2610400
2014-09-12,40.31,40.31,39.5625,39.6175,2328000
2014-09-15,39.7125,39.715,39.4175,39.4425,1856400
2014-09-16,39.4075,39.5225,38.885,39.5125,2680400
2014-09-17,39.5625,39.8025,39.2725,39.35,1434800
2014-09-18,39.475,39.54,39.0625,39.2525,2169600
2014-09-19,39.375,40.087502,39.25,39.7875,3350800
2014-09-22,39.7825,40.02,39.5525,39.7025,1490000
2014-09-23,39.4125,39.5,38.9875,39.0,2035200
2014-09-24,39.12,39.4025,38.91,39.3175,1668000
2014-09-25,39.15,39.195,38.66,38.8975,2173600
2014-09-26,39.052502,39.25,38.915,39.052502,1552400
2014-09-29,38.75,39.4425,38.69,39.1525,1658800
2014-09-30,39.165,39.27,38.85,38.9375,1833200
2014-10-01,38.875,38.9675,38.44,38.76,2444800
2014-10-02,38.795,39.025002,38.31,38.835,1047600
2014-10-03,39.067501,39.49,38.9175,39.052502,1401600
2014-10-06,39.1575,39.43,38.955,38.9975,954000
2014-10-07,38.795,39.11,38.275,38.2875,1245200
2014-10-08,38.2475,38.7375,38.0050011,38.67,1674800
2014-10-09,38.5325,38.95,38.515,38.575,2603600
2014-10-10,38.395,38.7325,37.5625,37.5675,2078800
2014-10-13,37.47,37.77,36.8725,36.9125,1882400
2014-10-14,36.9725,37.3825,36.2675,37.1675,3272000
2014-10-15,36.5,37.1275,35.905,36.53,2922400
2014-10-16,36.195,37.1675,36.012501,37.0,2142400
2014-10-17,37.265,37.645,37.037498,37.435,1384800
2014-10-20,37.44,37.84,36.9325,37.825,1976800
2014-10-21,38.2175,39.1375,38.0625,39.1375,2012400
2014-10-22,39.255,39.255,38.66,38.675,1737200
2014-10-23,38.8825,39.2675,38.8575,39.032501,2051200
2014-10-24,39.105,39.37,39.055,39.3,921600
2014-10-27,39.2075,39.665,39.11,39.625,1020800
2014-10-28,39.7975,40.435,39.635,40.19,2268400
2014-10-29,40.155,40.7025,40.022499,40.6825,1220000
2014-10-30,40.715,41.025002,40.5225,40.915,936000
2014-10-31,41.63,41.63,40.7975,40.975,1484400
2014-11-03,41.2225,41.3825,40.535,40.6725,1687600
2014-11-04,40.7025,41.1025,40.5625,40.7675,1062000
2014-11-05,41.21,41.2475,40.8675,41.075001,912000
2014-11-06,41.072498,41.8975,41.072498,41.52,2231600
2014-11-07,41.61,41.77,41.1325,41.25,1813200
2014-11-10,41.3125,41.465,39.9875,40.105,6270000
2014-11-11,40.16,40.37,39.795,40.0074997,3741600
2014-11-12,39.845,40.37,39.7275,40.2075,3106400
2014-11-13,40.2875,41.0825,40.067501,40.4325,1288000
2014-11-14,40.25,40.8175,40.135,40.4325,1664800
2014-11-17,40.4325,41.3775,40.1825,41.3775,2086800
2014-11-18,41.42,42.59,41.2075,42.5375,3141600
2014-11-19,42.57,42.885,41.695,41.9825,2822800
2014-11-20,41.8425,42.375,41.4475,41.8475,4598000
2014-11-21,42.07,42.2575,41.565,41.7875,3456800
2014-11-24,41.875,42.3575,41.6575,42.33,3342000
2014-11-25,42.305,42.4775,41.11,41.6625,8173600
2014-11-26,41.7625,42.2875,41.4975,42.2875,1680800
2014-11-28,42.425,42.495,42.12,42.225,996400
2014-12-01,42.1475,42.225,41.66,41.68,1777200
2014-12-02,41.5325,42.017502,41.2175,41.69,2972400
2014-12-03,41.8625,42.4675,41.5825,42.3825,2450000
2014-12-04,42.36,42.5575,41.785,42.1925,2210800
2014-12-05,40.875,41.25,40.255,40.5,7692800
2014-12-08,40.215,40.8225,40.1775,40.5875,3111200
2014-12-09,40.3075,40.6025,39.53,40.57,3967600
2014-12-10,40.42,40.615,39.5575,39.605,3156400
2014-12-11,39.9175,40.305,39.6425,39.755,1642800
2014-12-12,39.54,40.080002,39.47,39.5625,2391200
2014-12-15,39.8575,39.8575,38.905,38.9925,2580400
2014-12-16,38.645,39.175,38.5525,38.74,2025200
2014-12-17,38.93,39.9375,38.615,39.9025,2068000
2014-12-18,40.4575,40.57,39.98,40.57,1886400
2014-12-19,40.5725,40.8525,40.2675,40.7175,3036000
2014-12-22,40.675,40.975,40.585,40.8925,1235200
2014-12-23,41.1025,41.1025,40.3075,40.8,3179200
2014-12-24,40.755,41.1475,40.55,41.047501,760000
2014-12-26,41.052502,41.1025,40.8875,41.0,1198400
2014-12-29,40.8175,41.3425,40.6025,41.1925,2065600
2014-12-30,41.1025,41.24,40.76,40.9475,1392800
2014-12-31,41.07,41.37,40.505,40.5225,1280000
2015-01-02,40.72,40.985,39.985,40.1525,1700400
2015-01-05,39.8675,40.3225,39.6475,39.8425,2182400
2015-01-06,39.955,40.15,39.087502,39.28,2707200
2015-01-07,39.635,40.6,39.5675,40.555,1882400
2015-01-08,40.765,41.2325,40.59,40.72,2138800
2015-01-09,40.8425,41.1125,40.4025,40.465,1410400
2015-01-12,40.67,40.7925,40.11,40.2775,1352400
2015-01-13,40.7425,41.1225,40.0050011,40.28,1325600
2015-01-14,39.91,40.475,39.8175,40.1625,1683200
2015-01-15,40.1975,40.38,39.8525,39.9225,1282000
2015-01-16,39.73,40.09,39.585,39.9375,1588000
2015-01-20,39.89,40.43,39.6575,40.0050011,1410400
2015-01-21,40.047501,40.705,39.84,40.6725,1463600
2015-01-22,40.745,41.2125,40.46,41.025002,1313200
2015-01-23,40.8875,41.087502,40.3925,40.4375,1339600
2015-01-26,40.32,40.6,39.68,40.5525,1436800
2015-01-27,40.12,40.805,39.93,40.645,2639200
2015-01-28,40.96,41.1575,39.94,40.02,1942800
2015-01-29,39.8825,40.1375,39.19,40.025002,2114000
2015-01-30,39.7625,39.9725,39.2825,39.4125,1087200
2015-02-02,39.5625,39.5625,38.7,39.455,1552000
2015-02-03,39.69,39.8625,39.029999,39.46,1355600
2015-02-04,39.295,40.33,39.295,40.0,1648000
2015-02-05,40.037498,40.7275,40.037498,40.3825,942800
2015-02-06,40.4675,40.605,40.087502,40.32,1831200
2015-02-09,40.0625,40.31,39.53,39.7075,1500000
2015-02-10,40.040001,40.515,39.81,40.475,1477600
2015-02-11,40.5025,40.6525,40.3025,40.49,942000
2015-02-12,40.6325,40.955,40.3675,40.755,695200
2015-02-13,40.6825,41.31,40.56,41.3,2134800
2015-02-17,41.3275,41.4075,40.7775,40.825,1286000
2015-02-18,40.9,41.3125,40.6125,41.2775,1703200
2015-02-19,41.1975,41.56,41.035,41.087502,1175600
2015-02-20,41.087502,41.485,40.91,41.4525,2266800
2015-02-23,41.3175,41.4375,41.037498,41.255,1587200
2015-02-24,41.255,41.56,41.0074997,41.1075,1473600
2015-02-25,41.15,41.215,40.635,40.865,1894000
2015-02-26,40.77,41.39,40.755,41.3625,1093600
2015-02-27,41.21,41.3475,40.86,40.9925,1393600
2015-03-02,40.9925,41.5175,40.8475,41.4325,1356400
2015-03-03,41.1525,41.29,40.6325,41.1925,2174800
2015-03-04,41.125,41.3775,40.875,41.064999,1494800
2015-03-05,41.2075,41.6975,41.052502,41.315,1997200
2015-03-06,43.5825,45.495,43.14,45.064999,7374400
2015-03-09,44.75,45.8775,44.5525,45.8625,3023600
2015-03-10,45.41,45.8,45.225,45.56,2960000
2015-03-11,45.745,46.425,45.415,46.3575,2262400
2015-03-12,46.6,47.21,46.1775,46.2625,2710800
2015-03-13,46.2025,46.5425,46.044998,46.46,1381600
2015-03-16,46.5,47.325,46.26,47.037498,1436000
2015-03-17,46.8475,47.095001,46.2,46.935,2147200
2015-03-18,46.9375,46.9525,46.3125,46.5625,1304800
2015-03-19,46.59,46.9425,46.435,46.84,1201200
2015-03-20,47.1875,47.495,46.5125,46.86,3162800
2015-03-23,46.86,46.86,45.9125,46.047501,2039200
2015-03-24,45.835,46.3175,45.6175,45.9675,1857200
2015-03-25,46.012501,46.755,46.012501,46.1025,1724800
2015-03-26,45.87,46.51,45.5375,46.2725,1214400
2015-03-27,46.4025,46.7025,46.075001,46.5425,1050000
2015-03-30,46.715,47.5,46.5675,47.2725,1303600
2015-03-31,47.25,47.3075,46.815,46.855,1852000
2015-04-01,46.7275,47.092499,46.2125,46.6475,1688800
2015-04-02,46.72,47.42,46.6175,46.925,2043600
2015-04-06,46.815,47.3675,46.7275,47.095001,2619200
2015-04-07,47.2925,47.4775,46.245,46.2625,1348000
2015-04-08,46.25,46.8175,46.0425,46.6275,1142000
2015-04-09,46.4175,47.0275,46.2675,46.73,685600
2015-04-10,46.895,47.1525,46.6425,46.8125,849600
2015-04-13,46.74,47.029999,46.5075,46.6025,686800
2015-04-14,46.6775,46.6975,45.69,45.765,1438000
2015-04-15,45.895,46.1575,45.63,45.6675,837600
2015-04-16,45.6975,45.6975,44.945,44.9825,1312400
2015-04-17,44.66,45.1725,44.505,45.080002,1725600
2015-04-20,45.3,45.685,45.25,45.26,877600
2015-04-21,45.3325,45.63,45.135,45.4375,1025600
2015-04-22,45.32,45.745,45.1125,45.7325,1099200
2015-04-23,45.74,46.060001,45.615,45.7475,1408000
2015-04-24,45.685,45.9725,45.3575,45.4375,1148400
2015-04-27,45.705,45.8,44.615,45.1675,1640800
2015-04-28,45.0,45.645,44.2475,45.525,1354800
2015-04-29,45.5025,45.7825,45.052502,45.22,1434000
2015-04-30,44.93,45.43,44.2925,44.5175,1149200
2015-05-01,44.5475,45.215,44.4125,44.5,1223600
2015-05-04,44.6325,45.6625,44.475,44.77,1372000
2015-05-05,44.67,44.8525,43.87,44.36,1400000
2015-05-06,44.3,44.7125,43.9625,44.455,1701600
2015-05-07,44.4575,44.855,44.16,44.3625,993200
2015-05-08,44.7175,45.3675,44.7175,45.2125,1071600
2015-05-11,45.035,45.4275,44.6325,44.8325,957200
2015-05-12,44.58,44.7325,44.2625,44.6325,626000
2015-05-13,44.57,44.9075,44.44,44.5975,770400
2015-05-14,44.79,45.255,44.5,45.195,871200
2015-05-15,45.345,45.445,44.8975,45.245,704000
2015-05-18,45.1875,45.695,45.0050011,45.585,1491200
2015-05-19,45.5825,45.8825,45.31,45.765,1167200
2015-05-20,45.6975,45.99,45.425,45.695,816400
2015-05-21,45.5975,45.625,44.885,44.95,1357600
2015-05-22,44.93,45.55,44.72,45.1875,935600
2015-05-26,44.915,45.17,44.5625,44.7925,1065600
2015-05-27,44.865,45.1725,44.6,44.795,1378800
2015-05-28,44.7025,45.4775,44.6775,45.195,903600
2015-05-29,45.1025,45.5875,44.8625,45.4425,1720000
2015-06-01,45.51,45.975,45.18,45.7425,1623600
2015-06-02,45.53,45.8125,45.23,45.57,1912400
2015-06-03,45.655,46.5925,45.4375,46.21,1784800
2015-06-04,45.7525,46.12,44.935,45.035,2313600
2015-06-05,43.7225,44.1725,42.625,43.8425,5072400
2015-06-08,43.7675,44.0099983,43.3025,43.3575,1432000
2015-06-09,43.425,43.4975,42.695,42.8575,1977200
2015-06-10,43.049999,43.445,42.8575,43.31,1432400
2015-06-11,43.42,44.2925,43.42,44.1975,2055200
2015-06-12,44.0,44.5125,43.9225,44.3675,1453600
2015-06-15,44.072498,44.205,43.8175,44.072498,1012000
2015-06-16,44.09,44.3475,43.885,44.0975,854400
2015-06-17,44.2375,44.5975,44.0050011,44.445,996800
2015-06-18,44.43,44.845,44.33,44.4575,931200
2015-06-19,44.6675,45.4325,44.43,45.0,5430800
2015-06-22,45.105,45.2525,44.18,44.335,1129600
2015-06-23,44.435,44.705,43.985,44.305,1028800
2015-06-24,44.1875,44.4825,43.5875,43.6125,794400
2015-06-25,43.64,44.17,43.64,43.925,1025200
2015-06-26,44.037498,44.735,43.805,44.72,1856000
2015-06-29,44.2225,44.875,44.0425,44.1875,2114000
2015-06-30,44.57,44.7675,44.2575,44.4925,2184000
2015-07-01,44.68,44.9325,43.94,44.040001,1748800
2015-07-02,44.165,44.33,43.89,44.1475,1066800
2015-07-06,43.885,44.41,43.6525,44.12,2483200
2015-07-07,44.185,44.41,43.735,44.3825,2172000
2015-07-08,44.205,44.4375,43.35,43.475,1396400
2015-07-09,43.905,43.9975,43.51,43.67,1362800
2015-07-10,44.165,44.495,43.9725,44.029999,1060800
2015-07-13,44.25,44.6425,44.115,44.55,980000
2015-07-14,44.5775,44.965,44.565,44.92,814800
2015-07-15,44.795,44.9925,43.8075,43.825,1330400
2015-07-16,44.07,44.3375,43.765,44.1675,990800
2015-07-17,44.1575,44.185,43.375,43.5175,1326400
2015-07-20,43.62,44.16,43.445,44.1075,1067200
2015-07-21,44.1625,44.2375,43.0275,43.4125,1912800
2015-07-22,43.3725,43.6875,42.7875,43.125,2891200
2015-07-23,43.1775,43.8025,43.1775,43.4275,1684000
2015-07-24,43.285,43.9375,43.084999,43.3475,1233200
2015-07-27,43.2,43.3725,42.7925,42.965,1210400
2015-07-28,43.16,43.8175,42.84,43.8,1011200
2015-07-29,43.8975,44.225,43.6025,44.105,1140800
2015-07-30,44.1575,44.305,43.6125,44.125,747200
2015-07-31,44.2525,44.7525,43.94,44.25,1115200
2015-08-03,44.3325,44.6225,43.9925,44.2875,1033200
2015-08-04,44.25,44.6075,43.7275,43.9925,846400
2015-08-05,44.2725,44.9375,44.095001,44.6325,990000
2015-08-06,44.5875,44.8775,42.995,43.775,1081600
2015-08-07,43.72,43.8775,43.037498,43.47,637600
2015-08-10,43.685,44.24,43.465,43.9,716800
2015-08-11,43.595,44.0074997,43.1125,43.3475,927600
2015-08-12,43.205,43.63,42.7525,43.445,1112800
2015-08-13,43.46,43.73,43.16,43.4675,1195600
2015-08-14,43.3525,43.495,42.905,43.3225,1480400
2015-08-17,43.0975,43.64,42.6675,43.5,1610000
2015-08-18,43.46,43.99,43.275,43.755,1502000
2015-08-19,43.4625,43.4625,42.6075,42.725,1644800
2015-08-20,42.3875,42.6425,41.5725,41.6175,2253600
2015-08-21,41.23,41.46,40.3775,40.605,2105600
2015-08-24,38.4325,40.275,37.43,39.375,1602400
2015-08-25,40.2025,40.625,39.1875,39.245,1739600
2015-08-26,39.945,40.7275,39.475,40.3175,2364800
2015-08-27,40.9175,41.3975,40.57,41.049999,1822800
2015-08-28,40.9475,41.295,40.685,41.185,1624000
2015-08-31,41.049999,41.4225,40.4825,40.605,1238400
2015-09-01,39.9175,40.25,39.68,39.8525,2714000
2015-09-02,40.19,40.7,40.044998,40.6,3512400
2015-09-03,40.81,41.135,40.235,40.3275,3678000
2015-09-04,35.5275,38.8925,35.5275,37.7175,5236000
2015-09-08,38.2025,38.2675,36.885,37.23,4855200
2015-09-09,37.4225,37.9,37.1175,37.1975,2831200
2015-09-10,37.2575,37.4975,37.0625,37.1425,1225200
2015-09-11,37.07,37.755,36.7875,37.415,2066000
2015-09-14,37.4025,37.595,36.8775,36.95,1837200
2015-09-15,37.1025,37.2425,36.845,37.1475,1119600
2015-09-16,37.1675,37.5125,36.82,37.4825,1201200
2015-09-17,37.5,37.995,37.32,37.635,1606000
2015-09-18,37.3625,38.3875,37.285,38.245,5358000
2015-09-21,38.49,39.5425,38.32,38.715,2927200
2015-09-22,38.2625,38.7125,37.8625,38.61,2672800
2015-09-23,38.535,39.2875,38.38,38.755,1961200
2015-09-24,38.6225,38.63,38.2675,38.475,2504400
2015-09-25,38.535,38.7475,37.2,37.465,2809600
2015-09-28,37.125,37.3875,35.555,36.19,2758000
2015-09-29,36.145,36.7175,35.795,36.3225,2655200
2015-09-30,36.78,37.45,36.3075,37.215,3462800
2015-10-01,37.1425,37.4275,35.8675,36.67,2379600
2015-10-02,36.205,37.22,35.88,37.2175,1824800
2015-10-05,37.5425,37.7375,36.8475,37.044998,3306400
2015-10-06,36.9275,37.1625,36.135,36.1775,1373600
2015-10-07,36.25,36.385,35.56,35.67,3290800
2015-10-08,35.6375,35.87,35.3125,35.4975,3307200
2015-10-09,35.2775,35.2775,34.2625,34.405,4963200
2015-10-12,34.265,34.935,34.1875,34.7975,3084800
2015-10-13,34.725,35.1475,34.555,34.86,2288800
2015-10-14,34.9775,35.3025,34.8775,35.047501,2133600
2015-10-15,35.0825,36.34,34.9175,36.3075,3303600
2015-10-16,36.4425,36.8075,35.9175,36.084999,4747600
2015-10-19,36.022499,36.22,35.645,35.9275,2351200
2015-10-20,35.94,36.3025,35.7225,36.24,1946800
2015-10-21,36.475,36.77,35.92,36.53,2406800
2015-10-22,36.6725,36.6725,35.59,35.8675,2232800
2015-10-23,35.88,36.735,35.75,36.5775,1877200
2015-10-26,36.595,36.775,36.27,36.635,1287600
2015-10-27,36.57,36.655,35.8825,36.625,2306000
2015-10-28,36.605,37.2775,36.4,37.25,1384800
2015-10-29,37.21,37.61,37.025002,37.595,1547200
2015-10-30,37.555,38.15,37.54,38.09,2023600
2015-11-02,38.1675,38.795,37.755,38.6925,2393200
2015-11-03,38.675,38.6825,37.915,38.035,1284800
2015-11-04,38.092499,38.47,37.7925,38.37,1411600
2015-11-05,38.1625,38.58,37.7425,38.3775,1058000
2015-11-06,38.375,38.6025,38.1475,38.3275,1354000
2015-11-09,38.235,38.4225,37.41,38.0050011,1233200
2015-11-10,37.955,38.255,37.72,37.9875,1295200
2015-11-11,38.072498,38.072498,37.1625,37.175,1420000
2015-11-12,37.1425,37.2625,36.6,36.705,1150000
2015-11-13,36.69,37.0099983,36.45,36.865,793600
2015-11-16,36.875,37.5325,36.815,37.53,1102000
2015-11-17,37.23,37.23,35.9,36.13,4038800
2015-11-18,36.1675,36.5475,35.88,36.425,2674800
2015-11-19,36.39,36.515,36.014999,36.11,1910800
2015-11-20,36.2475,36.3175,35.985,36.067501,2034800
2015-11-23,36.1675,36.45,35.73,35.79,2092800
2015-11-24,35.55,36.285,35.46,36.087502,2339200
2015-11-25,36.16,36.54,35.9775,36.3275,961600
2015-11-27,36.285,37.0,36.21,36.74,857200
2015-11-30,36.7875,36.9675,36.335,36.5625,2200000
2015-12-01,36.585,37.0425,36.58,36.9975,1877600
2015-12-02,37.025002,37.4275,36.82,37.345,2318400
2015-12-03,37.445,37.62,35.31,35.5125,3222800
2015-12-04,31.5575,32.84,30.2525,32.585,19841200
2015-12-07,32.445,33.42,32.445,33.0825,5812400
2015-12-08,32.9,34.049999,32.75,33.72,3549200
2015-12-09,33.4525,33.725,32.6575,32.9,2696800
2015-12-10,32.915,34.035,32.8725,33.735,3166400
2015-12-11,33.5575,33.88,33.4875,33.8,2528400
2015-12-14,33.75,33.8125,33.145,33.705,2513600
2015-12-15,34.012501,34.3125,33.945,34.1275,2963600
2015-12-16,34.22,34.635,34.125,34.565,1833600
2015-12-17,34.435,34.55,33.9775,34.11,3075600
2015-12-18,34.0,34.1875,33.5575,33.9225,4029200
2015-12-21,33.96,34.265,33.2475,33.425,2932400
2015-12-22,33.5925,33.775,33.16,33.5875,1177600
2015-12-23,33.785,34.2375,33.555,34.0625,1154800
2015-12-24,33.9075,34.29,33.7725,34.084999,491600
2015-12-28,33.9125,34.2225,33.8525,34.017502,883200
2015-12-29,34.13,34.36,33.935,34.09,842000
2015-12-30,34.13,34.305,33.8575,33.87,820800
2015-12-31,33.77,33.965,33.5275,33.55,1614800
2016-01-04,33.115,33.115,32.735,32.965,1648000
2016-01-05,32.965,33.325,32.6875,32.895,1560400
2016-01-06,32.4875,33.092499,32.325,32.8975,2497200
2016-01-07,32.4725,32.69,31.9625,31.99,1515600
2016-01-08,32.16,32.495,32.1025,32.1775,1778000
2016-01-11,32.28,32.37,31.6075,31.915,1657600
2016-01-12,32.12,32.4925,31.58,31.9,1542000
2016-01-13,32.0074997,32.175,31.3225,31.3625,1662800
2016-01-14,31.39,31.5225,30.7975,31.01,2220000
2016-01-15,30.395,30.86,29.9425,30.465,3720000
2016-01-19,30.75,30.875,29.9175,30.2525,2235600
2016-01-20,29.9,31.1825,29.82,31.035,2161200
2016-01-21,31.0825,31.41,30.6125,30.9625,2083600
2016-01-22,31.2675,32.052502,31.2225,31.9625,1962400
2016-01-25,31.805,31.9175,31.3625,31.3775,2288400
2016-01-26,31.5325,32.4375,31.125,32.2275,1919600
2016-01-27,32.080002,32.2825,31.2225,32.15,1725600
2016-01-28,32.355,32.7425,31.3625,31.7075,2258000
2016-01-29,31.795,32.8325,31.795,32.7875,2854400
2016-02-01,32.25,33.1525,31.9925,33.012501,2366000
2016-02-02,32.7675,33.6,32.5875,32.9975,2359600
2016-02-03,33.2475,33.6,32.755,33.3675,2236800
2016-02-04,33.2125,33.495,32.8225,32.9675,1182400
2016-02-05,32.7925,32.7925,31.75,31.7775,1564800
2016-02-08,31.5125,31.8775,30.95,31.355,1766800
2016-02-09,31.11,32.2575,31.1,32.0,1852800
2016-02-10,32.1825,33.34,32.0625,33.072498,2076800
2016-02-11,32.6325,33.8175,32.625,33.5675,3332800
2016-02-12,33.655,33.745,33.3125,33.395,2055600
2016-02-16,33.75,34.485,33.75,34.4725,2346400
2016-02-17,34.725,34.93,34.5075,34.8325,1718800
2016-02-18,34.83,35.415,34.5425,34.89,1594000
2016-02-19,34.82,35.2175,34.5675,35.21,1323200
2016-02-22,35.4575,35.7375,35.2575,35.6275,967600
2016-02-23,35.395,35.4475,34.7875,35.265,2140000
2016-02-24,35.087502,35.6225,34.8375,35.36,1629200
2016-02-25,35.5475,36.245,35.345,36.24,1791600
2016-02-26,36.365,36.375,35.9025,36.2025,1949200
2016-02-29,36.12,36.3525,35.71,35.74,1802000
2016-03-01,35.99,36.4175,35.58,36.365,2100000
2016-03-02,36.235,36.36,35.3775,35.8525,2076800
2016-03-03,35.7975,36.2525,35.4625,36.2525,3338800
2016-03-04,37.75,39.077499,37.4175,38.16,7339200
2016-03-07,38.14,38.385,37.6125,38.037498,2430000
2016-03-08,37.8325,37.9475,37.18,37.23,1777200
2016-03-09,37.295,37.31,36.0425,36.9825,2465200
2016-03-10,36.9975,37.36,36.7425,37.255,1549600
2016-03-11,37.035,37.7325,36.97,37.6175,1239200
2016-03-14,37.42,37.6725,37.095001,37.2175,1189200
2016-03-15,36.99,37.2475,36.42,36.49,1618400
2016-03-16,36.4875,37.014999,36.29,36.4725,1876800
2016-03-17,36.4375,36.5975,35.7475,36.1275,1947200
2016-03-18,36.3,37.92,35.4175,37.5,2624800
2016-03-21,37.3325,37.9225,37.2425,37.64,1570800
2016-03-22,37.4575,37.6525,37.2725,37.465,1294400
2016-03-23,37.4575,37.4575,37.0074997,37.1525,810400
2016-03-24,36.9225,37.2275,36.7225,37.2,1068400
2016-03-28,37.25,37.5075,36.9425,37.36,730800
2016-03-29,37.1975,38.91,37.19,38.6625,2113200
2016-03-30,38.775,39.077499,38.575,39.012501,1999600
2016-03-31,38.925,39.0625,38.4475,38.4925,2047200
2016-04-01,38.3925,39.6625,38.125,39.4,2426400
2016-04-04,39.6825,39.78,39.02,39.1675,1428400
2016-04-05,38.865,39.27,38.5025,38.855,1221600
2016-04-06,38.9075,39.9,38.9075,39.8775,1266000
2016-04-07,39.675,39.805,38.7325,39.064999,1737200
2016-04-08,39.2775,39.335,38.6625,38.8025,942800
2016-04-11,38.85,38.9725,38.3875,38.7375,1126800
2016-04-12,38.795,39.0050011,38.6075,38.8625,830400
2016-04-13,39.047501,39.15,38.4225,38.7,1564800
2016-04-14,38.6275,38.815,38.44,38.4425,1047200
2016-04-15,38.75,39.175,38.67,39.057499,1904000
2016-04-18,38.8025,39.45,38.7275,39.2975,922000
2016-04-19,39.3725,39.5525,39.1425,39.3625,1521200
2016-04-20,39.4325,39.8975,39.1675,39.685,806000
2016-04-21,39.6425,40.2925,39.545,39.6575,1243200
2016-04-22,39.58,39.9225,39.115,39.465,1143600
2016-04-25,39.495,39.6675,39.1425,39.34,1108400
2016-04-26,39.4025,39.8175,39.23,39.77,971600
2016-04-27,39.84,39.865,39.155,39.51,1178400
2016-04-28,39.1675,39.5775,38.8675,38.95,1016800
2016-04-29,38.7425,39.049999,38.1775,38.27,1558800
2016-05-02,38.1925,38.755,38.155,38.6525,1444800
2016-05-03,38.5075,38.755,38.275,38.5775,999200
2016-05-04,38.3725,38.5,38.1125,38.315,967200
2016-05-05,38.3525,38.615,38.205,38.4225,860000
2016-05-06,38.095001,38.5375,38.022499,38.3275,911200
2016-05-09,38.3225,39.15,38.145,38.7825,1131600
2016-05-10,38.78,39.1975,38.53,39.014999,1037600
2016-05-11,39.032501,39.3825,38.75,38.755,909600
2016-05-12,38.94,39.46,38.4575,38.8525,2030800
2016-05-13,38.9225,39.475,38.8225,38.9925,962000
2016-05-16,39.59,40.4325,39.3025,40.0825,1836400
2016-05-17,40.0074997,40.2925,39.3775,39.55,1726400
2016-05-18,39.5,40.105,39.15,39.57,1468800
2016-05-19,39.3725,39.94,39.2125,39.8225,1185600
2016-05-20,39.8625,40.26,39.175,40.087502,1202000
2016-05-23,40.2125,40.4975,39.995,40.275,1148800
2016-05-24,40.46,40.8375,40.22,40.7525,1364000
2016-05-25,40.9825,41.2075,40.615,41.155,1599200
2016-05-26,41.1775,41.1775,40.285,40.4825,1898800
2016-05-27,40.5,40.785,40.2775,40.625,2398400
2016-05-31,40.835,41.035,40.5825,40.7025,2646400
2016-06-01,40.7275,41.5175,40.405,41.4075,2422400
2016-06-02,41.5,41.855,41.1025,41.855,3194400
2016-06-03,42.7625,43.375,41.0024986,41.35,5505200
2016-06-06,41.35,41.525,40.72,40.7675,3022400
2016-06-07,40.7675,41.62,40.5525,41.255,3179600
2016-06-08,41.135,41.3525,41.0,41.23,1206400
2016-06-09,41.105,41.4975,40.98,41.3,1090400
2016-06-10,41.2375,41.2375,40.63,40.81,1422000
2016-06-13,40.7625,41.125,40.505,40.58,1259200
2016-06-14,40.97,40.97,40.365,40.7475,1078000
2016-06-15,40.8025,40.96,40.36,40.635,1162000
2016-06-16,40.4775,40.8275,40.295,40.7325,912000
2016-06-17,40.63,40.6875,39.9525,40.4725,1898000
2016-06-20,40.8375,41.2225,40.7775,41.07,1332400
2016-06-21,41.25,41.6625,41.1925,41.39,1690000
2016-06-22,41.4275,41.67,41.052502,41.1375,1166000
2016-06-23,41.56,41.6675,40.9525,41.6475,966000
2016-06-24,41.1775,42.022499,40.3775,41.7,4318800
2016-06-27,41.4425,41.4475,40.595,40.7475,4158800
2016-06-28,41.017502,42.175,41.0,42.125,1544000
2016-06-29,42.2575,42.86,42.035,42.4625,1328400
2016-06-30,42.695,43.060001,42.5375,42.8925,2189200
2016-07-01,43.1825,44.4025,43.125,44.335,2630800
2016-07-05,44.075001,44.4325,43.7975,44.355,2318800
2016-07-06,44.0825,44.9925,44.0074997,44.4175,2702000
2016-07-07,44.595,45.017502,44.4525,44.625,1326800
2016-07-08,44.735,45.5525,44.6375,45.4575,1496400
2016-07-11,45.48,45.7675,45.385,45.525,880400
2016-07-12,45.5975,45.7,44.62,44.635,2157600
2016-07-13,44.825,44.9975,44.585,44.7075,914400
2016-07-14,44.98,45.1075,44.4925,44.74,892400
2016-07-15,44.87,45.0275,44.38,44.605,970800
2016-07-18,44.7175,44.8825,44.105,44.395,920400
2016-07-19,44.525,44.5525,44.1675,44.285,616000
2016-07-20,44.53,44.675,44.33,44.57,575600
2016-07-21,44.4975,44.8125,43.88,44.0975,802400
2016-07-22,43.9725,44.495,43.83,44.39,888400
2016-07-25,44.45,44.45,43.87,44.0050011,1078800
2016-07-26,44.025002,44.81,43.8975,44.7825,1097600
2016-07-27,44.735,45.0,44.52,44.8375,992000
2016-07-28,44.8875,45.3975,44.8375,45.235,809200
2016-07-29,45.2625,45.8725,45.2625,45.6175,1151200
2016-08-01,45.6,45.75,45.35,45.6525,1088800
2016-08-02,45.6825,45.815,45.3825,45.4925,798000
2016-08-03,45.4425,45.4675,45.1075,45.325,968400
2016-08-04,45.4275,45.6625,45.035,45.4425,435200
2016-08-05,45.6225,45.965,45.32,45.7175,624800
2016-08-08,45.605,45.68,45.195,45.3225,468800
2016-08-09,45.49,45.6075,45.285,45.5375,570000
2016-08-10,45.645,46.0425,45.1675,45.305,1007200
2016-08-11,45.3725,45.78,45.245,45.56,447200
2016-08-12,45.4175,45.615,44.975,45.2025,859200
2016-08-15,45.2375,45.6425,45.2225,45.495,516400
2016-08-16,45.215,45.5475,45.02,45.33,772400
2016-08-17,45.3975,45.3975,44.8775,44.955,936400
2016-08-18,45.14,45.4275,44.95,45.3425,1494000
2016-08-19,45.305,45.9675,45.044998,45.965,1592400
2016-08-22,45.9325,46.175,45.665,46.047501,828400
2016-08-23,46.285,46.7375,46.2425,46.4475,1348800
2016-08-24,47.37,47.44,46.145,46.255,1315200
2016-08-25,46.1475,46.29,45.8225,45.9525,1079200
2016-08-26,46.0825,46.1625,45.5725,45.98,1130000
2016-08-29,46.072498,46.71,45.9275,46.64,1487200
2016-08-30,46.5775,46.9425,46.2975,46.595,1132800
2016-08-31,46.815,47.495,46.385,46.48,1227600
2016-09-01,46.3475,46.6625,46.092499,46.3425,1584000
2016-09-02,46.3375,47.3375,45.5675,46.48,2586800
2016-09-06,46.6725,47.1425,46.2575,47.075001,2446000
2016-09-07,47.02,47.4225,46.7625,47.14,1505200
2016-09-08,47.165,47.4175,46.66,46.685,1594400
2016-09-09,46.49,46.6475,46.1875,46.2075,2164400
2016-09-12,46.15,46.725,46.049999,46.685,1279200
2016-09-13,46.5,46.6875,46.225,46.4525,1462400
2016-09-14,46.555,46.775,46.077499,46.3825,1592400
2016-09-15,46.545,47.6875,46.3125,47.475,1681600
2016-09-16,47.355,47.65,47.02,47.1275,1376000
2016-09-19,47.165,47.5975,46.9875,47.1175,1148400
2016-09-20,47.31,47.7475,46.5875,46.6025,1369200
2016-09-21,47.064999,47.2475,46.1175,46.545,4831600
2016-09-22,46.6875,46.7725,45.91,46.125,43360800
2016-09-23,46.0,46.115,45.225,45.2425,4712800
2016-09-26,45.2175,45.2175,44.4325,44.5475,2890400
2016-09-27,44.63,44.8325,44.3525,44.575,2333200
2016-09-28,44.5175,44.815,44.325,44.72,1855600
2016-09-29,44.6,44.705,43.755,44.0099983,3382800
2016-09-30,44.3475,45.080002,44.26,44.815,3747200
2016-10-03,44.4075,44.7775,44.165,44.4375,1373200
2016-10-04,44.4625,44.6575,43.9975,44.22,1446000
2016-10-05,44.19,44.44,43.9925,44.2925,1301200
2016-10-06,44.285,44.805,44.1475,44.6725,1684800
2016-10-07,44.78,45.2925,44.5975,45.22,2984800
2016-10-10,45.23,45.6075,45.084999,45.495,1201600
2016-10-11,45.3425,45.38,44.61,44.905,2435600
2016-10-12,45.017502,45.017502,44.7275,44.82,1270800
2016-10-13,44.6825,44.8275,44.16,44.6475,1308800
2016-10-14,44.68,44.91,44.32,44.3975,1314800
2016-10-17,44.7025,44.7025,44.1325,44.585,1889600
2016-10-18,44.8775,45.2625,44.64,45.17,1564400
2016-10-19,45.195,45.195,44.61,44.745,1358000
2016-10-20,44.685,44.9475,44.3675,44.875,916800
2016-10-21,44.5325,44.7425,44.07,44.695,811600
2016-10-24,44.985,45.0975,44.695,45.075001,1345200
2016-10-25,45.25,45.49,45.0,45.4025,1763200
2016-10-26,45.315,45.315,43.94,44.049999,2117200
2016-10-27,44.1025,44.1025,43.65,43.82,2790000
2016-10-28,43.8125,44.2525,43.75,43.84,1327600
2016-10-31,43.9775,44.077499,43.6275,44.0099983,1288000
2016-11-01,43.7675,43.8625,43.23,43.4425,1148800
2016-11-02,43.5325,43.7925,43.3225,43.46,1533200
2016-11-03,43.56,43.885,43.28,43.41,1173200
2016-11-04,43.5575,44.29,43.49,43.955,2295600
2016-11-07,44.2225,45.092499,44.2225,45.055,1368400
2016-11-08,45.055,46.135,44.2975,45.725,1943200
2016-11-09,45.5,45.56,44.49,45.44,1787200
2016-11-10,46.014999,46.1725,44.79,45.067501,1784400
2016-11-11,44.9575,45.815,44.1875,44.3175,1492000
2016-11-14,44.4675,44.68,42.465,42.5325,2543200
2016-11-15,42.655,43.3425,41.8825,42.9875,5029200
2016-11-16,43.049999,43.3325,42.6875,43.0,1785200
2016-11-17,42.8875,43.63,42.5925,43.6,1597200
2016-11-18,43.5675,43.815,42.965,43.0,1397200
2016-11-21,43.175,44.067501,43.175,43.325,2726000
2016-11-22,43.1725,43.26,41.8925,42.5,2452800
2016-11-23,42.415,42.8275,41.66,42.1675,3371600
2016-11-25,42.2025,42.73,41.8875,42.675,1506400
2016-11-28,42.5825,42.8725,41.9825,42.0825,1738800
2016-11-29,42.4,42.9525,42.125,42.5375,1996800
2016-11-30,42.32,42.58,40.675,41.1225,5441200
2016-12-01,41.1825,41.27,39.6825,39.875,3003600
2016-12-02,39.98,40.7275,39.8075,40.53,2656000
2016-12-05,40.38,41.255,40.38,40.99,3236000
2016-12-06,40.9025,41.4375,40.735,41.4275,3438800
2016-12-07,41.31,42.4125,41.067501,42.0975,3233600
2016-12-08,42.067501,42.495,41.495,41.95,4334000
2016-12-09,42.0,43.75,42.0,42.655,4800400
2016-12-12,42.765,43.605,42.3475,43.55,2921200
2016-12-13,43.6975,44.13,43.465,43.8275,2801600
2016-12-14,43.9825,44.6225,43.615,43.7975,2705200
2016-12-15,43.7625,44.2325,43.2475,44.014999,1909600
2016-12-16,44.165,44.3,43.66,43.8025,2665600
2016-12-19,43.8,44.052502,43.595,43.7675,1500800
2016-12-20,43.7825,43.9325,43.56,43.8475,1799200
2016-12-21,43.715,43.93,43.2775,43.655,1188000
2016-12-22,43.65,43.86,43.2075,43.275,3059600
2016-12-23,43.4325,43.8725,43.4325,43.8575,1302800
2016-12-27,43.9825,44.5275,43.8325,44.36,1504400
2016-12-28,44.3275,44.3925,43.695,43.835,1226800
2016-12-29,43.825,44.335,43.655,43.8725,1269200
2016-12-30,44.072498,44.087502,43.595,43.7325,1676800
2017-01-03,43.92,44.049999,43.5125,43.7875,2448800
2017-01-04,43.75,44.6425,43.6225,44.535,1511600
2017-01-05,44.4975,44.4975,43.865,44.092499,2024800
2017-01-06,44.087502,44.545,43.825,44.3025,1376000
2017-01-09,44.4025,44.6825,44.1375,44.52,2110000
2017-01-10,44.2875,45.7275,44.2875,45.45,2902000
2017-01-11,45.27,45.4725,43.9975,44.44,2674800
2017-01-12,44.295,44.6175,43.9325,44.35,1922800
2017-01-13,44.4075,45.16,44.265,44.885,1550000
2017-01-17,44.5625,45.71,44.4225,45.52,2366800
2017-01-18,45.75,46.035,45.4975,45.7525,1752000
2017-01-19,45.715,46.1875,45.2725,45.4775,1065600
2017-01-20,45.5375,45.8325,44.99,45.3825,1312400
2017-01-23,45.2575,45.4225,44.965,45.1675,1767200
2017-01-24,45.1075,45.2825,44.925,45.035,1165600
2017-01-25,45.2325,45.2325,44.8525,45.125,2086000
2017-01-26,45.125,45.545,45.0975,45.28,2048400
2017-01-27,45.2525,45.895,45.185,45.86,1197200
2017-01-30,45.8775,45.9225,45.2275,45.44,1111600
2017-01-31,45.3975,46.1825,45.2275,46.1525,1357600
2017-02-01,46.0,46.455,45.7925,46.4275,1898400
2017-02-02,46.28,46.77,46.16,46.7525,2691200
2017-02-03,46.945,47.040001,46.575,47.025002,1167200
2017-02-06,47.025002,47.285,46.625,46.8775,1142400
2017-02-07,47.0099983,47.25,46.7075,47.029999,1811200
2017-02-08,46.945,47.3225,46.755,47.2375,776800
2017-02-09,47.3425,47.765,47.1875,47.625,1048400
2017-02-10,47.91,48.067501,47.5175,47.75,1051200
2017-02-13,47.7775,47.96,47.61,47.81,1021600
2017-02-14,47.495,48.095001,47.495,47.9125,1199600
2017-02-15,47.72,48.0099983,47.61,47.8275,2261600
2017-02-16,47.97,48.0,47.3525,47.6275,1688400
2017-02-17,47.645,49.0074997,47.545,48.9775,2158800
2017-02-21,48.8475,49.34,48.795,48.865,1578800
2017-02-22,48.8575,49.2675,48.625,48.7425,1229600
2017-02-23,48.845,49.3675,48.7075,49.23,2128000
2017-02-24,48.97,50.0074997,48.97,49.93,1623200
2017-02-27,49.93,50.012501,48.99,49.735,1737600
2017-02-28,49.6275,49.985,49.4225,49.785,1759600
2017-03-01,50.0,50.25,49.79,50.19,2728000
2017-03-02,50.1575,50.4575,49.8725,50.285,2791200
2017-03-03,49.82,50.125,48.4775,48.615,4766800
2017-03-06,48.4875,48.885,48.26,48.6325,2386800
2017-03-07,48.4025,48.6325,47.91,48.365,1799600
2017-03-08,48.55,48.9275,48.3175,48.5125,1243200
2017-03-09,48.63,48.7125,48.3,48.6525,1025600
2017-03-10,48.865,49.0625,48.385,48.58,1065200
2017-03-13,48.58,48.6675,48.060001,48.6125,1060000
2017-03-14,48.6175,48.625,48.1875,48.375,748800
2017-03-15,48.465,48.7475,48.2725,48.6725,1051600
2017-03-16,48.5425,48.7475,48.225,48.4325,1311200
2017-03-17,48.53,49.0,48.53,48.785,1208000
2017-03-20,48.82,49.060001,48.5025,49.060001,1645200
2017-03-21,49.12,49.46,48.695,48.835,1788800
2017-03-22,48.8625,50.4225,48.8625,49.9475,2485600
2017-03-23,49.89,50.675,49.765,49.925,2124400
2017-03-24,49.9875,50.6425,49.7875,49.95,1370800
2017-03-27,49.705,50.1825,49.4025,49.955,1207600
2017-03-28,49.855,49.95,49.3075,49.765,1054400
2017-03-29,49.6275,49.9775,49.515,49.8325,1585600
2017-03-30,49.645,49.84,49.23,49.535,943600
2017-03-31,49.6775,50.1225,49.475,49.9725,1238400
2017-04-03,49.945,50.305,49.6625,49.9075,1820800
2017-04-04,49.8375,50.0275,49.26,49.95,2528000
2017-04-05,49.8775,50.0,49.2375,49.335,1604400
2017-04-06,49.25,49.2775,48.5725,49.26,1089600
2017-04-07,49.285,49.5725,49.0825,49.25,1283200
2017-04-10,49.275,49.43,49.125,49.26,1148400
2017-04-11,49.055,49.37,48.9325,49.35,1117600
2017-04-12,49.67,50.037498,49.012501,49.265,811200
2017-04-13,49.09,49.2825,49.060001,49.072498,814800
2017-04-17,49.205,49.28,49.0625,49.155,1044800
2017-04-18,49.0074997,49.245,48.6375,49.2225,1888000
2017-04-19,49.4375,50.325,49.1175,49.5575,1377200
2017-04-20,49.6175,50.2025,49.375,50.125,932400
2017-04-21,49.9975,50.25,49.6825,49.785,949600
2017-04-24,50.067501,50.48,49.9475,50.385,1309600
2017-04-25,50.5625,50.87,50.245,50.33,1122800
2017-04-26,50.3775,50.565,49.925,49.9975,1360000
2017-04-27,50.087502,50.2225,49.6325,49.8425,1053600
2017-04-28,49.81,50.105,49.58,50.0825,1132400
2017-05-01,50.1975,50.3425,49.9425,50.2625,1329600
2017-05-02,50.315,50.615,50.060001,50.53,1390800
2017-05-03,50.5,50.63,49.87,50.555,1186800
2017-05-04,50.7075,51.28,50.4175,51.2225,1431200
2017-05-05,51.32,51.6675,51.067501,51.4275,1307200
2017-05-08,51.4425,51.8,51.1275,51.6,1599200
2017-05-09,51.645,52.035,51.475,51.9125,2544000
2017-05-10,51.835,52.025002,51.5475,51.835,1133200
2017-05-11,51.5825,51.91,51.405,51.85,1191600
2017-05-12,51.785,52.075001,51.775,51.8975,1057200
2017-05-15,51.895,52.715,51.895,52.4675,2743200
2017-05-16,52.715,52.715,52.2,52.615,783600
2017-05-17,52.615,52.615,52.2225,52.3525,1276400
2017-05-18,52.5125,52.9025,52.3125,52.5975,936400
2017-05-19,52.5625,53.3075,52.5625,53.155,4415600
2017-05-22,53.022499,54.36,52.9175,54.335,2104400
2017-05-23,54.2275,54.5425,54.014999,54.27,1334000
2017-05-24,54.4475,54.545,53.8875,54.4175,962800
2017-05-25,54.44,54.67,54.057499,54.58,1522800
2017-05-26,54.5825,54.7225,54.28,54.365,628400
2017-05-30,54.13,54.665,54.0074997,54.55,1173600
2017-05-31,54.63,54.95,54.2325,54.6875,1536000
2017-06-01,54.8,54.9525,53.81,54.9475,2344800
2017-06-02,56.9125,60.105,56.68,59.58,4613600
2017-06-05,59.8375,60.8425,59.67,60.2225,3381200
2017-06-06,60.1325,60.56,59.725,60.405,1333200
2017-06-07,60.7,60.9725,60.2575,60.775,1816400
2017-06-08,60.775,60.775,59.98,60.44,2331200
2017-06-09,60.375,60.62,58.76,59.3575,3272000
2017-06-12,59.2825,59.37,57.8175,59.1875,2149600
2017-06-13,59.3425,60.525,59.2775,60.22,1284400
2017-06-14,60.47,60.59,59.4275,59.7475,1251600
2017-06-15,59.4825,60.099998,59.13,59.96,1510800
2017-06-16,60.02,60.375,59.715,59.7375,2342400
2017-06-19,59.88,60.8725,59.485,60.5275,1763200
2017-06-20,60.7025,61.4725,60.625,60.6975,1028000
2017-06-21,60.81,61.3025,60.5925,60.965,1075600
2017-06-22,61.0099983,61.95,60.84,61.265,1996400
2017-06-23,61.415,61.7,61.205,61.5475,1622000
2017-06-26,61.6375,62.125,61.3825,61.69,1065200
2017-06-27,61.42,61.6725,60.8075,60.8125,1584400
2017-06-28,61.2375,61.325,60.39,60.5875,1980400
2017-06-29,60.2575,60.6725,58.9375,59.28,3796400
2017-06-30,59.5675,60.3125,59.255,59.855,1960400
2017-07-03,59.855,59.98,59.0050011,59.095001,757200
2017-07-05,59.12,59.6375,58.6375,59.5075,1861200
2017-07-06,59.3625,59.8125,58.8225,59.047501,1174800
2017-07-07,59.295,60.8175,59.1875,60.6825,2346400
2017-07-10,60.5775,61.1675,60.225,61.035,2842000
2017-07-11,61.084999,61.2525,60.645,61.1325,1755600
2017-07-12,61.3525,62.2075,61.1625,61.9775,2046400
2017-07-13,62.1125,62.2375,60.9775,61.6125,1976000
2017-07-14,61.74,63.012501,61.3625,62.59,2196800
2017-07-17,62.86,63.2125,62.68,62.995,2073200
2017-07-18,62.96,63.33,62.2625,63.3,1799200
2017-07-19,63.6775,64.097504,63.5725,63.725,1420800
2017-07-20,63.7225,63.9675,63.45,63.5,915200
2017-07-21,62.725,62.935,61.55,62.1025,1482000
2017-07-24,62.0825,62.69,61.8725,62.655,1010000
2017-07-25,62.69,62.89,61.9975,62.7075,1458800
2017-07-26,62.6225,62.64,61.54,61.7525,1150800
2017-07-27,61.845,61.905,60.9125,61.66,1178800
2017-07-28,61.51,61.7475,61.1075,61.65,865200
2017-07-31,61.75,61.795,60.75,60.9675,1815200
2017-08-01,61.2825,61.555,60.7625,61.3225,1329200
2017-08-02,61.36,61.5875,60.29,61.067501,1185200
2017-08-03,61.017502,61.2975,60.7925,61.195,1042800
2017-08-04,61.225,61.405,60.705,60.93,562400
2017-08-07,60.9875,61.26,60.685,61.1575,1049200
2017-08-08,61.1575,61.3425,60.76,60.8975,592400
2017-08-09,60.745,61.1275,60.595,60.6775,952000
2017-08-10,60.3225,60.7775,59.795,59.9975,1336400
2017-08-11,60.3225,60.5425,59.875,60.23,1144800
2017-08-14,60.9675,61.0024986,60.5675,60.82,1721600
2017-08-15,60.93,61.044998,60.3725,60.73,1652000
2017-08-16,60.77,61.3,60.6275,61.1425,1214400
2017-08-17,61.077499,61.6625,60.8175,61.295,1443600
2017-08-18,61.4375,61.73,61.125,61.2625,3586000
2017-08-21,61.2975,61.975,61.215,61.925,1195200
2017-08-22,61.8375,62.5925,61.745,62.28,2054400
2017-08-23,62.040001,62.5375,61.525,61.59,933200
2017-08-24,61.7575,61.895,61.355,61.415,633200
2017-08-25,61.6525,62.1975,61.5325,61.5825,1039200
2017-08-28,61.8125,62.055,61.5025,61.9075,1150800
2017-08-29,61.7875,61.9725,61.044998,61.5375,2269600
2017-08-30,61.6375,62.077499,61.3675,61.5275,1774400
2017-08-31,61.4775,62.8675,61.4775,62.7075,2378000
2017-09-01,61.25,61.25,58.655,59.044998,4106800
2017-09-05,59.0625,60.0074997,58.925,59.9775,2600800
2017-09-06,60.1175,60.455,59.405,60.285,2178800
2017-09-07,60.375,61.2625,60.095001,61.2025,1950800
2017-09-08,61.205,63.012501,61.084999,62.87,2309200
2017-09-11,63.2025,63.4975,62.8525,63.3475,1675200
2017-09-12,63.3475,63.62,61.64,62.5075,3969200
2017-09-13,62.4125,62.4125,61.5925,61.65,1276800
2017-09-14,61.565,61.7625,61.064999,61.76,1695600
2017-09-15,61.9425,62.0024986,61.19,61.3025,3450800
2017-09-18,61.42,62.4375,60.9225,62.2775,2004800
2017-09-19,62.2075,62.2075,58.92,58.9975,4673200
2017-09-20,59.125,59.85,58.2,59.0275,2944800
2017-09-21,59.0,59.0,57.8775,58.1025,2547200
2017-09-22,58.24,60.17,57.6725,59.9425,4785200
2017-09-25,59.745,60.29,59.335,59.9625,2078400
2017-09-26,59.7975,60.1575,58.8375,58.9625,1520800
2017-09-27,58.9625,59.155,58.415,58.855,1654000
2017-09-28,58.9125,58.965,57.8225,57.9,1746000
2017-09-29,57.79,59.325,57.6925,59.2775,1934000
2017-10-02,59.475,60.16,59.060001,60.14,1738400
2017-10-03,60.0050011,60.5025,59.5825,60.029999,1692400
2017-10-04,59.9525,60.5625,59.9525,60.2575,1733600
2017-10-05,60.3375,60.525,59.81,60.4175,967600
2017-10-06,60.3275,60.655,60.012501,60.3325,1221200
2017-10-09,60.155,60.25,58.8775,59.155,1599600
2017-10-10,59.145,59.145,58.375,58.4925,1378800
2017-10-11,58.3425,59.3975,58.3425,59.38,1428400
2017-10-12,59.345,59.7175,59.195,59.4175,1928000
2017-10-13,59.2125,59.2125,58.775,59.0,1243200
2017-10-16,58.97,59.4375,58.97,59.2375,1598400
2017-10-17,59.45,59.5475,58.88,58.995,2206000
2017-10-18,59.1375,59.33,58.7725,58.945,2894000
2017-10-19,59.1375,59.175,58.655,59.02,3446400
2017-10-20,59.2425,59.5825,58.62,58.8375,2889200
2017-10-23,59.029999,59.7125,58.725,59.3275,1984800
2017-10-24,59.535,59.8875,59.014999,59.8875,934800
2017-10-25,59.4625,59.8175,58.845,59.475,1370400
2017-10-26,59.4075,60.76,59.4075,60.1025,1819200
2017-10-27,60.1775,61.3475,59.945,61.1075,1314800
2017-10-30,61.067501,61.115,60.1875,60.6875,1128400
2017-10-31,60.6275,60.7625,59.93,60.064999,1385600
2017-11-01,60.135,60.1425,58.3625,58.4925,2026800
2017-11-02,58.265,58.5075,56.495,56.725,2550800
2017-11-03,56.555,57.3775,56.4275,57.3175,1706000
2017-11-06,57.1075,57.645,56.8075,56.91,1169200
2017-11-07,56.925,57.4025,56.565,57.3325,1397200
2017-11-08,57.4175,57.8225,57.115,57.62,1274400
2017-11-09,57.645,58.1225,57.415,57.9875,1146800
2017-11-10,57.7425,57.8525,56.7775,57.265,1367600
2017-11-13,57.2875,59.42,56.915,59.2675,1490400
2017-11-14,59.055,59.5425,58.645,59.195,1004800
2017-11-15,59.2,59.4525,58.6175,58.665,1374800
2017-11-16,58.97,59.935,58.97,59.8625,759600
2017-11-17,59.58,60.0425,59.1025,59.6625,864400
2017-11-20,59.86,60.095001,59.4325,59.985,738400
2017-11-21,60.305,60.5675,59.8225,60.0275,962400
2017-11-22,60.2125,60.2725,59.41,59.725,1226000
2017-11-24,59.79,60.655,59.79,60.5725,384800
2017-11-27,60.8525,61.017502,60.5025,60.8225,824800
2017-11-28,61.07,61.645,60.76,60.8125,1142000
2017-11-29,60.7425,61.13,59.7025,60.6475,1718000
2017-11-30,60.8575,60.93,59.9875,60.295,1856400
2017-12-01,60.4,60.4875,59.0,59.525,1654000
2017-12-04,59.66,59.7875,57.4,57.435,1976000
2017-12-05,57.775,58.81,57.46,57.9725,2296000
2017-12-06,57.855,58.5825,57.7425,58.5175,1988800
2017-12-07,58.7375,60.2725,58.7375,59.7,2643200
2017-12-08,56.8725,57.72,55.3,56.64,5502000
2017-12-11,56.735,57.2425,56.515,57.1125,3097200
2017-12-12,57.2025,57.5425,56.95,57.415,2940800
2017-12-13,57.22,57.595,55.98,56.047501,2548400
2017-12-14,55.9725,56.535,55.4775,56.215,2607600
2017-12-15,56.6725,57.4575,56.4375,57.325,2785200
2017-12-18,57.4375,57.6825,55.91,56.014999,2516800
2017-12-19,56.12,57.099998,55.845,55.97,2184800
2017-12-20,55.9825,56.42,55.7575,56.1525,1681600
2017-12-21,56.11,56.4175,55.425,55.4425,1373200
2017-12-22,55.3125,55.645,54.7375,54.95,878000
2017-12-26,54.84,55.29,54.575,55.11,860400
2017-12-27,55.24,55.5525,55.084999,55.2975,795200
2017-12-28,55.385,55.5025,54.7175,55.044998,912800
2017-12-29,55.1025,55.3525,54.4675,54.47,1145200
2018-01-02,54.48,55.7425,54.28,55.155,1473600
2018-01-03,55.2075,56.7525,55.2075,56.685,2358000
2018-01-04,56.91,57.1575,55.7925,55.8875,2244800
2018-01-05,56.5625,57.7025,56.5475,57.625,3196000
2018-01-08,57.575,58.017502,57.345,57.9125,1562000
2018-01-09,58.0050011,58.94,57.8125,58.5625,1926000
2018-01-10,58.2725,58.715,57.07,57.7475,2258000
2018-01-11,57.57,57.8075,56.92,57.16,2640800
2018-01-12,57.22,57.8275,56.48,57.71,1410400
2018-01-16,57.9375,58.5175,57.2875,57.74,1954000
2018-01-17,58.087502,58.8625,57.78,58.7975,2942000
2018-01-18,58.91,59.055,58.5025,58.88,2313200
2018-01-19,58.955,60.385,58.955,60.1625,1790800
2018-01-22,60.1825,60.995,60.16,60.3275,1964000
2018-01-23,60.425,60.5475,59.4425,59.675,1724800
2018-01-24,59.75,60.65,59.565,59.8325,1461600
2018-01-25,60.052502,60.9675,60.052502,60.9475,1356800
2018-01-26,61.047501,61.43,60.54,61.395,885600
2018-01-29,61.515,61.9275,60.805,60.9,1253600
2018-01-30,60.1975,61.2525,60.040001,60.715,1522400
2018-01-31,60.68,61.275,60.3025,61.1675,2096800
2018-02-01,60.8375,61.3425,60.2425,60.9025,1774800
2018-02-02,60.295,60.9825,60.014999,60.33,4317600
2018-02-05,60.29,60.625,57.7475,57.7475,2374400
2018-02-06,56.87,57.85,55.955,57.32,1848400
2018-02-07,57.087502,58.315,56.7625,57.6175,1572000
2018-02-08,57.51,57.8125,55.705,55.7925,2471200
2018-02-09,55.5675,57.1825,54.77,56.69,2222800
2018-02-12,56.945,57.4575,56.17,56.69,1802800
2018-02-13,56.6575,56.755,56.145,56.455,1452800
2018-02-14,56.2,57.495,56.0,57.4475,1293600
2018-02-15,57.6375,58.14,57.2625,58.1325,1054000
2018-02-16,58.225,58.805,57.87,58.1175,1674800
2018-02-20,57.8775,58.3575,57.39,57.5925,1224000
2018-02-21,57.735,58.205,57.26,57.285,1558800
2018-02-22,57.665,58.105,56.8875,56.9925,1561600
2018-02-23,57.3475,57.6975,56.875,57.635,973200
2018-02-26,57.6275,58.335,57.014999,58.21,1221200
2018-02-27,58.265,58.55,57.945,58.044998,968000
2018-02-28,58.25,58.725,57.6225,57.63,1444800
2018-03-01,57.5725,57.64,56.175,56.7175,1774000
2018-03-02,56.675,58.695,56.675,58.595,1714000
2018-03-05,58.235,59.335,57.56,59.125,1626400
2018-03-06,59.145,60.3975,58.6475,60.099998,2142000
2018-03-07,59.605,61.625,59.4825,61.5575,2760400
2018-03-08,61.9275,62.6375,61.3175,62.145,2633200
2018-03-09,62.8825,65.065002,61.795,62.8575,4786800
2018-03-12,63.0,63.14,60.115,60.2375,3762400
2018-03-13,60.3375,60.6475,58.6525,59.215,2765200
2018-03-14,59.2125,59.6675,58.225,58.4725,2299600
2018-03-15,58.59,58.59,57.4125,58.5025,1857600
2018-03-16,58.47,59.2125,57.895,58.9225,2261200
2018-03-19,58.8775,59.16,57.37,58.2125,2137200
2018-03-20,58.4275,58.76,57.5975,58.0050011,1498400
2018-03-21,58.145,58.23,57.049999,57.084999,2104000
2018-03-22,56.765,57.1125,56.12,56.195,1676000
2018-03-23,56.4325,56.51,54.53,54.685,2112000
2018-03-26,55.025002,56.75,54.9325,56.71,3450400
2018-03-27,56.7325,57.2275,55.875,56.2725,2172400
2018-03-28,56.3875,56.655,55.3525,56.2875,2297600
2018-03-29,56.53,57.875,56.3425,57.2025,1534000
2018-04-02,57.0024986,57.1725,55.125,55.4175,2532400
2018-04-03,55.4825,55.515,54.7425,55.3275,1627200
2018-04-04,55.2525,55.49,54.1175,55.3025,1527600
2018-04-05,55.5625,56.2375,55.34,55.8875,1739200
2018-04-06,55.6875,55.9875,54.235,54.495,1192400
2018-04-09,54.665,55.79,54.2875,54.9575,1179200
2018-04-10,55.535,56.1325,55.155,55.835,1608800
2018-04-11,55.415,55.765,54.975,55.1525,1389200
2018-04-12,55.105,55.745,55.0,55.255,1646800
2018-04-13,55.38,55.655,54.885,55.3425,2320000
2018-04-16,56.032501,57.1175,55.415,57.0,1941600
2018-04-17,57.2775,57.47,56.55,56.835,1661200
2018-04-18,56.8975,57.2525,56.2625,56.7475,1432800
2018-04-19,56.645,57.017502,56.029999,56.305,1048000
2018-04-20,56.3125,56.6425,55.68,56.28,1874400
2018-04-23,56.6375,56.67,56.080002,56.39,1203600
2018-04-24,56.6825,56.95,55.43,55.8075,1614800
2018-04-25,55.5875,56.9325,55.225,56.8975,1751600
2018-04-26,56.9325,57.73,56.82,57.4,1208800
2018-04-27,57.3375,57.94,57.099998,57.685,1002400
2018-04-30,57.9875,58.1075,57.135,57.1775,1334800
2018-05-01,57.205,57.7025,56.9675,57.5225,1140400
2018-05-02,57.3525,57.5325,56.615,56.7125,1076800
2018-05-03,56.1825,56.7125,55.665,56.32,1519200
2018-05-04,56.105,56.9575,55.535,56.64,865600
2018-05-07,56.865,57.1425,56.26,56.3925,1179200
2018-05-08,56.51,57.2125,56.255,56.7,1152400
2018-05-09,56.6575,56.9275,56.017502,56.6225,1298400
2018-05-10,56.88,57.8925,56.6175,57.855,887200
2018-05-11,57.775,58.61,57.775,58.58,1172800
2018-05-14,58.57,59.15,58.57,58.7925,1898400
2018-05-15,58.4075,58.5675,57.8075,58.060001,948400
2018-05-16,58.1575,58.2325,57.6375,57.885,1196400
2018-05-17,57.9925,57.9925,57.4525,57.7025,1790400
2018-05-18,57.66,58.555,57.625,58.3275,1082000
2018-05-21,58.5225,59.2075,58.3775,59.1225,1071600
2018-05-22,59.035,59.2275,57.935,58.0099983,1096800
2018-05-23,57.875,58.325,57.6225,57.98,993200
2018-05-24,58.1625,58.3475,57.3375,57.3975,1236800
2018-05-25,57.385,58.0275,56.735,56.9375,1577200
2018-05-29,56.35,56.545,55.685,56.125,2150000
2018-05-30,56.3575,57.8125,56.3575,57.4325,1594000
2018-05-31,57.215,57.76,56.5,56.5775,1931600
2018-06-01,56.905,57.5075,56.7825,57.0275,1486400
2018-06-04,56.9975,57.435,56.5225,56.575,1991200
2018-06-05,56.5475,56.7775,55.78,56.2225,1951200
2018-06-06,56.365,57.4225,56.099998,57.2325,1195200
2018-06-07,57.215,57.65,56.2175,56.625,2104400
2018-06-08,59.2625,61.25,55.6075,58.052502,4837200
2018-06-11,57.7975,58.072498,55.375,55.4925,3024400
2018-06-12,55.4325,57.0050011,55.4125,57.0,2015600
2018-06-13,57.0625,57.265,56.405,56.7075,1757200
2018-06-14,56.875,59.415,56.7675,58.7875,3711200
2018-06-15,58.7825,59.3975,58.365,59.2575,4106800
2018-06-18,58.815,58.82,57.835,58.65,2107200
2018-06-19,58.385,58.405,57.6175,58.385,2129200
2018-06-20,58.3425,58.56,57.7875,57.96,1263600
2018-06-21,58.02,58.695,57.805,58.495,1829600
2018-06-22,58.6575,59.5925,58.3525,59.3075,3299600
2018-06-25,59.395,59.395,58.014999,58.5,2102000
2018-06-26,58.5,58.9425,58.2325,58.7025,1122800
2018-06-27,58.6275,59.12,57.925,58.125,1665600
2018-06-28,58.125,58.8225,57.705,58.6975,2486000
2018-06-29,58.6375,59.3725,58.5875,58.8625,1698800
2018-07-02,58.3925,59.0825,58.035,59.075001,1780000
2018-07-03,58.995,60.1775,58.63,59.54,1126400
2018-07-05,59.77,59.8375,59.049999,59.78,1113600
2018-07-06,60.022499,60.8925,59.88,60.675,1516400
2018-07-09,60.7375,61.375,60.6775,61.245,1773200
2018-07-10,61.385,61.4925,60.8975,61.3225,1521200
2018-07-11,61.1925,62.1725,61.0425,61.765,1537200
2018-07-12,61.775,61.9425,60.9275,61.46,1808400
2018-07-13,61.61,62.052502,61.1825,61.78,1105200
2018-07-16,61.75,61.805,60.5575,60.675,1611200
2018-07-17,60.65,61.5825,60.65,61.5175,1620400
2018-07-18,61.6475,61.9975,60.965,61.6975,1340800
2018-07-19,61.77,62.07,61.145,61.9975,1390000
2018-07-20,61.6775,62.9175,61.6775,62.145,1934800
2018-07-23,61.925,62.76,61.5925,62.565,1411600
2018-07-24,62.5875,63.535,62.485,62.73,1515600
2018-07-25,62.62,63.81,62.5375,63.7475,1128400
2018-07-26,63.975,64.4125,63.3525,63.88,950000
2018-07-27,64.025002,64.25,63.3375,63.4975,933600
2018-07-30,64.31,64.61,63.4375,63.99,1404400
2018-07-31,64.385,65.4275,64.2025,65.125,1581200
2018-08-01,64.785,64.9825,64.3225,64.7575,1100400
2018-08-02,64.835,65.3925,64.5125,65.089996,926400
2018-08-03,65.2475,65.2475,64.6925,65.077499,1051600
2018-08-06,64.8825,65.105,64.5,64.61,1126400
2018-08-07,64.47,64.52,63.8325,64.3725,1314400
2018-08-08,64.475,64.7575,63.8625,64.4875,1061200
2018-08-09,64.6675,65.2075,64.17,64.21,911200
2018-08-10,64.037498,64.037498,63.087502,63.315,1468400
2018-08-13,63.29,64.2325,62.905,63.2975,879200
2018-08-14,63.18,64.135,62.5,63.7425,1018800
2018-08-15,63.705,63.705,62.725,63.2875,1204400
2018-08-16,63.4925,64.2375,63.12,63.905,879600
2018-08-17,64.052498,64.6875,63.7025,64.4075,895200
2018-08-20,64.435,64.57,63.92,64.014999,1281200
2018-08-21,64.275,64.4575,63.7825,64.19,1088400
2018-08-22,63.84,65.074997,63.685,64.8825,997200
2018-08-23,64.8825,65.295,64.625,64.8025,708000
2018-08-24,64.6975,65.067497,64.5975,64.995,771200
2018-08-27,65.2525,65.4975,64.785,65.4575,1057200
2018-08-28,65.6925,66.3325,65.2575,65.8925,1093600
2018-08-29,65.9,66.7475,65.6875,66.4025,1175600
2018-08-30,66.1025,66.48,65.6975,65.9225,1109200
2018-08-31,63.625,65.082497,61.575,63.945,4603200
2018-09-04,63.945,64.765,63.755,64.17,2057600
2018-09-05,63.935,64.39,62.9875,63.835,1562000
2018-09-06,63.81,65.405,63.6725,64.9525,1420000
2018-09-07,64.95,65.2625,64.395,64.8575,1192800
2018-09-10,65.1275,66.995,64.5675,64.995,1555200
2018-09-11,64.87,66.1625,64.87,65.93,1415600
2018-09-12,65.75,66.45,65.75,66.2975,1021200
2018-09-13,66.3425,66.81,65.7,66.33,1161200
2018-09-14,66.2825,66.2825,65.4725,65.73,948800
2018-09-17,65.775,65.83,64.595,64.915,1189600
2018-09-18,64.9825,66.2625,64.68,66.19,1069600
2018-09-19,66.25,66.8325,66.025002,66.335,1501600
2018-09-20,66.625,67.3275,66.1825,66.89,2046400
2018-09-21,67.032501,67.66,66.6425,67.2325,1593200
2018-09-24,67.29,67.5925,66.9225,67.36,882000
2018-09-25,67.5,68.36,67.2675,68.21,1032000
2018-09-26,68.4575,69.077499,68.052498,68.625,975200
2018-09-27,68.6825,69.1575,68.4925,68.8325,837200
2018-09-28,68.8375,69.48,68.53,69.2875,1106000
2018-10-01,69.3275,70.025002,69.2125,69.685,875600
2018-10-02,69.6775,69.855,69.31,69.8075,839600
2018-10-03,69.995,70.025002,68.6925,69.0074997,1576400
2018-10-04,68.7775,68.7775,66.5575,66.9575,1586000
2018-10-05,67.095001,67.65,65.885,66.7225,1345600
2018-10-08,66.665,66.665,65.019997,65.5675,1186400
2018-10-09,65.5875,65.87,64.5275,64.9225,1500400
2018-10-10,64.705,65.1975,63.087502,63.1425,1055600
2018-10-11,63.1825,63.92,62.2975,62.6475,1263200
2018-10-12,63.5225,64.215,63.049999,64.055,1209200
2018-10-15,63.9425,64.175,63.077499,63.25,879200
2018-10-16,63.5075,65.7,63.5075,65.5175,992800
2018-10-17,65.235,66.1875,64.9025,66.07,647600
2018-10-18,66.089996,66.1675,64.125,64.53,802000
2018-10-19,64.6,64.775,63.4975,63.5525,836400
2018-10-22,63.7625,63.84,63.2175,63.57,632400
2018-10-23,62.78,63.96,62.025002,63.445,884400
2018-10-24,63.4725,64.1075,62.025002,62.1425,781600
2018-10-25,62.355,63.1625,61.4425,62.6375,725600
2018-10-26,61.9575,62.6925,60.9625,61.9625,870000
2018-10-29,62.4475,63.1075,61.205,61.925,1008000
2018-10-30,62.285,63.65,62.1775,63.5725,924400
2018-10-31,63.88,65.6425,63.5725,64.5775,1423200
2018-11-01,64.92,65.885,64.5775,65.77,940400
2018-11-02,66.115,66.4975,65.45,65.8575,762000
2018-11-05,66.0,66.39,63.685,64.5625,1260400
2018-11-06,64.225,65.11,64.225,64.91,979600
2018-11-07,65.25,67.099998,65.25,66.4625,978000
2018-11-08,66.495,67.067497,66.2125,66.9075,901600
2018-11-09,66.875,67.585,66.305,66.95,818400
2018-11-12,66.9575,66.9575,65.1375,65.4375,1426800
2018-11-13,65.4,65.865,63.54,63.75,1352800
2018-11-14,64.2625,65.525,62.9375,63.515,1004800
2018-11-15,63.12,64.515,62.615,64.3025,1139600
2018-11-16,64.082497,66.4275,63.3425,66.2575,1080000
2018-11-19,66.3925,66.3925,63.775,64.2,1165600
2018-11-20,63.4375,65.3075,63.09,65.225,1245200
2018-11-21,65.31,66.9525,65.31,66.48,1201600
2018-11-23,66.1525,67.5875,66.1525,67.52,618400
2018-11-26,68.25,68.7475,67.74,68.13,1522000
2018-11-27,68.017502,68.575,67.375,68.41,1167200
2018-11-28,68.3325,68.48,67.275,68.345,2438400
2018-11-29,68.065002,69.6525,68.065002,69.355,1423600
2018-11-30,69.805,70.4375,68.98,69.7075,2044000
2018-12-03,69.9825,70.795,69.9475,70.415,2341600
2018-12-04,70.595,70.715,68.485,68.725,2122000
2018-12-06,68.2775,69.4725,66.195,69.2575,2541200
2018-12-07,65.8725,68.0,60.6625,60.7525,5014800
2018-12-10,60.6625,63.675,60.2875,63.27,3138400
2018-12-11,64.022499,65.1925,62.3,63.6925,1905600
2018-12-12,64.4875,65.225,63.605,63.6825,1313200
2018-12-13,64.43,64.895,63.6125,64.22,1340400
2018-12-14,63.77,63.77,62.1625,62.4925,1306800
2018-12-17,61.8675,62.4625,60.4525,61.115,1665200
2018-12-18,61.61,62.2625,61.4,61.805,2185600
2018-12-19,61.99,62.4175,60.4875,60.8975,1743600
2018-12-20,60.6725,61.037498,58.6175,59.195,2174800
2018-12-21,58.6075,59.8425,58.6075,59.145,2884000
2018-12-24,58.9825,58.9825,57.1625,58.175,1428000
2018-12-26,58.49,61.17,57.965,61.1475,1817600
2018-12-27,60.46,63.185,59.995,63.044998,3515200
2018-12-28,63.2375,63.2375,61.5825,62.4125,1810400
2018-12-31,62.9475,63.905,62.34,63.625,1163600
2019-01-02,62.885,63.22,61.76,62.6575,1174000
2019-01-03,62.305,62.5925,60.6125,61.545,1873200
2019-01-04,60.5,62.3225,60.43,61.5475,3482800
2019-01-07,61.8,62.6325,61.5,61.6925,1934400
2019-01-08,61.9575,63.575,61.9575,63.4575,1672000
2019-01-09,63.75,65.7875,63.75,64.565,1809200
2019-01-10,64.295,65.074997,64.017502,64.91,1167600
2019-01-11,64.665,65.41,63.9575,65.3725,742000
2019-01-14,65.0049973,65.895,64.8275,65.145,1379600
2019-01-15,64.9325,67.425,64.8025,67.17,1272800
2019-01-16,67.25,68.2475,66.7125,68.037498,1743200
2019-01-17,68.057503,68.6125,66.8025,66.875,2170400
2019-01-18,67.2775,67.52,65.94,67.4075,2208800
2019-01-22,67.089996,67.3275,66.097504,66.8775,1243200
2019-01-23,67.11,68.1475,66.21,67.2025,970400
2019-01-24,67.27,68.1325,67.245,67.9925,957200
2019-01-25,68.235,68.9525,68.019997,68.9025,1070800
2019-01-28,68.5175,68.8125,67.985,68.41,736800
2019-01-29,68.4175,68.89,67.77,68.44,810400
2019-01-30,68.45,69.7875,68.14,69.1875,1186400
2019-01-31,68.91,69.945,68.4575,69.69,1896400
2019-02-01,70.48,72.1275,69.2525,69.43,1493600
2019-02-04,69.435,69.675,68.4,69.31,1344800
2019-02-05,69.555,70.325,69.1825,69.4625,901200
2019-02-06,69.4175,69.6625,68.9275,69.115,979200
2019-02-07,68.61,68.97,67.635,68.205,1242400
2019-02-08,67.9425,69.040001,67.81,69.017502,858000
2019-02-11,69.375,69.8725,68.67,68.8075,889200
2019-02-12,69.245,69.6675,68.625,69.5225,901200
2019-02-13,69.7525,69.8475,68.6675,69.5,1009200
2019-02-14,69.395,69.4925,68.88,69.0025024,1069200
2019-02-15,69.5875,70.047501,68.6925,69.7675,2898400
2019-02-19,69.7825,70.9175,69.72,70.855,1235200
2019-02-20,70.7,71.2725,70.6125,71.155,946800
2019-02-21,71.029999,71.995,70.885,71.5825,1158800
2019-02-22,71.6675,73.25,71.1725,73.1475,1357200
2019-02-25,73.3575,73.775,73.1375,73.65,1062000
2019-02-26,73.6,73.84,72.07,72.1875,1298400
2019-02-27,71.935,72.295,71.5825,71.755,2353200
2019-02-28,71.8175,72.1125,71.4075,71.4975,3254000
2019-03-01,71.795,73.050003,71.385,72.6675,3536800
2019-03-04,72.8375,72.9175,70.975,71.9625,1897200
2019-03-05,72.255,72.785,71.3425,72.555,2058400
2019-03-06,74.75,74.75,69.7125,70.69,4108000
2019-03-07,70.9975,73.115,70.7725,72.097504,1961200
2019-03-08,71.6225,72.725,70.7325,72.025002,1570000
2019-03-11,72.1075,72.63,71.92,72.2025,1499600
2019-03-12,72.4775,73.4225,72.0025024,73.2475,1325200
2019-03-13,73.4175,73.5975,72.5675,73.027496,944800
2019-03-14,72.8675,73.84,72.49,73.7025,1716800
2019-03-15,73.68,74.19,73.4425,73.8075,1760800
2019-03-18,73.6875,74.080002,72.3075,73.295,1526400
2019-03-19,73.195,73.735,72.4525,73.645,1501200
2019-03-20,73.625,73.625,72.69,72.8025,1273200
2019-03-21,72.685,74.47,72.685,74.3125,975200
2019-03-22,74.1575,74.405,72.9,72.94,1086400
2019-03-25,73.099998,73.46,72.4925,73.077499,960800
2019-03-26,73.5775,74.2725,73.4475,73.5275,1458400
2019-03-27,73.5275,73.7025,72.735,73.2125,948400
2019-03-28,73.555,73.9225,72.8775,73.7425,1024000
2019-03-29,73.83,74.485,73.2175,74.042503,1426000
2019-04-01,74.5,75.59,73.6175,73.955,1464800
2019-04-02,74.1125,74.625,73.044998,74.3975,1152400
2019-04-03,74.5925,74.8475,73.8875,74.2675,1463200
2019-04-04,74.27,74.27,72.365,72.6825,1686000
2019-04-05,72.3975,72.88,72.059998,72.36,2884400
2019-04-08,72.2825,72.51,71.145,72.5075,1183200
2019-04-09,72.2375,73.1875,72.1025,72.365,1594000
2019-04-10,72.525,73.295,72.082497,72.92,785200
2019-04-11,73.2775,73.2775,72.2675,72.97,1199600
2019-04-12,73.0,74.305,72.895,73.235,1124000
2019-04-15,73.595,73.985,73.2175,73.905,890000
2019-04-16,74.1525,74.3625,71.8125,72.245,1122000
2019-04-17,72.5675,72.5675,69.625,69.8225,1669600
2019-04-18,70.11,71.1575,69.69,70.305,1982000
2019-04-22,69.9875,71.71,69.9875,71.077499,1273200
2019-04-23,71.39,72.1475,71.010002,71.685,1216000
2019-04-24,71.9575,72.092499,70.4375,70.615,1455200
2019-04-25,70.26,70.6625,69.855,70.375,2191600
2019-04-26,70.8625,72.099998,70.1075,72.074997,1409200
2019-04-29,72.037498,72.4975,71.3325,71.4725,1089200
2019-04-30,71.735,72.6775,71.28,72.48,1251600
2019-05-01,72.44,72.73,71.6125,71.85,825600
2019-05-02,71.9775,72.75,71.12,72.7025,1110000
2019-05-03,72.7025,73.645,72.635,73.4775,1066000
2019-05-06,72.725,74.077499,72.080002,73.69,1254400
2019-05-07,73.105,73.4425,71.6975,72.3075,931200
2019-05-08,72.26,73.11,71.89,72.7325,691600
2019-05-09,72.2775,73.095001,71.4225,72.855,808000
2019-05-10,72.6325,73.2,71.029999,72.9475,596000
2019-05-13,71.78,72.2725,71.15,71.6975,722400
2019-05-14,71.7025,72.545,71.7025,71.95,630800
2019-05-15,71.8825,72.9125,71.375,72.69,735200
2019-05-16,72.76,73.865,72.68,72.915,1248000
2019-05-17,72.34,73.6675,72.3375,73.1825,840800
2019-05-20,72.8625,73.295,72.2375,72.37,804000
2019-05-21,72.79,73.39,72.74,73.1275,853200
2019-05-22,73.22,73.595,73.067497,73.385,800000
2019-05-23,73.012497,73.2675,72.7075,72.9825,1126800
2019-05-24,73.2,73.5675,72.565,72.805,940400
2019-05-28,73.027496,74.145,71.6,71.645,1711600
2019-05-29,71.65,71.65,70.2575,71.24,1383600
2019-05-30,71.3025,72.4925,71.3025,71.61,1313600
2019-05-31,71.76,74.49,69.7575,74.4475,1911200
2019-06-03,74.6525,75.9725,74.205,75.44,1435200
2019-06-04,76.195,77.795,75.7225,77.6525,1525200
2019-06-05,78.355,78.92,77.9425,78.067497,1446000
2019-06-06,78.34,80.145,78.125,79.985,1604400
2019-06-07,80.18,81.029999,80.0625,80.4875,1428400
2019-06-10,81.3075,81.47,80.4825,80.6525,1497200
2019-06-11,80.7425,81.3125,80.22,81.022499,1155200
2019-06-12,81.145,82.2775,80.9575,82.029999,1021600
2019-06-13,82.47,82.47,80.72,81.14,1577200
2019-06-14,81.2025,81.3475,80.4375,80.775,1044000
2019-06-17,81.0,81.36,80.5675,81.1225,684800
2019-06-18,81.9675,82.3,80.9375,81.047501,838400
2019-06-19,81.1175,83.084999,81.077499,82.8775,852800
2019-06-20,82.79,83.5825,81.265,81.86,1324000
2019-06-21,82.052498,82.4025,80.7675,82.2175,1718000
2019-06-24,82.245,82.3375,81.1975,82.235,919600
2019-06-25,82.4475,83.5,82.2775,82.495,1032400
2019-06-26,82.445,82.76,81.5425,82.1075,1066000
2019-06-27,82.41,82.9375,81.8,82.8925,766000
2019-06-28,82.8825,84.2225,82.565,84.2225,2354000
2019-07-01,84.845,85.215,84.325,85.0,1368800
2019-07-02,85.8325,85.8325,83.072502,83.1975,2139600
2019-07-03,83.5675,84.65,82.8,83.815,941200
2019-07-05,83.4675,83.7475,82.325,83.1825,1114400
2019-07-08,82.715,83.2425,82.019997,82.6225,1957200
2019-07-09,82.12,83.32,82.12,83.23,910800
2019-07-10,83.65,83.95,82.6175,82.7425,662400
2019-07-11,82.9825,83.7,82.4625,83.5125,1406800
2019-07-12,83.575,83.575,81.9075,82.735,791600
2019-07-15,82.6125,83.1475,82.2225,82.985,1287200
2019-07-16,82.995,83.435,81.9725,82.047501,998000
2019-07-17,81.725,83.485,81.725,82.84,1100000
2019-07-18,82.84,83.525,82.6525,82.9775,768400
2019-07-19,83.31,83.32,82.52,82.88,705200
2019-07-22,82.84,83.6225,82.5525,83.24,830000
2019-07-23,83.345,83.7825,82.38,83.75,566000
2019-07-24,83.6325,84.18,83.014999,84.155,679200
2019-07-25,84.089996,84.7325,83.9775,84.425,727200
2019-07-26,84.7325,84.7325,83.9625,84.495,663600
2019-07-29,84.615,85.3875,84.1275,85.3725,809200
2019-07-30,85.089996,85.5525,84.395,85.2725,716400
2019-07-31,85.145,85.4625,84.2275,84.35,843600
2019-08-01,84.2025,85.6975,83.9425,84.4975,940000
2019-08-02,84.6075,84.6075,82.905,83.715,792800
2019-08-05,82.89,83.51,81.012497,81.42,1113200
2019-08-06,81.6925,82.4075,80.555,82.1875,2475200
2019-08-07,81.5175,82.78,80.735,82.655,1329200
2019-08-08,82.61,83.7225,82.355,83.535,1022800
2019-08-09,83.395,84.645,83.395,84.2175,1042800
2019-08-12,83.855,84.3175,83.067497,83.2625,623200
2019-08-13,83.72,86.080002,83.72,85.044998,920000
2019-08-14,84.555,85.9,83.15,83.185,706400
2019-08-15,83.53,84.3975,83.1125,83.99,696800
2019-08-16,84.5075,85.4625,83.042503,83.845,886000
2019-08-19,84.48,84.7925,83.6475,83.845,912800
2019-08-20,83.9375,84.67,83.022499,83.082497,996800
2019-08-21,83.25,83.7875,81.805,83.1525,1556800
2019-08-22,83.28,83.64,82.365,82.455,1080800
2019-08-23,82.5075,83.029999,80.077499,80.4175,1226000
2019-08-26,80.85,81.25,80.545,81.059998,826000
2019-08-27,81.3,81.99,80.81,81.5975,762800
2019-08-28,81.0,81.4225,79.55,80.2425,1373200
2019-08-29,80.725,83.175,80.725,82.1475,1721600
2019-08-30,75.9525,77.475,73.8125,77.4375,3087200
2019-09-03,77.195,77.4225,74.0025024,74.885,2095200
2019-09-04,75.18,75.6,74.62,75.3075,1473600
2019-09-05,76.1925,76.995,75.8025,76.9325,1831200
2019-09-06,76.95,77.4675,75.6375,75.71,1202000
2019-09-09,75.5875,75.5875,74.15,74.42,1604400
2019-09-10,74.185,74.88,72.715,74.2225,1619200
2019-09-11,74.25,75.037498,74.25,74.7925,1252800
2019-09-12,75.505,76.33,75.185,76.25,2048800
2019-09-13,76.0074997,76.68,74.9625,75.3775,1634000
2019-09-16,75.0025024,76.275,74.63,75.7725,1065200
2019-09-17,75.6625,76.75,75.55,76.3875,1398800
2019-09-18,76.595,76.8475,75.15,75.775,1649200
2019-09-19,75.73,76.175,75.26,75.3125,744400
2019-09-20,75.4275,76.5925,75.3375,75.58,1495600
2019-09-23,75.3475,75.9225,74.825,75.5475,1006400
2019-09-24,75.745,76.47,74.39,74.735,1565200
2019-09-25,74.995,74.995,73.6825,74.32,1421200
2019-09-26,74.6475,75.48,74.3175,74.72,1119600
2019-09-27,75.205,75.4325,73.17,73.5625,1017200
2019-09-30,73.58,74.7925,73.5625,74.25,1091200
2019-10-01,74.385,74.7475,73.14,73.21,1152000
2019-10-02,72.805,73.2025,71.74,72.2325,1278000
2019-10-03,72.3475,73.5375,71.2625,73.4375,2094000
2019-10-04,73.7175,74.47,73.5,74.2175,1681200
2019-10-07,73.72,74.18,73.345,73.485,1694800
2019-10-08,73.0074997,73.0074997,71.4925,71.5175,1762400
2019-10-09,71.83,72.5775,71.63,72.245,1554800
2019-10-10,71.955,73.2475,71.95,72.7025,1376000
2019-10-11,73.3675,74.5675,72.43,73.4725,1308400
2019-10-14,73.515,73.5775,72.86,73.1275,558400
2019-10-15,73.81,74.3025,72.945,73.7875,1048000
2019-10-16,73.61,73.755,72.6875,72.8825,1290800
2019-10-17,73.155,73.75,72.83,73.0625,852400
2019-10-18,73.047501,73.3475,71.9,71.9525,1233200
2019-10-21,72.32,72.435,71.62,71.835,1220800
2019-10-22,72.24,72.625,70.065002,70.295,1288400
2019-10-23,70.2775,71.080002,70.1925,70.55,873200
2019-10-24,70.885,70.89,70.059998,70.68,928400
2019-10-25,70.565,71.605,70.2525,70.4375,956000
2019-10-28,70.7775,71.54,70.715,71.0049973,998000
2019-10-29,71.050003,72.8525,70.8775,72.675,1237600
2019-10-30,72.71,73.115,72.375,73.025002,774000
2019-10-31,73.019997,73.72,71.905,72.75,755600
2019-11-01,73.095001,73.8625,72.865,72.9575,757200
2019-11-04,73.2525,73.6325,72.415,72.535,816000
2019-11-05,72.2225,73.057503,72.2225,72.735,790400
2019-11-06,72.83,73.4175,72.4025,72.8725,816000
2019-11-07,73.2325,73.9225,73.2325,73.6875,659200
2019-11-08,73.7075,73.7075,72.4375,72.85,897200
2019-11-11,72.625,73.2575,72.175,73.2325,972800
2019-11-12,73.2475,74.22,73.2475,73.6325,925600
2019-11-13,73.4725,74.4325,73.1425,74.1925,1211200
2019-11-14,74.1925,74.9075,73.905,74.9,783600
2019-11-15,74.915,75.5525,74.375,75.495,876000
2019-11-18,75.765,76.755,75.6575,76.4225,1582800
2019-11-19,76.565,77.6825,76.25,77.2675,1539600
2019-11-20,76.6475,77.345,75.027496,76.1175,1316400
2019-11-21,75.9575,76.715,75.3025,76.6225,936800
2019-11-22,76.7025,77.17,76.14,76.9525,560800
2019-11-25,77.19,78.365,76.5625,78.105,1249200
2019-11-26,78.047501,78.6,78.047501,78.295,1458000
2019-11-27,78.6775,79.5625,78.315,79.2425,973200
2019-11-29,78.62,78.9325,78.1225,78.2725,644800
2019-12-02,78.3825,78.55,77.3825,77.945,1221200
2019-12-03,77.255,78.1175,77.2075,77.855,1216800
2019-12-04,77.795,78.72,77.6825,78.022499,1448400
2019-12-05,78.2075,78.735,77.7775,78.215,1315600
2019-12-06,77.025002,78.1525,75.29,76.7975,2955600
2019-12-09,76.5425,76.715,75.5,75.565,1808000
2019-12-10,75.9375,76.5975,75.775,76.135,1054800
2019-12-11,76.145,76.76,75.8575,76.67,1260000
2019-12-12,76.715,78.8725,76.435,78.6375,1831200
2019-12-13,78.4725,79.6175,78.41,79.23,1114800
2019-12-16,80.245,80.395,79.33,79.7425,1307200
2019-12-17,79.7875,79.7875,79.1275,79.5675,1184400
2019-12-18,79.6875,80.099998,79.475,79.96,1254800
2019-12-19,80.0,80.1525,79.24,79.9175,833200
2019-12-20,80.2775,80.675,79.225,79.7725,1552000
2019-12-23,79.8875,80.615,79.019997,80.1675,1144800
2019-12-24,80.195,80.5875,79.6875,80.5125,250400
2019-12-26,80.4325,80.4325,79.455,80.0025024,686000
2019-12-27,80.125,80.555,79.685,80.2775,732400
2019-12-30,80.099998,80.4175,79.565,79.8625,549600
2019-12-31,79.62,80.39,79.505,80.3225,968400
2020-01-02,80.805,80.9625,79.6925,80.83,1268000
2020-01-03,79.62,80.74,79.565,80.575,789200
2020-01-06,80.3675,80.94,79.9575,80.7925,740400
2020-01-07,80.74,81.17,80.077499,81.012497,849600
2020-01-08,81.2475,82.059998,81.084999,81.9125,1343200
2020-01-09,82.215,83.38,81.935,83.3125,1488800
2020-01-10,83.475,83.5825,82.5925,83.4125,875600
2020-01-13,83.41,83.7475,83.23,83.3875,943600
2020-01-14,83.1675,84.097504,82.7975,84.017502,1157600
2020-01-15,84.115,86.072502,84.115,85.9625,1459600
2020-01-16,86.47,87.4475,85.9425,87.265,1402400
2020-01-17,87.5,88.8525,87.065002,88.8275,1591600
2020-01-21,88.6025,89.9425,88.1675,89.64,2390000
2020-01-22,90.47,91.42,89.76,89.995,1729200
2020-01-23,89.665,89.705,88.2875,89.25,1217600
2020-01-24,89.175,89.23,87.7575,88.089996,1371200
2020-01-27,86.8625,89.25,86.7975,88.5525,930400
2020-01-28,88.7325,89.465,88.23,88.76,1354000
2020-01-29,88.75,89.5775,88.53,88.58,977600
2020-01-30,87.91,88.435,87.2625,88.35,1075600
2020-01-31,87.9975,88.3525,86.26,86.7225,1602000
2020-02-03,87.2175,87.4925,86.3175,86.56,1197600
2020-02-04,87.575,88.2875,87.17,87.5375,1252000
2020-02-05,88.2775,89.2725,88.1975,88.3925,1004800
2020-02-06,88.5175,88.715,87.9775,88.255,832400
2020-02-07,87.9475,88.4575,86.93,87.050003,680800
2020-02-10,86.6225,87.5275,86.43,87.3475,602400
2020-02-11,87.76,88.7275,87.4225,87.8475,1002400
2020-02-12,87.9375,88.93,87.7525,88.2725,760400
2020-02-13,87.7275,88.6875,87.49,88.2425,685600
2020-02-14,88.33,89.059998,88.099998,88.3275,797200
2020-02-18,88.065002,89.2325,87.675,89.087502,675200
2020-02-19,89.3725,90.0,88.83,89.14,551600
2020-02-20,88.8825,89.265,87.885,88.7075,537200
2020-02-21,88.495,89.395,88.475,88.9175,639600
2020-02-24,87.2975,87.8075,85.805,86.78,1393600
2020-02-25,87.084999,87.4875,83.6725,84.1125,1266400
2020-02-26,84.665,86.1325,83.8175,83.83,1153200
2020-02-27,82.8875,84.725,82.0,82.067497,1286800
2020-02-28,80.265,81.4,77.75,81.1425,2271600
2020-03-02,82.0074997,83.88,81.037498,83.8625,1128400
2020-03-03,83.8025,86.265,81.2625,82.495,1690800
2020-03-04,83.7725,84.86,82.8225,84.535,1232000
2020-03-05,82.4625,83.805,80.3675,81.3175,1866800
2020-03-06,82.18,84.605,78.385,83.4525,2207600
2020-03-09,82.5,82.5,78.12,79.375,1888800
2020-03-10,80.95,83.775,78.3525,83.7375,1784400
2020-03-11,81.66,83.9725,79.935,80.9725,2698800
2020-03-12,75.9575,77.4975,69.9925,70.012497,3309600
2020-03-13,72.9575,73.12,68.195,72.76,2407600
2020-03-16,64.15,70.1775,62.875,64.8575,1985200
2020-03-17,65.7775,68.9675,62.7675,68.7925,1912800
2020-03-18,64.8575,66.365,59.17,62.7775,1954400
2020-03-19,62.4375,71.7325,59.805,68.2875,1653200
2020-03-20,69.545,69.9775,61.6775,62.6625,2066400
2020-03-23,63.165,64.815,59.4275,60.86,1702400
2020-03-24,63.76,65.6675,60.805,63.9725,1292400
2020-03-25,63.4825,66.4225,61.74,64.2225,1772400
2020-03-26,65.335,70.5125,64.022499,70.5125,2054800
2020-03-27,68.26,70.077499,65.2125,68.3075,1302000
2020-03-30,68.74,70.665,68.7075,70.037498,1089200
2020-03-31,70.24,71.5175,68.765,68.9175,1424000
2020-04-01,67.2,69.9075,66.0025024,68.2625,1700000
2020-04-02,67.6525,71.084999,67.45,70.9575,1236000
2020-04-03,70.565,72.0,69.625,69.92,1256800
2020-04-06,72.2575,74.65,71.96,74.17,960800
2020-04-07,76.305,76.6875,73.012497,73.16,1210000
2020-04-08,73.39,74.825,71.465,74.3575,1389600
2020-04-09,73.8,75.0625,72.3225,74.1425,1719600
2020-04-13,74.155,74.875,73.035004,74.7575,1902000
2020-04-14,76.025002,78.057503,74.6325,75.1225,1368800
2020-04-15,73.3175,75.3125,73.165,74.675,1747600
2020-04-16,75.065002,75.065002,73.1975,74.2375,968400
2020-04-17,75.6175,76.9275,74.8125,76.57,1153200
2020-04-20,75.9,76.8075,75.14,76.175,655600
2020-04-21,74.96,75.21,71.885,72.1325,992800
2020-04-22,73.2825,73.9225,71.5425,73.525,741200
2020-04-23,74.0025024,74.385,72.275,72.5675,1200400
2020-04-24,72.765,73.5625,71.315,73.3025,1404800
2020-04-27,73.75,74.52,72.33,73.4125,1188800
2020-04-28,74.2625,74.2625,72.155,72.775,1322400
2020-04-29,73.5925,74.875,72.685,72.955,1222000
2020-04-30,72.4975,72.94,71.4325,71.675,1275600
2020-05-01,70.9475,71.285,69.855,70.077499,752000
2020-05-04,70.24,72.065002,69.6525,71.7725,1044000
2020-05-05,72.6525,73.705,72.0049973,72.72,885600
2020-05-06,73.31,74.9525,72.5075,73.74,1044800
2020-05-07,74.65,76.23,74.25,75.975,1117200
2020-05-08,76.91,77.2325,75.5775,76.13,1013200
2020-05-11,75.4525,77.45,75.4525,76.955,1001200
2020-05-12,77.1525,78.46,75.8725,75.88,943200
2020-05-13,75.7125,75.9325,73.22,74.105,1200000
2020-05-14,73.3625,74.3325,72.705,74.135,1023200
2020-05-15,73.695,75.815,73.5625,74.13,2716800
2020-05-18,75.5175,76.755,75.3525,75.5425,1216800
2020-05-19,75.43,76.3725,74.4775,74.59,824400
2020-05-20,75.3425,75.3425,73.43,74.077499,1446400
2020-05-21,73.75,73.75,70.925,71.95,1664800
2020-05-22,71.91,72.084999,71.31,71.855,1193600
2020-05-26,73.1475,75.115,73.032501,74.475,1318000
2020-05-27,75.6475,77.24,75.087502,77.135,1357200
2020-05-28,77.9375,80.5975,77.7775,79.1575,1637600
2020-05-29,79.315,80.1125,77.615,79.245,2007200
2020-06-01,79.32,79.8925,78.24,78.795,968400
2020-06-02,78.53,79.41,77.71,79.087502,1026800
2020-06-03,79.9975,80.5175,79.4275,79.805,1138400
2020-06-04,79.535,80.105,77.93,78.465,1410400
2020-06-05,78.4125,81.1025,75.8625,79.635,3244000
2020-06-08,79.61,81.059998,79.345,80.074997,1780800
2020-06-09,79.5825,80.125,75.6275,75.8075,1323200
2020-06-10,75.8075,77.12,74.4275,74.6575,1675200
2020-06-11,73.56,73.6,69.605,69.6375,1679600
2020-06-12,71.095001,72.3,69.22,72.099998,1904000
2020-06-15,70.8975,73.0049973,68.9325,72.5875,2302400
2020-06-16,74.8725,76.715,74.235,75.025002,1812800
2020-06-17,75.495,76.24,74.515,75.6325,1174000
2020-06-18,75.2375,76.1025,75.074997,75.475,1283600
2020-06-19,76.66,77.2525,74.485,74.78,2518000
2020-06-22,74.6425,74.76,73.185,74.1175,1351600
2020-06-23,74.25,76.16,74.125,74.995,1073600
2020-06-24,74.44,74.6825,69.875,70.3475,2606400
2020-06-25,70.255,70.255,67.8925,69.1525,2258000
2020-06-26,69.042503,69.4975,67.4075,68.245,2132400
2020-06-29,68.465,69.017502,67.23,67.7325,1656800
2020-06-30,68.047501,71.58,67.42,70.91,3366000
2020-07-01,70.73,72.28,70.705,71.8775,1528000
2020-07-02,72.8825,73.425,71.425,72.5175,1569600
2020-07-06,72.39,73.325,70.815,71.3,3001200
2020-07-07,70.895,71.71,70.4475,70.565,1877200
2020-07-08,70.7275,70.9525,69.4,70.019997,1849200
2020-07-09,70.2325,73.2475,69.525,72.4325,2164800
2020-07-10,72.195,73.2475,71.3075,72.35,1283600
2020-07-13,72.8025,72.8025,71.3025,71.41,1280800
2020-07-14,71.465,72.080002,70.47,71.975,1514800
2020-07-15,72.85,74.75,72.68,74.21,1866400
2020-07-16,73.7825,73.8975,71.995,72.2325,1686800
2020-07-17,72.5725,73.2675,71.7725,72.8425,1208800
2020-07-20,72.9925,73.0049973,71.24,72.3275,1093600
2020-07-21,72.58,73.3425,72.285,72.8925,942000
2020-07-22,73.2275,73.6975,71.8075,72.44,930000
2020-07-23,72.5175,73.037498,70.8625,71.17,1158800
2020-07-24,71.025002,71.4275,70.029999,70.895,1168800
2020-07-27,70.955,72.215,70.955,71.595,700800
2020-07-28,71.4225,71.45,70.3475,70.3775,778800
2020-07-29,70.3975,72.2625,70.3975,71.73,1040000
2020-07-30,70.735,71.077499,69.4575,70.675,988000
2020-07-31,70.6725,71.032501,69.6425,70.7325,1145200
2020-08-03,71.084999,74.0,70.6775,73.84,1602400
2020-08-04,73.4475,74.845,72.8,74.2275,1624400
2020-08-05,74.6425,75.4375,74.2,74.7875,1082800
2020-08-06,74.6125,75.1325,73.2225,75.095001,984000
2020-08-07,75.165,76.0,75.029999,75.98,1077200
2020-08-10,76.17,77.012497,75.63,76.7075,1387200
2020-08-11,77.082497,77.1425,74.795,75.077499,1282000
2020-08-12,75.5575,77.3825,75.5575,76.33,973200
2020-08-13,76.2575,76.5625,75.85,76.225,938000
2020-08-14,76.0625,76.56,75.4,75.955,827600
2020-08-17,76.1325,76.615,75.6475,76.25,1525600
2020-08-18,76.4675,77.11,75.3525,76.81,1286000
2020-08-19,76.75,77.1525,75.6625,76.375,1087600
2020-08-20,75.36,76.044998,74.5975,74.815,1100400
2020-08-21,74.8975,75.455,73.735,75.4,1480000
2020-08-24,75.855,75.855,74.945,75.4775,928800
2020-08-25,75.8575,76.275,75.4125,76.2575,995600
2020-08-26,75.875,76.975,75.4625,76.3625,786000
2020-08-27,76.25,78.625,75.625,78.1075,1169200
2020-08-28,78.1875,79.1275,77.3425,78.9725,1015600
2020-08-31,78.8175,79.4275,78.3575,78.595,1655200
2020-09-01,78.745,78.755,76.99,77.35,1422000
2020-09-02,77.505,79.42,77.345,79.3025,1250400
2020-09-03,79.057503,79.1225,76.23,76.7025,1450800
2020-09-04,80.0,84.0,78.37,80.8725,3672400
2020-09-08,80.1675,80.7675,77.985,79.55,1706400
2020-09-09,80.022499,80.93,79.2675,79.8,1077600
2020-09-10,80.3675,81.5025,79.77,81.13,1229200
2020-09-11,81.3375,83.095001,80.915,81.7075,1601600
2020-09-14,82.089996,84.4625,81.975,83.6375,1262800
2020-09-15,83.93,85.042503,83.6875,84.014999,935600
2020-09-16,84.14,86.1275,84.14,85.5775,1374000
2020-09-17,85.019997,87.2175,83.925,86.945,1504800
2020-09-18,86.4175,88.099998,85.9875,86.6075,2033600
2020-09-21,85.3925,85.8925,83.995,85.465,1237200
2020-09-22,85.915,85.915,83.6225,84.8125,1001600
2020-09-23,84.6725,85.080002,83.2125,83.4075,854000
2020-09-24,82.76,83.125,81.6975,82.2575,730000
2020-09-25,81.805,83.605,81.6875,83.31,794800
2020-09-28,84.4025,85.17,83.4275,83.53,731200
2020-09-29,83.8725,84.9825,83.315,83.3975,743200
2020-09-30,83.7175,85.135,83.625,84.28,1062800
2020-10-01,84.9925,85.4025,84.1675,84.6925,847200
2020-10-02,83.8175,84.4975,82.325,83.8575,721200
2020-10-05,84.5,85.93,84.5,85.705,825200
2020-10-06,85.4375,87.4575,85.2025,85.505,884400
2020-10-07,85.775,87.935,85.775,87.7175,757600
2020-10-08,87.5,89.1525,87.29,88.6875,570800
2020-10-09,89.2125,89.85,88.695,89.4625,545200
2020-10-12,89.7825,91.012497,89.2425,90.1575,696400
2020-10-13,90.017502,90.4925,88.5575,89.059998,628400
2020-10-14,89.0,89.715,87.915,88.4675,694000
2020-10-15,87.5,88.7325,87.19,88.355,654000
2020-10-16,88.94,89.575,87.9575,88.425,580400
2020-10-19,88.395,89.33,86.875,87.105,616800
2020-10-20,87.82,88.4275,86.6175,86.865,641600
2020-10-21,87.1125,88.072502,86.58,87.1975,596000
2020-10-22,87.32,88.69,87.2125,88.295,450000
2020-10-23,88.5075,89.22,87.855,89.1125,576400
2020-10-26,88.029999,88.055,86.32,87.042503,772000
2020-10-27,87.27,87.975,86.2975,86.5875,618400
2020-10-28,85.24,85.24,83.2025,83.3925,814400
2020-10-29,83.097504,83.097504,81.0025024,81.035004,1112400
2020-10-30,80.9925,81.84,78.5725,79.7625,1412000
2020-11-02,80.9575,82.2675,79.8775,80.13,1052000
2020-11-03,81.35,83.014999,80.9575,80.99,633600
2020-11-04,82.1775,84.010002,81.3225,82.855,818400
2020-11-05,83.76,84.415,82.92,83.0,720800
2020-11-06,83.3675,84.22,83.3475,83.4775,455200
2020-11-09,86.1775,92.8975,86.1775,87.935,1640400
2020-11-10,87.795,88.14,85.3575,86.5975,1046000
2020-11-11,87.089996,87.3675,85.16,85.825,986800
2020-11-12,85.57,85.825,83.155,84.2475,1009200
2020-11-13,84.66,85.605,84.66,85.3375,826000
2020-11-16,86.4075,86.8725,84.67,85.175,745600
2020-11-17,84.5625,84.5625,82.93,83.1125,907600
2020-11-18,83.1775,83.5975,81.9575,82.3975,1379600
2020-11-19,82.2575,83.26,82.2075,83.057503,1701600
2020-11-20,83.2325,84.855,82.7925,82.8425,1803200
2020-11-23,83.515,84.445,81.9175,82.4725,1099600
2020-11-24,82.83,83.4175,81.1775,81.365,1222000
2020-11-25,81.4075,83.2725,81.084999,82.2525,1011600
2020-11-27,82.8675,85.18,82.565,85.1775,730000
2020-11-30,84.905,84.93,82.3275,83.805,2265600
2020-12-01,84.5925,84.83,83.4475,83.51,894800
2020-12-02,83.185,83.9475,82.78,83.6525,826400
2020-12-03,84.095001,86.099998,83.057503,84.495,1232800
2020-12-04,83.75,86.67,81.86,86.4275,1818800
2020-12-07,86.4275,87.0,85.2425,85.515,860000
2020-12-08,85.455,86.5275,85.19,86.435,913200
2020-12-09,86.215,87.027496,85.4,85.645,1027200
2020-12-10,85.5775,87.1525,85.375,86.95,1156800
2020-12-11,86.8025,86.8025,84.63,84.79,857200
2020-12-14,85.57,87.2975,85.265,85.7125,982400
2020-12-15,85.87,86.5775,85.4375,85.6125,894800
2020-12-16,85.3525,86.2175,84.865,85.985,710000
2020-12-17,86.19,88.1325,85.86,87.88,1222400
2020-12-18,88.21,88.5225,86.6525,87.4075,1984400
2020-12-21,86.4,87.31,84.35,87.14,742000
2020-12-22,87.55,89.084999,86.69,88.1725,993600
2020-12-23,88.7375,89.43,88.365,89.0,637200
2020-12-24,89.6525,90.1075,89.052498,89.5925,308400
2020-12-28,90.2,90.85,89.585,89.99,488000
2020-12-29,90.315,90.3625,88.9,89.3175,420400
2020-12-30,89.3025,90.16,88.8525,89.1125,452400
2020-12-31,89.3175,90.875,88.6175,90.83,634000
2021-01-04,91.25,91.7575,88.255,89.315,1132400
2021-01-05,89.4325,90.9125,89.1425,90.3675,681600
2021-01-06,90.3875,91.8475,90.3,91.5775,831600
2021-01-07,91.7075,92.8225,90.7325,91.265,872400
2021-01-08,91.22,92.3025,89.8525,90.8075,1397600
2021-01-11,90.4325,90.67,89.6325,89.9125,1286800
2021-01-12,89.59,90.175,88.5175,89.5025,1468800
2021-01-13,90.1825,95.635,90.0025024,95.44,1942400
2021-01-14,95.3825,95.425,93.5375,93.7875,888000
2021-01-15,93.87,94.6525,92.8325,94.2225,995200
2021-01-19,95.3625,97.3175,94.64,96.855,1908800
2021-01-20,96.75,97.36,95.265,96.19,1020400
2021-01-21,95.7675,95.85,93.1175,94.2225,903600
2021-01-22,94.3525,96.77,94.3525,95.0,1130000
2021-01-25,95.17,95.99,94.3825,95.9125,770800
2021-01-26,96.25,96.415,94.245,94.355,958400
2021-01-27,92.125,93.080002,89.96,90.1775,1582000
2021-01-28,90.56,92.3025,90.105,91.175,944400
2021-01-29,90.7725,92.022499,90.3325,91.010002,1032000
2021-02-01,91.8625,92.035004,90.22,91.2775,842800
2021-02-02,91.5425,94.9325,91.5425,93.78,1420400
2021-02-03,94.057503,94.44,93.305,93.86,643200
2021-02-04,94.6075,96.5475,94.17,96.027496,1218400
2021-02-05,96.725,97.99,96.145,96.7425,1174000
2021-02-08,96.54,97.1425,95.8875,96.23,561600
2021-02-09,95.9725,96.325,94.77,95.1825,904000
2021-02-10,95.5575,96.3725,94.49,94.7475,792800
2021-02-11,95.4875,96.37,95.28,96.25,770000
2021-02-12,95.5275,96.625,95.1625,96.35,568400
2021-02-16,97.082497,97.965,96.3525,96.615,1034000
2021-02-17,96.1325,96.8325,95.0625,96.1625,614800
2021-02-18,95.955,97.4025,95.2775,97.1875,1038400
2021-02-19,97.465,98.3575,95.76,97.1275,1348000
2021-02-22,96.9125,97.915,96.405,97.6675,866000
2021-02-23,97.9175,98.6025,97.1875,97.86,1228400
2021-02-24,97.8975,99.215,97.8275,98.1425,922000
2021-02-25,98.2275,98.715,96.9275,98.032501,1277200
2021-02-26,98.4725,98.4725,96.4275,96.5325,1188800
2021-03-01,96.94,99.012497,96.625,97.7125,1246000
2021-03-02,97.4475,97.4475,96.1325,96.98,755600
2021-03-03,96.5325,96.88,95.055,95.2775,1023200
2021-03-04,96.2025,96.2025,92.012497,92.89,1846400
2021-03-05,98.465,100.48,94.1375,97.042503,2798400
2021-03-08,96.5,98.6225,95.95,96.37,2276400
2021-03-09,96.5,97.9225,95.53,95.595,1259600
2021-03-10,95.9275,96.6875,95.36,95.7375,944000
2021-03-11,95.875,97.7475,94.7,94.905,930000
2021-03-12,94.8875,95.29,93.5225,94.097504,1045200
2021-03-15,94.074997,96.885,94.074997,96.7575,1237200
2021-03-16,96.64,98.3325,95.2225,95.5475,978000
2021-03-17,94.785,95.385,93.6225,93.93,1233200
2021-03-18,93.8975,96.36,93.8975,94.695,1472400
2021-03-19,94.42,96.5725,94.42,96.0049973,1904400
2021-03-22,96.0049973,97.057503,95.027496,96.5925,1420800
2021-03-23,96.815,97.46,95.5325,95.835,1213600
2021-03-24,95.835,96.3575,94.5175,95.077499,1180800
2021-03-25,94.6575,95.7625,93.92,95.605,830800
2021-03-26,95.745,95.9725,94.87,95.9625,989600
2021-03-29,95.32,96.6125,94.875,96.155,932400
2021-03-30,95.6225,96.5125,95.5575,96.2225,728400
2021-03-31,96.5225,97.535,95.255,96.022499,1097200
2021-04-01,95.895,96.8525,95.25,96.3725,1007200
2021-04-05,97.1825,97.33,96.5475,96.935,965600
2021-04-06,97.23,97.7125,96.8025,97.3225,1473600
2021-04-07,96.61,97.24,95.2675,95.6725,1418800
2021-04-08,96.022499,96.975,95.115,95.255,1299600
2021-04-09,95.72,96.5125,95.027496,96.5125,1109200
2021-04-12,96.515,97.1975,96.4175,97.0049973,912000
2021-04-13,96.7775,98.0,96.41,97.7225,708800
2021-04-14,97.6375,98.4725,96.9375,97.7625,754800
2021-04-15,97.975,100.1625,97.8475,100.0,1383200
2021-04-16,100.1825,100.7975,99.1875,99.88,1285200
2021-04-19,99.625,100.37,99.3,99.8325,1149600
2021-04-20,99.76,100.8625,99.2325,100.12,1267200
2021-04-21,100.5475,101.3625,99.8075,101.0049973,1281600
2021-04-22,101.3975,102.69,100.905,101.32,1313200
2021-04-23,101.9225,103.5925,101.525,102.8275,882800
2021-04-26,102.7975,103.5225,102.065002,102.4125,830000
2021-04-27,102.0,103.11,101.19,101.855,729600
2021-04-28,101.9975,102.6825,100.8775,101.765,823600
2021-04-29,102.2975,102.5325,101.2525,101.8975,588800
2021-04-30,101.9025,103.4525,101.7775,102.7225,909200
2021-05-03,103.195,103.99,102.055,103.017502,904400
2021-05-04,102.87,103.425,102.092499,102.9,1071200
2021-05-05,102.955,103.092499,99.5,100.22,1414800
2021-05-06,99.8,101.455,99.27,101.375,876800
2021-05-07,101.225,102.94,101.074997,101.084999,804800
2021-05-10,101.084999,101.9475,100.455,100.455,674800
2021-05-11,99.415,99.9775,96.9475,97.077499,1237600
2021-05-12,97.15,97.5275,96.13,96.18,1015200
2021-05-13,96.24,97.85,96.11,96.97,999600
2021-05-14,97.52,97.8675,96.965,97.2975,968800
2021-05-17,97.2325,97.48,96.4075,97.055,542800
2021-05-18,97.125,97.9825,96.235,96.2675,1118400
2021-05-19,95.575,95.6775,94.735,95.4925,1065200
2021-05-20,95.45,97.5425,95.067497,97.2775,721200
2021-05-21,97.6725,99.14,96.6825,97.1075,2464400
2021-05-24,98.092499,99.019997,97.325,98.625,1063600
2021-05-25,98.5875,99.3425,98.2125,98.6225,1182400
2021-05-26,98.47,98.6175,97.45,98.027496,1208400
2021-05-27,98.615,99.055,97.75,98.7675,2052400
2021-05-28,99.47,99.7375,98.28,98.3625,722400
2021-06-01,98.885,99.2675,97.385,97.5975,846400
2021-06-02,97.66,98.315,95.98,96.1725,1325200
2021-06-03,95.385,96.345,94.5475,96.022499,1242800
2021-06-04,96.2825,97.6725,95.1575,95.49,1654800
2021-06-07,95.5775,96.1625,93.4525,93.6,1396800
2021-06-08,93.995,93.995,92.31,93.089996,1235600
2021-06-09,93.21,93.815,92.605,93.1025,949200
2021-06-10,93.3625,94.3075,92.875,93.53,1102800
2021-06-11,93.445,94.2375,92.8775,93.7975,1122800
2021-06-14,94.29,94.29,93.6575,94.135,764800
2021-06-15,94.345,94.8975,94.017502,94.2175,866800
2021-06-16,94.7325,95.9975,94.25,95.3825,1469600
2021-06-17,94.82,96.575,94.82,95.47,1081200
2021-06-18,95.4775,96.375,94.665,95.99,2942400
2021-06-21,96.4825,98.4925,96.14,97.36,1042800
2021-06-22,97.645,98.675,97.3425,97.685,1724400
2021-06-23,97.095001,97.5,96.505,96.9225,756800
2021-06-24,97.4575,98.275,97.3,97.6525,885200
2021-06-25,97.775,99.25,97.72,99.1075,2012000
2021-06-28,99.345,99.3625,98.014999,98.875,803600
2021-06-29,98.935,99.4925,98.545,99.28,754800
2021-06-30,99.089996,99.415,98.415,99.067497,931600
2021-07-01,99.18,101.2,99.18,100.75,1054800
2021-07-02,100.805,102.027496,100.7625,101.9375,838000
2021-07-06,101.7075,102.485,100.8925,102.3875,676000
2021-07-07,102.555,103.75,102.057503,103.455,999200
2021-07-08,102.52,102.9475,101.525,102.6625,855600
2021-07-09,102.68,103.21,102.2525,102.8075,738800
2021-07-12,103.2225,103.3925,102.7,102.7125,1566400
2021-07-13,102.37,102.6925,101.615,102.27,1031200
2021-07-14,102.165,102.2975,101.037498,101.3775,734000
2021-07-15,100.8475,101.37,99.975,100.69,664800
2021-07-16,101.042503,101.75,100.66,100.9725,638000
2021-07-19,100.16,100.6425,98.2625,99.19,1089200
2021-07-20,99.4675,101.78,99.365,100.58,767600
2021-07-21,100.94,100.94,99.27,100.375,880000
2021-07-22,100.61,101.019997,100.1025,101.019997,639200
2021-07-23,101.3575,102.5875,101.18,102.5175,510400
2021-07-26,102.044998,102.215,101.3,101.4025,579200
2021-07-27,100.9675,102.5325,100.3125,102.5,934000
2021-07-28,102.775,103.9425,102.775,103.41,708400
2021-07-29,103.9275,104.7125,103.74,104.225,984800
2021-07-30,104.6525,106.1325,104.29,105.4425,713200
2021-08-02,105.705,106.2625,104.995,105.9025,846400
2021-08-03,106.255,106.26,105.175,105.995,674000
2021-08-04,105.7225,105.7725,103.3575,103.5325,1004000
2021-08-05,103.7825,103.9475,102.027496,102.925,821600
2021-08-06,103.5175,103.565,102.4125,103.25,889200
2021-08-09,103.5675,103.5675,101.565,101.82,1034000
2021-08-10,101.6425,101.94,100.4975,101.6375,584400
2021-08-11,101.9025,102.655,101.4725,102.050003,667600
2021-08-12,102.975,110.092499,102.975,110.029999,2878400
2021-08-13,109.7525,110.6675,108.7375,109.2475,987200
2021-08-16,109.3,109.8925,108.145,109.885,1010400
2021-08-17,109.84,111.065002,109.2525,109.6475,1185200
2021-08-18,109.795,110.655,108.07,108.1525,1240400
2021-08-19,107.625,111.34,107.625,110.51,1119600
2021-08-20,110.2225,111.4525,109.9675,111.044998,2160800
2021-08-23,111.5,111.64,110.5875,111.21,900000
2021-08-24,111.050003,112.5,111.050003,111.9475,789200
2021-08-25,111.6275,112.4975,110.9525,111.685,604000
2021-08-26,111.35,111.675,110.855,111.5175,772400
2021-08-27,111.995,112.4425,111.23,111.645,644000
2021-08-30,112.017502,113.7575,111.7775,112.345,777200
2021-08-31,112.115,112.8775,111.1525,112.6775,1404800
2021-09-01,112.14,112.965,111.5425,112.7425,1026800
2021-09-02,113.215,113.9525,111.93,112.5925,1034800
2021-09-03,113.8,115.8975,112.75,113.98,1376000
2021-09-07,113.67,113.94,111.8,111.9575,1583200
2021-09-08,111.8875,114.0,111.13,113.505,1253600
2021-09-09,113.7475,113.98,111.9975,112.035004,645600
2021-09-10,112.4075,112.98,111.135,112.84,1124000
2021-09-13,113.4425,113.4425,109.017502,110.1425,1039600
2021-09-14,110.97,111.1425,109.5625,110.3675,840400
2021-09-15,110.1375,111.6525,109.8275,111.2575,749200
2021-09-16,111.385,111.385,109.91,110.6875,672000
2021-09-17,110.39,110.43,108.8475,109.15,1926000
2021-09-20,108.059998,108.6,106.565,107.475,1374800
2021-09-21,108.43,108.965,106.6775,106.6875,877600
2021-09-22,107.1025,109.057503,106.2525,108.44,1575200
2021-09-23,108.695,111.055,108.46,109.835,2155600
2021-09-24,109.7925,110.455,109.12,109.845,1220400
2021-09-27,109.3625,109.5825,107.245,107.87,1449600
2021-09-28,107.4625,107.815,104.77,106.0,1232800
2021-09-29,106.235,106.3325,104.82,105.575,804800
2021-09-30,105.675,107.037498,103.295,103.3275,939200
2021-10-01,103.4675,104.61,102.17,104.22,731200
2021-10-04,103.715,103.715,101.2125,102.145,780000
2021-10-05,102.8875,104.9975,102.8175,103.74,1472800
2021-10-06,103.074997,103.665,101.485,103.66,932000
2021-10-07,104.86,106.1475,103.5925,103.72,917200
2021-10-08,103.6475,104.235,102.5,102.6475,623600
2021-10-11,102.3375,103.077499,100.9475,101.0,856400
2021-10-12,101.57,102.047501,100.2125,100.46,764000
2021-10-13,100.545,101.3975,99.615,100.275,974400
2021-10-14,100.8125,101.6275,99.875,100.325,880800
2021-10-15,100.7375,101.19,99.39,99.5775,853200
2021-10-18,99.099998,99.3475,98.025002,99.175,1198400
2021-10-19,99.7675,101.7525,99.75,100.55,780400
2021-10-20,101.067497,103.15,100.705,102.65,1073200
2021-10-21,102.875,104.055,102.53,102.89,541600
2021-10-22,102.75,104.3575,102.5,104.255,769200
2021-10-25,104.63,104.63,103.135,103.7375,1054000
2021-10-26,104.8975,104.8975,102.7325,104.135,655600
2021-10-27,103.985,103.985,102.3675,102.9875,707200
2021-10-28,103.385,104.71,102.96,104.185,648400
2021-10-29,104.1075,104.9675,103.305,104.23,871200
2021-11-01,104.2975,106.125,104.052498,105.485,1052400
2021-11-02,105.4975,105.8375,104.695,105.16,727600
2021-11-03,105.1975,105.8975,104.065002,105.63,612400
2021-11-04,105.4125,105.9,104.6225,105.165,612000
2021-11-05,104.8725,106.5,104.8725,106.055,661200
2021-11-08,106.8175,108.040001,106.027496,107.9025,619600
2021-11-09,107.9725,108.725,107.45,108.4075,431600
2021-11-10,108.275,108.9475,107.77,108.53,776000
2021-11-11,107.3125,107.3125,102.2725,102.71,1414800
2021-11-12,102.71,104.71,102.17,104.43,910400
2021-11-15,105.105,105.72,103.8375,104.11,771200
2021-11-16,104.6225,105.1225,103.7925,103.9275,830000
2021-11-17,104.1525,104.59,101.955,102.145,932400
2021-11-18,102.1275,102.1275,99.33,101.2225,1582400
2021-11-19,101.59,101.9125,100.7375,101.2675,2348400
2021-11-22,100.975,101.4075,100.27,100.7175,850800
2021-11-23,100.52,101.1325,98.905,99.61,992400
2021-11-24,98.9725,99.4075,97.355,97.71,1308400
2021-11-26,96.7575,97.0074997,94.715,94.985,1112800
2021-11-29,96.040001,97.4175,95.245,95.2975,1817600
2021-11-30,94.7175,95.7675,93.2475,94.1175,2278400
2021-12-01,95.425,96.325,93.3575,93.3825,1120800
2021-12-02,93.3025,94.8625,92.195,94.4875,2010800
2021-12-03,94.5875,98.725,93.5075,97.89,3725600
2021-12-06,98.165,100.565,97.34,99.9925,1355600
2021-12-07,100.55,102.3075,100.3475,101.5425,1184000
2021-12-08,101.5375,103.9575,101.5375,103.7325,1588800
2021-12-09,103.105,104.089996,102.1075,102.1075,772800
2021-12-10,102.7425,102.7425,99.23,99.895,1517600
2021-12-13,99.68,100.035004,98.3625,98.5875,2432400
2021-12-14,98.2425,100.89,97.805,98.082497,1714000
2021-12-15,98.15,100.6675,97.057503,100.1375,1304400
2021-12-16,100.51,102.115,98.1125,98.7175,2020000
2021-12-17,98.35,100.0049973,97.14,98.3675,2197600
2021-12-20,97.48,97.7875,96.14,97.4325,1620400
2021-12-21,97.5575,99.3575,97.515,98.9475,2317200
2021-12-22,99.044998,101.1925,99.044998,101.155,1037200
2021-12-23,101.875,103.355,101.040001,102.8025,845600
2021-12-27,103.077499,105.099998,103.077499,105.0074997,783200
2021-12-28,105.095001,105.61,104.765,105.1025,599200
2021-12-29,105.29,105.875,104.715,105.17,637600
2021-12-30,105.3125,106.9475,105.1025,106.0049973,650000
2021-12-31,105.5425,106.125,104.655,104.735,608800
2022-01-03,107.040001,107.4075,104.6125,105.4,1390000
2022-01-04,105.6375,106.235,104.205,104.25,794800
2022-01-05,104.38,105.6575,102.51,102.62,728000
2022-01-06,102.07,103.695,101.07,102.6825,1206400
2022-01-07,102.2575,103.6525,101.6125,102.16,1232400
2022-01-10,101.84,104.1225,100.805,104.022499,2408000
2022-01-11,103.7325,105.61,102.96,105.5725,1591200
2022-01-12,105.6875,105.9675,103.6475,105.175,1387600
2022-01-13,105.3525,106.2875,103.905,104.032501,2314800
2022-01-14,103.7125,104.099998,101.1575,102.63,3040800
2022-01-18,101.425,101.6825,99.125,99.9675,1834000
2022-01-19,100.017502,100.755,99.285,99.5375,2390000
2022-01-20,99.9025,101.0,98.125,98.385,1192000
2022-01-21,98.2375,98.9125,96.9775,97.074997,965600
2022-01-24,95.25,98.645,92.8625,98.3275,2440400
2022-01-25,97.1375,98.8775,96.155,97.3975,1504000
2022-01-26,98.059998,99.4425,94.62,95.59,1408400
2022-01-27,96.2475,97.017502,94.115,94.865,1091600
2022-01-28,94.9,96.355,93.595,96.3,1260000
2022-01-31,95.9075,99.7225,95.9075,99.575,1618400
2022-02-01,99.2325,99.825,98.1625,99.1675,998000
2022-02-02,98.955,99.72,98.072502,99.3975,993200
2022-02-03,98.195,99.1225,97.2525,97.7075,971200
2022-02-04,97.16,97.9925,95.83,97.165,894800
2022-02-07,97.059998,97.8125,96.615,96.725,706800
2022-02-08,98.33,101.4725,97.31,101.2675,1660800
2022-02-09,101.79,102.7125,101.3725,101.7075,1298400
2022-02-10,100.615,101.9825,100.1625,100.6725,624000
2022-02-11,100.055,101.1775,98.425,98.5,808000
2022-02-14,98.3625,99.072502,97.3175,97.8375,661200
2022-02-15,99.935,100.5975,98.67,99.4875,916800
2022-02-16,98.8375,100.755,98.3975,100.3225,1087600
2022-02-17,99.81,99.81,97.017502,97.2375,938800
2022-02-18,96.9575,98.705,96.7775,97.245,1040000
2022-02-22,97.1125,99.255,96.69,98.665,1303200
2022-02-23,99.25,100.7375,98.575,98.8625,1341600
2022-02-24,96.725,100.2775,95.155,99.915,1550800
2022-02-25,100.17,102.8275,99.2475,102.7225,1047200
2022-02-28,101.77,102.8475,100.985,102.255,1299200
2022-03-01,102.0049973,103.4475,101.055,102.825,1586800
2022-03-02,103.465,104.675,102.405,103.9325,1640800
2022-03-03,103.9325,104.8125,103.125,104.285,1272000
2022-03-04,103.1975,107.6675,102.505,106.135,2552800
2022-03-07,104.945,105.11,99.42,100.3025,2291200
2022-03-08,99.89,100.3525,95.077499,95.097504,1970400
2022-03-09,96.53,97.3425,95.42,96.6825,1634000
2022-03-10,95.084999,96.89,95.044998,96.325,1014400
2022-03-11,97.355,97.54,94.9125,94.99,1440000
2022-03-14,96.089996,96.265,94.2175,95.4525,1099600
2022-03-15,96.8875,97.6675,95.6175,97.6175,952400
2022-03-16,98.4375,101.99,98.4375,101.78,1250800
2022-03-17,101.19,105.395,101.19,104.455,1307200
2022-03-18,104.675,105.6375,103.8575,105.3275,1888400
2022-03-21,104.7,105.3675,103.85,104.5175,1299600
2022-03-22,104.5375,105.0,104.027496,104.6525,951200
2022-03-23,104.097504,104.097504,101.5375,101.78,1138800
2022-03-24,102.1075,103.1225,101.3375,102.985,1308800
2022-03-25,103.1325,103.225,101.3975,102.1025,721200
2022-03-28,102.235,103.255,101.165,103.1875,742400
2022-03-29,104.355,105.315,103.2575,104.4025,1307600
2022-03-30,104.012497,105.5575,104.012497,105.35,639600
2022-03-31,105.0,106.405,104.3975,104.3975,1090000
2022-04-01,104.61,107.1075,104.2525,107.105,1650400
2022-04-04,107.2475,107.4725,104.059998,104.33,801600
2022-04-05,104.014999,105.645,104.014999,105.13,1122400
2022-04-06,104.8675,105.4375,103.3425,104.905,836400
2022-04-07,104.5675,106.089996,103.55,103.995,1875600
2022-04-08,103.435,104.2475,100.9375,102.8625,1483200
2022-04-11,102.3925,103.265,101.575,101.74,937600
2022-04-12,101.545,102.9375,100.44,100.7125,879600
2022-04-13,100.4675,101.345,100.105,101.1525,805200
2022-04-14,101.425,101.7825,99.525,99.905,870800
2022-04-18,99.535,99.795,98.067497,98.805,622800
2022-04-19,99.014999,103.055,99.014999,102.6925,866800
2022-04-20,103.405,105.0625,103.165,104.645,923200
2022-04-21,105.3175,105.3175,102.17,102.3625,688800
2022-04-22,101.6675,101.6675,97.5475,97.7275,1501200
2022-04-25,97.4875,98.9625,96.24,98.515,1234000
2022-04-26,97.6325,98.1775,95.6325,95.67,862400
2022-04-27,95.925,96.6975,94.1725,94.345,807200
2022-04-28,94.815,94.815,91.905,93.29,1025600
2022-04-29,92.92,93.2525,90.044998,90.26,1364800
2022-05-02,90.545,90.9375,87.235,89.26,1337600
2022-05-03,89.685,89.9425,88.405,88.5225,949600
2022-05-04,88.295,90.92,87.105,90.62,1156400
2022-05-05,90.1975,90.1975,86.0074997,86.9725,1037600
2022-05-06,86.25,86.485,83.7325,84.3875,1497600
2022-05-09,83.3275,83.3675,77.6325,77.9025,2072400
2022-05-10,78.715,80.1725,77.3575,79.2575,1854400
2022-05-11,78.9075,81.975,78.89,79.019997,1850000
2022-05-12,78.7925,80.205,77.745,79.415,1385600
2022-05-13,79.94,82.2175,79.94,81.9475,1349200
2022-05-16,81.5,82.2925,81.165,81.9775,1182400
2022-05-17,83.5675,85.1675,83.47,85.0625,1801200
2022-05-18,83.9125,84.7,83.23,83.44,2027200
2022-05-19,82.8925,84.9225,82.8925,84.67,1702400
2022-05-20,85.077499,85.67,83.6275,85.3025,1455600
2022-05-23,85.9125,86.335,83.59,84.68,1506800
2022-05-24,84.3425,85.64,83.24,85.2625,1410400
2022-05-25,84.7175,85.7275,84.2425,84.96,1397200
2022-05-26,85.3075,86.855,84.8525,85.9275,1880400
2022-05-27,88.165,88.3425,86.022499,88.042503,1806400
2022-05-31,87.5725,87.9975,86.4525,87.685,4379600
2022-06-01,88.084999,88.5125,84.96,85.8025,1546400
2022-06-02,85.9075,88.2225,84.735,88.2025,1516400
2022-06-03,86.82,88.505,85.3375,85.5675,1926400
2022-06-06,86.625,87.025002,85.88,86.1525,938800
2022-06-07,85.4525,87.1425,85.3425,86.8775,1013200
2022-06-08,86.4,87.025002,85.9675,86.014999,766800
2022-06-09,85.055,85.785,84.2,84.2675,1022800
2022-06-10,82.845,83.835,82.029999,83.087502,1163200
2022-06-13,81.445,81.4625,79.7275,80.037498,1094000
2022-06-14,79.7075,80.035004,78.4375,78.73,1454400
2022-06-15,79.5625,80.43,77.895,78.835,1138400
2022-06-16,76.077499,76.675,74.335,76.29,2272000
2022-06-17,76.725,78.2475,76.235,76.235,1963600
2022-06-21,77.255,77.255,75.505,75.9925,1157600
2022-06-22,74.825,76.3375,74.605,75.35,2067600
2022-06-23,75.43,77.067497,75.43,76.9275,1833600
2022-06-24,77.83,80.9525,77.1775,80.8725,2157200
2022-06-27,80.9075,81.215,79.7675,80.5175,1439600
2022-06-28,80.8575,81.39,78.355,78.52,1338800
2022-06-29,78.75,79.5225,77.86,79.4275,944000
2022-06-30,78.3575,79.2475,77.67,78.28,1628800
2022-07-01,78.3575,80.1725,78.115,79.6275,1120800
2022-07-05,78.815,79.255,77.012497,78.9725,1137200
2022-07-06,78.8575,79.445,77.7475,78.15,1096400
2022-07-07,78.2325,79.3225,77.605,79.2625,1684800
2022-07-08,78.17,78.9725,77.52,77.8925,1392000
2022-07-11,77.4825,77.7225,75.7175,76.14,1150800
2022-07-12,75.855,76.6075,74.23,74.295,1546400
2022-07-13,73.042503,73.395,71.7475,73.042503,1277200
2022-07-14,72.3425,72.45,71.0025024,72.125,1051200
2022-07-15,72.5,73.5525,71.925,73.3775,1258000
2022-07-18,73.7375,74.305,72.8825,73.535,1577200
2022-07-19,74.7625,76.010002,74.265,75.775,1158800
2022-07-20,75.7475,77.175,75.7475,76.7775,1048400
2022-07-21,77.155,79.059998,76.87,78.97,879600
2022-07-22,78.9975,79.7575,77.8775,78.36,774800
2022-07-25,78.6025,78.8225,77.95,78.4275,692400
2022-07-26,78.575,78.575,77.52,77.7125,974400
2022-07-27,78.1725,79.84,78.1725,79.64,1010000
2022-07-28,80.38,82.2775,79.032501,81.6075,928400
2022-07-29,81.5725,82.3525,80.945,81.75,1170800
2022-08-01,81.22,82.2975,80.945,81.3475,1165200
2022-08-02,80.9925,82.4325,80.4025,81.2025,774400
2022-08-03,81.655,83.097504,81.25,82.285,816000
2022-08-04,82.24,82.5925,81.32,81.8675,722800
2022-08-05,81.3075,82.755,81.3075,82.7275,590800
2022-08-08,83.4425,83.665,82.88,83.4175,645200
2022-08-09,83.3525,83.495,81.255,81.4075,789600
2022-08-10,82.8125,83.1175,81.935,83.059998,1202000
2022-08-11,83.7575,84.29,82.047501,82.185,1080400
2022-08-12,82.755,83.545,82.135,83.5175,589600
2022-08-15,83.095001,84.3925,82.8675,83.335,581200
2022-08-16,82.765,84.36,82.28,84.3175,888400
2022-08-17,83.69,84.3125,82.1825,82.2675,1087200
2022-08-18,82.2675,82.7675,81.057503,81.7425,789200
2022-08-19,81.3425,81.5675,80.15,80.6725,1153200
2022-08-22,79.7525,80.1325,78.295,78.605,950000
2022-08-23,78.25,78.25,77.21,77.83,729600
2022-08-24,77.4825,78.065002,76.6225,77.4525,1830800
2022-08-25,78.1625,78.5925,77.215,78.5075,1320800
2022-08-26,78.5,78.7075,74.1375,74.1425,1249200
2022-08-29,73.055,73.53,72.135,72.825,1510400
2022-08-30,72.83,73.385,71.925,72.065002,1733600
2022-08-31,72.8275,73.3275,71.4025,71.86,2184400
2022-09-01,71.5075,75.2725,70.7575,75.029999,3458400
2022-09-02,75.555,75.85,73.5925,73.8825,1748800
2022-09-06,74.215,74.9825,73.59,74.044998,1060400
2022-09-07,74.36,77.027496,74.3475,76.5275,1600800
2022-09-08,75.7375,77.6375,75.052498,76.975,1270000
2022-09-09,77.1625,78.745,76.645,78.675,923600
2022-09-12,78.8125,79.7275,78.8125,79.695,767200
2022-09-13,77.5775,78.0,76.2875,76.3925,1096000
2022-09-14,76.23,76.5925,75.2625,75.725,1052800
2022-09-15,75.7825,77.2075,74.6875,74.99,1002000
2022-09-16,74.355,74.355,72.715,72.8625,1311200
2022-09-19,72.3375,72.815,71.042503,72.5875,1378400
2022-09-20,71.7825,72.4025,70.4675,70.8825,1180800
2022-09-21,70.975,71.5025,69.087502,69.092499,811600
2022-09-22,68.4575,68.8375,67.885,68.5475,1353600
2022-09-23,67.9625,69.12,67.51,68.92,1591200
2022-09-26,68.5075,68.955,66.3375,67.25,1576400
2022-09-27,67.9075,67.9975,65.7725,65.9525,1418000
2022-09-28,66.335,67.7425,65.7275,67.2775,1689600
2022-09-29,66.605,67.8075,65.9125,67.35,1025600
2022-09-30,67.54,68.635,65.92,65.975,1601600
2022-10-03,67.077499,68.815,66.42,68.315,1354000
2022-10-04,68.8875,69.8925,68.705,69.8925,1606400
2022-10-05,69.155,69.81,68.615,69.365,956400
2022-10-06,69.245,69.73,67.1375,67.3825,1134400
2022-10-07,66.5825,66.655,65.012497,65.5975,1114800
2022-10-10,65.9125,65.9125,64.31,64.4125,944000
2022-10-11,64.385,65.475,63.57,64.080002,1412000
2022-10-12,62.48,63.4675,61.8075,63.2,1750800
2022-10-13,61.5725,64.76,61.055,63.81,1937200
2022-10-14,64.605,65.1325,62.025002,62.1675,1572400
2022-10-17,63.215,65.775,62.5825,65.027496,1434000
2022-10-18,66.91,67.4575,64.4425,64.6175,1185600
2022-10-19,64.485,64.9275,63.6675,64.12,1263200
2022-10-20,64.23,64.85,63.5625,63.925,1201600
2022-10-21,64.0049973,65.13,62.645,64.9975,957600
2022-10-24,65.595,65.655,64.255,64.645,1003200
2022-10-25,64.6775,66.6125,64.6775,66.315,1082400
2022-10-26,66.815,68.875,66.545,68.5675,1606000
2022-10-27,68.715,68.715,67.175,67.3075,876400
2022-10-28,67.235,68.9825,67.029999,68.855,926000
2022-10-31,67.98,69.11,67.98,68.3475,856800
2022-11-01,69.087502,70.010002,68.9175,69.75,1176400
2022-11-02,69.51,70.5775,67.6075,67.6075,2009200
2022-11-03,66.845,66.845,64.32,66.39,1059600
2022-11-04,67.5475,68.029999,66.455,67.655,1183600
2022-11-07,68.2275,68.2275,66.7925,67.6425,854400
2022-11-08,67.8675,69.1125,66.87,68.3775,919200
2022-11-09,68.1575,68.69,67.655,68.3925,1366800
2022-11-10,71.5425,75.63,71.1425,75.5075,1849200
2022-11-11,76.105,81.9675,75.6975,81.080002,4078000
2022-11-14,80.475,81.012497,78.5825,78.625,1642400
2022-11-15,78.77,79.865,78.155,78.945,1265600
2022-11-16,79.16,79.6775,77.4325,77.5875,1254000
2022-11-17,75.94,76.7175,75.3625,75.75,1116400
2022-11-18,77.2675,77.27,75.815,76.85,886800
2022-11-21,76.1825,77.5575,75.93,76.79,1042800
2022-11-22,76.8225,77.59,75.72,77.3075,831200
2022-11-23,77.5025,78.52,77.33,78.275,678400
2022-11-25,78.7525,78.925,77.315,78.595,477600
2022-11-28,78.2425,79.2675,76.8625,77.082497,936000
2022-11-29,76.965,77.95,76.6675,76.86,1218800
2022-11-30,79.4625,79.4625,76.4725,79.087502,4776000
2022-12-01,80.2325,82.215,79.9375,81.655,1270400
2022-12-02,80.2975,81.525,80.2975,80.58,1154000
2022-12-05,79.55,80.51,78.6175,80.39,1237600
2022-12-06,80.185,80.8125,77.5225,78.275,1335600
2022-12-07,78.5025,79.9325,78.1225,78.645,1074400
2022-12-08,78.635,80.3625,77.9475,79.8575,1373200
2022-12-09,78.14,81.9075,76.2525,77.3675,3266400
2022-12-12,77.755,79.2175,77.1775,78.53,1992000
2022-12-13,81.1125,82.97,80.072502,82.4575,2009200
2022-12-14,81.17,83.6975,80.4325,81.215,2658400
2022-12-15,80.51,81.8375,79.975,81.025002,2007600
2022-12-16,79.965,80.4275,78.8775,79.465,1983200
2022-12-19,79.18,79.525,78.71,79.065002,851600
2022-12-20,78.86,80.080002,78.2225,79.9725,987600
2022-12-21,80.7025,82.87,80.655,82.1725,1266800
2022-12-22,82.055,82.8075,80.6575,82.7075,1154000
2022-12-23,82.395,83.2725,82.0074997,83.1825,936800
2022-12-27,83.41,84.050003,82.5725,83.36,896800
2022-12-28,83.37,84.022499,82.07,82.097504,612400
2022-12-29,82.8275,84.4825,82.475,83.595,560400
2022-12-30,83.0,83.5825,81.785,82.6675,1027600
2023-01-03,83.4775,84.6925,82.1125,83.17,1078400
2023-01-04,84.56,85.4975,83.92,85.3925,1176400
2023-01-05,84.575,85.2525,84.155,84.84,1044800
2023-01-06,85.745,86.975,83.47,86.2925,1086400
2023-01-09,86.885,87.010002,85.245,86.0625,1486800
2023-01-10,86.047501,86.9925,85.9025,85.9625,1272800
2023-01-11,86.9275,88.14,86.525,87.5775,1436800
2023-01-12,88.25,88.4825,86.595,87.3625,908800
2023-01-13,87.037498,88.027496,86.9075,87.5975,824400
2023-01-17,87.3075,87.8625,85.7775,86.3325,1599600
2023-01-18,86.485,87.68,84.3825,84.855,1780400
2023-01-19,84.087502,86.215,84.087502,85.5975,772400
2023-01-20,85.6775,86.4425,84.9775,85.9325,1019200
2023-01-23,85.9275,86.54,85.415,86.535,1257600
2023-01-24,87.0049973,87.315,85.052498,85.7875,875600
2023-01-25,84.785,86.0025024,84.4475,85.895,709200
2023-01-26,86.42,87.365,85.67,87.2775,776000
2023-01-27,86.6975,87.29,86.012497,86.12,620000
2023-01-30,85.11,85.7875,84.655,85.2125,953600
2023-01-31,85.6525,87.34,84.7925,87.2325,1084400
2023-02-01,87.46,89.3675,86.855,89.145,1209200
2023-02-02,90.025002,92.94,89.5575,90.6325,2079200
2023-02-03,89.235,90.545,88.5375,88.6225,1045600
2023-02-06,87.495,88.4,86.2625,86.61,1001600
2023-02-07,86.1425,87.71,85.080002,87.235,861600
2023-02-08,86.445,87.595,86.059998,86.115,756000
2023-02-09,86.62,86.62,83.555,83.905,938000
2023-02-10,83.6825,84.2825,82.84,83.785,1118800
2023-02-13,84.099998,84.9525,83.78,84.5975,962400
2023-02-14,84.4175,85.9525,83.9725,84.395,726800
2023-02-15,83.985,86.6525,83.915,86.52,1464800
2023-02-16,85.2,86.9125,84.49,85.9325,822000
2023-02-17,85.565,86.6275,84.9025,86.28,684400
2023-02-21,85.5375,85.5375,83.825,84.31,778800
2023-02-22,84.1975,84.89,83.1975,84.6125,1210400
2023-02-23,85.0074997,85.67,83.7,85.014999,1080400
2023-02-24,83.9,84.3875,82.052498,82.6275,1157200
2023-02-27,83.25,84.047501,82.6075,83.074997,893600
2023-02-28,82.9475,82.9475,80.6475,81.7425,5298000
2023-03-01,81.3225,82.26,80.4125,80.89,1752800
2023-03-02,80.2525,82.16,80.010002,81.965,1564000
2023-03-03,86.25,88.92,85.5375,87.9525,2466400
2023-03-06,87.75,88.010002,86.4975,86.4975,1442000
2023-03-07,86.4825,86.58,83.77,84.084999,1442000
2023-03-08,83.45,84.4325,82.67,83.825,881600
2023-03-09,84.3925,85.76,83.525,83.71,875600
2023-03-10,83.71,83.71,80.655,81.195,1200000
2023-03-13,80.945,83.855,80.4825,83.49,1109600
2023-03-14,84.955,85.38,83.51,84.785,1078800
2023-03-15,83.185,84.7225,82.785,84.6575,1373200
2023-03-16,83.8375,86.7225,82.8225,86.3225,1285600
2023-03-17,86.2825,87.235,84.26,85.375,2188800
2023-03-20,85.2975,86.66,85.2975,86.1275,734400
2023-03-21,86.645,87.795,86.255,87.7075,1030000
2023-03-22,87.4975,88.565,86.032501,86.1325,1154800
2023-03-23,86.49,88.195,86.087502,86.24,994800
2023-03-24,86.26,89.5225,85.9675,88.755,1492800
2023-03-27,89.355,90.42,88.8125,89.1475,1484000
2023-03-28,88.75,89.8825,88.455,88.7,1035200
2023-03-29,89.395,90.86,89.1575,90.455,1245200
2023-03-30,91.25,92.3175,90.905,91.8675,1468400
2023-03-31,92.3975,93.4775,92.19,93.34,1498400
2023-04-03,92.9,93.07,91.57,92.095001,1415600
2023-04-04,92.21,92.875,91.815,92.515,1045200
2023-04-05,92.18,93.5475,91.36,93.4,871600
2023-04-06,93.3175,93.4925,91.5025,93.074997,1145600
2023-04-10,92.4475,92.5325,91.5325,92.53,593600
2023-04-11,92.855,93.7825,92.7625,92.985,614800
2023-04-12,93.755,94.7325,92.8725,93.22,962400
2023-04-13,93.625,94.6525,93.2,94.385,625200
2023-04-14,93.9275,94.695,92.96,93.4275,762000
2023-04-17,93.2775,93.7475,92.385,92.87,702800
2023-04-18,93.69,94.6775,92.8825,94.5125,897600
2023-04-19,94.335,96.48,94.335,96.385,803200
2023-04-20,95.88,96.615,95.4525,96.32,1248800
2023-04-21,97.050003,97.050003,95.7425,96.35,849200
2023-04-24,96.8,97.072502,95.845,96.3725,717200
2023-04-25,96.0,96.255,94.5075,94.7525,668000
2023-04-26,94.27,95.057503,93.2875,93.9875,987600
2023-04-27,93.83,94.79,93.1575,94.54,767600
2023-04-28,94.55,95.6675,94.1725,95.3625,697200
2023-05-01,95.067497,96.3625,95.067497,95.9425,421200
2023-05-02,95.5175,96.465,94.635,95.5625,714000
2023-05-03,96.525,96.7025,94.685,95.2325,901600
2023-05-04,94.745,95.605,94.2025,94.8175,528400
2023-05-05,95.2875,96.65,95.1975,96.485,526000
2023-05-08,96.1025,97.0025024,95.5275,96.5275,733600
2023-05-09,96.39,96.855,96.1275,96.3225,486000
2023-05-10,96.6875,98.8,96.6875,97.725,1043200
2023-05-11,97.5,98.4225,97.3175,98.022499,1050000
2023-05-12,97.8325,98.42,96.765,97.54,1736800
2023-05-15,97.6675,97.745,96.7925,97.3375,992000
2023-05-16,97.099998,97.099998,96.305,96.9275,1121200
2023-05-17,97.014999,97.014999,94.4,96.43,1499600
2023-05-18,96.5275,97.5175,96.46,96.975,1056000
2023-05-19,97.1575,97.335,96.455,96.525,2300800
2023-05-22,96.555,98.7175,96.555,97.535,1267600
2023-05-23,96.7225,96.93,94.4675,95.010002,1744000
2023-05-24,94.6625,94.8175,93.6675,94.4925,1386000
2023-05-25,94.4625,94.805,92.165,92.86,1692400
2023-05-26,92.7525,93.097504,91.6925,92.3475,1703600
2023-05-30,91.92,92.4625,91.4625,92.050003,1700000
2023-05-31,91.72,92.9725,91.1475,92.8825,5394000
2023-06-01,92.75,93.89,91.81,93.5475,1450800
2023-06-02,90.032501,91.125,89.012497,89.1175,2806400
2023-06-05,89.8475,89.96,88.2525,88.3875,1185200
2023-06-06,88.3375,89.23,87.5575,88.1575,1014400
2023-06-07,87.6625,87.8775,86.6375,87.6975,986000
2023-06-08,87.595,87.65,86.3525,87.4475,1118000
2023-06-09,87.4275,87.43,86.095001,86.5375,1182800
2023-06-12,87.074997,89.165,87.029999,88.995,1372400
2023-06-13,89.0025024,90.099998,89.0025024,89.795,1038000
2023-06-14,91.0049973,92.13,90.1925,90.685,1535600
2023-06-15,90.9325,92.5025,90.505,91.8925,1209600
2023-06-16,92.99,93.9525,91.67,91.8525,2514000
2023-06-20,90.8075,92.445,90.795,92.2825,985600
2023-06-21,91.955,92.78,91.3975,92.6775,790800
2023-06-22,92.9075,93.7425,92.585,93.265,1120400
2023-06-23,92.955,93.9575,92.5225,93.195,1246800
2023-06-26,93.25,93.9375,92.345,93.42,907600
2023-06-27,93.565,94.7275,92.785,94.6525,916800
2023-06-28,94.6675,95.3625,94.2875,95.125,873200
2023-06-29,94.795,95.76,94.795,94.995,999200
2023-06-30,95.995,96.405,94.995,95.8575,839200
2023-07-03,95.1625,95.1625,93.82,94.355,544400
2023-07-05,94.5325,94.655,93.3,94.325,1228000
2023-07-06,93.54,94.76,93.2525,93.9475,1385600
2023-07-07,93.6425,94.955,93.5875,94.595,802000
2023-07-10,94.825,96.019997,94.78,95.86,632800
2023-07-11,96.077499,96.55,95.1525,95.6225,675600
2023-07-12,96.3175,97.1825,95.8525,96.84,795600
2023-07-13,96.975,97.695,96.5025,97.5225,728800
2023-07-14,97.5825,99.445,97.5825,99.34,1160000
2023-07-17,99.265,99.905,98.4375,98.4925,999600
2023-07-18,98.040001,98.7925,97.255,98.3125,906800
2023-07-19,98.105,99.2575,97.235,98.71,1228000
2023-07-20,98.8475,99.46,97.8125,97.9625,792400
2023-07-21,97.965,98.1525,96.875,96.9025,1140800
2023-07-24,96.9825,97.029999,95.91,96.74,790800
2023-07-25,96.6875,97.3125,96.092499,96.58,1016400
2023-07-26,96.405,97.3775,95.7275,97.3675,644400
2023-07-27,97.94,97.94,96.985,97.1625,1046800
2023-07-28,98.235,98.8925,97.16,98.3625,928000
2023-07-31,98.64,98.64,97.225,97.815,862800
2023-08-01,96.94,97.7275,96.7475,97.5025,1190000
2023-08-02,96.975,97.54,96.275,96.965,1851200
2023-08-03,95.8475,97.6425,95.8475,97.455,1414400
2023-08-04,97.4475,97.9025,97.0025024,97.1975,1378400
2023-08-07,97.7125,97.7125,96.9525,97.4575,460000
2023-08-08,96.6825,96.95,94.62,96.265,921600
2023-08-09,96.2275,97.19,95.475,95.7675,846000
2023-08-10,96.2325,97.355,94.4425,94.4425,1134000
2023-08-11,94.099998,94.2075,93.052498,93.6225,1444400
2023-08-14,93.55,94.81,93.55,94.48,1354000
2023-08-15,94.1925,94.9025,93.9,94.2475,1166000
2023-08-16,93.9225,94.84,93.1925,93.195,1196400
2023-08-17,93.5825,94.855,92.010002,92.019997,671200
2023-08-18,91.66,92.6075,91.105,92.24,1039600
2023-08-21,92.4525,93.2225,92.022499,93.019997,610000
2023-08-22,93.255,93.4975,92.4,92.545,620800
2023-08-23,92.9925,94.135,92.7275,93.39,750000
2023-08-24,93.1925,94.055,92.28,92.455,983600
2023-08-25,92.5225,93.5175,91.7675,92.845,750000
2023-08-28,93.5575,94.22,92.7425,93.34,1057200
2023-08-29,93.535,94.6575,93.4075,94.5275,1036400
2023-08-30,94.53,95.785,94.53,95.215,824800
2023-08-31,94.5725,94.5725,92.1675,92.4975,2200000
2023-09-01,93.18,93.18,89.9175,91.1725,1750000
2023-09-05,90.875,90.875,88.010002,88.052498,1306800
2023-09-06,87.965,90.099998,87.65,89.1625,1775600
2023-09-07,89.2175,89.4075,88.1675,88.435,1042800
2023-09-08,88.27,89.78,86.9675,87.5025,824000
2023-09-11,87.9,88.099998,87.2975,87.8975,1068400
2023-09-12,87.63,87.63,86.7975,86.96,948800
2023-09-13,86.605,86.8425,85.575,86.1575,1109600
2023-09-14,86.725,86.805,84.7825,85.029999,2629200
2023-09-15,85.057503,86.1575,84.905,85.59,1683200
2023-09-18,85.3975,85.6625,84.3225,84.365,738400
2023-09-19,84.2175,84.58,83.6225,84.18,764800
2023-09-20,84.73,85.205,83.9725,84.155,625600
2023-09-21,83.7275,83.8225,82.010002,82.097504,665600
2023-09-22,82.3175,82.9525,81.545,82.2175,626400
2023-09-25,81.9975,83.47,81.9175,82.8375,1168400
2023-09-26,82.655,82.655,80.4175,80.5175,1131200
2023-09-27,80.545,81.82,78.45,78.98,3007600
2023-09-28,79.099998,80.077499,79.029999,79.8425,1928000
2023-09-29,80.2425,81.135,79.3325,79.5025,1246000
2023-10-02,78.79,79.4,77.425,77.975,1311200
2023-10-03,77.5,78.525,77.2975,78.2275,1178800
2023-10-04,78.445,79.135,77.8075,78.7175,1077200
2023-10-05,78.4425,78.4425,77.1025,77.8775,919600
2023-10-06,77.355,78.9675,76.3375,78.365,1875600
2023-10-09,77.9,78.695,77.1425,77.7025,1934800
2023-10-10,77.995,79.2525,77.5375,79.029999,1206800
2023-10-11,78.87,78.87,76.83,77.6875,1151600
2023-10-12,77.6875,78.9925,77.13,77.6875,2189200
2023-10-13,77.99,81.5075,77.6025,81.385,2200800
2023-10-16,82.17,83.074997,80.6625,82.9,1686400
2023-10-17,82.1525,83.2975,81.275,82.5075,1249200
2023-10-18,82.58,83.18,81.625,81.7125,1090400
2023-10-19,81.63,82.9125,80.78,80.95,948000
2023-10-20,81.3325,81.99,81.095001,81.1175,760400
2023-10-23,81.115,81.7525,80.545,80.6,866000
2023-10-24,80.2575,81.2225,80.2525,80.3775,875200
2023-10-25,79.9975,79.9975,78.415,78.805,767600
2023-10-26,78.575,78.69,76.89,76.965,1004000
2023-10-27,77.34,78.1425,76.365,76.72,703600
2023-10-30,77.6,77.6575,75.935,77.385,1140000
2023-10-31,77.8025,78.145,77.010002,77.9375,1283200
2023-11-01,78.0074997,79.445,77.5925,79.23,837600
2023-11-02,79.2575,82.1675,78.6275,81.84,1212000
2023-11-03,82.7525,84.38,82.34,83.66,1120000
2023-11-06,83.5275,84.1175,82.9125,83.6275,1180000
2023-11-07,83.4425,83.5825,82.815,83.4375,810000
2023-11-08,83.8425,84.9175,82.65,83.1675,693200
2023-11-09,83.39,83.39,80.99,81.42,1022400
2023-11-10,81.7025,84.755,80.48,82.32,716000
2023-11-13,82.485,83.155,81.9925,82.6425,650800
2023-11-14,84.042503,86.082497,84.042503,85.7375,878000
2023-11-15,85.3825,86.5,84.77,85.3775,1195200
2023-11-16,86.165,86.78,85.027496,85.1425,870400
2023-11-17,86.017502,86.017502,83.71,84.28,1393600
2023-11-20,83.75,84.665,83.6,84.5025,1434000
2023-11-21,84.715,86.2425,84.125,84.3475,1015200
2023-11-22,84.9775,85.725,84.5425,84.76,709200
2023-11-24,84.545,84.9875,84.13,84.835,288400
2023-11-27,84.15,84.6875,83.66,83.765,1437600
2023-11-28,83.7025,84.305,83.195,83.585,975200
2023-11-29,83.74,84.375,82.5475,82.8975,1398800
2023-11-30,82.97,84.38,82.215,84.23,1850800
2023-12-01,84.1525,85.3725,83.4825,85.27,871200
2023-12-04,84.61,85.084999,84.1375,84.58,1087200
2023-12-05,84.2875,84.385,82.5525,83.8225,892400
2023-12-06,84.5275,86.2275,84.245,85.6425,1428800
2023-12-07,85.7025,86.4875,85.36,86.2375,1072000
2023-12-08,86.0,86.5025,82.6925,83.75,2311200
2023-12-11,83.7375,84.8525,83.4525,84.84,1359200
2023-12-12,85.2575,85.7775,84.265,85.065002,1039200
2023-12-13,85.215,89.26,84.79,88.9025,1492400
2023-12-14,89.5925,94.5675,89.07,91.8125,2863600
2023-12-15,91.285,91.5125,90.485,90.8,2450800
2023-12-18,90.8625,92.2925,90.31,91.42,1183200
2023-12-19,91.445,92.9875,90.8175,91.35,1513600
2023-12-20,91.4225,91.8375,90.050003,90.084999,788400
2023-12-21,90.99,92.355,90.99,92.115,499600
2023-12-22,92.7925,93.8075,92.185,93.35,824800
2023-12-26,93.55,94.615,92.645,94.2425,630800
2023-12-27,94.24,95.28,93.85,95.0,738400
2023-12-28,94.8975,95.6275,94.7275,94.885,600000
2023-12-29,94.4175,95.1325,94.032501,94.61,597600
2024-01-02,93.5175,95.2375,92.98,93.27,726400
2024-01-03,92.885,92.885,90.6125,90.97,1134000
2024-01-04,90.8125,91.94,90.7225,91.495,641200
2024-01-05,91.435,92.087502,91.1175,91.4825,676800
2024-01-08,91.3775,93.4175,91.3775,93.3925,747600
2024-01-09,92.8825,94.345,92.1975,92.8325,1525600
2024-01-10,92.5,96.2425,92.2975,96.2175,1353600
2024-01-11,96.092499,96.1125,94.755,95.1325,710400
2024-01-12,96.077499,96.8825,95.5475,95.9425,740800
2024-01-16,95.305,95.75,94.029999,95.705,1174000
2024-01-17,94.575,95.97,93.5425,94.7025,749200
2024-01-18,94.7025,96.7825,94.7025,96.4375,1108400
2024-01-19,96.53,96.9725,95.6525,96.875,1308800
2024-01-22,97.8,98.35,96.9875,97.0049973,989600
2024-01-23,97.15,97.15,95.865,96.64,736000
2024-01-24,96.915,97.7025,94.7925,94.9825,940800
2024-01-25,96.055,96.205,94.4325,94.8225,924000
2024-01-26,94.75,94.75,92.82,93.16,1462000
2024-01-29,92.725,94.83,92.15,94.53,942000
2024-01-30,94.44,95.5675,93.75,93.8,899200
2024-01-31,94.13,95.017502,93.099998,93.2575,964800
2024-02-01,93.6725,95.38,93.185,95.38,1128800
2024-02-02,94.5125,94.6225,92.995,94.072502,998400
2024-02-05,93.4025,94.07,92.7025,92.84,772000
2024-02-06,93.3375,93.86,93.019997,93.675,794400
2024-02-07,94.1925,94.7075,93.3125,93.66,1001200
2024-02-08,93.1625,93.61,92.115,93.4125,632800
2024-02-09,93.33,94.2375,92.6225,94.15,654400
2024-02-12,93.8025,95.13,93.8025,94.7525,480800
2024-02-13,93.3475,93.745,91.2275,91.9225,700800
2024-02-14,91.9725,93.28,90.6725,93.1225,853600
2024-02-15,93.77,94.9025,93.46,93.6425,652000
2024-02-16,93.24,94.3575,92.9675,93.0025024,675600
2024-02-20,94.41,95.86,93.36,95.7,1299800
2024-02-21,95.76,98.32,95.2,98.080002,1868400
2024-02-22,98.080002,98.92,97.080002,97.78,2149400
2024-02-23,97.53,97.92,96.010002,96.75,1427700
2024-02-26,96.29,96.48,94.31,94.5,1215300
2024-02-27,94.0,94.43,93.45,93.74,1879500
2024-02-28,93.74,95.040001,93.29,94.51,1598000
2024-02-29,94.51,95.050003,93.43,93.6,2355600
2024-03-01,102.040001,102.55,97.72,102.19,2804300
2024-03-04,102.019997,104.07,101.58,102.77,1758000
2024-03-05,102.47,103.64,100.81,101.42,1219800
2024-03-06,102.82,102.82,101.57,101.87,1440900
2024-03-07,102.48,103.27,101.89,102.080002,1754100
2024-03-08,102.0,102.56,101.25,101.51,997700
2024-03-11,101.51,102.71,100.78,101.44,952900
2024-03-12,101.059998,102.099998,100.93,101.54,751300
2024-03-13,103.5,103.91,101.89,102.36,1000600
2024-03-14,101.71,101.94,100.82,101.5,1224100
2024-03-15,99.94,101.24,99.9,100.71,1283300
2024-03-18,101.3,101.45,100.71,100.82,770200
2024-03-19,102.11,102.82,101.17,102.25,1999400
2024-03-20,102.5,102.58,100.57,101.66,884400
2024-03-21,101.48,103.47,101.33,101.37,878500
2024-03-22,101.0,101.07,99.37,100.42,1114200
2024-03-25,100.93,101.21,100.47,100.87,862400
2024-03-26,100.95,101.31,99.92,100.73,1056200
2024-03-27,101.8,102.040001,101.29,101.84,986300
2024-03-28,102.17,102.17,101.3,101.46,887900
2024-04-01,101.040001,101.089996,98.89,99.24,877700
2024-04-02,98.79,99.010002,97.49,98.059998,900600
2024-04-03,98.080002,99.18,97.78,98.96,773600
2024-04-04,99.98,100.85,98.87,99.16,1377400
2024-04-05,99.23,99.28,97.86,98.6,905100
2024-04-08,98.91,98.91,97.96,98.63,916600
2024-04-09,98.89,99.31,98.4,98.92,906200
2024-04-10,97.75,98.38,96.27,96.5,1140000
2024-04-11,96.58,97.28,96.019997,96.12,823900
2024-04-12,95.97,96.17,92.88,93.52,978000
2024-04-15,94.14,94.45,91.87,92.040001,965700
2024-04-16,91.74,92.19,90.13,90.53,1183100
2024-04-17,90.82,90.86,89.69,89.86,955600
2024-04-18,89.75,90.81,89.41,90.41,1575900
2024-04-19,90.92,90.99,90.28,90.42,1212300
2024-04-22,90.73,90.98,89.75,90.040001,912100
2024-04-23,89.98,92.040001,89.98,91.68,875000
2024-04-24,91.14,92.12,90.15,90.2,1004300
2024-04-25,90.089996,90.86,88.13,89.93,842100
2024-04-26,89.67,90.13,88.77,88.84,1143300
2024-04-29,89.36,89.98,88.87,89.89,1718200
2024-04-30,89.059998,89.65,88.44,89.059998,951400
2024-05-01,89.029999,91.029999,88.81,89.66,742400
2024-05-02,89.81,90.050003,87.96,89.75,1259400
2024-05-03,90.85,91.96,90.58,90.64,801800
2024-05-06,91.19,92.46,90.39,92.4,847300
2024-05-07,93.11,94.34,93.059998,93.42,965600
2024-05-08,92.85,93.080002,91.88,91.99,649900
2024-05-09,92.14,95.14,92.14,94.69,984300
2024-05-10,94.61,95.24,94.31,94.76,783000
2024-05-13,94.72,95.59,92.57,92.83,846100
2024-05-14,94.25,96.71,94.17,95.96,1081400
2024-05-15,96.55,98.040001,96.52,97.9,776600
2024-05-16,98.15,98.58,97.83,97.9,781900
2024-05-17,98.07,98.07,96.55,97.31,547000
2024-05-20,97.29,97.86,96.88,97.21,572800
2024-05-21,96.77,97.13,95.3,96.76,847900
2024-05-22,96.37,97.33,95.52,96.6,635200
2024-05-23,96.35,96.55,94.26,94.44,643200
2024-05-24,93.79,95.11,93.79,94.89,691400
2024-05-28,94.080002,94.62,91.17,91.68,1681800
2024-05-29,90.62,91.73,90.45,91.11,1241500
2024-05-30,91.11,91.52,89.67,90.23,1696400
2024-05-31,96.0,96.13,90.79,94.31,3403000
2024-06-03,94.33,95.23,92.3,94.72,1675300
2024-06-04,94.61,95.56,92.9,94.56,1269300
2024-06-05,94.95,94.95,93.27,94.23,1060200
2024-06-06,93.8,95.95,93.25,95.25,1003700
2024-06-07,94.77,95.49,94.29,94.38,759100
2024-06-10,93.61,95.099998,92.64,95.080002,2409400
2024-06-11,94.53,94.62,93.24,93.77,921300
2024-06-12,94.61,96.089996,93.8,94.81,1061400
2024-06-13,94.73,95.0,93.010002,94.2,680100
2024-06-14,93.6,93.74,92.77,93.47,668900
2024-06-17,92.72,93.029999,91.76,92.46,789400
2024-06-18,92.19,93.17,91.45,91.66,900000
2024-06-20,91.36,92.34,90.49,91.73,1358800
2024-06-21,91.78,92.55,91.080002,91.51,1345400
2024-06-24,92.14,92.14,89.65,89.81,1725100
2024-06-25,89.95,90.27,88.27,89.21,1690500
2024-06-26,88.53,89.14,87.78,87.96,1250400
2024-06-27,88.0,88.22,86.86,87.62,1529900
2024-06-28,87.68,88.67,86.7,87.3,1966400
2024-07-01,87.3,88.11,85.81,86.39,1013100
2024-07-02,85.75,87.050003,85.64,86.51,686300
2024-07-03,86.32,86.69,85.019997,85.51,612100
2024-07-05,85.86,85.96,84.76,85.9,968400
2024-07-08,86.11,87.050003,85.41,85.65,1117300
2024-07-09,85.98,86.25,85.0,85.68,1293400
2024-07-10,85.97,86.53,84.79,85.55,1067200
2024-07-11,86.55,89.55,86.48,88.58,2861300
2024-07-12,88.82,91.6,88.65,90.81,1609500
2024-07-15,90.17,90.77,88.37,88.67,1296500
2024-07-16,91.99,91.99,88.11,90.14,1936300
2024-07-17,88.0,94.029999,87.77,90.96,1665200
2024-07-18,90.16,92.81,90.16,91.32,1463800
2024-07-19,91.8,92.010002,89.65,90.75,744800
2024-07-22,91.54,91.81,90.050003,91.47,590700
2024-07-23,91.45,91.99,90.32,90.67,1630000
2024-07-24,90.99,93.27,90.39,91.99,1071500
2024-07-25,92.35,94.63,91.89,92.68,1231100
2024-07-26,92.6,94.17,92.41,93.21,1063400
2024-07-29,93.31,94.0,92.2,92.61,667000
2024-07-30,92.46,93.42,92.4,92.69,776700
2024-07-31,92.69,94.71,92.39,93.33,1246300
2024-08-01,93.31,94.79,93.089996,94.2,774500
2024-08-02,96.0,96.0,92.32,93.27,880300
2024-08-05,93.13,93.17,89.8,91.41,1000200
2024-08-06,91.57,93.77,90.88,92.49,677000
2024-08-07,92.41,93.89,91.46,91.8,717400
2024-08-08,92.010002,93.17,91.6,93.089996,979500
2024-08-09,93.17,93.59,92.2,93.13,544900
2024-08-12,92.7,93.14,90.65,90.97,1429800
2024-08-13,90.94,92.48,90.75,91.99,1034700
2024-08-14,91.37,91.55,90.23,91.42,786600
2024-08-15,91.97,92.49,91.44,92.0,685300
2024-08-16,92.080002,94.25,91.91,94.14,785200
2024-08-19,94.4,95.36,93.93,95.22,845500
2024-08-20,95.15,96.61,94.94,95.89,947100
2024-08-21,95.88,95.94,92.44,93.66,1230800
2024-08-22,93.97,94.45,93.29,94.11,886900
2024-08-23,94.39,94.98,93.69,94.62,1614900
2024-08-26,94.78,95.38,93.97,94.45,1166400
2024-08-27,94.82,95.61,94.099998,94.35,1397800
2024-08-28,94.55,95.44,94.25,94.54,1231900
2024-08-29,104.099998,106.58,100.74,105.73,2658000
2024-08-30,106.38,106.95,104.5,105.73,1677100
2024-09-03,105.0,106.8,104.71,106.059998,1732000
2024-09-04,106.32,107.46,104.48,105.54,1585300
2024-09-05,105.65,107.36,104.59,106.5,1228700
2024-09-06,106.59,107.82,105.97,106.59,1235700
2024-09-09,106.61,108.68,106.07,108.029999,1137000
2024-09-10,108.11,108.53,107.26,108.34,857600
2024-09-11,108.050003,108.65,106.029999,108.51,897100
2024-09-12,108.35,109.6,107.69,108.86,1030800
2024-09-13,108.89,110.69,108.43,110.53,1287700
2024-09-16,111.0,112.38,110.66,111.23,885900
2024-09-17,111.19,112.18,109.38,109.83,881100
2024-09-18,110.080002,111.96,109.48,110.53,903700
2024-09-19,111.79,112.29,109.91,111.099998,987900
2024-09-20,110.38,111.010002,109.44,110.49,1914500
2024-09-23,110.51,111.0,109.35,109.81,705900
2024-09-24,110.25,110.5,109.07,109.85,961000
2024-09-25,110.21,110.21,108.29,108.41,1468800
2024-09-26,108.77,109.8,108.040001,109.54,811700
2024-09-27,110.080002,111.44,109.48,109.78,648100
2024-09-30,109.98,110.68,109.63,110.34,776700
2024-10-01,109.84,110.13,108.25,108.36,1193600
2024-10-02,107.54,108.88,106.77,107.8,1083000
2024-10-03,107.23,107.56,106.45,106.97,2004100
2024-10-04,107.37,108.059998,105.010002,105.92,1047400
2024-10-07,106.48,106.83,104.91,105.49,1151200
2024-10-08,105.18,105.94,105.059998,105.61,698700
2024-10-09,105.6,106.91,105.080002,106.8,444500
2024-10-10,105.49,106.51,105.49,106.3,674400
2024-10-11,106.53,107.22,106.15,106.74,892700
2024-10-14,106.93,107.75,106.73,107.68,521200
2024-10-15,107.46,109.37,107.46,108.55,829400
2024-10-16,108.53,109.029999,107.95,108.56,695800
2024-10-17,108.46,108.73,106.6,106.78,1193300
2024-10-18,106.78,108.55,106.54,108.26,733700
2024-10-21,107.95,108.38,106.6,106.72,765000
2024-10-22,106.4,106.48,105.21,105.83,1999700
2024-10-23,105.61,106.21,104.7,105.32,912400
2024-10-24,105.8,109.040001,105.45,107.3,3239600
2024-10-25,107.44,108.32,107.050003,107.82,3270400
2024-10-28,108.010002,108.010002,105.42,105.51,950900
2024-10-29,105.12,105.44,104.41,104.53,837100
2024-10-30,103.96,105.83,103.96,105.2,1414500
2024-10-31,105.029999,105.38,104.45,104.68,1131600
2024-11-01,104.92,106.26,104.92,105.85,715900
2024-11-04,106.059998,106.38,104.57,104.86,692400
2024-11-05,103.97,105.54,103.25,105.21,638500
2024-11-06,107.84,107.84,101.36,103.78,1245000
2024-11-07,104.37,104.37,102.25,103.33,1148600
2024-11-08,103.45,104.57,102.99,103.75,679200
2024-11-11,103.8,104.81,102.87,103.55,877700
2024-11-12,103.5,103.59,99.77,102.0,1798400
2024-11-13,102.38,103.89,101.62,101.88,1732100
2024-11-14,101.38,101.72,99.66,99.86,1323000
2024-11-15,100.4,100.96,98.93,99.63,1415100
2024-11-18,99.28,99.96,98.91,99.48,895900
2024-11-19,98.94,99.9,98.0,99.050003,887800
2024-11-20,98.7,99.19,97.98,99.080002,898900
2024-11-21,99.080002,100.040001,98.13,99.91,992400
2024-11-22,99.95,101.19,99.5,100.8,1140400
2024-11-25,101.76,103.32,101.47,102.4,3223600
2024-11-26,102.75,103.49,101.089996,102.64,1312100
2024-11-27,102.019997,103.55,101.78,103.43,1536000
2024-11-29,103.48,104.71,103.34,104.46,740300
2024-12-02,104.13,104.86,102.75,103.0,1777200
2024-12-03,102.74,104.0,101.4,103.29,1308100
2024-12-04,103.45,106.63,102.8,104.98,2071300
2024-12-05,103.57,104.47,103.019997,103.23,1850100
2024-12-06,99.39,101.53,97.24,98.7,3694000
2024-12-09,98.6,100.37,98.6,99.26,1724700
2024-12-10,99.6,100.080002,97.87,99.080002,1574500
2024-12-11,99.35,100.47,98.58,99.28,1186700
2024-12-12,99.41,99.41,96.63,96.72,1731900
2024-12-13,96.41,96.73,94.78,94.85,1779800
2024-12-16,94.76,96.14,93.85,93.98,1963200
2024-12-17,93.79,96.089996,93.42,94.49,1956000
2024-12-18,94.43,94.92,92.27,92.39,1550900
2024-12-19,92.35,92.72,91.22,91.93,1639300
2024-12-20,92.42,94.71,92.28,93.44,2784900
2024-12-23,92.72,93.44,91.91,92.52,990600
2024-12-24,92.2,92.81,91.39,92.81,451200
2024-12-26,92.26,92.69,91.94,92.61,775200
2024-12-27,91.85,92.81,91.7,92.34,671800
2024-12-30,92.080002,92.96,91.059998,91.43,835600
2024-12-31,91.54,92.57,91.23,91.93,817500
2025-01-02,92.57,92.62,90.36,90.66,976200
2025-01-03,90.69,91.91,90.43,91.79,764600
2025-01-06,91.79,93.38,91.74,93.010002,1231700
2025-01-07,92.86,94.85,92.34,92.69,1127800
2025-01-08,92.36,92.61,91.41,91.88,1107700
2025-01-10,90.77,91.71,89.43,90.31,1945200
2025-01-13,90.12,92.040001,89.07,91.28,1729300
2025-01-14,91.099998,91.46,88.63,89.11,1855000
2025-01-15,90.62,91.27,89.77,90.68,1897200
2025-01-16,90.27,92.56,90.22,92.040001,1384200
2025-01-17,92.68,93.82,92.29,93.27,1951000
2025-01-21,93.53,95.81,93.51,95.35,1674800
2025-01-22,95.35,96.33,94.62,95.18,1377700
2025-01-23,95.089996,95.86,94.019997,95.68,983000
2025-01-24,94.95,98.57,94.95,97.7,2270000
2025-01-27,97.74,100.24,97.74,99.45,2079000
2025-01-28,98.82,99.79,97.71,98.5,858100
2025-01-29,97.79,98.72,97.48,98.0,819100
2025-01-30,98.11,99.54,97.98,98.099998,951400
2025-01-31,97.88,97.95,96.4,96.55,1156000
2025-02-03,95.26,96.080002,93.81,95.34,1126700
2025-02-04,94.83,95.83,94.029999,95.3,867800
2025-02-05,96.29,97.21,95.52,96.67,640300
2025-02-06,96.57,96.78,94.74,95.29,853000
2025-02-07,95.019997,95.43,93.42,93.57,986800
2025-02-10,93.7,94.33,93.11,93.63,1130100
2025-02-11,92.91,93.75,92.78,93.45,681700
2025-02-12,92.099998,92.4,91.010002,92.0,880900
2025-02-13,92.75,94.17,92.26,93.68,1037800
2025-02-14,92.85,93.0,86.89,88.099998,3052900
2025-02-18,87.99,88.15,86.080002,87.29,1754800
2025-02-19,87.15,87.4,85.95,86.46,5215600
2025-02-20,86.73,88.91,86.35,88.69,1741200
2025-02-21,88.37,88.87,87.61,88.48,1564900
2025-02-24,88.54,90.88,88.44,90.059998,1736500
2025-02-25,90.17,90.5,88.97,90.26,1353600
2025-02-26,89.95,92.48,89.94,90.99,1076400
2025-02-27,89.97,90.79,89.69,89.87,1545900
2025-02-28,90.059998,90.65,88.8,90.38,1899100
2025-03-03,90.97,92.84,90.52,91.65,1660400
2025-03-04,91.57,91.77,89.55,90.67,2636100
2025-03-05,90.39,91.6,89.64,91.33,2078500
2025-03-06,90.53,91.59,90.080002,90.98,2924600
2025-03-07,86.18,86.44,82.61,85.0,5336900
2025-03-10,85.3,85.34,79.74,79.89,4074000
2025-03-11,80.93,81.8,78.43,81.029999,3370800
2025-03-12,81.67,81.76,79.019997,79.07,2938200
2025-03-13,78.92,78.92,77.050003,77.73,2044600
2025-03-14,78.080002,81.35,77.85,81.22,2436700
2025-03-17,81.26,81.61,79.62,79.91,2923800
2025-03-18,79.82,80.19,79.0,80.040001,1720000
2025-03-19,80.9,81.59,79.51,80.12,2779800
2025-03-20,80.12,81.83,79.99,80.39,1820900
2025-03-21,79.95,82.8,78.66,81.71,3706200
2025-03-24,82.16,84.67,82.16,84.07,2343400
2025-03-25,83.98,84.58,83.07,83.7,1670300
2025-03-26,83.67,84.42,82.76,83.86,1523400
2025-03-27,83.83,85.27,83.21,84.98,2256800
2025-03-28,84.54,85.099998,83.4,83.77,1736400
2025-03-31,83.59,84.95,83.099998,84.35,1776500
2025-04-01,84.19,84.19,81.17,81.27,2059100
2025-04-02,80.77,82.28,80.53,81.23,1813500
2025-04-03,79.94,80.96,77.91,78.17,2485000
2025-04-04,76.72,76.83,73.33,73.77,2661500
2025-04-07,73.71,75.5,70.8,73.31,2432500
2025-04-08,75.74,76.080002,70.51,71.5,1525300
2025-04-09,70.3,78.18,69.81,77.9,2701900
2025-04-10,77.6,77.6,72.88,75.37,2499800
2025-04-11,74.47,77.81,74.47,77.46,2672200
2025-04-14,77.92,79.040001,77.18,78.76,1906200
2025-04-15,78.99,78.99,77.31,77.8,1386300
2025-04-16,77.33,78.5,76.83,78.23,2561300
2025-04-17,78.45,79.77,77.98,79.51,2096500
2025-04-21,79.19,79.19,77.59,78.7,2258400
2025-04-22,79.64,80.040001,78.59,79.79,2200000
2025-04-23,80.95,82.58,79.95,80.84,1743100
2025-04-24,81.4,82.84,80.71,82.58,1123000
2025-04-25,82.34,82.53,80.68,80.89,1150400
2025-04-28,81.029999,83.24,80.66,81.85,1532100
2025-04-29,81.73,82.83,80.82,82.23,1298600
2025-04-30,81.58,81.85,79.86,81.67,1549400
2025-05-01,82.91,82.91,80.2,81.14,1387200
2025-05-02,82.6,83.42,81.59,82.3,1708600
2025-05-05,81.98,82.52,80.91,81.57,1901500
2025-05-06,81.5,82.36,80.54,80.57,1633100
2025-05-07,80.55,81.52,79.86,81.25,1412800
2025-05-08,81.059998,84.37,81.059998,82.92,1779300
2025-05-09,82.98,83.57,81.95,82.27,1265500
2025-05-12,84.3,85.23,83.69,84.44,1484700
2025-05-13,84.19,84.5,81.7,81.76,1568400
2025-05-14,81.42,82.15,78.98,80.47,2685400
2025-05-15,81.41,81.62,79.67,81.45,2673000
2025-05-16,81.88,82.97,80.8,82.92,1519700
2025-05-19,81.54,82.17,81.25,81.91,1620900
2025-05-20,81.55,82.040001,80.96,81.5,2115800
2025-05-21,80.95,81.26,79.33,79.37,1546600
2025-05-22,79.37,80.050003,78.84,79.3,2037400
2025-05-23,78.37,79.099998,78.16,78.83,1549000
2025-05-27,80.21,80.95,79.62,80.59,2684400
2025-05-28,80.010002,80.61,79.22,80.12,2434700
2025-05-29,80.74,80.78,79.47,79.96,4048400
2025-05-30,71.98,71.98,65.95,68.28,8292500
2025-06-02,68.37,68.64,65.68,67.0,5332000
2025-06-03,66.85,67.8,65.0,66.91,4138500
2025-06-04,67.0,68.19,66.41,67.42,3045000
2025-06-05,67.73,71.63,67.73,71.18,5056100
2025-06-06,71.84,72.97,71.68,72.33,4093500
2025-06-09,72.77,73.12,71.39,71.97,2581000
2025-06-10,72.34,73.47,72.0,72.69,1923600
2025-06-11,72.89,73.29,70.65,71.42,2293900
2025-06-12,71.5,71.73,70.62,70.88,1443000
2025-06-13,69.76,70.75,69.36,69.7,1573600
2025-06-16,69.91,70.58,69.35,69.74,2022300
2025-06-17,70.34,70.45,68.57,68.76,3224100
2025-06-18,68.82,70.29,67.98,69.81,3924600
2025-06-20,70.53,70.82,69.42,69.47,4618300
2025-06-23,69.2,69.72,68.12,69.52,4444700
2025-06-24,69.9,71.48,69.18,70.93,4258300
2025-06-25,70.58,70.74,69.45,69.54,1993500
2025-06-26,69.7,69.99,69.010002,69.69,1518900
2025-06-27,69.66,71.86,69.49,71.14,5274900
2025-06-30,71.22,71.67,70.58,71.16,2153500
2025-07-01,71.0,73.8,70.91,72.81,2583300
2025-07-02,72.66,73.39,72.32,73.019997,3396900
2025-07-03,73.41,73.92,72.77,73.3,1492300
2025-07-07,73.13,74.050003,72.82,73.29,3553200
2025-07-08,73.37,74.39,72.91,74.26,2786100
2025-07-09,74.26,75.31,73.61,74.95,3549100
2025-07-10,74.81,77.059998,74.44,76.7,2984000
2025-07-11,75.83,75.93,74.62,74.77,2517900
2025-07-14,74.8,75.18,73.38,73.61,2236000
2025-07-15,73.79,73.99,72.099998,72.2,2799900
2025-07-16,73.099998,73.83,72.15,72.7,4496600
2025-07-17,72.3,73.34,72.050003,73.26,2617000
2025-07-18,73.98,74.19,72.28,72.63,1870500
2025-07-21,72.74,72.87,71.3,71.32,2019200
2025-07-22,72.3,73.75,72.21,73.029999,2832500
2025-07-23,73.65,73.71,72.32,73.38,2648300
2025-07-24,73.24,73.89,72.75,73.8,2526700
2025-07-25,74.040001,74.73,73.52,74.59,1284900
2025-07-28,74.35,74.38,72.85,72.91,1019300
2025-07-29,73.029999,73.72,72.74,73.7,1080000
2025-07-30,73.75,73.85,71.89,72.28,1421900
2025-07-31,71.41,72.0,70.47,70.69,1494600
2025-08-01,70.5,71.0,69.58,70.87,1359100
2025-08-04,71.040001,71.61,70.99,71.45,1417000
2025-08-05,71.41,71.41,68.95,69.56,2162700
2025-08-06,69.55,69.89,68.089996,68.12,1805100
2025-08-07,68.85,69.89,68.17,69.2,1197600
2025-08-08,69.18,70.37,68.88,70.29,956200
2025-08-11,70.17,71.37,69.48,70.88,2105000
2025-08-12,71.22,72.83,70.79,72.69,1469400
2025-08-13,73.13,74.49,72.96,74.27,1450100
2025-08-14,73.63,73.81,72.73,73.44,1117500
2025-08-15,73.84,74.33,73.14,73.26,1397200
2025-08-18,73.46,74.2,72.72,73.53,1832700
2025-08-19,73.67,74.36,73.27,74.019997,1866300
2025-08-20,72.5,73.68,70.64,73.5,3098300
2025-08-21,72.93,73.73,72.64,73.040001,1712100
2025-08-22,73.84,75.54,73.65,75.22,1992200
2025-08-25,75.22,75.44,73.28,73.48,1619700
2025-08-26,73.48,73.79,72.93,73.66,4309300
2025-08-27,73.79,74.81,73.65,74.11,4098000
2025-08-28,62.27,66.83,61.78,64.58,14909500
2025-08-29,65.059998,67.55,64.82,67.4,4073100
2025-09-02,66.38,67.22,64.89,65.33,3775600
2025-09-03,66.25,67.28,65.55,67.14,3829400
2025-09-04,66.83,68.080002,65.97,68.0,3411900
2025-09-05,68.28,69.76,68.07,68.089996,2761000
2025-09-08,69.43,69.81,68.34,68.79,3557000
2025-09-09,68.31,68.48,67.46,68.25,2362900
2025-09-10,68.19,68.51,67.3,67.66,2397900
2025-09-11,67.67,68.73,67.67,68.46,1714700
2025-09-12,68.13,68.13,66.35,66.68,3147800
2025-09-15,66.88,67.33,65.36,65.48,2923600
2025-09-16,65.79,66.050003,64.86,65.16,1865800
2025-09-17,65.16,65.96,64.19,64.32,1955600
2025-09-18,65.85,67.37,64.84,67.22,2626000
2025-09-19,67.57,69.19,66.81,68.17,5454100
2025-09-22,67.68,68.4,66.84,68.0,2880000
2025-09-23,68.0,68.46,67.22,67.5,3007200
2025-09-24,67.26,68.41,66.86,68.35,2467700
2025-09-25,67.72,67.97,66.56,66.89,3943400
2025-09-26,66.95,67.81,66.59,67.55,2967100
2025-09-29,67.73,68.44,66.98,67.67,1995200
2025-09-30,67.64,68.67,67.38,68.56,1743300
2025-10-01,67.67,68.24,66.82,68.07,4741900
2025-10-02,67.86,69.7,66.84,69.12,2479900
2025-10-03,69.26,71.019997,69.18,70.46,1547200
2025-10-06,70.6,70.6,69.67,70.11,2098900
2025-10-07,70.21,70.53,68.96,69.019997,1881600
2025-10-08,69.050003,70.53,68.55,70.26,1770300
2025-10-09,70.12,70.83,69.59,69.75,2399100
2025-10-10,69.82,70.029999,67.83,68.37,2465900
2025-10-13,69.4,69.8,68.49,69.3,2971300
2025-10-14,68.72,71.98,68.36,71.21,2452400
2025-10-15,71.71,71.87,68.7,68.76,4759100
2025-10-16,69.25,72.16,68.49,71.56,5394400
2025-10-17,71.2,72.47,70.71,71.97,2372200
2025-10-20,76.019997,76.22,73.48,74.99,4088700
2025-10-21,74.67,75.64,74.42,75.0,2595400
2025-10-22,75.0,75.6,74.41,74.45,2002300
2025-10-23,74.4,74.96,73.49,74.52,1906100
2025-10-24,74.96,74.96,73.41,73.51,1772800
2025-10-27,73.51,73.57,72.32,72.85,2696600
2025-10-28,72.55,72.82,71.47,71.75,1512600
2025-10-29,71.66,72.91,69.37,69.58,2550000
2025-10-30,69.71,70.84,69.38,70.11,2398500
2025-10-31,69.49,70.29,69.21,69.91,1274100
2025-11-03,69.65,69.9,68.48,69.82,1881400
2025-11-04,69.76,70.12,69.029999,69.080002,1661500
2025-11-05,68.86,69.99,68.34,68.88,2450000
2025-11-06,68.81,69.26,67.2,69.0,1722800
2025-11-07,69.11,70.23,68.13,70.099998,1354100
2025-11-10,70.099998,70.94,69.69,70.72,1640700
2025-11-11,71.27,71.96,71.080002,71.74,1122100
2025-11-12,72.25,73.39,71.55,72.49,1960800
2025-11-13,71.43,72.74,70.89,71.75,2754600
2025-11-14,71.17,72.25,70.64,72.13,2599000
2025-11-17,71.52,72.58,70.83,71.35,3205200
2025-11-18,71.68,72.73,71.2,72.2,2788500
2025-11-19,72.2,73.48,71.18,72.15,3505400
2025-11-20,72.28,73.27,71.010002,71.11,2343600
2025-11-21,71.72,76.080002,71.44,75.47,3811400
2025-11-24,75.48,76.52,74.89,76.010002,4963200
2025-11-25,76.36,78.49,76.089996,78.21,2403400
2025-11-26,77.92,78.69,77.49,77.94,3789600
2025-11-28,77.84,78.49,77.49,77.93,1398800
2025-12-01,77.58,78.48,77.07,77.41,3558500
2025-12-02,77.44,77.66,75.25,75.84,4079900
2025-12-03,75.37,76.84,75.36,75.98,3974200
2025-12-04,76.050003,77.58,75.77,77.029999,5125400
2025-12-05,89.66,89.83,80.89,81.4,10745800
2025-12-08,81.7,81.7,77.7,78.040001,4170800
2025-12-09,78.18,79.38,77.64,78.51,3878100
2025-12-10,78.45,81.12,78.18,80.74,3500200
2025-12-11,81.28,82.19,80.84,82.11,2550200
2025-12-12,82.28,82.92,81.54,82.080002,3308500
2025-12-15,82.16,82.66,80.81,81.53,2414500
2025-12-16,81.79,81.89,80.24,81.040001,2061100
2025-12-17,82.63,84.25,82.23,82.48,3629100
2025-12-18,82.8,83.31,81.92,82.46,3336700
2025-12-19,82.57,83.080002,82.080002,82.75,3587800
2025-12-22,83.38,84.18,82.61,83.84,1964300
2025-12-23,83.45,83.61,82.56,82.88,1609500
2025-12-24,83.61,83.64,82.29,82.57,728500
2025-12-26,82.7,83.0,81.96,82.62,1237200
2025-12-29,82.58,82.66,81.93,82.2,1989400
2025-12-30,82.089996,82.64,81.89,82.47,2330700
2025-12-31,82.13,82.52,81.86,81.96,1059000
2026-01-02,82.089996,82.44,80.8,81.11,2229600
2026-01-05,81.099998,83.39,80.23,82.74,1664700
2026-01-06,83.14,84.48,82.94,84.32,2396400
2026-01-07,84.32,85.040001,83.25,83.9,3377900
2026-01-08,82.87,84.26,82.7,83.13,2472600
2026-01-09,83.13,83.88,82.11,83.45,2514900
2026-01-12,84.0,84.36,82.94,83.23,3274100
2026-01-13,83.5,84.050003,81.19,81.7,1623200
2026-01-14,81.43,81.96,80.11,81.69,2695500
2026-01-15,81.88,82.47,80.69,82.31,2427700
2026-01-16,82.31,82.74,81.98,82.37,3500900
2026-01-20,81.26,81.65,80.24,80.61,2605500
2026-01-21,81.35,83.099998,81.15,82.54,1591300
2026-01-22,82.23,83.79,82.23,82.8,2792600
2026-01-23,82.27,82.52,80.82,81.29,1459600
2026-01-26,81.52,81.61,80.53,80.9,1331700
2026-01-27,80.38,81.31,80.0,80.7,1461400
2026-01-28,80.76,81.19,80.089996,80.48,1123700
2026-01-29,80.86,81.010002,79.61,80.37,2040000
2026-01-30,80.37,81.55,80.29,81.38,1680300
2026-02-02,81.24,81.37,79.7,80.65,1803100
2026-02-03,80.39,81.83,78.79,79.33,1050800
2026-02-04,80.16,82.11,79.53,80.92,1803100
2026-02-05,80.95,81.48,79.76,80.099998,1796200
2026-02-06,80.42,82.18,80.22,82.099998,1508300
2026-02-09,81.5,81.74,80.34,81.48,1515200
2026-02-10,81.78,83.2,81.47,81.57,3453400
2026-02-11,81.73,83.07,80.51,83.050003,1472700
2026-02-12,83.24,83.24,80.99,81.7,1716100
2026-02-13,82.019997,84.23,82.019997,82.99,2177000
2026-02-17,83.13,83.76,81.22,81.94,1763100
2026-02-18,81.77,83.56,81.19,83.4,1580200
2026-02-19,83.21,83.7,82.55,83.68,1252200
2026-02-20,83.55,84.62,83.12,84.07,1389600
2026-02-23,83.15,84.43,81.97,82.94,2338700
2026-02-24,82.84,83.72,82.56,83.56,1634600
2026-02-25,83.56,83.66,82.099998,83.47,2322500
2026-02-26,83.43,84.22,83.080002,84.010002,1363400
2026-02-27,83.11,84.099998,82.77,83.67,1758900
2026-03-02,83.59,84.089996,82.12,83.92,1689100
2026-03-03,82.41,83.98,81.26,83.37,1324000
2026-03-04,82.61,83.36,81.040001,81.98,2661200
2026-03-05,80.77,81.94,79.68,80.2,2479000
2026-03-06,77.0,78.11,75.0,76.55,5306700
2026-03-09,75.27,76.18,72.76,75.82,3723000
2026-03-10,76.0,76.010002,74.28,74.41,2249200
2026-03-11,73.99,74.65,72.73,73.75,2686600
2026-03-12,72.88,73.15,70.22,71.52,3095200
2026-03-13,71.78,72.099998,69.84,69.92,1918400
2026-03-16,70.42,71.54,69.83,71.040001,2154100
2026-03-17,71.71,73.07,71.38,72.050003,1723000
2026-03-18,71.07,72.28,71.050003,71.17,1764200
2026-03-19,70.7,71.5,70.059998,70.71,1925700
2026-03-20,70.8,70.84,69.33,69.96,2498800
2026-03-23,71.46,72.050003,69.93,70.24,1784200
2026-03-24,70.050003,71.33,69.17,70.49,1275700
2026-03-25,71.6,72.0,69.98,71.45,2049800
2026-03-26,71.19,72.55,71.19,71.54,1416500
2026-03-27,71.41,71.41,69.52,69.77,1638100
2026-03-30,70.36,70.36,69.059998,69.31,1761000
2026-03-31,70.040001,71.74,69.52,71.5,1858800
2026-04-01,71.83,72.39,71.15,71.43,1763900
2026-04-02,70.7,71.87,69.34,70.17,2049600
2026-04-06,69.98,70.77,69.63,70.29,2879700
2026-04-07,70.099998,70.3,68.7,69.66,2186000
2026-04-08,72.2,72.23,71.11,71.73,2235900
2026-04-09,71.14,71.85,70.080002,71.46,1277300
2026-04-10,71.96,72.13,71.050003,71.21,1471800
2026-04-13,70.74,71.8,69.83,71.7,1437200
2026-04-14,71.87,72.63,71.25,71.61,1671000
2026-04-15,71.61,71.79,69.75,70.29,1673700
2026-04-16,70.34,70.97,69.29,69.38,2141900
2026-04-17,70.32,71.3,69.83,70.059998,2655000
2026-04-20,69.45,70.3,69.28,69.46,1480000
2026-04-21,69.89,69.89,67.089996,67.3,1684000
2026-04-22,67.46,68.019997,66.85,66.92,2223400
2026-04-23,66.93,67.16,64.4,64.95,2577100
2026-04-24,64.73,64.8,63.72,64.42,2300300
2026-04-27,64.44,65.29,64.2,64.34,2064500
2026-04-28,64.73,64.9,62.93,63.09,2470800
2026-04-29,62.79,63.44,60.64,61.34,2567600
2026-04-30,61.53,63.4,61.25,62.9,3097600
2026-05-01,62.9,62.9,61.75,62.36,1981500
2026-05-04,61.95,62.87,61.24,61.52,1565200
2026-05-05,61.52,61.93,60.71,61.25,2940600
2026-05-06,61.5,61.71,60.0,61.12,3332700
2026-05-07,61.62,61.81,60.8,61.11,2096200
2026-05-08,61.21,61.47,59.68,60.0,2150900
2026-05-11,60.17,60.42,58.91,58.98,1697200
2026-05-12,59.19,60.36,58.89,59.95,2818300
2026-05-13,59.46,60.32,59.060001,59.47,2247900
2026-05-14,59.96,60.92,59.66,60.38,2180100
2026-05-15,60.51,61.049999,59.57,59.61,2081300
2026-05-18,59.74,61.33,59.62,60.94,2728700
2026-05-19,61.09,62.25,60.34,61.45,1684300
2026-05-20,61.26,62.2,60.43,61.75,3730600
2026-05-21,61.5,63.13,60.74,62.85,2273700
2026-05-22,62.49,63.32,62.19,62.55,1536700
2026-05-26,62.56,62.73,61.98,62.029999,2000200
2026-05-27,61.94,62.3,60.55,60.8,2032900
2026-05-28,60.39,61.38,60.0,61.040001,2156400
2026-05-29,60.83,61.86,60.5,61.21,5714700
2026-06-01,60.59,60.83,59.35,60.19,4245100
2026-06-02,60.080002,60.15,59.14,59.49,4196200
2026-06-03,60.25,60.58,59.59,60.34,4001900
2026-06-04,61.09,62.98,61.09,62.02,4059700
2026-06-05,65.24,67.61,65.0,67.34,9091100
2026-06-08,66.18,68.18,65.59,66.79,6932500
2026-06-09,67.11,69.0,66.2,68.62,4484400
2026-06-10,68.62,68.67,67.54,67.69,3014500
2026-06-11,67.58,67.94,66.059998,67.51,3245100
2026-06-12,68.089996,68.18,66.41,67.88,1972500
2026-06-15,68.22,68.65,67.56,67.76,2641500
2026-06-16,67.92,68.4,67.29,67.35,2511600
2026-06-17,66.18,67.22,64.94,65.050003,3976900
2026-06-18,64.97,66.23,64.97,65.91,3802100
2026-06-22,65.46,66.28,64.99,65.42,3175800
2026-06-23,66.019997,66.69,65.63,66.15,2768000
2026-06-24,66.7,69.25,66.4,68.83,3525000
2026-06-25,69.39,71.32,69.32,70.64,3267200
2026-06-26,69.48,72.15,69.29,71.019997,3489800
2026-06-29,70.64,71.47,70.34,71.39,2821100
2026-06-30,71.36,72.059998,70.36,71.71,3907600
2026-07-01,72.31,73.53,71.74,71.95,5040400
2026-07-02,72.85,74.45,72.33,74.2,3259700
2026-07-06,74.15,74.15,71.65,72.61,2623400
2026-07-07,73.77,74.33,71.84,71.89,2195400
2026-07-08,71.0,71.27,69.24,69.61,3099500
2026-07-09,69.84,71.089996,69.39,71.019997,2634800
2026-07-10,70.8,71.39,70.44,70.7,1413100
2026-07-13,71.089996,71.85,70.71,71.32,1723300
2026-07-14,69.9,70.39,68.37,68.51,2191700
2026-07-15,68.71,71.6,68.6,70.6,1945600
2026-07-16,71.5,73.38,71.3,73.099998,1896300
2026-07-17,73.099998,73.95,71.45,71.71,1666900
2026-07-20,71.39,71.83,70.77,71.59,2527400
2026-07-21,70.61,71.61,70.2,71.010002,2260700
2026-07-22,71.94,71.94,70.16,70.5,1599800
2026-07-23,70.11,70.74,69.6,70.23,2048300
2026-07-24,70.61,70.9,70.2,70.31,1466600
2026-07-27,70.82,71.63,70.26,70.29,2199600
2026-07-28,71.38,72.64,71.07,72.059998,1772800
2026-07-29,71.5,73.089996,71.43,73.059998,1739200
2026-07-30,73.059998,73.099998,71.78,72.65,1407100
2026-07-31,71.95,72.51,71.15,72.32,2518500
2026-08-03,73.38,74.85,73.38,74.23,2811200
2026-08-04,73.91,74.8,73.27,74.69,1970000
2026-08-05,74.75,75.019997,73.82,74.84,1507700
2026-08-06,75.0,75.13,73.23,73.32,1932100
2026-08-07,73.050003,74.58,72.65,74.23,1561700
2026-08-10,74.23,76.6,74.2,76.32,2386000
2026-08-11,76.32,77.42,76.2,76.82,1677400
2026-08-12,76.34,77.19,75.37,76.73,2953300
2026-08-13,77.26,77.64,76.38,76.6,1387500
2026-08-14,76.87,76.87,76.080002,76.17,887100
2026-08-17,75.57,76.14,75.010002,75.099998,1928100
2026-08-18,76.089996,76.69,75.64,75.76,1887100
2026-08-19,76.4,78.11,75.84,76.73,1384000
2026-08-20,76.47,77.089996,76.11,76.16,1085300
2026-08-21,76.18,76.6,75.61,76.22,1554100
2026-08-24,76.14,76.58,75.62,75.8,1140700
2026-08-25,75.42,75.71,72.92,73.040001,1430700
2026-08-26,72.62,72.93,72.22,72.68,1560100
2026-08-27,71.9,72.080002,70.7,70.96,1519900
2026-08-28,71.18,71.5,70.66,71.17,1011300
2026-08-31,70.49,70.76,69.64,70.089996,2156700
2026-09-01,70.26,70.8,69.080002,69.28,1362800
2026-09-02,69.31,71.07,69.28,69.73,1583400
2026-09-03,69.89,70.675,69.08,70.635,80762
