date,open,high,low,close,volume
2006-10-18,24.43,24.64,24.1,24.18,36313200
2006-10-19,24.01,24.24,23.73,24.16,48336400
2006-10-20,24.2,24.58,23.95,24.55,48070200
2006-10-23,24.45,24.64,24.27,24.43,48564000
2006-10-24,24.37,24.54,24.16,24.34,29854800
2006-10-25,24.23,24.42,24.09,24.29,38940300
2006-10-26,24.34,24.36,23.96,24.19,34273600
2006-10-27,24.11,24.19,23.63,23.72,43007600
2006-10-30,23.52,24.030001,23.27,23.9,43630700
2006-10-31,24.16,24.39,24.02,24.13,45209900
2006-11-01,24.34,24.45,23.95,24.1,50207200
2006-11-02,23.98,24.14,23.9,24.049999,38778500
2006-11-03,24.01,24.030001,23.56,23.77,39342200
2006-11-06,24.14,24.85,24.12,24.68,74537100
2006-11-07,24.82,25.01,24.57,24.84,76090900
2006-11-08,24.67,25.39,24.5,25.1,124079100
2006-11-09,27.44,27.44,26.65,26.71,198731600
2006-11-10,26.67,26.98,26.56,26.74,59171800
2006-11-13,26.75,26.8,26.52,26.68,49334500
2006-11-14,26.7,26.74,26.41,26.64,48229900
2006-11-15,26.62,26.75,26.5,26.6,47325100
2006-11-16,26.75,27.32,26.73,27.15,65702600
2006-11-17,26.99,27.059999,26.79,26.93,44484400
2006-11-20,26.98,27.14,26.72,27.11,42390600
2006-11-21,27.17,27.18,26.73,26.8,45030100
2006-11-22,26.93,26.99,26.75,26.91,27148000
2006-11-24,26.7,26.88,26.24,26.84,13474600
2006-11-27,26.76,26.89,25.73,25.8,63803200
2006-11-28,25.62,27.13,25.59,27.030001,108606500
2006-11-29,27.049999,27.3,26.9,27.08,68137400
2006-11-30,27.02,27.049999,26.8,26.91,45935300
2006-12-01,26.95,27.08,26.45,26.69,47014700
2006-12-04,26.94,27.57,26.86,27.25,68450100
2006-12-05,27.4,27.44,27.0,27.040001,43080300
2006-12-06,27.12,27.27,26.95,27.09,34092600
2006-12-07,27.2,27.3,26.88,26.88,31417900
2006-12-08,26.88,27.15,26.75,26.98,29495600
2006-12-11,26.9,27.48,26.85,27.11,43035200
2006-12-12,27.12,27.4,26.76,27.08,43065500
2006-12-13,27.34,27.35,26.93,27.25,43170100
2006-12-14,27.22,27.44,27.18,27.31,39441600
2006-12-15,27.43,27.77,27.33,27.56,66987100
2006-12-18,27.6,27.96,27.43,27.61,46255800
2006-12-19,27.47,27.76,27.3,27.63,38603100
2006-12-20,27.68,27.7,27.38,27.39,31825400
2006-12-21,27.5,27.6,27.22,27.29,32398900
2006-12-22,27.34,27.42,26.93,26.93,27400500
2006-12-26,27.040001,27.33,26.85,27.19,18185700
2006-12-27,27.3,27.5,26.83,27.3,25675600
2006-12-28,27.29,27.58,27.25,27.42,34817800
2006-12-29,27.33,27.63,27.29,27.33,27125900
2007-01-03,27.46,27.98,27.33,27.73,64226000
2007-01-04,27.68,28.49,27.54,28.46,73012100
2007-01-05,28.44,28.57,28.049999,28.47,62647800
2007-01-08,28.54,28.74,28.32,28.63,47936500
2007-01-09,28.72,28.75,28.31,28.47,50488300
2007-01-10,28.27,28.73,28.21,28.68,50632400
2007-01-11,28.77,28.99,28.61,28.69,54602200
2007-01-12,28.54,28.97,28.45,28.92,54588000
2007-01-16,28.59,28.59,28.0,28.040001,75551500
2007-01-17,27.86,28.0,26.89,26.98,108858000
2007-01-18,27.13,27.15,26.27,26.45,80498300
2007-01-19,26.45,26.85,26.42,26.7,62266800
2007-01-22,26.75,26.8,26.15,26.53,69421400
2007-01-23,26.37,26.72,26.030001,26.040001,67695900
2007-01-24,26.23,26.95,26.19,26.89,63817000
2007-01-25,26.93,26.95,26.16,26.22,55317400
2007-01-26,26.16,26.54,25.76,26.35,64449600
2007-01-29,26.29,26.47,26.0,26.21,51536100
2007-01-30,26.29,26.34,26.030001,26.25,45030400
2007-01-31,26.19,26.81,26.049999,26.62,60517900
2007-02-01,26.67,26.99,26.36,26.59,55597200
2007-02-02,26.91,27.18,26.6,27.14,59427500
2007-02-05,27.42,27.67,27.23,27.51,61115800
2007-02-06,27.75,27.78,27.12,27.28,105179400
2007-02-07,28.62,28.85,28.08,28.09,128470500
2007-02-08,27.9,28.35,27.8,28.14,55285200
2007-02-09,28.059999,28.15,27.48,27.71,50559800
2007-02-12,27.62,27.75,27.42,27.54,39247500
2007-02-13,27.66,27.73,27.01,27.18,59367700
2007-02-14,27.26,27.65,27.15,27.46,48659900
2007-02-15,27.59,27.81,27.45,27.56,36506000
2007-02-16,27.48,27.55,27.36,27.52,34920100
2007-02-20,27.56,28.0,27.28,27.66,40816100
2007-02-21,27.32,27.61,27.3,27.38,35555600
2007-02-22,27.52,27.61,27.22,27.4,40347700
2007-02-23,27.35,27.67,27.35,27.51,40647000
2007-02-26,27.64,27.7,27.02,27.24,37742200
2007-02-27,26.75,26.95,25.44,25.71,78613400
2007-02-28,25.8,26.25,25.75,25.94,63725500
2007-03-01,25.4,26.25,25.07,25.85,70349100
2007-03-02,25.69,25.97,25.15,25.3,68604200
2007-03-05,25.02,25.75,24.82,25.46,60022300
2007-03-06,25.79,26.07,25.7,25.96,51801300
2007-03-07,25.91,26.12,25.58,25.87,65487300
2007-03-08,26.17,26.43,26.07,26.15,43868500
2007-03-09,26.42,26.49,25.94,26.08,39302700
2007-03-12,25.98,26.25,25.89,26.17,29173700
2007-03-13,26.0,26.23,25.47,25.5,58047500
2007-03-14,25.5,25.88,25.26,25.85,53373200
2007-03-15,25.7,25.93,25.62,25.81,38348800
2007-03-16,25.79,26.07,25.73,25.99,49897100
2007-03-19,26.19,26.37,26.0,26.3,37540300
2007-03-20,26.33,26.48,26.1,26.34,43996700
2007-03-21,26.4,26.79,26.059999,26.79,44297700
2007-03-22,26.76,26.79,26.36,26.37,37075400
2007-03-23,26.45,26.58,26.19,26.19,31198200
2007-03-26,26.23,26.35,25.81,26.34,44659700
2007-03-27,26.15,26.24,25.85,25.93,39229400
2007-03-28,25.79,27.0,25.57,25.7,42165000
2007-03-29,25.92,25.97,25.16,25.43,56818400
2007-03-30,25.43,25.65,25.11,25.53,38922900
2007-04-02,25.67,25.73,25.31,25.4,33519000
2007-04-03,25.54,26.07,25.44,25.85,45485100
2007-04-04,25.95,26.22,25.88,26.1,39936300
2007-04-05,26.02,26.17,25.9,26.059999,29372100
2007-04-09,26.12,26.35,26.11,26.2,28169500
2007-04-10,26.1,26.18,25.78,25.99,38575000
2007-04-11,25.97,26.14,25.64,25.79,42709700
2007-04-12,25.78,26.07,25.63,25.97,28071900
2007-04-13,25.92,26.95,25.64,26.68,83160800
2007-04-16,26.67,26.93,26.48,26.62,51863700
2007-04-17,26.68,27.12,26.56,26.84,59262500
2007-04-18,26.66,26.99,26.5,26.87,32158000
2007-04-19,26.59,26.75,26.47,26.68,29165200
2007-04-20,27.049999,27.1,26.75,26.99,42547500
2007-04-23,26.91,26.94,26.5,26.58,38480700
2007-04-24,26.65,26.66,26.059999,26.33,53272500
2007-04-25,26.53,26.87,26.22,26.78,45166800
2007-04-26,26.82,27.16,26.54,26.55,50933500
2007-04-27,26.51,27.049999,26.49,27.030001,45157900
2007-04-30,27.0,27.2,26.74,26.74,50368000
2007-05-01,26.87,27.030001,26.56,26.86,46221200
2007-05-02,27.030001,27.75,27.02,27.67,57237400
2007-05-03,27.76,27.94,27.56,27.7,37016600
2007-05-04,27.94,28.0,27.8,27.91,45872300
2007-05-07,27.96,27.97,27.76,27.81,46411700
2007-05-08,27.78,28.48,27.64,28.36,98226500
2007-05-09,27.02,27.09,26.44,26.51,151576700
2007-05-10,26.37,26.77,26.26,26.29,59524200
2007-05-11,26.44,26.65,26.35,26.63,39094200
2007-05-14,26.62,26.65,26.12,26.29,50552200
2007-05-15,26.36,26.49,26.08,26.13,43053100
2007-05-16,26.3,26.49,26.13,26.48,38666800
2007-05-17,26.3,26.62,26.25,26.28,37058100
2007-05-18,26.36,26.41,26.16,26.21,40781200
2007-05-21,26.21,26.54,26.19,26.4,43044700
2007-05-22,26.38,26.5,26.26,26.37,40002600
2007-05-23,26.41,26.43,25.88,25.97,54835900
2007-05-24,26.01,26.059999,25.33,25.4,67814900
2007-05-25,25.54,25.68,25.4,25.52,42654600
2007-05-29,25.59,26.0,25.55,25.9,39918300
2007-05-30,25.69,26.4,25.6,26.39,55932300
2007-05-31,26.74,26.99,26.49,26.92,76344400
2007-06-01,26.95,27.4,26.83,26.86,47539400
2007-06-04,26.72,27.049999,26.65,27.01,32524500
2007-06-05,26.86,27.3,26.86,27.2,59452300
2007-06-06,26.98,27.08,26.47,26.6,42858600
2007-06-07,26.45,26.6,25.84,25.85,68232400
2007-06-08,25.88,26.51,25.84,26.48,47289500
2007-06-11,26.29,26.53,26.27,26.32,24508400
2007-06-12,26.12,26.53,26.030001,26.059999,49529900
2007-06-13,26.22,26.53,25.86,26.53,43020100
2007-06-14,26.53,26.97,26.51,26.83,39936800
2007-06-15,27.040001,27.4,26.88,27.39,74476400
2007-06-18,27.39,27.4,27.040001,27.21,45438500
2007-06-19,27.1,27.4,26.88,27.3,42405200
2007-06-20,27.38,27.7,27.14,27.2,62296300
2007-06-21,27.18,27.44,26.91,27.32,50549100
2007-06-22,27.17,27.49,26.85,26.92,53207100
2007-06-25,26.84,27.35,26.75,27.030001,44086600
2007-06-26,27.29,27.49,26.99,27.15,53507400
2007-06-27,26.95,27.3,26.85,27.27,38389500
2007-06-28,27.71,28.4,27.57,27.85,77966700
2007-06-29,27.98,28.059999,27.65,27.85,44996100
2007-07-02,28.02,28.059999,27.79,27.89,36955200
2007-07-03,27.97,28.1,27.81,28.1,22459300
2007-07-05,28.059999,28.38,27.94,28.37,38774800
2007-07-06,28.34,28.5,28.24,28.47,34530200
2007-07-09,28.43,28.5,28.35,28.45,33283200
2007-07-10,28.18,28.48,28.1,28.31,39571700
2007-07-11,28.14,28.8,28.13,28.76,42390300
2007-07-12,28.89,29.97,27.56,29.8,91906700
2007-07-13,29.52,29.96,29.5,29.89,56273400
2007-07-16,29.72,30.0,29.72,29.89,44305500
2007-07-17,29.85,29.98,29.6,29.73,37508500
2007-07-18,29.45,29.55,28.88,29.44,47968900
2007-07-19,29.85,30.0,29.81,29.94,53279800
2007-07-20,29.94,29.94,29.4,29.59,45824600
2007-07-23,29.73,30.39,29.68,30.26,63484100
2007-07-24,29.95,30.36,29.58,29.76,69577300
2007-07-25,30.0,30.24,29.65,29.91,53082100
2007-07-26,29.49,29.95,29.08,29.67,75708200
2007-07-27,29.73,29.85,28.94,28.97,65845500
2007-07-30,29.01,29.56,28.63,29.49,44467000
2007-07-31,29.82,29.86,28.91,28.91,53750200
2007-08-01,28.77,29.82,28.75,29.77,60419600
2007-08-02,29.72,30.21,29.67,30.13,57743600
2007-08-03,30.0,30.13,29.44,29.46,51310500
2007-08-06,29.59,29.7,28.9,29.5,71355300
2007-08-07,29.52,29.86,28.93,29.69,80731400
2007-08-08,31.13,32.25,31.0,31.68,193438400
2007-08-09,31.2,32.47,31.18,31.4,102385500
2007-08-10,31.0,31.5,30.84,31.39,82953500
2007-08-13,31.57,31.6,30.78,30.83,76475600
2007-08-14,30.98,31.17,30.08,30.26,86429500
2007-08-15,30.15,30.74,29.89,29.92,67216700
2007-08-16,29.78,30.049999,28.58,29.3,103117900
2007-08-17,30.01,30.46,29.56,29.99,78478700
2007-08-20,29.93,30.31,29.52,29.76,50697300
2007-08-21,29.76,30.3,29.69,30.1,39863000
2007-08-22,30.45,30.47,29.91,30.26,39826300
2007-08-23,30.49,30.62,30.059999,30.27,38032000
2007-08-24,30.2,30.75,30.07,30.73,33962000
2007-08-27,30.51,31.25,30.51,31.1,43417300
2007-08-28,30.86,31.1,30.39,30.41,41973100
2007-08-29,30.54,31.02,30.49,31.0,39609200
2007-08-30,30.82,31.97,30.76,31.43,56344200
2007-08-31,31.87,31.98,31.67,31.92,39064400
2007-09-04,31.94,32.5,31.75,32.32,54173800
2007-09-05,32.099998,32.29,31.92,32.22,53359500
2007-09-06,32.37,32.44,31.73,31.84,45735000
2007-09-07,31.43,31.77,31.09,31.52,60757200
2007-09-10,31.69,32.0,31.22,31.74,40171900
2007-09-11,31.96,32.17,31.73,32.16,33080800
2007-09-12,32.07,32.12,31.73,31.78,35091700
2007-09-13,31.96,32.040001,31.4,31.51,33575600
2007-09-14,31.43,31.69,31.15,31.56,31407400
2007-09-17,31.33,31.75,31.25,31.5,29943700
2007-09-18,31.58,32.040001,31.41,32.040001,56188700
2007-09-19,32.23,32.48,32.049999,32.09,49602000
2007-09-20,31.99,32.39,31.91,32.21,33397100
2007-09-21,32.56,32.56,32.19,32.3,56843000
2007-09-24,32.22,32.43,31.75,31.88,41171000
2007-09-25,31.75,32.53,31.65,32.44,47893500
2007-09-26,32.65,33.0,32.6,32.99,64886200
2007-09-27,33.02,33.29,32.85,33.23,38079100
2007-09-28,33.14,33.38,32.97,33.13,33792100
2007-10-01,33.0099983,33.33,32.97,32.99,42086900
2007-10-02,33.0,33.13,32.87,33.0099983,31426300
2007-10-03,32.9,32.97,32.43,32.45,37321200
2007-10-04,32.59,32.68,31.88,32.15,50560900
2007-10-05,32.34,32.81,32.26,32.65,36316300
2007-10-08,32.53,32.9,32.51,32.71,19355200
2007-10-09,32.8,33.09,32.65,33.080002,32963800
2007-10-10,33.39,33.5,33.15,33.27,36917700
2007-10-11,33.38,33.6,32.6,32.8,45218400
2007-10-12,32.83,33.12,32.75,32.92,29083700
2007-10-15,32.92,33.14,32.51,32.79,34711500
2007-10-16,32.41,32.5,31.85,32.29,51867400
2007-10-17,32.7,32.74,31.91,32.46,38775000
2007-10-18,32.19,32.93,32.18,32.68,33165700
2007-10-19,32.62,32.63,31.4,31.5,60430500
2007-10-22,31.1,31.47,30.95,31.37,41887400
2007-10-23,31.35,31.58,30.09,31.54,50306400
2007-10-24,31.17,31.36,30.52,31.26,48647400
2007-10-25,31.37,31.88,31.049999,31.18,41326500
2007-10-26,31.81,32.099998,31.31,31.9,42232000
2007-10-29,32.25,32.49,32.0,32.41,34941700
2007-10-30,32.26,32.95,32.13,32.61,39989100
2007-10-31,32.94,33.19,32.49,33.060001,54876500
2007-11-01,32.84,33.25,32.13,32.18,49818300
2007-11-02,32.4,32.71,32.11,32.51,53250400
2007-11-05,32.64,33.25,32.38,33.080002,69607200
2007-11-06,33.45,34.24,33.41,34.080002,91068600
2007-11-07,34.040001,34.09,32.54,32.75,138236000
2007-11-08,30.41,31.09,29.51,29.63,192353700
2007-11-09,29.059999,29.28,28.15,28.58,120564300
2007-11-12,28.83,29.79,28.79,29.11,89644700
2007-11-13,29.61,30.15,29.11,30.14,64869800
2007-11-14,30.42,30.44,29.55,29.71,61079800
2007-11-15,29.5,29.68,29.059999,29.3,59934000
2007-11-16,29.85,30.1,29.45,29.94,53853200
2007-11-19,29.76,29.99,29.28,29.43,43526000
2007-11-20,29.44,29.84,28.49,29.040001,63284000
2007-11-21,28.38,28.75,28.11,28.25,53953700
2007-11-23,28.44,28.78,28.14,28.69,22126300
2007-11-26,28.76,28.79,27.42,27.5,84568600
2007-11-27,27.63,27.98,26.92,27.49,70141600
2007-11-28,27.9,28.44,27.8,28.049999,71609300
2007-11-29,27.81,28.28,27.79,28.15,42602000
2007-11-30,28.4,28.41,27.68,28.02,65641700
2007-12-03,28.0,28.24,27.53,27.57,52984900
2007-12-04,27.46,27.5,26.82,26.96,71486400
2007-12-05,27.44,27.81,27.12,27.48,66642200
2007-12-06,27.65,27.95,27.5,27.79,53056600
2007-12-07,27.98,28.030001,27.44,27.45,56313400
2007-12-10,27.68,28.0,27.42,27.66,58231300
2007-12-11,27.82,28.99,27.8,28.02,90163900
2007-12-12,28.92,29.44,28.37,28.8,86656700
2007-12-13,28.88,29.54,28.82,29.059999,55224800
2007-12-14,28.99,29.64,28.51,28.65,53644700
2007-12-17,28.59,28.65,27.92,27.95,43977000
2007-12-18,28.14,28.47,27.58,28.15,49890100
2007-12-19,28.14,28.5,27.97,28.19,33411700
2007-12-20,28.6,28.62,28.16,28.28,47296000
2007-12-21,28.66,29.0,28.42,28.6,69126500
2007-12-24,28.68,28.95,28.62,28.72,16474100
2007-12-26,28.65,28.69,28.2,28.38,35458200
2007-12-27,28.16,28.38,27.68,27.79,46568900
2007-12-28,27.95,28.2,27.23,27.56,46861200
2007-12-31,27.25,27.5,27.0,27.07,60736600
2008-01-02,27.0,27.3,26.21,26.54,64338900
2008-01-03,26.4,27.02,26.3,26.75,50360100
2008-01-04,26.37,26.93,26.01,26.12,56897400
2008-01-07,26.1,26.38,25.68,26.13,54431100
2008-01-08,26.36,26.79,25.42,25.43,61248800
2008-01-09,25.59,26.3,25.53,26.24,66475800
2008-01-10,26.059999,26.45,25.8,26.24,55332800
2008-01-11,25.96,26.25,25.65,25.87,51454300
2008-01-14,26.61,26.67,26.2,26.29,53665300
2008-01-15,26.12,26.19,25.0,25.85,51610500
2008-01-16,25.6,25.61,24.79,25.15,90232500
2008-01-17,25.14,25.32,23.98,24.33,110043400
2008-01-18,24.23,25.15,24.059999,24.3,93409400
2008-01-22,22.39,24.049999,22.31,23.48,108777800
2008-01-23,22.57,24.43,22.3,24.030001,114430200
2008-01-24,24.14,25.16,24.11,25.11,69193200
2008-01-25,26.049999,26.09,24.1,24.2,79692000
2008-01-28,24.29,24.66,23.8,24.1,60515200
2008-01-29,24.27,24.3,23.69,24.059999,72069100
2008-01-30,23.99,24.93,23.81,24.36,62098300
2008-01-31,23.98,24.7,23.89,24.5,76312400
2008-02-01,24.62,25.13,24.0,24.94,57669700
2008-02-04,25.040001,25.049999,23.62,23.82,92153900
2008-02-05,23.51,23.69,23.22,23.26,95795900
2008-02-06,23.43,24.02,23.059999,23.08,141691700
2008-02-07,21.85,23.43,21.77,23.38,248433600
2008-02-08,23.26,23.75,23.17,23.54,95339000
2008-02-11,23.65,23.7,23.3,23.52,69005100
2008-02-12,23.67,24.0,23.25,23.43,56712600
2008-02-13,23.62,24.2,23.52,24.059999,65013700
2008-02-14,24.02,24.09,23.48,23.53,56133600
2008-02-15,23.38,23.56,23.21,23.3,53314900
2008-02-19,23.56,23.69,22.78,22.88,72073700
2008-02-20,22.78,23.33,22.71,23.2,50297500
2008-02-21,23.81,23.99,23.09,23.19,64586300
2008-02-22,23.46,23.6,22.9,23.6,53739200
2008-02-25,23.52,23.89,23.19,23.8,57042500
2008-02-26,23.8,24.23,23.69,24.07,60932500
2008-02-27,23.92,25.15,23.83,24.95,88232300
2008-02-28,24.72,25.01,24.55,24.66,69469600
2008-02-29,24.3,24.77,24.28,24.39,72410000
2008-03-03,24.35,24.56,24.14,24.4,52575700
2008-03-04,24.09,24.48,23.74,24.29,96705100
2008-03-05,24.46,24.57,24.049999,24.27,75778600
2008-03-06,24.32,24.4,23.92,23.94,71804000
2008-03-07,23.9,24.7,23.78,24.11,70314500
2008-03-10,24.12,24.49,23.99,23.99,48167600
2008-03-11,24.55,25.16,24.43,25.15,66505800
2008-03-12,25.17,25.6,25.0,25.14,56995700
2008-03-13,24.84,25.12,24.4,24.95,76975400
2008-03-14,25.049999,25.14,24.040001,24.32,74151500
2008-03-17,23.59,24.69,23.54,24.29,66377000
2008-03-18,24.69,25.61,24.63,25.58,70995800
2008-03-19,25.47,25.58,24.46,24.47,63988600
2008-03-20,24.6,24.93,24.33,24.77,70930100
2008-03-24,24.92,25.99,24.9,25.64,55003000
2008-03-25,25.73,25.88,25.37,25.75,46113300
2008-03-26,25.3,25.43,24.55,24.78,79022700
2008-03-27,24.63,24.76,24.12,24.18,56566600
2008-03-28,24.28,24.58,24.0,24.08,46496900
2008-03-31,24.08,24.41,23.96,24.09,51471000
2008-04-01,24.52,25.01,24.38,24.98,53248300
2008-04-02,25.040001,25.55,24.79,24.96,51506700
2008-04-03,24.09,24.4,24.01,24.23,62492700
2008-04-04,24.36,24.82,24.059999,24.39,48348200
2008-04-07,24.56,24.58,23.87,23.94,54633000
2008-04-08,23.82,24.16,23.75,23.96,47070500
2008-04-09,23.95,24.14,23.34,23.53,60616600
2008-04-10,23.75,24.21,23.36,24.040001,62580400
2008-04-11,23.65,23.78,23.35,23.38,49719600
2008-04-14,23.28,23.59,23.15,23.31,31406800
2008-04-15,23.41,23.47,22.91,23.11,48232600
2008-04-16,23.46,24.0,23.33,23.83,51221100
2008-04-17,23.99,24.01,23.58,23.89,38298000
2008-04-18,24.53,24.8,24.21,24.51,55199500
2008-04-21,24.35,25.0,24.26,24.89,43041200
2008-04-22,24.73,24.96,24.55,24.92,46747400
2008-04-23,25.36,25.56,25.16,25.44,51028600
2008-04-24,25.56,26.29,25.28,26.030001,53911400
2008-04-25,26.11,26.13,25.1,25.6,53423700
2008-04-28,25.64,25.76,25.3,25.35,33970100
2008-04-29,25.26,25.82,25.25,25.51,37925900
2008-04-30,25.69,25.97,25.51,25.64,52347900
2008-05-01,25.64,26.87,25.5,26.67,71473800
2008-05-02,26.97,27.0,26.42,26.75,67180700
2008-05-05,26.46,26.71,26.15,26.28,62446500
2008-05-06,26.049999,26.49,25.78,26.33,91592600
2008-05-07,26.25,27.0,25.65,25.78,91389100
2008-05-08,25.99,26.0,25.3,25.7,48304900
2008-05-09,25.4,25.64,25.26,25.49,38450700
2008-05-12,25.45,25.87,25.4,25.84,38118800
2008-05-13,25.86,26.049999,25.65,25.89,36010200
2008-05-14,26.0,26.34,25.72,25.75,49857100
2008-05-15,25.68,26.56,25.64,26.5,55903300
2008-05-16,26.53,26.65,26.030001,26.51,58111500
2008-05-19,26.51,26.9,26.15,26.37,41593800
2008-05-20,26.13,26.46,25.66,25.85,41092200
2008-05-21,25.85,26.12,25.16,25.37,42877500
2008-05-22,25.36,25.8,25.19,25.58,35030500
2008-05-23,25.4,25.43,24.9,25.1,41651800
2008-05-27,25.059999,25.69,25.040001,25.59,37305100
2008-05-28,26.01,26.040001,25.32,25.54,45669300
2008-05-29,25.58,26.35,25.52,26.21,58347100
2008-05-30,26.15,26.92,26.13,26.72,61435900
2008-06-02,26.72,26.82,26.24,26.35,58968400
2008-06-03,26.35,26.8,26.22,26.34,46730200
2008-06-04,26.22,26.98,26.21,26.76,60375400
2008-06-05,26.76,27.72,26.75,27.54,78093300
2008-06-06,27.32,27.45,26.5,26.54,68881400
2008-06-09,26.72,26.74,26.030001,26.43,44900700
2008-06-10,26.17,26.58,26.08,26.36,37626000
2008-06-11,26.35,26.43,25.52,25.65,53184200
2008-06-12,25.94,26.32,25.64,25.96,43925000
2008-06-13,26.24,26.7,25.91,26.37,48472500
2008-06-16,26.17,26.44,25.97,26.27,31552600
2008-06-17,26.36,26.63,25.91,25.97,38641200
2008-06-18,25.79,25.89,25.23,25.28,49941600
2008-06-19,25.24,25.74,24.81,25.52,43457600
2008-06-20,25.35,25.36,24.47,24.64,69549800
2008-06-23,24.83,24.99,24.39,24.55,44814500
2008-06-24,24.33,24.85,24.2,24.48,35425100
2008-06-25,24.54,25.11,24.35,24.7,44127100
2008-06-26,24.34,24.5,23.82,23.82,45055500
2008-06-27,23.75,23.87,23.37,23.61,50427500
2008-06-30,23.47,23.73,23.16,23.26,48836500
2008-07-01,23.049999,23.4,22.94,23.15,58175600
2008-07-02,23.14,23.19,22.67,22.84,59375500
2008-07-03,22.98,23.35,22.85,23.12,30392100
2008-07-07,23.23,23.39,22.36,22.57,70623500
2008-07-08,22.58,22.9,22.42,22.88,54262700
2008-07-09,22.22,22.36,21.54,21.58,99429100
2008-07-10,21.58,22.18,21.51,22.13,67876000
2008-07-11,21.82,22.13,21.54,21.82,62739700
2008-07-14,22.02,22.13,21.13,21.3,52449600
2008-07-15,21.040001,21.43,20.72,21.040001,63839600
2008-07-16,20.7,21.33,20.56,21.1,63701400
2008-07-17,21.35,21.88,20.93,21.52,65111400
2008-07-18,21.47,21.82,21.25,21.66,52355300
2008-07-21,21.8,22.39,21.74,21.84,44836000
2008-07-22,21.6,21.94,21.46,21.9,54680100
2008-07-23,21.97,22.61,21.8,22.17,47143600
2008-07-24,22.040001,22.059999,21.69,21.76,46135200
2008-07-25,22.33,22.58,21.93,22.43,63683300
2008-07-28,22.32,22.81,21.94,21.98,43036900
2008-07-29,22.19,22.52,22.07,22.42,43082500
2008-07-30,22.6,22.69,21.8,22.17,52642900
2008-07-31,22.059999,22.6,21.98,21.99,56591900
2008-08-01,22.2,22.35,21.67,21.99,43571000
2008-08-04,22.049999,22.17,21.72,21.99,50009300
2008-08-05,22.26,22.65,22.02,22.65,77008500
2008-08-06,23.94,24.25,23.46,23.93,121768900
2008-08-07,23.69,24.31,23.44,23.58,86359400
2008-08-08,23.75,24.44,23.7,24.25,53695400
2008-08-11,24.17,24.84,24.14,24.62,43335700
2008-08-12,24.68,24.78,24.35,24.5,41152800
2008-08-13,24.39,24.5,24.01,24.31,35201000
2008-08-14,24.16,24.86,24.12,24.67,37541600
2008-08-15,24.75,25.25,24.68,24.91,45293700
2008-08-18,24.95,25.08,24.27,24.49,31878100
2008-08-19,24.29,24.51,24.07,24.24,26808300
2008-08-20,24.34,24.48,24.01,24.23,32032700
2008-08-21,24.049999,24.34,23.87,24.23,23700500
2008-08-22,24.38,24.82,24.28,24.71,28201600
2008-08-25,24.5,24.73,24.11,24.21,28319500
2008-08-26,24.29,24.34,23.88,24.11,31379300
2008-08-27,24.24,24.59,24.15,24.37,28380300
2008-08-28,24.48,24.78,24.41,24.66,28525000
2008-08-29,24.35,24.35,23.91,24.049999,33139500
2008-09-02,24.35,24.5,23.55,23.75,46603000
2008-09-03,23.74,23.74,23.15,23.31,44588000
2008-09-04,22.79,22.8,22.16,22.28,64083100
2008-09-05,22.09,22.67,22.07,22.26,46163100
2008-09-08,22.78,23.44,22.43,23.37,66139800
2008-09-09,23.42,23.58,22.91,22.97,71096300
2008-09-10,23.23,23.32,22.97,22.99,38934800
2008-09-11,22.68,23.059999,22.39,23.049999,46188400
2008-09-12,22.87,23.59,22.61,23.46,50770000
2008-09-15,22.61,23.33,22.36,22.38,55857400
2008-09-16,21.8,23.14,21.74,22.8,81074300
2008-09-17,22.49,23.040001,21.77,21.8,69539100
2008-09-18,22.24,23.25,21.85,22.8,83355900
2008-09-19,24.29,24.3,24.29,24.29,922900
2008-09-22,23.9,24.2,23.040001,23.11,52677200
2008-09-23,23.31,23.5,22.66,22.73,46356500
2008-09-24,22.82,23.21,22.58,22.8,43060600
2008-09-25,23.059999,23.9,22.95,23.48,57642000
2008-09-26,22.92,24.0,22.87,23.82,59235700
2008-09-29,23.29,23.54,21.43,21.79,86481900
2008-09-30,22.25,22.61,21.84,22.56,60991400
2008-10-01,22.25,22.44,21.75,21.95,52085000
2008-10-02,21.95,21.99,21.049999,21.2,61925200
2008-10-03,21.14,22.4,21.13,21.25,73504000
2008-10-06,20.39,20.97,19.31,20.46,105324200
2008-10-07,20.57,20.91,18.75,18.84,104679700
2008-10-08,18.02,19.6,17.8,18.34,130018800
2008-10-09,18.83,18.89,16.94,17.19,99112600
2008-10-10,16.49,18.22,16.29,17.23,137032200
2008-10-13,18.27,19.3,17.8,19.27,72700100
2008-10-14,19.91,20.15,18.030001,18.54,86420900
2008-10-15,18.17,18.21,16.5,16.57,94666400
2008-10-16,16.72,17.75,16.2,17.75,104415000
2008-10-17,17.32,19.55,16.93,17.91,83475500
2008-10-20,18.35,19.01,17.81,18.96,66688900
2008-10-21,18.7,18.89,17.75,17.86,75117600
2008-10-22,17.34,17.84,16.81,17.41,75828000
2008-10-23,17.25,17.88,16.46,17.24,85364300
2008-10-24,16.08,16.93,15.9,16.31,88646000
2008-10-27,16.09,17.19,16.02,16.09,65715900
2008-10-28,16.76,18.35,16.45,18.31,88690300
2008-10-29,17.97,18.7,17.6,17.87,72619800
2008-10-30,18.29,18.32,17.5,17.79,67607100
2008-10-31,17.79,17.98,17.32,17.77,82517500
2008-11-03,17.68,17.7,17.0,17.2,56927000
2008-11-04,17.59,18.46,17.37,18.33,79952200
2008-11-05,18.049999,18.3,17.29,17.39,91260100
2008-11-06,16.69,17.48,16.67,16.94,122484300
2008-11-07,17.18,17.73,17.13,17.58,64669200
2008-11-10,17.95,17.98,17.1,17.57,47597100
2008-11-11,17.38,17.45,16.94,17.18,49766000
2008-11-12,16.84,17.030001,16.5,16.55,52608100
2008-11-13,16.37,17.3,15.6,17.26,90296200
2008-11-14,16.89,17.43,16.33,16.62,68825700
2008-11-17,16.47,16.81,16.11,16.21,47052200
2008-11-18,16.35,16.46,15.58,16.45,69149800
2008-11-19,16.18,16.23,15.0,15.08,72602300
2008-11-20,15.0,16.23,14.43,14.47,119455700
2008-11-21,14.81,15.3,14.2,15.17,104235300
2008-11-24,15.44,16.46,15.28,16.4,79847400
2008-11-25,16.49,16.49,15.28,15.42,82904500
2008-11-26,15.2,16.49,15.17,16.39,54903300
2008-11-28,16.19,16.55,16.16,16.54,22344900
2008-12-01,16.16,16.17,14.93,14.96,62915800
2008-12-02,15.17,15.39,14.75,15.32,65674100
2008-12-03,14.91,16.030001,14.86,16.01,69603400
2008-12-04,15.65,16.09,15.02,15.33,59171400
2008-12-05,15.16,16.1,14.72,15.94,67565800
2008-12-08,16.5,17.45,16.45,17.25,82284800
2008-12-09,16.91,17.93,16.75,17.16,67340200
2008-12-10,17.3,17.76,17.08,17.33,50807000
2008-12-11,17.13,17.64,16.83,16.91,56266400
2008-12-12,16.53,17.19,16.51,16.99,47006400
2008-12-15,16.88,17.02,16.51,16.84,40172200
2008-12-16,17.040001,17.45,16.69,17.42,77761400
2008-12-17,17.17,17.34,16.71,16.84,62795800
2008-12-18,16.87,16.91,16.44,16.66,52399400
2008-12-19,16.64,16.95,16.6,16.64,62204500
2008-12-22,16.61,16.71,15.99,16.37,38808800
2008-12-23,16.42,16.65,16.07,16.24,30390900
2008-12-24,16.25,16.43,16.21,16.35,11592100
2008-12-26,16.36,16.42,16.09,16.27,15163400
2008-12-29,16.16,16.25,15.73,16.01,33239800
2008-12-30,16.040001,16.25,15.94,16.23,31088100
2008-12-31,16.18,16.55,16.12,16.3,37513700
2009-01-02,16.41,17.0,16.25,16.96,40980600
2009-01-05,16.85,17.3,16.75,17.11,45480200
2009-01-06,17.33,17.98,17.26,17.79,58256600
2009-01-07,17.37,17.58,17.11,17.32,50246600
2009-01-08,17.23,17.57,17.0,17.54,46484600
2009-01-09,17.24,17.26,16.61,16.7,68118900
2009-01-12,16.68,16.78,16.030001,16.4,54927700
2009-01-13,16.29,16.54,16.11,16.45,51933800
2009-01-14,16.1,16.22,15.6,15.74,50111800
2009-01-15,15.62,15.95,15.19,15.81,61814500
2009-01-16,16.22,16.33,15.5,15.82,66930700
2009-01-20,15.81,15.93,15.01,15.01,57808600
2009-01-21,15.32,15.76,15.05,15.7,56231900
2009-01-22,15.38,15.59,15.0,15.37,56676100
2009-01-23,15.04,16.02,15.0,15.89,56556900
2009-01-26,15.85,16.5,15.78,16.3,44634800
2009-01-27,16.43,17.0,16.29,16.73,50346800
2009-01-28,17.059999,17.19,16.69,16.88,60146800
2009-01-29,16.7,16.7,15.8,15.93,53220800
2009-01-30,15.91,16.09,14.91,14.97,75292400
2009-02-02,14.86,15.46,14.83,15.31,55290500
2009-02-03,15.48,15.75,15.01,15.62,65932300
2009-02-04,15.72,16.16,15.38,15.84,95781900
2009-02-05,15.54,16.65,15.45,16.35,115564600
2009-02-06,16.42,17.09,16.21,17.040001,62910000
2009-02-09,16.99,17.049999,16.62,16.85,37624300
2009-02-10,16.59,16.93,15.92,16.049999,69149100
2009-02-11,16.18,16.27,15.85,16.17,46279800
2009-02-12,15.97,16.22,15.63,16.2,57645800
2009-02-13,16.2,16.46,15.95,16.1,43639500
2009-02-17,15.68,15.76,15.28,15.29,47981100
2009-02-18,15.45,15.73,15.15,15.37,40630400
2009-02-19,15.46,15.52,15.01,15.04,42978400
2009-02-20,14.96,15.34,14.88,15.08,59376600
2009-02-23,15.2,15.35,14.31,14.36,51687900
2009-02-24,14.39,15.05,14.38,14.99,55486800
2009-02-25,14.92,15.13,14.37,14.77,56278900
2009-02-26,15.05,15.21,14.49,14.49,51007600
2009-02-27,14.3,14.82,14.3,14.57,76734300
2009-03-02,14.33,14.78,14.27,14.32,59924500
2009-03-03,14.49,14.73,14.36,14.39,62320000
2009-03-04,14.64,15.52,14.63,15.25,69574200
2009-03-05,14.94,15.09,14.51,14.55,67034500
2009-03-06,14.58,14.93,13.98,14.18,113692300
2009-03-09,14.0,14.43,13.61,13.62,78274900
2009-03-10,14.04,14.79,13.92,14.64,71743300
2009-03-11,14.79,15.2,14.52,15.02,55002400
2009-03-12,15.0,15.51,14.77,15.51,49609300
2009-03-13,15.46,15.69,15.25,15.51,43118900
2009-03-16,15.79,15.88,15.35,15.45,50265100
2009-03-17,15.72,16.15,15.57,16.14,52090300
2009-03-18,16.030001,16.94,16.02,16.5,85018400
2009-03-19,16.68,16.68,16.059999,16.23,56670100
2009-03-20,16.37,16.57,15.75,15.91,66078200
2009-03-23,16.31,17.0,15.9,16.98,64333300
2009-03-24,16.7,17.040001,16.58,16.68,44592600
2009-03-25,16.5,17.049999,16.28,16.57,64202300
2009-03-26,16.8,17.39,16.76,17.31,58048800
2009-03-27,17.0,17.17,16.85,16.95,37833600
2009-03-30,16.57,16.57,16.08,16.31,45060500
2009-03-31,16.53,17.01,16.37,16.77,59050200
2009-04-01,16.51,17.54,16.3,17.46,73415300
2009-04-02,17.83,18.61,17.79,18.14,88337600
2009-04-03,18.3,18.54,17.95,18.16,59472600
2009-04-06,17.56,17.64,17.07,17.53,63355500
2009-04-07,17.2,17.25,16.58,16.85,59902600
2009-04-08,17.29,17.33,16.94,17.13,45389100
2009-04-09,17.67,18.08,17.58,17.82,53094200
2009-04-13,17.85,18.049999,17.76,17.89,33965000
2009-04-14,17.8,18.18,17.61,17.93,42813500
2009-04-15,17.75,18.0,17.34,17.56,51890600
2009-04-16,17.82,18.18,17.65,18.08,51379800
2009-04-17,18.1,18.17,17.83,17.99,55983700
2009-04-20,17.71,17.79,17.2,17.31,55165100
2009-04-21,17.2,17.79,17.14,17.69,45749000
2009-04-22,17.45,18.02,17.43,17.44,54728000
2009-04-23,17.52,17.64,17.13,17.62,44000300
2009-04-24,18.12,18.5,17.97,18.42,55664900
2009-04-27,18.1,18.59,18.01,18.37,42312900
2009-04-28,18.3,18.96,18.15,18.67,47820200
2009-04-29,18.83,19.53,18.73,19.25,48496600
2009-04-30,19.69,19.93,19.1,19.32,60350800
2009-05-01,19.24,19.78,19.059999,19.58,40337500
2009-05-04,19.82,19.87,19.26,19.5,63902300
2009-05-05,19.5,19.63,19.28,19.63,46373400
2009-05-06,19.76,19.85,19.030001,19.61,93198900
2009-05-07,20.0,20.0,18.6,18.95,92373300
2009-05-08,19.0,19.22,18.55,18.73,65443000
2009-05-11,18.45,18.83,18.27,18.61,44319000
2009-05-12,18.67,18.82,18.55,18.72,39761800
2009-05-13,18.49,18.6,18.030001,18.049999,50715000
2009-05-14,18.07,18.29,18.049999,18.09,43080700
2009-05-15,18.14,18.21,17.77,17.92,72110100
2009-05-18,18.14,18.81,18.059999,18.72,67489600
2009-05-19,18.71,19.35,18.64,18.88,53818200
2009-05-20,19.02,19.059999,18.46,18.6,49031000
2009-05-21,18.43,18.5,17.85,18.1,63308400
2009-05-22,18.09,18.15,17.66,17.9,33243700
2009-05-26,17.66,18.67,17.61,18.49,48659800
2009-05-27,18.41,18.71,18.11,18.22,40013400
2009-05-28,18.35,18.66,18.059999,18.51,53071000
2009-05-29,18.54,18.6,18.09,18.5,61032200
2009-06-01,19.15,19.77,19.01,19.5,103321500
2009-06-02,19.57,19.86,19.41,19.61,53783700
2009-06-03,19.55,19.61,19.1,19.36,55115000
2009-06-04,19.46,19.81,19.3,19.67,40586000
2009-06-05,19.94,20.02,19.52,19.87,86043900
2009-06-08,19.74,20.059999,19.53,19.87,42855000
2009-06-09,19.95,20.2,19.68,20.08,49764200
2009-06-10,20.19,20.24,19.6,19.95,58386500
2009-06-11,19.93,20.35,19.9,20.1,44781700
2009-06-12,19.93,20.0,19.63,19.91,41365200
2009-06-15,19.68,19.7,19.1,19.36,47976000
2009-06-16,19.42,19.48,19.030001,19.08,45359200
2009-06-17,19.040001,19.49,18.97,19.2,48812300
2009-06-18,19.23,19.29,18.92,18.99,37563900
2009-06-19,19.18,19.2,18.8,18.92,71703600
2009-06-22,18.75,18.8,18.35,18.41,46178100
2009-06-23,18.43,18.71,18.25,18.57,42673600
2009-06-24,18.74,19.0,18.52,18.61,47138200
2009-06-25,18.59,19.19,18.5,19.030001,43535600
2009-06-26,18.92,19.16,18.85,18.91,47177400
2009-06-29,19.0,19.049999,18.79,18.99,49234600
2009-06-30,18.94,19.07,18.53,18.65,53792300
2009-07-01,18.84,19.1,18.76,18.8,36650000
2009-07-02,18.67,18.73,18.45,18.5,41562600
2009-07-06,18.32,18.7,18.3,18.53,35302300
2009-07-07,18.54,18.62,18.19,18.24,41560400
2009-07-08,18.25,18.33,17.82,18.13,53554200
2009-07-09,18.27,18.51,18.059999,18.17,52949400
2009-07-10,18.08,18.45,18.02,18.34,46638100
2009-07-13,18.41,18.58,17.92,18.57,62374700
2009-07-14,18.43,18.94,18.43,18.73,46982000
2009-07-15,19.32,19.88,19.16,19.81,87943200
2009-07-16,19.74,20.2,19.71,20.12,57779400
2009-07-17,20.18,20.58,19.98,20.51,69173300
2009-07-20,20.82,21.27,20.8,21.15,78883200
2009-07-21,21.27,21.59,20.88,21.59,72575100
2009-07-22,21.44,21.83,21.27,21.45,52608700
2009-07-23,21.44,22.07,21.28,21.9,62820700
2009-07-24,21.48,21.97,21.42,21.88,40636200
2009-07-27,21.85,21.95,21.67,21.84,31602000
2009-07-28,21.62,21.99,21.37,21.93,40081700
2009-07-29,21.8,21.87,21.5,21.72,33623500
2009-07-30,21.98,22.4,21.84,21.98,52880000
2009-07-31,21.94,22.18,21.85,22.01,41668100
2009-08-03,22.21,22.61,22.19,22.57,61219800
2009-08-04,22.45,22.55,22.19,22.44,55890100
2009-08-05,22.55,22.57,22.01,22.17,79003200
2009-08-06,22.040001,22.41,21.68,22.31,83322000
2009-08-07,22.49,22.74,22.15,22.19,46921300
2009-08-10,21.98,22.12,21.5,21.64,46634300
2009-08-11,21.47,21.53,21.059999,21.17,53601800
2009-08-12,21.23,21.61,21.18,21.43,49469600
2009-08-13,21.54,21.65,21.34,21.51,38927800
2009-08-14,21.47,21.55,21.0,21.31,35178700
2009-08-17,20.94,20.96,20.68,20.73,32440200
2009-08-18,20.82,21.15,20.79,21.01,33338700
2009-08-19,20.76,21.44,20.74,21.24,39235200
2009-08-20,21.25,21.96,21.2,21.89,55774700
2009-08-21,22.08,22.27,21.77,22.19,56585800
2009-08-24,22.22,22.64,21.93,22.059999,52702800
2009-08-25,22.16,22.25,21.85,22.0,28402400
2009-08-26,21.91,22.0,21.81,21.93,33585100
2009-08-27,21.67,21.91,21.47,21.88,30283800
2009-08-28,22.15,22.35,21.8,22.0,35945600
2009-08-31,21.74,21.84,21.51,21.6,31405700
2009-09-01,21.46,21.87,21.08,21.17,48752000
2009-09-02,21.09,21.73,21.07,21.55,40254300
2009-09-03,21.73,21.9,21.34,21.49,33833000
2009-09-04,21.59,21.96,21.4,21.84,28951700
2009-09-08,22.0,22.21,21.79,21.92,39951400
2009-09-09,21.97,22.52,21.96,22.23,45120800
2009-09-10,22.15,23.049999,22.01,23.01,76624200
2009-09-11,22.92,23.13,22.61,23.09,53497100
2009-09-14,22.85,22.99,22.61,22.79,60616000
2009-09-15,22.83,23.19,22.66,22.98,50922100
2009-09-16,23.07,23.45,23.0,23.36,53658500
2009-09-17,23.22,23.49,23.16,23.39,40431200
2009-09-18,23.5,23.61,23.24,23.4,53795300
2009-09-21,23.2,23.85,23.18,23.63,51075300
2009-09-22,23.71,23.72,23.3,23.41,34927600
2009-09-23,23.52,23.53,22.75,22.8,65546000
2009-09-24,22.84,22.99,22.46,22.65,39003000
2009-09-25,22.57,22.92,22.57,22.62,41074700
2009-09-28,23.29,23.87,23.27,23.61,68919000
2009-09-29,23.62,23.74,23.21,23.3,40230500
2009-09-30,23.55,23.79,22.96,23.54,64479300
2009-10-01,23.35,23.58,23.07,23.09,63043900
2009-10-02,22.86,23.08,22.62,22.67,42035100
2009-10-05,22.91,23.11,22.58,22.94,38746900
2009-10-06,23.16,23.57,23.07,23.35,41395900
2009-10-07,23.48,23.78,23.41,23.61,43251500
2009-10-08,23.83,23.92,23.55,23.67,45902600
2009-10-09,23.64,24.08,23.5,24.030001,45650000
2009-10-12,24.07,24.22,23.62,23.78,32797500
2009-10-13,23.58,24.13,23.57,23.89,45600500
2009-10-14,24.26,24.5,24.18,24.38,49209400
2009-10-15,24.25,24.37,24.059999,24.37,35858400
2009-10-16,24.1,24.13,23.7,24.02,38024200
2009-10-19,24.13,24.83,23.96,24.25,30644700
2009-10-20,24.37,24.55,23.96,24.11,52450500
2009-10-21,24.12,24.5,23.85,23.96,41880500
2009-10-22,23.9,24.25,23.83,24.18,33909000
2009-10-23,24.52,24.52,24.030001,24.17,42526300
2009-10-26,24.15,24.4,23.63,23.7,45679600
2009-10-27,23.72,23.95,23.4,23.54,42696300
2009-10-28,23.37,23.53,22.97,23.02,47534500
2009-10-29,23.11,23.58,23.059999,23.52,40053400
2009-10-30,23.46,23.48,22.64,22.81,61218300
2009-11-02,22.87,23.2,22.62,23.0,55068200
2009-11-03,22.82,23.040001,22.55,22.91,46384000
2009-11-04,23.31,23.43,23.0,23.29,65580900
2009-11-05,24.049999,24.07,23.62,23.93,87742300
2009-11-06,23.71,24.0,23.66,23.82,36617400
2009-11-09,23.93,24.0,23.72,23.99,46891200
2009-11-10,23.7,23.87,23.55,23.65,43081900
2009-11-11,23.73,24.0,23.71,23.92,39237500
2009-11-12,23.74,23.84,23.17,23.4,63813300
2009-11-13,23.51,23.8,23.45,23.71,35797700
2009-11-16,23.77,24.1,23.65,23.87,47598200
2009-11-17,23.92,24.11,23.82,24.09,37209300
2009-11-18,24.01,24.040001,23.79,24.0,27234800
2009-11-19,23.87,23.88,23.41,23.68,38099900
2009-11-20,23.5,23.57,23.3,23.46,36317900
2009-11-23,23.69,23.91,23.65,23.9,29300500
2009-11-24,23.83,23.9,23.56,23.74,29988300
2009-11-25,23.76,23.87,23.65,23.74,27084300
2009-11-27,23.1,23.52,23.02,23.38,21773900
2009-11-30,23.31,23.54,23.19,23.4,34349100
2009-12-01,23.43,24.0,23.39,23.92,39946800
2009-12-02,23.84,24.1,23.74,23.87,30982600
2009-12-03,23.98,24.19,23.83,23.83,35484600
2009-12-04,24.08,24.42,23.91,24.16,49537500
2009-12-07,24.11,24.4,24.1,24.21,33094700
2009-12-08,24.02,24.21,23.75,23.81,44128100
2009-12-09,23.78,23.89,23.44,23.86,38449700
2009-12-10,24.0,24.2,23.81,23.94,33704400
2009-12-11,24.040001,24.07,23.67,23.77,27735900
2009-12-14,24.01,24.15,23.84,23.84,35439600
2009-12-15,23.81,23.9,23.47,23.48,52394700
2009-12-16,23.57,23.69,23.35,23.45,41819300
2009-12-17,23.46,23.47,23.14,23.18,33439200
2009-12-18,23.13,23.37,23.02,23.33,67220300
2009-12-21,23.53,23.82,23.48,23.64,35588700
2009-12-22,23.63,23.87,23.57,23.75,27139900
2009-12-23,23.79,23.93,23.7,23.78,23857600
2009-12-24,23.8,23.99,23.79,23.96,9900600
2009-12-28,23.89,24.1,23.81,24.08,20191200
2009-12-29,24.030001,24.17,24.0,24.1,21897300
2009-12-30,24.01,24.2,24.0,24.18,17202900
2009-12-31,24.1,24.17,23.94,23.94,25208100
2010-01-04,24.11,24.84,24.01,24.69,59853700
2010-01-05,24.6,24.73,24.38,24.58,45124500
2010-01-06,24.54,24.74,24.34,24.42,35715700
2010-01-07,24.3,24.57,24.17,24.53,31531200
2010-01-08,24.38,24.7,24.25,24.66,39115900
2010-01-11,24.64,24.89,24.41,24.59,35852900
2010-01-12,24.44,24.5,24.08,24.2,35780400
2010-01-13,24.28,24.7,24.2,24.64,43683900
2010-01-14,24.58,25.08,24.52,24.95,52302100
2010-01-15,25.0,25.1,24.3,24.4,51648100
2010-01-19,24.54,24.88,24.5,24.85,37607500
2010-01-20,24.62,24.73,24.12,24.41,42125400
2010-01-21,24.51,24.65,23.86,23.98,54767500
2010-01-22,23.84,23.93,22.87,22.97,70424300
2010-01-25,23.1,23.18,22.74,22.99,51288800
2010-01-26,22.8,23.2,22.64,22.9,55312800
2010-01-27,22.89,23.26,22.76,23.15,51802900
2010-01-28,23.18,23.22,22.35,22.52,63620000
2010-01-29,22.95,23.13,22.44,22.47,73431900
2010-02-01,22.65,22.94,22.38,22.73,54386100
2010-02-02,22.81,23.11,22.51,23.02,54108900
2010-02-03,23.16,23.25,22.85,23.07,80035500
2010-02-04,23.41,23.77,23.1,23.16,126098600
2010-02-05,23.3,23.88,23.16,23.7,99148600
2010-02-08,23.78,23.9,23.48,23.5,69909000
2010-02-09,23.8,24.0,23.58,23.89,60331600
2010-02-10,23.86,24.0,23.62,23.76,50574100
2010-02-11,23.67,23.99,23.54,23.93,42458500
2010-02-12,23.72,23.8,23.51,23.76,56455000
2010-02-16,23.96,24.0,23.8,24.0,46758200
2010-02-17,23.99,24.09,23.74,24.07,48505500
2010-02-18,24.049999,24.36,23.9,24.28,41154700
2010-02-19,24.13,24.38,24.059999,24.36,38781900
2010-02-22,24.39,24.46,24.15,24.3,31374800
2010-02-23,24.16,24.23,23.83,24.049999,36286000
2010-02-24,24.09,24.45,24.09,24.34,33182100
2010-02-25,24.0,24.39,23.87,24.33,37112100
2010-02-26,24.36,24.46,24.21,24.33,30719800
2010-03-01,24.33,24.65,24.32,24.6,41777800
2010-03-02,24.66,24.75,24.44,24.61,51403800
2010-03-03,24.7,24.93,24.6,24.84,50693400
2010-03-04,24.84,24.98,24.66,24.95,40262000
2010-03-05,24.97,25.24,24.92,25.21,57057100
2010-03-08,25.31,26.36,25.26,26.13,116178200
2010-03-09,26.33,26.48,25.7,26.13,160887600
2010-03-10,25.85,26.059999,25.75,25.87,69660800
2010-03-11,25.79,25.98,25.72,25.97,37340500
2010-03-12,26.0,26.030001,25.78,25.88,31167200
2010-03-15,25.76,26.09,25.74,26.08,36759300
2010-03-16,26.030001,26.34,26.01,26.15,53887500
2010-03-17,26.2,26.4,26.18,26.26,32456000
2010-03-18,26.24,26.43,26.22,26.34,27088000
2010-03-19,26.37,26.44,26.07,26.15,55661800
2010-03-22,25.92,26.38,25.89,26.28,31899500
2010-03-23,26.19,26.75,26.17,26.64,48863100
2010-03-24,26.56,26.62,26.44,26.45,35293400
2010-03-25,26.66,26.85,26.42,26.43,35137800
2010-03-26,26.44,26.75,26.34,26.47,37524500
2010-03-29,26.61,26.69,26.45,26.51,30387800
2010-03-30,26.64,26.71,26.34,26.65,32975900
2010-03-31,26.52,26.61,25.96,26.030001,54745100
2010-04-01,26.2,26.3,25.66,25.83,56193700
2010-04-05,25.87,26.24,25.8,26.17,34804200
2010-04-06,26.13,26.38,26.049999,26.22,31121900
2010-04-07,26.1,26.59,26.1,26.34,43837800
2010-04-08,26.28,26.39,26.0,26.28,38623400
2010-04-09,26.28,26.64,26.22,26.6,34610800
2010-04-12,26.57,26.74,26.49,26.53,28374400
2010-04-13,26.45,26.5,26.17,26.44,42863900
2010-04-14,26.63,26.93,26.56,26.88,44610100
2010-04-15,27.0,27.25,26.95,27.21,47016500
2010-04-16,27.15,27.44,26.79,26.98,68523400
2010-04-19,26.93,27.11,26.55,27.07,43888900
2010-04-20,27.19,27.45,27.059999,27.18,47166000
2010-04-21,27.17,27.4,27.12,27.24,42737800
2010-04-22,27.08,27.37,26.72,27.32,44843600
2010-04-23,27.38,27.51,27.21,27.47,39305500
2010-04-26,27.58,27.7,27.48,27.57,35663400
2010-04-27,27.41,27.58,26.73,27.01,57167400
2010-04-28,27.11,27.38,26.82,27.040001,54475300
2010-04-29,27.1,27.64,27.1,27.53,41865500
2010-04-30,27.68,27.74,26.92,26.93,41886700
2010-05-03,27.030001,27.69,27.01,27.54,44974900
2010-05-04,27.24,27.25,26.4,26.56,52347200
2010-05-05,26.31,26.82,26.15,26.55,49889300
2010-05-06,26.4,26.65,23.23,25.49,97908000
2010-05-07,25.52,25.64,24.33,24.71,95894500
2010-05-10,26.12,26.53,25.9,26.13,74912200
2010-05-11,26.059999,26.77,25.82,25.96,53718000
2010-05-12,26.22,26.8,26.19,26.74,66161700
2010-05-13,26.09,26.1,25.37,25.53,143656300
2010-05-14,25.26,25.3,24.69,24.94,82159400
2010-05-17,24.97,24.98,24.26,24.87,72483200
2010-05-18,25.0,25.02,24.18,24.36,59688900
2010-05-19,24.23,24.52,23.97,24.26,62394300
2010-05-20,23.56,23.89,23.13,23.31,97381300
2010-05-21,22.67,23.51,22.56,23.46,88178000
2010-05-24,23.46,23.7,23.13,23.37,48173300
2010-05-25,22.73,23.31,22.6,23.31,64859000
2010-05-26,23.56,23.75,22.84,22.89,72466100
2010-05-27,23.39,23.68,23.02,23.67,59790400
2010-05-28,23.52,23.57,22.99,23.16,56435900
2010-06-01,22.94,23.48,22.92,23.0,56341200
2010-06-02,23.07,23.37,22.74,23.35,45748300
2010-06-03,23.49,23.77,23.27,23.72,49009800
2010-06-04,23.32,23.55,22.76,22.96,60603900
2010-06-07,23.01,23.29,22.68,22.76,50257700
2010-06-08,22.91,23.0,22.52,22.96,71516900
2010-06-09,23.02,23.45,22.74,22.78,47727700
2010-06-10,23.0,23.1,22.51,22.77,98936100
2010-06-11,22.53,22.99,22.52,22.91,56318300
2010-06-14,23.08,23.28,22.73,22.76,57270100
2010-06-15,22.82,23.45,22.8,23.33,77834700
2010-06-16,23.11,23.78,23.09,23.29,73638000
2010-06-17,23.49,23.5,23.049999,23.17,52811800
2010-06-18,23.28,23.65,23.15,23.49,52422500
2010-06-21,23.84,23.94,23.13,23.34,54836700
2010-06-22,23.32,23.65,22.92,22.97,42148200
2010-06-23,23.11,23.14,22.64,22.86,54086100
2010-06-24,22.68,22.98,22.47,22.57,58002300
2010-06-25,22.59,22.67,22.11,22.18,76899200
2010-06-28,22.3,22.75,22.29,22.42,43365000
2010-06-29,22.15,22.19,21.4,21.62,68951400
2010-06-30,21.52,21.73,21.24,21.31,57128000
2010-07-01,21.2,21.49,20.93,21.26,66345400
2010-07-02,21.21,21.31,20.99,21.13,46262200
2010-07-06,21.42,21.67,21.049999,21.34,51187800
2010-07-07,21.49,22.49,21.45,22.48,70496900
2010-07-08,22.67,22.79,22.15,22.55,55310300
2010-07-09,22.55,22.81,22.43,22.7,41488800
2010-07-12,22.61,22.98,22.61,22.86,30563100
2010-07-13,23.040001,23.28,22.99,23.09,45007700
2010-07-14,23.43,23.89,23.39,23.74,61467200
2010-07-15,23.7,23.96,23.42,23.92,51771300
2010-07-16,23.87,23.87,22.61,22.75,77069000
2010-07-19,22.87,23.030001,22.55,22.73,54701900
2010-07-20,22.27,23.08,22.049999,23.049999,66161600
2010-07-21,23.059999,23.22,22.4,22.56,45752100
2010-07-22,22.73,23.36,22.73,23.27,57947100
2010-07-23,23.16,23.41,23.01,23.35,39345400
2010-07-26,23.32,23.61,23.2,23.61,38325000
2010-07-27,23.68,23.72,23.2,23.3,47984200
2010-07-28,23.29,23.62,23.25,23.39,41757900
2010-07-29,23.53,26.0,22.96,23.21,37489200
2010-07-30,23.02,23.4,22.88,23.07,42185400
2010-08-02,23.43,23.94,23.4,23.8,43032200
2010-08-03,23.84,23.89,23.62,23.82,27135900
2010-08-04,23.79,24.25,23.78,24.14,48329300
2010-08-05,24.030001,24.18,23.83,24.17,30206900
2010-08-06,23.92,24.17,23.6,24.07,40439300
2010-08-09,24.21,24.87,24.2,24.77,64011100
2010-08-10,24.46,24.59,24.16,24.31,59163700
2010-08-11,23.86,23.95,23.45,23.73,71535700
2010-08-12,21.42,21.61,21.0,21.36,227307900
2010-08-13,21.51,21.58,21.25,21.36,67924100
2010-08-16,21.24,22.12,21.22,21.91,88596200
2010-08-17,22.07,22.29,21.95,22.049999,82948700
2010-08-18,22.040001,22.51,22.02,22.41,73044200
2010-08-19,22.34,22.5,22.01,22.22,71331800
2010-08-20,22.19,22.41,22.13,22.23,54657100
2010-08-23,22.47,22.48,21.65,21.68,49300700
2010-08-24,21.43,21.45,21.1,21.13,74151900
2010-08-25,20.99,21.35,20.82,21.21,54311000
2010-08-26,21.18,21.31,20.69,20.7,53499700
2010-08-27,20.84,20.94,20.36,20.81,62116800
2010-08-30,20.8,20.89,20.29,20.32,58983000
2010-08-31,20.11,20.37,19.82,19.99,94440300
2010-09-01,20.35,20.7,20.25,20.26,80173000
2010-09-02,20.48,20.7,20.31,20.52,59439000
2010-09-03,20.97,21.13,20.76,21.040001,54485200
2010-09-07,20.9,20.99,20.53,20.58,60556800
2010-09-08,20.68,20.89,20.55,20.64,40603000
2010-09-09,20.96,21.049999,20.58,20.61,43601000
2010-09-10,20.63,20.68,20.32,20.62,48400600
2010-09-13,20.92,21.34,20.86,21.26,62445900
2010-09-14,21.36,22.17,21.21,21.45,109222400
2010-09-15,21.54,21.86,21.49,21.59,60902400
2010-09-16,21.58,21.96,21.52,21.93,47579200
2010-09-17,22.07,22.12,21.77,21.86,54756000
2010-09-20,21.97,21.99,21.64,21.75,55723700
2010-09-21,21.78,21.96,21.37,21.64,69743300
2010-09-22,21.67,21.89,21.4,21.67,49272200
2010-09-23,21.55,21.81,21.43,21.53,36037000
2010-09-24,21.84,22.25,21.75,22.09,54235100
2010-09-27,22.01,22.31,21.86,22.11,48649000
2010-09-28,22.0,22.11,21.45,21.86,64748400
2010-09-29,21.63,21.91,21.56,21.87,46307300
2010-09-30,22.049999,22.28,21.67,21.9,56848900
2010-10-01,22.12,22.22,21.78,21.91,42184000
2010-10-04,21.81,22.0,21.5,21.76,31731200
2010-10-05,22.02,22.12,21.77,21.99,59683800
2010-10-06,22.030001,22.4,22.01,22.3,52793100
2010-10-07,22.47,22.5,22.11,22.39,37842400
2010-10-08,22.37,22.52,22.09,22.48,37806400
2010-10-11,22.48,22.65,22.38,22.47,28434500
2010-10-12,22.38,22.75,22.27,22.62,35299100
2010-10-13,22.93,23.4,22.83,23.18,66127100
2010-10-14,23.26,23.3,22.85,23.07,38847200
2010-10-15,23.24,23.4,23.0,23.36,50265800
2010-10-18,23.35,23.5,23.23,23.3,40606700
2010-10-19,23.1,23.18,22.76,22.97,53769400
2010-10-20,22.91,23.58,22.91,23.4,44947300
2010-10-21,23.48,23.55,22.98,23.26,38509300
2010-10-22,23.25,23.49,23.18,23.48,23672100
2010-10-25,23.63,23.9,23.57,23.61,37084400
2010-10-26,23.49,23.75,23.36,23.4,37680000
2010-10-27,23.25,23.36,23.030001,23.29,39164400
2010-10-28,23.43,23.49,23.07,23.19,33677600
2010-10-29,23.12,23.22,22.82,22.86,44587900
2010-11-01,22.95,23.3,22.88,22.92,49174300
2010-11-02,23.17,23.3,23.059999,23.17,37374800
2010-11-03,23.29,23.74,23.18,23.71,53861200
2010-11-04,23.92,24.34,23.89,24.21,55897800
2010-11-05,24.26,24.34,23.88,24.26,41012300
2010-11-08,24.35,24.58,24.28,24.39,40378100
2010-11-09,24.49,24.6,24.18,24.35,51149000
2010-11-10,24.29,24.51,23.99,24.49,115576200
2010-11-11,20.46,20.96,20.25,20.52,553080300
2010-11-12,20.62,20.67,20.030001,20.15,234765700
2010-11-15,20.37,20.37,19.92,19.95,137862000
2010-11-16,19.88,19.94,19.34,19.44,212301700
2010-11-17,19.62,19.68,19.39,19.41,112439000
2010-11-18,19.73,19.8,19.53,19.61,102255900
2010-11-19,19.83,19.84,19.5,19.61,100759700
2010-11-22,19.65,19.68,19.38,19.56,65402000
2010-11-23,19.44,19.44,19.18,19.2,91969500
2010-11-24,19.33,19.55,19.32,19.46,63880400
2010-11-26,19.49,19.72,19.41,19.49,26257400
2010-11-29,19.47,19.54,19.23,19.44,51951000
2010-11-30,19.24,19.35,19.13,19.16,63406700
2010-12-01,19.34,19.39,19.26,19.32,79322800
2010-12-02,19.36,19.4,19.12,19.22,113636300
2010-12-03,19.16,19.17,19.0,19.07,89385000
2010-12-06,19.31,19.6,19.27,19.43,79017400
2010-12-07,19.7,19.7,19.36,19.39,74980300
2010-12-08,19.37,19.45,19.31,19.35,53976900
2010-12-09,19.49,19.82,19.39,19.7,91965400
2010-12-10,19.75,19.76,19.51,19.7,64813100
2010-12-13,19.85,19.92,19.56,19.58,62987200
2010-12-14,19.65,19.87,19.52,19.54,57015900
2010-12-15,19.58,19.67,19.43,19.47,57939500
2010-12-16,19.44,19.76,19.43,19.75,61253000
2010-12-17,19.7,19.78,19.5,19.55,115525000
2010-12-20,19.58,19.72,19.52,19.62,49113500
2010-12-21,19.64,19.77,19.5,19.53,62386300
2010-12-22,19.54,19.57,19.51,19.56,42787100
2010-12-23,19.54,19.76,19.5,19.69,41599200
2010-12-27,19.84,20.4,19.81,20.16,62054900
2010-12-28,20.37,20.51,20.28,20.35,57275400
2010-12-29,20.49,20.51,20.25,20.25,32977000
2010-12-30,20.32,20.35,20.21,20.23,25576700
2010-12-31,20.24,20.24,20.08,20.23,28677200
2011-01-03,20.45,20.62,20.38,20.49,54310200
2011-01-04,20.51,20.6,20.4,20.52,46273800
2011-01-05,20.58,20.85,20.53,20.77,69380400
2011-01-06,20.91,20.96,20.76,20.95,65845400
2011-01-07,20.86,21.0,20.83,20.97,67732200
2011-01-10,20.94,20.95,20.7,20.79,40679700
2011-01-11,20.9,20.96,20.79,20.88,38343800
2011-01-12,21.0,21.14,20.96,21.12,40646100
2011-01-13,21.18,21.23,21.01,21.08,35006700
2011-01-14,21.13,21.24,21.059999,21.21,35176400
2011-01-18,21.22,21.33,21.21,21.22,46668500
2011-01-19,21.32,21.33,20.7,20.82,53574600
2011-01-20,20.61,20.91,20.5,20.77,53291700
2011-01-21,20.97,20.98,20.68,20.73,40172600
2011-01-24,20.84,21.18,20.73,21.17,44068400
2011-01-25,21.16,21.57,21.08,21.54,72726400
2011-01-26,21.48,21.61,21.26,21.42,65525000
2011-01-27,21.37,21.49,21.26,21.44,36827200
2011-01-28,21.49,21.57,20.86,20.93,46540500
2011-01-31,20.93,21.18,20.71,21.15,40390800
2011-02-01,21.27,21.56,21.26,21.47,40519800
2011-02-02,21.52,21.69,21.42,21.62,41287400
2011-02-03,21.7,21.97,21.65,21.91,54002000
2011-02-04,21.9,22.15,21.81,22.049999,60134800
2011-02-07,22.11,22.34,22.030001,22.030001,52408400
2011-02-08,21.95,22.01,21.71,21.99,73163000
2011-02-09,21.92,22.15,21.9,22.040001,125425600
2011-02-10,19.65,19.7,18.79,18.92,560040200
2011-02-11,19.11,19.14,18.61,18.7,189326900
2011-02-14,18.84,18.95,18.68,18.81,109308400
2011-02-15,18.89,18.92,18.63,18.67,90320500
2011-02-16,18.77,18.79,18.56,18.58,101531800
2011-02-17,18.63,18.76,18.58,18.68,89097600
2011-02-18,18.74,19.02,18.68,18.85,90035800
2011-02-22,18.73,18.74,18.55,18.59,74954500
2011-02-23,18.57,18.66,18.29,18.4,89185300
2011-02-24,18.39,18.51,18.23,18.36,71863700
2011-02-25,18.51,18.7,18.47,18.64,49209600
2011-02-28,18.62,18.75,18.51,18.56,62256300
2011-03-01,18.67,18.79,18.5,18.56,61977900
2011-03-02,18.49,18.62,18.44,18.5,63392600
2011-03-03,18.63,18.65,18.5,18.53,57031300
2011-03-04,18.53,18.59,18.31,18.4,57403000
2011-03-07,18.36,18.37,18.030001,18.2,70862500
2011-03-08,18.17,18.3,18.02,18.22,54964300
2011-03-09,18.11,18.2,18.02,18.12,53213800
2011-03-10,18.040001,18.07,17.9,17.92,63935800
2011-03-11,17.81,18.01,17.76,17.95,68251500
2011-03-14,17.81,17.88,17.74,17.85,45156200
2011-03-15,17.31,17.48,17.25,17.39,97003700
2011-03-16,17.33,17.57,17.01,17.049999,93486600
2011-03-17,17.13,17.2,16.97,17.0,83343500
2011-03-18,17.35,17.42,17.07,17.14,125171000
2011-03-21,17.34,17.55,17.3,17.39,57397200
2011-03-22,17.42,17.61,17.29,17.45,63906900
2011-03-23,17.42,17.6,17.34,17.58,52147800
2011-03-24,17.62,17.64,17.35,17.36,57829100
2011-03-25,17.38,17.41,17.2,17.28,53219900
2011-03-28,17.36,17.54,17.17,17.19,63408300
2011-03-29,17.21,17.45,17.19,17.44,57191900
2011-03-30,17.58,17.6,17.3,17.33,60260900
2011-03-31,17.32,17.45,17.15,17.15,64974000
2011-04-01,17.29,17.3,16.99,17.040001,62747100
2011-04-04,17.01,17.14,17.0,17.059999,57644300
2011-04-05,17.16,17.49,17.12,17.22,103442400
2011-04-06,17.44,18.19,17.38,18.07,176814200
2011-04-07,18.16,18.29,17.72,17.91,119269200
2011-04-08,17.97,17.99,17.53,17.65,82734700
2011-04-11,17.71,17.76,17.36,17.47,56427900
2011-04-12,17.5,17.58,17.36,17.44,65853700
2011-04-13,17.5,17.5,17.22,17.25,60912400
2011-04-14,17.15,17.22,17.049999,17.17,58261800
2011-04-15,17.19,17.3,16.97,17.030001,82667700
2011-04-18,16.88,16.9,16.59,16.73,86550700
2011-04-19,16.65,16.76,16.52,16.61,76498000
2011-04-20,16.9,16.96,16.79,16.93,86372600
2011-04-21,16.94,16.99,16.86,16.94,57013900
2011-04-25,16.93,17.16,16.9,17.1,42745400
2011-04-26,17.21,17.64,17.14,17.52,81600000
2011-04-27,17.6,17.64,17.08,17.19,97724100
2011-04-28,17.2,17.38,17.18,17.29,52900000
2011-04-29,17.32,17.56,17.26,17.52,137455300
2011-05-02,17.51,17.6,17.39,17.58,46838800
2011-05-03,17.53,17.57,17.29,17.41,56900000
2011-05-04,17.37,17.56,17.28,17.47,58190500
2011-05-05,17.48,17.68,17.45,17.48,67908600
2011-05-06,17.63,17.7,17.5,17.56,60439500
2011-05-09,17.53,17.67,17.47,17.6,46982400
2011-05-10,17.65,17.94,17.65,17.79,68810700
2011-05-11,17.82,17.99,17.65,17.78,129200000
2011-05-12,16.96,17.08,16.64,16.93,238300000
2011-05-13,16.86,16.96,16.78,16.88,80195400
2011-05-16,16.82,16.87,16.6,16.6,81604100
2011-05-17,16.5,16.72,16.46,16.64,78204700
2011-05-18,16.64,16.66,16.34,16.65,92724700
2011-05-19,16.75,16.83,16.56,16.66,68259900
2011-05-20,16.68,16.72,16.51,16.53,50894200
2011-05-23,16.41,16.44,16.22,16.35,68300000
2011-05-24,16.4,16.46,16.25,16.27,42476600
2011-05-25,16.15,16.26,16.11,16.19,59601900
2011-05-26,16.16,16.37,16.15,16.25,64698900
2011-05-27,16.24,16.51,16.24,16.46,49534400
2011-05-31,16.59,16.82,16.51,16.8,56638700
2011-06-01,16.76,16.77,16.36,16.38,61885900
2011-06-02,16.31,16.52,16.23,16.25,62685200
2011-06-03,16.14,16.19,15.98,16.01,74861100
2011-06-06,16.02,16.17,15.88,15.99,58219800
2011-06-07,16.040001,16.040001,15.49,15.51,107881100
2011-06-08,15.41,15.58,15.21,15.3,100248400
2011-06-09,15.32,15.47,15.25,15.31,67591200
2011-06-10,15.31,15.36,15.01,15.12,78257800
2011-06-13,15.14,15.28,15.04,15.06,63586100
2011-06-14,15.11,15.22,14.92,15.08,91526300
2011-06-15,14.96,14.99,14.78,14.84,92323100
2011-06-16,14.84,15.1,14.8,15.05,73024300
2011-06-17,15.18,15.2,14.9,14.97,80876700
2011-06-20,14.94,15.17,14.93,15.14,54052600
2011-06-21,15.2,15.57,15.15,15.51,85430700
2011-06-22,15.48,15.64,15.33,15.36,48404300
2011-06-23,15.18,15.49,15.08,15.47,63981500
2011-06-24,15.44,15.44,14.92,14.93,177861600
2011-06-27,14.94,15.15,14.94,15.05,76915200
2011-06-28,15.08,15.14,14.96,15.13,52428700
2011-06-29,15.18,15.4,15.12,15.34,47452800
2011-06-30,15.36,15.66,15.34,15.61,52609600
2011-07-01,15.63,15.95,15.6,15.86,65130300
2011-07-05,15.87,15.92,15.55,15.67,44364600
2011-07-06,15.62,15.68,15.45,15.56,43221700
2011-07-07,15.64,15.99,15.61,15.9,70174000
2011-07-08,15.76,15.9,15.56,15.74,50343200
2011-07-11,15.55,15.62,15.33,15.43,44407800
2011-07-12,15.43,15.96,15.42,15.6,88242600
2011-07-13,15.7,15.85,15.5,15.57,47732700
2011-07-14,15.56,15.76,15.4,15.43,50153300
2011-07-15,15.52,15.7,15.45,15.59,54798300
2011-07-18,15.49,15.54,15.27,15.44,45271200
2011-07-19,15.55,15.7,15.42,15.66,58280600
2011-07-20,15.64,15.95,15.58,15.82,60146400
2011-07-21,15.82,16.47,15.82,16.35,93220600
2011-07-22,16.44,16.5,16.25,16.46,48364800
2011-07-25,16.34,16.38,16.16,16.28,33870200
2011-07-26,16.26,16.39,16.2,16.29,40154000
2011-07-27,15.92,16.01,15.58,15.69,80752600
2011-07-28,15.96,16.3,15.83,16.01,79457800
2011-07-29,15.9,16.13,15.8,15.97,66844900
2011-08-01,16.08,16.25,15.55,15.83,60652700
2011-08-02,15.61,15.81,15.45,15.46,56227200
2011-08-03,15.48,15.54,15.18,15.49,70369500
2011-08-04,15.27,15.32,14.81,14.82,92196500
2011-08-05,14.91,15.28,14.36,14.94,122400100
2011-08-08,14.41,14.63,13.94,13.94,125326200
2011-08-09,14.07,14.12,13.3,14.06,144579300
2011-08-10,13.93,14.23,13.7,13.73,146477100
2011-08-11,15.45,16.24,15.36,15.92,286920000
2011-08-12,15.94,16.2,15.64,15.99,95554300
2011-08-15,16.01,16.07,15.83,16.030001,65125900
2011-08-16,15.86,16.059999,15.7,16.0,58987000
2011-08-17,15.97,16.07,15.65,15.85,54508900
2011-08-18,15.39,15.47,14.9,15.01,104626600
2011-08-19,14.92,15.46,14.9,15.08,90584300
2011-08-22,15.23,15.4,14.95,15.01,68733900
2011-08-23,15.01,15.44,15.01,15.44,57774500
2011-08-24,15.36,15.56,15.16,15.46,59278900
2011-08-25,15.52,15.54,15.02,15.08,54369300
2011-08-26,15.08,15.55,15.02,15.32,49949400
2011-08-29,15.51,15.76,15.4,15.74,39188200
2011-08-30,15.67,15.78,15.39,15.63,51028200
2011-08-31,15.73,15.95,15.54,15.67,50687300
2011-09-01,15.69,16.0,15.61,15.82,73754200
2011-09-02,15.51,15.72,15.3,15.41,55499700
2011-09-06,15.1,15.29,15.01,15.28,62388100
2011-09-07,15.42,15.91,15.41,15.88,58515000
2011-09-08,15.85,16.45,15.82,16.29,103787400
2011-09-09,16.15,16.18,15.72,15.82,79002800
2011-09-12,15.55,16.1,15.55,16.09,53937300
2011-09-13,16.08,16.5,15.94,16.35,82622700
2011-09-14,16.39,16.66,16.31,16.33,79447500
2011-09-15,16.47,16.7,16.32,16.67,47652400
2011-09-16,16.72,16.84,16.53,16.62,62292100
2011-09-19,16.45,16.58,16.16,16.51,42149400
2011-09-20,16.45,16.67,16.33,16.53,48832400
2011-09-21,16.53,16.6,15.83,15.84,70842500
2011-09-22,15.49,15.71,14.96,15.33,92151700
2011-09-23,15.16,15.84,15.12,15.61,66118200
2011-09-26,15.65,16.02,15.5,15.99,53217300
2011-09-27,16.16,16.36,15.97,16.07,64908200
2011-09-28,16.18,16.36,15.81,15.84,47967800
2011-09-29,16.09,16.25,15.53,15.85,59527500
2011-09-30,15.63,15.77,15.48,15.5,50447300
2011-10-03,15.3,15.47,15.17,15.19,79202800
2011-10-04,14.95,15.62,14.93,15.58,80847200
2011-10-05,15.57,16.52,15.5,16.16,119792300
2011-10-06,16.21,16.76,16.17,16.75,74775100
2011-10-07,16.76,16.94,16.5,16.66,58373900
2011-10-10,16.91,17.14,16.85,17.09,48940100
2011-10-11,17.0,17.1,16.86,16.99,53682000
2011-10-12,17.13,17.4,17.01,17.25,70255500
2011-10-13,17.17,17.43,17.17,17.42,44234300
2011-10-14,17.54,17.67,17.35,17.55,43852200
2011-10-17,17.37,17.47,17.02,17.17,37621700
2011-10-18,17.18,17.67,16.97,17.51,42784700
2011-10-19,17.4,17.54,17.049999,17.16,35829200
2011-10-20,17.2,17.26,16.8,17.19,39739700
2011-10-21,17.33,17.6,17.19,17.38,46176900
2011-10-24,17.38,17.67,17.26,17.54,37792500
2011-10-25,17.54,17.74,17.49,17.62,44039200
2011-10-26,17.76,17.89,17.3,17.61,44776600
2011-10-27,18.040001,18.58,17.99,18.44,105736800
2011-10-28,18.28,18.6,18.21,18.56,47736100
2011-10-31,18.34,18.55,18.21,18.53,50718200
2011-11-01,18.049999,18.049999,17.53,17.59,67814500
2011-11-02,17.74,17.94,17.59,17.85,38986200
2011-11-03,17.98,18.2,17.71,18.18,39658500
2011-11-04,18.08,18.1,17.75,18.030001,39823600
2011-11-07,18.0,18.24,17.79,18.01,44475200
2011-11-08,18.15,18.34,17.96,18.31,50448200
2011-11-09,18.040001,18.040001,17.44,17.61,80049500
2011-11-10,18.69,18.91,18.42,18.61,148101900
2011-11-11,18.79,19.15,18.76,19.02,80558400
2011-11-14,18.95,19.1,18.86,18.94,46650700
2011-11-15,18.81,19.19,18.79,19.12,45564300
2011-11-16,18.95,19.15,18.77,18.8,54561100
2011-11-17,18.8,18.82,18.22,18.48,55373800
2011-11-18,18.46,18.63,18.22,18.42,38219600
2011-11-21,18.13,18.31,17.78,18.0,54357100
2011-11-22,17.9,18.13,17.7,17.92,39697900
2011-11-23,17.72,17.8,17.4,17.41,47636000
2011-11-25,17.25,17.8,17.22,17.5,24466200
2011-11-28,17.92,18.1,17.84,18.01,45992200
2011-11-29,18.01,18.15,17.66,17.68,53296800
2011-11-30,18.24,18.79,18.16,18.64,74532800
2011-12-01,18.68,18.72,18.32,18.58,41438400
2011-12-02,18.68,18.98,18.53,18.55,46249200
2011-12-05,18.84,18.89,18.66,18.79,43528500
2011-12-06,18.78,18.89,18.71,18.73,29136200
2011-12-07,18.76,19.049999,18.57,18.99,54876800
2011-12-08,18.87,19.07,18.45,18.57,47298800
2011-12-09,18.58,18.96,18.49,18.88,44018700
2011-12-12,18.62,18.7,18.26,18.53,44118300
2011-12-13,18.57,18.85,18.34,18.47,48006900
2011-12-14,18.46,18.5,17.88,17.98,59671000
2011-12-15,18.17,18.25,17.93,18.040001,39810900
2011-12-16,18.19,18.53,17.94,17.94,94963600
2011-12-19,17.96,18.01,17.62,17.69,39711600
2011-12-20,17.92,18.48,17.91,18.41,44825500
2011-12-21,18.23,18.35,17.82,17.92,57677700
2011-12-22,18.01,18.22,17.97,18.13,37599700
2011-12-23,18.15,18.49,18.13,18.47,23341700
2011-12-27,18.48,18.64,18.46,18.58,22932400
2011-12-28,18.52,18.59,18.11,18.16,26740600
2011-12-29,18.15,18.27,18.14,18.25,17640100
2011-12-30,18.19,18.29,18.049999,18.08,20775000
2012-01-03,18.55,18.86,18.48,18.63,41236600
2012-01-04,18.44,19.0,18.35,18.99,52927700
2012-01-05,18.93,19.0,18.67,18.92,37865300
2012-01-06,18.95,19.0,18.83,18.85,27796900
2012-01-09,18.87,19.1,18.79,18.97,37811500
2012-01-10,19.08,19.25,18.77,18.83,45488300
2012-01-11,18.94,19.14,18.87,19.07,32482200
2012-01-12,19.12,19.2,18.96,19.15,31101700
2012-01-13,19.01,19.17,18.88,19.059999,32143700
2012-01-17,19.23,19.32,19.11,19.31,40402800
2012-01-18,19.37,19.63,19.33,19.54,56573500
2012-01-19,19.68,19.95,19.6,19.79,52482100
2012-01-20,19.75,19.93,19.67,19.92,42046700
2012-01-23,19.85,20.07,19.56,19.83,50013100
2012-01-24,19.75,19.86,19.56,19.82,30828500
2012-01-25,19.8,19.87,19.48,19.83,37205000
2012-01-26,19.97,19.99,19.71,19.83,36818500
2012-01-27,19.58,19.69,19.36,19.56,43539600
2012-01-30,19.4,19.63,19.27,19.56,31384800
2012-01-31,19.69,19.73,19.44,19.65,40629600
2012-02-01,19.84,19.95,19.7,19.8,57074800
2012-02-02,19.83,19.98,19.8,19.8,36405200
2012-02-03,19.99,20.2,19.91,20.09,54491000
2012-02-06,20.040001,20.2,19.92,20.19,37141900
2012-02-07,20.09,20.33,20.0,20.2,61422400
2012-02-08,20.22,20.45,20.09,20.43,91349200
2012-02-09,20.23,20.49,19.87,20.0,131157200
2012-02-10,19.79,20.059999,19.73,19.9,63115200
2012-02-13,20.01,20.059999,19.9,20.030001,50426600
2012-02-14,19.9,20.07,19.83,20.07,31854000
2012-02-15,20.09,20.21,19.85,19.91,44880700
2012-02-16,19.98,20.27,19.91,20.19,42558500
2012-02-17,20.2,20.35,20.0,20.29,54249700
2012-02-21,20.3,20.49,20.17,20.36,41222900
2012-02-22,20.41,20.46,20.049999,20.12,36219200
2012-02-23,20.08,20.25,19.92,20.23,30008000
2012-02-24,20.27,20.33,20.11,20.14,27220500
2012-02-27,19.99,20.26,19.97,20.17,37170200
2012-02-28,20.16,20.22,20.02,20.2,34349100
2012-02-29,20.18,20.2,19.84,19.88,46229800
2012-03-01,19.91,19.96,19.74,19.88,43149300
2012-03-02,19.84,19.89,19.71,19.76,27449600
2012-03-05,19.73,19.75,19.46,19.6,31971300
2012-03-06,19.43,19.53,19.32,19.48,36742300
2012-03-07,19.5,19.53,19.4,19.41,34751400
2012-03-08,19.57,19.78,19.53,19.68,36655500
2012-03-09,19.73,19.89,19.68,19.8,26274400
2012-03-12,19.82,19.88,19.66,19.83,26316200
2012-03-13,19.9,20.22,19.89,20.22,33326000
2012-03-14,20.16,20.38,20.059999,20.2,41190400
2012-03-15,20.059999,20.2,19.8,19.91,55020200
2012-03-16,20.01,20.049999,19.9,20.030001,56363000
2012-03-19,19.94,20.28,19.94,20.14,30276500
2012-03-20,20.040001,20.64,20.01,20.57,61659600
2012-03-21,20.56,20.65,20.35,20.5,39135200
2012-03-22,20.35,20.57,20.27,20.38,32211700
2012-03-23,20.34,20.59,20.25,20.53,27646700
2012-03-26,20.7,20.86,20.65,20.84,29098800
2012-03-27,20.93,21.049999,20.88,20.91,44476400
2012-03-28,20.85,21.11,20.73,21.08,39839300
2012-03-29,20.96,21.24,20.85,21.030001,36518000
2012-03-30,21.12,21.19,20.98,21.15,35673900
2012-04-02,21.14,21.3,21.049999,21.19,30716500
2012-04-03,21.11,21.19,20.63,20.82,64106700
2012-04-04,20.64,20.77,20.25,20.36,43848100
2012-04-05,20.18,20.37,20.07,20.22,30611900
2012-04-09,19.97,20.16,19.87,19.96,26416300
2012-04-10,19.94,20.1,19.52,19.55,44896400
2012-04-11,19.68,20.040001,19.62,20.02,40610100
2012-04-12,20.09,20.28,19.98,20.059999,32041300
2012-04-13,20.02,20.040001,19.79,19.85,27901500
2012-04-16,19.92,19.96,19.57,19.73,35250100
2012-04-17,19.81,20.15,19.75,20.08,28770700
2012-04-18,19.95,20.15,19.88,20.059999,27563400
2012-04-19,20.02,20.31,19.78,19.91,34583500
2012-04-20,19.93,20.040001,19.84,19.91,34257200
2012-04-23,19.77,19.78,19.58,19.68,27406400
2012-04-24,19.76,19.85,19.35,19.42,67526600
2012-04-25,19.59,19.69,19.27,19.49,48461800
2012-04-26,19.48,19.67,19.37,19.6,43037600
2012-04-27,19.64,20.030001,19.58,19.98,47505900
2012-04-30,19.85,20.17,19.82,20.16,36405500
2012-05-01,20.11,20.16,19.98,19.98,31761800
2012-05-02,19.91,19.94,19.63,19.84,32168300
2012-05-03,19.92,19.95,19.65,19.72,29626200
2012-05-04,19.52,19.53,19.030001,19.12,41733900
2012-05-07,19.02,19.26,19.0,19.08,34078500
2012-05-08,18.9,18.9,18.62,18.71,52278000
2012-05-09,18.58,18.89,18.48,18.78,78275200
2012-05-10,17.17,17.32,16.76,16.81,198450600
2012-05-11,16.76,16.99,16.5,16.51,75215300
2012-05-14,16.4,16.83,16.37,16.71,57497300
2012-05-15,16.74,16.76,16.51,16.54,66148000
2012-05-16,16.83,16.89,16.61,16.69,57794300
2012-05-17,16.69,16.8,16.55,16.55,41625200
2012-05-18,16.61,16.64,16.37,16.47,57520600
2012-05-21,16.51,16.7,16.37,16.67,37628500
2012-05-22,16.66,16.82,16.62,16.73,42979200
2012-05-23,16.56,16.76,16.43,16.69,42459500
2012-05-24,16.69,16.7,16.35,16.39,52604300
2012-05-25,16.46,16.56,16.32,16.33,41838300
2012-05-29,16.51,16.64,16.39,16.59,37091400
2012-05-30,16.46,16.48,16.35,16.39,36488300
2012-05-31,16.36,16.52,16.26,16.33,51969400
2012-06-01,16.08,16.15,15.94,15.96,48493800
2012-06-04,15.98,16.13,15.92,16.11,29743500
2012-06-05,16.059999,16.28,15.98,16.12,34648800
2012-06-06,16.29,16.69,16.23,16.69,33224400
2012-06-07,16.88,16.92,16.53,16.58,34270300
2012-06-08,16.56,16.78,16.49,16.73,29773800
2012-06-11,16.87,16.89,16.45,16.48,31130800
2012-06-12,16.57,16.84,16.51,16.79,32713000
2012-06-13,16.74,16.85,16.56,16.66,39106800
2012-06-14,16.68,17.040001,16.6,16.92,39580100
2012-06-15,16.97,17.17,16.93,17.1,42601400
2012-06-18,17.08,17.25,17.030001,17.14,35400800
2012-06-19,17.28,17.36,17.11,17.18,41827300
2012-06-20,17.37,17.63,17.3,17.51,46238300
2012-06-21,17.51,17.55,16.87,16.93,44123400
2012-06-22,16.98,17.19,16.95,17.13,46489700
2012-06-25,17.01,17.030001,16.78,16.94,33219000
2012-06-26,16.97,16.99,16.65,16.82,31870100
2012-06-27,16.87,16.96,16.64,16.73,43502200
2012-06-28,16.63,16.63,16.22,16.48,56585800
2012-06-29,16.79,17.17,16.73,17.17,51020200
2012-07-02,17.11,17.16,16.96,17.08,20020400
2012-07-03,17.02,17.23,17.01,17.15,15823200
2012-07-05,16.99,17.030001,16.88,16.94,26299500
2012-07-06,16.88,16.94,16.67,16.77,27190800
2012-07-09,16.73,16.77,16.59,16.65,25580700
2012-07-10,16.76,16.78,16.33,16.41,35583200
2012-07-11,16.4,16.59,16.26,16.38,45504300
2012-07-12,16.16,16.24,15.96,15.98,70081400
2012-07-13,15.99,16.37,15.98,16.31,24553400
2012-07-16,16.21,16.25,16.02,16.19,26437700
2012-07-17,16.37,16.37,15.94,16.23,30992900
2012-07-18,16.25,16.76,16.2,16.7,33888400
2012-07-19,16.73,16.8,16.59,16.68,30426300
2012-07-20,16.58,16.74,16.35,16.36,36050000
2012-07-23,16.059999,16.15,15.93,16.07,40090000
2012-07-24,15.75,15.75,15.0,15.12,101816000
2012-07-25,15.2,15.56,14.96,15.42,61477900
2012-07-26,15.7,15.78,15.35,15.38,55945200
2012-07-27,15.51,15.76,15.3,15.69,40305400
2012-07-30,15.71,16.07,15.67,15.87,36366500
2012-07-31,15.87,16.11,15.85,15.95,33961900
2012-08-01,16.01,16.07,15.76,15.98,47398000
2012-08-02,15.8,16.11,15.65,15.74,47426700
2012-08-03,16.08,16.44,15.97,16.35,40928300
2012-08-06,16.49,16.83,16.46,16.69,32129000
2012-08-07,16.84,17.21,16.81,17.14,41694700
2012-08-08,17.040001,17.16,16.86,17.16,24821800
2012-08-09,17.61,17.79,17.48,17.7,61054300
2012-08-10,17.49,17.56,17.3,17.54,38278100
2012-08-13,17.54,17.59,17.23,17.34,33823200
2012-08-14,17.4,17.4,17.11,17.17,40256600
2012-08-15,17.15,17.53,17.12,17.35,63235200
2012-08-16,18.63,19.14,18.57,19.02,152184100
2012-08-17,19.030001,19.23,18.96,19.059999,55706700
2012-08-20,19.0,19.15,18.8,18.94,39384600
2012-08-21,19.0,19.27,18.98,19.16,45522300
2012-08-22,19.07,19.22,18.96,19.22,47546000
2012-08-23,19.15,19.39,19.040001,19.13,37601200
2012-08-24,19.040001,19.24,18.93,19.2,32440300
2012-08-27,19.24,19.37,19.14,19.36,32091900
2012-08-28,19.31,19.35,19.16,19.22,30468900
2012-08-29,19.22,19.26,19.0,19.2,29766800
2012-08-30,19.08,19.08,18.83,18.9,24683300
2012-08-31,19.1,19.25,18.92,19.08,38502400
2012-09-04,18.99,19.14,18.8,19.0,27006700
2012-09-05,19.0,19.12,18.87,18.9,30580300
2012-09-06,19.07,19.75,19.049999,19.73,59444100
2012-09-07,19.55,19.65,19.25,19.56,44786600
2012-09-10,19.43,19.47,19.1,19.15,40047200
2012-09-11,19.12,19.25,18.93,19.040001,31320100
2012-09-12,19.11,19.27,19.040001,19.08,28482200
2012-09-13,19.059999,19.52,19.02,19.36,37780500
2012-09-14,19.36,19.69,19.34,19.49,46351900
2012-09-17,19.16,19.31,19.059999,19.16,36731800
2012-09-18,19.059999,19.27,19.01,19.049999,45475300
2012-09-19,19.18,19.21,18.95,19.12,29693900
2012-09-20,19.030001,19.11,18.9,19.11,25116000
2012-09-21,19.15,19.2,18.89,18.9,42198200
2012-09-24,18.86,18.98,18.69,18.81,32180400
2012-09-25,18.95,18.97,18.63,18.67,33991600
2012-09-26,18.69,18.75,18.35,18.58,30273700
2012-09-27,18.68,18.88,18.55,18.8,29813600
2012-09-28,19.0,19.36,19.0,19.1,61124700
2012-10-01,19.23,19.4,18.94,19.040001,37481100
2012-10-02,19.09,19.14,18.73,18.87,34712100
2012-10-03,18.96,19.1,18.88,18.93,33816700
2012-10-04,19.01,19.049999,18.85,18.9,29734700
2012-10-05,19.040001,19.14,18.8,18.86,27750400
2012-10-08,18.89,19.08,18.81,18.9,24170900
2012-10-09,18.93,19.059999,18.76,18.8,42377800
2012-10-10,18.8,18.8,18.29,18.31,42085700
2012-10-11,18.47,18.48,18.15,18.26,28339700
2012-10-12,18.26,18.46,18.22,18.41,27099200
2012-10-15,18.49,18.64,18.41,18.55,27799100
2012-10-16,18.63,18.91,18.55,18.85,28580200
2012-10-17,18.57,18.8,18.5,18.71,28359400
2012-10-18,18.61,18.75,18.5,18.61,40270300
2012-10-19,18.58,18.6,18.0,18.040001,63724300
2012-10-22,18.12,18.23,18.01,18.19,26334500
2012-10-23,18.0,18.17,17.94,18.01,33985300
2012-10-24,18.030001,18.08,17.29,17.38,61961200
2012-10-25,17.53,17.53,17.07,17.2,46349800
2012-10-26,17.2,17.39,17.11,17.29,31188400
2012-10-31,17.38,17.43,17.01,17.15,36797100
2012-11-01,17.17,17.58,17.0,17.51,32484300
2012-11-02,17.64,17.68,17.31,17.35,28769400
2012-11-05,17.33,17.44,17.2,17.4,22190800
2012-11-06,17.44,17.71,17.35,17.48,35544700
2012-11-07,17.45,17.9,17.09,17.21,49610000
2012-11-08,17.22,17.36,16.78,16.83,56064800
2012-11-09,16.7,17.030001,16.68,16.82,43085800
2012-11-12,16.86,17.09,16.75,16.86,28768400
2012-11-13,16.71,16.94,16.69,16.85,72206200
2012-11-14,18.049999,18.25,17.62,17.66,97058200
2012-11-15,17.75,18.08,17.74,17.94,55885900
2012-11-16,17.93,18.049999,17.8,17.99,60820500
2012-11-19,18.27,18.34,18.1,18.3,40616400
2012-11-20,18.29,18.36,18.07,18.34,30378100
2012-11-21,18.37,18.62,18.27,18.48,30479300
2012-11-23,18.6,18.89,18.53,18.84,17263100
2012-11-26,18.79,19.07,18.59,19.059999,34603000
2012-11-27,18.9,19.1,18.84,18.96,53080000
2012-11-28,18.89,18.96,18.55,18.83,41262800
2012-11-29,18.98,19.1,18.92,19.01,32450600
2012-11-30,19.040001,19.13,18.83,18.91,45199100
2012-12-03,19.02,19.16,18.95,19.030001,32381500
2012-12-04,19.08,19.2,19.0,19.17,34313500
2012-12-05,19.16,19.45,19.14,19.21,36982900
2012-12-06,19.22,19.5,19.2,19.48,35834800
2012-12-07,19.6,19.74,19.16,19.34,50602300
2012-12-10,19.35,19.9,19.34,19.79,62863500
2012-12-11,19.85,20.07,19.67,19.78,58464200
2012-12-12,19.84,19.89,19.69,19.73,38701100
2012-12-13,19.69,19.84,19.6,19.74,37844200
2012-12-14,19.74,20.0,19.69,19.86,40804400
2012-12-17,19.88,20.14,19.8,20.11,46857100
2012-12-18,20.1,20.42,20.02,20.38,41963100
2012-12-19,20.42,20.54,20.24,20.27,38097400
2012-12-20,20.27,20.33,20.15,20.24,29942600
2012-12-21,19.95,20.049999,19.59,19.96,67611700
2012-12-24,19.87,19.96,19.74,19.83,12550700
2012-12-26,19.83,20.07,19.75,19.92,22083800
2012-12-27,19.89,19.91,19.45,19.65,35286600
2012-12-28,19.49,19.64,19.42,19.45,24596400
2012-12-31,19.38,19.76,19.31,19.65,32388300
2013-01-02,20.12,20.34,20.01,20.34,40304500
2013-01-03,20.46,20.5,20.3,20.45,50603500
2013-01-04,20.41,20.68,20.39,20.48,36378900
2013-01-07,20.38,20.42,20.16,20.29,30790700
2013-01-08,20.18,20.34,20.08,20.31,33218100
2013-01-09,20.26,20.54,20.25,20.3,30380100
2013-01-10,20.35,20.49,20.29,20.44,31419200
2013-01-11,20.4,20.51,20.33,20.48,23423800
2013-01-14,20.68,20.99,20.65,20.97,55156900
2013-01-15,20.92,20.99,20.78,20.98,29550900
2013-01-16,20.91,21.18,20.88,21.030001,39685100
2013-01-17,20.79,21.030001,20.78,20.95,41951400
2013-01-18,20.85,21.040001,20.81,21.02,42835000
2013-01-22,20.95,21.0,20.61,20.87,35955400
2013-01-23,20.89,20.89,20.61,20.62,37130100
2013-01-24,20.85,21.1,20.82,21.02,47256000
2013-01-25,21.1,21.25,21.049999,21.15,28354800
2013-01-28,21.21,21.26,21.049999,21.059999,30431400
2013-01-29,20.98,20.99,20.65,20.78,35300200
2013-01-30,20.86,20.87,20.4,20.58,35260400
2013-01-31,20.62,20.9,20.56,20.57,29992500
2013-02-01,20.73,20.91,20.6,20.83,25754100
2013-02-04,20.87,21.13,20.79,20.82,32053300
2013-02-05,20.88,21.2,20.88,21.08,24952600
2013-02-06,21.049999,21.22,20.98,21.19,27848400
2013-02-07,21.21,21.26,21.0,21.1,34442900
2013-02-08,21.17,21.3,21.13,21.16,23056900
2013-02-11,21.24,21.34,21.15,21.27,33552000
2013-02-12,21.25,21.27,20.94,20.97,46463500
2013-02-13,21.0,21.14,20.93,21.14,63608700
2013-02-14,20.88,21.0,20.51,20.99,67172100
2013-02-15,20.94,21.07,20.92,20.99,44439700
2013-02-19,21.01,21.48,20.95,21.46,45590500
2013-02-20,21.49,21.67,21.07,21.11,47494700
2013-02-21,21.0,21.02,20.71,20.76,33007100
2013-02-22,20.81,20.93,20.72,20.9,20483300
2013-02-25,21.0,21.2,20.65,20.66,37391400
2013-02-26,20.54,20.78,20.5,20.61,34254700
2013-02-27,20.6,21.02,20.44,20.89,25190900
2013-02-28,20.89,21.049999,20.74,20.86,30337500
2013-03-01,20.71,20.9,20.55,20.83,24174800
2013-03-04,20.74,20.78,20.58,20.74,22634600
2013-03-05,20.83,21.25,20.83,21.22,32829500
2013-03-06,21.3,21.79,21.24,21.72,45966600
2013-03-07,21.72,21.97,21.68,21.8,37379500
2013-03-08,21.84,21.97,21.77,21.83,23839100
2013-03-11,21.77,21.98,21.65,21.88,29120000
2013-03-12,21.76,21.84,21.54,21.7,25987300
2013-03-13,21.65,21.8,21.51,21.58,30188200
2013-03-14,21.7,21.86,21.45,21.59,40479600
2013-03-15,21.57,21.95,21.38,21.93,59804200
2013-03-18,21.74,21.95,21.61,21.67,30222300
2013-03-19,21.71,21.75,21.3,21.52,27264100
2013-03-20,21.63,21.74,21.58,21.67,24571600
2013-03-21,21.0,21.18,20.72,20.84,64437700
2013-03-22,20.93,21.07,20.69,20.75,39902900
2013-03-25,20.88,20.99,20.71,20.85,36429100
2013-03-26,20.94,20.96,20.69,20.85,27627800
2013-03-27,20.68,20.9,20.61,20.83,27760900
2013-03-28,20.84,20.94,20.77,20.9,28323200
2013-04-01,21.040001,21.38,20.78,20.83,40009200
2013-04-02,20.96,21.29,20.9,21.22,34098100
2013-04-03,21.28,21.37,21.11,21.2,30101400
2013-04-04,21.01,21.09,20.96,21.040001,25075100
2013-04-05,20.25,20.7,20.0,20.61,54767100
2013-04-08,20.69,20.73,20.47,20.57,22968600
2013-04-09,20.64,21.049999,20.58,20.97,27529500
2013-04-10,21.07,21.6,21.02,21.47,39308100
2013-04-11,21.33,21.7,21.27,21.69,35992200
2013-04-12,21.67,21.7,21.12,21.54,31584600
2013-04-15,21.45,21.64,21.049999,21.049999,27961000
2013-04-16,21.15,21.17,20.95,21.16,32745100
2013-04-17,20.95,21.02,20.59,20.63,30873000
2013-04-18,20.74,20.85,20.45,20.58,35401400
2013-04-19,20.2,20.55,19.98,20.46,51142000
2013-04-22,20.53,20.65,20.27,20.59,31452800
2013-04-23,20.75,21.1,20.73,20.91,34873500
2013-04-24,20.47,20.53,20.26,20.39,55759200
2013-04-25,20.5,20.77,20.39,20.64,40488500
2013-04-26,20.61,20.71,20.51,20.67,33713500
2013-04-29,20.65,21.07,20.47,20.98,29476200
2013-04-30,20.99,21.25,20.8,20.92,37777300
2013-05-01,20.83,20.9,20.35,20.38,44773400
2013-05-02,20.47,20.75,20.44,20.73,54869800
2013-05-03,20.93,20.96,20.76,20.83,41962700
2013-05-06,20.87,20.92,20.74,20.81,31315900
2013-05-07,20.68,20.71,20.29,20.38,55003400
2013-05-08,20.4,20.76,20.4,20.72,37412500
2013-05-09,20.72,20.95,20.62,20.83,25790200
2013-05-10,20.83,21.1,20.82,21.1,26926900
2013-05-13,21.14,21.28,21.049999,21.27,35347200
2013-05-14,21.21,21.42,21.15,21.27,38494300
2013-05-15,21.25,21.29,21.12,21.21,55412900
2013-05-16,23.51,24.24,23.36,23.89,201626500
2013-05-17,23.85,24.25,23.7,24.24,78569900
2013-05-20,23.9,23.97,23.64,23.95,54632000
2013-05-21,23.89,24.059999,23.59,24.01,48135200
2013-05-22,24.0,24.02,23.25,23.34,46836300
2013-05-23,23.12,23.61,23.059999,23.51,44376600
2013-05-24,23.39,23.66,23.31,23.53,25036200
2013-05-28,23.81,24.12,23.69,23.89,40023900
2013-05-29,23.71,24.24,23.7,24.12,37314000
2013-05-30,24.15,24.68,24.02,24.37,45162100
2013-05-31,24.2,24.53,24.08,24.12,40885800
2013-06-03,24.26,24.5,24.030001,24.38,30815300
2013-06-04,24.27,24.6,24.030001,24.36,30628500
2013-06-05,24.27,24.64,24.21,24.32,45742100
2013-06-06,24.48,24.69,24.24,24.55,44830200
2013-06-07,24.62,24.78,24.38,24.49,42729400
2013-06-10,24.57,24.67,24.28,24.36,33779400
2013-06-11,24.13,24.45,24.049999,24.07,28060200
2013-06-12,24.22,24.31,23.98,23.99,29980300
2013-06-13,23.93,24.4,23.88,24.35,27238900
2013-06-14,24.31,24.5,24.08,24.09,29841100
2013-06-17,24.26,24.96,24.23,24.7,46042800
2013-06-18,24.72,24.98,24.7,24.82,34939200
2013-06-19,24.78,24.96,24.68,24.68,29472900
2013-06-20,24.48,24.73,24.3,24.44,47759000
2013-06-21,24.38,24.62,24.21,24.48,62052200
2013-06-24,24.32,24.47,24.040001,24.059999,35972700
2013-06-25,24.31,24.44,23.99,24.01,41334800
2013-06-26,24.3,24.45,24.18,24.39,32721400
2013-06-27,24.47,24.71,24.46,24.63,27115400
2013-06-28,24.43,24.61,24.3,24.34,35574300
2013-07-01,24.42,24.83,24.31,24.34,33674000
2013-07-02,24.24,24.64,24.22,24.32,31098600
2013-07-03,24.36,24.84,24.27,24.59,24775000
2013-07-05,24.64,24.66,24.25,24.57,19984900
2013-07-08,24.66,24.75,24.39,24.63,34669400
2013-07-09,24.76,25.2,24.74,25.16,46103900
2013-07-10,25.07,25.56,25.059999,25.41,37757800
2013-07-11,25.62,25.93,25.57,25.87,45944600
2013-07-12,25.85,25.95,25.66,25.94,28410100
2013-07-15,25.78,25.99,25.64,25.93,26879600
2013-07-16,25.86,25.99,25.63,25.71,26336200
2013-07-17,25.8,25.86,25.6,25.72,22080800
2013-07-18,25.87,26.15,25.73,25.86,32996900
2013-07-19,25.86,26.0,25.62,25.82,39224200
2013-07-22,26.0,26.040001,25.48,25.72,30419600
2013-07-23,25.7,25.77,25.49,25.56,27954800
2013-07-24,25.84,25.99,25.45,25.59,27330800
2013-07-25,25.6,25.62,25.31,25.5,31482600
2013-07-26,25.25,25.5,25.23,25.5,19946400
2013-07-29,25.36,25.47,25.23,25.33,17839400
2013-07-30,25.46,26.040001,25.41,25.67,45348500
2013-07-31,25.8,25.89,25.55,25.59,30709400
2013-08-01,25.79,25.93,25.65,25.89,23330000
2013-08-02,25.8,26.19,25.73,26.19,26496700
2013-08-05,26.11,26.42,26.11,26.31,28701800
2013-08-06,26.41,26.41,26.059999,26.21,26093500
2013-08-07,26.31,26.49,26.12,26.12,33489600
2013-08-08,26.27,26.32,26.18,26.26,20512100
2013-08-09,26.3,26.35,25.86,26.049999,27309000
2013-08-12,25.86,26.45,25.85,26.34,32103600
2013-08-13,26.45,26.48,26.07,26.32,36466000
2013-08-14,26.45,26.45,25.97,26.38,77049400
2013-08-15,24.39,24.83,24.28,24.48,130110100
2013-08-16,24.53,24.66,24.25,24.27,42426200
2013-08-19,24.32,24.66,24.25,24.27,39630400
2013-08-20,24.28,24.56,24.22,24.32,43650200
2013-08-21,24.36,24.48,24.049999,24.07,33392900
2013-08-22,24.07,24.22,23.96,24.01,24327000
2013-08-23,24.07,24.16,23.84,23.86,41268600
2013-08-26,23.84,24.049999,23.76,23.83,35708500
2013-08-27,23.72,23.79,23.44,23.48,39768700
2013-08-28,23.55,23.58,23.38,23.45,28035900
2013-08-29,23.47,23.75,23.45,23.45,26605500
2013-08-30,23.46,23.55,23.22,23.31,35248400
2013-09-03,23.58,23.77,23.46,23.48,31875000
2013-09-04,23.52,23.92,23.5,23.77,27443900
2013-09-05,23.81,23.84,23.54,23.69,23926000
2013-09-06,23.82,23.84,23.39,23.55,28615800
2013-09-09,23.61,23.98,23.58,23.92,22744700
2013-09-10,24.030001,24.25,24.0,24.16,29302400
2013-09-11,24.2,24.41,24.18,24.38,25153200
2013-09-12,24.42,24.45,24.24,24.29,22340000
2013-09-13,24.33,24.41,24.2,24.32,18509900
2013-09-16,24.43,24.47,24.13,24.38,32119900
2013-09-17,24.39,24.55,24.3,24.37,19999500
2013-09-18,24.33,24.8,24.3,24.8,29541300
2013-09-19,24.5,24.75,24.41,24.61,40090900
2013-09-20,24.73,24.75,24.43,24.51,37420400
2013-09-23,24.38,24.45,24.11,24.27,26910300
2013-09-24,24.14,24.32,23.94,24.14,29762400
2013-09-25,24.19,24.55,24.12,24.43,26563800
2013-09-26,24.3,24.36,23.69,23.77,54577900
2013-09-27,23.35,23.55,23.049999,23.33,82455500
2013-09-30,23.12,23.53,23.02,23.43,40335700
2013-10-01,23.33,23.48,23.2,23.24,30137600
2013-10-02,23.1,23.36,23.0,23.32,40084700
2013-10-03,23.24,23.35,22.94,23.01,38161100
2013-10-04,22.96,23.09,22.85,23.02,33607800
2013-10-07,22.76,23.040001,22.63,22.89,29575900
2013-10-08,22.97,22.97,22.62,22.64,31865700
2013-10-09,22.66,22.76,22.29,22.5,45438300
2013-10-10,22.7,23.08,22.6,23.01,38817500
2013-10-11,23.02,23.38,22.97,23.28,27773800
2013-10-14,23.16,23.36,23.07,23.34,29103100
2013-10-15,23.36,23.42,23.17,23.18,26201200
2013-10-16,23.22,23.3,22.81,23.0,40483000
2013-10-17,22.8,22.88,22.42,22.78,69366300
2013-10-18,22.86,23.14,22.76,22.96,44486600
2013-10-21,23.11,23.11,22.81,22.93,34594600
2013-10-22,22.99,23.0,22.42,22.65,64553000
2013-10-23,22.61,22.64,22.2,22.26,49021400
2013-10-24,22.34,22.43,22.1,22.37,50130300
2013-10-25,22.59,22.63,22.35,22.46,34253400
2013-10-28,22.4,22.55,22.31,22.55,24072100
2013-10-29,22.66,22.93,22.56,22.83,30074200
2013-10-30,22.87,22.94,22.66,22.71,30465600
2013-10-31,22.64,22.71,22.44,22.56,34497400
2013-11-01,22.66,22.68,22.4,22.57,33328700
2013-11-04,22.55,22.64,22.42,22.58,28617000
2013-11-05,22.61,23.25,22.42,23.07,46343600
2013-11-06,23.21,23.37,23.02,23.28,48257800
2013-11-07,23.41,23.56,23.07,23.11,35502900
2013-11-08,23.28,23.52,23.09,23.51,30884100
2013-11-11,23.5,23.58,23.4,23.45,22694900
2013-11-12,23.43,23.84,23.43,23.73,38031100
2013-11-13,23.6,24.0,23.51,24.0,75234900
2013-11-14,20.94,21.44,20.77,21.37,243255400
2013-11-15,21.46,21.69,21.26,21.54,85506000
2013-11-18,21.6,21.72,21.2,21.29,66008900
2013-11-19,21.31,21.54,21.12,21.42,57309700
2013-11-20,21.47,21.47,21.22,21.23,44299700
2013-11-21,21.36,21.49,21.25,21.47,40695500
2013-11-22,21.41,21.5,21.31,21.46,41105000
2013-11-25,21.45,21.52,21.27,21.27,37566000
2013-11-26,21.3,21.41,21.08,21.21,48629300
2013-11-27,21.29,21.35,21.15,21.27,40021100
2013-11-29,21.39,21.44,21.2,21.25,25043700
2013-12-02,21.29,21.3,21.059999,21.09,35385200
2013-12-03,21.049999,21.26,21.02,21.26,52496700
2013-12-04,21.09,21.35,21.07,21.25,44535000
2013-12-05,21.2,21.3,20.89,20.91,61782100
2013-12-06,21.12,21.32,21.07,21.28,51266300
2013-12-09,21.3,21.33,21.2,21.22,41430000
2013-12-10,21.26,21.34,21.15,21.21,45957600
2013-12-11,20.99,21.01,20.65,20.88,66075000
2013-12-12,20.82,20.83,20.26,20.51,69575100
2013-12-13,20.58,20.58,20.22,20.24,51883000
2013-12-16,20.35,20.75,20.25,20.68,54485600
2013-12-17,20.74,21.13,20.68,20.92,45343300
2013-12-18,20.88,21.040001,20.52,21.0,55495300
2013-12-19,21.07,21.08,20.77,21.07,36678100
2013-12-20,21.059999,21.25,20.96,21.13,64140500
2013-12-23,21.25,21.63,21.22,21.57,41245900
2013-12-24,21.46,21.76,21.44,21.69,18372000
2013-12-26,21.72,21.88,21.72,21.8,17064400
2013-12-27,21.79,22.049999,21.78,22.02,24098500
2013-12-30,22.0,22.33,22.0,22.25,27711600
2013-12-31,22.25,22.47,22.15,22.43,33240500
2014-01-02,22.17,22.29,21.91,22.0,44377000
2014-01-03,22.09,22.12,21.83,21.98,36328200
2014-01-06,21.96,22.23,21.93,22.01,34150300
2014-01-07,22.26,22.41,22.15,22.31,37368800
2014-01-08,22.29,22.36,22.15,22.29,38362700
2014-01-09,22.29,22.31,21.92,22.09,31794000
2014-01-10,22.23,22.28,21.99,22.22,30318600
2014-01-13,22.39,22.82,22.14,22.19,59600000
2014-01-14,22.33,22.52,22.2,22.41,44300800
2014-01-15,22.5,23.0,22.42,22.78,61767800
2014-01-16,22.85,22.91,22.63,22.78,38918100
2014-01-17,22.58,22.78,22.58,22.74,44349100
2014-01-21,22.91,22.95,22.64,22.83,33423000
2014-01-22,22.91,22.95,22.78,22.84,30700100
2014-01-23,22.69,22.85,22.46,22.56,37013600
2014-01-24,22.4,22.54,22.17,22.2,40917300
2014-01-27,21.77,22.11,21.76,22.0,60510000
2014-01-28,21.88,22.0,21.7,21.75,41431800
2014-01-29,21.62,21.84,21.6,21.65,35406500
2014-01-30,21.77,21.99,21.63,21.98,42883000
2014-01-31,21.61,21.99,21.61,21.91,43325300
2014-02-03,21.93,21.95,21.46,21.55,60693300
2014-02-04,21.58,21.82,21.4,21.8,46626500
2014-02-05,21.69,22.07,21.58,21.98,46291400
2014-02-06,22.040001,22.58,21.97,22.49,49584300
2014-02-07,22.52,22.72,22.3,22.67,54109200
2014-02-10,22.64,22.88,22.56,22.83,45300500
2014-02-11,22.78,22.88,22.67,22.71,45804800
2014-02-12,22.61,22.92,22.52,22.85,69832400
2014-02-13,21.99,22.27,21.68,22.27,153739400
2014-02-14,22.22,22.77,22.2,22.56,64513500
2014-02-18,22.49,22.54,22.33,22.41,31014400
2014-02-19,22.33,22.56,22.22,22.28,29309100
2014-02-20,22.24,22.4,22.16,22.3,26215000
2014-02-21,22.37,22.45,22.13,22.13,31483000
2014-02-24,22.19,22.34,22.0,22.12,41858000
2014-02-25,22.15,22.22,21.76,21.84,45303600
2014-02-26,21.84,22.02,21.55,21.93,43574600
2014-02-27,21.88,22.049999,21.86,21.92,25804000
2014-02-28,21.97,22.11,21.7,21.8,40863200
2014-03-03,21.57,21.82,21.44,21.57,37292900
2014-03-04,21.78,21.89,21.7,21.82,35673900
2014-03-05,21.9,22.049999,21.81,21.87,28203400
2014-03-06,21.88,21.98,21.75,21.82,23567000
2014-03-07,21.92,21.94,21.66,21.73,33180000
2014-03-10,21.63,21.82,21.6,21.69,26163300
2014-03-11,21.86,21.93,21.58,21.61,34642200
2014-03-12,21.53,21.92,21.53,21.82,31854300
2014-03-13,21.89,21.92,21.5,21.52,42144400
2014-03-14,21.55,21.65,21.28,21.35,38256700
2014-03-17,21.35,21.62,21.27,21.51,33221900
2014-03-18,21.34,21.71,21.29,21.63,45849600
2014-03-19,21.69,21.8,21.56,21.63,32674300
2014-03-20,21.59,22.0,21.59,21.83,34952800
2014-03-21,21.94,22.1,21.58,21.64,97372900
2014-03-24,21.68,21.79,21.47,21.57,32782100
2014-03-25,21.69,22.36,21.65,22.34,53374300
2014-03-26,22.44,22.69,22.32,22.32,67098900
2014-03-27,22.13,22.39,21.94,22.02,52152300
2014-03-28,22.09,22.54,22.049999,22.33,49289400
2014-03-31,22.49,22.64,22.4,22.42,32887800
2014-04-01,22.33,23.31,22.3,23.1,80106400
2014-04-02,23.11,23.13,22.76,22.99,38363700
2014-04-03,23.049999,23.3,23.0,23.09,30311200
2014-04-04,23.28,23.35,22.6,22.71,49382300
2014-04-07,22.6,23.07,22.5,22.85,55317100
2014-04-08,22.64,22.97,22.6,22.94,37373900
2014-04-09,23.0,23.32,22.89,23.12,37888600
2014-04-10,23.17,23.26,22.5,22.65,53927000
2014-04-11,22.55,22.99,22.43,22.46,47253900
2014-04-14,22.63,22.94,22.48,22.85,35804300
2014-04-15,22.84,23.0,22.61,22.89,29845400
2014-04-16,23.030001,23.15,22.83,23.030001,31451900
2014-04-17,23.01,23.29,22.78,23.21,47813400
2014-04-21,23.22,23.59,23.18,23.4,38795200
2014-04-22,23.43,23.61,23.4,23.52,28725000
2014-04-23,23.52,23.57,23.24,23.5,29972800
2014-04-24,23.64,23.64,23.24,23.33,33976700
2014-04-25,23.27,23.32,22.88,23.0,25087300
2014-04-28,23.15,23.24,22.79,23.02,36817100
2014-04-29,23.2,23.21,23.059999,23.16,14582400
2014-04-30,23.08,23.14,22.92,23.11,23979300
2014-05-01,23.14,23.15,22.91,23.01,17463700
2014-05-02,23.11,23.12,22.9,22.94,18757000
2014-05-05,22.9,23.0,22.72,22.96,17859200
2014-05-06,22.84,22.89,22.63,22.72,21815200
2014-05-07,22.72,22.9,22.43,22.87,38895200
2014-05-08,22.9,23.17,22.76,23.02,32181400
2014-05-09,22.96,23.11,22.92,23.02,22593900
2014-05-12,23.040001,23.34,23.0,23.19,40216100
2014-05-13,23.14,23.21,22.76,22.86,57933100
2014-05-14,22.92,23.049999,22.63,22.81,59330100
2014-05-15,24.27,24.69,24.12,24.18,120944500
2014-05-16,24.14,24.45,24.059999,24.37,40477000
2014-05-19,24.24,24.45,24.12,24.35,39388900
2014-05-20,24.26,24.39,24.02,24.12,56321600
2014-05-21,24.22,24.65,24.17,24.48,65262600
2014-05-22,24.42,24.54,24.29,24.38,26751000
2014-05-23,24.38,24.57,24.35,24.52,27778000
2014-05-27,24.74,24.88,24.63,24.71,32365700
2014-05-28,24.63,24.93,24.63,24.82,28650600
2014-05-29,24.85,24.92,24.56,24.68,21642000
2014-05-30,24.71,24.75,24.48,24.62,29368700
2014-06-02,24.64,24.8,24.56,24.78,20393300
2014-06-03,24.75,24.82,24.45,24.68,23339100
2014-06-04,24.61,24.65,24.4,24.5,20635100
2014-06-05,24.62,24.74,24.41,24.7,23320300
2014-06-06,24.73,24.95,24.71,24.83,22485100
2014-06-09,24.79,24.95,24.72,24.8,18818400
2014-06-10,24.73,25.1,24.6,25.0,36582000
2014-06-11,24.85,25.17,24.79,25.040001,36170300
2014-06-12,24.95,25.01,24.62,24.66,26900400
2014-06-13,24.67,24.78,24.6,24.7,20947600
2014-06-16,24.52,24.73,24.45,24.53,19251300
2014-06-17,24.49,24.62,24.41,24.5,17972800
2014-06-18,24.7,24.75,24.46,24.63,24723700
2014-06-19,24.62,24.71,24.45,24.71,20646800
2014-06-20,24.63,24.9,24.61,24.83,39707300
2014-06-23,24.81,24.9,24.65,24.7,18751100
2014-06-24,24.62,24.74,24.52,24.53,24302000
2014-06-25,24.55,24.78,24.41,24.72,22579500
2014-06-26,24.66,24.81,24.48,24.65,19134400
2014-06-27,24.6,24.78,24.48,24.7,34999300
2014-06-30,24.67,24.9,24.62,24.85,23992100
2014-07-01,24.99,25.11,24.77,25.08,34613200
2014-07-02,24.97,25.14,24.87,25.030001,30197200
2014-07-03,25.15,25.25,25.13,25.19,19598800
2014-07-07,25.0,25.25,24.97,25.23,21293500
2014-07-08,25.21,25.31,25.059999,25.07,34622900
2014-07-09,25.22,25.5,25.14,25.44,35610300
2014-07-10,25.25,25.52,25.22,25.44,27278600
2014-07-11,25.52,25.65,25.44,25.52,20945900
2014-07-14,25.61,25.65,25.4,25.44,19243600
2014-07-15,25.38,25.68,25.36,25.67,29468800
2014-07-16,25.73,26.049999,25.73,25.98,40458600
2014-07-17,25.84,26.0,25.58,25.63,29568000
2014-07-18,25.7,25.96,25.67,25.91,25465300
2014-07-21,25.89,25.95,25.72,25.85,20825400
2014-07-22,25.95,26.08,25.91,25.95,28734800
2014-07-23,25.72,25.79,25.55,25.68,28759200
2014-07-24,25.78,25.9,25.68,25.83,21876300
2014-07-25,25.8,26.02,25.68,25.97,28640100
2014-07-28,25.73,26.0,25.57,25.92,27686400
2014-07-29,25.88,26.01,25.69,25.71,22441500
2014-07-30,25.83,25.84,25.47,25.63,26119900
2014-07-31,25.48,25.5,25.17,25.23,28219900
2014-08-01,25.14,25.21,24.8,25.0,28609200
2014-08-04,24.94,25.22,24.86,25.17,17252200
2014-08-05,25.02,25.12,24.87,24.97,21176500
2014-08-06,24.93,25.21,24.85,24.93,20990600
2014-08-07,25.01,25.11,24.69,24.86,24123500
2014-08-08,24.87,25.059999,24.74,25.030001,21648600
2014-08-11,25.09,25.37,25.01,25.23,25946200
2014-08-12,25.21,25.27,25.0,25.15,21928200
2014-08-13,25.17,25.27,24.93,25.2,43708600
2014-08-14,24.94,24.94,24.32,24.54,63790200
2014-08-15,24.66,24.66,24.27,24.43,33624000
2014-08-18,24.49,24.66,24.43,24.63,27666900
2014-08-19,24.63,24.69,24.6,24.64,20347000
2014-08-20,24.55,24.75,24.52,24.71,20228900
2014-08-21,24.75,24.91,24.72,24.89,20880800
2014-08-22,24.87,24.97,24.64,24.65,22453700
2014-08-25,24.7,24.84,24.69,24.7,19355800
2014-08-26,24.7,24.93,24.67,24.81,17053400
2014-08-27,24.79,24.86,24.71,24.8,15748800
2014-08-28,24.7,24.9,24.64,24.85,15506400
2014-08-29,24.9,24.99,24.76,24.99,17972300
2014-09-02,24.94,25.0,24.75,24.88,19836000
2014-09-03,24.94,25.13,24.92,25.040001,22043200
2014-09-04,25.08,25.14,24.83,24.91,20268900
2014-09-05,24.86,25.07,24.86,25.0,19865200
2014-09-08,24.93,25.09,24.81,24.95,14188500
2014-09-09,24.88,24.97,24.6,24.86,19075800
2014-09-10,24.84,25.0,24.84,24.93,15738500
2014-09-11,24.92,25.2,24.85,25.18,22105400
2014-09-12,25.16,25.26,25.07,25.16,33197300
2014-09-15,24.95,25.09,24.87,25.059999,33411400
2014-09-16,25.0,25.42,24.98,25.22,31902300
2014-09-17,25.14,25.31,25.07,25.21,25703300
2014-09-18,25.17,25.27,25.15,25.22,15939900
2014-09-19,25.21,25.3,25.01,25.2,47343700
2014-09-22,25.19,25.19,24.86,24.97,21346700
2014-09-23,24.87,25.030001,24.67,24.7,20747900
2014-09-24,24.73,25.040001,24.63,24.98,19700400
2014-09-25,24.96,24.96,24.5,24.54,27242000
2014-09-26,24.5,25.09,24.46,25.0,29863700
2014-09-29,24.73,25.2,24.73,25.12,28707700
2014-09-30,24.9,25.25,24.85,25.17,36919300
2014-10-01,25.2,25.25,24.94,25.030001,44916200
2014-10-02,25.049999,25.11,24.75,25.059999,28334000
2014-10-03,25.21,25.37,25.040001,25.31,29038300
2014-10-06,25.35,25.42,24.96,25.01,23952600
2014-10-07,25.01,25.25,24.59,24.64,29309600
2014-10-08,24.57,24.68,24.18,24.66,40348300
2014-10-09,24.51,24.64,24.18,24.19,29341200
2014-10-10,23.91,24.01,23.34,23.34,48313600
2014-10-13,23.24,23.45,22.93,22.93,33227700
2014-10-14,23.059999,23.35,22.96,23.059999,29317500
2014-10-15,22.79,23.15,22.49,22.96,40079600
2014-10-16,22.65,23.08,22.56,22.82,30929300
2014-10-17,22.98,23.33,22.92,23.25,28485000
2014-10-20,22.9,23.08,22.69,22.93,34386900
2014-10-21,23.1,23.6,22.96,23.51,33712700
2014-10-22,23.67,23.68,23.24,23.26,25172900
2014-10-23,23.61,23.76,23.42,23.57,21669900
2014-10-24,23.6,23.8,23.46,23.78,19942900
2014-10-27,23.62,23.81,23.6,23.76,16862700
2014-10-28,23.82,24.07,23.82,24.07,17798600
2014-10-29,24.01,24.3,23.92,24.1,18885500
2014-10-30,24.0,24.15,23.88,24.08,32212000
2014-10-31,24.59,24.64,24.18,24.47,30379100
2014-11-03,24.45,24.59,24.45,24.58,16383400
2014-11-04,24.6,24.91,24.58,24.88,24620900
2014-11-05,24.97,25.17,24.84,25.15,21979600
2014-11-06,25.1,25.28,25.02,25.26,18373700
2014-11-07,25.3,25.4,25.16,25.33,34001900
2014-11-10,25.040001,25.23,24.88,25.15,32152700
2014-11-11,25.2,25.21,25.02,25.15,19801700
2014-11-12,24.91,25.19,24.88,25.11,42258800
2014-11-13,24.93,25.89,24.88,25.68,57138800
2014-11-14,25.76,26.34,25.65,26.32,48667000
2014-11-17,26.11,26.55,26.0,26.47,33224000
2014-11-18,26.5,26.74,26.4,26.6,27223100
2014-11-19,26.58,26.62,26.3,26.59,19882500
2014-11-20,26.49,26.84,26.35,26.81,23440100
2014-11-21,26.95,27.049999,26.67,26.88,31912100
2014-11-24,26.88,27.12,26.88,27.030001,26994800
2014-11-25,27.030001,27.3,27.030001,27.28,28110100
2014-11-26,27.3,27.46,27.14,27.43,19466000
2014-11-28,27.52,27.78,27.36,27.64,18138900
2014-12-01,27.5,27.61,27.33,27.59,19670200
2014-12-02,27.6,27.96,27.6,27.82,28247400
2014-12-03,27.71,27.99,27.51,27.95,27858600
2014-12-04,27.92,27.99,27.58,27.77,23797800
2014-12-05,27.79,27.85,27.4,27.5,26722300
2014-12-08,27.42,27.53,27.15,27.23,24275900
2014-12-09,26.95,27.48,26.83,27.42,25885900
2014-12-10,27.26,27.36,26.79,26.87,31773400
2014-12-11,26.97,27.36,26.94,26.99,22902400
2014-12-12,26.71,27.15,26.7,26.86,27032000
2014-12-15,26.89,27.17,26.48,26.68,27503200
2014-12-16,26.5,27.17,26.15,26.59,36622000
2014-12-17,26.62,26.9,26.47,26.81,36617700
2014-12-18,27.040001,27.66,27.040001,27.65,34927700
2014-12-19,27.65,27.85,27.55,27.77,59644100
2014-12-22,27.8,28.29,27.75,28.22,28858600
2014-12-23,28.22,28.5,28.19,28.25,23538600
2014-12-24,28.29,28.59,28.29,28.3,11411200
2014-12-26,28.5,28.5,28.28,28.35,9739600
2014-12-29,28.35,28.57,28.32,28.46,13445600
2014-12-30,28.44,28.48,28.31,28.36,15487700
2014-12-31,28.28,28.41,27.81,27.82,21478700
2015-01-02,27.86,28.12,27.38,27.61,22926500
2015-01-05,27.32,27.45,27.0,27.059999,29460600
2015-01-06,27.14,27.68,27.040001,27.049999,47297600
2015-01-07,27.14,27.4,26.98,27.3,27570800
2015-01-08,27.54,28.09,27.47,27.51,40907000
2015-01-09,27.67,28.07,27.45,27.79,33619600
2015-01-12,28.0,28.2,27.82,28.049999,38648400
2015-01-13,28.21,28.7,27.9,28.1,36074200
2015-01-14,27.84,28.049999,27.64,27.92,29494400
2015-01-15,28.09,28.2,27.35,27.41,29521100
2015-01-16,27.36,27.77,27.21,27.68,26655100
2015-01-20,27.76,28.27,27.66,28.07,33684200
2015-01-21,28.059999,28.19,27.7,27.84,29298500
2015-01-22,27.55,28.51,27.22,28.5,49494700
2015-01-23,28.36,28.5,28.14,28.21,21802500
2015-01-26,28.22,28.23,27.7,27.97,18370100
2015-01-27,27.52,27.59,26.66,26.9,46110500
2015-01-28,27.39,27.6,26.8,26.81,32381700
2015-01-29,26.74,27.31,26.64,27.22,28095400
2015-01-30,26.88,27.11,26.32,26.37,38419100
2015-02-02,26.39,26.87,25.92,26.83,29417000
2015-02-03,26.9,27.12,26.69,27.12,28044300
2015-02-04,27.059999,27.22,26.61,26.69,27696300
2015-02-05,26.75,27.3,26.58,27.26,20548400
2015-02-06,27.37,27.66,27.14,27.24,25482400
2015-02-09,27.21,27.41,27.059999,27.12,23681000
2015-02-10,27.16,27.54,27.15,27.49,22250300
2015-02-11,27.65,27.65,26.9,26.93,46213500
2015-02-12,28.99,29.58,28.84,29.46,117439100
2015-02-13,29.38,29.5,29.11,29.43,50656700
2015-02-17,29.26,29.35,29.030001,29.31,34217200
2015-02-18,29.19,29.55,29.12,29.49,24503700
2015-02-19,29.31,29.39,29.13,29.31,21477800
2015-02-20,29.35,29.66,29.16,29.61,25985600
2015-02-23,29.63,29.65,29.42,29.63,24026800
2015-02-24,29.56,29.71,29.43,29.63,18479500
2015-02-25,29.44,29.57,29.32,29.49,17368100
2015-02-26,29.52,29.99,29.52,29.91,28305200
2015-02-27,29.89,29.91,29.38,29.51,29135500
2015-03-02,29.36,30.31,29.34,30.19,35981900
2015-03-03,30.1,30.12,29.47,29.54,32990300
2015-03-04,29.35,29.52,29.11,29.33,32866900
2015-03-05,29.47,29.49,29.12,29.3,17985000
2015-03-06,29.11,29.27,28.8,28.93,27035000
2015-03-09,28.9,29.45,28.76,29.36,23007700
2015-03-10,29.15,29.17,28.66,28.66,26542300
2015-03-11,28.68,28.76,28.21,28.26,25160200
2015-03-12,28.049999,28.54,28.049999,28.24,22978700
2015-03-13,28.02,28.26,27.57,27.94,36511000
2015-03-16,28.1,28.38,28.040001,28.3,25358900
2015-03-17,28.19,28.28,27.95,28.15,21895700
2015-03-18,27.88,28.34,27.72,28.15,34910900
2015-03-19,28.1,28.54,28.030001,28.26,27980400
2015-03-20,28.45,28.62,28.32,28.44,37628700
2015-03-23,28.44,28.69,28.36,28.41,23478600
2015-03-24,28.29,28.57,27.99,28.0,23263600
2015-03-25,27.92,28.09,27.46,27.46,27158700
2015-03-26,27.19,27.31,26.62,27.09,48928100
2015-03-27,27.07,27.21,26.94,27.13,20464500
2015-03-30,27.22,27.75,27.22,27.65,29056300
2015-03-31,27.34,27.69,27.28,27.53,29258300
2015-04-01,27.31,27.64,27.1,27.25,22420500
2015-04-02,27.22,27.5,27.13,27.13,19527200
2015-04-06,26.96,27.32,26.84,27.22,20004000
2015-04-07,27.2,27.56,27.13,27.39,16861800
2015-04-08,27.37,27.66,27.37,27.55,19076400
2015-04-09,27.59,27.74,27.42,27.63,16684500
2015-04-10,27.58,28.08,27.56,28.040001,24634600
2015-04-13,27.99,28.28,27.94,27.98,22769600
2015-04-14,28.0,28.059999,27.68,27.81,19296300
2015-04-15,28.1,28.42,27.97,28.25,31160900
2015-04-16,28.19,28.64,28.1,28.6,29863500
2015-04-17,28.26,28.4,27.9,27.92,36904700
2015-04-20,28.16,28.63,28.16,28.48,21921800
2015-04-21,28.72,28.92,28.66,28.69,23956900
2015-04-22,28.67,28.79,28.42,28.62,19111700
2015-04-23,28.4,28.82,28.2,28.68,22230100
2015-04-24,29.19,29.28,28.67,28.82,27145600
2015-04-27,28.88,29.030001,28.71,28.89,22952000
2015-04-28,28.8,29.33,28.76,29.32,24315300
2015-04-29,29.059999,29.25,28.9,29.049999,22463700
2015-04-30,28.85,29.02,28.68,28.83,26514500
2015-05-01,28.81,29.2,28.78,29.13,18936000
2015-05-04,29.08,29.36,29.07,29.17,16484100
2015-05-05,29.17,29.21,28.84,28.89,22463800
2015-05-06,28.9,29.08,28.69,28.97,23572000
2015-05-07,28.99,29.12,28.74,28.81,22643800
2015-05-08,28.99,29.37,28.99,29.23,22572400
2015-05-11,29.5,29.79,29.2,29.21,27045200
2015-05-12,29.07,29.44,28.8,29.23,31761000
2015-05-13,29.14,29.47,29.13,29.35,38264000
2015-05-14,29.29,29.66,28.97,29.049999,56696300
2015-05-15,29.24,29.82,29.16,29.55,37677300
2015-05-18,29.42,29.9,29.42,29.76,23953000
2015-05-19,29.87,29.9,29.63,29.74,18926300
2015-05-20,29.8,29.85,29.53,29.62,19410900
2015-05-21,29.61,29.77,29.43,29.43,20806900
2015-05-22,29.39,29.45,29.26,29.26,20079700
2015-05-26,29.19,29.25,28.75,28.95,25877100
2015-05-27,29.059999,29.48,29.02,29.31,23959900
2015-05-28,29.34,29.56,29.16,29.35,18219600
2015-05-29,29.32,29.59,29.19,29.31,26018100
2015-06-01,29.6,29.62,29.049999,29.18,23799400
2015-06-02,29.09,29.27,28.95,29.08,15995600
2015-06-03,29.21,29.3,29.049999,29.09,20536900
2015-06-04,28.9,29.1,28.54,28.61,26774500
2015-06-05,28.55,28.71,28.49,28.58,25357900
2015-06-08,28.67,28.7,28.23,28.28,19011700
2015-06-09,28.27,28.42,28.01,28.24,15527500
2015-06-10,28.47,28.91,28.27,28.66,26223300
2015-06-11,28.75,29.22,28.75,28.86,24387100
2015-06-12,28.66,28.67,28.31,28.54,21919500
2015-06-15,28.23,28.52,28.11,28.48,25722100
2015-06-16,28.35,28.79,28.28,28.71,16920300
2015-06-17,28.84,29.040001,28.66,28.93,20959000
2015-06-18,28.85,29.35,28.82,29.21,24156100
2015-06-19,29.24,29.32,28.94,29.030001,31970100
2015-06-22,29.1,29.22,28.82,28.94,20160000
2015-06-23,29.0,29.040001,28.62,28.79,21041300
2015-06-24,28.79,28.85,28.49,28.51,20978800
2015-06-25,28.56,28.65,28.38,28.4,14606100
2015-06-26,28.49,28.49,28.01,28.28,28087800
2015-06-29,27.99,28.11,27.5,27.54,31838300
2015-06-30,27.83,27.83,27.33,27.46,31236800
2015-07-01,27.42,27.5,27.07,27.35,24461300
2015-07-02,27.37,27.57,27.29,27.33,15635500
2015-07-06,27.0,27.26,26.89,27.22,22858200
2015-07-07,27.22,27.45,26.89,27.36,25436700
2015-07-08,27.08,27.16,26.84,26.99,27863400
2015-07-09,27.38,27.45,26.9,26.91,20129700
2015-07-10,27.27,27.36,27.040001,27.28,16079300
2015-07-13,27.49,27.8,27.42,27.79,20623100
2015-07-14,27.87,28.040001,27.7,28.030001,20932800
2015-07-15,27.86,28.24,27.81,28.11,23378400
2015-07-16,28.24,28.42,28.21,28.32,21058100
2015-07-17,28.27,28.31,27.97,28.18,24248900
2015-07-20,28.13,28.16,27.88,28.030001,19477000
2015-07-21,27.96,28.25,27.79,27.84,23874000
2015-07-22,27.83,28.059999,27.44,27.53,26889200
2015-07-23,27.7,28.25,27.58,28.01,34103200
2015-07-24,28.45,28.77,28.38,28.4,39471700
2015-07-27,28.31,28.56,28.19,28.21,30914400
2015-07-28,28.34,28.35,27.85,28.21,23573200
2015-07-29,28.2,28.52,28.02,28.4,21419900
2015-07-30,28.22,28.46,28.2,28.3,17458100
2015-07-31,28.39,28.56,28.16,28.42,20376000
2015-08-03,28.41,28.59,28.11,28.36,17450900
2015-08-04,28.22,28.46,27.89,28.030001,18578100
2015-08-05,28.11,28.6,28.1,28.27,19236200
2015-08-06,28.37,28.67,28.0,28.21,20143800
2015-08-07,28.17,28.23,27.9,28.15,16039400
2015-08-10,28.48,28.7,28.27,28.59,23740000
2015-08-11,28.24,28.39,27.85,28.02,25391900
2015-08-12,27.8,28.1,27.41,27.9,41085000
2015-08-13,28.78,29.21,28.69,28.7,61154000
2015-08-14,28.78,29.049999,28.75,29.030001,24890800
2015-08-17,28.65,28.97,28.51,28.83,21264000
2015-08-18,28.71,28.72,28.18,28.25,32210400
2015-08-19,28.1,28.24,27.72,27.8,30023900
2015-08-20,27.56,27.75,27.040001,27.040001,37889400
2015-08-21,26.88,27.34,26.47,26.47,48502400
2015-08-24,24.89,26.08,23.030001,25.19,61667000
2015-08-25,25.94,25.99,24.6,24.62,40610100
2015-08-26,25.28,25.74,24.71,25.68,54783200
2015-08-27,26.0,26.19,25.61,26.17,36504700
2015-08-28,25.91,26.049999,25.82,26.0,26918900
2015-08-31,25.94,26.11,25.74,25.88,32388300
2015-09-01,25.22,25.62,25.01,25.12,32705400
2015-09-02,25.59,25.66,25.08,25.65,27925300
2015-09-03,25.88,26.15,25.73,25.9,27958400
2015-09-04,25.42,25.65,25.35,25.52,26903500
2015-09-08,25.98,26.33,25.91,26.3,20932900
2015-09-09,26.5,26.73,25.88,25.94,25032300
2015-09-10,25.9,26.49,25.85,26.26,26424600
2015-09-11,26.0,26.18,25.81,26.02,21529100
2015-09-14,26.15,26.17,25.66,25.7,18636000
2015-09-15,25.56,26.08,25.56,25.98,20479400
2015-09-16,26.07,26.1,25.85,26.07,21245300
2015-09-17,25.96,26.28,25.81,25.88,25409600
2015-09-18,25.57,25.74,25.25,25.54,40020100
2015-09-21,25.45,25.82,25.35,25.54,21945600
2015-09-22,25.059999,25.21,24.97,25.14,21305200
2015-09-23,25.22,25.31,25.01,25.28,18804200
2015-09-24,25.09,25.5,24.92,25.41,35598000
2015-09-25,25.81,26.3,25.8,26.030001,37618300
2015-09-28,25.83,26.02,25.59,25.66,27211200
2015-09-29,25.64,25.93,25.56,25.64,27095600
2015-09-30,26.0,26.38,25.88,26.25,32093700
2015-10-01,26.049999,26.16,25.55,25.73,26933200
2015-10-02,25.4,25.79,25.34,25.76,34910700
2015-10-05,26.040001,26.98,25.97,26.85,30217900
2015-10-06,27.030001,27.47,26.98,27.23,33758200
2015-10-07,27.52,27.95,27.0,27.54,29749700
2015-10-08,27.51,28.02,27.43,27.91,22500200
2015-10-09,28.01,28.15,27.82,27.91,22125800
2015-10-12,27.93,28.1,27.76,27.96,14486000
2015-10-13,27.75,27.95,27.74,27.85,15107200
2015-10-14,27.75,27.9,27.59,27.82,20144000
2015-10-15,28.1,28.19,27.87,28.15,18996900
2015-10-16,28.34,28.35,28.0,28.25,19948300
2015-10-19,28.12,28.29,27.94,28.25,20778100
2015-10-20,28.2,28.52,28.15,28.5,20335800
2015-10-21,28.6,28.82,28.22,28.28,19008900
2015-10-22,28.56,29.21,28.5,29.01,32162500
2015-10-23,29.02,29.38,28.93,29.35,26076900
2015-10-26,29.32,29.49,28.88,28.95,20354800
2015-10-27,28.72,29.059999,28.58,29.049999,19480600
2015-10-28,29.29,29.45,29.040001,29.36,23741400
2015-10-29,29.15,29.21,28.93,29.14,16717800
2015-10-30,29.0,29.25,28.85,28.85,22334100
2015-11-02,28.87,28.87,28.51,28.77,28912600
2015-11-03,28.61,28.71,28.49,28.61,30555300
2015-11-04,28.79,28.82,28.37,28.47,28591800
2015-11-05,28.5,28.61,28.29,28.43,21988600
2015-11-06,28.31,28.55,28.16,28.45,26107600
2015-11-09,28.35,28.49,28.0,28.18,25865900
2015-11-10,28.18,28.22,27.9,27.98,26701800
2015-11-11,28.1,28.1,27.75,27.82,32599300
2015-11-12,27.74,28.07,27.72,27.83,38135900
2015-11-13,26.29,26.68,25.82,26.21,94556200
2015-11-16,26.07,27.0,26.059999,26.79,44949600
2015-11-17,26.8,27.27,26.68,26.81,30490200
2015-11-18,27.0,27.16,26.73,27.12,27015700
2015-11-19,27.1,27.65,27.049999,27.37,27417400
2015-11-20,27.59,27.78,27.46,27.57,26502800
2015-11-23,27.65,27.84,27.34,27.43,24684600
2015-11-24,27.25,27.44,27.0,27.27,32859200
2015-11-25,27.32,27.39,27.0,27.24,22472500
2015-11-27,27.25,27.48,27.24,27.32,9532300
2015-11-30,27.34,27.48,27.2,27.25,30736700
2015-12-01,27.2,27.65,27.2,27.57,31406300
2015-12-02,27.49,27.9,27.37,27.44,29178200
2015-12-03,27.63,27.69,26.82,26.95,25783800
2015-12-04,26.95,27.55,26.95,27.48,28143700
2015-12-07,27.56,27.56,27.26,27.49,15350200
2015-12-08,27.17,27.29,27.02,27.15,18635700
2015-12-09,26.96,27.35,26.66,26.73,24127400
2015-12-10,26.74,27.040001,26.66,26.77,23382400
2015-12-11,26.49,26.49,26.13,26.16,34295700
2015-12-14,26.3,26.52,25.96,26.49,32642100
2015-12-15,26.72,27.11,26.61,26.85,30393700
2015-12-16,27.0,27.29,26.68,27.24,22731500
2015-12-17,27.29,27.31,26.7,26.72,24812200
2015-12-18,26.6,26.82,26.26,26.27,36732700
2015-12-21,26.58,26.65,26.41,26.64,20242900
2015-12-22,26.85,26.9,26.56,26.89,18966300
2015-12-23,27.040001,27.41,27.0,27.4,18803700
2015-12-24,27.41,27.55,27.37,27.38,8166300
2015-12-28,27.3,27.37,27.13,27.31,14204900
2015-12-29,27.44,27.82,27.4,27.77,16319600
2015-12-30,27.66,27.77,27.52,27.53,10620300
2015-12-31,27.38,27.45,27.14,27.16,17041500
2016-01-04,26.39,26.42,25.88,26.41,35827100
2016-01-05,26.54,26.66,26.18,26.29,22024900
2016-01-06,26.08,26.14,25.82,26.01,30799800
2016-01-07,25.49,25.74,25.12,25.41,43235400
2016-01-08,25.55,25.63,24.72,24.78,28609700
2016-01-11,24.93,25.35,24.93,25.27,32346900
2016-01-12,25.51,25.57,25.030001,25.35,30122400
2016-01-13,25.42,25.52,24.57,24.6,33431600
2016-01-14,24.69,24.9,24.46,24.66,42902400
2016-01-15,23.93,24.43,23.57,23.62,64092800
2016-01-19,23.8,24.030001,23.59,23.85,52533500
2016-01-20,23.4,23.51,22.47,22.9,83632400
2016-01-21,23.09,23.45,22.87,22.9,46267900
2016-01-22,23.6,23.64,22.99,23.37,55049000
2016-01-25,23.38,23.52,23.14,23.17,64066100
2016-01-26,23.24,23.85,23.24,23.72,25162200
2016-01-27,23.69,23.9,23.3,23.43,24654000
2016-01-28,23.73,23.79,22.98,23.11,31833500
2016-01-29,23.4,23.8,23.2,23.79,39692600
2016-02-01,23.46,23.57,23.23,23.48,24006400
2016-02-02,23.23,23.25,22.73,22.83,36203700
2016-02-03,23.09,23.18,22.58,23.1,32231400
2016-02-04,23.17,23.57,22.93,23.54,29280500
2016-02-05,23.51,23.66,22.81,22.89,32641000
2016-02-08,22.63,23.02,22.48,22.93,38842100
2016-02-09,22.6,22.86,22.53,22.65,30767200
2016-02-10,23.13,23.13,22.46,22.51,36896100
2016-02-11,24.09,24.97,24.09,24.68,92696000
2016-02-12,24.89,25.36,24.52,25.11,49753600
2016-02-16,25.27,25.98,25.19,25.84,40401700
2016-02-17,26.17,26.59,26.08,26.46,36904700
2016-02-18,26.44,26.58,26.28,26.43,31288200
2016-02-19,26.27,26.56,26.25,26.55,28791700
2016-02-22,26.87,26.91,26.42,26.63,24608100
2016-02-23,26.54,26.54,26.059999,26.12,28097500
2016-02-24,25.89,26.33,25.65,26.32,22960800
2016-02-25,26.49,26.6,26.2,26.6,18655100
2016-02-26,26.8,26.85,26.32,26.41,18113000
2016-02-29,26.42,26.65,26.15,26.18,24763100
2016-03-01,26.45,26.93,26.24,26.83,25245400
2016-03-02,26.8,26.91,26.6,26.9,19020100
2016-03-03,26.95,26.97,26.59,26.87,19002200
2016-03-04,26.92,26.96,26.67,26.8,19429900
2016-03-07,26.58,27.18,26.33,27.14,21500100
2016-03-08,26.97,27.3,26.69,27.049999,23821300
2016-03-09,27.24,27.8,27.12,27.61,38890200
2016-03-10,27.76,27.98,27.030001,27.38,33327300
2016-03-11,27.82,27.91,27.67,27.86,21873100
2016-03-14,27.82,27.86,27.6,27.7,18291700
2016-03-15,27.48,27.69,27.45,27.66,16917200
2016-03-16,27.52,27.95,27.51,27.88,19087800
2016-03-17,27.92,28.44,27.87,28.19,28501900
2016-03-18,28.23,28.38,27.97,28.33,43132400
2016-03-21,28.1,28.35,28.040001,28.19,23799200
2016-03-22,28.2,28.38,27.9,28.28,23599300
2016-03-23,28.26,28.28,27.73,27.83,19217500
2016-03-24,27.77,28.01,27.59,27.96,15871900
2016-03-28,27.99,28.030001,27.79,27.9,12785900
2016-03-29,27.87,28.19,27.69,28.1,17139300
2016-03-30,28.34,28.68,28.26,28.46,19390200
2016-03-31,28.53,28.67,28.35,28.47,18377600
2016-04-01,28.3,28.7,28.12,28.69,23026400
2016-04-04,28.37,28.41,28.01,28.14,17890000
2016-04-05,27.64,27.83,27.46,27.58,24245700
2016-04-06,27.7,28.040001,27.62,28.0,20395800
2016-04-07,27.9,27.9,27.53,27.6,17016800
2016-04-08,27.71,27.95,27.58,27.69,14495600
2016-04-11,27.88,28.18,27.61,27.62,18762900
2016-04-12,27.14,27.66,26.95,27.64,27741400
2016-04-13,27.96,28.28,27.72,28.23,25433300
2016-04-14,28.38,28.4,28.1,28.25,15049100
2016-04-15,28.1,28.13,27.73,27.9,23804400
2016-04-18,27.9,28.25,27.8,28.19,15762900
2016-04-19,28.33,28.44,28.2,28.33,20307700
2016-04-20,28.4,28.68,28.26,28.44,19937800
2016-04-21,28.42,28.51,28.16,28.24,17339900
2016-04-22,28.3,28.55,28.07,28.15,23147600
2016-04-25,28.11,28.28,27.98,28.23,16434800
2016-04-26,28.27,28.49,28.22,28.45,18151500
2016-04-27,28.44,28.65,28.31,28.64,20931000
2016-04-28,28.45,28.59,27.79,27.96,29616200
2016-04-29,27.72,27.83,27.14,27.49,33890100
2016-05-02,27.48,27.52,27.2,27.37,27361700
2016-05-03,27.16,27.19,26.61,26.86,35319600
2016-05-04,26.8,26.82,26.28,26.44,32850800
2016-05-05,26.46,26.57,26.21,26.21,23082200
2016-05-06,26.19,26.54,25.81,26.53,25625300
2016-05-09,26.52,26.68,26.39,26.51,16990400
2016-05-10,26.67,27.1,26.51,27.030001,22642500
2016-05-11,27.09,27.11,26.68,26.7,19326100
2016-05-12,26.81,26.81,26.41,26.67,19681900
2016-05-13,26.55,26.89,26.46,26.53,20865100
2016-05-16,26.57,27.12,26.56,26.97,20885900
2016-05-17,26.9,27.059999,26.55,26.65,25921300
2016-05-18,26.61,26.96,26.49,26.72,32345500
2016-05-19,27.99,28.29,27.4,27.57,50174600
2016-05-20,27.63,28.15,27.62,27.97,32703000
2016-05-23,27.78,28.25,27.78,27.94,19850000
2016-05-24,28.01,28.58,28.01,28.47,26514800
2016-05-25,28.58,29.0,28.52,28.92,25696800
2016-05-26,28.86,29.040001,28.8,28.9,19366300
2016-05-27,28.95,29.040001,28.79,28.92,16673300
2016-05-31,28.8,29.08,28.76,29.049999,28606300
2016-06-01,28.84,29.040001,28.8,28.9,22268700
2016-06-02,28.98,29.15,28.92,29.08,19538200
2016-06-03,29.13,29.21,28.9,29.13,18677700
2016-06-06,29.07,29.41,29.059999,29.1,16167100
2016-06-07,28.9,29.35,28.82,29.07,21566600
2016-06-08,29.09,29.27,29.059999,29.14,17772900
2016-06-09,28.97,29.19,28.83,29.14,18349900
2016-06-10,28.79,29.030001,28.77,29.030001,18244200
2016-06-13,28.97,29.19,28.82,28.84,17137000
2016-06-14,28.66,29.0,28.63,28.96,19279700
2016-06-15,28.49,28.86,28.41,28.65,30738600
2016-06-16,28.38,28.92,28.37,28.87,17504100
2016-06-17,28.88,29.0,28.69,28.95,32333500
2016-06-20,29.040001,29.22,28.78,28.8,22100800
2016-06-21,28.97,29.0,28.73,28.77,19098600
2016-06-22,28.87,29.08,28.68,28.72,18273300
2016-06-23,29.030001,29.23,28.96,29.22,19415600
2016-06-24,28.16,28.57,27.7,27.75,44408900
2016-06-27,27.48,27.55,27.13,27.31,29973100
2016-06-28,27.55,27.85,27.5,27.79,24646900
2016-06-29,28.13,28.33,27.9,28.26,25593000
2016-06-30,28.38,28.69,28.07,28.69,25184400
2016-07-01,28.78,28.93,28.59,28.8,20901300
2016-07-05,28.23,28.62,28.22,28.33,22116900
2016-07-06,28.45,28.77,28.17,28.72,24844000
2016-07-07,28.72,28.9,28.61,28.74,17394900
2016-07-08,28.91,29.28,28.88,29.26,24647400
2016-07-11,29.34,29.7,29.26,29.43,22045200
2016-07-12,29.72,29.74,29.52,29.61,22157500
2016-07-13,29.72,29.83,29.58,29.75,18038100
2016-07-14,29.84,29.99,29.64,29.76,19332200
2016-07-15,29.93,29.95,29.66,29.82,17800400
2016-07-18,29.75,30.0,29.74,29.91,17484900
2016-07-19,29.91,30.01,29.77,29.92,18516000
2016-07-20,30.040001,30.69,29.98,30.63,50168800
2016-07-21,30.64,30.72,30.37,30.58,21582700
2016-07-22,30.7,30.87,30.54,30.71,19399600
2016-07-25,30.67,30.83,30.63,30.79,15174200
2016-07-26,30.8,31.15,30.71,30.88,21328200
2016-07-27,30.95,30.97,30.66,30.76,22723000
2016-07-28,30.65,30.74,30.37,30.52,22470500
2016-07-29,30.6,30.69,30.47,30.53,23807200
2016-08-01,30.7,30.75,30.36,30.73,22438700
2016-08-02,30.82,30.82,30.4,30.62,24485200
2016-08-03,30.51,30.74,30.51,30.72,15962500
2016-08-04,30.78,30.91,30.71,30.8,18586500
2016-08-05,30.9,31.07,30.69,31.040001,18873300
2016-08-08,31.0,31.19,30.86,31.01,19019900
2016-08-09,31.11,31.25,30.84,30.94,19159500
2016-08-10,31.01,31.13,30.74,30.85,16684300
2016-08-11,30.95,31.02,30.86,30.95,24020900
2016-08-12,30.92,30.99,30.8,30.87,13430600
2016-08-15,30.98,31.24,30.89,31.19,21944700
2016-08-16,31.22,31.23,30.98,31.12,23399700
2016-08-17,30.97,30.97,30.33,30.72,55071200
2016-08-18,30.41,30.67,30.059999,30.48,48710500
2016-08-19,30.37,30.65,30.24,30.52,25131300
2016-08-22,30.44,30.78,30.37,30.63,28680000
2016-08-23,30.83,31.059999,30.79,30.98,23493600
2016-08-24,30.98,31.2,30.95,31.059999,24474700
2016-08-25,31.059999,31.39,31.02,31.29,22917100
2016-08-26,31.34,31.66,31.19,31.35,21106200
2016-08-29,31.43,31.7,31.41,31.58,21101700
2016-08-30,31.61,31.66,31.41,31.54,17794800
2016-08-31,31.45,31.58,31.25,31.44,20418800
2016-09-01,31.42,31.64,31.26,31.58,15980500
2016-09-02,31.65,31.95,31.65,31.83,18156500
2016-09-06,31.93,31.94,31.7,31.87,17656500
2016-09-07,31.79,31.93,31.75,31.79,14050500
2016-09-08,31.72,31.75,31.42,31.47,19913700
2016-09-09,31.14,31.34,30.85,30.85,25450500
2016-09-12,30.61,31.5,30.6,31.44,22612500
2016-09-13,31.26,31.35,30.9,31.059999,23617900
2016-09-14,31.01,31.23,30.81,31.0,24262900
2016-09-15,30.63,31.39,30.61,31.31,25554500
2016-09-16,31.12,31.14,30.7,30.84,37416300
2016-09-19,30.85,31.25,30.82,31.02,16833500
2016-09-20,31.08,31.22,31.040001,31.1,15878900
2016-09-21,31.11,31.38,30.97,31.36,21169400
2016-09-22,31.5,31.8,31.49,31.66,20261900
2016-09-23,31.71,31.8,31.31,31.34,20442200
2016-09-26,31.1,31.16,30.79,31.07,20361500
2016-09-27,31.09,31.61,30.96,31.48,18045400
2016-09-28,31.44,31.59,31.36,31.5,15841000
2016-09-29,31.51,31.57,31.25,31.39,15417100
2016-09-30,31.61,31.8,31.56,31.72,30380600
2016-10-03,31.31,31.58,31.2,31.5,14070500
2016-10-04,31.46,31.63,31.15,31.35,18460400
2016-10-05,31.41,31.68,31.41,31.59,11808600
2016-10-06,31.57,31.63,31.21,31.48,14077100
2016-10-07,31.48,31.6,31.23,31.47,13073200
2016-10-10,31.54,31.68,31.44,31.47,12759400
2016-10-11,31.52,31.53,30.85,31.040001,19412000
2016-10-12,30.53,30.63,29.94,30.34,36899900
2016-10-13,30.09,30.25,29.86,30.17,24286600
2016-10-14,30.35,30.55,30.16,30.18,20545100
2016-10-17,30.13,30.42,30.1,30.22,13957500
2016-10-18,30.69,30.69,30.43,30.44,14444900
2016-10-19,30.44,30.45,30.19,30.35,14830900
2016-10-20,30.28,30.37,30.040001,30.16,17315300
2016-10-21,30.01,30.2,29.92,30.15,15140500
2016-10-24,30.34,30.5,30.3,30.46,14115300
2016-10-25,30.5,30.51,30.23,30.34,15257800
2016-10-26,30.59,30.86,30.32,30.55,18008600
2016-10-27,30.6,30.67,30.36,30.38,16926200
2016-10-28,30.36,30.8,30.35,30.59,19946800
2016-10-31,30.34,30.77,30.32,30.68,23225400
2016-11-01,30.85,30.86,30.23,30.48,17542100
2016-11-02,30.43,30.68,30.23,30.39,19174000
2016-11-03,30.5,30.56,30.24,30.32,15937100
2016-11-04,29.98,30.5,29.63,30.19,18524000
2016-11-07,30.71,31.059999,30.61,30.94,23061100
2016-11-08,30.94,31.2,30.73,31.0,19399800
2016-11-09,31.040001,31.49,30.7,31.36,38564100
2016-11-10,31.41,31.76,30.81,31.0,38345000
2016-11-11,30.93,31.47,30.92,31.36,23150300
2016-11-14,31.43,31.67,31.35,31.37,22917600
2016-11-15,31.27,31.85,31.27,31.7,24160200
2016-11-16,31.62,31.89,31.51,31.57,27097100
2016-11-17,29.91,30.049999,29.61,30.049999,75252300
2016-11-18,30.11,30.36,30.01,30.18,38748600
2016-11-21,30.3,30.33,30.01,30.049999,27481700
2016-11-22,30.08,30.19,29.85,29.89,26769300
2016-11-23,29.83,29.95,29.56,29.71,24496800
2016-11-25,29.6,30.15,29.55,30.09,17678900
2016-11-28,30.08,30.09,29.82,29.92,21468900
2016-11-29,29.94,30.1,29.79,29.83,23553700
2016-11-30,29.76,29.95,29.68,29.82,26224900
2016-12-01,29.84,29.85,29.4,29.45,25996200
2016-12-02,29.31,29.56,29.12,29.25,27069500
2016-12-05,29.33,29.6,29.29,29.53,20865800
2016-12-06,29.42,29.59,29.24,29.33,27352100
2016-12-07,29.48,30.040001,29.32,29.95,30180100
2016-12-08,30.11,30.33,29.92,29.95,21369900
2016-12-09,29.98,30.07,29.73,30.059999,21362000
2016-12-12,30.08,30.2,30.030001,30.17,17287800
2016-12-13,30.3,30.64,30.2,30.59,25052900
2016-12-14,30.6,31.07,30.41,30.46,27556000
2016-12-15,30.59,30.8,30.51,30.63,20914100
2016-12-16,30.7,30.72,30.27,30.59,45875500
2016-12-19,30.65,30.87,30.54,30.75,18178500
2016-12-20,30.83,30.87,30.46,30.56,17475200
2016-12-21,30.69,30.69,30.41,30.42,14488900
2016-12-22,30.4,30.48,30.25,30.46,12935800
2016-12-23,30.54,30.6,30.4,30.53,9167500
2016-12-27,30.64,30.82,30.6,30.68,14175500
2016-12-28,30.7,30.77,30.35,30.42,12022200
2016-12-29,30.37,30.55,30.33,30.46,10995600
2016-12-30,30.56,30.6,30.13,30.22,20190000
2017-01-03,30.37,30.56,30.21,30.54,22370600
2017-01-04,30.24,30.42,30.02,30.1,22281000
2017-01-05,30.1,30.36,30.07,30.17,18372500
2017-01-06,30.17,30.35,30.030001,30.23,15923200
2017-01-09,30.22,30.33,30.08,30.18,17177800
2017-01-10,30.19,30.55,30.1,30.38,21046000
2017-01-11,30.33,30.41,30.030001,30.15,22291300
2017-01-12,30.15,30.16,29.8,30.040001,18611100
2017-01-13,30.1,30.22,30.01,30.07,17136600
2017-01-17,30.0,30.25,29.84,29.99,21983500
2017-01-18,30.12,30.18,29.95,30.030001,15724000
2017-01-19,30.01,30.19,29.92,29.98,16866000
2017-01-20,30.12,30.25,30.0,30.1,22754400
2017-01-23,30.14,30.3,30.09,30.27,17155300
2017-01-24,30.34,30.75,30.29,30.6,24934200
2017-01-25,31.040001,31.049999,30.65,30.7,23630500
2017-01-26,30.76,30.84,30.56,30.74,20116800
2017-01-27,30.76,30.98,30.63,30.98,18461900
2017-01-30,30.94,31.0,30.63,30.83,15481800
2017-01-31,30.68,30.89,30.58,30.72,16603100
2017-02-01,30.85,30.85,30.42,30.5,19504600
2017-02-02,30.69,31.26,30.53,31.18,27456700
2017-02-03,31.27,31.35,31.12,31.32,21288800
2017-02-06,31.29,31.31,31.12,31.3,16774200
2017-02-07,31.38,31.64,31.33,31.45,18420200
2017-02-08,31.46,31.55,31.25,31.27,20434300
2017-02-09,31.35,31.69,31.3,31.5,18706900
2017-02-10,31.48,31.63,31.24,31.51,21557700
2017-02-13,31.67,32.0,31.55,31.97,26518800
2017-02-14,31.9,32.31,31.77,32.31,31463500
2017-02-15,32.35,32.84,32.29,32.82,41169400
2017-02-16,33.26,33.97,33.25,33.6,50143700
2017-02-17,33.52,33.77,33.43,33.74,31841200
2017-02-21,33.69,34.21,33.66,34.13,26992700
2017-02-22,34.040001,34.15,33.66,34.09,26632700
2017-02-23,34.28,34.28,33.95,34.040001,17450100
2017-02-24,33.98,34.32,33.8,34.32,21137300
2017-02-27,34.21,34.32,34.12,34.26,15625400
2017-02-28,34.16,34.29,34.040001,34.18,23093100
2017-03-01,34.28,34.51,34.18,34.44,22754200
2017-03-02,34.41,34.53,34.21,34.39,16137700
2017-03-03,34.42,34.44,34.23,34.29,14175000
2017-03-06,34.040001,34.28,33.96,34.19,17605100
2017-03-07,34.0,34.25,33.99,34.2,21033700
2017-03-08,34.18,34.23,33.93,34.02,18686700
2017-03-09,34.040001,34.11,33.87,34.07,17490200
2017-03-10,34.24,34.3,34.080002,34.26,19038400
2017-03-13,34.22,34.33,34.0,34.099998,16164800
2017-03-14,33.94,34.14,33.84,34.12,14578400
2017-03-15,34.07,34.35,34.049999,34.24,14961700
2017-03-16,34.25,34.48,34.099998,34.23,14521600
2017-03-17,34.35,34.38,34.19,34.23,26787200
2017-03-20,34.2,34.39,34.2,34.28,14974100
2017-03-21,34.45,34.47,33.78,33.88,21406000
2017-03-22,33.78,34.2,33.78,34.099998,16646100
2017-03-23,34.080002,34.26,33.91,33.96,16709300
2017-03-24,34.07,34.3,33.95,34.080002,18125100
2017-03-27,33.82,34.029999,33.75,33.99,17740600
2017-03-28,33.9,34.21,33.82,34.02,21179300
2017-03-29,34.0,34.049999,33.65,33.74,16504100
2017-03-30,33.8,33.93,33.72,33.74,12801600
2017-03-31,33.72,33.88,33.66,33.8,14038500
2017-04-03,33.7,33.94,33.46,33.58,19367800
2017-04-04,33.25,33.42,32.93,33.41,18602600
2017-04-05,33.49,33.53,32.97,33.0,17572500
2017-04-06,33.0,33.28,32.89,33.080002,15316800
2017-04-07,33.099998,33.15,32.92,32.96,13942800
2017-04-10,32.96,33.22,32.87,33.0099983,14824100
2017-04-11,33.040001,33.080002,32.64,32.92,18945800
2017-04-12,32.86,32.96,32.5,32.62,25455100
2017-04-13,32.71,32.85,32.42,32.42,16234900
2017-04-17,32.48,32.67,32.45,32.61,11961200
2017-04-18,32.56,32.73,32.45,32.67,13349600
2017-04-19,32.8,32.89,32.61,32.65,16373800
2017-04-20,32.79,32.95,32.72,32.83,11927500
2017-04-21,32.94,32.94,32.67,32.82,13877700
2017-04-24,33.24,33.36,33.13,33.28,15400500
2017-04-25,33.39,33.52,33.35,33.42,15058800
2017-04-26,33.58,33.63,33.37,33.4,17949700
2017-04-27,34.0099983,34.11,33.62,33.75,26639000
2017-04-28,33.88,34.080002,33.67,34.07,20461700
2017-05-01,34.11,34.14,33.81,33.97,13577300
2017-05-02,34.060001,34.24,33.93,34.24,15983600
2017-05-03,34.16,34.34,34.12,34.25,14432200
2017-05-04,34.33,34.49,34.07,34.18,13638500
2017-05-05,34.25,34.4,34.07,34.39,15091800
2017-05-08,34.46,34.6,34.15,34.29,13232700
2017-05-09,34.14,34.26,33.84,33.9,18855900
2017-05-10,33.9,33.9,33.58,33.74,17481400
2017-05-11,33.72,33.82,33.48,33.63,17515600
2017-05-12,33.6,33.62,33.14,33.45,20194300
2017-05-15,34.0,34.46,33.97,34.23,31531000
2017-05-16,34.24,34.33,34.029999,34.3,18950000
2017-05-17,34.2,34.31,33.8,33.82,38787800
2017-05-18,31.1,31.51,30.37,31.38,85500500
2017-05-19,31.74,31.78,31.02,31.21,39859200
2017-05-22,31.15,31.98,31.15,31.59,35085200
2017-05-23,31.83,31.87,31.52,31.76,29827500
2017-05-24,31.93,31.94,31.22,31.49,23446300
2017-05-25,31.55,31.69,31.37,31.44,21586500
2017-05-26,31.51,31.59,31.36,31.5,16403100
2017-05-30,31.4,31.81,31.39,31.68,17108300
2017-05-31,31.78,31.89,31.47,31.53,30196700
2017-06-01,31.52,31.82,31.47,31.82,15525500
2017-06-02,31.93,32.060001,31.68,31.98,20085200
2017-06-05,32.049999,32.049999,31.57,31.76,15976000
2017-06-06,31.75,31.76,31.5,31.56,16186600
2017-06-07,31.61,31.72,31.44,31.61,14948400
2017-06-08,31.53,31.81,31.52,31.61,21828600
2017-06-09,31.64,31.83,31.09,31.37,25376600
2017-06-12,31.34,31.64,31.15,31.25,25784400
2017-06-13,31.3,31.8,31.28,31.7,27781000
2017-06-14,31.87,31.97,31.33,31.6,24940400
2017-06-15,31.25,31.64,31.22,31.58,19328000
2017-06-16,31.61,31.64,31.2,31.63,36367400
2017-06-19,31.77,32.02,31.58,31.99,18459200
2017-06-20,31.94,32.16,31.84,31.85,18190100
2017-06-21,31.73,31.87,31.51,31.84,20386100
2017-06-22,31.91,32.0,31.7,31.85,19436600
2017-06-23,31.85,32.3,31.75,32.09,25792200
2017-06-26,32.22,32.5,32.18,32.24,22175000
2017-06-27,32.09,32.26,31.76,31.76,23224200
2017-06-28,31.78,32.28,31.76,32.080002,17732300
2017-06-29,31.79,32.029999,31.25,31.41,27664500
2017-06-30,31.79,31.79,31.3,31.3,23604600
2017-07-03,31.09,31.64,31.030001,31.33,14112100
2017-07-05,30.85,31.27,30.73,31.11,24270300
2017-07-06,30.99,31.02,30.67,30.72,20789100
2017-07-07,30.76,31.07,30.75,30.9,15860600
2017-07-10,30.88,31.09,30.82,30.98,15528800
2017-07-11,31.049999,31.12,30.86,31.09,12806000
2017-07-12,31.25,31.44,31.15,31.16,18586200
2017-07-13,31.26,31.28,31.08,31.27,15934200
2017-07-14,31.37,31.45,31.27,31.42,13573100
2017-07-17,31.5,31.64,31.45,31.5,16427500
2017-07-18,31.41,31.51,31.17,31.51,15530700
2017-07-19,31.51,32.049999,31.46,31.9,21567900
2017-07-20,31.91,32.049999,31.76,31.86,16389500
2017-07-21,31.86,32.029999,31.71,31.84,13973800
2017-07-24,31.86,31.93,31.66,31.86,15504100
2017-07-25,31.9,32.25,31.88,32.12,14990000
2017-07-26,32.12,32.23,31.51,31.66,21941500
2017-07-27,31.73,31.75,31.21,31.57,21437400
2017-07-28,31.45,31.6,31.26,31.52,15771000
2017-07-31,31.54,31.59,31.37,31.45,19256400
2017-08-01,31.59,31.66,31.43,31.65,12962800
2017-08-02,31.57,31.57,31.25,31.52,15845600
2017-08-03,31.59,31.72,31.43,31.56,14420800
2017-08-04,31.67,31.91,31.58,31.8,16929500
2017-08-07,31.79,31.88,31.69,31.84,11877400
2017-08-08,31.75,32.0,31.6,31.67,15375700
2017-08-09,31.55,31.68,31.36,31.62,16131300
2017-08-10,31.56,31.56,31.0,31.0,23517400
2017-08-11,31.23,31.55,31.040001,31.47,20756600
2017-08-14,31.69,31.89,31.56,31.84,21761600
2017-08-15,31.85,32.21,31.84,32.09,25251500
2017-08-16,32.099998,32.47,32.060001,32.34,29052000
2017-08-17,31.49,31.77,30.85,31.040001,53288800
2017-08-18,31.0,31.059999,30.36,30.37,34802200
2017-08-21,30.37,30.8,30.36,30.68,24198400
2017-08-22,30.85,31.33,30.75,31.27,24747200
2017-08-23,31.21,31.4,30.91,30.92,22436600
2017-08-24,30.95,31.4,30.9,31.24,22576100
2017-08-25,31.39,31.8,31.36,31.44,19558300
2017-08-28,31.6,31.66,31.41,31.54,12958900
2017-08-29,31.26,31.63,31.19,31.48,16362700
2017-08-30,31.47,32.2,31.42,31.99,22988700
2017-08-31,32.099998,32.34,31.99,32.21,27800200
2017-09-01,32.22,32.35,32.029999,32.3,14686600
2017-09-05,32.15,32.24,31.46,31.62,32475500
2017-09-06,31.75,31.91,31.63,31.87,16962300
2017-09-07,31.96,31.97,31.74,31.76,14751700
2017-09-08,31.68,31.78,31.46,31.48,15339500
2017-09-11,31.71,32.3,31.67,32.19,22440800
2017-09-12,32.3,32.47,32.19,32.41,18923100
2017-09-13,32.34,32.39,31.96,32.18,22705100
2017-09-14,31.91,32.22,31.91,32.19,18194800
2017-09-15,32.2,32.5,32.12,32.44,29336100
2017-09-18,32.43,32.66,32.26,32.52,17290900
2017-09-19,32.46,32.65,32.4,32.49,12927700
2017-09-20,32.55,32.75,32.39,32.6,19865400
2017-09-21,32.72,32.9,32.5,32.7,19870000
2017-09-22,32.66,33.53,32.64,33.37,28234900
2017-09-25,33.31,33.84,33.2,33.72,32396900
2017-09-26,33.76,34.099998,33.67,33.76,26138300
2017-09-27,33.78,33.92,33.3,33.48,22594600
2017-09-28,33.22,33.46,33.22,33.35,15496900
2017-09-29,33.31,33.67,33.24,33.63,14802700
2017-10-02,33.61,33.77,33.52,33.75,16555200
2017-10-03,33.72,33.9,33.61,33.85,13346900
2017-10-04,33.53,33.56,33.29,33.44,14652200
2017-10-05,33.58,33.67,33.41,33.59,14524800
2017-10-06,33.65,33.78,33.52,33.75,15464700
2017-10-09,33.77,33.89,33.61,33.76,8728400
2017-10-10,33.88,33.91,33.47,33.55,18011000
2017-10-11,33.38,33.63,33.25,33.59,12561400
2017-10-12,33.26,33.46,33.17,33.26,17905600
2017-10-13,33.4,33.57,33.32,33.47,13578800
2017-10-16,33.6,33.64,33.47,33.54,10509100
2017-10-17,33.59,33.67,33.46,33.6,9303100
2017-10-18,33.72,33.75,33.44,33.55,9971200
2017-10-19,33.51,33.89,33.45,33.75,13203100
2017-10-20,34.02,34.39,34.0099983,34.25,24361400
2017-10-23,34.45,34.68,34.27,34.35,22632000
2017-10-24,34.4,34.67,34.25,34.58,16280200
2017-10-25,34.73,34.73,34.16,34.3,17400900
2017-10-26,34.41,34.51,34.07,34.27,14616100
2017-10-27,34.15,34.62,34.09,34.43,20356600
2017-10-30,34.13,34.38,33.82,34.040001,18345100
2017-10-31,33.98,34.24,33.96,34.15,13935100
2017-11-01,34.29,34.75,34.28,34.62,22051300
2017-11-02,34.55,34.64,34.16,34.21,19827600
2017-11-03,34.28,34.49,34.029999,34.47,13414400
2017-11-06,34.37,34.56,34.26,34.41,12786900
2017-11-07,34.32,34.48,34.21,34.4,11332900
2017-11-08,34.31,34.5,34.12,34.5,13061300
2017-11-09,34.29,34.32,33.87,34.049999,16785000
2017-11-10,34.060001,34.09,33.67,33.99,19319400
2017-11-13,33.86,34.21,33.83,33.95,16441500
2017-11-14,33.86,34.16,33.8,34.040001,17468500
2017-11-15,33.97,34.31,33.75,34.11,30829600
2017-11-16,36.040001,36.67,35.83,35.88,61177100
2017-11-17,35.9,36.32,35.81,35.9,27988000
2017-11-20,35.93,36.54,35.93,36.5,26897800
2017-11-21,36.75,36.97,36.58,36.65,24146400
2017-11-22,36.7,36.72,36.36,36.45,17226400
2017-11-24,36.41,36.57,36.32,36.49,6155800
2017-11-27,36.51,37.09,36.5,36.87,20942200
2017-11-28,37.0,37.8,36.98,37.73,30966600
2017-11-29,37.75,38.029999,37.23,37.48,36788600
2017-11-30,37.62,37.8,37.3,37.3,30749500
2017-12-01,37.09,37.66,36.73,37.6,26920900
2017-12-04,37.81,37.99,37.54,37.72,29414400
2017-12-05,37.74,37.82,37.17,37.31,23288200
2017-12-06,37.37,37.72,37.25,37.41,16581800
2017-12-07,37.26,37.78,37.26,37.4,17092000
2017-12-08,37.59,37.69,37.42,37.61,14044400
2017-12-11,37.59,38.040001,37.57,37.96,16749500
2017-12-12,37.79,38.099998,37.56,37.91,16658600
2017-12-13,38.09,38.37,38.0,38.15,20199500
2017-12-14,38.2,38.27,37.85,37.9,16738300
2017-12-15,38.0099983,38.28,37.7,38.19,47167700
2017-12-18,38.48,38.89,38.3,38.48,21591400
2017-12-19,38.66,38.86,38.28,38.3,19695200
2017-12-20,38.49,38.8,38.21,38.74,18939500
2017-12-21,38.88,38.99,38.49,38.53,16387500
2017-12-22,38.52,38.74,38.47,38.55,11441600
2017-12-26,38.55,38.68,38.36,38.48,8186100
2017-12-27,38.54,38.65,38.45,38.56,10543000
2017-12-28,38.73,38.73,38.45,38.59,8807700
2017-12-29,38.41,38.62,38.3,38.3,12583600
2018-01-02,38.67,38.95,38.43,38.86,20135700
2018-01-03,38.72,39.28,38.53,39.17,29536000
2018-01-04,39.049999,39.54,38.93,38.99,20731400
2018-01-05,39.55,39.88,39.37,39.53,24588200
2018-01-08,39.52,39.96,39.35,39.94,16582000
2018-01-09,39.79,39.96,39.54,39.69,21449800
2018-01-10,39.65,40.24,39.63,39.91,19473000
2018-01-11,40.14,40.21,39.75,40.099998,21685600
2018-01-12,40.22,40.93,40.049999,40.87,23770500
2018-01-16,40.9,41.16,40.32,40.54,32845000
2018-01-17,40.84,41.32,40.71,41.2,24427100
2018-01-18,41.24,41.48,41.029999,41.3,19610200
2018-01-19,41.28,41.52,41.099998,41.29,24582000
2018-01-22,41.2,41.66,41.02,41.66,22995100
2018-01-23,41.54,42.13,41.54,42.099998,23984500
2018-01-24,42.2,42.69,42.0099983,42.17,26696200
2018-01-25,42.27,42.47,41.82,41.9,19207500
2018-01-26,42.15,42.56,41.95,42.56,23380400
2018-01-29,42.3,42.98,42.3,42.85,23625900
2018-01-30,42.69,42.86,41.97,42.25,28993900
2018-01-31,41.98,42.0099983,41.35,41.54,36512100
2018-02-01,41.09,42.11,40.67,41.7,26148500
2018-02-02,41.5,41.95,40.87,40.93,27224200
2018-02-05,40.87,41.41,38.72,38.78,52399600
2018-02-06,38.33,40.31,37.35,40.17,55171600
2018-02-07,40.31,41.21,40.029999,40.34,32690800
2018-02-08,40.44,40.76,38.72,38.77,42982100
2018-02-09,39.0,39.92,38.23,39.53,51304200
2018-02-12,40.52,40.91,40.23,40.6,38210700
2018-02-13,40.5,41.31,40.22,41.23,30999100
2018-02-14,41.040001,42.26,40.99,42.09,43835900
2018-02-15,45.07,45.13,43.26,44.080002,72267500
2018-02-16,43.89,45.09,43.79,44.33,39267500
2018-02-20,44.0,44.69,43.81,44.060001,29006900
2018-02-21,44.11,44.42,43.28,43.31,28499200
2018-02-22,43.49,43.56,42.75,42.94,25887600
2018-02-23,43.37,44.040001,42.92,44.0,25781400
2018-02-26,44.3,45.45,44.13,45.36,27771100
2018-02-27,45.41,45.61,44.62,45.040001,27419300
2018-02-28,45.27,45.89,44.78,44.78,26885200
2018-03-01,44.68,45.0,43.35,43.8,32154300
2018-03-02,43.29,44.22,43.099998,44.060001,28848100
2018-03-05,43.92,44.77,43.7,44.52,22101700
2018-03-06,44.65,44.79,44.14,44.29,21930000
2018-03-07,44.029999,44.39,43.8,44.2,22034400
2018-03-08,44.25,44.41,43.94,44.34,20285600
2018-03-09,44.62,45.54,44.61,45.37,22230900
2018-03-12,45.53,45.87,45.4,45.55,18299800
2018-03-13,45.78,46.16,44.92,45.16,23411200
2018-03-14,45.34,45.76,45.09,45.28,21141100
2018-03-15,45.3,45.74,45.12,45.33,23520400
2018-03-16,45.33,45.6,44.97,45.0099983,56129000
2018-03-19,44.59,44.82,43.9,44.27,26734100
2018-03-20,44.49,44.64,44.18,44.37,22809700
2018-03-21,44.24,44.9,44.13,44.31,22528200
2018-03-22,43.76,44.02,43.02,43.07,29520800
2018-03-23,43.71,43.84,42.42,42.42,31759200
2018-03-26,43.25,44.16,42.83,44.060001,29731900
2018-03-27,44.49,44.52,42.24,42.68,30942000
2018-03-28,42.51,42.84,41.62,41.66,36696800
2018-03-29,41.94,42.93,41.58,42.89,55021200
2018-04-02,42.52,42.63,40.53,41.0099983,36791800
2018-04-03,41.34,41.5,40.72,41.38,28003900
2018-04-04,40.39,41.55,40.19,41.2,30117600
2018-04-05,41.5,42.02,41.38,41.82,29331600
2018-04-06,41.4,41.68,40.45,40.73,32208700
2018-04-09,40.95,42.060001,40.9,41.17,25725800
2018-04-10,42.099998,42.71,41.75,42.51,22724400
2018-04-11,42.42,42.9,42.26,42.43,21693000
2018-04-12,42.78,43.64,42.73,43.34,22297000
2018-04-13,43.55,43.74,42.64,43.0,18272300
2018-04-16,43.12,43.64,43.029999,43.3,15807900
2018-04-17,43.85,44.75,43.71,44.59,21474600
2018-04-18,44.61,44.92,44.3,44.63,17605300
2018-04-19,44.42,44.95,44.38,44.56,21472300
2018-04-20,44.5,44.75,43.62,44.09,23539200
2018-04-23,44.26,44.48,43.87,44.25,20716800
2018-04-24,44.43,44.91,43.33,43.74,21421500
2018-04-25,43.8,43.99,42.75,43.71,21706000
2018-04-26,43.98,44.49,43.44,44.21,20549300
2018-04-27,44.69,45.34,44.36,44.71,20077400
2018-04-30,44.92,45.18,44.28,44.29,19958500
2018-05-01,43.91,44.95,43.83,44.83,16865500
2018-05-02,44.91,45.049999,43.8,43.86,23601600
2018-05-03,44.0099983,44.81,43.44,44.44,23750200
2018-05-04,44.0099983,45.5,43.9,45.3,19504100
2018-05-07,45.36,46.0,45.3,45.73,17822400
2018-05-08,45.82,45.87,45.38,45.71,20285300
2018-05-09,45.9,46.099998,45.19,46.040001,20438300
2018-05-10,46.0,46.37,45.67,46.3,18469400
2018-05-11,46.09,46.27,45.78,45.93,17551500
2018-05-14,45.75,46.23,45.67,45.7,22037700
2018-05-15,45.21,45.55,44.93,45.48,24753600
2018-05-16,45.36,45.55,45.0099983,45.16,31253700
2018-05-17,43.13,44.16,43.02,43.46,48210400
2018-05-18,43.46,43.57,43.11,43.21,24456000
2018-05-21,43.49,43.94,43.42,43.75,21785900
2018-05-22,43.79,43.91,43.48,43.65,16381800
2018-05-23,43.4,43.7,42.89,43.68,20638800
2018-05-24,43.6,43.97,43.0099983,43.57,18377500
2018-05-25,43.46,43.62,43.21,43.26,15362000
2018-05-29,42.76,43.16,42.52,42.97,25197400
2018-05-30,43.080002,43.34,42.83,42.85,22498800
2018-05-31,42.86,43.13,42.61,42.71,31439600
2018-06-01,42.91,43.69,42.88,43.66,18352700
2018-06-04,43.5,43.83,43.21,43.58,18087700
2018-06-05,43.74,43.75,43.39,43.67,16728800
2018-06-06,43.76,44.31,43.66,44.26,17730200
2018-06-07,44.24,44.39,43.35,43.65,19722000
2018-06-08,43.52,43.73,43.31,43.48,18812400
2018-06-11,43.62,43.92,43.44,43.69,15069000
2018-06-12,43.68,43.95,43.47,43.94,17564900
2018-06-13,44.02,44.53,43.84,44.0099983,24383200
2018-06-14,44.23,44.81,44.049999,44.69,24020500
2018-06-15,44.36,44.53,43.59,44.25,49379800
2018-06-18,43.87,44.42,43.39,44.21,17625400
2018-06-19,43.62,44.02,43.44,43.82,22199200
2018-06-20,43.95,43.99,43.7,43.74,21276500
2018-06-21,43.69,43.78,43.060001,43.16,20924400
2018-06-22,43.34,43.45,42.89,43.2,27460000
2018-06-25,42.69,42.82,41.81,42.29,28626700
2018-06-26,42.48,43.14,42.39,42.55,22171200
2018-06-27,42.73,43.15,42.28,42.33,20794800
2018-06-28,42.33,43.19,42.28,42.94,22197700
2018-06-29,43.049999,43.5,42.97,43.029999,20522900
2018-07-02,42.56,42.83,42.2,42.81,21810900
2018-07-03,42.94,43.23,42.62,42.67,13474700
2018-07-05,42.56,42.64,41.96,42.56,18118700
2018-07-06,42.39,42.88,42.31,42.71,20258300
2018-07-09,42.75,42.78,42.36,42.67,23210000
2018-07-10,42.87,43.040001,42.71,42.86,20224600
2018-07-11,42.56,42.76,42.44,42.57,17721600
2018-07-12,42.76,43.63,42.75,43.58,17999500
2018-07-13,43.52,43.78,40.94,41.78,50831300
2018-07-16,42.049999,42.94,42.0,42.5,24468000
2018-07-17,42.21,42.51,42.14,42.34,21188400
2018-07-18,42.24,42.47,42.15,42.21,20364000
2018-07-19,42.8,43.0099983,42.22,42.4,24498800
2018-07-20,42.26,42.37,41.86,42.0099983,20732100
2018-07-23,41.92,42.12,41.44,42.060001,15656500
2018-07-24,42.22,42.88,42.07,42.39,17493900
2018-07-25,42.36,43.22,42.29,43.16,20658300
2018-07-26,43.58,43.83,43.22,43.53,23518700
2018-07-27,43.26,43.62,42.42,42.57,22050900
2018-07-30,42.46,42.61,42.080002,42.17,15300400
2018-07-31,42.24,42.62,41.92,42.29,20900300
2018-08-01,41.99,42.34,41.33,41.86,21650000
2018-08-02,41.39,42.6,41.2,42.53,18033200
2018-08-03,42.71,42.88,42.46,42.83,13394300
2018-08-06,42.73,43.41,42.66,43.3,14345800
2018-08-07,43.3,43.64,43.24,43.58,18040500
2018-08-08,43.64,43.96,43.44,43.84,13917100
2018-08-09,43.89,44.11,43.7,43.78,14098900
2018-08-10,43.69,43.95,43.58,43.78,14322100
2018-08-13,44.080002,44.39,43.7,43.75,18113200
2018-08-14,43.84,44.28,43.58,44.0,15981300
2018-08-15,43.66,44.5,43.0099983,43.86,27902200
2018-08-16,45.77,46.09,45.080002,45.16,48648500
2018-08-17,45.099998,46.080002,44.92,45.87,23153900
2018-08-20,45.99,46.33,45.78,46.22,19288500
2018-08-21,46.25,46.43,45.72,45.78,18617300
2018-08-22,45.95,46.16,45.72,45.99,13202900
2018-08-23,45.88,46.25,45.85,46.02,15379000
2018-08-24,46.2,46.44,46.07,46.32,15575200
2018-08-27,46.5,46.86,46.34,46.59,17209900
2018-08-28,46.78,47.27,46.62,46.95,19147300
2018-08-29,47.07,47.62,46.9,47.48,20220600
2018-08-30,47.31,47.54,46.97,47.15,16238500
2018-08-31,46.91,47.83,46.8,47.77,24904200
2018-09-04,47.84,48.060001,47.51,47.73,19122200
2018-09-05,47.56,47.65,46.76,47.27,20818100
2018-09-06,47.44,47.9,47.07,47.28,16537600
2018-09-07,47.0099983,47.49,46.88,47.049999,17229700
2018-09-10,47.3,47.46,46.78,47.07,16597200
2018-09-11,46.91,47.17,46.44,47.029999,17291500
2018-09-12,46.86,47.0099983,46.44,46.89,16649400
2018-09-13,46.84,47.4,46.8,47.24,17972100
2018-09-14,47.27,47.49,47.099998,47.4,13937000
2018-09-17,47.23,47.58,47.07,47.11,14430200
2018-09-18,47.07,47.65,47.07,47.46,16469600
2018-09-19,47.42,47.62,47.12,47.28,12721900
2018-09-20,47.41,47.81,47.16,47.73,17007800
2018-09-21,47.93,48.64,47.82,48.56,59664600
2018-09-24,48.21,48.62,48.19,48.44,21819300
2018-09-25,48.57,48.88,48.43,48.47,15810800
2018-09-26,48.74,49.060001,48.27,48.41,20080100
2018-09-27,48.33,48.76,48.21,48.33,15910100
2018-09-28,48.27,48.8,48.060001,48.65,15474300
2018-10-01,49.0,49.14,48.67,48.87,13669500
2018-10-02,48.75,49.14,48.67,49.0099983,15671600
2018-10-03,49.26,49.47,49.07,49.14,16737500
2018-10-04,48.63,48.77,48.040001,48.38,22110900
2018-10-05,48.4,48.85,47.61,48.13,19103300
2018-10-08,47.92,48.5,47.15,47.52,23791400
2018-10-09,47.53,48.029999,47.28,47.49,17008400
2018-10-10,47.44,47.51,45.54,45.63,33055800
2018-10-11,45.46,45.6,43.92,44.12,36496300
2018-10-12,44.93,45.85,44.46,45.71,35424000
2018-10-15,45.52,45.72,44.67,44.67,26160500
2018-10-16,45.29,45.94,44.85,45.82,22669400
2018-10-17,45.89,46.23,45.22,45.94,17803400
2018-10-18,46.3,46.49,45.15,45.46,19044600
2018-10-19,45.4,46.2,45.13,45.34,21356300
2018-10-22,45.77,46.28,45.41,45.76,19195400
2018-10-23,45.15,45.77,44.44,45.42,21836200
2018-10-24,45.49,45.68,43.96,44.07,29588800
2018-10-25,44.62,45.81,44.21,45.47,27054500
2018-10-26,44.57,45.11,43.78,44.25,31806600
2018-10-29,44.89,45.049999,42.94,43.84,28214200
2018-10-30,43.92,44.7,43.75,44.58,25924600
2018-10-31,45.049999,46.3,44.89,45.75,26023700
2018-11-01,45.67,45.88,45.099998,45.65,24662100
2018-11-02,45.72,46.09,44.98,45.48,25581300
2018-11-05,45.74,46.44,45.35,46.14,17525200
2018-11-06,46.040001,46.62,46.0,46.5,15446700
2018-11-07,46.98,47.93,46.75,47.9,19990400
2018-11-08,47.87,48.44,47.87,48.44,21002000
2018-11-09,48.080002,48.25,46.7,47.11,22015400
2018-11-12,47.14,47.25,45.54,45.62,25913500
2018-11-13,45.7,46.060001,45.029999,45.12,26196700
2018-11-14,45.46,45.64,44.080002,44.33,36613500
2018-11-15,46.8,47.099998,45.15,46.77,45983300
2018-11-16,46.46,47.040001,46.13,46.35,31327400
2018-11-19,46.35,46.58,45.25,45.75,28370400
2018-11-20,44.92,45.29,44.14,44.49,28430600
2018-11-21,44.95,45.18,44.4,44.89,20117400
2018-11-23,44.45,45.12,44.39,44.54,9372900
2018-11-26,45.14,45.64,45.09,45.57,18275900
2018-11-27,45.45,46.39,45.21,46.12,21472700
2018-11-28,46.3,47.48,46.12,47.29,24293800
2018-11-29,46.9,47.76,46.9,47.34,22650800
2018-11-30,47.27,47.91,46.92,47.87,41619100
2018-12-03,48.32,48.79,48.080002,48.74,24690100
2018-12-04,48.7,49.14,47.25,47.35,30802700
2018-12-06,46.99,48.46,46.47,48.39,40133000
2018-12-07,48.16,48.49,46.36,46.44,38298000
2018-12-10,46.3,47.13,45.82,46.86,28682000
2018-12-11,47.86,47.9,46.71,47.09,26048500
2018-12-12,47.92,48.2,47.36,47.42,23157200
2018-12-13,47.68,47.97,47.13,47.47,20051700
2018-12-14,46.37,46.62,45.64,45.82,27364500
2018-12-17,45.82,45.99,43.91,44.2,36610300
2018-12-18,44.55,44.61,43.73,44.060001,30513800
2018-12-19,43.89,44.92,42.57,43.14,34820100
2018-12-20,42.99,43.23,41.87,42.49,38810900
2018-12-21,42.91,43.46,41.74,41.85,77915100
2018-12-24,41.7,41.81,40.25,40.28,24069400
2018-12-26,40.68,42.5,40.4,42.47,33335900
2018-12-27,41.89,42.93,41.15,42.91,28404100
2018-12-28,43.17,43.53,42.46,42.77,22447300
2018-12-31,43.19,43.55,42.89,43.33,20581200
2019-01-02,42.28,43.2,42.21,42.95,23833500
2019-01-03,42.3,42.41,40.96,41.07,29606700
2019-01-04,41.85,43.0,41.53,42.92,27515000
2019-01-07,42.86,43.65,42.76,43.21,19488100
2019-01-08,43.57,43.94,43.099998,43.56,22071400
2019-01-09,43.87,43.87,43.17,43.32,22640000
2019-01-10,43.11,43.29,42.58,43.24,23277600
2019-01-11,43.11,43.54,42.89,43.49,17378400
2019-01-14,43.080002,43.39,43.0,43.21,16243600
2019-01-15,43.33,44.040001,43.15,44.02,17744100
2019-01-16,44.12,44.24,43.76,43.96,17262500
2019-01-17,43.87,44.53,43.8,44.21,18826200
2019-01-18,44.48,45.35,44.31,45.029999,24416500
2019-01-22,44.88,45.24,44.38,44.78,21338400
2019-01-23,45.14,45.88,45.02,45.46,24770400
2019-01-24,45.63,45.75,45.23,45.61,17360600
2019-01-25,46.12,46.66,45.95,46.13,24196600
2019-01-28,45.73,45.77,45.23,45.75,18296700
2019-01-29,45.81,46.049999,45.65,45.96,14470100
2019-01-30,45.94,46.93,45.92,46.71,18329300
2019-01-31,46.72,47.38,46.52,47.29,23693600
2019-02-01,47.37,47.56,47.049999,47.34,16266500
2019-02-04,47.22,47.47,47.12,47.35,15743100
2019-02-05,47.42,47.46,47.080002,47.26,16946300
2019-02-06,47.12,47.59,46.95,47.48,18160500
2019-02-07,47.19,47.32,46.49,46.7,20331200
2019-02-08,46.4,47.2,46.3,47.19,18407100
2019-02-11,47.34,47.71,47.13,47.58,19363600
2019-02-12,47.27,48.15,47.16,47.89,23909200
2019-02-13,47.86,47.95,47.12,47.5,28325600
2019-02-14,48.85,49.68,48.34,48.4,47598600
2019-02-15,48.83,49.59,48.44,49.43,30189600
2019-02-19,49.2,49.93,49.2,49.65,20204500
2019-02-20,49.7,49.8,49.35,49.63,17550900
2019-02-21,49.54,49.72,49.2,49.41,17120600
2019-02-22,49.7,50.22,49.58,50.11,22008100
2019-02-25,50.34,51.0,50.34,50.79,24264300
2019-02-26,50.51,51.41,50.48,51.18,19382500
2019-02-27,51.21,51.65,50.89,51.59,19940900
2019-02-28,51.55,51.96,51.35,51.77,30708500
2019-03-01,52.0,52.09,51.27,51.41,23683700
2019-03-04,51.65,51.92,50.63,51.16,18725900
2019-03-05,51.12,51.51,50.97,51.3,14994200
2019-03-06,51.37,51.79,50.92,51.67,19686900
2019-03-07,51.55,51.97,51.21,51.29,22209200
2019-03-08,50.72,51.13,50.51,51.07,18182200
2019-03-11,51.14,52.09,51.099998,51.92,17859300
2019-03-12,52.0099983,52.28,51.68,52.15,19485300
2019-03-13,52.41,52.86,52.14,52.59,20568000
2019-03-14,52.63,52.96,52.51,52.74,19215900
2019-03-15,52.94,53.62,52.93,53.2,43670700
2019-03-18,53.27,53.94,53.09,53.51,19073800
2019-03-19,53.79,54.0,53.14,53.31,20596400
2019-03-20,53.16,53.87,52.86,53.26,21140800
2019-03-21,53.080002,54.23,53.040001,53.94,20082700
2019-03-22,53.91,54.14,52.7,52.74,23938500
2019-03-25,52.7,52.93,52.25,52.73,18774900
2019-03-26,53.19,53.49,53.0,53.23,17742700
2019-03-27,53.3,53.66,52.74,53.14,20447500
2019-03-28,53.19,53.69,53.02,53.36,13095000
2019-03-29,53.7,54.0,53.36,53.99,19582300
2019-04-01,54.48,55.02,54.39,54.98,19741700
2019-04-02,55.0,55.41,54.97,55.29,17264000
2019-04-03,55.46,55.8,55.07,55.63,21110400
2019-04-04,55.37,55.68,54.86,55.14,16412100
2019-04-05,55.25,55.61,55.13,55.21,13817500
2019-04-08,55.2,55.56,54.79,55.49,13862800
2019-04-09,55.080002,55.42,54.86,55.18,15508400
2019-04-10,55.11,55.84,55.11,55.82,13460200
2019-04-11,55.93,55.95,55.31,55.6,13186000
2019-04-12,55.93,56.36,55.79,56.29,14331700
2019-04-15,56.4,56.61,56.24,56.56,12198400
2019-04-16,56.62,57.53,56.61,56.95,19718300
2019-04-17,57.18,57.32,56.29,56.31,26093600
2019-04-18,56.63,56.7,56.11,56.4,18332000
2019-04-22,56.16,56.6,56.099998,56.34,11951500
2019-04-23,56.43,56.7,56.2,56.69,18796600
2019-04-24,56.64,57.15,56.58,56.88,13212000
2019-04-25,56.46,56.78,56.0099983,56.33,15526900
2019-04-26,56.02,56.37,55.68,55.88,18010900
2019-04-29,55.67,56.22,55.55,56.13,16259500
2019-04-30,56.0,56.12,55.53,55.95,20846000
2019-05-01,56.0,56.35,55.51,55.58,17648500
2019-05-02,55.48,55.89,54.82,54.94,24220600
2019-05-03,54.64,54.99,54.18,54.94,26887100
2019-05-06,53.86,54.76,53.56,54.59,17025900
2019-05-07,53.86,54.24,52.94,53.45,25289700
2019-05-08,53.17,53.94,53.13,53.47,21525100
2019-05-09,52.82,53.21,52.23,52.92,24322800
2019-05-10,52.61,53.55,51.95,53.36,21795900
2019-05-13,51.83,52.26,51.060001,51.3,28869900
2019-05-14,51.45,52.44,51.38,52.02,25478300
2019-05-15,51.76,52.71,51.69,52.44,30577200
2019-05-16,54.27,56.4,54.12,55.93,46057800
2019-05-17,55.78,56.83,55.52,56.35,27299300
2019-05-20,55.8,56.39,55.55,56.0099983,21004100
2019-05-21,56.68,56.75,56.13,56.52,18562300
2019-05-22,56.22,56.3,55.67,55.69,19479200
2019-05-23,54.91,55.0099983,53.94,54.19,22734200
2019-05-24,54.57,54.67,54.060001,54.37,13057600
2019-05-28,54.74,55.029999,53.82,53.93,29769200
2019-05-29,53.55,53.55,52.86,53.18,19762100
2019-05-30,53.44,53.78,53.34,53.57,12954300
2019-05-31,52.79,52.88,52.0099983,52.029999,20480400
2019-06-03,52.049999,52.57,51.49,51.78,22380500
2019-06-04,52.48,53.64,52.41,53.23,21689300
2019-06-05,53.85,54.79,53.75,54.75,22521900
2019-06-06,54.89,55.3,54.21,55.099998,15927300
2019-06-07,55.41,56.3,55.029999,55.93,17394900
2019-06-10,56.14,56.65,55.96,56.42,16871000
2019-06-11,56.74,57.56,56.73,57.11,26723700
2019-06-12,56.049999,56.59,55.65,55.86,23183000
2019-06-13,55.92,56.27,55.78,56.17,15785300
2019-06-14,55.99,56.02,54.66,54.75,22530500
2019-06-17,54.99,55.47,54.86,55.4,20392600
2019-06-18,56.07,56.65,55.75,56.049999,21173200
2019-06-19,56.040001,56.37,55.77,56.13,21096300
2019-06-20,57.0,57.54,56.68,57.41,20969800
2019-06-21,57.41,58.15,56.98,57.029999,57588800
2019-06-24,57.25,57.29,56.69,57.18,17794100
2019-06-25,57.060001,57.2,56.0099983,56.080002,25520600
2019-06-26,56.54,57.049999,56.36,56.6,19286100
2019-06-27,56.94,57.25,55.47,55.73,23959900
2019-06-28,55.91,55.98,54.029999,54.73,103123400
2019-07-01,55.26,55.35,54.23,54.74,28410000
2019-07-02,54.83,55.92,54.78,55.81,20307100
2019-07-03,55.77,56.54,55.54,56.48,13866800
2019-07-05,56.0,56.73,55.71,56.6,14273900
2019-07-08,56.25,56.48,55.96,56.19,15835100
2019-07-09,56.37,56.69,56.040001,56.34,19564000
2019-07-10,56.69,57.65,56.6,57.13,19362600
2019-07-11,57.37,57.62,56.92,57.3,15994600
2019-07-12,57.58,57.99,57.57,57.95,13660400
2019-07-15,58.0,58.23,57.87,58.049999,8809700
2019-07-16,58.13,58.26,57.46,57.62,11501100
2019-07-17,57.57,57.79,57.19,57.21,9266900
2019-07-18,57.049999,57.79,56.9,57.74,10287400
2019-07-19,57.81,58.07,57.32,57.36,13882400
2019-07-22,57.46,58.0099983,57.37,57.73,10485600
2019-07-23,58.060001,58.099998,57.48,57.71,12692200
2019-07-24,57.58,57.68,57.11,57.23,18177000
2019-07-25,57.36,57.5,56.37,56.62,15127200
2019-07-26,56.68,56.84,56.37,56.53,15243000
2019-07-29,56.69,57.15,56.54,56.93,12051100
2019-07-30,56.85,56.9,56.35,56.47,9623400
2019-07-31,56.33,56.83,54.9,55.4,17441200
2019-08-01,55.84,56.89,55.16,55.39,19020600
2019-08-02,54.22,54.32,52.58,53.25,29021900
2019-08-05,52.39,52.54,50.94,51.37,29931800
2019-08-06,51.95,52.73,51.6,52.6,20708400
2019-08-07,51.83,52.49,51.21,52.34,24128600
2019-08-08,52.79,53.36,52.59,53.16,26093500
2019-08-09,52.78,52.87,52.040001,52.43,17425000
2019-08-12,52.27,52.36,51.34,51.54,16388300
2019-08-13,51.47,53.07,51.2,52.72,21499500
2019-08-14,52.12,52.12,50.13,50.61,28688100
2019-08-15,47.36,47.94,46.0,46.25,61129100
2019-08-16,46.42,47.36,46.4,46.96,24471800
2019-08-19,47.9,48.6,47.49,48.5,26384800
2019-08-20,48.54,48.59,47.92,47.93,18201600
2019-08-21,48.5,48.93,48.36,48.77,18365400
2019-08-22,49.24,49.33,47.94,48.18,21515100
2019-08-23,47.9,48.52,46.43,46.61,25871100
2019-08-26,47.049999,47.27,46.67,47.099998,14820100
2019-08-27,47.54,47.65,46.69,46.79,20859000
2019-08-28,46.53,46.96,46.24,46.87,11187600
2019-08-29,47.59,47.91,47.11,47.27,14733400
2019-08-30,47.52,47.57,46.55,46.81,19248400
2019-09-03,46.63,46.97,46.2,46.5,17009400
2019-09-04,47.02,47.41,46.89,47.32,13691300
2019-09-05,48.02,48.71,47.78,48.42,18434200
2019-09-06,48.65,48.99,48.27,48.84,17939100
2019-09-09,48.97,49.0099983,48.46,48.58,21175100
2019-09-10,48.57,49.35,47.95,49.21,16119200
2019-09-11,49.95,50.07,49.33,50.029999,18656000
2019-09-12,50.28,50.3,49.41,49.93,16546700
2019-09-13,50.0099983,50.22,49.76,50.029999,15867800
2019-09-16,49.8,50.18,49.79,49.96,13025600
2019-09-17,49.98,50.02,49.18,49.41,16070600
2019-09-18,49.47,49.74,48.78,49.34,12563800
2019-09-19,49.35,49.92,49.040001,49.19,15349400
2019-09-20,49.29,49.87,48.87,49.6,48301300
2019-09-23,49.66,49.75,49.28,49.42,16450000
2019-09-24,49.75,50.2,48.93,49.12,26717200
2019-09-25,49.049999,49.77,48.58,49.61,14013500
2019-09-26,49.43,49.49,48.26,48.83,20172900
2019-09-27,49.0,49.47,48.6,48.84,16065300
2019-09-30,48.95,49.66,48.95,49.41,14903600
2019-10-01,49.65,49.87,47.36,47.74,24185600
2019-10-02,47.35,47.38,46.0099983,46.56,30722400
2019-10-03,46.32,47.080002,45.7,47.060001,15915500
2019-10-04,47.25,47.63,46.95,47.52,16718800
2019-10-07,47.47,48.13,47.32,47.77,14625200
2019-10-08,47.5,47.54,46.35,46.39,23022400
2019-10-09,46.92,47.17,46.66,46.84,16768600
2019-10-10,46.049999,46.23,45.55,46.15,24698500
2019-10-11,46.67,47.3,46.46,46.56,25153600
2019-10-14,46.55,46.55,46.0,46.049999,15076900
2019-10-15,46.25,46.58,46.040001,46.36,18794400
2019-10-16,46.36,46.88,46.32,46.79,16454200
2019-10-17,47.15,47.3,46.6,47.029999,14352400
2019-10-18,47.099998,47.27,46.66,46.71,17226200
2019-10-21,47.14,47.48,46.97,47.39,13277700
2019-10-22,47.5,47.89,47.4,47.55,15067100
2019-10-23,47.47,47.7,46.84,47.049999,15647100
2019-10-24,47.23,47.23,46.099998,46.41,18338800
2019-10-25,46.54,46.99,46.46,46.9,15701200
2019-10-28,47.15,47.6,47.060001,47.17,13859700
2019-10-29,47.0,47.43,46.91,47.24,13713900
2019-10-30,47.3,47.58,47.16,47.56,12062000
2019-10-31,47.6,47.65,47.099998,47.51,12488300
2019-11-01,46.85,47.49,46.64,47.029999,24404100
2019-11-04,47.5,47.88,47.32,47.48,15018900
2019-11-05,47.59,47.92,47.26,47.76,18988900
2019-11-06,47.81,48.5,47.79,48.27,15904500
2019-11-07,48.61,48.98,48.2,48.42,16717800
2019-11-08,48.42,48.85,48.049999,48.83,14407000
2019-11-11,48.0099983,48.47,47.56,48.099998,19590400
2019-11-12,48.29,48.74,48.12,48.37,15632900
2019-11-13,48.24,48.85,48.15,48.46,25187000
2019-11-14,45.56,46.0,44.6,44.91,65568900
2019-11-15,45.07,45.65,44.81,45.09,32385000
2019-11-18,44.98,45.19,44.44,45.15,22742800
2019-11-19,45.39,45.6,45.080002,45.47,19612600
2019-11-20,45.69,45.74,44.93,45.080002,18660800
2019-11-21,45.13,45.15,44.69,44.84,19868800
2019-11-22,45.15,45.17,44.69,44.85,18725700
2019-11-25,45.0,45.55,44.93,45.45,19653300
2019-11-26,45.53,45.77,45.25,45.31,29422000
2019-11-27,45.36,45.42,44.93,45.24,14889900
2019-11-29,45.24,45.54,45.15,45.31,9808900
2019-12-02,45.25,45.33,44.67,44.7,17630100
2019-12-03,44.4,44.49,43.74,44.28,19625500
2019-12-04,44.52,44.55,43.86,43.89,17202200
2019-12-05,44.049999,44.099998,43.4,43.52,22632800
2019-12-06,43.89,44.060001,43.65,43.84,16541000
2019-12-09,43.89,44.37,43.75,43.9,17508500
2019-12-10,43.85,44.18,43.8,44.099998,21862400
2019-12-11,44.36,44.45,44.15,44.28,16440500
2019-12-12,44.55,45.77,44.41,45.67,27061600
2019-12-13,45.91,46.049999,45.2,45.3,21796900
2019-12-16,45.8,46.59,45.8,45.98,21871300
2019-12-17,46.22,46.52,45.93,46.44,22510000
2019-12-18,46.52,46.76,46.25,46.64,21921200
2019-12-19,47.15,47.99,47.11,47.88,30764700
2019-12-20,48.25,48.37,47.42,47.45,52575300
2019-12-23,47.55,48.3,47.42,48.099998,20253500
2019-12-24,48.16,48.25,47.65,47.78,7044700
2019-12-26,47.78,48.0,47.65,47.85,11091700
2019-12-27,47.99,48.02,47.68,47.77,11056800
2019-12-30,47.75,47.88,47.29,47.59,12128600
2019-12-31,47.54,47.98,47.41,47.96,14892600
2020-01-02,48.060001,48.42,47.88,48.42,16708100
2020-01-03,47.91,48.14,47.48,47.63,15577400
2020-01-06,47.14,47.82,47.0099983,47.8,22183600
2020-01-07,47.72,47.72,47.099998,47.49,16501900
2020-01-08,46.97,47.79,46.81,47.52,25175900
2020-01-09,47.79,47.88,47.07,47.32,18203600
2020-01-10,47.48,47.56,47.060001,47.13,13502600
2020-01-13,47.31,47.98,47.3,47.97,18237400
2020-01-14,47.96,47.99,47.62,47.79,17948700
2020-01-15,47.92,48.4,47.76,48.0099983,16289400
2020-01-16,48.38,49.080002,48.23,49.049999,20094900
2020-01-17,49.31,49.54,48.87,49.02,27176200
2020-01-21,48.96,49.2,48.67,48.8,21771800
2020-01-22,49.28,49.53,49.040001,49.07,15186000
2020-01-23,49.0,49.18,48.41,49.0,16767700
2020-01-24,49.22,49.48,48.54,48.85,14066700
2020-01-27,47.89,48.07,47.27,47.47,20666000
2020-01-28,47.52,47.97,47.5,47.77,14035100
2020-01-29,47.97,47.98,46.93,47.049999,14273600
2020-01-30,46.54,47.27,46.26,47.24,14822600
2020-01-31,46.99,47.0,45.84,45.97,20069900
2020-02-03,46.4,46.83,46.21,46.53,15374900
2020-02-04,47.22,47.71,47.11,47.62,13947300
2020-02-05,48.33,48.6,48.15,48.45,17042300
2020-02-06,48.69,48.82,48.22,48.69,9814800
2020-02-07,48.6,48.77,47.87,47.97,16807500
2020-02-10,47.99,48.89,47.88,48.87,19012700
2020-02-11,49.39,49.71,48.86,49.13,23168300
2020-02-12,49.43,50.28,49.4,49.93,31686200
2020-02-13,47.15,47.67,46.58,47.32,47044700
2020-02-14,47.16,47.22,46.48,46.97,26747200
2020-02-18,46.82,46.85,46.29,46.59,18546300
2020-02-19,46.69,46.81,45.9,46.29,27626400
2020-02-20,46.09,46.96,45.9,46.85,20416700
2020-02-21,46.73,46.85,46.049999,46.3,20028700
2020-02-24,45.0,45.68,44.0,44.0,35295900
2020-02-25,44.049999,44.21,42.07,42.74,48024700
2020-02-26,42.97,43.38,41.94,42.16,38513200
2020-02-27,41.28,42.099998,40.0099983,40.040001,51442900
2020-02-28,38.7,40.55,38.35,39.93,80188000
2020-03-02,40.15,41.19,38.92,41.17,48864300
2020-03-03,41.26,41.9,39.71,40.040001,49294700
2020-03-04,40.72,41.45,39.8,41.39,30022100
2020-03-05,40.17,40.51,39.29,39.57,30255900
2020-03-06,38.0,39.95,37.8,39.68,48605600
2020-03-09,36.9,39.56,36.29,37.96,61535300
2020-03-10,39.25,40.15,37.87,40.080002,50536500
2020-03-11,39.02,39.16,36.37,37.049999,63594300
2020-03-12,34.5,35.82,33.0,33.2,51855300
2020-03-13,35.18,37.68,33.33,37.64,53859600
2020-03-16,33.23,36.99,32.4,33.71,44211300
2020-03-17,34.7,36.25,33.6,35.5,41572400
2020-03-18,33.76,37.71,33.31,37.12,56904300
2020-03-19,37.049999,39.32,36.15,37.71,58319700
2020-03-20,38.27,38.47,35.4,35.6,48582500
2020-03-23,35.51,35.82,33.74,34.6,39823400
2020-03-24,36.41,38.68,35.54,38.6,48235600
2020-03-25,38.65,39.95,37.5,37.67,42873900
2020-03-26,37.97,40.92,37.37,40.58,38473300
2020-03-27,39.21,40.15,38.41,38.82,31278600
2020-03-30,39.45,40.49,38.96,40.32,27120300
2020-03-31,40.13,40.42,39.11,39.31,26014200
2020-04-01,38.17,38.86,37.87,38.33,26790700
2020-04-02,37.84,39.95,37.47,39.8,28180500
2020-04-03,39.82,40.29,38.54,39.060001,21235200
2020-04-06,40.46,41.68,39.78,41.43,31641400
2020-04-07,42.66,42.74,40.59,40.64,30366100
2020-04-08,41.17,42.2,40.87,41.74,22683500
2020-04-09,42.09,42.2,40.85,41.2,27643900
2020-04-13,41.040001,41.46,40.53,41.22,19592000
2020-04-14,41.91,42.82,41.53,42.78,22882400
2020-04-15,42.2,42.37,41.23,41.52,18428800
2020-04-16,41.76,41.79,40.68,41.5,26178000
2020-04-17,42.25,42.64,41.74,42.48,30701500
2020-04-20,41.92,43.29,41.79,42.54,23438800
2020-04-21,41.83,41.99,40.41,40.55,31661000
2020-04-22,41.27,42.09,41.11,41.76,18330700
2020-04-23,41.89,42.55,41.53,41.62,16100200
2020-04-24,41.84,42.66,41.65,42.52,14639200
2020-04-27,42.7,43.22,42.58,43.060001,17937900
2020-04-28,43.5,43.63,42.41,42.49,16427700
2020-04-29,43.35,43.48,42.93,43.34,17430100
2020-04-30,43.17,43.17,42.17,42.38,26679900
2020-05-01,41.72,41.81,40.77,40.92,22095300
2020-05-04,40.95,41.41,40.49,41.35,15997700
2020-05-05,41.61,41.93,41.39,41.46,15060200
2020-05-06,41.56,41.69,40.97,41.15,16040300
2020-05-07,41.59,41.77,41.22,41.37,20173600
2020-05-08,42.02,43.02,41.7,42.99,21959100
2020-05-11,42.78,43.65,42.61,43.32,26182700
2020-05-12,43.94,44.3,43.19,43.22,25817100
2020-05-13,43.41,43.57,41.31,41.95,36986700
2020-05-14,43.43,44.58,43.26,43.85,50417700
2020-05-15,42.93,44.38,42.85,44.27,30573000
2020-05-18,45.21,45.3,44.33,45.060001,26966500
2020-05-19,44.83,44.98,44.41,44.61,24345400
2020-05-20,45.049999,45.82,45.029999,45.44,20184500
2020-05-21,45.45,45.66,44.56,44.64,18674900
2020-05-22,44.67,44.95,44.12,44.9,12592800
2020-05-26,45.78,45.8,44.68,44.84,21776900
2020-05-27,45.040001,45.98,44.8,45.96,22157200
2020-05-28,45.9,46.46,45.37,45.6,20013000
2020-05-29,46.040001,47.82,45.41,47.82,43553600
2020-06-01,47.15,47.29,46.23,46.3,18712400
2020-06-02,46.4,46.9,45.88,46.89,17285900
2020-06-03,46.98,47.2,46.54,46.94,17492000
2020-06-04,46.77,47.25,46.53,46.86,14100700
2020-06-05,47.27,48.29,47.2,47.83,22591100
2020-06-08,47.46,48.16,47.12,48.13,17820900
2020-06-09,48.02,48.24,47.49,48.049999,18597300
2020-06-10,47.66,47.83,47.12,47.42,18462400
2020-06-11,46.99,47.0,43.64,43.67,35582000
2020-06-12,44.96,45.86,44.11,45.07,26125600
2020-06-15,44.12,45.76,43.93,45.35,21300100
2020-06-16,47.41,47.49,45.91,46.48,28074600
2020-06-17,46.75,46.82,45.9,46.17,20399100
2020-06-18,45.79,46.049999,45.35,45.83,22423500
2020-06-19,46.26,46.51,45.049999,45.32,36103200
2020-06-22,45.11,45.46,44.81,45.16,18398600
2020-06-23,45.92,46.15,45.32,45.47,23222400
2020-06-24,45.29,45.47,44.39,44.75,22840100
2020-06-25,44.77,45.32,44.2,45.22,19114900
2020-06-26,45.12,46.51,44.63,46.31,106928300
2020-06-29,46.34,46.45,45.67,46.15,23875400
2020-06-30,46.15,47.0099983,46.099998,46.64,21888800
2020-07-01,46.54,46.72,46.0,46.060001,17129500
2020-07-02,46.07,46.22,45.48,45.63,19632000
2020-07-06,46.07,46.49,45.87,46.42,16152900
2020-07-07,46.12,46.29,45.56,45.63,17102800
2020-07-08,45.59,46.07,45.32,45.81,15020800
2020-07-09,46.6,47.2,46.22,46.7,26027700
2020-07-10,46.73,46.92,46.24,46.66,13775700
2020-07-13,46.87,46.99,45.78,45.93,17965500
2020-07-14,45.49,46.5,45.41,46.26,19303500
2020-07-15,46.5,46.83,45.99,46.4,15705000
2020-07-16,45.7,45.83,45.2,45.78,17709400
2020-07-17,46.040001,46.93,45.88,46.75,20389700
2020-07-20,46.67,47.099998,46.26,46.97,15966500
2020-07-21,47.28,47.33,46.85,47.02,16044700
2020-07-22,47.02,47.11,46.53,46.9,27218300
2020-07-23,46.98,47.7,46.68,47.41,23750200
2020-07-24,47.49,47.64,46.11,46.4,16983600
2020-07-27,46.66,47.26,46.15,47.19,15576000
2020-07-28,46.98,47.080002,46.21,46.28,13975300
2020-07-29,46.4,46.88,46.37,46.71,11618200
2020-07-30,46.13,46.46,45.38,46.44,15385100
2020-07-31,46.39,47.11,45.86,47.099998,17701100
2020-08-03,47.14,47.36,46.68,47.16,14141100
2020-08-04,47.0099983,47.67,46.91,47.67,12839500
2020-08-05,47.67,47.73,47.049999,47.33,13075600
2020-08-06,47.23,47.83,47.099998,47.77,14190900
2020-08-07,47.33,47.6,47.029999,47.43,17054300
2020-08-10,47.16,48.0,47.16,47.73,14999200
2020-08-11,47.9,48.45,47.09,47.19,18859600
2020-08-12,47.28,48.13,47.27,48.099998,26823700
2020-08-13,43.79,43.84,42.38,42.72,91849500
2020-08-14,42.49,42.88,42.27,42.5,32539500
2020-08-17,42.55,42.76,41.86,42.09,30511700
2020-08-18,42.13,42.29,41.81,41.98,23344600
2020-08-19,42.099998,42.35,41.78,41.87,20097400
2020-08-20,41.87,42.42,41.73,42.31,18443900
2020-08-21,42.049999,42.3,41.81,42.25,17389600
2020-08-24,42.07,42.47,42.0,42.18,17742900
2020-08-25,42.23,42.3,41.78,41.96,15417400
2020-08-26,41.65,42.28,41.45,42.25,21625800
2020-08-27,42.4,42.47,42.02,42.29,22456800
2020-08-28,42.14,42.3,42.0,42.2,16573600
2020-08-31,42.099998,42.35,41.94,42.22,21298000
2020-09-01,42.0,42.07,41.5,42.029999,23325100
2020-09-02,42.040001,42.69,42.029999,42.42,30045700
2020-09-03,41.75,41.83,40.67,40.95,39288100
2020-09-04,41.2,41.43,40.44,40.82,34867400
2020-09-08,40.049999,40.61,39.97,40.0,29101800
2020-09-09,40.099998,40.48,39.72,40.13,23351600
2020-09-10,40.029999,40.64,39.42,39.57,25108800
2020-09-11,39.77,40.049999,39.52,39.88,21853000
2020-09-14,40.22,40.64,40.049999,40.37,19866700
2020-09-15,40.51,40.84,40.38,40.6,19024100
2020-09-16,40.72,41.17,40.39,40.42,24310200
2020-09-17,39.66,40.4,39.51,40.37,22225900
2020-09-18,40.18,40.32,39.58,39.81,44450800
2020-09-21,39.31,39.47,38.69,39.040001,28495000
2020-09-22,39.18,39.46,38.88,39.32,17656800
2020-09-23,39.23,39.39,38.18,38.28,24843200
2020-09-24,38.0,38.16,37.6,37.85,30910400
2020-09-25,37.76,38.54,37.62,38.45,22966600
2020-09-28,39.2,39.29,38.79,39.13,24275700
2020-09-29,39.07,39.38,38.83,39.060001,16353700
2020-09-30,39.09,39.7,39.02,39.39,27113200
2020-10-01,39.099998,39.31,38.57,38.8,20763500
2020-10-02,38.049999,38.55,37.97,38.27,24493000
2020-10-05,38.48,38.79,38.28,38.57,26929100
2020-10-06,38.5,39.35,38.4,38.57,28430800
2020-10-07,38.98,39.58,38.78,39.4,20593700
2020-10-08,39.8,40.18,39.66,39.79,19031300
2020-10-09,40.15,40.23,39.72,39.85,16167500
2020-10-12,39.93,40.53,39.63,40.36,22757200
2020-10-13,40.54,40.61,39.71,39.81,23438300
2020-10-14,39.85,40.42,39.76,39.89,16439100
2020-10-15,39.47,40.0,39.35,39.97,15451400
2020-10-16,39.88,40.3,39.55,40.16,21292500
2020-10-19,40.15,40.38,39.16,39.3,19600500
2020-10-20,39.44,39.51,39.029999,39.2,16564900
2020-10-21,39.31,39.57,38.98,39.060001,17016300
2020-10-22,38.85,38.96,38.38,38.82,20399000
2020-10-23,38.93,38.97,38.65,38.82,15556100
2020-10-26,38.4,38.43,37.15,37.67,29146500
2020-10-27,37.38,37.5,36.59,36.87,37911500
2020-10-28,36.32,36.51,35.68,35.71,34561500
2020-10-29,35.51,36.07,35.28,35.69,35332000
2020-10-30,35.6,35.93,35.49,35.9,29151200
2020-11-02,36.19,36.35,35.67,35.9,23483100
2020-11-03,36.36,37.33,36.3,36.68,27342900
2020-11-04,37.029999,37.3,36.5,36.57,30121900
2020-11-05,37.02,37.3,36.91,37.23,23149700
2020-11-06,37.56,37.6,37.080002,37.53,19475300
2020-11-09,39.92,40.23,38.12,38.2,42649500
2020-11-10,38.21,39.029999,38.17,38.72,31514500
2020-11-11,39.0099983,39.45,38.44,39.33,27332800
2020-11-12,38.98,39.39,38.4,38.67,29368300
2020-11-13,41.2,41.52,40.56,41.4,49106400
2020-11-16,41.74,42.59,41.35,42.54,34572600
2020-11-17,41.92,42.35,41.62,41.88,23140900
2020-11-18,41.9,42.24,41.26,41.32,21327700
2020-11-19,41.0,41.37,40.77,41.17,22177700
2020-11-20,41.049999,41.39,40.92,40.97,19776300
2020-11-23,41.029999,41.8,41.02,41.64,19651400
2020-11-24,42.14,42.71,41.9,42.61,22849700
2020-11-25,42.78,42.8,42.21,42.5,22617700
2020-11-27,42.86,42.98,42.64,42.7,10769500
2020-11-30,42.44,43.049999,42.41,43.02,34741600
2020-12-01,43.0099983,44.07,43.0099983,43.54,23942500
2020-12-02,43.39,43.96,43.35,43.89,17422200
2020-12-03,43.78,44.14,43.6,44.11,27710700
2020-12-04,43.89,44.51,43.89,44.38,17319800
2020-12-07,44.29,44.49,43.91,44.35,14086800
2020-12-08,44.21,44.53,43.93,44.37,13348500
2020-12-09,44.47,44.83,44.36,44.69,22679800
2020-12-10,44.54,44.61,44.11,44.32,17741500
2020-12-11,43.94,44.33,43.72,44.32,14577700
2020-12-14,44.27,44.91,44.15,44.24,16112300
2020-12-15,44.39,44.8,44.14,44.72,18159400
2020-12-16,44.7,45.14,44.53,44.72,16192000
2020-12-17,44.91,44.93,44.6,44.82,16141600
2020-12-18,44.9,45.57,44.77,45.44,41027000
2020-12-21,44.47,44.96,44.07,44.88,19865300
2020-12-22,44.44,45.07,44.44,44.69,16024000
2020-12-23,44.65,44.8,44.35,44.38,12032600
2020-12-24,44.45,44.59,44.23,44.54,5720500
2020-12-28,44.93,45.34,44.72,44.92,13458400
2020-12-29,44.97,45.25,44.53,44.64,11829000
2020-12-30,44.74,45.060001,44.44,44.48,11043100
2020-12-31,44.38,44.84,44.16,44.75,15105500
2021-01-04,44.31,44.37,43.35,43.96,24392500
2021-01-05,43.68,44.07,43.38,43.98,17763700
2021-01-06,44.13,44.87,43.89,44.4,21823100
2021-01-07,44.2,45.11,44.17,44.96,18218800
2021-01-08,44.48,45.41,44.25,45.060001,20936300
2021-01-11,45.15,45.95,45.02,45.36,25058200
2021-01-12,45.3,45.93,44.96,45.79,20145000
2021-01-13,45.29,45.97,45.18,45.36,19367300
2021-01-14,44.87,45.6,44.85,45.15,22333500
2021-01-15,44.96,45.65,44.88,45.43,30271700
2021-01-19,45.33,45.63,44.77,45.19,28868800
2021-01-20,45.33,45.5,45.14,45.34,16499400
2021-01-21,45.2,45.24,44.72,45.11,17488400
2021-01-22,44.75,44.89,44.23,44.77,14643400
2021-01-25,45.040001,45.17,44.71,45.029999,16581300
2021-01-26,44.89,45.35,44.77,45.26,13087800
2021-01-27,45.24,46.46,45.080002,45.7,29634500
2021-01-28,45.91,46.27,45.3,45.34,21166000
2021-01-29,44.85,45.37,44.48,44.58,22608100
2021-02-01,44.92,45.63,44.66,45.4,16776900
2021-02-02,45.52,45.94,45.43,45.83,16520900
2021-02-03,45.75,46.16,45.54,45.77,13173600
2021-02-04,45.87,47.32,45.77,47.25,22285700
2021-02-05,47.57,48.34,47.5,48.080002,25488600
2021-02-08,48.56,49.34,48.56,48.94,25215400
2021-02-09,48.77,48.83,48.41,48.5,24795000
2021-02-10,46.15,47.41,45.83,47.24,44540900
2021-02-11,47.35,47.91,47.2,47.58,18589900
2021-02-12,47.43,47.69,46.91,47.29,15239800
2021-02-16,47.26,47.26,46.4,46.51,18539000
2021-02-17,46.32,46.4,45.87,46.25,13296300
2021-02-18,46.39,46.4,45.69,46.34,16867500
2021-02-19,46.54,46.61,45.58,45.68,25117700
2021-02-22,45.29,45.68,44.82,45.43,21435800
2021-02-23,45.26,45.78,45.099998,45.51,19714900
2021-02-24,45.24,45.8,45.040001,45.74,17823600
2021-02-25,45.59,46.24,45.24,45.52,21916700
2021-02-26,45.58,45.78,44.76,44.87,22144900
2021-03-01,45.22,46.22,45.22,45.92,17394100
2021-03-02,45.93,46.080002,45.42,45.52,14833000
2021-03-03,45.43,45.53,45.0,45.13,16851100
2021-03-04,45.14,45.47,44.15,44.56,24653500
2021-03-05,45.45,46.74,45.27,46.25,33197600
2021-03-08,46.24,48.4,46.2,47.51,34824500
2021-03-09,47.82,48.37,47.72,47.89,26512700
2021-03-10,48.47,48.79,48.19,48.29,19841500
2021-03-11,48.51,49.080002,48.23,48.8,21976600
2021-03-12,48.81,48.99,48.47,48.82,15196500
2021-03-15,48.9,49.44,48.9,49.41,15523600
2021-03-16,49.19,49.74,49.19,49.67,17282300
2021-03-17,49.61,49.61,48.89,49.42,18326900
2021-03-18,48.52,49.57,48.52,48.8,18416900
2021-03-19,48.71,49.22,48.32,48.98,65366800
2021-03-22,48.94,50.38,48.94,50.3,28813900
2021-03-23,50.02,50.68,49.9,50.0099983,28328200
2021-03-24,49.94,50.45,49.62,49.65,26444700
2021-03-25,50.58,51.4,50.29,50.51,34537700
2021-03-26,50.6,52.64,50.56,52.57,31997000
2021-03-29,52.4,52.94,52.28,52.52,25032800
2021-03-30,52.11,52.29,51.18,51.77,22465100
2021-03-31,51.83,52.049999,51.55,51.71,22212400
2021-04-01,51.75,52.07,51.35,51.98,17896200
2021-04-05,51.63,52.92,51.63,52.41,19860900
2021-04-06,51.98,52.22,51.78,52.029999,15126100
2021-04-07,52.0099983,52.14,51.58,51.77,15783600
2021-04-08,51.94,52.0,51.45,51.91,15111300
2021-04-09,51.83,52.15,51.68,52.09,13135800
2021-04-12,52.07,52.16,51.47,51.57,16441700
2021-04-13,51.64,51.88,51.34,51.66,13353200
2021-04-14,51.51,51.68,51.14,51.37,15376600
2021-04-15,51.76,51.94,51.37,51.64,17869800
2021-04-16,52.45,53.18,52.26,52.8,28327900
2021-04-19,52.53,52.96,52.49,52.85,20245600
2021-04-20,52.59,52.79,51.6,51.79,21257500
2021-04-21,51.84,52.07,51.48,51.93,14015500
2021-04-22,51.81,52.09,51.38,51.5,15564800
2021-04-23,51.5,52.13,51.18,51.91,14016800
2021-04-26,51.65,51.77,51.5,51.64,13778200
2021-04-27,51.58,51.67,51.35,51.37,13601000
2021-04-28,51.56,51.77,50.92,51.11,14984000
2021-04-29,51.18,51.6,50.98,51.46,13916600
2021-04-30,51.22,51.23,50.41,50.91,19930200
2021-05-03,51.21,51.4,50.81,51.17,13465900
2021-05-04,51.11,51.23,50.3,50.71,18164800
2021-05-05,50.99,51.25,50.68,51.13,16205300
2021-05-06,51.07,52.71,50.95,52.44,27106800
2021-05-07,52.48,53.68,52.22,53.43,24146000
2021-05-10,53.97,54.14,53.16,53.16,23845600
2021-05-11,53.099998,53.11,52.11,52.83,20220900
2021-05-12,52.18,52.43,51.47,51.6,22123300
2021-05-13,52.11,52.81,51.88,52.49,15864000
2021-05-14,52.93,53.22,52.6,52.9,14789400
2021-05-17,52.76,53.15,52.68,52.94,15731000
2021-05-18,52.8,53.34,52.74,52.93,20177200
2021-05-19,51.88,52.66,51.86,52.47,29187900
2021-05-20,50.41,52.97,50.099998,52.85,48830800
2021-05-21,52.77,52.93,52.24,52.43,24468400
2021-05-24,52.96,53.77,52.79,53.39,21128900
2021-05-25,53.37,53.58,53.14,53.31,20657200
2021-05-26,53.35,53.61,52.82,52.91,18671200
2021-05-27,52.93,53.35,52.58,52.92,56216100
2021-05-28,53.18,53.22,52.84,52.9,14863500
2021-06-01,52.96,53.32,52.43,52.62,15741700
2021-06-02,52.65,52.99,52.4,52.96,14529300
2021-06-03,52.8,53.56,52.62,53.33,17593100
2021-06-04,53.44,54.17,53.44,54.07,11676700
2021-06-07,54.32,54.44,53.79,53.92,14899800
2021-06-08,53.97,54.39,53.89,54.13,15329700
2021-06-09,54.18,54.42,53.94,54.02,14860900
2021-06-10,54.43,55.080002,54.27,55.029999,22183500
2021-06-11,55.19,55.35,54.54,54.77,17134000
2021-06-14,54.39,54.53,53.53,54.17,15131400
2021-06-15,54.23,54.32,53.73,53.79,12542600
2021-06-16,53.85,53.92,53.13,53.47,15477900
2021-06-17,53.41,53.55,53.0099983,53.13,18288400
2021-06-18,52.81,52.84,51.88,52.07,35758300
2021-06-21,52.37,53.41,52.29,53.18,17682200
2021-06-22,53.3,53.36,52.81,53.26,16451200
2021-06-23,53.27,53.29,52.59,52.76,14749800
2021-06-24,52.94,53.049999,52.61,52.78,13974300
2021-06-25,52.77,53.2,52.65,53.060001,16682700
2021-06-28,53.16,53.29,52.92,52.96,14008700
2021-06-29,52.89,53.19,52.77,52.91,10926100
2021-06-30,52.95,53.07,52.62,53.0,15826400
2021-07-01,53.049999,53.6,53.0,53.44,15074800
2021-07-02,53.19,53.62,52.84,53.54,15066000
2021-07-06,53.22,53.36,52.34,52.98,19394500
2021-07-07,53.07,53.3,52.67,53.26,14411600
2021-07-08,53.16,53.72,52.91,53.26,15691800
2021-07-09,53.36,53.93,53.29,53.74,14673400
2021-07-12,54.040001,54.040001,53.13,53.23,14000600
2021-07-13,53.34,53.58,53.2,53.32,9927400
2021-07-14,53.5,54.2,53.34,54.09,17113700
2021-07-15,53.84,53.87,53.24,53.65,14952400
2021-07-16,53.88,54.41,53.65,53.7,14144900
2021-07-19,53.67,53.7,52.73,53.060001,19925300
2021-07-20,53.28,53.93,53.19,53.58,17250200
2021-07-21,53.82,53.9,53.42,53.88,14068600
2021-07-22,53.91,54.55,53.78,54.54,15729800
2021-07-23,54.89,55.34,54.51,55.23,13042500
2021-07-26,55.13,55.65,55.13,55.47,10097400
2021-07-27,55.38,55.41,54.79,55.28,14738700
2021-07-28,55.46,55.52,54.41,54.77,18835700
2021-07-29,55.0,55.35,54.9,55.07,10680200
2021-07-30,55.080002,55.49,55.0099983,55.37,13438800
2021-08-02,55.6,55.94,55.26,55.45,12468800
2021-08-03,55.54,56.42,55.27,56.25,17357400
2021-08-04,56.37,56.37,55.47,55.69,11662400
2021-08-05,55.52,55.98,55.5,55.76,10785200
2021-08-06,55.47,55.95,55.15,55.59,18386100
2021-08-09,55.82,56.07,55.4,55.47,8707200
2021-08-10,55.5,55.67,55.25,55.61,10441900
2021-08-11,55.89,56.0099983,55.6,55.86,12604500
2021-08-12,55.85,56.45,55.66,56.39,11209700
2021-08-13,56.39,56.62,56.26,56.47,10841700
2021-08-16,56.3,56.43,55.93,56.28,14407400
2021-08-17,55.87,56.02,55.63,56.0099983,11987500
2021-08-18,55.79,56.14,55.029999,55.15,17111700
2021-08-19,54.76,57.49,54.59,57.27,39881600
2021-08-20,57.25,58.34,56.85,58.22,21876500
2021-08-23,57.85,58.7,57.74,58.54,16225400
2021-08-24,58.49,59.43,58.43,59.32,17658300
2021-08-25,59.54,60.27,59.17,59.35,18069600
2021-08-26,59.42,59.63,58.99,59.2,13729400
2021-08-27,59.27,59.35,58.86,59.02,14795200
2021-08-30,58.98,59.22,58.8,59.13,11798600
2021-08-31,59.11,59.18,58.58,59.02,19873900
2021-09-01,59.02,59.14,58.66,59.040001,11629700
2021-09-02,59.35,59.72,59.060001,59.53,12855700
2021-09-03,59.33,59.66,59.28,59.42,9732200
2021-09-07,59.24,59.37,58.75,58.88,15503600
2021-09-08,58.55,58.93,58.49,58.68,13124500
2021-09-09,58.45,58.94,58.25,58.6,14958800
2021-09-10,58.75,58.95,57.82,57.89,13622100
2021-09-13,58.16,58.53,57.73,58.099998,13553200
2021-09-14,58.24,58.47,57.66,57.87,12810300
2021-09-15,57.78,59.6,57.060001,57.56,37524600
2021-09-16,58.31,58.82,57.13,57.33,24029600
2021-09-17,57.39,57.45,56.47,56.85,40262700
2021-09-20,56.38,56.4,55.29,55.89,21897000
2021-09-21,55.96,56.37,55.23,55.26,18700600
2021-09-22,55.76,56.13,55.37,55.52,17940600
2021-09-23,55.7,56.9,55.6,56.69,16262500
2021-09-24,56.45,56.81,56.22,56.73,13156400
2021-09-27,56.46,56.67,56.049999,56.22,13859500
2021-09-28,55.78,55.99,55.41,55.52,17803200
2021-09-29,55.62,55.98,55.34,55.48,14051700
2021-09-30,55.8,55.9,54.41,54.43,18538000
2021-10-01,54.6,55.41,54.040001,55.14,18338000
2021-10-04,54.5,54.68,53.95,54.23,17084100
2021-10-05,54.13,55.029999,54.13,54.69,14135000
2021-10-06,54.35,54.38,52.98,53.94,26339200
2021-10-07,54.49,55.41,54.35,55.02,14725500
2021-10-08,55.2,55.3,54.75,55.080002,9255500
2021-10-11,55.25,55.38,54.9,54.93,8117600
2021-10-12,54.99,55.060001,54.07,54.28,14241900
2021-10-13,54.32,54.75,54.080002,54.62,13737100
2021-10-14,55.09,55.85,54.98,55.65,14455900
2021-10-15,55.89,55.89,54.96,55.25,15202200
2021-10-18,55.040001,55.49,54.57,55.19,10989600
2021-10-19,55.29,55.78,55.029999,55.74,13258400
2021-10-20,55.8,56.23,55.8,56.2,11613600
2021-10-21,56.040001,56.12,55.53,55.69,12619900
2021-10-22,55.55,55.86,54.94,55.11,15026600
2021-10-25,55.11,55.42,54.81,55.14,10218900
2021-10-26,55.56,56.35,55.4,55.81,15250000
2021-10-27,56.13,56.72,55.93,56.18,16279000
2021-10-28,56.23,56.69,55.89,56.24,11209200
2021-10-29,56.32,56.58,55.86,55.97,13550400
2021-11-01,55.87,56.25,55.5,56.099998,14341400
2021-11-02,56.37,57.87,56.28,57.62,22097900
2021-11-03,57.58,57.93,57.12,57.65,13219400
2021-11-04,57.6,57.69,56.56,57.12,18070400
2021-11-05,57.38,57.8,56.93,57.07,15637700
2021-11-08,57.099998,57.52,56.59,57.0,15045300
2021-11-09,57.07,57.63,56.9,57.44,14459800
2021-11-10,57.9,58.63,57.69,57.77,17876300
2021-11-11,57.57,57.77,56.69,56.76,17440700
2021-11-12,56.97,57.15,56.31,56.82,16663600
2021-11-15,56.93,57.7,56.83,57.27,19041800
2021-11-16,57.24,58.080002,56.93,57.0,21136900
2021-11-17,56.61,57.14,56.27,56.76,31496300
2021-11-18,52.73,53.93,51.080002,53.63,70834000
2021-11-19,53.55,53.69,52.78,53.25,30030800
2021-11-22,53.35,55.53,53.3,54.6,39949300
2021-11-23,54.61,55.58,54.47,55.3,25653100
2021-11-24,55.15,55.75,55.15,55.54,19328700
2021-11-26,54.46,55.19,54.46,54.67,16730300
2021-11-29,55.14,56.19,54.83,55.76,25724500
2021-11-30,55.58,55.6,54.15,54.84,45141300
2021-12-01,55.53,56.38,54.93,55.029999,24120500
2021-12-02,55.15,56.61,55.080002,56.15,22384700
2021-12-03,56.3,56.82,55.67,56.23,26235400
2021-12-06,56.7,57.17,56.47,56.96,23172800
2021-12-07,57.099998,58.22,57.0099983,58.080002,24254800
2021-12-08,58.080002,58.13,56.63,57.02,23631300
2021-12-09,57.2,57.83,56.93,57.55,16480200
2021-12-10,57.91,59.34,57.91,59.25,19901500
2021-12-13,59.099998,59.51,58.54,58.61,18496300
2021-12-14,58.34,58.53,57.37,57.77,19114200
2021-12-15,57.92,60.029999,57.9,59.93,27953900
2021-12-16,60.049999,60.76,59.87,60.31,24599300
2021-12-17,60.27,60.8,59.79,60.46,62171000
2021-12-20,59.67,60.41,59.3,60.36,21342100
2021-12-21,60.44,61.24,60.0,61.029999,20761100
2021-12-22,60.97,61.6,60.62,61.53,17095500
2021-12-23,61.79,62.9,61.79,62.28,17771400
2021-12-27,62.41,63.47,62.28,63.42,14779700
2021-12-28,63.42,63.84,63.23,63.53,12865000
2021-12-29,63.65,64.29,63.55,63.96,15069900
2021-12-30,64.040001,64.14,63.47,63.62,9076700
2021-12-31,63.55,63.82,63.32,63.37,10359100
2022-01-03,62.9,63.35,62.5,63.16,17184300
2022-01-04,62.44,62.81,61.11,61.25,29682500
2022-01-05,61.19,61.64,60.25,60.28,30317900
2022-01-06,60.0,61.13,59.91,60.92,19616600
2022-01-07,60.87,61.5,60.67,61.13,20152400
2022-01-10,60.87,61.9,60.52,61.82,24715300
2022-01-11,61.6,62.43,61.44,62.37,22804200
2022-01-12,62.4,62.82,61.92,62.12,13405400
2022-01-13,62.080002,62.15,61.21,61.5,14871600
2022-01-14,61.47,61.5,60.94,61.36,18831900
2022-01-18,59.98,60.22,59.49,59.73,26545800
2022-01-19,58.0,59.49,57.78,58.9,24333900
2022-01-20,58.99,59.34,58.02,58.080002,17726500
2022-01-21,58.07,58.34,56.61,56.68,25914000
2022-01-24,56.16,57.0,54.87,56.9,34180100
2022-01-25,56.09,56.69,55.07,56.11,25156400
2022-01-26,56.11,56.45,54.86,55.33,28632700
2022-01-27,55.51,56.53,54.4,54.62,25967400
2022-01-28,54.5,55.66,53.45,55.61,30976600
2022-01-31,55.43,55.86,54.87,55.67,29925300
2022-02-01,55.45,55.5,54.74,55.37,22438500
2022-02-02,55.23,56.32,55.17,56.17,23316700
2022-02-03,55.87,56.15,55.060001,55.2,19260500
2022-02-04,54.89,55.62,54.39,55.15,19675900
2022-02-07,55.33,55.53,54.7,55.17,14450200
2022-02-08,55.060001,55.49,54.71,55.34,15219900
2022-02-09,55.82,56.38,55.48,56.29,19136700
2022-02-10,55.24,56.029999,54.74,54.87,19730600
2022-02-11,54.87,55.09,53.77,53.9,20132500
2022-02-14,53.41,53.65,52.7,53.18,21868400
2022-02-15,53.72,54.3,53.64,54.27,17678000
2022-02-16,54.13,54.44,53.39,54.25,20388700
2022-02-17,55.5,57.060001,55.4,55.77,32884700
2022-02-18,55.46,57.69,55.38,57.21,35626200
2022-02-22,56.93,57.14,55.74,56.3,25188300
2022-02-23,56.61,56.99,54.37,54.44,22033700
2022-02-24,54.07,54.83,53.21,54.73,27739300
2022-02-25,54.98,56.22,54.49,56.040001,18963700
2022-02-28,55.41,56.0,54.75,55.77,23868700
2022-03-01,55.53,55.85,54.26,54.62,17799600
2022-03-02,54.77,56.38,54.71,56.15,18660000
2022-03-03,56.74,57.0,55.84,56.07,16794600
2022-03-04,55.67,56.9,55.25,56.51,16729000
2022-03-07,56.31,56.44,55.52,55.59,21350900
2022-03-08,55.7,55.86,54.07,54.4,23642400
2022-03-09,55.64,56.25,55.25,55.92,19150900
2022-03-10,54.4,55.16,53.97,54.71,18550900
2022-03-11,55.29,56.21,54.6,54.69,20330300
2022-03-14,54.73,55.4,54.0,54.3,17977500
2022-03-15,54.42,55.73,54.42,55.6,18829100
2022-03-16,55.93,56.0,54.6,55.81,21821800
2022-03-17,55.49,56.3,55.35,56.17,18830500
2022-03-18,56.029999,56.42,55.54,55.97,51807200
2022-03-21,56.060001,56.55,55.52,56.0,29174600
2022-03-22,56.36,56.72,56.09,56.17,29287900
2022-03-23,55.9,56.09,54.45,54.48,19742100
2022-03-24,54.67,54.69,53.68,54.5,20551500
2022-03-25,54.61,55.18,54.4,54.97,18090600
2022-03-28,54.8,55.16,54.42,55.14,17164600
2022-03-29,55.67,56.31,55.040001,55.67,20036500
2022-03-30,55.75,56.94,55.59,56.049999,16125400
2022-03-31,56.040001,56.88,55.72,55.76,27587700
2022-04-01,56.17,56.19,54.89,55.66,17465100
2022-04-04,55.46,56.12,54.99,55.87,19629200
2022-04-05,55.2,55.59,54.67,54.92,16063600
2022-04-06,54.69,54.76,53.84,54.37,19644100
2022-04-07,54.43,54.85,53.74,54.63,15739000
2022-04-08,54.84,54.91,54.0099983,54.28,18148200
2022-04-11,53.92,53.95,52.79,52.88,20992100
2022-04-12,51.7,52.95,51.48,51.82,25254200
2022-04-13,51.84,52.36,51.41,52.15,17004600
2022-04-14,52.080002,52.38,51.12,51.17,18024800
2022-04-18,50.88,51.56,50.8,51.11,13990700
2022-04-19,51.0,51.94,50.92,51.83,15490900
2022-04-20,52.22,53.67,52.15,53.02,19526200
2022-04-21,53.34,53.83,52.73,52.78,17147300
2022-04-22,52.92,52.96,51.29,51.36,17693000
2022-04-25,51.45,51.98,50.54,51.94,18677000
2022-04-26,51.88,51.94,50.87,50.9,19238300
2022-04-27,50.91,51.11,49.25,49.31,33668600
2022-04-28,49.53,50.78,49.21,50.63,20170700
2022-04-29,50.51,50.64,48.87,48.98,20281400
2022-05-02,49.34,49.91,48.93,49.86,22499200
2022-05-03,49.77,50.36,49.53,49.92,15828200
2022-05-04,50.029999,51.66,49.67,51.58,23942300
2022-05-05,51.15,51.21,49.16,49.61,24846500
2022-05-06,49.15,49.84,48.85,49.33,21743900
2022-05-09,49.0,49.42,48.67,48.96,22421200
2022-05-10,49.71,50.24,49.15,49.55,21741100
2022-05-11,49.09,49.64,48.58,48.65,23872100
2022-05-12,48.63,48.78,47.47,48.29,25951000
2022-05-13,48.71,49.63,48.53,49.56,18954500
2022-05-16,49.66,49.66,48.88,49.0,20254500
2022-05-17,49.68,50.72,49.51,50.6,18780600
2022-05-18,50.47,50.47,48.21,48.36,40672700
2022-05-19,43.060001,43.93,41.02,41.72,97674600
2022-05-20,41.86,43.0,41.52,42.94,46148700
2022-05-23,43.34,43.82,42.94,43.35,27366600
2022-05-24,43.4,44.060001,42.5,43.77,30053900
2022-05-25,43.75,44.42,43.19,44.0,25504600
2022-05-26,44.049999,45.53,44.049999,44.99,28294700
2022-05-27,45.12,45.64,44.95,45.62,23882100
2022-05-31,45.27,45.61,44.74,45.049999,64821200
2022-06-01,45.55,45.8,44.77,45.23,20666000
2022-06-02,45.18,45.8,44.9,45.79,20546800
2022-06-03,45.55,45.74,45.12,45.25,17947000
2022-06-06,45.6,46.09,45.13,45.33,12641900
2022-06-07,44.82,45.65,44.72,45.57,14667200
2022-06-08,45.45,45.63,44.88,44.92,16263800
2022-06-09,44.83,45.27,44.24,44.26,18417700
2022-06-10,43.8,43.99,43.29,43.49,20262400
2022-06-13,43.060001,43.84,42.89,43.24,29050800
2022-06-14,43.63,43.7,42.57,42.91,22499100
2022-06-15,43.37,44.43,43.099998,43.8,22525100
2022-06-16,42.81,43.41,42.81,43.32,27049000
2022-06-17,43.36,44.0,43.24,43.39,59678600
2022-06-21,43.81,44.28,43.7,44.14,23277900
2022-06-22,43.47,44.12,43.17,43.57,19942300
2022-06-23,43.41,43.46,42.72,42.93,33801700
2022-06-24,43.44,44.22,43.24,44.099998,30543800
2022-06-27,44.29,44.29,43.63,43.77,22755300
2022-06-28,43.91,44.47,42.99,43.060001,20091300
2022-06-29,43.14,43.26,42.69,42.88,13450800
2022-06-30,42.37,43.14,42.19,42.64,24947900
2022-07-01,42.52,42.7,41.57,42.6,24338500
2022-07-05,41.52,41.97,40.82,41.96,24442600
2022-07-06,42.12,42.93,42.0099983,42.69,17250400
2022-07-07,42.88,43.36,42.79,43.22,22316700
2022-07-08,43.029999,43.61,42.94,43.39,11817000
2022-07-11,43.34,43.68,43.07,43.25,15245200
2022-07-12,43.58,43.83,42.66,42.86,17385300
2022-07-13,41.85,43.049999,41.8,42.7,16854200
2022-07-14,41.79,42.47,41.35,42.33,17336200
2022-07-15,42.5,43.13,42.5,43.07,19897800
2022-07-18,43.3,43.32,42.41,42.6,16743800
2022-07-19,42.82,44.09,42.65,44.029999,22861400
2022-07-20,44.080002,44.32,43.66,44.13,15599200
2022-07-21,44.29,44.69,44.07,44.58,15364600
2022-07-22,44.78,44.92,44.25,44.46,14854600
2022-07-25,44.66,44.66,44.11,44.34,12954700
2022-07-26,44.37,44.54,43.75,43.83,19513000
2022-07-27,44.19,44.79,43.83,44.64,22349000
2022-07-28,44.88,45.87,44.71,45.62,17576200
2022-07-29,45.11,45.49,44.83,45.37,23701700
2022-08-01,45.060001,45.43,44.76,45.28,14153400
2022-08-02,45.52,45.7,44.9,44.92,15005400
2022-08-03,44.9,45.82,44.79,45.71,14943800
2022-08-04,45.9,45.93,45.0099983,45.38,15249300
2022-08-05,44.91,45.07,44.54,45.0099983,19533900
2022-08-08,45.49,45.52,44.86,45.02,15465600
2022-08-09,45.15,45.18,44.72,44.92,12826200
2022-08-10,45.71,46.060001,45.43,46.02,18935400
2022-08-11,46.11,46.43,45.77,45.9,15849000
2022-08-12,46.09,46.61,45.97,46.61,16967600
2022-08-15,46.39,46.62,46.029999,46.59,15456100
2022-08-16,46.57,47.0099983,46.44,46.77,21153700
2022-08-17,46.36,47.099998,46.23,46.66,27975600
2022-08-18,49.8,50.0,49.11,49.37,39999900
2022-08-19,49.0099983,49.46,48.54,48.7,23130400
2022-08-22,48.47,48.5,47.52,47.71,20534100
2022-08-23,47.59,48.040001,47.39,47.41,13764600
2022-08-24,47.09,47.41,46.87,47.07,14946500
2022-08-25,47.25,47.43,46.84,47.27,23039300
2022-08-26,47.080002,47.27,45.88,45.89,20309800
2022-08-29,45.72,46.0,45.49,45.71,13425700
2022-08-30,45.75,45.87,44.96,45.24,14279100
2022-08-31,45.78,45.83,44.59,44.72,23006100
2022-09-01,44.57,45.34,44.4,45.29,16236400
2022-09-02,45.71,45.92,44.28,44.59,14720900
2022-09-06,44.66,44.79,43.98,44.47,14366100
2022-09-07,44.75,45.17,44.35,45.02,18297400
2022-09-08,44.76,45.47,44.62,45.37,14231500
2022-09-09,45.66,45.89,45.4,45.77,15499300
2022-09-12,46.11,46.73,45.97,46.4,17923000
2022-09-13,45.72,45.91,44.02,44.11,23028600
2022-09-14,44.040001,44.27,43.56,43.96,27551500
2022-09-15,43.81,43.87,43.09,43.29,18148600
2022-09-16,43.11,43.58,42.79,43.3,32696100
2022-09-19,42.9,43.44,42.76,43.3,13667500
2022-09-20,43.0099983,43.02,42.26,42.58,16813900
2022-09-21,42.32,42.87,41.57,41.59,21415900
2022-09-22,41.34,41.55,41.14,41.15,16691000
2022-09-23,41.25,41.25,40.12,40.66,19067700
2022-09-26,40.66,41.19,40.37,40.58,22694800
2022-09-27,41.14,41.46,40.23,40.52,15027900
2022-09-28,40.85,41.57,40.59,41.34,23217700
2022-09-29,41.049999,41.099998,40.15,40.57,19496400
2022-09-30,40.66,41.040001,39.96,40.0,27989900
2022-10-03,40.67,41.53,40.47,41.29,22203600
2022-10-04,41.56,42.040001,41.39,41.82,22889400
2022-10-05,41.59,42.25,41.4,41.99,14289700
2022-10-06,41.65,42.09,41.37,41.52,18198800
2022-10-07,41.25,41.25,40.080002,40.27,19055400
2022-10-10,40.63,40.81,39.6,39.89,16628400
2022-10-11,39.81,40.11,39.27,39.58,19386400
2022-10-12,39.7,39.86,39.25,39.27,17279900
2022-10-13,39.029999,40.8,38.6,40.61,26328300
2022-10-14,40.84,40.96,39.92,40.2,19571000
2022-10-17,41.040001,41.53,40.95,41.3,27845200
2022-10-18,41.92,42.22,41.26,41.79,18223300
2022-10-19,41.63,42.24,41.47,41.88,19071700
2022-10-20,41.56,42.62,41.46,41.71,16830500
2022-10-21,41.85,42.97,41.81,42.8,25035000
2022-10-24,43.12,43.73,42.9,43.54,18785300
2022-10-25,43.34,44.4,43.2,44.36,19165200
2022-10-26,44.93,45.23,44.28,44.38,20051000
2022-10-27,44.77,45.09,44.36,44.42,18102500
2022-10-28,44.69,45.71,44.65,45.64,17978300
2022-10-31,45.31,45.64,45.060001,45.43,17793700
2022-11-01,45.58,45.79,45.060001,45.46,12088700
2022-11-02,45.47,46.21,44.55,44.57,15308800
2022-11-03,44.029999,44.15,43.39,43.85,17895600
2022-11-04,44.5,45.080002,43.83,44.52,19648700
2022-11-07,44.83,44.98,44.41,44.55,21383000
2022-11-08,44.69,45.35,44.18,44.61,17503100
2022-11-09,44.51,44.72,43.89,43.91,19311700
2022-11-10,45.7,45.81,44.65,45.66,27190100
2022-11-11,45.18,45.32,43.92,44.79,25961800
2022-11-14,44.83,45.44,44.68,44.74,21091300
2022-11-15,45.040001,45.24,44.45,44.9,19318000
2022-11-16,44.94,44.98,44.3,44.39,24939600
2022-11-17,46.19,46.85,45.16,46.59,38887800
2022-11-18,46.91,48.040001,46.86,47.79,30843200
2022-11-21,47.61,48.29,47.56,47.62,17049500
2022-11-22,48.0,48.42,47.76,48.38,16367800
2022-11-23,48.4,48.99,48.32,48.57,12065600
2022-11-25,48.75,49.049999,48.35,48.4,8492600
2022-11-28,48.29,48.47,47.92,48.080002,14976600
2022-11-29,48.25,48.41,47.84,48.28,13779300
2022-11-30,48.17,49.83,47.96,49.72,29919700
2022-12-01,49.88,50.46,49.69,49.97,18559500
2022-12-02,49.23,49.84,48.92,49.7,12325100
2022-12-05,49.55,49.64,49.17,49.33,13795900
2022-12-06,49.44,49.44,48.26,48.59,15443800
2022-12-07,48.4,48.55,48.060001,48.18,15171700
2022-12-08,48.66,49.2,48.62,48.99,16015800
2022-12-09,49.099998,49.17,48.44,48.46,14303200
2022-12-12,48.8,49.32,48.37,49.3,15425300
2022-12-13,50.33,50.71,49.23,49.64,22705900
2022-12-14,49.74,50.060001,48.82,49.3,19050400
2022-12-15,48.96,49.049999,47.74,48.15,19372500
2022-12-16,47.41,48.0,47.080002,47.81,66125400
2022-12-19,47.66,47.96,47.14,47.4,17986300
2022-12-20,47.41,47.56,46.79,47.37,15086200
2022-12-21,47.69,47.96,47.42,47.66,15599400
2022-12-22,47.49,47.49,46.69,47.32,23118500
2022-12-23,47.25,47.49,47.0099983,47.48,9554400
2022-12-27,47.67,47.71,47.22,47.53,12066200
2022-12-28,47.69,47.77,46.98,47.07,9847400
2022-12-29,47.26,47.74,47.26,47.5,11396500
2022-12-30,47.27,47.67,46.95,47.64,13199800
2023-01-03,47.86,48.049999,47.31,47.94,17718900
2023-01-04,48.28,48.48,47.17,47.55,18339800
2023-01-05,47.49,47.49,46.76,46.88,17372100
2023-01-06,47.46,48.59,47.28,48.32,20823000
2023-01-09,48.26,49.21,48.22,48.58,13938000
2023-01-10,48.8,49.21,48.59,48.81,12474400
2023-01-11,48.83,49.23,48.7,49.21,12530900
2023-01-12,49.21,49.43,48.85,49.0,14241700
2023-01-13,48.56,49.02,48.42,48.88,12649300
2023-01-17,48.92,48.94,47.95,48.080002,19290800
2023-01-18,48.19,48.27,46.89,46.9,19882200
2023-01-19,46.95,47.049999,46.39,46.46,19118600
2023-01-20,46.060001,46.83,45.67,46.78,21847200
2023-01-23,46.9,47.87,46.81,47.5,15180500
2023-01-24,47.49,48.02,47.060001,47.81,14872700
2023-01-25,47.98,48.080002,47.23,47.98,14638700
2023-01-26,48.15,48.47,47.83,48.34,12952700
2023-01-27,48.099998,48.73,47.97,48.51,13414800
2023-01-30,48.14,48.5,48.12,48.22,19261900
2023-01-31,48.12,48.69,48.049999,48.67,16821600
2023-02-01,48.39,48.9,47.51,48.57,19639400
2023-02-02,48.53,49.56,48.36,49.32,17883800
2023-02-03,49.3,49.3,48.51,48.63,17980000
2023-02-06,48.07,48.28,47.52,47.57,13991600
2023-02-07,47.24,48.15,46.97,47.84,16675200
2023-02-08,47.38,47.54,46.77,46.96,18905500
2023-02-09,47.23,47.41,46.43,46.73,18598400
2023-02-10,46.7,47.32,46.64,47.26,17397300
2023-02-13,47.45,47.99,47.39,47.86,19422100
2023-02-14,47.78,48.0,47.18,47.7,19134400
2023-02-15,47.5,48.52,47.33,48.45,27071200
2023-02-16,49.99,51.74,49.8,50.99,48125300
2023-02-17,51.33,51.44,50.6,50.77,25321400
2023-02-21,50.71,50.76,49.62,49.69,25100500
2023-02-22,49.85,49.85,48.89,49.31,20301900
2023-02-23,49.54,49.68,48.55,49.21,14066200
2023-02-24,48.81,48.9,48.17,48.48,17251600
2023-02-27,48.95,49.34,48.55,48.73,14776400
2023-02-28,48.81,48.93,48.38,48.42,16622400
2023-03-01,48.44,48.59,48.02,48.34,13449300
2023-03-02,48.32,48.63,48.12,48.53,18281800
2023-03-03,48.99,49.36,48.82,49.28,15969900
2023-03-06,49.46,49.81,49.24,49.42,13878400
2023-03-07,49.57,49.76,48.63,48.91,17506600
2023-03-08,49.02,49.27,48.74,49.11,12055500
2023-03-09,49.3,49.69,48.71,48.81,12497700
2023-03-10,48.89,49.17,48.3,48.56,16338200
2023-03-13,48.53,48.88,48.12,48.41,20280800
2023-03-14,48.68,49.26,48.51,49.049999,17679600
2023-03-15,48.37,49.11,48.37,49.060001,17354900
2023-03-16,48.68,50.29,48.51,50.12,21425100
2023-03-17,50.26,50.55,49.74,50.19,47642700
2023-03-20,50.22,51.040001,50.0099983,50.94,22699700
2023-03-21,51.21,51.33,50.33,50.67,23334000
2023-03-22,50.74,50.75,49.42,49.46,21399400
2023-03-23,49.56,50.25,49.41,49.73,17775400
2023-03-24,49.9,50.55,49.5,50.51,19438800
2023-03-27,50.7,50.95,50.48,50.54,15857200
2023-03-28,50.32,50.6,50.27,50.39,11124300
2023-03-29,50.73,51.27,50.64,51.17,18463400
2023-03-30,51.58,51.68,51.13,51.43,11754600
2023-03-31,51.44,52.35,51.39,52.28,20588800
2023-04-03,52.060001,52.56,51.99,52.31,16884600
2023-04-04,52.029999,52.12,51.43,51.82,13599900
2023-04-05,52.07,52.29,51.68,51.82,13797900
2023-04-06,50.92,51.56,50.73,51.27,14749000
2023-04-10,51.11,51.4,50.88,51.33,10177700
2023-04-11,51.12,51.3,50.52,50.62,15957900
2023-04-12,50.82,50.95,50.049999,50.11,16100700
2023-04-13,50.21,50.83,50.09,50.8,15451700
2023-04-14,50.52,50.85,50.2,50.54,12360100
2023-04-17,50.56,50.68,50.049999,50.28,12042300
2023-04-18,50.38,50.69,50.07,50.31,15203600
2023-04-19,49.23,49.27,47.99,48.040001,30466700
2023-04-20,47.61,47.65,46.36,46.58,39769400
2023-04-21,46.57,47.12,46.24,47.029999,20861000
2023-04-24,47.049999,47.45,47.0,47.39,17359900
2023-04-25,47.37,47.43,46.81,47.09,20281600
2023-04-26,46.76,46.85,46.43,46.54,22390500
2023-04-27,46.78,46.8,45.97,46.56,22845400
2023-04-28,46.69,47.26,46.61,47.25,19662000
2023-05-01,47.2,47.52,47.13,47.34,13122300
2023-05-02,46.91,47.080002,46.060001,46.36,20175100
2023-05-03,46.42,46.55,45.86,45.96,20765700
2023-05-04,45.77,45.93,45.56,45.7,17748900
2023-05-05,46.12,46.36,45.92,46.25,14315100
2023-05-08,46.44,46.52,46.09,46.34,12000000
2023-05-09,45.98,46.52,45.92,46.47,15221900
2023-05-10,46.7,46.93,46.15,46.71,15625100
2023-05-11,46.83,46.85,46.2,46.37,12521900
2023-05-12,46.28,46.81,46.28,46.71,14094800
2023-05-15,46.8,47.26,46.56,47.099998,13204400
2023-05-16,47.24,47.33,46.8,46.92,16496300
2023-05-17,47.15,47.76,47.0099983,47.63,29326000
2023-05-18,45.76,48.25,45.7,48.2,41475700
2023-05-19,48.43,49.34,48.4,49.13,28561700
2023-05-22,49.11,49.23,48.77,48.82,18667500
2023-05-23,48.61,49.35,48.6,48.91,17645900
2023-05-24,48.95,49.0,48.17,48.41,15452900
2023-05-25,47.77,49.23,47.72,49.029999,21717000
2023-05-26,49.11,50.09,49.11,49.86,19825600
2023-05-30,49.99,50.49,49.74,50.17,19074800
2023-05-31,49.91,50.029999,49.61,49.67,51990300
2023-06-01,49.76,50.09,49.26,49.74,17817000
2023-06-02,49.87,50.25,49.73,50.02,19153700
2023-06-05,50.22,50.58,50.040001,50.21,13964100
2023-06-06,49.79,49.91,49.14,49.81,16029600
2023-06-07,49.7,50.14,49.65,49.78,15950600
2023-06-08,49.92,50.0,49.57,49.68,13289100
2023-06-09,49.53,49.97,49.37,49.66,12173400
2023-06-12,49.92,50.51,49.67,50.48,15495000
2023-06-13,50.69,50.94,50.45,50.8,24035500
2023-06-14,50.8,51.22,50.63,50.96,16630700
2023-06-15,50.91,52.07,50.83,51.93,22496900
2023-06-16,52.2,52.41,51.93,52.07,37133300
2023-06-20,51.94,52.080002,51.47,51.55,20138000
2023-06-21,51.38,51.4,50.82,50.85,16939600
2023-06-22,50.65,51.14,50.43,51.12,14993800
2023-06-23,50.64,50.72,50.09,50.33,16540300
2023-06-26,50.31,50.8,50.18,50.21,13032100
2023-06-27,50.31,51.040001,50.25,50.86,12981000
2023-06-28,50.78,51.02,50.44,50.87,11387600
2023-06-29,50.86,51.27,50.82,51.21,14246000
2023-06-30,51.88,52.26,51.52,51.74,18186300
2023-07-03,51.36,51.83,51.33,51.82,7338300
2023-07-05,50.97,51.57,50.93,51.51,14950500
2023-07-06,51.07,51.19,50.65,51.11,13931100
2023-07-07,51.0,51.65,50.74,50.99,15579600
2023-07-10,51.07,51.5,51.02,51.4,19046500
2023-07-11,51.57,52.15,51.54,52.12,15002700
2023-07-12,51.56,51.93,50.53,50.74,26332500
2023-07-13,50.69,51.62,50.65,51.53,17864800
2023-07-14,50.42,50.97,50.060001,50.38,19564800
2023-07-17,50.2,50.95,50.14,50.81,16140700
2023-07-18,50.98,51.37,50.85,51.24,16434200
2023-07-19,52.21,52.44,51.7,52.43,21745000
2023-07-20,52.060001,52.87,51.92,52.37,22784400
2023-07-21,52.75,53.0,52.53,52.63,51284200
2023-07-24,52.69,53.31,52.67,53.11,18390200
2023-07-25,53.19,53.76,53.11,53.6,16136600
2023-07-26,53.54,53.65,52.96,53.22,13563700
2023-07-27,53.6,53.89,52.86,53.0,15795500
2023-07-28,52.060001,52.42,51.77,52.09,27491300
2023-07-31,51.84,52.18,51.74,52.040001,14193500
2023-08-01,52.57,52.78,52.31,52.66,15286200
2023-08-02,52.38,53.11,52.32,52.58,17693700
2023-08-03,52.49,53.27,52.24,53.15,15186400
2023-08-04,52.88,53.32,52.54,52.63,12266700
2023-08-07,52.97,53.07,52.68,53.0099983,11327900
2023-08-08,52.66,53.13,52.36,53.060001,12224800
2023-08-09,52.9,53.45,52.66,52.99,18765500
2023-08-10,53.41,54.14,53.17,53.37,16329500
2023-08-11,53.35,53.95,53.19,53.79,14342200
2023-08-14,53.8,54.13,53.72,53.88,20707300
2023-08-15,53.62,53.73,53.18,53.35,20173400
2023-08-16,53.19,53.52,52.87,52.96,26470200
2023-08-17,54.44,55.84,54.37,54.73,45278000
2023-08-18,54.63,55.46,54.62,55.040001,28833600
2023-08-21,55.2,55.79,55.15,55.44,18283200
2023-08-22,55.48,55.82,55.28,55.46,15666000
2023-08-23,55.61,56.2,55.4,55.98,18250000
2023-08-24,56.32,56.48,55.21,55.24,17586400
2023-08-25,55.25,55.87,55.25,55.7,15731800
2023-08-28,55.89,56.28,55.68,56.2,15189900
2023-08-29,56.35,56.8,56.11,56.56,17859100
2023-08-30,56.63,56.91,56.54,56.81,12145400
2023-08-31,57.099998,57.53,56.89,57.35,22619700
2023-09-01,57.39,58.19,57.39,57.84,14078200
2023-09-05,57.82,57.82,57.23,57.26,13885000
2023-09-06,57.099998,57.47,57.07,57.16,11380400
2023-09-07,56.97,57.09,56.66,56.79,14762000
2023-09-08,56.76,57.07,56.56,56.67,13992000
2023-09-11,56.72,56.97,56.44,56.84,15842300
2023-09-12,56.65,56.86,56.34,56.39,13916100
2023-09-13,56.32,56.53,56.080002,56.28,13092200
2023-09-14,56.42,56.47,56.080002,56.37,15760300
2023-09-15,56.31,56.39,55.54,56.040001,43939000
2023-09-18,56.0099983,56.28,55.83,56.11,11825000
2023-09-19,56.18,56.21,55.46,55.84,10748500
2023-09-20,55.95,56.049999,55.44,55.5,12219900
2023-09-21,53.41,54.099998,52.85,53.34,37436100
2023-09-22,53.4,53.83,53.2,53.57,17869500
2023-09-25,53.46,53.68,53.16,53.48,14224400
2023-09-26,53.18,53.3,52.58,52.71,15618400
2023-09-27,52.89,53.37,52.53,53.2,15845500
2023-09-28,53.37,54.19,53.35,53.88,17204400
2023-09-29,54.16,54.2,53.5,53.76,13951200
2023-10-02,53.84,54.4,53.81,54.39,13934000
2023-10-03,53.86,53.89,53.35,53.65,15700600
2023-10-04,53.66,53.85,53.22,53.45,17009000
2023-10-05,53.4,53.47,52.58,53.07,14929400
2023-10-06,52.99,53.75,52.74,53.45,15665500
2023-10-09,53.35,53.96,53.25,53.92,10163600
2023-10-10,53.96,54.09,53.65,53.87,13105600
2023-10-11,53.93,54.13,53.35,53.66,12658000
2023-10-12,54.02,54.22,53.51,53.85,11846100
2023-10-13,53.88,54.12,53.44,53.77,14413800
2023-10-16,54.07,54.59,54.040001,54.16,11736600
2023-10-17,53.79,53.98,53.17,53.94,17105900
2023-10-18,53.79,54.19,53.6,53.77,13087300
2023-10-19,53.76,53.93,53.2,53.32,16325600
2023-10-20,53.39,53.59,52.8,52.93,23887400
2023-10-23,52.82,52.85,52.16,52.2,17760000
2023-10-24,52.26,53.049999,52.060001,53.0099983,14824200
2023-10-25,53.11,53.37,52.33,52.4,14384700
2023-10-26,51.87,52.13,51.31,51.37,17594500
2023-10-27,51.64,52.15,51.4,51.56,13333900
2023-10-30,51.35,51.64,51.09,51.57,13322400
2023-10-31,51.75,52.17,51.68,52.13,13509300
2023-11-01,52.040001,52.28,51.8,52.19,14300700
2023-11-02,52.32,52.8,52.18,52.75,17459700
2023-11-03,53.26,53.45,52.63,53.0099983,17644900
2023-11-06,52.97,53.3,52.88,53.29,15429600
2023-11-07,53.34,53.44,52.97,53.13,15153100
2023-11-08,53.39,53.5,52.77,53.0,13633800
2023-11-09,52.12,52.57,51.75,52.0,21039400
2023-11-10,52.25,52.63,51.93,52.59,17369000
2023-11-13,52.48,52.64,52.09,52.23,14931600
2023-11-14,52.47,53.37,52.47,53.17,18331000
2023-11-15,53.27,53.43,53.040001,53.28,32188200
2023-11-16,47.41,48.060001,46.2,48.040001,79057800
2023-11-17,48.049999,48.36,47.73,47.76,32593700
2023-11-20,47.56,48.37,47.55,48.27,27421000
2023-11-21,48.27,48.35,47.66,47.8,21510500
2023-11-22,48.080002,48.35,47.95,48.080002,17308400
2023-11-24,48.09,48.4,48.049999,48.36,8209500
2023-11-27,48.33,48.37,47.91,47.93,17651600
2023-11-28,47.95,48.19,47.81,47.85,16360900
2023-11-29,48.11,48.44,48.029999,48.049999,16700500
2023-11-30,48.19,48.5,47.94,48.38,37165000
2023-12-01,48.28,48.78,48.02,48.47,18740800
2023-12-04,48.060001,48.18,47.78,48.049999,17812900
2023-12-05,47.75,47.96,47.59,47.93,20985000
2023-12-06,48.07,48.21,47.65,47.7,19535500
2023-12-07,47.91,48.36,47.8,48.26,20478500
2023-12-08,48.28,48.59,48.21,48.38,16038900
2023-12-11,48.94,49.44,48.85,49.39,25618900
2023-12-12,49.58,49.59,49.11,49.33,18712200
2023-12-13,49.24,49.7,48.81,49.69,18689200
2023-12-14,50.0,50.0099983,49.17,49.44,28418700
2023-12-15,49.49,49.93,49.43,49.87,58859300
2023-12-18,49.92,50.3,49.4,50.24,20453100
2023-12-19,50.37,50.46,49.84,50.18,17035800
2023-12-20,50.12,50.33,49.79,49.8,17812200
2023-12-21,49.93,49.98,49.38,49.7,18772300
2023-12-22,49.84,50.39,49.84,50.09,12900700
2023-12-26,50.11,50.4,50.049999,50.28,9721200
2023-12-27,50.3,50.56,50.28,50.44,10414300
2023-12-28,50.58,50.63,50.42,50.48,8549900
2023-12-29,50.45,50.59,50.22,50.52,12491200
2024-01-02,50.49,50.86,50.25,50.51,20242900
2024-01-03,50.17,50.68,49.94,50.51,20303900
2024-01-04,50.44,50.51,49.99,50.080002,18134100
2024-01-05,50.18,50.37,49.87,50.09,13988500
2024-01-08,49.75,50.5,49.69,50.46,18070300
2024-01-09,49.96,50.040001,49.43,49.91,20489200
2024-01-10,50.0,50.32,49.82,50.24,15174200
2024-01-11,50.45,50.5,50.040001,50.44,16458300
2024-01-12,50.5,50.82,50.3,50.34,18785400
2024-01-16,50.25,50.59,50.07,50.59,17015900
2024-01-17,50.24,50.43,49.91,50.3,17370600
2024-01-18,50.3,50.8,50.28,50.75,18487500
2024-01-19,50.75,51.39,50.73,51.27,22860900
2024-01-22,51.55,51.78,51.41,51.57,20298700
2024-01-23,51.39,51.82,51.3,51.76,15044300
2024-01-24,52.0,52.0,51.21,51.31,19458500
2024-01-25,51.75,52.56,51.75,52.33,18936600
2024-01-26,52.42,52.62,51.99,52.14,13160300
2024-01-29,51.84,52.39,51.83,52.29,13492400
2024-01-30,52.3,52.42,52.0,52.24,14322100
2024-01-31,51.85,51.94,50.07,50.18,29311800
2024-02-01,50.23,50.46,49.82,50.18,20635700
2024-02-02,50.14,50.38,49.62,50.18,20530400
2024-02-05,49.94,50.15,49.26,49.51,19602000
2024-02-06,50.31,50.61,49.79,49.98,19265800
2024-02-07,50.3,50.35,49.46,49.77,16794400
2024-02-08,49.9,49.99,49.55,49.95,19599000
2024-02-09,49.93,50.26,49.63,50.13,24076900
2024-02-12,50.029999,50.2,49.53,49.99,19046300
2024-02-13,49.62,49.94,49.14,49.64,23633700
2024-02-14,49.57,50.34,49.55,50.28,31176400
2024-02-15,48.26,49.69,48.19,49.060001,42766500
2024-02-16,48.75,49.080002,48.39,48.44,24909400
2024-02-20,47.97,48.47,47.85,48.28,26402500
2024-02-21,48.45,48.52,47.9,48.48,15999200
2024-02-22,48.27,48.7,48.15,48.57,22020300
2024-02-23,48.62,49.14,48.5,48.86,13141900
2024-02-26,48.85,48.9,48.36,48.4,13018700
2024-02-27,48.15,48.45,48.02,48.31,12515400
2024-02-28,48.2,48.48,48.0099983,48.060001,14635100
2024-02-29,48.19,48.48,48.13,48.37,22962500
2024-03-01,48.11,48.42,47.66,48.4,18499900
2024-03-04,48.37,49.47,48.23,49.13,25214500
2024-03-05,49.040001,49.07,48.57,48.95,18101300
2024-03-06,48.98,49.41,48.97,49.17,20903600
2024-03-07,49.44,49.48,48.83,48.9,21224700
2024-03-08,48.87,49.78,48.85,49.5,19306400
2024-03-11,49.72,50.3,49.58,50.22,17715100
2024-03-12,50.54,50.55,49.89,50.07,17590400
2024-03-13,50.029999,50.15,49.83,50.11,16669900
2024-03-14,50.27,50.35,49.6,49.79,17239400
2024-03-15,49.79,49.96,48.9,48.93,57048600
2024-03-18,49.22,49.66,48.98,49.27,17406700
2024-03-19,49.12,49.6,48.97,49.14,19601100
2024-03-20,49.040001,49.58,48.94,49.55,18554100
2024-03-21,49.71,50.19,49.56,49.88,26102900
2024-03-22,50.049999,50.099998,49.72,49.78,15021300
2024-03-25,49.56,49.76,49.29,49.68,16191200
2024-03-26,49.55,49.81,49.48,49.55,13842900
2024-03-27,49.77,49.9,49.41,49.77,17231000
2024-03-28,49.89,50.2,49.81,49.91,18139700
2024-04-01,49.96,50.2,49.87,50.040001,15138100
2024-04-02,49.96,50.09,49.15,49.36,16414400
2024-04-03,48.8,49.22,48.66,48.74,22210000
2024-04-04,49.09,49.55,48.040001,48.11,17374000
2024-04-05,47.96,48.67,47.89,48.55,18660900
2024-04-08,48.19,48.66,48.16,48.24,15375700
2024-04-09,48.84,50.2,48.52,50.0099983,26697100
2024-04-10,49.73,49.77,48.81,49.21,20026400
2024-04-11,49.32,49.59,49.0,49.53,15703900
2024-04-12,49.21,49.23,48.44,48.49,16415200
2024-04-15,49.72,49.79,48.2,48.24,20310800
2024-04-16,48.47,48.51,47.84,47.92,14233400
2024-04-17,48.0,48.28,47.71,47.79,14407600
2024-04-18,48.41,48.41,47.88,48.11,13080900
2024-04-19,48.39,48.43,48.029999,48.32,20962400
2024-04-22,48.49,48.59,48.0,48.14,20135700
2024-04-23,48.14,48.46,48.060001,48.32,16261700
2024-04-24,48.049999,48.38,47.92,48.35,14828500
2024-04-25,48.78,48.93,47.85,48.099998,18790900
2024-04-26,47.64,48.28,47.61,47.86,14658900
2024-04-29,47.99,48.31,47.58,47.78,11599500
2024-04-30,47.61,47.69,46.97,46.98,18535400
2024-05-01,46.7,47.57,46.68,46.84,18266400
2024-05-02,47.029999,47.12,46.6,46.79,15441700
2024-05-03,47.099998,47.4,46.84,47.12,17935300
2024-05-06,47.22,47.44,46.97,47.11,14163000
2024-05-07,47.21,47.46,47.0099983,47.28,14308200
2024-05-08,47.44,48.14,47.25,48.0,15130200
2024-05-09,48.0,48.09,47.65,47.79,12449300
2024-05-10,48.0,48.099998,47.7,48.060001,12096900
2024-05-13,48.31,48.82,48.23,48.68,15149100
2024-05-14,48.98,49.18,48.35,48.95,17379700
2024-05-15,49.19,49.73,48.73,49.67,37342100
2024-05-16,50.080002,50.11,48.17,48.34,47829400
2024-05-17,48.26,48.56,48.11,48.17,22020300
2024-05-20,48.0,48.07,47.0099983,47.13,22040700
2024-05-21,47.12,47.15,46.61,46.94,25172200
2024-05-22,47.099998,47.84,47.040001,47.43,19940600
2024-05-23,47.15,47.19,46.51,46.6,18837500
2024-05-24,46.63,46.8,46.38,46.42,11933600
2024-05-28,46.15,46.89,45.98,46.28,18178800
2024-05-29,45.9,46.33,45.85,46.080002,16001100
2024-05-30,46.099998,46.46,46.0,46.12,19898100
2024-05-31,46.14,46.57,46.0099983,46.5,39269100
2024-06-03,46.72,46.77,46.28,46.65,23295000
2024-06-04,46.65,47.6,46.51,47.42,23330300
2024-06-05,47.52,47.63,45.64,46.02,28746400
2024-06-06,45.94,46.39,45.78,46.23,15456100
2024-06-07,45.95,46.29,45.79,45.84,15734600
2024-06-10,45.8,45.86,45.27,45.85,13404600
2024-06-11,45.69,45.93,45.36,45.77,17450700
2024-06-12,45.99,46.080002,45.39,45.62,16803100
2024-06-13,45.42,45.55,45.12,45.52,16149000
2024-06-14,45.32,45.71,44.97,45.68,15274200
2024-06-17,45.4,45.71,44.95,45.69,16382000
2024-06-18,45.5,45.99,45.5,45.97,17627000
2024-06-20,45.91,46.87,45.86,46.72,25613200
2024-06-21,47.099998,47.84,47.049999,47.29,65576300
2024-06-24,47.49,47.78,47.02,47.28,19136200
2024-06-25,47.27,47.82,46.99,47.38,17793600
2024-06-26,47.060001,47.41,46.8,46.86,13981300
2024-06-27,46.78,47.51,46.77,47.45,16541900
2024-06-28,47.55,47.86,47.34,47.51,23921100
2024-07-01,47.48,47.84,47.35,47.52,17776000
2024-07-02,47.4,47.79,46.96,47.28,19794200
2024-07-03,47.15,47.52,47.040001,47.09,8118300
2024-07-05,46.43,46.76,46.31,46.65,14692600
2024-07-08,46.35,46.78,45.95,46.060001,19320900
2024-07-09,46.0,46.099998,45.65,45.8,17343400
2024-07-10,46.060001,46.29,45.83,46.27,18737300
2024-07-11,46.18,46.91,46.18,46.76,19741200
2024-07-12,46.78,47.86,46.65,47.38,20936100
2024-07-15,47.41,47.49,46.79,47.4,15925900
2024-07-16,47.45,47.97,47.22,47.42,17037300
2024-07-17,47.46,48.74,47.35,48.52,26638700
2024-07-18,48.15,48.64,47.98,48.040001,18462500
2024-07-19,48.09,48.099998,47.14,47.32,18289200
2024-07-22,47.32,47.38,46.77,46.82,19899400
2024-07-23,46.75,46.78,46.34,46.36,16372000
2024-07-24,46.54,47.040001,46.24,46.85,25318200
2024-07-25,47.37,48.19,47.060001,47.24,20631200
2024-07-26,47.32,48.0099983,47.24,47.88,16104900
2024-07-29,47.82,48.21,47.44,47.99,11475700
2024-07-30,48.19,48.55,47.89,48.14,20166000
2024-07-31,48.41,48.77,48.24,48.45,19953600
2024-08-01,48.62,48.72,47.2,47.39,18837500
2024-08-02,47.68,47.75,46.35,46.66,24000200
2024-08-05,46.55,46.68,44.69,44.74,29669600
2024-08-06,44.75,45.74,44.64,45.16,20524000
2024-08-07,45.42,46.21,45.09,45.12,18301100
2024-08-08,45.28,46.27,45.28,45.83,18369100
2024-08-09,45.7,46.060001,45.24,45.47,21217600
2024-08-12,45.53,45.74,44.5,44.86,20289500
2024-08-13,44.98,45.39,44.89,45.37,20976900
2024-08-14,45.14,45.74,45.040001,45.44,30675600
2024-08-15,48.75,50.28,48.16,48.53,45976400
2024-08-16,48.64,49.73,48.5,49.46,27424900
2024-08-19,49.33,49.99,49.3,49.98,16436600
2024-08-20,49.98,50.37,49.6,50.24,18697300
2024-08-21,50.29,50.55,50.029999,50.45,21177600
2024-08-22,50.72,50.93,50.18,50.22,19143100
2024-08-23,50.51,50.77,50.32,50.74,16474100
2024-08-26,50.79,51.02,50.72,50.79,12016800
2024-08-27,50.67,50.84,50.4,50.71,10243900
2024-08-28,50.45,50.57,49.41,49.85,14571400
2024-08-29,49.97,50.82,49.88,50.39,16324100
2024-08-30,50.55,50.69,50.07,50.54,15615800
2024-09-03,50.31,50.5,49.9,50.060001,14918600
2024-09-04,49.82,50.040001,49.58,49.7,16411700
2024-09-05,49.5,49.65,48.94,49.13,16312000
2024-09-06,48.87,49.23,48.2,48.5,21040500
2024-09-09,48.47,49.15,48.26,48.7,18677600
2024-09-10,48.79,48.97,48.44,48.79,11754700
2024-09-11,48.75,49.21,47.85,49.11,15106600
2024-09-12,49.09,49.64,48.86,49.61,13236900
2024-09-13,49.74,50.060001,49.67,49.8,10168900
2024-09-16,49.88,51.07,49.78,51.029999,16668200
2024-09-17,51.02,51.42,50.57,50.61,13230300
2024-09-18,50.39,51.14,50.27,50.57,12697700
2024-09-19,51.41,51.72,51.15,51.44,16274000
2024-09-20,51.45,52.33,51.42,51.97,44096600
2024-09-23,52.060001,52.44,51.89,52.19,18343400
2024-09-24,52.21,52.57,52.0099983,52.52,26479300
2024-09-25,52.57,52.73,52.37,52.65,22422200
2024-09-26,53.0,53.29,52.76,52.85,18374000
2024-09-27,53.040001,53.22,52.86,53.02,13868300
2024-09-30,53.02,53.31,52.65,53.22,17807500
2024-10-01,53.11,53.2,52.31,52.74,16621800
2024-10-02,52.4,52.84,52.13,52.62,11071300
2024-10-03,52.19,52.66,52.16,52.43,11029100
2024-10-04,52.8,52.91,52.41,52.75,11724100
2024-10-07,52.58,52.85,52.37,52.51,10941700
2024-10-08,52.64,52.77,52.2,52.73,12365000
2024-10-09,52.65,53.68,52.54,53.56,10586100
2024-10-10,53.7,53.81,53.42,53.54,9377500
2024-10-11,53.52,54.33,53.52,54.25,12704500
2024-10-14,54.31,54.41,53.79,54.27,11428600
2024-10-15,54.42,54.61,53.92,54.080002,20066300
2024-10-16,55.0,56.41,54.83,56.38,32382300
2024-10-17,56.38,56.58,55.85,56.4,18383400
2024-10-18,56.41,56.87,56.21,56.76,17679800
2024-10-21,56.69,57.060001,56.51,56.59,14083600
2024-10-22,56.0,56.9,55.86,56.6,14956300
2024-10-23,56.16,56.59,55.99,56.28,18723000
2024-10-24,56.38,56.55,55.81,55.96,14699600
2024-10-25,56.25,56.63,55.67,55.74,14680500
2024-10-28,55.9,55.98,55.21,55.28,12912300
2024-10-29,55.37,56.11,55.27,55.68,18810100
2024-10-30,55.57,56.040001,55.37,55.59,13284300
2024-10-31,55.43,55.51,54.71,54.77,22023400
2024-11-01,54.74,55.81,54.53,55.5,19235600
2024-11-04,55.45,55.91,55.12,55.83,13269900
2024-11-05,55.9,56.27,55.5,56.16,10183600
2024-11-06,57.19,58.09,56.96,57.87,20506000
2024-11-07,57.8,58.3,57.54,58.080002,17880200
2024-11-08,58.09,58.2,57.66,58.060001,17517700
2024-11-11,59.0,59.38,58.36,58.63,17827000
2024-11-12,58.76,59.040001,58.43,58.71,16609400
2024-11-13,58.15,59.28,57.84,59.18,36350600
2024-11-14,58.99,58.99,57.52,57.92,33747700
2024-11-15,57.45,58.099998,57.23,57.46,28173700
2024-11-18,57.55,57.99,57.23,57.31,23770500
2024-11-19,56.68,57.040001,56.35,57.0099983,17476200
2024-11-20,56.84,57.5,56.61,57.5,15345000
2024-11-21,57.29,57.93,57.099998,57.56,16162400
2024-11-22,57.59,58.7,57.46,58.55,14952100
2024-11-25,58.65,58.96,58.26,58.74,52408200
2024-11-26,59.0,59.64,58.94,59.59,14209700
2024-11-27,59.61,59.87,58.93,59.29,12703300
2024-11-29,59.07,59.59,59.040001,59.21,11618400
2024-12-02,59.25,59.7,59.14,59.43,15977400
2024-12-03,59.43,59.53,59.17,59.48,11746000
2024-12-04,59.64,59.84,59.27,59.62,16872100
2024-12-05,59.79,60.23,59.7,60.02,19121700
2024-12-06,60.0,60.080002,59.77,59.89,14622700
2024-12-09,59.83,59.88,58.86,58.95,16517500
2024-12-10,58.5,58.86,58.13,58.72,14480200
2024-12-11,58.88,58.96,58.31,58.59,26842900
2024-12-12,58.69,59.74,58.63,58.85,17704600
2024-12-13,58.62,58.94,58.38,58.62,14129700
2024-12-16,58.47,58.49,57.85,58.35,26883200
2024-12-17,58.38,59.07,58.17,58.52,24912500
2024-12-18,58.71,58.71,57.48,57.53,24195100
2024-12-19,57.39,58.14,57.34,57.63,21947800
2024-12-20,57.57,58.78,57.27,58.52,69544600
2024-12-23,58.13,59.02,58.12,58.98,18671200
2024-12-24,58.8,59.85,58.8,59.85,9922300
2024-12-26,59.62,60.060001,59.4,59.98,8524500
2024-12-27,59.57,60.02,59.14,59.61,13021400
2024-12-30,59.09,59.39,58.41,59.19,12948100
2024-12-31,59.22,59.38,58.77,59.2,14173000
2025-01-02,59.27,59.68,58.57,59.099998,16144300
2025-01-03,58.84,59.17,58.36,58.86,18859000
2025-01-06,58.91,59.58,58.59,58.77,18543300
2025-01-07,58.97,59.25,58.65,58.93,16863800
2025-01-08,58.89,59.24,58.27,59.2,14400300
2025-01-10,58.79,59.060001,58.54,58.74,17274500
2025-01-13,58.92,58.93,58.17,58.76,19340700
2025-01-14,58.97,59.34,58.75,59.33,16715500
2025-01-15,59.86,60.34,59.59,59.98,19185100
2025-01-16,60.18,60.45,59.78,59.82,18445700
2025-01-17,60.76,60.95,60.2,60.23,23876400
2025-01-21,60.47,61.33,60.28,61.029999,18623800
2025-01-22,61.040001,61.76,60.99,61.63,19436600
2025-01-23,61.8,62.32,61.38,62.23,14212000
2025-01-24,62.060001,62.29,61.86,62.23,17232900
2025-01-27,61.39,61.46,58.76,59.080002,33730300
2025-01-28,59.02,59.56,58.92,59.43,25473300
2025-01-29,59.95,60.54,59.51,59.55,17925300
2025-01-30,60.47,61.080002,60.25,60.47,17079000
2025-01-31,60.53,61.19,60.46,60.6,16555700
2025-02-03,60.19,61.26,59.55,61.040001,20375700
2025-02-04,60.84,61.59,60.73,61.34,12742700
2025-02-05,61.45,62.71,61.3,62.57,18997400
2025-02-06,62.82,62.91,62.07,62.27,15521800
2025-02-07,62.74,63.25,62.21,62.27,23861000
2025-02-10,63.12,63.15,62.38,62.81,15816200
2025-02-11,62.53,62.8,62.18,62.43,17702500
2025-02-12,61.44,62.56,61.2,62.53,30116300
2025-02-13,66.099998,66.5,62.72,63.84,43257700
2025-02-14,63.79,65.07,63.44,64.87,23693300
2025-02-18,65.3,66.25,64.43,64.59,22047500
2025-02-19,64.52,64.96,64.29,64.84,14164100
2025-02-20,64.96,65.23,64.27,64.67,14836600
2025-02-21,64.68,64.96,63.88,63.98,18905800
2025-02-24,64.43,64.58,63.15,63.24,17287500
2025-02-25,64.6,64.64,63.32,64.27,22100100
2025-02-26,64.050003,64.78,63.94,64.080002,13452300
2025-02-27,64.77,65.29,63.75,63.81,24695600
2025-02-28,63.93,64.16,62.83,64.11,26711800
2025-03-03,64.39,64.88,63.19,63.48,21810700
2025-03-04,63.74,63.91,62.61,63.26,24588300
2025-03-05,63.23,64.18,62.8,63.96,14931500
2025-03-06,63.8,64.019997,62.76,63.41,23155100
2025-03-07,62.9,64.17,62.19,63.94,21154800
2025-03-10,63.48,63.69,61.68,62.060001,27417600
2025-03-11,62.28,62.38,60.53,60.67,25787400
2025-03-12,60.96,61.18,60.25,60.46,18935300
2025-03-13,60.41,60.49,59.23,59.67,16463300
2025-03-14,60.32,60.62,59.92,60.5,16250700
2025-03-17,60.4,61.21,60.34,60.89,15335800
2025-03-18,60.67,60.8,59.67,60.3,16669000
2025-03-19,60.63,61.58,60.5,61.12,15488800
2025-03-20,60.48,61.02,60.34,60.62,16528600
2025-03-21,60.17,60.4,59.43,60.3,65935200
2025-03-24,61.040001,61.38,60.88,60.97,28335600
2025-03-25,60.84,61.21,60.7,60.99,20877600
2025-03-26,61.029999,61.84,61.0099983,61.8,30621200
2025-03-27,61.89,61.98,61.33,61.4,25720200
2025-03-28,61.66,61.78,60.51,60.86,24931700
2025-03-31,60.63,61.9,60.24,61.71,29335700
2025-04-01,61.38,62.040001,61.060001,61.8,17381400
2025-04-02,61.2,61.87,61.099998,61.82,18610700
2025-04-03,59.38,59.92,57.26,57.31,40006300
2025-04-04,56.66,57.47,54.44,54.54,42924400
2025-04-07,53.38,56.12,52.11,54.41,46816200
2025-04-08,54.74,55.87,52.72,53.19,37377000
2025-04-09,53.080002,58.43,52.67,58.13,53380800
2025-04-10,57.82,57.94,55.0,56.59,31964600
2025-04-11,56.67,57.8,56.28,57.33,23036900
2025-04-14,57.89,58.21,57.099998,57.41,15657700
2025-04-15,57.87,57.91,57.060001,57.2,18543600
2025-04-16,56.57,57.080002,55.42,55.76,20551300
2025-04-17,56.2,56.41,55.69,55.76,15874300
2025-04-21,55.16,55.33,53.83,54.37,15578800
2025-04-22,55.22,55.28,54.59,55.040001,19961800
2025-04-23,56.15,56.98,55.5,55.63,30231500
2025-04-24,55.3,56.57,55.16,56.29,22782300
2025-04-25,56.21,56.78,56.07,56.71,16493500
2025-04-28,56.53,57.33,56.42,56.84,23140600
2025-04-29,56.69,57.49,56.63,57.34,13466000
2025-04-30,57.099998,57.91,56.46,57.73,19921200
2025-05-01,57.78,58.47,57.68,58.12,16420800
2025-05-02,59.060001,59.42,58.74,59.33,18753200
2025-05-05,59.0,59.65,58.88,59.32,14758500
2025-05-06,58.63,59.51,58.58,59.22,13766500
2025-05-07,59.2,59.9,59.07,59.57,14078300
2025-05-08,59.96,60.28,59.43,59.71,16196700
2025-05-09,60.66,60.83,59.44,59.77,17480700
2025-05-12,61.61,61.85,61.12,61.67,23700000
2025-05-13,61.68,62.24,61.61,61.78,18591200
2025-05-14,61.63,61.87,60.85,61.29,34509200
2025-05-15,63.07,65.75,62.92,64.26,60718000
2025-05-16,63.91,64.029999,62.98,63.62,30289900
2025-05-19,63.43,64.13,63.18,63.92,16249000
2025-05-20,63.74,63.85,63.07,63.42,14995200
2025-05-21,62.99,63.91,62.97,63.2,15595900
2025-05-22,63.41,63.72,62.95,63.36,15641100
2025-05-23,62.71,63.22,62.53,63.11,15645400
2025-05-27,63.76,63.99,63.34,63.75,17429400
2025-05-28,63.89,63.99,63.25,63.34,13814500
2025-05-29,63.73,63.74,62.49,63.049999,13982800
2025-05-30,62.92,63.18,62.3,63.040001,25829000
2025-06-02,62.73,63.88,62.71,63.85,15816000
2025-06-03,63.8,64.46,63.72,64.36,15156900
2025-06-04,64.66,64.89,64.35,64.39,14770900
2025-06-05,64.48,64.91,64.28,64.62,17025200
2025-06-06,65.32,66.16,65.23,66.059998,20943800
2025-06-09,66.11,66.36,65.59,65.9,13689800
2025-06-10,66.010002,66.080002,64.81,65.15,17214900
2025-06-11,65.11,65.15,63.87,64.19,20442600
2025-06-12,64.32,65.21,64.11,65.099998,15160800
2025-06-13,64.59,64.72,63.93,64.089996,14635000
2025-06-16,65.19,65.61,64.85,65.51,16957700
2025-06-17,65.64,66.15,65.019997,65.33,18845200
2025-06-18,65.69,66.34,65.38,65.84,22664200
2025-06-20,66.49,66.65,65.72,66.32,50421700
2025-06-23,66.35,67.49,66.21,67.38,34030000
2025-06-24,67.78,68.040001,67.36,67.89,23162700
2025-06-25,67.85,68.53,67.78,68.19,19395700
2025-06-26,68.72,69.16,68.42,68.95,23154000
2025-06-27,68.87,69.22,68.34,68.65,26224600
2025-06-30,68.83,69.78,68.75,69.38,32561200
2025-07-01,69.38,69.55,68.64,69.099998,21939500
2025-07-02,68.68,68.94,68.18,68.59,16655200
2025-07-03,68.18,69.47,68.18,69.37,17973500
2025-07-07,69.080002,69.3,68.61,68.93,23985200
2025-07-08,68.8,68.92,68.35,68.59,21182600
2025-07-09,68.54,69.32,68.31,69.27,23765900
2025-07-10,69.26,69.39,68.56,68.76,15005300
2025-07-11,68.29,68.5,67.69,67.95,14699400
2025-07-14,67.83,68.029999,67.2,67.82,16451400
2025-07-15,67.68,67.88,67.15,67.18,13944600
2025-07-16,67.15,67.56,66.98,67.37,15156100
2025-07-17,67.55,68.47,67.51,68.3,20400000
2025-07-18,68.78,68.84,67.96,68.050003,16145100
2025-07-21,67.9,68.62,67.79,68.34,14674200
2025-07-22,68.34,68.6,68.080002,68.16,14527200
2025-07-23,68.35,68.83,68.059998,68.62,13042300
2025-07-24,68.36,68.59,67.92,68.29,13534000
2025-07-25,68.38,68.82,68.07,68.69,11590000
2025-07-28,67.75,67.96,67.37,67.92,20558400
2025-07-29,68.23,68.72,67.83,67.96,15261800
2025-07-30,67.84,68.58,67.35,68.28,15518200
2025-07-31,68.31,69.15,67.88,68.080002,18529200
2025-08-01,67.51,67.61,66.52,67.11,21650000
2025-08-04,67.77,68.51,67.61,68.49,17052200
2025-08-05,68.69,68.87,67.44,67.52,15434500
2025-08-06,67.96,69.35,67.77,69.21,23107800
2025-08-07,69.8,70.14,69.21,69.9,22579600
2025-08-08,70.24,72.019997,70.22,71.79,31662400
2025-08-11,72.3,72.55,70.34,70.67,28911400
2025-08-12,70.79,71.5,70.56,71.38,21912100
2025-08-13,71.86,72.029999,70.25,70.4,38096400
2025-08-14,68.0,70.61,67.48,69.3,39317300
2025-08-15,68.45,68.65,65.86,66.2,40877300
2025-08-18,66.080002,67.11,65.75,66.95,20903400
2025-08-19,66.76,67.52,66.48,66.76,18746600
2025-08-20,66.82,67.19,66.54,67.11,14946400
2025-08-21,67.099998,67.22,66.47,67.019997,12456600
2025-08-22,67.33,68.040001,67.010002,67.32,16830600
2025-08-25,67.28,67.5,67.11,67.14,11724500
2025-08-26,67.17,68.75,67.11,68.39,28307900
2025-08-27,68.32,68.75,68.15,68.44,13876700
2025-08-28,68.36,69.58,68.35,69.43,15256000
2025-08-29,69.11,69.46,68.83,69.089996,14953000
2025-09-02,68.11,68.32,67.38,67.8,18928800
2025-09-03,68.050003,68.13,67.33,67.67,14320100
2025-09-04,68.099998,68.41,67.41,67.99,14388500
2025-09-05,67.72,68.099998,66.48,66.9,21050800
2025-09-08,66.72,67.010002,66.35,66.88,14038000
2025-09-09,66.74,67.44,66.64,67.34,11649400
2025-09-10,67.59,68.32,67.12,68.13,14689500
2025-09-11,68.31,68.57,67.51,67.69,17560800
2025-09-12,66.88,67.34,66.13,66.53,18529200
2025-09-15,66.51,67.2,66.35,67.019997,16203100
2025-09-16,67.019997,67.38,66.55,66.93,18019300
2025-09-17,67.0,67.88,66.38,67.72,18652100
2025-09-18,67.9,68.76,67.48,68.68,20279000
2025-09-19,68.92,68.92,67.18,68.21,47822500
2025-09-22,67.86,68.0,67.3,67.75,20396700
2025-09-23,67.58,68.22,67.07,67.54,22240000
2025-09-24,67.7,67.86,66.89,67.32,17433100
2025-09-25,67.32,68.24,67.11,67.85,22351700
2025-09-26,67.87,67.91,66.85,67.22,15077400
2025-09-29,67.72,67.95,67.44,67.72,14358300
2025-09-30,67.71,68.77,67.69,68.42,20498900
2025-10-01,67.9,68.82,67.69,68.75,15530700
2025-10-02,69.18,69.49,68.26,68.31,15708300
2025-10-03,67.95,68.58,67.65,67.92,11113200
2025-10-06,68.44,68.95,67.81,68.91,21952700
2025-10-07,68.92,69.22,68.44,68.99,16493200
2025-10-08,69.81,70.76,69.0,70.33,34246300
2025-10-09,70.31,70.62,69.029999,69.96,21209500
2025-10-10,70.41,70.81,67.89,67.94,20961500
2025-10-13,68.55,68.89,67.13,67.46,14127900
2025-10-14,67.11,69.16,66.81,68.66,15402000
2025-10-15,69.31,70.3,68.82,69.52,16260500
2025-10-16,69.78,70.07,68.57,69.089996,13950600
2025-10-17,69.059998,70.77,68.95,70.13,16286900
2025-10-20,70.12,70.97,70.12,70.65,12183500
2025-10-21,70.58,71.24,70.38,70.72,15763300
2025-10-22,70.86,70.97,69.85,70.66,14967200
2025-10-23,70.6,71.24,70.23,70.27,14614100
2025-10-24,70.64,70.94,70.059998,70.63,13075600
2025-10-27,70.54,71.46,70.43,71.39,15986800
2025-10-28,71.2,72.68,71.029999,72.62,19896800
2025-10-29,72.68,72.82,70.92,71.33,18020600
2025-10-30,71.37,73.11,71.34,72.91,18101800
2025-10-31,72.72,73.48,72.43,73.11,24008000
2025-11-03,74.61,74.84,73.62,74.45,21733400
2025-11-04,73.9,73.99,71.98,72.32,22345000
2025-11-05,72.22,72.58,71.34,72.099998,16113500
2025-11-06,71.71,72.23,70.69,71.040001,16469900
2025-11-07,71.39,71.59,70.54,71.07,16913700
2025-11-10,71.76,72.5,71.15,72.089996,22201200
2025-11-11,71.74,72.25,71.099998,71.71,21412900
2025-11-12,71.91,74.21,71.72,73.96,57591600
2025-11-13,77.95,79.5,76.65,77.38,57638500
2025-11-14,76.58,78.67,75.84,78.0,38819600
2025-11-17,77.89,79.39,77.47,77.78,28720100
2025-11-18,77.55,78.2,76.45,77.37,26025500
2025-11-19,77.3,78.93,77.16,78.39,24759700
2025-11-20,79.12,80.059998,75.32,75.44,27381900
2025-11-21,75.64,76.94,75.47,76.099998,24428800
2025-11-24,76.49,76.88,75.68,76.24,26691500
2025-11-25,76.49,77.059998,76.080002,76.32,18818800
2025-11-26,76.46,76.6,75.34,76.07,15972600
2025-11-28,76.14,76.96,75.81,76.94,7320900
2025-12-01,76.67,76.82,75.93,76.040001,15529600
2025-12-02,76.16,77.0,75.76,76.87,14619100
2025-12-03,76.59,77.82,75.65,77.75,16088400
2025-12-04,77.69,77.86,77.17,77.76,12572600
2025-12-05,77.97,78.19,77.4,77.97,12579400
2025-12-08,78.21,79.38,78.12,78.86,17454500
2025-12-09,78.79,79.88,78.51,79.51,15737500
2025-12-10,78.83,80.82,78.8,80.25,21302700
2025-12-11,80.24,80.37,78.83,79.27,18652300
2025-12-12,79.46,79.56,77.72,77.8,16672300
2025-12-15,78.21,78.71,77.54,78.25,17646000
2025-12-16,78.11,78.61,77.38,77.55,17737200
2025-12-17,77.9,78.2,75.92,76.0,26094400
2025-12-18,76.33,77.81,76.26,76.95,19249400
2025-12-19,76.97,79.17,76.79,78.42,84881900
2025-12-22,79.019997,79.15,77.96,78.11,18016100
2025-12-23,77.61,78.12,77.59,78.019997,16712600
2025-12-24,78.019997,78.29,77.85,78.019997,9104400
2025-12-26,78.099998,78.28,77.93,78.16,10158000
2025-12-29,78.029999,78.3,77.52,77.79,17941800
2025-12-30,77.81,77.81,77.17,77.41,13952200
2025-12-31,77.34,77.82,76.88,77.029999,13570500
2026-01-02,76.65,76.95,75.61,76.040001,15749800
2026-01-05,76.45,76.77,75.21,75.58,16328800
2026-01-06,75.53,75.73,74.81,75.23,17017200
2026-01-07,75.12,75.38,74.2,74.72,20347400
2026-01-08,74.31,74.46,73.55,73.96,17192200
2026-01-09,73.45,74.33,73.34,73.88,19104100
2026-01-12,72.91,74.050003,72.8,74.010002,20985700
2026-01-13,73.99,75.5,73.86,75.47,17809900
2026-01-14,74.93,75.11,73.82,74.41,17801300
2026-01-15,75.22,76.050003,74.91,75.25,18213000
2026-01-16,75.64,75.99,74.6,75.19,25743300
2026-01-20,74.52,74.87,73.21,73.35,23999700
2026-01-21,73.95,74.36,73.010002,73.69,18210200
2026-01-22,74.11,74.78,73.88,74.33,12879800
2026-01-23,73.95,75.07,73.71,74.59,13125500
2026-01-26,76.47,77.42,75.64,77.010002,24714400
2026-01-27,77.19,78.91,77.050003,78.68,17756700
2026-01-28,78.93,79.040001,78.019997,78.96,14022900
2026-01-29,79.11,79.48,77.63,78.43,22642900
2026-01-30,78.089996,78.8,77.72,78.32,26458400
2026-02-02,78.12,81.16,78.0,80.64,28238600
2026-02-03,80.81,83.25,80.81,83.11,34962100
2026-02-04,83.98,84.24,81.14,81.16,39765700
2026-02-05,80.86,83.31,80.81,82.36,24236500
2026-02-06,83.56,85.0,82.81,84.82,23936600
2026-02-09,84.73,87.25,84.31,86.78,22908400
2026-02-10,86.97,88.19,86.13,86.29,32113800
2026-02-11,86.059998,87.14,85.13,85.54,34455800
2026-02-12,79.61,80.37,74.089996,75.0,68098600
2026-02-13,74.38,77.3,73.42,76.85,42886400
2026-02-17,76.95,77.57,76.48,76.85,24792700
2026-02-18,76.55,78.6,76.49,78.18,20648800
2026-02-19,77.99,79.16,77.87,78.56,18443200
2026-02-20,78.13,79.33,78.13,79.2,29461600
2026-02-23,78.85,79.48,76.94,77.74,24485900
2026-02-24,77.74,78.71,77.47,78.14,19485100
2026-02-25,78.45,79.42,78.26,79.12,22721800
2026-02-26,78.94,79.34,77.72,78.099998,19608000
2026-02-27,77.65,79.53,77.07,79.46,27498000
2026-03-02,78.75,79.52,77.69,79.42,18540400
2026-03-03,78.38,79.44,77.57,78.96,17521100
2026-03-04,79.2,80.96,78.53,80.87,20388100
2026-03-05,79.99,81.17,79.050003,80.010002,26844800
2026-03-06,78.52,79.52,78.35,78.64,20621200
2026-03-09,77.18,77.56,75.2,76.21,32855900
2026-03-10,77.14,79.010002,77.099998,77.7,24836000
2026-03-11,77.64,78.5,77.12,78.099998,14719900
2026-03-12,76.95,78.13,76.95,77.74,19969500
2026-03-13,78.07,79.26,77.94,78.33,19080400
2026-03-16,78.92,79.17,78.19,78.9,14715100
2026-03-17,79.18,80.050003,78.82,79.27,16210500
2026-03-18,79.74,80.029999,77.53,77.6,18827600
2026-03-19,77.55,78.88,76.92,78.51,17519600
2026-03-20,78.45,79.040001,76.71,77.65,90380800
2026-03-23,78.64,79.51,78.42,78.82,20072200
2026-03-24,78.37,80.94,78.13,80.86,23528000
2026-03-25,81.0,82.68,80.89,81.83,23146000
2026-03-26,82.07,83.11,81.81,82.16,26649600
2026-03-27,81.98,82.12,79.4,79.92,20557400
2026-03-30,79.86,80.39,76.59,77.040001,24306300
2026-03-31,77.89,78.19,76.31,77.59,25105700
2026-04-01,78.0,79.12,77.81,77.93,21309000
2026-04-02,76.73,79.099998,76.54,79.019997,12634900
2026-04-06,79.12,80.48,79.019997,80.44,16388600
2026-04-07,80.019997,80.89,79.42,80.68,13428100
2026-04-08,82.31,83.74,81.5,83.7,19621900
2026-04-09,83.85,84.77,82.15,83.17,17611700
2026-04-10,83.89,84.56,81.62,82.22,17571100
2026-04-13,82.040001,82.39,81.25,82.35,19997500
2026-04-14,82.029999,82.65,81.36,82.61,17856800
2026-04-15,82.53,82.66,80.88,82.36,15066400
2026-04-16,82.080002,84.53,82.0,84.5,14609000
2026-04-17,85.19,86.38,84.6,86.25,20321900
2026-04-20,86.2,88.35,85.86,87.71,16695600
2026-04-21,87.92,89.8,87.16,89.7,18653400
2026-04-22,89.93,90.45,89.48,89.8,16986100
2026-04-23,89.32,90.0,88.27,88.59,21156700
2026-04-24,87.41,89.73,87.41,89.010002,18969900
2026-04-27,89.28,89.5,87.64,88.26,13810500
2026-04-28,88.55,88.55,85.78,86.86,16889300
2026-04-29,87.32,89.63,86.84,89.57,15427900
2026-04-30,89.82,91.67,89.32,91.5,21686700
2026-05-01,91.75,92.92,91.16,91.85,16095700
2026-05-04,91.85,93.099998,91.19,92.63,12684800
2026-05-05,93.82,94.72,93.38,94.3,13456200
2026-05-06,92.64,93.42,91.0,91.64,27026600
2026-05-07,92.0,92.73,91.61,92.16,17062300
2026-05-08,93.33,97.019997,93.14,96.57,24652500
2026-05-11,96.35,98.83,95.33,98.72,31852500
2026-05-12,99.52,99.93,97.77,99.29,28810800
2026-05-13,99.4,102.010002,99.29,101.87,45241600
2026-05-14,117.55,119.36,113.97,115.53,70932300
2026-05-15,114.61,118.83,114.0,118.21,38519600
2026-05-18,118.8,119.39,116.029999,118.88,24763500
2026-05-19,117.040001,118.5,114.79,115.38,32525500
2026-05-20,115.69,116.92,113.85,114.35,26154800
2026-05-21,114.13,118.6,113.57,118.2,22700600
2026-05-22,118.46,120.79,117.68,120.41,22237200
2026-05-26,120.54,120.77,117.099998,118.33,26607200
2026-05-27,117.94,120.39,116.77,119.67,21705100
2026-05-28,120.53,120.72,117.96,118.64,20631300
2026-05-29,117.82,121.43,117.010002,120.42,42179300
2026-06-01,119.8,121.95,118.3,121.33,23966800
2026-06-02,122.49,128.22,122.49,128.0,26451500
2026-06-03,126.16,129.42,124.92,126.5,29972500
2026-06-04,126.059998,130.37,124.14,130.0,23339500
2026-06-05,128.66,128.84,121.55,121.64,33169300
2026-06-08,123.56,126.44,122.0,124.15,24288200
2026-06-09,123.26,124.22,117.099998,120.36,22744100
2026-06-10,119.72,120.95,118.36,118.8,19740500
2026-06-11,117.18,122.55,116.5,121.83,24625500
2026-06-12,122.35,122.79,120.73,121.099998,18222800
2026-06-15,122.56,122.59,119.53,120.17,23148000
2026-06-16,120.29,120.77,119.2,119.57,16644300
2026-06-17,118.96,119.66,116.94,117.33,18472000
2026-06-18,118.6,120.32,117.3,119.54,52284400
2026-06-22,119.6,122.089996,119.6,121.53,20174100
2026-06-23,118.54,122.34,117.65,121.15,22654400
2026-06-24,120.57,122.89,119.029999,119.73,21752900
2026-06-25,120.81,121.14,117.56,118.97,26918700
2026-06-26,117.18,117.18,112.86,113.77,51641400
2026-06-29,114.98,118.18,114.73,117.7,22447200
2026-06-30,116.78,119.099998,116.2,117.46,32465500
2026-07-01,116.54,117.43,114.99,117.010002,32016000
2026-07-02,117.029999,117.14,111.9,112.69,24251000
2026-07-06,113.050003,115.48,112.68,113.98,22920000
2026-07-07,112.79,114.029999,111.67,111.79,16650900
2026-07-08,111.68,114.050003,111.33,113.82,18314100
2026-07-09,115.28,119.48,115.28,118.31,21293400
2026-07-10,117.63,121.61,117.029999,121.31,26178700
2026-07-13,119.97,120.34,117.26,119.25,17569200
2026-07-14,119.75,120.059998,116.56,117.089996,21935600
2026-07-15,117.2,117.5,110.22,111.77,23829100
2026-07-16,110.22,111.24,107.53,109.66,25222400
2026-07-17,109.15,113.23,108.91,111.94,28459500
2026-07-20,112.28,113.23,110.65,110.7,15821200
2026-07-21,112.7,113.18,110.93,112.18,17031500
2026-07-22,111.52,113.78,111.36,112.21,13726600
2026-07-23,112.0,113.9,111.83,112.76,15175500
2026-07-24,112.37,114.57,112.2,114.17,19131700
2026-07-27,115.16,115.38,112.74,114.57,15974600
2026-07-28,114.13,117.07,111.73,115.58,27972100
2026-07-29,117.019997,117.28,112.35,112.48,22761500
2026-07-30,112.69,114.33,111.66,113.56,25570000
2026-07-31,115.33,117.25,113.89,115.99,18812000
2026-08-03,114.6,116.27,113.82,115.86,17712400
2026-08-04,119.39,121.9,118.73,121.74,26637900
2026-08-05,124.0,124.21,114.88,121.5,18468700
2026-08-06,121.48,122.19,119.9,120.88,14049700
2026-08-07,121.88,122.59,119.45,121.43,15964600
2026-08-10,123.050003,124.71,122.27,122.57,21131900
2026-08-11,123.0,123.16,120.12,120.43,16377800
2026-08-12,122.75,124.45,122.26,123.88,36223000
2026-08-13,113.93,115.95,111.48,113.47,61560400
2026-08-14,112.8,113.68,110.059998,111.68,29415200
2026-08-17,110.96,113.85,110.81,112.9,22793800
2026-08-18,111.75,112.75,110.36,111.61,20060500
2026-08-19,112.3,112.38,110.51,110.55,18019600
2026-08-20,110.13,111.58,109.23,109.59,12637900
2026-08-21,110.85,112.19,110.45,111.040001,18407800
2026-08-24,109.97,111.22,109.3,110.23,12632700
2026-08-25,112.23,112.5,110.61,111.11,11818200
2026-08-26,111.51,112.95,111.19,112.36,10311500
2026-08-27,112.15,112.57,111.61,112.15,13545800
2026-08-28,112.31,112.5,109.71,109.93,13040600
2026-08-31,110.28,111.38,109.61,110.49,20842200
2026-09-01,110.050003,110.72,108.93,109.74,14168800
2026-09-02,110.32,110.51,108.4,109.46,11367100
2026-09-03,108.49,109.67,107.68,108.68,577741
