date,open,high,low,close,volume
2006-10-18,46.91,47.73,46.91,47.54,1085900
2006-10-19,47.2,47.61,47.2,47.47,847600
2006-10-20,47.69,47.89,47.55,47.89,1162800
2006-10-23,47.69,48.09,47.5,47.94,957600
2006-10-24,47.63,47.91,47.5,47.9,1425300
2006-10-25,47.71,48.39,47.71,48.22,1301000
2006-10-26,48.7,48.7,48.13,48.35,986300
2006-10-27,48.38,48.4,48.17,48.23,809600
2006-10-30,48.36,48.61,48.23,48.42,824800
2006-10-31,48.52,48.56,48.25,48.35,732700
2006-11-01,48.47,48.88,48.41,48.66,1296600
2006-11-02,48.51,48.79,48.19,48.78,1251600
2006-11-03,48.48,48.72,47.48,48.02,1833900
2006-11-06,48.0,48.11,47.78,47.93,1849200
2006-11-07,47.88,48.09,47.65,47.69,1145500
2006-11-08,47.7,48.16,47.68,48.080002,1893900
2006-11-09,48.080002,48.18,47.89,48.029999,773800
2006-11-10,48.15,48.37,48.0099983,48.3,899800
2006-11-13,47.87,48.080002,47.57,47.58,1215400
2006-11-14,47.48,48.099998,47.48,47.98,1445600
2006-11-15,47.83,48.049999,47.67,47.72,931300
2006-11-16,47.9,48.2,47.87,47.91,1057400
2006-11-17,47.81,48.11,47.74,47.99,1213100
2006-11-20,48.27,48.27,47.73,47.86,628600
2006-11-21,47.87,47.98,47.7,47.82,701300
2006-11-22,47.77,48.0,47.74,47.79,799200
2006-11-24,47.65,47.98,47.65,47.85,239000
2006-11-27,47.91,47.95,47.33,47.52,857700
2006-11-28,47.45,48.029999,47.41,47.88,1827300
2006-11-29,47.94,48.26,47.9,48.18,2011500
2006-11-30,48.099998,48.27,47.95,48.22,903700
2006-12-01,48.29,48.45,47.9,48.22,882400
2006-12-04,48.28,48.47,48.18,48.4,720000
2006-12-05,48.35,48.47,48.23,48.4,699900
2006-12-06,48.31,48.42,48.060001,48.22,684600
2006-12-07,48.22,48.42,47.95,48.040001,1272000
2006-12-08,48.11,48.23,47.75,47.83,850500
2006-12-11,47.79,48.07,47.79,47.99,858700
2006-12-12,48.099998,48.78,48.040001,48.66,1947700
2006-12-13,48.7,48.86,48.35,48.61,1345800
2006-12-14,48.62,49.13,48.59,49.13,1181900
2006-12-15,49.24,49.28,48.6,48.67,2187000
2006-12-18,48.9,48.95,48.02,48.22,1522700
2006-12-19,48.28,48.44,48.0,48.38,1363600
2006-12-20,48.31,48.35,47.9,47.91,897000
2006-12-21,47.98,47.99,47.55,47.8,885800
2006-12-22,47.8,48.09,47.63,47.76,621900
2006-12-26,47.77,48.0099983,47.59,47.92,553900
2006-12-27,48.0,48.24,47.97,48.19,524900
2006-12-28,48.12,48.3,48.049999,48.14,888800
2006-12-29,48.12,48.3,47.9,48.07,980900
2007-01-03,48.12,48.7,48.12,48.39,1444700
2007-01-04,48.28,48.57,48.049999,48.31,1500300
2007-01-05,48.29,48.31,47.32,47.63,1167200
2007-01-08,47.66,47.76,47.33,47.56,1278800
2007-01-09,47.7,47.87,47.34,47.7,1927200
2007-01-10,47.59,48.040001,47.55,47.81,1430900
2007-01-11,47.8,48.19,47.54,47.75,957400
2007-01-12,47.57,47.7,47.19,47.36,1141400
2007-01-16,47.53,47.95,47.39,47.53,921600
2007-01-17,47.67,47.68,47.3,47.6,1209900
2007-01-18,47.07,47.74,47.07,47.63,1041500
2007-01-19,47.84,47.99,47.64,47.74,1756900
2007-01-22,47.9,48.43,47.85,48.25,1987000
2007-01-23,48.22,48.54,48.12,48.33,1323400
2007-01-24,48.35,48.68,48.28,48.53,902600
2007-01-25,48.63,48.67,48.0099983,48.029999,1033800
2007-01-26,48.029999,48.16,47.68,48.099998,985800
2007-01-29,48.0,48.07,47.72,47.94,1034400
2007-01-30,48.040001,48.040001,47.57,47.93,1283200
2007-01-31,47.92,48.38,47.68,48.28,1318000
2007-02-01,48.41,48.6,48.22,48.4,1297100
2007-02-02,48.5,48.53,48.31,48.46,741900
2007-02-05,48.48,48.75,48.3,48.64,1032900
2007-02-06,48.63,48.89,48.58,48.74,1331600
2007-02-07,48.75,49.029999,48.57,48.92,914300
2007-02-08,48.88,49.16,48.85,48.93,684700
2007-02-09,48.92,49.25,48.72,49.029999,1401200
2007-02-12,48.45,48.53,48.2,48.42,1065560
2007-02-13,48.49,48.73,48.3,48.72,1222507
2007-02-14,48.66,48.97,48.64,48.81,968479
2007-02-15,48.8,48.8,48.5,48.58,1116600
2007-02-16,48.51,48.83,48.28,48.72,1017700
2007-02-20,48.67,49.049999,48.65,49.02,1165900
2007-02-21,48.75,48.95,48.63,48.75,1148000
2007-02-22,49.099998,49.57,49.0,49.54,1975300
2007-02-23,49.69,49.89,49.25,49.33,2592800
2007-02-26,49.7,50.049999,49.34,49.74,1753616
2007-02-27,49.45,49.54,48.0,48.62,1840900
2007-02-28,48.67,48.94,48.32,48.58,1883200
2007-03-01,48.15,48.86,48.0,48.68,1348563
2007-03-02,48.6,48.63,48.060001,48.080002,1284300
2007-03-05,47.94,48.0099983,47.47,47.56,1652100
2007-03-06,47.73,48.3,47.46,48.17,1257100
2007-03-07,48.14,48.35,47.86,47.99,1495400
2007-03-08,48.14,48.47,47.97,48.44,1395400
2007-03-09,48.5,48.59,48.17,48.4,865200
2007-03-12,48.39,48.63,48.099998,48.49,1718500
2007-03-13,48.39,48.69,47.93,48.040001,1386700
2007-03-14,48.19,48.66,47.81,48.48,1756000
2007-03-15,48.49,48.95,48.21,48.79,1569700
2007-03-16,48.9,48.95,48.42,48.61,1654000
2007-03-19,48.95,49.26,48.61,49.049999,1062000
2007-03-20,49.099998,49.8,48.88,49.75,1129700
2007-03-21,49.71,50.29,49.42,50.19,1245900
2007-03-22,50.12,50.32,49.87,50.23,1295732
2007-03-23,50.049999,50.45,49.9,50.42,756100
2007-03-26,50.42,50.98,50.14,50.93,1781800
2007-03-27,51.060001,51.15,50.63,50.96,1414300
2007-03-28,50.86,51.35,50.78,50.92,1461700
2007-03-29,51.12,51.3,50.64,51.25,1219609
2007-03-30,51.19,51.4,50.41,51.060001,1523512
2007-04-02,50.94,51.76,50.84,51.72,1611600
2007-04-03,51.92,52.060001,51.51,52.0,1538843
2007-04-04,51.83,52.22,51.75,51.84,1295600
2007-04-05,51.69,52.18,51.6,52.049999,940000
2007-04-09,51.94,52.24,51.88,52.14,868100
2007-04-10,52.23,52.3,51.95,52.26,1467000
2007-04-11,52.15,52.23,51.66,51.8,1443483
2007-04-12,51.8,52.049999,51.48,51.75,1243700
2007-04-13,51.99,51.99,51.46,51.79,793700
2007-04-16,51.92,52.0,51.7,51.94,976700
2007-04-17,51.92,52.49,51.84,52.35,1424700
2007-04-18,52.15,52.63,52.049999,52.55,1098436
2007-04-19,51.71,52.53,51.71,51.91,1689289
2007-04-20,51.95,52.15,51.71,52.0,2337366
2007-04-23,51.98,52.14,51.83,51.98,1566900
2007-04-24,52.12,52.26,51.89,52.16,1970900
2007-04-25,52.45,52.79,52.02,52.63,1717145
2007-04-26,52.5,52.9,52.080002,52.22,1397244
2007-04-27,52.22,52.22,51.64,51.8,1325216
2007-04-30,51.52,51.68,51.22,51.26,2224500
2007-05-01,51.33,51.63,51.049999,51.41,1369780
2007-05-02,51.53,51.86,51.36,51.67,1060250
2007-05-03,51.67,51.82,51.25,51.58,1839822
2007-05-04,51.86,51.86,51.28,51.42,1575316
2007-05-07,51.54,51.96,51.37,51.83,1010317
2007-05-08,51.8,51.97,51.5,51.86,1087000
2007-05-09,51.98,52.0,51.55,51.67,1207500
2007-05-10,51.67,51.99,50.86,50.92,1946300
2007-05-11,50.5,50.98,50.4,50.97,3219400
2007-05-14,50.45,50.73,50.38,50.7,1520620
2007-05-15,50.75,51.13,50.52,50.68,1894400
2007-05-16,50.7,51.45,50.55,51.43,2210200
2007-05-17,51.42,51.42,50.83,50.87,1674200
2007-05-18,51.02,51.080002,50.68,50.95,1893900
2007-05-21,51.029999,51.099998,50.78,51.0,1724700
2007-05-22,50.88,51.0,50.68,50.7,1239100
2007-05-23,50.7,50.85,49.73,49.73,1944165
2007-05-24,49.73,49.84,48.22,48.36,4398544
2007-05-25,48.61,48.7,47.53,48.12,3350457
2007-05-29,48.25,48.82,47.98,48.38,2990600
2007-05-30,48.26,48.78,48.0,48.72,1949700
2007-05-31,48.86,49.0099983,48.66,48.82,1782667
2007-06-01,49.0,49.09,48.27,48.48,2469656
2007-06-04,48.48,48.89,48.040001,48.63,2203210
2007-06-05,48.58,48.59,47.63,47.73,3126660
2007-06-06,47.93,47.93,47.080002,47.65,2872626
2007-06-07,47.18,47.39,46.13,46.39,5170217
2007-06-08,47.21,47.39,46.14,46.59,3834940
2007-06-11,46.77,46.97,46.52,46.52,3591100
2007-06-12,46.39,46.73,46.0,46.11,3843000
2007-06-13,46.38,47.02,46.27,47.02,2289600
2007-06-14,46.99,47.3,46.55,46.91,1981289
2007-06-15,47.0099983,47.66,46.99,47.37,3958440
2007-06-18,47.37,47.51,46.86,46.93,2013453
2007-06-19,47.0,47.040001,46.5,46.76,1890800
2007-06-20,46.99,47.36,45.8,45.88,2451501
2007-06-21,45.88,46.13,45.26,45.93,2720130
2007-06-22,45.84,45.84,44.92,45.2,3677100
2007-06-25,45.56,45.79,45.0099983,45.17,2173896
2007-06-26,45.58,46.099998,45.14,45.14,2953405
2007-06-27,45.0,45.7,44.74,45.47,3697322
2007-06-28,45.31,45.79,44.95,45.26,1985975
2007-06-29,45.34,45.54,44.68,45.12,2936733
2007-07-02,45.35,45.63,45.060001,45.61,2569791
2007-07-03,45.97,46.21,45.42,45.84,1345400
2007-07-05,45.82,46.0099983,45.060001,45.62,2175800
2007-07-06,45.66,45.7,44.87,45.21,1509300
2007-07-09,45.42,45.48,45.099998,45.31,1536100
2007-07-10,45.099998,45.39,44.86,44.91,2007000
2007-07-11,44.9,45.21,44.77,45.21,2175200
2007-07-12,45.51,45.72,45.21,45.72,1596700
2007-07-13,45.85,46.25,45.53,46.09,1432698
2007-07-16,45.92,46.23,45.44,45.47,1539081
2007-07-17,45.48,45.81,45.36,45.57,1765027
2007-07-18,45.64,45.91,45.37,45.73,2569000
2007-07-19,46.0,46.23,45.54,46.0099983,2939200
2007-07-20,46.0099983,46.26,45.35,45.37,3454961
2007-07-23,45.48,45.85,44.92,45.15,2621400
2007-07-24,45.099998,45.55,44.35,44.4,3716639
2007-07-25,44.97,45.36,44.27,45.3,4806371
2007-07-26,45.07,45.66,44.14,44.77,5907077
2007-07-27,44.65,44.8,43.65,43.65,4419698
2007-07-30,43.83,44.32,43.099998,44.0099983,3794106
2007-07-31,44.060001,44.75,43.6,43.68,4125087
2007-08-01,43.85,45.09,43.68,44.94,3061850
2007-08-02,45.17,45.55,44.75,45.46,2864400
2007-08-03,45.46,45.57,43.87,43.87,3567500
2007-08-06,44.2,45.75,43.77,45.73,3338200
2007-08-07,45.26,47.85,45.22,47.19,5610700
2007-08-08,46.7,48.57,46.44,47.0,4625168
2007-08-09,46.89,48.15,46.47,46.94,4644000
2007-08-10,46.84,48.5,46.54,47.43,4618800
2007-08-13,46.27,47.02,45.92,46.02,2802500
2007-08-14,46.25,46.65,45.48,45.68,2980100
2007-08-15,45.57,46.4,44.93,45.029999,2497126
2007-08-16,44.47,45.79,44.17,45.62,4472300
2007-08-17,46.099998,46.6,45.07,45.96,4531900
2007-08-20,46.13,46.48,45.46,46.11,2015100
2007-08-21,45.81,47.16,45.8,46.78,2004100
2007-08-22,46.86,47.15,46.28,47.0,1774800
2007-08-23,47.099998,47.2,46.4,46.66,1593800
2007-08-24,46.56,46.83,46.25,46.8,1414400
2007-08-27,46.77,46.77,45.44,45.67,1946511
2007-08-28,45.69,45.99,45.049999,45.080002,1911600
2007-08-29,45.43,46.060001,45.34,46.060001,1406200
2007-08-30,45.64,46.25,45.5,45.93,1276300
2007-08-31,46.24,46.37,45.49,45.94,1488900
2007-09-04,46.0099983,46.61,45.95,46.42,1637100
2007-09-05,46.29,46.39,45.77,46.22,1749500
2007-09-06,46.43,46.47,45.8,46.2,1582000
2007-09-07,45.81,46.029999,45.36,45.54,1808600
2007-09-10,45.4,45.65,44.75,45.53,2891500
2007-09-11,45.87,45.93,45.54,45.87,1550000
2007-09-12,45.93,46.2,45.74,46.029999,981200
2007-09-13,46.24,46.36,45.8,45.92,1080600
2007-09-14,45.75,46.39,45.74,46.26,1273300
2007-09-17,46.22,46.25,45.88,46.07,913300
2007-09-18,46.49,47.24,46.31,46.9,2016400
2007-09-19,47.14,47.53,46.84,47.3,1837000
2007-09-20,47.38,47.45,46.76,47.02,1598700
2007-09-21,47.36,47.44,46.86,46.98,1661200
2007-09-24,47.049999,47.45,46.94,47.040001,1254000
2007-09-25,46.94,47.31,46.71,46.82,1378200
2007-09-26,46.9,47.26,46.74,47.12,1091200
2007-09-27,47.21,47.23,46.74,46.82,970400
2007-09-28,46.86,46.88,46.2,46.3,1573900
2007-10-01,46.57,47.14,46.38,46.98,1344300
2007-10-02,46.92,47.12,46.64,46.97,903800
2007-10-03,46.83,47.17,46.74,47.099998,754702
2007-10-04,47.29,47.44,47.099998,47.24,866300
2007-10-05,47.2,47.66,47.18,47.27,1042500
2007-10-08,47.27,47.51,47.0,47.2,774900
2007-10-09,47.33,47.83,47.080002,47.76,1281200
2007-10-10,47.73,47.73,47.07,47.17,1176000
2007-10-11,47.38,47.57,46.51,46.86,2673400
2007-10-12,46.98,47.07,46.65,46.77,1284543
2007-10-15,46.81,46.97,46.029999,46.42,1783200
2007-10-16,46.39,46.61,46.12,46.35,999500
2007-10-17,46.54,46.64,46.09,46.49,1335600
2007-10-18,46.2,46.58,46.0,46.14,1512800
2007-10-19,46.17,46.17,45.0,45.12,2917700
2007-10-22,45.0,45.58,44.57,45.24,1830600
2007-10-23,45.56,45.59,45.13,45.42,1712200
2007-10-24,45.07,45.83,45.07,45.82,1753800
2007-10-25,45.93,46.54,45.61,46.39,2225000
2007-10-26,46.42,46.74,46.25,46.67,1039748
2007-10-29,46.73,47.080002,46.47,46.51,1160700
2007-10-30,46.54,46.94,46.43,46.55,1317900
2007-10-31,46.65,47.16,46.57,47.09,1409100
2007-11-01,47.049999,47.19,46.21,46.27,1779626
2007-11-02,46.98,47.45,46.76,46.9,3343659
2007-11-05,47.39,47.47,46.85,47.28,1505077
2007-11-06,46.94,47.21,46.67,47.080002,1238423
2007-11-07,47.0,47.02,46.15,46.15,3119119
2007-11-08,46.59,47.27,46.23,47.14,3595790
2007-11-09,46.6,46.89,46.25,46.33,2564925
2007-11-12,45.95,46.75,45.95,46.23,2786614
2007-11-13,46.55,46.82,46.060001,46.82,2340400
2007-11-14,46.99,47.029999,46.51,46.59,1887800
2007-11-15,46.31,47.0,46.31,46.74,2903862
2007-11-16,46.97,47.060001,46.24,46.83,1766000
2007-11-19,46.63,48.0,46.63,47.5,4645325
2007-11-20,47.48,48.049999,47.45,47.9,3062301
2007-11-21,47.6,48.73,47.6,48.0,3270590
2007-11-23,48.22,48.67,48.11,48.45,1218484
2007-11-26,48.040001,49.15,48.040001,48.5,2958769
2007-11-27,48.85,48.95,48.26,48.74,2809894
2007-11-28,49.0099983,49.0099983,48.53,48.8,2620494
2007-11-29,48.55,48.89,48.37,48.56,2475863
2007-11-30,49.040001,49.040001,48.34,48.45,3038117
2007-12-03,48.25,48.8,48.25,48.56,1894505
2007-12-04,48.17,49.64,48.17,49.23,2391563
2007-12-05,49.59,49.86,49.28,49.71,1928612
2007-12-06,49.59,49.66,49.029999,49.36,2506200
2007-12-07,49.35,49.68,49.09,49.49,1629950
2007-12-10,49.35,50.25,49.35,50.21,2590948
2007-12-11,50.25,50.51,49.28,49.41,2710536
2007-12-12,50.55,50.55,49.44,49.71,2956762
2007-12-13,49.56,50.07,49.45,49.95,2160435
2007-12-14,49.76,49.83,49.26,49.26,1828145
2007-12-17,49.0,49.31,48.4,48.58,2718285
2007-12-18,48.83,49.8,48.67,48.9,1988150
2007-12-19,49.0099983,49.060001,48.44,48.44,1880204
2007-12-20,48.88,49.0,48.09,48.39,1903100
2007-12-21,48.86,48.95,48.51,48.64,2562371
2007-12-24,48.69,48.92,48.31,48.56,638941
2007-12-26,48.35,48.65,48.25,48.33,1266702
2007-12-27,48.38,48.56,48.13,48.32,1819600
2007-12-28,48.02,49.31,48.02,48.93,2039506
2007-12-31,48.88,49.0,48.63,48.85,1421471
2008-01-02,48.67,48.88,48.029999,48.12,2507653
2008-01-03,48.38,48.65,48.0099983,48.060001,1677083
2008-01-04,48.07,48.49,47.88,47.92,1644408
2008-01-07,48.12,48.71,48.11,48.6,2064661
2008-01-08,48.74,49.3,48.3,48.33,2102311
2008-01-09,48.45,48.45,47.31,47.84,3398732
2008-01-10,47.51,47.55,46.34,46.62,4145688
2008-01-11,46.53,47.080002,46.09,46.92,2862136
2008-01-14,47.2,47.52,46.89,47.52,1943300
2008-01-15,47.080002,47.8,46.89,46.89,2188737
2008-01-16,46.77,47.38,46.38,46.44,2074926
2008-01-17,46.48,46.52,44.82,44.93,2927379
2008-01-18,45.32,45.83,43.87,44.6,4131469
2008-01-22,43.12,44.19,42.74,43.48,4731214
2008-01-23,43.51,44.99,42.92,44.92,5648747
2008-01-24,45.23,45.26,43.55,43.65,2984348
2008-01-25,45.27,45.27,43.17,43.27,3061768
2008-01-28,43.41,43.88,43.12,43.49,1923775
2008-01-29,43.68,44.049999,43.3,43.49,2342170
2008-01-30,43.66,43.9,43.11,43.18,3334159
2008-01-31,43.42,43.92,42.46,43.57,2818939
2008-02-01,43.68,44.48,43.5,44.38,3255644
2008-02-04,44.45,45.099998,44.37,44.77,2396616
2008-02-05,44.66,44.68,43.85,43.93,3858289
2008-02-06,44.31,44.4,43.75,43.93,1867016
2008-02-07,44.19,44.19,43.36,43.67,2178680
2008-02-08,43.53,43.84,43.28,43.37,2550185
2008-02-11,43.0,43.049999,42.51,42.57,2085052
2008-02-12,42.75,43.0,42.51,42.91,1969476
2008-02-13,43.19,43.48,42.7,42.88,2703182
2008-02-14,42.98,43.37,42.35,42.51,2271829
2008-02-15,42.5,42.6,41.96,42.4,1927754
2008-02-19,42.96,42.96,42.36,42.56,1740413
2008-02-20,42.42,42.61,42.17,42.47,2016762
2008-02-21,42.53,42.67,41.6,41.7,1807716
2008-02-22,42.0099983,42.16,41.44,42.14,2797723
2008-02-25,42.25,42.39,42.0099983,42.22,2108668
2008-02-26,42.25,42.46,41.76,42.43,1552352
2008-02-27,42.26,42.43,41.8,41.9,1229067
2008-02-28,41.78,41.8,41.12,41.4,2370265
2008-02-29,41.22,41.26,40.57,40.89,3659489
2008-03-03,40.9,41.24,40.65,40.98,2020603
2008-03-04,41.040001,41.42,40.75,41.15,2213101
2008-03-05,41.2,41.3,40.65,41.029999,2087376
2008-03-06,41.35,41.5,40.9,40.9,5128175
2008-03-07,41.02,41.02,40.53,40.85,3665760
2008-03-10,41.2,41.24,40.61,40.83,2225088
2008-03-11,41.18,41.7,41.07,41.63,2647397
2008-03-12,41.76,42.11,41.060001,41.11,2894706
2008-03-13,41.099998,41.34,40.62,40.99,2426641
2008-03-14,41.37,41.38,40.25,40.67,3548395
2008-03-17,40.15,41.11,40.099998,40.79,3391574
2008-03-18,41.19,41.62,40.88,41.55,2526031
2008-03-19,41.67,42.15,40.47,40.48,4609325
2008-03-20,40.27,40.99,40.15,40.81,3941907
2008-03-24,41.060001,41.060001,40.33,40.52,2533558
2008-03-25,40.62,40.63,40.13,40.25,3453551
2008-03-26,40.35,40.35,39.78,39.93,4930589
2008-03-27,39.94,40.36,39.8,39.87,2759235
2008-03-28,40.0,40.19,39.3,39.45,2485401
2008-03-31,39.44,39.87,39.3,39.7,2321188
2008-04-01,39.98,40.79,39.8,40.69,2814018
2008-04-02,40.94,41.44,40.66,41.18,2675906
2008-04-03,41.25,41.37,41.029999,41.23,1915285
2008-04-04,41.52,41.91,41.23,41.59,2541449
2008-04-07,41.81,41.87,41.41,41.54,2127967
2008-04-08,41.41,41.64,41.27,41.5,1894128
2008-04-09,41.5,41.89,41.48,41.74,1497022
2008-04-10,41.82,41.82,41.060001,41.12,2158261
2008-04-11,41.23,41.4,41.0,41.27,1557090
2008-04-14,41.4,41.4,40.7,40.76,2050010
2008-04-15,41.029999,41.16,40.76,41.049999,1685096
2008-04-16,41.25,41.85,41.0099983,41.77,1884250
2008-04-17,41.57,42.0,41.47,41.74,1817678
2008-04-18,41.82,42.0,41.33,41.52,2388598
2008-04-21,41.42,41.65,41.16,41.53,2046440
2008-04-22,41.43,41.58,40.98,41.17,1515993
2008-04-23,41.13,41.48,41.0099983,41.18,1691525
2008-04-24,41.32,41.54,41.0,41.15,1433935
2008-04-25,41.26,41.56,41.16,41.45,1649627
2008-04-28,41.48,41.7,41.37,41.59,1533052
2008-04-29,41.65,41.84,41.52,41.58,1289263
2008-04-30,41.73,42.0099983,41.5,41.6,1717886
2008-05-01,41.72,42.29,41.5,42.22,3011802
2008-05-02,42.3,42.73,41.97,42.49,1977524
2008-05-05,42.48,42.5,41.81,42.07,1933218
2008-05-06,42.049999,42.26,41.68,42.26,1952083
2008-05-07,42.3,42.38,41.66,41.72,1893706
2008-05-08,41.86,42.060001,41.52,41.88,1453401
2008-05-09,41.73,42.060001,41.049999,41.95,4074046
2008-05-12,41.57,41.67,41.13,41.5,1755100
2008-05-13,41.6,41.72,41.11,41.39,1371333
2008-05-14,41.65,41.72,41.3,41.64,1404687
2008-05-15,41.72,41.73,41.32,41.63,1747243
2008-05-16,41.73,41.8,41.48,41.65,1426998
2008-05-19,41.7,41.99,41.52,41.94,1142195
2008-05-20,41.82,42.080002,41.69,41.81,1677125
2008-05-21,41.8,42.040001,41.35,41.4,2540838
2008-05-22,41.54,41.88,41.21,41.64,1905094
2008-05-23,41.52,41.61,41.080002,41.09,1581899
2008-05-27,41.19,41.41,41.060001,41.18,1665824
2008-05-28,41.31,41.54,41.11,41.34,1462325
2008-05-29,41.35,41.52,41.19,41.34,1808268
2008-05-30,41.44,41.51,41.22,41.3,1486825
2008-06-02,41.23,41.37,40.59,40.73,2151652
2008-06-03,40.91,41.12,40.37,40.49,1739704
2008-06-04,40.52,40.87,40.16,40.81,1913914
2008-06-05,40.72,41.080002,40.53,41.0099983,1538538
2008-06-06,40.76,40.9,40.040001,40.040001,2547598
2008-06-09,40.33,40.63,40.11,40.52,1634016
2008-06-10,40.31,40.48,40.049999,40.25,1503742
2008-06-11,40.16,40.28,39.71,39.72,2161424
2008-06-12,39.99,40.02,39.65,39.78,2324746
2008-06-13,39.96,40.37,39.76,40.36,1752391
2008-06-16,40.15,40.32,39.88,40.3,1609862
2008-06-17,40.29,40.49,40.029999,40.19,1274680
2008-06-18,40.07,40.41,39.95,40.040001,1991893
2008-06-19,40.0099983,40.44,39.97,40.32,2257552
2008-06-20,40.09,40.38,39.66,39.69,2293645
2008-06-23,39.78,40.14,39.75,39.82,1508963
2008-06-24,39.8,39.98,39.54,39.81,1959990
2008-06-25,39.98,40.22,39.77,40.099998,1910987
2008-06-26,40.029999,40.040001,39.14,39.17,2759377
2008-06-27,39.17,39.46,38.41,38.42,2673674
2008-06-30,38.45,39.3,38.36,39.09,3290581
2008-07-01,39.0,39.099998,38.53,38.76,3885173
2008-07-02,38.85,39.02,38.38,38.38,1902982
2008-07-03,38.63,38.8,38.12,38.17,1599762
2008-07-07,38.3,38.67,37.75,38.0,3166290
2008-07-08,38.040001,38.81,37.9,38.81,2988619
2008-07-09,38.93,39.36,38.67,39.0099983,2611032
2008-07-10,39.099998,39.38,38.97,39.17,2203189
2008-07-11,39.0,39.28,38.53,38.77,2073780
2008-07-14,38.93,38.98,38.18,38.24,1684765
2008-07-15,38.18,38.35,37.9,38.13,2008377
2008-07-16,38.15,38.28,37.5,37.71,2165019
2008-07-17,37.88,38.0,37.38,37.99,2779451
2008-07-18,38.02,38.78,37.94,38.48,2545342
2008-07-21,38.64,39.080002,38.37,38.74,2099584
2008-07-22,38.64,39.31,38.64,39.17,2624637
2008-07-23,39.27,39.27,38.4,39.0,2252435
2008-07-24,39.09,39.09,38.5,38.76,1817218
2008-07-25,38.84,38.87,38.22,38.28,1815461
2008-07-28,38.3,38.74,38.21,38.34,1804406
2008-07-29,38.5,38.61,38.29,38.56,1868172
2008-07-30,38.66,39.4,38.58,39.35,1933350
2008-07-31,39.16,39.78,39.099998,39.7,2335287
2008-08-01,39.84,39.84,38.8,38.8,1756655
2008-08-04,38.93,39.87,38.84,39.31,2800371
2008-08-05,39.57,40.7,39.25,40.64,4293167
2008-08-06,40.67,41.2,40.0099983,40.0099983,3933653
2008-08-07,40.19,40.99,39.72,39.72,3315756
2008-08-08,39.9,41.58,39.9,41.5,3356814
2008-08-11,40.76,41.3,40.21,41.26,3949565
2008-08-12,41.09,41.09,39.9,40.21,4158921
2008-08-13,40.21,40.61,39.69,40.44,2905883
2008-08-14,40.4,40.4,39.75,39.96,2039797
2008-08-15,39.97,40.83,39.93,40.76,2661204
2008-08-18,40.84,41.34,40.81,41.25,2117434
2008-08-19,41.2,41.24,40.7,41.0099983,1482301
2008-08-20,40.96,41.09,40.63,40.85,1200781
2008-08-21,40.57,40.98,40.35,40.83,1406985
2008-08-22,40.88,41.26,40.88,41.26,1060568
2008-08-25,41.15,41.19,40.55,40.74,1302684
2008-08-26,40.73,41.25,40.71,41.13,1997301
2008-08-27,41.07,41.37,41.060001,41.29,1100251
2008-08-28,41.29,41.59,41.080002,41.55,1550319
2008-08-29,41.41,41.56,40.83,40.9,1512971
2008-09-02,41.25,41.7,40.8,41.27,1604024
2008-09-03,41.25,41.78,41.09,41.28,2227814
2008-09-04,41.25,41.44,40.82,41.16,2484352
2008-09-05,41.11,41.2,40.15,40.56,3161365
2008-09-08,40.89,42.73,40.73,42.7,3948440
2008-09-09,42.71,42.98,42.5,42.51,4316812
2008-09-10,42.7,43.23,42.38,42.9,2024091
2008-09-11,42.89,43.37,42.3,43.26,2276298
2008-09-12,43.0,43.6,42.98,43.58,1907832
2008-09-15,42.97,44.46,42.62,44.13,5477103
2008-09-16,43.89,45.18,43.8,44.97,4973733
2008-09-17,44.5,44.97,43.87,43.87,3633312
2008-09-18,43.88,46.21,43.76,45.85,6159697
2008-09-19,45.99,46.39,43.5,44.31,5075527
2008-09-22,43.98,43.98,43.02,43.09,2410476
2008-09-23,42.97,43.58,42.8,42.85,1539589
2008-09-24,42.9,43.27,42.32,43.2,1656825
2008-09-25,43.31,44.15,43.040001,43.8,1676189
2008-09-26,43.4,43.95,43.080002,43.66,1319619
2008-09-29,43.3,44.09,42.62,42.8,3233746
2008-09-30,43.13,43.54,42.51,42.96,3606244
2008-10-01,42.75,43.93,42.54,43.84,2006786
2008-10-02,43.65,44.19,43.29,43.67,2093522
2008-10-03,44.16,44.45,43.0099983,43.16,2143143
2008-10-06,42.53,43.19,40.86,42.56,3578577
2008-10-07,42.87,43.47,41.44,41.63,3096984
2008-10-08,40.99,43.07,40.27,41.44,4026512
2008-10-09,41.21,41.68,38.42,38.84,4045743
2008-10-10,37.95,38.51,34.11,37.61,6005460
2008-10-13,39.17,41.52,38.29,41.060001,3844393
2008-10-14,42.16,42.5,38.67,40.53,4259244
2008-10-15,39.91,40.16,38.5,38.81,2767155
2008-10-16,38.9,39.63,37.28,39.59,3247548
2008-10-17,38.95,40.62,38.26,39.15,2446584
2008-10-20,40.080002,42.2,39.3,42.040001,2535004
2008-10-21,41.76,42.18,40.52,40.83,2335474
2008-10-22,40.75,40.75,38.61,39.71,2483463
2008-10-23,39.8,41.92,38.76,40.91,4560932
2008-10-24,39.040001,41.0,38.76,40.21,2939356
2008-10-27,40.22,41.25,39.28,39.78,2081317
2008-10-28,40.5,43.0,39.72,42.92,3032218
2008-10-29,42.55,43.97,42.060001,42.14,2839829
2008-10-30,43.02,43.91,42.7,43.73,2119938
2008-10-31,43.48,44.080002,42.68,43.32,2166909
2008-11-03,43.42,43.87,42.68,43.61,2251640
2008-11-04,44.3,44.86,43.84,44.53,2285919
2008-11-05,44.53,44.7,43.28,43.55,2181581
2008-11-06,42.049999,43.47,41.21,42.23,3410641
2008-11-07,42.0,42.17,41.39,42.13,2997016
2008-11-10,41.28,41.48,39.0,39.32,4018087
2008-11-11,39.12,39.25,38.02,38.77,3505050
2008-11-12,38.22,38.62,37.66,38.2,2927451
2008-11-13,38.34,39.96,37.65,39.96,4914496
2008-11-14,39.22,40.88,38.59,39.19,2533550
2008-11-17,38.78,39.8,38.27,38.81,2476492
2008-11-18,38.66,39.49,38.11,39.35,2307606
2008-11-19,39.3,40.080002,38.5,38.52,2310647
2008-11-20,38.55,39.5,37.13,37.53,3891846
2008-11-21,38.27,40.15,37.46,40.0,4385437
2008-11-24,40.2,41.0,39.76,40.18,4365682
2008-11-25,40.26,41.0,39.15,39.78,3014385
2008-11-26,39.14,39.85,39.02,39.68,1991200
2008-11-28,39.29,40.39,39.29,40.39,916419
2008-12-01,40.0,40.040001,38.26,38.33,2451184
2008-12-02,38.82,39.39,38.33,39.33,2923212
2008-12-03,38.38,39.6,38.38,39.58,2582874
2008-12-04,39.19,39.45,37.78,38.32,2284887
2008-12-05,37.92,39.17,37.3,38.97,2606262
2008-12-08,39.52,39.65,38.7,39.12,2283112
2008-12-09,38.96,39.29,38.3,38.55,1955809
2008-12-10,38.83,39.48,38.79,39.41,1981816
2008-12-11,39.18,39.75,38.75,39.029999,1517046
2008-12-12,37.9,38.91,37.9,38.88,2199843
2008-12-15,38.9,38.9,38.0,38.64,2133364
2008-12-16,38.94,39.38,38.67,39.35,2456511
2008-12-17,39.4,39.4,38.56,38.62,1578999
2008-12-18,38.8,39.62,38.56,38.99,1951836
2008-12-19,39.36,39.74,38.61,38.64,2501227
2008-12-22,38.89,39.29,38.51,39.0,2061889
2008-12-23,38.83,39.02,38.07,38.24,1417826
2008-12-24,38.72,38.72,38.22,38.36,388847
2008-12-26,38.5,38.7,38.15,38.31,744873
2008-12-29,38.41,38.41,37.97,38.3,1169230
2008-12-30,38.48,38.55,38.09,38.52,1347383
2008-12-31,38.55,39.040001,38.34,38.93,2010940
2009-01-02,39.0,39.43,38.74,39.26,1519747
2009-01-05,39.2,39.67,39.0099983,39.47,2185365
2009-01-06,39.49,39.74,38.87,39.13,1451772
2009-01-07,38.59,39.14,38.59,39.049999,2053049
2009-01-08,39.040001,39.71,39.040001,39.46,2633228
2009-01-09,39.7,40.26,39.42,39.66,2696698
2009-01-12,39.74,40.95,39.72,40.29,3357609
2009-01-13,40.02,40.09,39.3,39.58,2747939
2009-01-14,39.33,39.6,38.94,39.4,2981846
2009-01-15,39.29,39.77,38.94,39.76,1804475
2009-01-16,39.96,40.27,39.6,40.07,2479145
2009-01-20,39.96,40.82,39.49,39.5,3068355
2009-01-21,39.85,40.080002,39.049999,40.040001,2512770
2009-01-22,39.8,40.31,39.5,40.049999,3807173
2009-01-23,39.6,40.25,39.22,40.049999,2985897
2009-01-26,40.28,41.29,40.080002,41.049999,2710556
2009-01-27,41.19,41.52,40.9,41.39,1897454
2009-01-28,41.54,41.79,40.79,41.18,1970903
2009-01-29,40.89,41.64,40.78,41.12,1635787
2009-01-30,41.07,41.55,40.51,40.75,2163876
2009-02-02,40.41,40.73,40.0,40.61,2111438
2009-02-03,40.73,41.24,40.37,41.029999,1788627
2009-02-04,41.060001,41.63,40.78,41.060001,2096055
2009-02-05,40.98,41.38,40.8,41.22,2004484
2009-02-06,41.09,41.61,41.0,41.28,2267446
2009-02-09,41.27,41.34,40.57,41.19,2162083
2009-02-10,40.96,41.19,40.02,40.2,2074326
2009-02-11,40.48,40.49,39.78,40.26,1584316
2009-02-12,40.17,40.27,39.44,40.19,2492343
2009-02-13,39.85,39.99,39.25,39.37,2146346
2009-02-17,39.32,39.32,38.09,38.12,2652570
2009-02-18,38.28,38.5,37.51,37.74,2193740
2009-02-19,38.14,38.5,37.78,37.98,1763833
2009-02-20,37.62,38.18,37.19,37.54,2331929
2009-02-23,37.95,38.15,36.95,37.02,1972300
2009-02-24,37.11,37.62,36.76,37.46,2341722
2009-02-25,37.38,37.38,36.69,36.84,3240332
2009-02-26,37.22,37.66,36.5,36.53,2864507
2009-02-27,36.42,36.84,35.88,36.21,2717637
2009-03-02,36.0099983,36.34,35.17,35.24,2548511
2009-03-03,35.71,35.71,33.88,33.9,2753835
2009-03-04,34.32,34.79,33.71,34.42,2306834
2009-03-05,33.92,34.22,33.33,33.62,2666603
2009-03-06,33.87,34.61,33.3,33.94,3526771
2009-03-09,33.67,33.75,32.56,32.7,2466868
2009-03-10,33.8,33.95,33.28,33.89,3031325
2009-03-11,34.2,34.65,34.0,34.21,2538472
2009-03-12,34.099998,34.82,33.94,34.7,1889829
2009-03-13,35.02,35.29,34.55,35.060001,1895040
2009-03-16,35.4,36.47,35.4,35.93,2441985
2009-03-17,36.029999,36.56,35.69,36.54,1895701
2009-03-18,36.76,38.41,36.65,38.2,3863898
2009-03-19,38.2,38.3,37.5,38.02,2248284
2009-03-20,38.049999,38.78,37.67,37.79,2932609
2009-03-23,38.19,38.99,38.0,38.96,2171800
2009-03-24,38.49,38.89,38.060001,38.07,2028436
2009-03-25,38.029999,38.76,37.66,38.25,1720591
2009-03-26,38.62,38.9,37.81,38.78,2700185
2009-03-27,38.4,38.59,37.69,38.38,3044800
2009-03-30,37.78,38.78,37.78,38.75,3414830
2009-03-31,38.8,39.99,38.64,39.61,4511307
2009-04-01,39.44,39.75,38.89,39.39,2514262
2009-04-02,39.91,40.0,38.83,39.21,2995267
2009-04-03,39.32,39.81,38.83,39.25,2772943
2009-04-06,38.99,39.37,38.75,39.099998,2067924
2009-04-07,38.61,39.080002,38.11,38.7,2413514
2009-04-08,38.89,39.080002,38.4,38.94,1738586
2009-04-09,39.18,39.48,38.44,38.89,2001227
2009-04-13,38.87,39.060001,38.3,38.9,2140943
2009-04-14,38.8,38.8,38.0099983,38.34,1539541
2009-04-15,38.21,38.69,38.2,38.69,1102982
2009-04-16,38.84,38.86,38.34,38.56,1593723
2009-04-17,38.8,38.87,38.4,38.76,1843432
2009-04-20,38.49,39.0,38.42,38.43,1552638
2009-04-21,38.45,38.99,38.049999,38.27,2846520
2009-04-22,38.5,38.65,37.26,37.58,4541482
2009-04-23,37.76,37.88,37.12,37.48,3090716
2009-04-24,37.63,37.74,37.2,37.45,2728482
2009-04-27,37.13,37.87,37.13,37.61,2382123
2009-04-28,37.52,37.93,37.4,37.68,2482417
2009-04-29,37.91,37.91,37.38,37.56,2603737
2009-04-30,37.74,37.77,36.95,37.13,3112761
2009-05-01,37.21,37.37,36.89,37.37,2273917
2009-05-04,37.76,37.77,37.0,37.36,2947950
2009-05-05,37.4,37.6,37.17,37.43,2257244
2009-05-06,37.15,37.59,36.96,37.040001,3252761
2009-05-07,37.32,37.45,36.9,37.31,4586668
2009-05-08,37.66,38.17,37.3,37.58,3066638
2009-05-11,37.13,37.38,36.37,36.42,3214219
2009-05-12,36.52,36.78,36.29,36.46,3194949
2009-05-13,35.89,36.0,35.16,35.26,6033952
2009-05-14,35.21,35.51,34.71,35.02,3755987
2009-05-15,35.11,35.25,34.49,34.86,3975020
2009-05-18,35.19,35.37,34.6,34.85,2882116
2009-05-19,35.19,35.69,35.029999,35.23,2647889
2009-05-20,35.4,35.55,34.85,34.87,2598278
2009-05-21,34.78,34.78,34.36,34.5,3034466
2009-05-22,34.51,34.91,34.4,34.6,1770927
2009-05-26,34.71,35.75,34.51,35.66,2644553
2009-05-27,35.62,35.65,34.73,34.76,2114815
2009-05-28,34.94,35.58,34.79,35.41,2131326
2009-05-29,35.54,35.58,35.0,35.46,2032659
2009-06-01,35.52,36.29,35.52,36.23,2240847
2009-06-02,36.24,36.33,35.81,35.84,2369268
2009-06-03,35.83,36.0,35.33,35.52,2169900
2009-06-04,35.63,35.65,35.36,35.54,1521047
2009-06-05,35.77,35.98,35.33,35.78,2277678
2009-06-08,35.79,35.98,35.35,35.81,1678633
2009-06-09,35.79,35.8,35.4,35.44,1846822
2009-06-10,35.74,36.15,35.59,35.92,3181701
2009-06-11,35.9,36.99,35.9,36.68,2828546
2009-06-12,36.49,37.15,36.13,37.080002,1755160
2009-06-15,36.85,37.0,36.25,36.56,1763601
2009-06-16,36.75,36.9,36.13,36.44,2333025
2009-06-17,36.3,36.99,36.3,36.78,2444451
2009-06-18,36.66,37.39,36.66,37.33,1480539
2009-06-19,37.4,37.45,36.72,36.79,2710540
2009-06-22,36.42,37.3,36.34,37.029999,2456591
2009-06-23,36.99,37.29,36.14,36.26,3050266
2009-06-24,36.49,36.63,36.25,36.44,2278237
2009-06-25,36.35,37.24,36.0,37.14,2370585
2009-06-26,37.13,37.26,36.85,37.040001,1518013
2009-06-29,37.080002,37.55,36.96,37.53,1511638
2009-06-30,37.41,37.5,36.79,37.42,3169729
2009-07-01,37.5,37.9,37.37,37.8,1711894
2009-07-02,37.51,37.73,37.080002,37.28,1705374
2009-07-06,37.0,37.95,37.0,37.53,2066100
2009-07-07,37.66,37.7,36.91,36.96,1264911
2009-07-08,37.0099983,37.36,36.7,37.0099983,1798119
2009-07-09,37.2,37.22,36.55,36.76,1908474
2009-07-10,36.64,36.91,36.5,36.63,1297598
2009-07-13,36.79,37.2,36.46,37.14,1687672
2009-07-14,37.09,37.43,36.87,37.38,1551202
2009-07-15,37.54,37.85,37.51,37.82,2421389
2009-07-16,37.8,37.81,37.29,37.69,1634245
2009-07-17,37.51,37.63,37.16,37.39,2426780
2009-07-20,37.51,37.68,37.26,37.61,1303452
2009-07-21,37.72,37.95,37.72,37.92,1532134
2009-07-22,37.87,38.0,37.66,37.84,1417142
2009-07-23,37.75,38.75,37.61,38.67,1983900
2009-07-24,38.51,39.099998,38.5,39.0099983,1686160
2009-07-27,39.099998,39.25,38.8,39.24,1433373
2009-07-28,39.099998,39.3,38.82,39.07,1684488
2009-07-29,38.93,39.32,38.75,39.22,1476342
2009-07-30,39.43,39.75,39.16,39.49,1456137
2009-07-31,39.41,39.55,39.17,39.36,1507421
2009-08-03,39.48,39.68,39.27,39.56,1619928
2009-08-04,39.49,39.8,39.3,39.5,1853027
2009-08-05,39.59,39.88,39.42,39.64,1990005
2009-08-06,39.58,39.63,39.28,39.55,1234787
2009-08-07,39.66,40.029999,39.54,39.86,1528557
2009-08-10,39.79,40.0,39.75,39.98,1035775
2009-08-11,39.94,40.31,39.83,40.19,1335252
2009-08-12,40.049999,40.7,40.0,40.5,2140270
2009-08-13,40.51,40.75,40.27,40.47,2037686
2009-08-14,40.49,40.66,40.31,40.64,1648034
2009-08-17,39.5,39.69,39.26,39.35,2521600
2009-08-18,39.34,39.49,39.060001,39.29,2103543
2009-08-19,39.13,39.41,39.02,39.37,2439664
2009-08-20,39.3,39.85,39.14,39.72,1807958
2009-08-21,39.88,40.62,39.83,40.5,2250491
2009-08-24,40.55,40.6,40.21,40.58,1589620
2009-08-25,40.59,40.73,40.31,40.43,1340302
2009-08-26,40.45,40.59,39.99,40.39,1509191
2009-08-27,40.38,40.7,40.099998,40.54,1670877
2009-08-28,40.73,40.73,40.22,40.39,1069866
2009-08-31,40.37,40.5,40.12,40.19,1562385
2009-09-01,40.14,40.45,39.97,40.12,1637455
2009-09-02,40.02,40.11,39.61,39.61,1967261
2009-09-03,39.72,39.78,39.29,39.74,1649341
2009-09-04,39.84,39.89,39.55,39.87,1020851
2009-09-08,40.0099983,40.0099983,39.6,39.8,1432553
2009-09-09,39.91,40.09,39.76,39.89,1674890
2009-09-10,39.82,40.07,39.67,39.94,1373774
2009-09-11,39.93,40.049999,39.59,39.63,1981585
2009-09-14,39.63,40.31,39.63,40.26,2448717
2009-09-15,40.34,40.9,40.21,40.85,2225522
2009-09-16,40.89,41.2,40.66,41.060001,2614544
2009-09-17,41.029999,41.46,40.99,41.029999,2098385
2009-09-18,41.29,41.5,41.040001,41.48,2157084
2009-09-21,41.27,41.52,41.18,41.35,1061490
2009-09-22,41.39,41.4,40.96,41.17,1349876
2009-09-23,41.25,41.77,40.96,40.97,2003875
2009-09-24,40.97,41.3,40.9,40.99,1649758
2009-09-25,40.89,41.22,40.89,41.07,1149686
2009-09-28,41.14,41.58,41.14,41.41,956436
2009-09-29,41.42,41.44,41.099998,41.29,1228951
2009-09-30,41.29,41.35,40.67,40.94,2005555
2009-10-01,41.61,41.73,40.76,40.76,2838349
2009-10-02,40.62,40.77,40.15,40.35,2055535
2009-10-05,40.55,40.88,40.18,40.88,1580269
2009-10-06,40.81,41.17,40.7,40.96,1314227
2009-10-07,40.96,40.96,40.61,40.94,997780
2009-10-08,41.099998,41.19,40.72,40.91,1625930
2009-10-09,40.83,41.2,40.83,41.09,1022828
2009-10-12,41.22,41.49,41.07,41.49,1216231
2009-10-13,41.43,41.45,40.87,40.96,1639850
2009-10-14,41.049999,41.39,40.83,40.95,1688715
2009-10-15,40.92,41.22,40.89,41.2,1395222
2009-10-16,41.049999,41.43,40.48,41.33,1950515
2009-10-19,41.32,41.98,41.07,41.88,2094750
2009-10-20,41.82,41.97,41.57,41.67,1510195
2009-10-21,41.75,41.82,41.44,41.52,2893905
2009-10-22,41.58,41.8,41.3,41.78,1589124
2009-10-23,41.92,41.93,41.3,41.81,2332777
2009-10-26,41.91,42.25,41.31,41.33,2532665
2009-10-27,41.36,42.07,41.26,41.34,2544147
2009-10-28,41.34,41.67,41.09,41.18,2983992
2009-10-29,41.2,41.41,40.68,41.32,2112377
2009-10-30,41.26,41.44,40.55,40.68,2910119
2009-11-02,40.82,41.41,40.61,41.18,2445076
2009-11-03,41.09,41.24,40.8,40.88,2071887
2009-11-04,41.02,41.42,40.83,40.95,1758767
2009-11-05,41.23,41.57,41.099998,41.55,1680075
2009-11-06,41.49,41.75,41.34,41.53,1908459
2009-11-09,41.63,42.24,41.6,42.21,1640495
2009-11-10,42.09,42.58,42.060001,42.46,1639631
2009-11-11,42.6,42.6,42.16,42.47,2172202
2009-11-12,42.54,42.54,42.049999,42.17,2228255
2009-11-13,42.35,42.55,42.029999,42.46,2026960
2009-11-16,42.18,42.22,41.68,41.85,2303606
2009-11-17,41.9,42.09,41.81,42.09,1513910
2009-11-18,42.0,42.24,41.86,42.13,1655965
2009-11-19,42.049999,42.080002,41.69,41.8,1844782
2009-11-20,41.7,42.049999,41.67,41.9,2048767
2009-11-23,42.25,42.49,42.23,42.46,1683149
2009-11-24,42.39,42.8,42.25,42.55,2449993
2009-11-25,42.61,42.99,42.4,42.91,1568885
2009-11-27,42.3,42.81,42.14,42.44,884964
2009-11-30,42.54,42.97,42.43,42.91,2187720
2009-12-01,42.76,43.49,42.72,43.31,5469042
2009-12-02,43.23,43.96,43.23,43.93,2212786
2009-12-03,43.98,44.69,43.87,44.37,4220764
2009-12-04,44.5,44.8,43.7,44.049999,3082522
2009-12-07,44.19,44.67,44.19,44.39,2352178
2009-12-08,44.33,44.35,43.91,44.0099983,2568332
2009-12-09,44.16,44.2,43.8,44.18,1377320
2009-12-10,44.39,44.78,44.31,44.65,1561023
2009-12-11,44.64,45.25,44.64,45.18,1788292
2009-12-14,45.47,45.47,45.049999,45.26,1623844
2009-12-15,45.22,45.22,44.89,45.029999,1778215
2009-12-16,45.24,45.36,44.91,44.95,2116354
2009-12-17,44.94,45.5,44.69,45.41,3025298
2009-12-18,45.4,45.65,45.28,45.37,3426959
2009-12-21,45.41,45.94,45.41,45.72,1670418
2009-12-22,45.86,46.07,45.53,45.58,1617234
2009-12-23,45.54,45.77,45.37,45.45,1574014
2009-12-24,45.56,45.86,45.54,45.86,499967
2009-12-28,45.96,45.96,45.67,45.89,893273
2009-12-29,45.95,46.17,45.83,46.080002,789239
2009-12-30,46.049999,46.35,45.9,46.13,959688
2009-12-31,46.31,46.35,45.41,45.43,1269721
2010-01-04,45.73,45.95,45.23,45.38,2142238
2010-01-05,45.49,45.63,44.51,44.79,2855985
2010-01-06,44.75,45.49,44.75,45.27,2035374
2010-01-07,45.34,45.35,44.91,45.11,1993386
2010-01-08,44.99,45.3,44.71,45.25,1306368
2010-01-11,45.47,45.96,45.36,45.82,1751809
2010-01-12,45.76,46.0,45.53,45.73,1451568
2010-01-13,45.73,46.19,45.7,46.080002,1247134
2010-01-14,46.16,46.3,45.97,46.23,1129380
2010-01-15,45.92,46.02,45.27,45.72,2444659
2010-01-19,45.78,46.41,45.66,46.41,1567534
2010-01-20,46.24,46.26,45.56,46.21,1869016
2010-01-21,46.31,46.45,45.32,45.61,2114319
2010-01-22,44.82,45.27,43.39,43.51,6468410
2010-01-25,43.76,44.0,43.07,43.62,3040078
2010-01-26,43.58,44.24,43.35,44.080002,2522622
2010-01-27,43.67,44.07,43.35,44.049999,2840851
2010-01-28,44.049999,44.049999,43.45,43.72,1885101
2010-01-29,43.88,44.0,43.5,43.74,2050360
2010-02-01,43.84,43.93,43.36,43.93,1277968
2010-02-02,43.95,44.16,43.4,44.14,1628020
2010-02-03,44.02,44.029999,43.6,43.76,1205701
2010-02-04,43.63,43.73,43.0,43.02,3207377
2010-02-05,43.040001,43.25,42.51,43.18,3735587
2010-02-08,43.23,43.3,42.76,42.81,1381211
2010-02-09,43.040001,43.8,42.87,43.44,2116133
2010-02-10,43.4,43.4,42.66,42.98,2490962
2010-02-11,42.98,43.28,42.71,43.17,2019442
2010-02-12,42.26,42.48,42.09,42.22,2688420
2010-02-16,42.4,42.95,42.39,42.95,1309430
2010-02-17,43.11,43.11,42.7,42.86,1027494
2010-02-18,42.78,42.87,42.44,42.71,1941469
2010-02-19,42.61,43.34,42.49,43.13,1993642
2010-02-22,43.14,43.33,42.79,42.92,1598653
2010-02-23,42.91,43.0,42.65,42.75,1240130
2010-02-24,42.94,42.94,42.52,42.88,1752395
2010-02-25,42.5,42.91,42.16,42.87,1817582
2010-02-26,42.95,42.99,42.6,42.75,1353327
2010-03-01,42.81,43.44,42.81,43.19,1547972
2010-03-02,43.4,43.95,43.36,43.79,1898413
2010-03-03,43.82,44.2,43.55,43.68,1795748
2010-03-04,43.67,43.78,43.25,43.54,1737786
2010-03-05,43.25,43.72,43.21,43.62,1682817
2010-03-08,43.65,43.8,43.5,43.79,1043091
2010-03-09,43.77,43.9,43.59,43.66,1390167
2010-03-10,43.78,43.9,43.58,43.74,1220839
2010-03-11,43.74,43.92,43.46,43.89,1056005
2010-03-12,43.95,44.0,43.67,43.7,1463988
2010-03-15,43.89,44.15,43.74,44.15,1269991
2010-03-16,44.28,44.61,43.98,44.48,1731438
2010-03-17,44.63,44.63,44.35,44.51,1481243
2010-03-18,44.58,44.61,44.22,44.33,1454740
2010-03-19,44.29,44.51,44.029999,44.3,2092833
2010-03-22,44.15,44.35,44.02,44.26,1212467
2010-03-23,44.42,44.45,43.93,44.17,1927748
2010-03-24,44.15,44.15,43.68,43.84,1553741
2010-03-25,44.0099983,44.12,43.76,43.84,1651509
2010-03-26,44.02,44.36,43.86,44.18,1513118
2010-03-29,44.34,44.6,44.26,44.58,1477668
2010-03-30,44.56,44.91,44.53,44.68,1729610
2010-03-31,44.59,44.85,44.37,44.54,1246011
2010-04-01,44.74,45.14,44.67,44.9,1043723
2010-04-05,45.040001,45.12,44.85,45.040001,909819
2010-04-06,45.0099983,45.37,44.9,45.36,1045339
2010-04-07,45.32,45.32,44.75,44.91,1205110
2010-04-08,44.84,44.89,44.43,44.51,1453227
2010-04-09,44.61,44.87,44.2,44.85,1163708
2010-04-12,45.0099983,45.11,44.75,45.029999,1119744
2010-04-13,45.02,45.049999,44.59,44.76,1223043
2010-04-14,44.61,44.88,44.41,44.82,1627336
2010-04-15,44.84,44.94,44.53,44.79,1166022
2010-04-16,44.75,44.98,44.46,44.54,1864847
2010-04-19,44.36,44.7,44.36,44.63,1156164
2010-04-20,44.83,45.0,44.68,44.91,1593472
2010-04-21,44.99,45.29,44.86,45.16,1926236
2010-04-22,45.02,45.26,44.73,45.2,1190638
2010-04-23,45.11,45.42,44.9,45.41,1156748
2010-04-26,45.39,45.52,45.24,45.29,1050989
2010-04-27,45.21,45.45,44.58,44.6,1827164
2010-04-28,44.86,45.32,44.6,45.17,1671490
2010-04-29,45.31,45.44,44.97,45.21,1421500
2010-04-30,45.27,45.79,45.07,45.2,2072535
2010-05-03,45.45,45.83,45.2,45.73,1287072
2010-05-04,45.51,45.52,44.89,45.040001,1583408
2010-05-05,44.87,45.45,44.77,45.049999,1703435
2010-05-06,44.99,45.099998,42.2,44.21,3747227
2010-05-07,44.88,44.99,43.82,44.34,4686521
2010-05-10,44.76,45.16,44.36,44.8,2319634
2010-05-11,44.54,45.34,44.54,44.85,1723951
2010-05-12,44.85,45.099998,44.68,44.85,2076959
2010-05-13,44.87,45.060001,44.5,44.54,1566977
2010-05-14,44.5,44.97,44.0,44.44,3220371
2010-05-17,44.61,44.65,43.92,44.52,2080686
2010-05-18,44.74,44.92,44.07,44.35,2220095
2010-05-19,44.07,44.2,43.52,43.82,1677487
2010-05-20,43.33,43.81,42.96,42.96,3672704
2010-05-21,42.58,43.42,42.31,43.29,3870882
2010-05-24,42.94,43.33,42.7,42.79,2600536
2010-05-25,42.09,42.53,41.78,42.52,2966301
2010-05-26,42.74,42.86,42.080002,42.27,2313735
2010-05-27,42.52,42.86,42.34,42.74,1771541
2010-05-28,42.76,42.98,42.44,42.59,1923685
2010-06-01,42.35,42.55,41.72,41.75,2123144
2010-06-02,42.0,42.55,41.72,42.55,2419029
2010-06-03,42.77,43.15,42.63,42.82,1741873
2010-06-04,42.48,42.48,41.52,41.66,2138541
2010-06-07,41.83,42.37,41.7,41.87,1645338
2010-06-08,42.0,42.51,41.71,42.46,1519084
2010-06-09,42.69,42.74,42.029999,42.15,1341763
2010-06-10,42.58,43.09,42.58,43.09,1224453
2010-06-11,42.82,43.14,42.52,43.13,1081740
2010-06-14,43.35,43.63,43.25,43.35,1407304
2010-06-15,43.63,44.099998,43.51,44.09,1297764
2010-06-16,43.84,44.52,43.84,44.42,1349120
2010-06-17,44.4,44.83,44.19,44.77,1388482
2010-06-18,44.82,44.93,44.57,44.89,1374185
2010-06-21,45.0,45.080002,44.47,44.69,1288183
2010-06-22,44.69,44.81,43.71,43.81,1757265
2010-06-23,43.98,44.02,43.45,43.65,1692477
2010-06-24,43.52,44.29,43.48,43.76,1472169
2010-06-25,43.83,43.98,43.42,43.84,1481617
2010-06-28,44.07,44.28,43.57,44.14,966941
2010-06-29,43.88,43.9,43.26,43.48,1678518
2010-06-30,43.33,43.76,43.0,43.099998,2205589
2010-07-01,43.099998,43.11,42.5,42.9,2239751
2010-07-02,43.060001,43.42,42.9,43.19,1901067
2010-07-06,43.39,43.8,43.2,43.62,3046540
2010-07-07,43.64,44.77,43.5,44.75,1738346
2010-07-08,44.85,45.32,44.72,45.32,2240232
2010-07-09,45.18,45.35,44.9,45.27,1225919
2010-07-12,45.19,45.51,44.95,45.4,1080998
2010-07-13,45.7,45.71,45.21,45.52,1580073
2010-07-14,45.42,45.57,45.15,45.57,1117837
2010-07-15,45.46,45.85,45.26,45.74,1511295
2010-07-16,45.56,45.7,44.97,45.060001,1852958
2010-07-19,45.24,45.85,45.11,45.67,1505486
2010-07-20,45.27,45.85,44.98,45.83,1705734
2010-07-21,45.79,45.79,45.0099983,45.27,1874481
2010-07-22,45.48,46.2,45.44,46.02,1765160
2010-07-23,45.79,46.3,45.6,46.3,1609746
2010-07-26,46.38,46.69,46.21,46.68,1314331
2010-07-27,46.78,47.19,46.58,47.16,2253981
2010-07-28,47.0099983,47.099998,46.79,47.029999,1514125
2010-07-29,47.16,47.25,46.28,46.57,1994769
2010-07-30,46.3,46.39,45.9,46.12,2042819
2010-08-02,46.4,47.15,46.4,47.14,2096950
2010-08-03,47.040001,47.23,46.73,46.93,1989595
2010-08-04,47.029999,47.049999,46.61,46.94,1820850
2010-08-05,46.84,47.24,46.67,47.21,1384707
2010-08-06,47.12,47.59,46.89,47.57,2404284
2010-08-09,47.58,48.22,47.58,47.97,2490533
2010-08-10,47.84,48.53,47.65,48.36,2691350
2010-08-11,47.8,48.24,47.6,47.64,2565435
2010-08-12,47.57,48.11,47.25,47.95,3292564
2010-08-13,47.99,47.99,47.48,47.55,3825271
2010-08-16,46.65,47.040001,46.23,46.85,3029105
2010-08-17,47.060001,47.64,46.91,47.38,2844062
2010-08-18,47.43,47.43,46.66,46.96,2185564
2010-08-19,46.87,46.87,46.22,46.5,2115137
2010-08-20,46.25,46.78,46.12,46.7,2090363
2010-08-23,46.78,47.3,46.71,46.98,2439493
2010-08-24,46.78,47.63,46.64,47.31,2317786
2010-08-25,47.0099983,47.61,47.0099983,47.44,2028213
2010-08-26,47.59,47.63,47.02,47.15,1610621
2010-08-27,47.34,47.9,47.099998,47.88,1823711
2010-08-30,47.7,47.86,47.21,47.25,1054468
2010-08-31,47.0099983,47.69,46.84,47.53,2026563
2010-09-01,47.92,48.3,47.58,48.24,2247018
2010-09-02,48.28,48.28,47.84,48.25,1581956
2010-09-03,48.25,48.45,48.0,48.44,2160720
2010-09-07,48.27,48.72,48.25,48.36,1667018
2010-09-08,48.45,48.47,47.73,47.78,2335380
2010-09-09,48.099998,48.2,47.86,47.95,1680557
2010-09-10,47.84,47.92,47.44,47.69,1980333
2010-09-13,47.82,47.83,47.52,47.77,1672710
2010-09-14,47.76,48.28,47.52,48.099998,1566333
2010-09-15,48.14,48.24,47.7,47.85,1677523
2010-09-16,47.82,47.86,47.45,47.59,1454679
2010-09-17,47.88,48.33,47.69,47.92,2821791
2010-09-20,47.95,48.74,47.95,48.69,2284100
2010-09-21,48.63,48.7,48.27,48.45,2424094
2010-09-22,48.53,48.94,48.47,48.52,1381152
2010-09-23,48.41,48.61,48.0,48.09,1580222
2010-09-24,48.35,48.89,48.35,48.79,1390600
2010-09-27,48.69,48.93,48.53,48.75,1100523
2010-09-28,48.15,48.6,47.91,48.5,5614007
2010-09-29,48.5,48.56,48.29,48.43,2375692
2010-09-30,48.45,48.61,48.11,48.22,1989447
2010-10-01,48.4,48.44,47.95,48.33,2043792
2010-10-04,48.14,48.46,47.91,48.07,1833424
2010-10-05,48.4,48.48,48.19,48.41,2524738
2010-10-06,48.38,48.44,48.029999,48.19,2100742
2010-10-07,48.3,48.38,47.94,48.17,1741504
2010-10-08,48.080002,48.32,48.02,48.27,1486395
2010-10-11,48.24,48.41,48.13,48.23,985857
2010-10-12,48.23,48.33,48.0099983,48.22,1321315
2010-10-13,48.29,48.33,48.14,48.2,1518812
2010-10-14,48.35,48.53,48.27,48.45,1913894
2010-10-15,48.49,48.65,48.4,48.6,1885831
2010-10-18,48.59,49.2,48.56,49.09,3924118
2010-10-19,48.7,49.29,48.67,48.84,1980126
2010-10-20,48.9,49.34,48.9,49.11,1472785
2010-10-21,49.36,49.36,48.64,48.88,1513719
2010-10-22,48.99,49.13,48.71,49.12,1508350
2010-10-25,49.25,49.39,48.9,49.2,1768107
2010-10-26,49.0099983,49.47,48.81,49.46,1905152
2010-10-27,49.2,49.76,49.14,49.74,2405141
2010-10-28,49.9,49.95,49.63,49.85,2450491
2010-10-29,49.89,49.9,49.48,49.72,1662489
2010-11-01,49.88,50.14,49.43,49.66,1618068
2010-11-02,49.91,50.86,49.91,50.73,1904876
2010-11-03,50.75,50.87,50.21,50.49,2006284
2010-11-04,50.85,50.99,50.6,50.88,3149347
2010-11-05,50.91,51.029999,50.61,51.0,2519502
2010-11-08,50.93,50.98,50.33,50.68,2397833
2010-11-09,50.66,51.02,50.51,50.61,2079162
2010-11-10,50.57,50.57,49.92,50.09,2064044
2010-11-11,49.68,50.080002,49.66,50.080002,1997738
2010-11-12,49.91,49.93,49.52,49.74,2205211
2010-11-15,49.25,49.59,49.099998,49.21,1763813
2010-11-16,49.07,49.11,48.4,48.66,2167387
2010-11-17,48.57,48.75,48.41,48.58,1315066
2010-11-18,48.91,48.97,48.57,48.85,1158999
2010-11-19,48.88,48.97,48.41,48.63,1173228
2010-11-22,48.7,48.73,48.27,48.7,1567168
2010-11-23,48.38,48.46,48.060001,48.24,2094342
2010-11-24,48.46,48.5,48.2,48.33,1297901
2010-11-26,48.22,48.48,48.0,48.18,1201536
2010-11-29,48.0,48.2,47.51,48.02,1978459
2010-11-30,47.72,48.72,47.72,48.37,2271324
2010-12-01,48.8,48.89,48.46,48.75,1752554
2010-12-02,48.72,48.89,48.45,48.83,2078479
2010-12-03,48.8,49.060001,48.6,49.02,3252969
2010-12-06,49.0,49.07,48.86,48.89,1160586
2010-12-07,49.15,49.16,48.43,48.57,1809360
2010-12-08,48.54,48.74,48.040001,48.28,1610886
2010-12-09,48.39,48.75,48.23,48.71,1593510
2010-12-10,48.8,48.99,48.75,48.88,1114049
2010-12-13,49.080002,49.45,48.95,49.18,1418652
2010-12-14,49.35,49.65,49.33,49.5,1479845
2010-12-15,49.51,49.55,48.92,49.0099983,1753238
2010-12-16,49.13,49.56,48.77,49.55,1816352
2010-12-17,49.48,49.53,49.14,49.34,3113609
2010-12-20,49.5,49.55,49.2,49.46,1304819
2010-12-21,49.59,49.62,49.36,49.49,960703
2010-12-22,49.52,49.9,49.5,49.56,1112201
2010-12-23,49.55,49.69,49.43,49.6,618647
2010-12-27,49.46,49.81,49.38,49.65,673004
2010-12-28,49.64,49.78,49.48,49.73,708968
2010-12-29,49.79,49.8,49.53,49.53,753545
2010-12-30,49.46,49.68,49.41,49.42,721774
2010-12-31,49.38,49.79,49.38,49.57,992488
2011-01-03,49.76,49.78,49.51,49.55,1189393
2011-01-04,49.55,49.9,49.23,49.7,1552668
2011-01-05,49.68,49.73,49.26,49.37,1428694
2011-01-06,49.35,49.42,48.97,49.32,1291179
2011-01-07,49.4,49.54,49.040001,49.54,1385137
2011-01-10,49.29,49.42,48.8,49.23,1691068
2011-01-11,49.3,49.36,49.099998,49.25,1338274
2011-01-12,49.42,49.8,49.37,49.56,1152721
2011-01-13,49.6,49.98,49.54,49.96,1645521
2011-01-14,49.45,49.96,49.4,49.83,1521393
2011-01-18,49.87,50.12,49.76,50.11,1259933
2011-01-19,50.13,50.38,50.07,50.35,1833861
2011-01-20,50.31,50.87,50.24,50.53,1813532
2011-01-21,50.68,50.68,49.81,49.87,2588078
2011-01-24,49.79,50.6,49.79,50.55,2487255
2011-01-25,50.56,50.7,50.34,50.65,1281232
2011-01-26,50.46,50.68,50.21,50.5,1322133
2011-01-27,50.6,50.78,50.36,50.62,1171447
2011-01-28,50.73,50.79,50.0,50.07,1377053
2011-01-31,50.15,50.47,49.88,49.91,1422834
2011-02-01,50.14,50.24,49.72,50.11,1738143
2011-02-02,50.0,50.15,49.72,49.82,1453542
2011-02-03,49.74,49.9,49.6,49.87,4362590
2011-02-04,49.91,49.92,49.4,49.59,4816314
2011-02-07,49.65,49.89,49.59,49.89,4881528
2011-02-08,49.96,49.96,49.55,49.64,1862882
2011-02-09,49.53,49.98,49.47,49.94,1634908
2011-02-10,49.78,50.099998,49.72,50.09,1492018
2011-02-11,50.02,50.3,49.98,50.099998,1966634
2011-02-14,49.59,49.59,49.16,49.34,1159936
2011-02-15,49.31,49.65,49.25,49.53,1105673
2011-02-16,49.55,49.56,48.94,49.22,1733792
2011-02-17,49.07,49.27,48.8,48.9,2108526
2011-02-18,48.92,49.15,48.71,49.02,1593237
2011-02-22,48.63,48.99,48.55,48.89,1587703
2011-02-23,48.89,49.38,48.66,49.21,2730837
2011-02-24,49.13,49.18,48.67,48.85,1671623
2011-02-25,49.0,49.48,48.92,49.41,1480115
2011-02-28,49.62,50.22,49.45,49.98,2157132
2011-03-01,49.96,50.22,49.57,49.57,1717687
2011-03-02,49.69,49.78,49.34,49.58,1351643
2011-03-03,49.79,50.12,49.71,49.91,1305190
2011-03-04,49.9,49.99,49.33,49.71,1124289
2011-03-07,49.79,50.25,49.71,49.84,1525805
2011-03-08,49.82,50.49,49.8,50.34,1336801
2011-03-09,50.23,50.78,50.23,50.72,1355951
2011-03-10,50.49,50.61,50.080002,50.19,1270563
2011-03-11,50.15,50.39,49.99,50.27,796241
2011-03-14,50.02,50.02,49.58,49.88,2114080
2011-03-15,49.41,50.060001,49.19,49.73,2687020
2011-03-16,49.73,49.8,48.86,49.099998,2618087
2011-03-17,49.52,49.57,48.85,49.29,2159589
2011-03-18,49.74,49.96,49.43,49.51,2509102
2011-03-21,49.9,50.2,49.81,50.15,1233626
2011-03-22,50.18,50.24,49.79,49.79,1341258
2011-03-23,49.84,49.86,49.36,49.71,1301260
2011-03-24,49.86,50.040001,49.56,49.92,958385
2011-03-25,50.060001,50.16,49.91,50.0099983,1121184
2011-03-28,50.029999,50.35,50.0,50.12,1394468
2011-03-29,50.080002,50.68,49.97,50.62,1358432
2011-03-30,50.72,50.9,50.61,50.72,1559115
2011-03-31,50.67,50.89,50.56,50.72,1149973
2011-04-01,50.98,51.12,50.85,51.049999,1013571
2011-04-04,51.029999,51.060001,50.76,51.02,937051
2011-04-05,51.029999,51.15,50.89,50.94,721647
2011-04-06,51.040001,51.35,50.9,51.22,1264363
2011-04-07,50.99,51.14,50.51,50.94,1117327
2011-04-08,51.040001,51.07,50.65,50.9,842714
2011-04-11,50.82,50.87,50.060001,50.22,2059905
2011-04-12,50.15,50.37,49.87,49.97,1414361
2011-04-13,50.16,50.4,50.02,50.099998,1131008
2011-04-14,49.91,50.18,49.8,50.09,1142986
2011-04-15,50.23,50.89,50.15,50.71,1475984
2011-04-18,50.32,50.58,50.09,50.23,1525547
2011-04-19,50.27,50.34,49.91,50.15,1132423
2011-04-20,50.56,50.76,50.3,50.71,1217045
2011-04-21,50.71,50.81,50.46,50.68,788484
2011-04-25,50.67,50.83,50.55,50.69,796397
2011-04-26,50.86,51.12,50.76,51.080002,1248166
2011-04-27,51.15,51.7,51.12,51.56,1376477
2011-04-28,51.58,52.0,51.51,51.96,1223405
2011-04-29,51.86,52.14,51.8,52.12,1183045
2011-05-02,52.13,52.48,52.12,52.3,1023109
2011-05-03,52.19,52.96,52.16,52.8,1862047
2011-05-04,52.66,53.12,52.5,52.99,2072353
2011-05-05,52.85,52.93,52.4,52.75,2047052
2011-05-06,53.029999,53.34,52.86,53.099998,1915107
2011-05-09,53.12,53.18,52.77,53.09,1535107
2011-05-10,53.25,53.83,53.13,53.55,2062989
2011-05-11,53.61,53.73,53.21,53.69,2468826
2011-05-12,53.7,54.31,53.44,54.24,2113611
2011-05-13,54.27,54.36,53.8,54.12,1798316
2011-05-16,53.51,53.92,53.28,53.35,1940009
2011-05-17,53.3,53.71,53.26,53.67,1753496
2011-05-18,53.73,53.73,53.22,53.63,1218201
2011-05-19,53.66,54.0,53.58,53.98,1400158
2011-05-20,53.89,54.21,53.75,53.91,1576042
2011-05-23,52.81,53.7,52.81,53.15,2066113
2011-05-24,53.060001,53.13,52.55,52.75,2565181
2011-05-25,52.59,52.94,52.23,52.61,1862575
2011-05-26,52.53,52.94,52.3,52.73,1467183
2011-05-27,52.78,52.99,52.62,52.73,1113142
2011-05-31,53.0099983,53.099998,52.71,53.060001,1653130
2011-06-01,53.0,53.040001,52.69,52.77,1977433
2011-06-02,52.78,52.78,52.24,52.68,1319586
2011-06-03,52.23,52.6,52.029999,52.32,1344492
2011-06-06,52.18,52.41,51.91,52.15,1367738
2011-06-07,52.19,52.63,52.14,52.3,2069247
2011-06-08,52.37,52.61,52.12,52.56,2152187
2011-06-09,52.57,52.65,52.25,52.31,1570760
2011-06-10,52.24,52.33,51.77,51.83,2058135
2011-06-13,51.96,52.32,51.67,52.09,1520855
2011-06-14,52.46,52.46,51.9,52.21,1600311
2011-06-15,52.060001,52.41,51.81,52.049999,2214836
2011-06-16,52.17,52.69,52.15,52.61,2399672
2011-06-17,52.81,53.22,52.72,52.78,2184778
2011-06-20,52.63,53.07,52.35,53.0099983,1118772
2011-06-21,53.12,53.25,52.72,52.95,1514704
2011-06-22,52.84,52.98,52.51,52.71,1802100
2011-06-23,52.32,52.39,51.84,52.24,1940137
2011-06-24,52.36,52.79,52.3,52.4,1437046
2011-06-27,52.53,52.8,52.53,52.69,852931
2011-06-28,52.76,52.98,52.58,52.93,855879
2011-06-29,52.93,53.2,52.75,53.099998,1335952
2011-06-30,53.11,53.31,52.82,53.24,1222969
2011-07-01,53.27,54.12,53.27,54.060001,1877731
2011-07-05,53.9,53.98,53.6,53.69,1242079
2011-07-06,53.69,53.93,53.5,53.86,1022999
2011-07-07,54.11,54.13,53.76,54.040001,1194436
2011-07-08,53.69,53.87,53.29,53.56,1654997
2011-07-11,53.14,53.35,52.86,53.28,1713870
2011-07-12,53.13,53.97,53.09,53.66,1659485
2011-07-13,53.85,54.02,53.6,53.71,1810665
2011-07-14,53.74,53.8,53.12,53.2,1673830
2011-07-15,53.34,53.34,52.85,53.25,1639162
2011-07-18,53.080002,53.099998,52.45,52.53,1360745
2011-07-19,52.6,53.18,52.33,53.13,1110901
2011-07-20,53.17,53.55,52.95,53.33,795663
2011-07-21,53.5,54.080002,53.5,53.96,1371481
2011-07-22,53.89,53.95,53.54,53.58,1334208
2011-07-25,53.27,53.51,53.25,53.31,1424216
2011-07-26,53.31,53.38,52.98,53.25,1318873
2011-07-27,53.42,53.55,53.0099983,53.18,1824831
2011-07-28,53.099998,53.34,52.89,52.97,1393171
2011-07-29,52.68,52.94,52.39,52.6,1686556
2011-08-01,53.15,53.21,52.56,52.75,2269384
2011-08-02,52.62,52.78,52.28,52.28,1724711
2011-08-03,52.45,52.91,52.17,52.64,3122633
2011-08-04,52.31,52.85,51.69,51.74,4291384
2011-08-05,52.79,53.88,52.26,53.27,6137066
2011-08-08,51.93,53.27,50.25,50.41,6031229
2011-08-09,51.19,51.92,49.18,51.9,6083780
2011-08-10,52.07,53.52,51.58,52.07,5669194
2011-08-11,52.59,54.58,52.38,54.040001,4971734
2011-08-12,54.41,54.87,53.48,53.73,3860585
2011-08-15,53.56,54.83,53.55,54.79,3593519
2011-08-16,54.39,54.63,53.91,54.49,2867291
2011-08-17,54.6,55.21,54.41,54.5,2575929
2011-08-18,53.54,54.45,53.33,54.37,3966448
2011-08-19,54.040001,54.78,53.88,54.36,3612938
2011-08-22,55.0,55.11,54.35,54.56,3495174
2011-08-23,54.68,55.41,54.19,55.38,4109525
2011-08-24,55.38,56.96,55.26,56.9,3607544
2011-08-25,56.89,56.89,55.97,56.18,3442155
2011-08-26,55.76,55.92,54.72,55.59,3531398
2011-08-29,56.099998,56.51,55.9,56.33,2304283
2011-08-30,56.27,56.57,55.98,56.32,2531772
2011-08-31,56.51,56.54,55.96,56.21,3181381
2011-09-01,56.44,56.44,55.83,55.95,2458784
2011-09-02,55.43,56.25,55.36,56.07,3234435
2011-09-06,55.040001,55.85,54.63,55.78,3937296
2011-09-07,56.13,56.17,55.71,56.07,2363483
2011-09-08,56.080002,56.6,55.87,56.049999,4007145
2011-09-09,55.85,55.85,54.87,55.12,2677881
2011-09-12,54.94,55.78,54.82,55.78,2421198
2011-09-13,55.88,56.37,55.47,56.28,2035935
2011-09-14,56.5,57.029999,55.98,56.55,2433114
2011-09-15,57.11,57.21,56.79,57.080002,3039962
2011-09-16,57.43,57.8,57.13,57.42,2766704
2011-09-19,56.85,57.41,56.65,57.25,1614519
2011-09-20,57.49,58.79,57.44,58.099998,2079498
2011-09-21,57.59,58.16,57.19,57.26,2766353
2011-09-22,56.19,57.15,56.029999,56.9,3618011
2011-09-23,56.83,57.0099983,56.42,56.74,2544885
2011-09-26,57.24,57.32,56.42,56.79,2440862
2011-09-27,57.36,57.43,56.41,56.6,2619503
2011-09-28,56.61,56.93,56.0,56.11,2570913
2011-09-29,56.75,57.34,56.58,57.31,2581225
2011-09-30,57.060001,57.74,57.0,57.02,1985248
2011-10-03,56.75,57.61,56.47,56.48,3024226
2011-10-04,55.86,56.46,55.02,56.44,3792123
2011-10-05,56.44,56.57,54.72,55.15,4804717
2011-10-06,55.14,56.16,55.080002,56.16,2068854
2011-10-07,56.38,56.77,55.93,56.11,1933068
2011-10-10,56.48,57.22,56.42,57.22,1740529
2011-10-11,57.13,57.17,56.41,56.76,1452505
2011-10-12,56.82,56.88,56.37,56.6,1606030
2011-10-13,56.5,56.85,56.13,56.66,1187571
2011-10-14,56.92,57.6,56.8,57.55,1827579
2011-10-17,57.55,58.13,57.47,57.97,2067844
2011-10-18,57.81,58.35,57.42,58.02,1933760
2011-10-19,57.99,58.85,57.77,57.92,2120244
2011-10-20,58.12,58.58,57.9,58.49,2329448
2011-10-21,58.99,59.77,58.84,59.76,2310367
2011-10-24,59.5,59.84,59.099998,59.25,1922877
2011-10-25,59.29,59.41,58.13,58.18,2466537
2011-10-26,58.9,59.02,58.57,58.82,2116019
2011-10-27,59.61,59.89,59.15,59.53,2307541
2011-10-28,58.92,59.02,57.71,58.040001,3686411
2011-10-31,57.98,58.5,57.85,57.87,2086960
2011-11-01,57.15,57.67,56.7,57.049999,2999356
2011-11-02,57.8,58.52,57.79,58.02,1721305
2011-11-03,58.38,58.9,58.13,58.75,1840734
2011-11-04,57.34,58.75,57.31,58.56,1352220
2011-11-07,58.78,59.09,58.37,59.07,1293124
2011-11-08,59.16,59.37,58.7,59.35,1681584
2011-11-09,58.81,59.33,58.080002,58.22,2727267
2011-11-10,58.64,58.99,58.26,58.88,1659991
2011-11-11,59.32,59.73,59.28,59.64,1733571
2011-11-14,58.81,59.12,58.18,58.37,1393885
2011-11-15,58.25,58.89,58.15,58.75,1469346
2011-11-16,58.29,58.64,57.87,57.97,2040968
2011-11-17,57.94,58.33,57.34,57.8,1697118
2011-11-18,58.02,58.34,57.95,58.14,1304460
2011-11-21,57.8,57.87,57.0,57.49,1383164
2011-11-22,57.54,57.65,56.59,56.9,1399597
2011-11-23,56.61,56.84,56.07,56.45,1851157
2011-11-25,56.52,57.38,56.5,57.16,1060415
2011-11-28,57.88,58.18,57.0,57.23,1876763
2011-11-29,57.45,58.11,57.4,57.97,1410841
2011-11-30,58.75,59.47,58.71,59.42,2228645
2011-12-01,59.31,59.79,59.12,59.51,1432877
2011-12-02,59.72,59.8,58.55,58.61,1973436
2011-12-05,59.15,59.46,58.66,58.9,1445608
2011-12-06,59.040001,59.25,58.84,59.0099983,1479707
2011-12-07,58.97,59.080002,58.59,58.71,1769473
2011-12-08,58.74,58.96,58.26,58.37,1798668
2011-12-09,58.67,59.3,58.66,59.24,1679850
2011-12-12,59.18,59.24,58.45,58.82,1449387
2011-12-13,58.89,59.63,58.8,59.14,1571744
2011-12-14,59.25,59.36,58.75,58.8,1361530
2011-12-15,59.28,59.93,59.19,59.77,2349462
2011-12-16,59.89,60.15,59.45,59.78,2855211
2011-12-19,59.81,60.080002,59.37,59.6,1607228
2011-12-20,59.92,60.87,59.5,60.8,2140563
2011-12-21,60.8,61.88,60.77,61.74,2444406
2011-12-22,61.65,61.76,61.28,61.62,1427163
2011-12-23,61.8,62.19,61.69,61.98,1110580
2011-12-27,61.98,62.54,61.84,62.5,852006
2011-12-28,62.5,62.55,62.14,62.19,879373
2011-12-29,62.19,62.67,62.19,62.59,935808
2011-12-30,62.67,62.74,62.0099983,62.029999,1189386
2012-01-03,62.099998,62.26,60.48,60.65,2927081
2012-01-04,60.58,60.86,59.82,59.9,2735884
2012-01-05,59.34,60.19,59.02,59.74,3182668
2012-01-06,59.8,59.95,58.95,59.099998,2693565
2012-01-09,59.32,59.41,59.080002,59.27,1310717
2012-01-10,58.87,59.79,58.81,59.34,2063589
2012-01-11,59.099998,59.5,58.96,59.18,1873049
2012-01-12,59.37,59.37,58.9,58.98,1687767
2012-01-13,58.69,59.22,58.34,59.18,1761131
2012-01-17,59.55,59.91,59.22,59.34,1749750
2012-01-18,59.34,59.49,59.049999,59.28,1407395
2012-01-19,59.24,59.34,58.58,58.74,2217718
2012-01-20,58.71,58.99,58.32,58.76,1811944
2012-01-23,58.75,58.98,58.55,58.62,1672505
2012-01-24,58.52,58.58,58.15,58.38,1294108
2012-01-25,58.17,59.47,57.59,59.37,3037921
2012-01-26,59.34,59.8,59.34,59.77,2422483
2012-01-27,59.9,59.9,58.79,58.89,1515970
2012-01-30,58.71,58.74,58.28,58.64,6205419
2012-01-31,58.88,59.15,58.67,58.96,1638970
2012-02-01,59.09,59.39,58.92,59.0099983,1573328
2012-02-02,59.07,59.16,58.67,58.87,1326347
2012-02-03,59.13,59.34,58.51,58.82,1619381
2012-02-06,58.7,58.96,58.58,58.8,1079030
2012-02-07,58.71,59.31,58.55,59.13,1353545
2012-02-08,59.27,59.45,58.84,59.39,1872348
2012-02-09,59.3,59.51,59.16,59.47,5823280
2012-02-10,59.33,59.44,59.0,59.13,1920373
2012-02-13,58.77,58.81,57.87,57.91,1965771
2012-02-14,57.89,58.12,57.63,57.97,2244569
2012-02-15,57.92,58.0099983,57.46,57.65,1708349
2012-02-16,57.69,58.3,57.69,57.9,1578072
2012-02-17,58.09,58.18,57.85,57.87,1678622
2012-02-21,57.97,58.15,57.77,57.86,1326881
2012-02-22,57.75,58.14,57.71,57.86,1568527
2012-02-23,57.85,58.09,57.7,57.96,1891663
2012-02-24,58.0099983,58.86,57.97,58.84,2395465
2012-02-27,58.57,58.95,58.28,58.43,1528623
2012-02-28,58.44,58.64,58.029999,58.11,1377876
2012-02-29,58.16,58.48,57.8,58.099998,2060359
2012-03-01,58.049999,58.5,57.97,58.29,1381732
2012-03-02,58.29,58.5,57.98,58.31,877349
2012-03-05,58.15,58.5,57.89,58.39,1160460
2012-03-06,58.060001,58.38,57.81,58.35,1614479
2012-03-07,58.3,58.33,57.9,58.15,2738440
2012-03-08,58.21,58.42,58.080002,58.32,983837
2012-03-09,58.47,58.47,58.060001,58.39,965773
2012-03-12,58.47,59.27,58.38,59.21,1486959
2012-03-13,59.3,59.47,59.0,59.4,1230114
2012-03-14,59.39,59.5,58.49,58.59,1589887
2012-03-15,58.78,58.85,57.93,58.080002,2303729
2012-03-16,58.060001,58.060001,57.41,57.62,2883621
2012-03-19,57.54,57.9,57.35,57.42,1411650
2012-03-20,57.25,57.69,57.25,57.54,1338399
2012-03-21,57.47,57.66,57.21,57.32,933121
2012-03-22,57.17,57.43,56.99,57.26,1486154
2012-03-23,57.12,57.29,57.0099983,57.13,1299153
2012-03-26,57.26,57.7,57.24,57.58,1214161
2012-03-27,57.56,57.83,57.37,57.81,1427042
2012-03-28,57.73,57.99,57.4,57.65,1676934
2012-03-29,57.41,58.12,57.32,58.0,2005250
2012-03-30,58.27,58.44,58.02,58.42,1586588
2012-04-02,58.26,58.74,58.099998,58.55,1750560
2012-04-03,58.61,58.76,58.34,58.75,1910082
2012-04-04,58.47,58.77,58.34,58.65,1605605
2012-04-05,58.45,58.47,57.83,58.18,1310935
2012-04-09,57.64,57.95,57.64,57.76,1448040
2012-04-10,57.51,57.64,57.0099983,57.14,1855036
2012-04-11,57.44,57.57,57.14,57.39,1536341
2012-04-12,57.59,57.99,57.31,57.87,1968540
2012-04-13,57.86,58.41,57.71,57.75,1652131
2012-04-16,57.91,58.46,57.79,58.22,1325993
2012-04-17,58.45,58.56,57.75,58.22,1579004
2012-04-18,58.09,58.28,57.81,58.0099983,1611117
2012-04-19,58.07,58.07,57.65,57.9,1672767
2012-04-20,57.96,58.65,57.82,58.61,1872083
2012-04-23,58.41,58.43,58.17,58.33,1254143
2012-04-24,58.35,58.79,58.3,58.73,968224
2012-04-25,58.96,59.07,58.65,59.02,1335243
2012-04-26,59.0099983,59.34,58.76,59.29,1107370
2012-04-27,59.34,59.4,59.0,59.31,1049665
2012-04-30,59.23,59.5,58.97,59.45,4578314
2012-05-01,59.36,59.79,59.18,59.66,965458
2012-05-02,59.59,59.64,59.24,59.31,1268696
2012-05-03,59.41,59.73,59.16,59.16,1195425
2012-05-04,59.0,59.7,59.0,59.38,1241325
2012-05-07,59.15,59.32,58.89,59.14,1108838
2012-05-08,59.0,59.75,58.99,59.7,1235345
2012-05-09,59.32,59.77,59.25,59.47,1355750
2012-05-10,59.75,60.19,59.61,60.02,1288939
2012-05-11,59.9,60.25,59.68,59.81,1187521
2012-05-14,58.82,59.23,58.66,59.02,1028628
2012-05-15,58.95,59.09,58.55,58.75,1062505
2012-05-16,58.72,58.96,58.43,58.83,1110543
2012-05-17,58.8,58.96,58.39,58.56,1019137
2012-05-18,58.78,59.0099983,58.52,58.67,1467340
2012-05-21,58.76,59.33,58.35,58.81,1164742
2012-05-22,58.87,59.17,58.79,59.029999,1359141
2012-05-23,59.0,59.52,58.98,59.23,1939338
2012-05-24,59.38,59.82,59.24,59.59,1059442
2012-05-25,59.68,59.99,59.51,59.61,980618
2012-05-29,59.85,59.96,59.66,59.96,957931
2012-05-30,59.76,60.65,59.74,60.099998,1608676
2012-05-31,60.15,60.63,60.049999,60.36,1723409
2012-06-01,59.97,60.78,59.97,60.29,1918633
2012-06-04,60.34,60.73,60.17,60.7,1290958
2012-06-05,60.56,60.98,60.47,60.55,1359729
2012-06-06,60.8,61.27,60.59,61.27,1240915
2012-06-07,61.58,61.84,61.43,61.67,2940177
2012-06-08,61.72,62.24,61.62,62.24,1308483
2012-06-11,62.48,62.48,61.74,61.78,1687185
2012-06-12,61.84,62.23,61.62,62.18,1652672
2012-06-13,62.24,62.48,61.87,62.35,1167020
2012-06-14,62.3,62.63,62.19,62.58,1238876
2012-06-15,62.81,63.28,62.71,63.099998,2183500
2012-06-18,63.19,63.6,63.02,63.48,1462751
2012-06-19,63.63,63.64,62.7,62.79,2005037
2012-06-20,62.53,62.71,61.32,61.5,2849219
2012-06-21,61.8,62.12,61.23,61.28,1865397
2012-06-22,61.5,61.77,61.14,61.5,4622437
2012-06-25,61.25,61.46,60.93,61.24,1522022
2012-06-26,61.33,61.51,61.16,61.25,1107301
2012-06-27,61.36,61.98,61.34,61.84,1478980
2012-06-28,61.26,62.09,61.26,62.07,1252331
2012-06-29,62.35,62.64,61.88,62.19,2010747
2012-07-02,62.24,62.78,62.19,62.72,1248550
2012-07-03,62.64,62.79,62.29,62.57,744765
2012-07-05,62.47,62.47,62.02,62.09,796673
2012-07-06,61.73,62.28,61.59,62.14,887171
2012-07-09,62.099998,62.52,61.99,62.34,958695
2012-07-10,62.49,62.82,62.38,62.53,1301616
2012-07-11,62.54,62.97,62.39,62.88,1134356
2012-07-12,62.68,63.049999,62.56,62.87,1233098
2012-07-13,62.84,63.44,62.82,63.42,1084922
2012-07-16,63.22,63.32,63.049999,63.14,853920
2012-07-17,63.28,63.58,63.080002,63.41,994751
2012-07-18,63.3,63.6,63.2,63.5,1136128
2012-07-19,63.4,63.46,62.79,63.36,972589
2012-07-20,63.35,64.0,63.16,63.77,2464804
2012-07-23,63.41,63.95,63.33,63.56,1013812
2012-07-24,63.66,63.75,63.2,63.58,1532230
2012-07-25,63.77,63.92,63.27,63.48,1712190
2012-07-26,63.85,64.54,63.79,64.42,1393118
2012-07-27,64.66,65.35,64.6,64.9,1630877
2012-07-30,64.78,65.099998,64.5,64.94,1320009
2012-07-31,64.99,65.21,64.46,64.5,1217441
2012-08-01,64.7,65.98,64.35,64.45,1068921
2012-08-02,64.099998,64.34,63.61,64.25,1248146
2012-08-03,64.92,65.040001,64.0,64.66,2339405
2012-08-06,64.81,65.010002,64.53,64.55,1159045
2012-08-07,64.75,64.81,64.26,64.3,1336781
2012-08-08,64.37,64.42,63.66,63.89,1365391
2012-08-09,63.96,64.14,63.53,63.59,972617
2012-08-10,63.64,63.95,63.42,63.87,1028365
2012-08-13,63.46,63.51,63.19,63.29,1023336
2012-08-14,63.3,63.54,63.060001,63.2,949725
2012-08-15,63.2,63.22,62.63,62.68,1358490
2012-08-16,62.62,62.73,61.69,61.8,3376061
2012-08-17,61.9,62.099998,61.64,61.68,1722626
2012-08-20,61.56,61.98,61.45,61.96,1099432
2012-08-21,61.91,62.060001,61.39,61.39,1121951
2012-08-22,61.2,61.76,61.2,61.61,1262436
2012-08-23,61.58,61.6,60.88,60.99,890554
2012-08-24,60.96,61.47,60.92,61.42,635728
2012-08-27,61.36,61.55,61.19,61.24,864684
2012-08-28,61.14,61.38,61.029999,61.2,684860
2012-08-29,61.080002,61.21,60.76,60.78,918500
2012-08-30,60.67,60.9,60.46,60.76,771962
2012-08-31,60.91,60.96,60.41,60.62,1075906
2012-09-04,60.64,61.02,60.51,60.88,965303
2012-09-05,60.99,60.99,60.3,60.33,1139177
2012-09-06,60.65,61.09,60.6,61.060001,997646
2012-09-07,61.060001,61.080002,60.54,60.63,851401
2012-09-10,60.88,60.88,60.42,60.49,927646
2012-09-11,60.48,60.52,60.31,60.31,675847
2012-09-12,60.43,60.45,60.060001,60.18,1187006
2012-09-13,60.040001,60.99,60.040001,60.99,1214539
2012-09-14,60.86,60.97,59.61,59.81,2214061
2012-09-17,59.88,60.31,59.4,59.61,2167511
2012-09-18,59.53,59.74,59.25,59.48,1475617
2012-09-19,59.62,59.78,59.36,59.46,1187192
2012-09-20,59.34,59.74,59.33,59.48,1418863
2012-09-21,59.59,59.63,59.07,59.099998,2631442
2012-09-24,59.049999,59.61,59.0099983,59.48,1660375
2012-09-25,59.57,59.82,59.37,59.46,1470745
2012-09-26,59.5,60.37,59.5,60.09,2433742
2012-09-27,60.15,60.15,59.54,59.58,1463085
2012-09-28,59.45,59.97,59.32,59.89,1520281
2012-10-01,59.96,60.02,59.41,59.48,1198414
2012-10-02,59.24,59.75,59.15,59.65,1553103
2012-10-03,59.7,60.11,59.63,59.76,1523729
2012-10-04,60.14,60.53,60.080002,60.43,1903150
2012-10-05,60.72,60.72,60.09,60.22,1247225
2012-10-08,60.17,60.48,59.92,60.14,773473
2012-10-09,60.12,60.29,59.7,59.95,1191539
2012-10-10,59.81,60.16,59.69,60.07,1127063
2012-10-11,60.18,60.51,59.91,60.17,1048329
2012-10-12,60.34,60.57,59.73,59.83,975565
2012-10-15,59.93,59.96,59.4,59.82,989037
2012-10-16,59.9,59.99,59.56,59.81,1173096
2012-10-17,59.9,60.77,59.8,60.61,1207019
2012-10-18,60.69,60.83,60.33,60.73,900925
2012-10-19,60.57,60.72,60.28,60.47,2319015
2012-10-22,60.31,60.43,59.7,59.9,1065766
2012-10-23,59.61,59.85,59.35,59.7,1366060
2012-10-24,59.89,59.89,59.5,59.57,1141891
2012-10-25,59.69,60.0099983,59.56,60.0099983,1276669
2012-10-26,60.09,60.16,59.71,59.97,1113573
2012-10-31,59.67,60.56,59.0099983,60.38,1514247
2012-11-01,60.44,60.47,59.5,59.73,1384491
2012-11-02,59.98,60.060001,59.099998,59.2,1045330
2012-11-05,59.099998,59.17,57.77,58.0,3105453
2012-11-06,58.11,58.71,57.68,57.76,2114992
2012-11-07,57.48,57.54,55.8,56.26,3708539
2012-11-08,56.37,57.44,56.37,56.42,2164594
2012-11-09,55.91,56.15,55.53,55.74,2030759
2012-11-12,55.52,55.75,54.87,55.12,1902357
2012-11-13,54.86,55.71,54.86,55.19,1691128
2012-11-14,55.28,55.4,54.86,55.23,1900882
2012-11-15,55.21,55.5,54.2,54.43,2821250
2012-11-16,54.36,54.99,54.36,54.98,2109607
2012-11-19,55.18,55.27,54.44,54.75,1479406
2012-11-20,54.8,54.8,54.17,54.43,1152202
2012-11-21,54.45,54.55,53.63,54.21,1640410
2012-11-23,54.27,54.28,53.68,54.099998,764692
2012-11-26,54.0,55.22,53.98,54.88,2268846
2012-11-27,54.97,55.26,54.68,54.84,1482267
2012-11-28,54.8,55.44,54.5,55.37,1831977
2012-11-29,55.46,55.48,55.0,55.44,1087867
2012-11-30,55.45,55.79,55.2,55.79,2119186
2012-12-03,55.8,55.8,54.98,55.27,1399011
2012-12-04,55.28,55.5,55.2,55.36,1826055
2012-12-05,55.36,56.32,55.29,56.080002,1703196
2012-12-06,56.07,56.35,55.82,56.11,1689459
2012-12-07,56.099998,56.3,55.76,56.029999,1581196
2012-12-10,56.0099983,56.23,55.89,56.07,1079879
2012-12-11,56.22,56.84,56.080002,56.36,1802489
2012-12-12,56.41,56.81,56.26,56.34,2241205
2012-12-13,56.25,56.4,55.76,55.96,1205460
2012-12-14,55.78,56.14,55.61,56.12,1761156
2012-12-17,56.42,57.0099983,56.25,56.98,2701388
2012-12-18,56.98,57.55,56.89,57.19,2088147
2012-12-19,57.14,57.18,56.32,56.4,1650750
2012-12-20,56.45,56.55,56.13,56.44,1434762
2012-12-21,56.18,56.41,55.68,56.049999,4522653
2012-12-24,56.0099983,56.11,55.56,55.97,756311
2012-12-26,56.049999,56.19,55.42,55.46,947367
2012-12-27,55.35,55.58,54.93,55.42,1355498
2012-12-28,55.2,55.55,54.91,54.93,1645203
2012-12-31,54.8,55.59,54.51,55.54,1942326
2013-01-02,56.2,56.64,56.15,56.59,1789622
2013-01-03,56.57,56.85,56.45,56.58,1358640
2013-01-04,56.69,56.94,56.58,56.9,1520704
2013-01-07,56.75,56.86,56.3,56.35,1310481
2013-01-08,56.23,56.38,55.82,56.029999,2091945
2013-01-09,56.17,56.17,55.79,56.11,1757035
2013-01-10,56.32,56.41,55.87,56.09,1928873
2013-01-11,56.21,56.25,55.72,55.91,1531565
2013-01-14,56.0,56.060001,55.71,55.74,1389787
2013-01-15,55.16,55.41,54.95,55.34,3054370
2013-01-16,55.46,55.76,55.19,55.31,1802883
2013-01-17,55.54,55.57,55.24,55.28,1485049
2013-01-18,55.24,55.78,55.17,55.78,2388049
2013-01-22,55.74,56.09,55.6,56.029999,1544196
2013-01-23,56.07,56.080002,55.67,56.02,1656162
2013-01-24,56.12,56.47,55.97,56.34,1691132
2013-01-25,56.33,56.56,56.02,56.51,1734755
2013-01-28,56.39,56.53,56.0,56.47,1504917
2013-01-29,56.37,57.060001,56.31,56.96,1359237
2013-01-30,57.040001,57.040001,56.65,56.78,965225
2013-01-31,56.71,57.040001,56.65,56.88,1419480
2013-02-01,57.11,57.11,56.66,57.049999,1846429
2013-02-04,56.85,57.02,56.8,56.86,1327777
2013-02-05,57.0,57.23,56.7,56.74,1613915
2013-02-06,56.68,56.91,56.44,56.83,1445873
2013-02-07,56.94,57.29,56.71,57.09,1817111
2013-02-08,57.12,57.2,56.86,57.15,1483500
2013-02-11,56.56,56.75,56.49,56.59,845513
2013-02-12,56.72,56.72,56.29,56.56,1568307
2013-02-13,56.58,56.79,56.47,56.62,1193577
2013-02-14,56.46,56.76,56.26,56.36,1558789
2013-02-15,56.5,56.73,56.3,56.58,1701578
2013-02-19,56.65,57.099998,56.6,57.0,1299039
2013-02-20,57.0,57.59,56.9,57.19,1365264
2013-02-21,57.049999,57.46,57.049999,57.4,1707015
2013-02-22,57.55,58.49,57.51,58.48,2490956
2013-02-25,58.59,58.99,57.92,57.94,2322267
2013-02-26,58.21,58.72,58.080002,58.22,1697382
2013-02-27,58.18,58.72,58.17,58.57,1205421
2013-02-28,58.66,59.2,58.51,59.0,1682588
2013-03-01,58.95,59.040001,58.55,59.02,1341632
2013-03-04,58.99,59.47,58.8,59.4,1353950
2013-03-05,59.5,59.9,59.41,59.58,1473217
2013-03-06,59.58,59.79,59.25,59.25,1389484
2013-03-07,59.3,59.54,58.98,58.98,1189389
2013-03-08,59.029999,59.099998,58.33,58.95,1264610
2013-03-11,58.92,59.060001,58.75,59.049999,888738
2013-03-12,59.080002,59.13,58.62,58.87,1165551
2013-03-13,58.88,59.0,58.7,58.77,1058077
2013-03-14,58.79,58.83,58.51,58.8,1443069
2013-03-15,58.73,59.17,58.6,59.17,2845829
2013-03-18,58.77,59.040001,58.62,58.67,1200269
2013-03-19,58.78,59.029999,58.6,58.96,1019169
2013-03-20,59.15,59.25,58.93,59.16,822292
2013-03-21,59.029999,59.16,58.78,58.91,1009668
2013-03-22,58.92,59.34,58.85,59.09,899026
2013-03-25,59.24,59.48,58.85,59.099998,1470611
2013-03-26,59.28,59.7,59.2,59.66,1171312
2013-03-27,59.46,60.18,59.25,60.11,1537236
2013-03-28,60.21,61.13,60.049999,61.029999,2159283
2013-04-01,60.93,61.0,60.63,60.71,1182754
2013-04-02,60.76,61.22,60.44,60.51,1687077
2013-04-03,60.53,60.94,60.52,60.68,1443253
2013-04-04,60.77,61.28,60.7,61.23,1325721
2013-04-05,60.91,61.33,60.86,61.31,1023939
2013-04-08,61.2,61.48,60.91,61.48,1028919
2013-04-09,61.45,61.77,61.15,61.49,1652261
2013-04-10,61.41,61.86,61.41,61.77,1298015
2013-04-11,61.8,61.97,61.61,61.73,1044056
2013-04-12,61.64,62.12,61.58,61.91,1317493
2013-04-15,61.84,62.12,61.27,61.27,1402791
2013-04-16,61.39,61.64,60.85,61.53,1316381
2013-04-17,61.38,61.56,61.02,61.34,1567850
2013-04-18,61.58,61.75,61.14,61.44,1457481
2013-04-19,61.63,62.55,61.54,62.48,1429528
2013-04-22,62.45,62.6,62.12,62.37,957825
2013-04-23,62.46,62.58,61.99,62.5,1001941
2013-04-24,62.61,63.0,62.21,62.77,1077173
2013-04-25,62.82,63.049999,62.56,62.99,1180901
2013-04-26,62.9,63.23,62.77,62.84,919541
2013-04-29,63.040001,63.81,62.88,63.63,1051323
2013-04-30,63.5,63.65,63.32,63.65,1174991
2013-05-01,63.61,64.029999,63.26,63.32,1202855
2013-05-02,63.32,63.69,63.0099983,63.63,1579280
2013-05-03,63.82,63.95,63.02,63.66,2069637
2013-05-06,63.53,63.67,62.7,62.72,2116478
2013-05-07,62.92,63.2,62.7,63.060001,1977801
2013-05-08,62.92,63.16,62.19,62.28,1310159
2013-05-09,62.32,62.48,61.25,61.45,4391963
2013-05-10,61.46,61.58,61.13,61.57,4312217
2013-05-13,60.75,60.87,60.35,60.44,1582410
2013-05-14,60.35,60.82,60.21,60.47,1954593
2013-05-15,60.37,61.25,60.31,60.69,1738279
2013-05-16,60.56,60.68,60.080002,60.16,1425202
2013-05-17,60.13,60.8,60.13,60.79,1767583
2013-05-20,60.79,61.060001,60.52,60.9,1317014
2013-05-21,60.94,61.19,60.44,60.87,1241470
2013-05-22,60.78,61.16,59.48,59.61,2024782
2013-05-23,59.38,59.44,58.35,59.0099983,1982679
2013-05-24,58.77,58.97,58.37,58.66,1389592
2013-05-28,58.67,58.88,58.31,58.56,2261151
2013-05-29,58.28,58.38,56.85,57.74,2907421
2013-05-30,57.92,58.48,57.51,57.68,2489059
2013-05-31,57.53,58.2,57.07,57.07,2352302
2013-06-03,57.0099983,57.33,55.83,56.98,3717128
2013-06-04,56.95,57.049999,56.23,56.49,2306873
2013-06-05,56.35,57.19,56.0,56.99,3124604
2013-06-06,56.98,57.73,56.56,57.33,2293658
2013-06-07,57.41,57.75,56.88,57.43,1434030
2013-06-10,57.5,57.7,57.13,57.4,1211779
2013-06-11,57.12,57.65,57.0099983,57.15,1255536
2013-06-12,57.33,57.51,56.59,56.77,1409681
2013-06-13,56.76,57.58,56.5,57.56,2035197
2013-06-14,57.85,58.12,57.55,57.82,2058573
2013-06-17,58.26,58.7,58.24,58.57,2537390
2013-06-18,58.49,58.95,58.13,58.95,1984035
2013-06-19,58.81,58.95,57.27,57.28,1736811
2013-06-20,57.0,57.17,55.7,55.78,2501279
2013-06-21,56.23,56.84,55.6,56.39,3251936
2013-06-24,55.98,56.66,55.42,56.29,2418157
2013-06-25,56.5,57.25,56.15,57.029999,1726206
2013-06-26,57.47,58.21,57.4,58.11,1947919
2013-06-27,58.25,58.72,57.9,58.040001,1796412
2013-06-28,57.81,58.41,57.53,58.31,5117351
2013-07-01,58.52,58.68,57.35,57.51,1699682
2013-07-02,57.43,57.97,57.32,57.56,1533104
2013-07-03,57.42,57.59,57.18,57.46,725539
2013-07-05,57.46,57.46,56.56,57.16,1236256
2013-07-08,57.42,57.74,57.16,57.73,1938330
2013-07-09,57.87,58.029999,57.58,57.88,1633321
2013-07-10,57.87,58.11,57.29,57.88,1653484
2013-07-11,58.3,58.82,58.3,58.81,1583446
2013-07-12,58.76,59.28,58.36,59.2,1764656
2013-07-15,59.07,60.13,59.0099983,60.049999,1592350
2013-07-16,60.049999,60.14,59.45,59.74,1336412
2013-07-17,60.080002,60.24,59.54,59.77,1266959
2013-07-18,59.87,60.39,59.81,60.12,1625035
2013-07-19,60.28,60.6,60.07,60.48,2358088
2013-07-22,60.18,60.44,59.98,60.13,1409583
2013-07-23,60.16,60.58,59.97,60.4,1152951
2013-07-24,60.35,60.49,59.43,59.63,1031309
2013-07-25,59.55,59.84,59.14,59.42,1843723
2013-07-26,59.28,59.95,59.049999,59.93,1165091
2013-07-29,59.76,60.47,59.58,60.27,1434817
2013-07-30,60.5,60.71,60.09,60.3,1077807
2013-07-31,60.24,60.44,59.63,59.9,1573856
2013-08-01,60.14,60.46,59.82,60.33,1333832
2013-08-02,60.47,60.66,59.69,60.37,1408593
2013-08-05,60.19,60.27,59.9,60.029999,940402
2013-08-06,60.080002,60.099998,59.64,59.8,1194790
2013-08-07,59.55,60.6,59.5,60.54,1368615
2013-08-08,60.58,60.85,60.31,60.59,5873648
2013-08-09,60.5,60.76,60.25,60.3,4529140
2013-08-12,59.51,59.69,58.93,59.28,1800744
2013-08-13,59.26,59.28,58.63,58.71,1597952
2013-08-14,58.61,58.69,57.93,58.24,1273451
2013-08-15,58.0,58.26,57.23,57.39,1765150
2013-08-16,57.22,57.47,56.41,56.64,2017443
2013-08-19,56.61,56.77,55.98,56.099998,1374003
2013-08-20,56.099998,57.060001,56.099998,56.42,1463061
2013-08-21,56.3,56.34,55.64,55.73,1229028
2013-08-22,55.86,56.31,55.66,56.049999,3118780
2013-08-23,56.14,56.83,56.0,56.59,2177126
2013-08-26,56.55,56.76,56.2,56.2,1970868
2013-08-27,55.88,56.65,55.8,56.31,1735335
2013-08-28,56.18,56.63,56.02,56.44,1445553
2013-08-29,56.25,56.47,56.02,56.2,1069333
2013-08-30,56.22,56.46,55.87,56.23,1441316
2013-09-03,56.51,56.62,55.38,55.5,1506197
2013-09-04,55.66,55.81,55.13,55.59,1614909
2013-09-05,55.55,55.73,55.15,55.15,1621794
2013-09-06,55.44,56.17,55.44,55.59,2581290
2013-09-09,55.59,55.93,55.44,55.83,1232707
2013-09-10,55.95,56.060001,55.62,55.9,2190450
2013-09-11,55.54,55.67,54.73,55.0,2877223
2013-09-12,55.0099983,55.25,54.51,54.63,1977530
2013-09-13,54.73,55.14,54.62,54.88,1377463
2013-09-16,55.66,55.87,55.0,55.11,2229705
2013-09-17,55.31,55.49,55.11,55.28,1404201
2013-09-18,55.52,57.28,55.16,56.99,2683640
2013-09-19,57.07,57.33,56.41,56.58,1404422
2013-09-20,56.56,56.67,55.68,55.97,3072491
2013-09-23,55.84,56.73,55.54,56.4,1464202
2013-09-24,56.23,56.45,56.02,56.26,1519238
2013-09-25,56.21,56.38,55.76,55.78,1069629
2013-09-26,55.75,56.0,55.33,55.64,1348875
2013-09-27,55.47,55.7,55.029999,55.15,1086572
2013-09-30,55.0,55.37,54.82,55.14,1854618
2013-10-01,55.18,55.43,54.94,55.17,1194836
2013-10-02,55.080002,55.27,54.73,55.2,1553854
2013-10-03,54.99,55.0,54.38,54.63,2152440
2013-10-04,54.62,54.77,54.38,54.51,1642591
2013-10-07,54.32,55.25,54.32,54.79,1959664
2013-10-08,55.02,55.98,54.95,55.42,3271357
2013-10-09,55.5,56.52,55.42,55.83,2633641
2013-10-10,55.95,56.25,54.91,56.16,2884424
2013-10-11,56.17,56.3,55.9,56.26,1934853
2013-10-14,56.0,56.17,55.3,55.96,1960132
2013-10-15,55.79,55.96,55.27,55.31,1651255
2013-10-16,55.56,55.86,55.25,55.85,2246125
2013-10-17,55.67,56.8,55.36,56.75,1696350
2013-10-18,56.92,57.060001,56.54,56.86,3309134
2013-10-21,56.64,56.91,56.34,56.65,1691102
2013-10-22,56.7,58.13,56.7,57.86,3018489
2013-10-23,58.19,59.24,58.0,58.35,3041142
2013-10-24,58.57,58.69,57.91,58.22,1339869
2013-10-25,58.15,58.59,57.77,58.59,1367818
2013-10-28,58.44,58.8,58.23,58.42,6995500
2013-10-29,58.42,58.63,58.13,58.46,1437572
2013-10-30,58.42,58.88,58.15,58.17,1250915
2013-10-31,58.23,58.43,57.41,58.22,1988246
2013-11-01,58.43,58.66,58.12,58.41,1282991
2013-11-04,58.66,58.75,58.12,58.64,1681259
2013-11-05,58.49,59.2,58.33,58.35,2113136
2013-11-06,58.57,58.83,58.41,58.82,2308762
2013-11-07,58.89,59.13,58.34,58.55,7001795
2013-11-08,57.62,57.63,56.23,57.27,3434254
2013-11-11,57.25,57.38,56.85,57.15,1604977
2013-11-12,56.95,57.099998,56.36,56.83,1673236
2013-11-13,56.56,57.16,56.31,57.13,1735983
2013-11-14,57.27,57.85,57.14,57.55,1282344
2013-11-15,57.56,58.2,57.41,58.07,2188177
2013-11-18,58.0,58.28,57.83,58.22,1616409
2013-11-19,58.080002,58.24,57.52,57.84,1328577
2013-11-20,57.44,57.72,56.83,56.94,2447101
2013-11-21,56.69,56.74,56.049999,56.24,3242502
2013-11-22,56.11,56.4,55.89,55.92,2018878
2013-11-25,56.0099983,56.27,55.8,55.86,1792440
2013-11-26,55.8,55.8,55.11,55.18,2606256
2013-11-27,55.15,55.3,55.0,55.19,1296655
2013-11-29,55.2,55.62,55.14,55.21,827439
2013-12-02,55.21,55.42,54.7,55.080002,1688006
2013-12-03,55.080002,55.36,54.81,55.3,1421066
2013-12-04,55.0099983,55.6,54.76,55.55,1706921
2013-12-05,55.36,55.58,54.83,54.96,1783033
2013-12-06,55.19,55.87,55.12,55.85,1549625
2013-12-09,55.75,55.85,54.99,55.56,2057251
2013-12-10,55.41,55.55,54.81,54.84,1855426
2013-12-11,54.82,54.97,54.43,54.46,1770924
2013-12-12,54.53,54.9,54.33,54.4,2058943
2013-12-13,54.47,54.7,54.17,54.33,1293320
2013-12-16,54.82,54.98,54.29,54.59,2076215
2013-12-17,54.59,55.13,54.54,54.76,2770252
2013-12-18,54.73,55.5,54.28,55.41,2207190
2013-12-19,55.22,55.22,54.51,54.85,1439135
2013-12-20,54.92,55.45,54.7,54.77,3893340
2013-12-23,54.98,55.15,54.61,54.77,2318239
2013-12-24,54.84,55.56,54.68,55.23,1298802
2013-12-26,55.19,55.34,54.78,54.99,1446380
2013-12-27,55.0,55.37,54.85,55.049999,1048813
2013-12-30,55.099998,55.34,55.02,55.23,1163122
2013-12-31,55.16,55.6,55.0,55.28,2072210
2014-01-02,55.15,55.15,53.9,53.96,3337195
2014-01-03,53.58,53.79,52.85,53.45,3774243
2014-01-06,53.4,53.54,53.11,53.37,2207939
2014-01-07,53.35,54.040001,53.19,53.95,3040767
2014-01-08,54.0,54.02,53.3,53.41,2233785
2014-01-09,53.41,53.78,53.13,53.58,2035933
2014-01-10,53.9,54.76,53.82,54.33,1909152
2014-01-13,54.2,54.33,53.77,53.92,1595890
2014-01-14,53.88,54.11,53.71,53.78,1352886
2014-01-15,53.88,54.099998,53.73,53.83,1477321
2014-01-16,53.82,53.94,53.54,53.94,1829123
2014-01-17,54.21,54.22,53.88,53.96,2127901
2014-01-21,54.0,54.4,54.0,54.39,2159907
2014-01-22,54.43,54.62,54.09,54.16,1733852
2014-01-23,53.97,54.15,53.69,53.94,2407504
2014-01-24,53.84,54.45,53.6,53.65,2624938
2014-01-27,53.97,53.97,53.35,53.41,2905765
2014-01-28,53.5,53.6,53.099998,53.13,2444367
2014-01-29,53.080002,53.51,53.0099983,53.25,2292591
2014-01-30,53.57,53.99,53.34,53.9,1504921
2014-01-31,53.48,54.5,53.39,54.41,3262379
2014-02-03,54.45,55.22,53.62,53.74,3375377
2014-02-04,53.8,53.95,53.25,53.59,2278134
2014-02-05,53.42,53.59,53.25,53.39,2475329
2014-02-06,53.47,53.9,53.4,53.8,1390902
2014-02-07,54.0099983,54.2,53.69,54.02,2364920
2014-02-10,53.27,53.73,53.0,53.7,1935648
2014-02-11,53.7,54.58,53.65,54.43,1954585
2014-02-12,54.23,54.3,53.81,54.0099983,2183327
2014-02-13,54.0099983,54.52,53.98,54.52,1352138
2014-02-14,54.5,55.16,54.35,55.16,1695931
2014-02-18,55.4,55.6,55.19,55.27,1755305
2014-02-19,55.11,55.49,54.69,54.74,1254717
2014-02-20,54.79,55.38,54.68,55.3,1859368
2014-02-21,55.35,56.68,55.29,55.29,5280673
2014-02-24,55.86,56.59,55.68,55.75,3135838
2014-02-25,56.46,56.46,56.02,56.11,2549661
2014-02-26,56.07,56.28,55.59,55.7,1850927
2014-02-27,55.7,55.99,55.4,55.57,2101863
2014-02-28,55.75,56.27,55.72,56.049999,1551351
2014-03-03,55.74,55.99,55.42,55.46,1868991
2014-03-04,55.84,56.0,55.48,55.66,1813656
2014-03-05,55.6,55.73,55.2,55.28,1456846
2014-03-06,55.68,55.85,55.25,55.29,2055208
2014-03-07,55.22,55.45,54.81,55.44,2094529
2014-03-10,55.42,55.52,55.09,55.48,1462578
2014-03-11,55.51,55.53,55.12,55.12,1107469
2014-03-12,55.09,55.35,54.18,54.62,6746892
2014-03-13,54.0099983,54.55,53.12,53.69,6837826
2014-03-14,53.66,54.79,53.65,54.66,3612072
2014-03-17,54.7,55.14,54.16,55.049999,2853984
2014-03-18,55.060001,55.14,54.37,54.41,2269810
2014-03-19,54.33,54.36,52.53,52.68,5441775
2014-03-20,52.66,52.79,52.23,52.78,2723437
2014-03-21,53.21,53.35,52.43,52.46,3983395
2014-03-24,52.52,52.94,52.43,52.67,1998983
2014-03-25,52.78,53.15,52.55,53.040001,2523958
2014-03-26,53.18,53.43,53.029999,53.15,2098529
2014-03-27,53.0099983,53.65,53.0099983,53.63,2119016
2014-03-28,53.62,53.73,53.029999,53.17,2178331
2014-03-31,53.43,53.78,53.15,53.65,2414531
2014-04-01,53.57,53.61,52.87,53.11,2421278
2014-04-02,53.47,53.65,52.9,53.58,2359803
2014-04-03,53.69,54.080002,53.56,53.66,2754653
2014-04-04,53.75,54.72,53.75,54.36,2977222
2014-04-07,54.36,55.42,54.36,54.75,3089945
2014-04-08,54.82,55.59,54.41,55.55,3385692
2014-04-09,55.5,55.61,54.6,55.26,2790093
2014-04-10,55.41,55.82,55.12,55.4,2329350
2014-04-11,55.41,55.8,55.28,55.6,2113111
2014-04-14,55.74,55.97,55.36,55.86,1864598
2014-04-15,55.89,57.32,55.89,57.19,3953561
2014-04-16,57.28,57.6,56.81,57.59,2593145
2014-04-17,57.48,57.6,56.32,56.5,2691654
2014-04-21,56.55,57.15,56.47,56.85,2045551
2014-04-22,56.76,56.93,56.5,56.85,1720121
2014-04-23,56.96,57.33,56.64,56.67,1585402
2014-04-24,56.74,57.12,56.24,56.96,1373769
2014-04-25,56.96,57.76,56.5,57.74,1979199
2014-04-28,57.65,58.28,57.53,58.26,2233735
2014-04-29,58.37,58.57,57.88,58.0099983,2335531
2014-04-30,58.07,58.48,58.0,58.029999,1691027
2014-05-01,58.099998,58.37,57.65,58.080002,2488340
2014-05-02,57.6,57.97,56.35,56.82,2715755
2014-05-05,56.8,57.23,56.55,57.029999,2177438
2014-05-06,57.040001,57.45,56.99,57.029999,1672590
2014-05-07,57.16,57.89,57.13,57.8,1909446
2014-05-08,58.29,58.33,57.12,57.41,4341335
2014-05-09,57.68,57.99,56.11,56.2,4227915
2014-05-12,55.59,55.76,54.7,54.91,4281313
2014-05-13,55.13,55.34,54.45,54.87,2468222
2014-05-14,55.0,55.59,54.81,55.25,2006078
2014-05-15,55.22,55.57,54.76,54.96,2820079
2014-05-16,55.0,55.19,54.66,55.18,2436398
2014-05-19,55.11,55.16,54.13,54.3,2991599
2014-05-20,54.3,54.64,53.61,54.080002,3156907
2014-05-21,54.19,54.26,53.69,53.86,1822978
2014-05-22,53.94,54.31,53.89,54.17,1383270
2014-05-23,54.2,54.5,54.049999,54.13,1440255
2014-05-27,54.45,54.67,54.2,54.4,1571929
2014-05-28,54.5,54.63,54.3,54.52,1826793
2014-05-29,54.69,54.75,54.3,54.65,1639758
2014-05-30,54.65,55.049999,54.54,55.0099983,1992356
2014-06-02,55.0,55.22,54.81,55.0,1468860
2014-06-03,54.97,55.19,54.84,55.0,1437930
2014-06-04,54.91,55.24,54.66,55.22,1824620
2014-06-05,55.15,55.76,54.98,55.73,1776916
2014-06-06,55.67,55.81,55.16,55.23,1609972
2014-06-09,55.14,55.27,54.74,54.9,1732137
2014-06-10,54.79,55.35,54.79,55.09,1819556
2014-06-11,55.049999,55.14,54.59,54.7,1610881
2014-06-12,54.65,55.11,54.12,54.99,1754735
2014-06-13,54.86,55.34,54.67,55.22,1376555
2014-06-16,55.37,56.0099983,55.25,55.59,2596933
2014-06-17,55.56,55.65,55.2,55.52,1655728
2014-06-18,55.54,56.5,55.36,56.48,2737187
2014-06-19,56.49,57.099998,56.46,56.97,2678301
2014-06-20,57.12,57.2,56.7,56.74,2726571
2014-06-23,56.85,57.040001,56.36,56.66,1407724
2014-06-24,56.62,56.88,56.54,56.68,1580268
2014-06-25,56.65,57.07,56.56,57.040001,1607391
2014-06-26,56.89,57.29,56.75,57.28,1633448
2014-06-27,57.13,57.7,56.9,57.55,2058584
2014-06-30,57.5,57.84,57.26,57.74,1977364
2014-07-01,57.75,57.76,56.85,57.09,2325984
2014-07-02,57.02,57.11,55.66,56.02,4122790
2014-07-03,55.63,56.0,55.28,56.0,2182758
2014-07-07,56.0,56.93,55.99,56.41,3093299
2014-07-08,56.28,56.95,56.28,56.6,2628807
2014-07-09,56.64,56.74,56.060001,56.4,1721689
2014-07-10,56.43,56.83,56.29,56.61,1400648
2014-07-11,56.61,56.68,56.09,56.17,1187669
2014-07-14,56.27,56.5,55.88,55.94,1823741
2014-07-15,55.94,56.41,55.91,56.38,1394269
2014-07-16,56.5,56.7,56.17,56.67,1134514
2014-07-17,56.52,56.72,56.31,56.31,1653806
2014-07-18,56.49,56.97,56.15,56.92,1788105
2014-07-21,56.88,57.35,56.79,57.19,1669752
2014-07-22,57.2,57.46,57.15,57.37,1161589
2014-07-23,57.34,57.4,57.07,57.25,1114777
2014-07-24,57.25,57.43,57.02,57.31,843814
2014-07-25,57.25,57.43,56.9,56.98,843881
2014-07-28,57.02,57.79,56.94,57.7,1663670
2014-07-29,57.69,57.85,57.27,57.6,1722583
2014-07-30,57.55,57.57,56.52,56.79,1924290
2014-07-31,56.5,56.78,56.0099983,56.09,2979293
2014-08-01,55.92,56.68,55.89,56.09,1851633
2014-08-04,56.18,56.18,54.75,55.73,3455744
2014-08-05,55.49,55.82,55.029999,55.23,1906761
2014-08-06,55.09,55.14,54.58,54.76,4968625
2014-08-07,55.060001,55.58,55.029999,55.34,2750539
2014-08-08,55.79,56.97,55.64,56.9,3476477
2014-08-11,56.28,56.58,56.0,56.029999,2169787
2014-08-12,56.029999,56.33,55.91,56.099998,1294204
2014-08-13,56.21,56.56,56.0,56.37,1261365
2014-08-14,56.44,56.69,56.38,56.58,2270812
2014-08-15,56.72,57.19,56.65,56.96,1797292
2014-08-18,57.15,57.24,56.77,56.85,1216623
2014-08-19,56.88,57.43,56.74,57.38,1515645
2014-08-20,57.49,57.53,57.099998,57.51,1391643
2014-08-21,57.65,57.83,57.46,57.58,1529384
2014-08-22,57.57,57.68,56.83,57.18,1741033
2014-08-25,57.29,57.58,57.13,57.43,1257192
2014-08-26,57.35,57.53,56.64,56.69,1512354
2014-08-27,56.93,57.15,56.76,57.14,1235666
2014-08-28,56.98,57.74,56.89,57.73,1492758
2014-08-29,57.58,57.9,57.45,57.89,1648369
2014-09-02,57.88,58.07,56.92,57.16,1764393
2014-09-03,57.51,57.91,57.22,57.74,1755884
2014-09-04,57.52,57.75,57.12,57.61,1678290
2014-09-05,57.58,58.12,57.42,58.12,2352226
2014-09-08,58.02,58.099998,57.28,57.6,1597641
2014-09-09,57.43,57.56,56.83,56.93,2066798
2014-09-10,56.94,57.040001,56.58,56.83,1537036
2014-09-11,56.89,57.35,56.68,57.28,933514
2014-09-12,57.049999,57.19,56.28,56.43,1803557
2014-09-15,56.71,56.91,56.35,56.54,1517464
2014-09-16,56.7,57.38,56.7,57.24,1579847
2014-09-17,57.26,57.37,56.71,57.02,1753070
2014-09-18,57.0099983,57.22,56.48,56.63,1305048
2014-09-19,56.87,57.24,56.7,57.13,1715277
2014-09-22,56.91,57.19,56.64,56.87,1603651
2014-09-23,56.78,57.09,56.6,56.75,1359230
2014-09-24,56.81,56.88,56.25,56.53,1136918
2014-09-25,56.39,56.64,56.15,56.15,1531963
2014-09-26,56.16,56.52,55.8,56.35,1013851
2014-09-29,56.28,56.58,56.049999,56.53,1356480
2014-09-30,56.65,57.09,56.3,56.66,1977506
2014-10-01,56.87,57.35,56.77,56.94,2245342
2014-10-02,56.98,57.3,56.76,56.8,1355432
2014-10-03,56.82,57.17,56.4,57.029999,1180507
2014-10-06,57.2,57.43,56.93,57.2,1363717
2014-10-07,57.060001,57.59,56.92,57.14,2012195
2014-10-08,57.19,58.81,57.17,58.77,4043537
2014-10-09,58.72,59.23,58.14,58.2,3741572
2014-10-10,58.51,59.39,58.51,59.13,3468445
2014-10-13,59.15,60.43,59.099998,59.82,5276851
2014-10-14,60.080002,62.13,59.88,61.57,6853471
2014-10-15,61.45,62.099998,60.02,61.46,5170128
2014-10-16,60.67,61.35,60.26,60.92,4188171
2014-10-17,61.34,61.34,59.8,60.7,3856076
2014-10-20,60.75,61.52,60.74,61.46,2701790
2014-10-21,61.02,61.23,60.72,61.07,3477963
2014-10-22,61.0,61.95,60.93,61.9,3705226
2014-10-23,62.060001,62.37,61.56,62.0099983,2311206
2014-10-24,62.099998,62.57,61.89,62.5,1480843
2014-10-27,62.5,63.0,62.37,62.69,2111549
2014-10-28,62.78,62.89,62.18,62.88,1770316
2014-10-29,62.85,62.99,61.68,62.28,2723260
2014-10-30,62.45,63.56,62.37,63.54,2803237
2014-10-31,63.94,64.0,63.0,63.36,2521079
2014-11-03,63.33,63.75,63.2,63.6,1892513
2014-11-04,63.69,64.0,63.21,63.38,1572345
2014-11-05,63.69,64.73,63.54,64.64,3655249
2014-11-06,64.54,64.54,63.099998,63.25,4114045
2014-11-07,62.65,63.64,62.61,63.57,2726534
2014-11-10,63.39,63.93,63.27,63.47,2361765
2014-11-11,63.48,63.88,63.25,63.46,1721231
2014-11-12,62.96,63.09,62.060001,62.25,3081442
2014-11-13,62.049999,62.74,61.81,62.0,3369403
2014-11-14,62.12,62.41,61.8,62.029999,1557449
2014-11-17,61.93,62.73,61.58,62.54,2383589
2014-11-18,62.84,63.26,62.44,63.029999,2166792
2014-11-19,62.43,62.65,62.029999,62.34,2272147
2014-11-20,62.31,62.65,61.92,62.12,1843211
2014-11-21,62.46,62.47,61.72,62.37,2617968
2014-11-24,62.25,62.46,61.8,61.89,2188102
2014-11-25,62.18,62.22,61.45,61.65,2565805
2014-11-26,61.97,62.53,61.87,62.33,1419454
2014-11-28,62.53,63.33,62.36,63.15,1113803
2014-12-01,62.93,64.54,62.62,63.83,2896667
2014-12-02,63.82,64.25,63.47,64.18,2438362
2014-12-03,64.16,64.19,63.59,63.93,2341509
2014-12-04,64.010002,64.34,63.63,64.07,1638234
2014-12-05,63.59,63.96,62.88,63.26,2250487
2014-12-08,63.26,64.11,63.17,63.91,1512218
2014-12-09,63.72,64.2,63.5,64.050003,1776130
2014-12-10,63.98,64.48,63.39,63.42,1392071
2014-12-11,63.43,64.59,63.43,64.43,1796761
2014-12-12,64.18,64.98,64.040001,64.11,1989228
2014-12-15,64.4,64.4,63.59,64.050003,2663346
2014-12-16,64.12,65.050003,63.63,64.14,2767659
2014-12-17,64.0,64.81,63.72,64.78,3116531
2014-12-18,64.8,65.56,64.55,65.56,2653404
2014-12-19,65.64,66.059998,65.27,65.69,3543436
2014-12-22,66.050003,66.26,65.39,65.94,1639211
2014-12-23,65.99,66.29,65.79,66.010002,1591963
2014-12-24,66.050003,67.12,66.029999,66.91,1236742
2014-12-26,67.080002,68.15,66.92,67.76,2086829
2014-12-29,67.67,68.92,67.67,68.5,2462271
2014-12-30,68.4,68.4,66.77,66.91,1915994
2014-12-31,67.080002,67.42,65.95,66.010002,2064628
2015-01-02,66.099998,66.48,65.48,66.34,1691318
2015-01-05,66.24,66.46,65.36,65.71,2464999
2015-01-06,65.75,67.040001,65.68,66.080002,3203639
2015-01-07,66.27,67.34,65.74,67.059998,2173522
2015-01-08,67.26,67.77,67.07,67.48,2030596
2015-01-09,67.61,67.65,66.65,67.13,1355282
2015-01-12,67.28,67.38,66.45,66.9,1428262
2015-01-13,66.81,67.77,66.32,66.77,2535554
2015-01-14,66.35,67.54,66.2,67.49,2381585
2015-01-15,67.59,68.54,67.28,68.37,1801053
2015-01-16,68.6,69.15,68.52,69.099998,1920586
2015-01-20,69.25,70.050003,69.14,69.99,2598303
2015-01-21,69.86,70.61,69.38,70.45,2250002
2015-01-22,70.66,70.95,69.73,70.050003,1990772
2015-01-23,70.3,70.67,70.12,70.37,1412241
2015-01-26,70.36,70.43,69.65,70.41,1444905
2015-01-27,70.38,71.16,70.27,70.88,1746528
2015-01-28,70.93,72.25,70.64,70.85,2404243
2015-01-29,70.79,71.54,70.15,71.4,2101485
2015-01-30,71.15,71.23,69.22,69.28,5384935
2015-02-02,69.28,69.69,68.25,69.46,2680847
2015-02-03,69.31,69.48,68.65,68.99,3078216
2015-02-04,68.84,69.27,68.080002,68.23,2353280
2015-02-05,68.62,68.91,67.95,68.81,1489347
2015-02-06,68.45,68.58,66.55,66.77,4040767
2015-02-09,66.77,67.17,65.83,66.040001,2852648
2015-02-10,65.93,67.15,65.92,67.0,2342048
2015-02-11,66.63,66.7,65.61,65.94,2989374
2015-02-12,66.010002,66.16,65.36,65.61,3100053
2015-02-13,64.95,65.040001,63.35,63.92,3403300
2015-02-17,63.72,64.76,63.2,63.82,3654769
2015-02-18,64.15,65.56,63.81,65.41,2326758
2015-02-19,65.45,65.6,64.37,64.8,2532865
2015-02-20,64.16,64.79,62.37,63.75,5134739
2015-02-23,64.059998,64.29,63.49,64.27,2700839
2015-02-24,64.36,66.0,64.31,65.26,3250874
2015-02-25,65.36,65.37,63.7,63.79,1979264
2015-02-26,63.81,64.099998,63.0,63.060001,1833592
2015-02-27,63.09,63.43,62.79,63.14,1634884
2015-03-02,63.060001,63.07,61.51,61.82,2562079
2015-03-03,61.83,62.32,61.32,62.17,1754675
2015-03-04,62.12,62.12,61.69,61.87,1261126
2015-03-05,62.09,62.49,61.81,62.32,1185228
2015-03-06,61.39,61.39,59.67,59.98,3635751
2015-03-09,60.0,60.63,60.0,60.42,1578505
2015-03-10,60.35,61.060001,60.07,60.080002,2520394
2015-03-11,60.24,60.31,59.51,59.72,2007652
2015-03-12,60.0,61.66,60.0,61.4,2768417
2015-03-13,61.38,61.38,60.27,60.84,2289270
2015-03-16,61.27,62.19,61.27,61.72,2598355
2015-03-17,61.79,61.95,61.040001,61.17,1686449
2015-03-18,61.18,62.67,60.65,62.09,4258799
2015-03-19,61.8,62.0,60.71,60.84,3767799
2015-03-20,61.21,61.78,60.83,61.47,4196363
2015-03-23,61.47,62.049999,61.34,61.53,1538282
2015-03-24,61.39,61.9,60.74,60.88,1730179
2015-03-25,61.02,61.5,60.56,60.58,2194620
2015-03-26,60.6,60.93,58.65,58.8,5895214
2015-03-27,59.44,60.59,59.4,59.8,4757171
2015-03-30,59.85,60.87,59.77,60.79,2895477
2015-03-31,60.79,61.55,60.58,61.0,2434999
2015-04-01,60.97,61.42,60.31,61.15,2220698
2015-04-02,61.07,61.34,60.82,60.95,1985742
2015-04-06,61.040001,61.96,61.040001,61.55,1602069
2015-04-07,61.5,61.7,60.52,60.59,1321238
2015-04-08,60.65,60.8,60.080002,60.6,1567189
2015-04-09,60.51,60.54,59.91,60.26,1715025
2015-04-10,60.51,61.19,60.33,60.86,1155356
2015-04-13,60.91,61.11,60.41,60.46,861243
2015-04-14,60.61,61.07,60.5,60.82,942730
2015-04-15,60.81,61.42,60.69,60.76,1143669
2015-04-16,60.69,61.029999,60.15,60.91,1756605
2015-04-17,60.73,61.48,60.62,60.94,2314553
2015-04-20,61.15,62.27,61.13,61.8,1590986
2015-04-21,61.8,62.44,61.2,61.47,1944107
2015-04-22,61.43,61.82,61.02,61.64,1868515
2015-04-23,61.57,62.4,61.43,62.099998,1570227
2015-04-24,61.98,63.029999,61.78,62.5,1416137
2015-04-27,62.64,62.64,61.46,61.69,1541597
2015-04-28,61.5,62.28,61.14,62.27,1752972
2015-04-29,61.88,62.25,61.46,62.080002,1988794
2015-04-30,62.0,62.0,60.92,61.55,3625610
2015-05-01,61.52,61.78,61.11,61.66,2065736
2015-05-04,61.64,62.54,61.46,62.099998,1791937
2015-05-05,61.84,61.95,60.58,60.82,2245332
2015-05-06,60.85,61.16,60.35,61.099998,2780361
2015-05-07,61.12,61.96,60.98,61.24,2599520
2015-05-08,61.96,62.28,60.77,61.080002,3377447
2015-05-11,61.029999,61.82,60.94,61.51,3338321
2015-05-12,61.21,61.41,60.6,61.13,2521675
2015-05-13,61.32,61.55,60.029999,60.24,2651497
2015-05-14,60.66,61.21,60.48,61.099998,1843718
2015-05-15,61.31,61.81,61.09,61.47,2119154
2015-05-18,60.66,61.39,60.56,61.049999,2495411
2015-05-19,60.78,61.38,60.52,61.14,1572052
2015-05-20,61.16,61.72,61.02,61.38,1496019
2015-05-21,61.38,61.62,61.060001,61.37,1237578
2015-05-22,61.16,61.37,60.77,61.14,1147339
2015-05-26,61.15,61.22,60.54,61.07,1576178
2015-05-27,61.07,61.49,60.8,61.34,1899467
2015-05-28,61.38,61.84,61.32,61.81,2051545
2015-05-29,61.84,62.17,61.52,61.84,2401253
2015-06-01,61.87,62.17,61.63,61.71,1193751
2015-06-02,61.51,61.51,60.49,61.09,2460640
2015-06-03,60.89,60.95,59.53,59.77,2535075
2015-06-04,59.5,60.080002,59.5,59.69,1690874
2015-06-05,59.35,59.41,58.52,58.61,3747155
2015-06-08,58.89,59.28,58.43,58.53,3324113
2015-06-09,58.59,59.0,57.37,58.44,6655930
2015-06-10,58.92,59.12,57.48,57.75,4933921
2015-06-11,58.16,58.42,57.83,58.040001,2239588
2015-06-12,57.86,58.09,57.52,57.54,1302132
2015-06-15,57.88,57.88,57.09,57.21,2527684
2015-06-16,57.11,57.59,56.86,57.54,1713458
2015-06-17,57.43,58.31,57.43,58.24,2038472
2015-06-18,58.29,59.35,58.29,59.2,3151939
2015-06-19,59.26,59.57,58.95,58.99,2581605
2015-06-22,58.96,59.15,58.56,58.72,1685149
2015-06-23,58.57,58.65,57.86,58.07,1691368
2015-06-24,58.029999,58.33,57.65,57.84,1768213
2015-06-25,57.97,57.99,57.4,57.5,2648689
2015-06-26,57.45,58.26,57.17,58.099998,1984152
2015-06-29,58.31,58.9,58.11,58.13,2371890
2015-06-30,58.29,58.4,57.62,57.88,2622995
2015-07-01,57.81,58.35,57.71,58.28,1852352
2015-07-02,58.57,59.29,58.57,59.14,1878457
2015-07-06,59.11,59.66,58.94,59.6,2466157
2015-07-07,59.83,61.5,59.8,61.080002,4827179
2015-07-08,61.09,61.61,60.76,61.23,2545482
2015-07-09,61.28,61.38,60.18,60.49,1869092
2015-07-10,60.42,61.45,60.2,60.81,2058885
2015-07-13,60.99,61.37,60.45,60.69,1924378
2015-07-14,60.66,61.080002,60.26,60.42,2156024
2015-07-15,60.42,60.79,60.080002,60.79,1191784
2015-07-16,60.98,61.81,60.83,61.72,1599956
2015-07-17,61.5,61.64,61.099998,61.3,2103616
2015-07-20,61.2,61.42,60.87,61.4,1746542
2015-07-21,61.29,61.49,60.8,61.48,2779256
2015-07-22,61.48,62.31,61.32,62.2,2745805
2015-07-23,62.060001,62.17,60.48,61.15,2788353
2015-07-24,61.060001,61.17,60.51,60.9,2507657
2015-07-27,61.0,62.07,60.9,61.62,2332153
2015-07-28,61.54,61.96,61.35,61.9,1705033
2015-07-29,61.87,62.5,61.3,62.34,3255102
2015-07-30,62.14,63.35,62.0099983,63.15,1904149
2015-07-31,63.6,64.16,63.46,63.59,2135542
2015-08-03,63.71,64.27,63.5,63.79,1569956
2015-08-04,63.65,63.72,63.099998,63.24,1987183
2015-08-05,63.4,63.63,63.049999,63.41,1328838
2015-08-06,63.38,63.73,62.64,63.72,2838069
2015-08-07,63.3,65.35,63.18,65.15,3463768
2015-08-10,65.26,65.99,64.9,65.15,2583769
2015-08-11,65.21,66.32,65.040001,65.85,2350257
2015-08-12,65.62,66.96,65.5,66.6,3174420
2015-08-13,66.3,67.12,65.76,66.92,1944079
2015-08-14,66.67,67.37,66.38,67.32,2067405
2015-08-17,66.9,67.050003,66.36,66.71,1666157
2015-08-18,66.6,66.67,66.24,66.51,1684707
2015-08-19,66.3,67.029999,65.94,66.87,1471487
2015-08-20,66.52,67.31,66.35,66.82,1761067
2015-08-21,66.62,67.0,66.029999,66.059998,2161975
2015-08-24,64.42,65.48,63.0,63.37,4069260
2015-08-25,63.79,64.69,62.15,62.2,2833509
2015-08-26,62.86,63.7,62.21,63.48,2412655
2015-08-27,63.83,64.13,63.18,63.9,2381375
2015-08-28,63.5,63.93,62.68,63.6,2392879
2015-08-31,63.4,63.51,62.2,62.91,2222277
2015-09-01,62.16,62.33,61.19,61.58,2342498
2015-09-02,62.099998,62.099998,60.96,61.65,1430248
2015-09-03,61.86,62.22,61.62,61.88,1269980
2015-09-04,61.38,61.64,60.49,60.86,1816408
2015-09-08,61.42,62.37,61.4,62.34,1818071
2015-09-09,62.51,62.75,61.2,61.3,1987175
2015-09-10,61.37,62.080002,61.28,61.57,1641428
2015-09-11,61.36,62.41,61.31,62.39,1427131
2015-09-14,62.41,62.88,62.26,62.64,1293893
2015-09-15,62.96,62.96,61.96,62.66,1238805
2015-09-16,62.68,63.81,62.55,63.55,1725641
2015-09-17,63.61,65.31,63.39,64.51,1969059
2015-09-18,64.12,66.0,64.11,65.050003,4469429
2015-09-21,65.2,65.66,64.72,65.029999,2175175
2015-09-22,64.68,65.2,64.56,64.99,1958662
2015-09-23,64.96,65.79,64.69,65.53,1819339
2015-09-24,65.38,66.18,65.38,65.95,2465711
2015-09-25,66.07,66.82,65.76,66.26,2349405
2015-09-28,66.25,66.7,65.71,65.82,2101353
2015-09-29,65.95,66.099998,65.26,65.9,2212845
2015-09-30,66.14,66.97,65.8,66.85,2051331
2015-10-01,66.93,66.99,65.36,65.63,2596775
2015-10-02,66.28,66.86,65.69,66.64,2008840
2015-10-05,66.83,67.2,66.16,67.080002,1795192
2015-10-06,66.86,66.98,65.45,65.65,3434479
2015-10-07,65.68,65.8,64.87,65.41,2892671
2015-10-08,65.2,66.3,65.019997,66.27,1646218
2015-10-09,66.21,66.47,65.38,65.43,1655500
2015-10-12,65.45,66.26,65.35,65.77,1321678
2015-10-13,65.78,65.97,65.37,65.54,1605516
2015-10-14,65.71,65.88,65.33,65.48,1677246
2015-10-15,65.69,66.61,65.41,66.47,1564867
2015-10-16,66.83,67.45,66.69,67.019997,1826317
2015-10-19,66.61,66.93,65.9,66.93,2250951
2015-10-20,66.7,67.36,66.64,67.16,1390547
2015-10-21,67.41,67.73,66.87,66.97,984266
2015-10-22,67.19,67.94,67.010002,67.78,1215920
2015-10-23,67.59,67.89,66.82,67.040001,1677557
2015-10-26,67.17,67.24,66.4,67.040001,1582642
2015-10-27,66.93,67.45,66.73,67.25,1548085
2015-10-28,67.24,67.44,65.46,66.41,1973417
2015-10-29,66.050003,66.28,64.83,65.34,1891755
2015-10-30,65.58,66.089996,65.34,65.75,3539780
2015-11-02,65.78,65.99,65.0,65.59,2015269
2015-11-03,65.43,65.68,64.86,65.64,1638621
2015-11-04,65.74,66.31,65.53,65.92,1937964
2015-11-05,65.72,66.19,65.21,65.35,2256938
2015-11-06,63.94,64.19,61.53,61.95,8174029
2015-11-09,61.56,62.27,61.19,61.93,2295882
2015-11-10,62.060001,63.060001,62.060001,62.67,1857880
2015-11-11,62.68,63.080002,62.52,62.92,1886911
2015-11-12,62.9,63.42,62.16,62.54,1588454
2015-11-13,62.5,62.99,61.75,61.91,2009943
2015-11-16,61.26,62.75,61.23,62.72,1682922
2015-11-17,62.7,63.33,62.17,62.46,2087645
2015-11-18,62.42,62.85,61.83,62.8,1734547
2015-11-19,63.040001,63.55,62.79,63.19,2708897
2015-11-20,63.42,63.82,62.98,63.31,1393818
2015-11-23,63.37,63.67,62.78,62.82,1391889
2015-11-24,62.47,62.74,61.94,62.35,1580079
2015-11-25,62.36,62.44,61.85,62.029999,912961
2015-11-27,62.07,62.42,62.029999,62.21,549904
2015-11-30,62.27,62.6,62.049999,62.15,1685174
2015-12-01,62.38,62.66,62.0099983,62.59,1130588
2015-12-02,62.3,62.57,61.41,61.47,1299323
2015-12-03,61.28,61.28,60.3,60.5,2939057
2015-12-04,60.72,62.17,60.72,62.15,2218226
2015-12-07,62.15,62.81,61.85,62.78,1756384
2015-12-08,62.66,63.62,62.29,63.47,2281019
2015-12-09,63.28,63.94,62.61,63.02,2852750
2015-12-10,62.87,62.99,60.96,61.15,2782230
2015-12-11,60.92,61.44,60.32,60.81,2043334
2015-12-14,61.22,62.049999,61.07,62.040001,2375218
2015-12-15,62.27,63.22,62.22,62.67,1975806
2015-12-16,62.96,64.3,62.88,64.22,2168924
2015-12-17,64.17,64.72,63.69,64.22,1847090
2015-12-18,64.029999,64.15,62.95,63.29,3135835
2015-12-21,63.53,63.82,63.040001,63.41,1538270
2015-12-22,63.46,63.88,62.83,63.7,1336179
2015-12-23,63.91,64.84,63.73,64.79,1276876
2015-12-24,64.63,64.92,64.58,64.75,536774
2015-12-28,64.43,65.13,64.17,65.089996,1082526
2015-12-29,65.089996,65.66,64.92,65.14,1228837
2015-12-30,65.14,65.52,65.010002,65.25,773159
2015-12-31,65.19,65.25,63.8,64.27,1183256
2016-01-04,63.85,64.42,63.47,64.4,1687594
2016-01-05,64.44,65.17,63.58,64.91,1516635
2016-01-06,64.45,65.47,64.2,65.22,1681056
2016-01-07,64.54,65.96,64.5,65.72,3372863
2016-01-08,65.82,66.8,65.72,66.43,5463980
2016-01-11,66.59,67.45,66.17,66.31,4280448
2016-01-12,66.35,66.69,65.11,65.5,3140171
2016-01-13,65.68,66.99,65.59,66.68,3214876
2016-01-14,66.56,67.99,66.080002,67.62,3882816
2016-01-15,66.51,67.87,66.5,67.68,3838636
2016-01-19,68.0,69.26,67.65,69.07,3372087
2016-01-20,68.66,69.050003,67.73,68.25,3398538
2016-01-21,68.25,68.98,66.2,67.69,4585663
2016-01-22,68.22,68.32,66.67,67.97,3143685
2016-01-25,68.17,68.23,67.48,67.81,2131345
2016-01-26,67.92,69.14,67.67,67.99,2111624
2016-01-27,67.87,68.64,67.48,68.33,1604001
2016-01-28,68.24,69.63,67.65,69.15,1423357
2016-01-29,69.7,70.2,69.21,69.39,3791204
2016-02-01,69.41,70.81,69.080002,70.42,2574468
2016-02-02,70.16,71.22,69.88,71.12,1720698
2016-02-03,71.26,72.31,71.22,71.67,1955453
2016-02-04,71.43,71.84,70.73,71.53,1751240
2016-02-05,71.21,72.24,70.14,72.040001,2529266
2016-02-08,72.14,73.15,71.97,73.080002,2855648
2016-02-09,73.12,73.9,72.72,73.61,2597313
2016-02-10,73.49,73.7,71.94,73.39,2016206
2016-02-11,73.39,73.68,72.080002,72.15,2489233
2016-02-12,71.81,72.0,69.75,70.72,3244164
2016-02-16,70.91,71.080002,69.93,70.97,2660066
2016-02-17,70.41,70.72,69.34,69.97,3257428
2016-02-18,70.029999,71.98,69.85,71.31,2799247
2016-02-19,71.0,71.61,69.68,70.87,3049513
2016-02-22,71.0,71.68,70.32,71.58,1801947
2016-02-23,71.58,72.31,71.07,72.050003,1789632
2016-02-24,71.77,72.4,71.19,71.57,1830147
2016-02-25,71.67,72.49,71.43,72.45,1413402
2016-02-26,71.85,72.33,70.17,70.35,2195215
2016-02-29,70.19,70.73,70.010002,70.010002,2643556
2016-03-01,70.36,70.83,69.39,69.78,2445017
2016-03-02,69.78,70.55,68.44,70.3,2519424
2016-03-03,70.51,70.63,69.3,70.63,2054897
2016-03-04,70.25,71.47,69.96,71.39,1667313
2016-03-07,71.31,71.76,70.98,71.69,1335114
2016-03-08,71.64,72.95,71.35,72.88,1819451
2016-03-09,72.61,73.69,72.61,72.73,2103353
2016-03-10,73.010002,73.45,72.42,73.059998,1297812
2016-03-11,73.24,73.75,72.99,73.27,1286773
2016-03-14,73.14,73.7,72.81,73.47,1320861
2016-03-15,73.65,74.11,73.48,73.9,1706207
2016-03-16,74.010002,74.53,72.56,74.44,2001189
2016-03-17,74.48,75.6,74.17,75.48,2440338
2016-03-18,75.72,76.13,74.86,75.25,4544301
2016-03-21,74.86,75.37,74.12,74.75,1512250
2016-03-22,75.099998,75.4,74.46,74.56,1594718
2016-03-23,74.73,75.86,74.21,75.35,1643743
2016-03-24,75.31,75.92,75.059998,75.56,1229149
2016-03-28,75.56,76.24,75.21,75.55,1370576
2016-03-29,75.56,76.7,75.41,76.64,1474238
2016-03-30,76.57,76.97,76.059998,76.48,1330141
2016-03-31,76.55,77.019997,76.07,76.62,2722351
2016-04-01,76.61,77.23,76.13,76.99,1804139
2016-04-04,77.0,77.16,76.089996,76.87,1381452
2016-04-05,76.79,76.94,75.61,75.73,2972585
2016-04-06,75.57,75.65,74.95,75.41,1614404
2016-04-07,75.31,76.28,75.28,75.97,1534899
2016-04-08,76.16,76.68,75.95,76.040001,1011188
2016-04-11,76.07,76.53,75.48,75.58,1025868
2016-04-12,75.51,76.11,75.26,76.050003,1312458
2016-04-13,76.010002,76.010002,74.71,75.25,1587030
2016-04-14,75.12,75.45,74.86,75.28,1313220
2016-04-15,75.31,75.97,75.14,75.85,1157883
2016-04-18,75.35,75.77,74.73,75.77,1564528
2016-04-19,75.71,76.029999,75.14,76.010002,1433570
2016-04-20,75.93,76.099998,73.27,73.46,2182737
2016-04-21,73.27,73.63,70.73,71.099998,3751312
2016-04-22,71.43,71.97,71.19,71.58,1677162
2016-04-25,71.46,72.39,71.31,72.25,1713250
2016-04-26,72.26,72.64,71.95,72.040001,1606056
2016-04-27,72.32,73.75,72.21,73.52,1727661
2016-04-28,73.089996,74.26,72.72,74.26,1695182
2016-04-29,73.83,74.63,73.11,74.6,1998730
2016-05-02,74.66,75.75,74.37,75.4,1687499
2016-05-03,75.47,75.9,74.93,75.22,1574643
2016-05-04,75.11,76.65,75.050003,76.23,1609075
2016-05-05,75.95,76.76,75.11,75.58,2006130
2016-05-06,75.42,75.43,72.86,74.16,3679664
2016-05-09,74.3,74.82,73.76,74.35,1908160
2016-05-10,73.26,74.75,73.16,73.81,4320796
2016-05-11,73.7,74.8,73.37,74.43,9233607
2016-05-12,74.5,75.22,73.79,74.96,3060835
2016-05-13,74.92,75.12,74.37,74.62,1900253
2016-05-16,73.77,74.019997,73.050003,74.010002,1887826
2016-05-17,73.79,73.89,71.84,72.28,2798001
2016-05-18,71.99,72.6,70.83,71.14,3047239
2016-05-19,71.089996,71.86,70.31,71.83,2109576
2016-05-20,72.07,72.23,71.37,72.16,2172427
2016-05-23,72.34,72.4,71.63,71.7,1600658
2016-05-24,71.75,72.3,71.54,72.14,1526811
2016-05-25,71.97,72.050003,71.4,71.79,1740271
2016-05-26,71.87,72.83,71.86,72.73,1144443
2016-05-27,72.93,73.099998,72.31,72.74,1131661
2016-05-31,72.46,73.4,72.31,73.26,2849549
2016-06-01,73.29,73.68,73.099998,73.65,1736850
2016-06-02,73.56,73.74,72.94,73.64,1691366
2016-06-03,74.22,75.73,74.22,75.35,2244853
2016-06-06,75.16,75.55,74.59,75.040001,1879768
2016-06-07,75.07,75.41,74.47,74.65,1690021
2016-06-08,74.65,75.47,74.55,75.4,1215789
2016-06-09,75.41,76.67,75.41,76.54,1585868
2016-06-10,76.58,77.29,76.48,77.14,2902549
2016-06-13,77.14,77.54,76.79,77.22,2285523
2016-06-14,77.19,78.25,76.78,78.25,2396587
2016-06-15,78.25,78.4,76.98,77.31,2117745
2016-06-16,77.39,78.33,77.32,77.95,2442329
2016-06-17,77.86,78.080002,76.97,77.84,3858048
2016-06-20,77.95,77.97,76.37,77.16,2107619
2016-06-21,77.37,77.53,76.84,77.17,1364649
2016-06-22,77.26,77.41,76.91,77.16,1281530
2016-06-23,77.11,77.11,76.3,76.86,1574012
2016-06-24,76.82,78.87,76.53,78.41,4230797
2016-06-27,78.47,80.080002,78.24,79.73,3557263
2016-06-28,79.55,79.58,78.31,79.2,2513962
2016-06-29,79.22,79.66,78.56,79.07,1882752
2016-06-30,79.18,80.44,78.91,80.44,2222111
2016-07-01,80.81,80.98,79.44,80.51,1573844
2016-07-05,80.72,81.88,80.51,81.67,2148333
2016-07-06,81.22,81.64,80.53,81.55,1783748
2016-07-07,81.27,81.35,79.72,79.99,2367230
2016-07-08,79.75,80.42,79.050003,80.38,2334590
2016-07-11,79.93,80.48,79.089996,80.2,2440492
2016-07-12,79.66,79.86,78.73,78.77,2407942
2016-07-13,79.15,79.56,78.8,79.42,2069616
2016-07-14,78.78,79.26,78.62,79.12,1660982
2016-07-15,79.14,79.52,78.6,79.15,1753842
2016-07-18,79.44,79.68,78.87,79.059998,1578080
2016-07-19,79.089996,79.33,78.67,79.11,999277
2016-07-20,79.11,79.27,78.47,78.91,1576185
2016-07-21,78.91,79.89,78.34,79.89,1928880
2016-07-22,79.79,81.27,79.79,81.18,1866473
2016-07-25,81.16,81.27,80.62,81.19,1290049
2016-07-26,81.2,81.2,80.040001,80.45,1255018
2016-07-27,80.25,80.32,78.31,79.43,2809517
2016-07-28,79.43,80.059998,79.12,79.88,922531
2016-07-29,79.78,80.85,79.55,80.080002,2338524
2016-08-01,79.71,80.61,79.68,80.46,1364123
2016-08-02,80.19,80.41,79.64,80.12,1121573
2016-08-03,80.040001,80.19,78.55,78.9,1589581
2016-08-04,79.029999,79.4,78.53,78.79,1360837
2016-08-05,78.45,78.64,77.66,77.75,1965606
2016-08-08,77.83,78.37,77.43,77.65,1363929
2016-08-09,77.77,78.32,77.39,78.089996,1429139
2016-08-10,78.32,78.49,77.98,78.24,1376497
2016-08-11,78.089996,78.42,77.85,78.39,1427653
2016-08-12,78.73,79.019997,78.42,78.79,1819506
2016-08-15,78.0,78.27,76.089996,76.24,3167671
2016-08-16,76.059998,76.11,75.080002,75.080002,2199304
2016-08-17,75.0,76.45,74.089996,76.38,2404873
2016-08-18,76.17,77.51,76.17,77.38,2718602
2016-08-19,77.040001,77.080002,75.93,76.5,1860560
2016-08-22,76.77,77.14,76.47,76.75,931087
2016-08-23,76.69,77.19,76.46,76.46,815235
2016-08-24,76.23,76.5,75.63,76.32,1291532
2016-08-25,76.4,76.89,76.13,76.45,1221947
2016-08-26,76.5,76.93,74.69,74.77,1126803
2016-08-29,75.11,75.66,74.87,75.25,1857386
2016-08-30,75.07,75.57,74.56,74.6,1218573
2016-08-31,74.68,75.28,74.31,75.25,2252033
2016-09-01,75.15,75.25,74.71,74.88,1023607
2016-09-02,74.89,75.9,74.66,75.55,1625926
2016-09-06,75.58,76.45,75.56,76.28,1160819
2016-09-07,76.2,76.29,75.67,76.010002,1171301
2016-09-08,75.81,76.27,75.46,75.87,1484794
2016-09-09,74.88,75.24,72.93,72.95,3302935
2016-09-12,73.0,74.64,73.0,74.45,2496710
2016-09-13,74.48,74.49,73.099998,73.23,1658454
2016-09-14,73.95,74.64,73.61,74.13,2025385
2016-09-15,74.16,74.72,73.79,74.56,1410793
2016-09-16,74.41,75.37,74.2,75.31,2897845
2016-09-19,75.3,76.45,75.3,76.4,1755159
2016-09-20,76.63,76.83,76.36,76.54,2458376
2016-09-21,76.46,78.089996,76.36,78.059998,2023471
2016-09-22,78.36,79.0,78.25,78.85,1928025
2016-09-23,78.6,79.019997,78.25,78.68,1239138
2016-09-26,78.71,78.98,78.31,78.66,1526091
2016-09-27,79.15,79.54,77.72,77.85,1679931
2016-09-28,77.92,78.040001,76.78,77.17,1719324
2016-09-29,76.91,76.96,75.98,76.53,1639664
2016-09-30,76.79,77.11,74.79,75.3,2978930
2016-10-03,75.15,75.21,73.91,74.24,1937322
2016-10-04,74.12,74.12,72.39,72.77,2553591
2016-10-05,72.82,73.41,72.14,72.5,2341940
2016-10-06,72.25,72.83,71.78,72.33,2003435
2016-10-07,72.8,73.56,72.029999,72.029999,2096558
2016-10-10,71.99,72.52,71.69,72.2,1340282
2016-10-11,71.91,72.33,71.34,71.66,2069891
2016-10-12,71.76,72.3,71.67,72.07,1675881
2016-10-13,72.23,73.6,72.089996,72.94,1583434
2016-10-14,72.65,73.38,72.16,72.49,1288225
2016-10-17,72.73,73.12,72.67,73.0,1164519
2016-10-18,73.42,73.68,72.39,73.24,1670279
2016-10-19,73.26,73.79,72.9,73.44,1486944
2016-10-20,73.53,74.25,73.34,73.62,989415
2016-10-21,73.22,73.55,72.93,73.17,1054103
2016-10-24,73.61,73.72,72.72,73.17,1268405
2016-10-25,73.12,73.73,72.95,73.65,1273483
2016-10-26,73.57,74.0,73.28,73.88,965606
2016-10-27,73.57,73.92,73.010002,73.47,1256326
2016-10-28,73.61,74.25,73.51,73.99,1108933
2016-10-31,74.22,76.029999,74.059998,75.55,2506876
2016-11-01,75.48,75.48,73.89,74.050003,1635261
2016-11-02,74.029999,74.14,72.96,73.82,1870246
2016-11-03,73.62,74.28,73.25,73.87,1516961
2016-11-04,75.27,75.41,73.61,73.75,1841669
2016-11-07,73.94,74.55,72.88,74.54,1728676
2016-11-08,74.72,75.62,74.61,75.33,1361367
2016-11-09,72.95,73.41,72.15,72.26,2983324
2016-11-10,72.050003,72.050003,68.99,70.69,3992900
2016-11-11,70.69,71.62,70.27,70.49,2107000
2016-11-14,69.35,69.82,68.76,69.55,2446426
2016-11-15,69.92,71.029999,69.91,70.57,2560901
2016-11-16,70.83,71.0,69.4,69.84,1722579
2016-11-17,69.61,70.41,69.58,70.040001,1152652
2016-11-18,69.99,70.33,69.26,69.53,1777205
2016-11-21,69.76,70.15,69.45,70.099998,1612822
2016-11-22,70.23,70.57,69.64,70.32,1396335
2016-11-23,69.78,70.37,69.42,69.55,1394097
2016-11-25,69.9,70.9,69.75,70.66,930220
2016-11-28,70.78,72.73,70.78,72.65,2065795
2016-11-29,72.43,73.22,72.37,72.65,1988281
2016-11-30,71.67,71.78,69.75,69.77,3847094
2016-12-01,69.31,69.79,69.11,69.47,1959305
2016-12-02,70.089996,70.55,69.28,69.69,1551097
2016-12-05,69.31,69.76,68.85,69.72,2048418
2016-12-06,69.97,69.99,69.059998,69.15,1446236
2016-12-07,69.38,70.42,69.38,70.41,1416912
2016-12-08,69.89,70.7,69.33,70.58,1269410
2016-12-09,70.66,71.52,70.4,71.44,1775788
2016-12-12,71.37,72.99,71.27,72.82,1788626
2016-12-13,72.87,73.53,72.77,73.28,2068325
2016-12-14,73.44,73.91,71.050003,71.21,2129367
2016-12-15,71.15,71.85,70.75,71.75,1658016
2016-12-16,71.79,73.36,71.79,72.68,3048401
2016-12-19,73.029999,73.46,72.55,73.040001,1151888
2016-12-20,73.019997,73.87,72.76,73.44,1626506
2016-12-21,73.44,73.86,73.099998,73.12,730097
2016-12-22,73.11,73.64,72.8,73.5,1187922
2016-12-23,73.65,73.82,73.29,73.63,482671
2016-12-27,73.51,73.93,73.26,73.75,724438
2016-12-28,73.72,73.72,72.94,73.07,873442
2016-12-29,73.16,74.14,73.15,74.07,1111407
2016-12-30,74.080002,74.3,73.41,73.68,1138952
2017-01-03,73.72,73.74,72.74,73.63,1699630
2017-01-04,73.72,74.2,73.3,73.56,1259634
2017-01-05,73.54,73.99,72.97,73.72,1802903
2017-01-06,73.29,74.019997,73.17,73.94,914550
2017-01-09,74.099998,74.099998,72.71,72.76,1479541
2017-01-10,72.63,72.82,72.14,72.64,1124794
2017-01-11,72.63,73.17,72.41,73.029999,1288780
2017-01-12,73.010002,73.74,72.5,73.62,1493053
2017-01-13,73.44,73.65,73.029999,73.6,1179908
2017-01-17,73.89,74.64,73.67,74.6,1601855
2017-01-18,74.28,74.83,74.12,74.43,1455509
2017-01-19,73.95,74.15,73.26,73.49,1395526
2017-01-20,73.41,73.8,72.79,73.080002,2034753
2017-01-23,73.27,73.53,72.7,72.96,1527122
2017-01-24,72.82,73.11,72.54,72.79,1544060
2017-01-25,72.52,72.77,72.13,72.74,1990876
2017-01-26,72.51,73.52,72.51,73.019997,1451321
2017-01-27,73.29,73.51,72.92,73.12,1488282
2017-01-30,73.34,73.56,72.81,73.26,1595132
2017-01-31,73.44,74.55,73.34,74.35,2990993
2017-02-01,73.82,74.019997,73.050003,73.33,1766300
2017-02-02,73.47,74.5,73.17,74.47,1488112
2017-02-03,74.5,74.7,73.94,74.2,2302110
2017-02-06,74.55,74.74,74.050003,74.3,1758295
2017-02-07,74.31,74.6,74.17,74.51,831919
2017-02-08,74.62,75.31,74.62,75.25,1121570
2017-02-09,75.13,75.44,74.26,74.39,1801921
2017-02-10,74.29,74.96,74.18,74.75,1321745
2017-02-13,74.29,74.48,73.64,74.35,1695229
2017-02-14,74.14,74.3,73.39,73.69,1254320
2017-02-15,73.21,73.76,72.94,73.7,1616697
2017-02-16,73.68,74.49,73.53,74.29,2953033
2017-02-17,74.080002,74.080002,72.63,73.5,2768835
2017-02-21,73.5,74.68,73.22,74.52,1854693
2017-02-22,74.52,75.089996,74.2,75.010002,2410802
2017-02-23,75.29,75.99,75.07,75.91,1437973
2017-02-24,76.25,76.76,76.07,76.61,1609673
2017-02-27,76.61,76.71,76.19,76.47,1239032
2017-02-28,76.29,77.24,76.26,77.040001,1727453
2017-03-01,75.91,76.91,75.59,76.18,1780827
2017-03-02,75.97,77.5,75.79,77.19,2164750
2017-03-03,77.31,77.31,76.19,76.67,1526816
2017-03-06,76.67,77.019997,76.44,76.64,1328468
2017-03-07,76.49,76.86,76.39,76.64,1088239
2017-03-08,76.059998,76.089996,75.42,75.51,1202061
2017-03-09,75.64,76.0,75.11,75.13,1776885
2017-03-10,75.52,76.019997,75.38,75.98,1145103
2017-03-13,75.98,76.28,75.79,76.28,1414078
2017-03-14,76.24,76.57,76.029999,76.42,1203100
2017-03-15,76.67,78.11,76.49,77.64,1547168
2017-03-16,77.34,77.62,76.19,76.32,1892944
2017-03-17,76.53,77.089996,76.4,76.68,2989075
2017-03-20,76.89,77.050003,75.94,76.089996,1060910
2017-03-21,76.099998,77.57,76.050003,77.34,1603010
2017-03-22,77.65,78.36,77.51,78.11,2040289
2017-03-23,78.0,78.68,77.66,77.89,1270856
2017-03-24,77.89,78.66,77.76,78.41,1130247
2017-03-27,78.52,78.98,78.14,78.55,1783756
2017-03-28,78.33,78.63,78.11,78.53,1241424
2017-03-29,78.27,78.48,77.75,78.18,1260838
2017-03-30,77.99,78.0,77.44,77.74,827069
2017-03-31,77.62,78.080002,77.29,77.66,1300374
2017-04-03,77.75,77.83,77.14,77.83,2192057
2017-04-04,77.7,78.28,77.5,77.96,1130156
2017-04-05,77.86,78.61,77.59,78.53,1291287
2017-04-06,78.37,78.5,77.98,78.33,1011169
2017-04-07,78.69,78.76,77.8,77.82,1988464
2017-04-10,77.87,78.15,77.54,78.010002,932937
2017-04-11,77.87,78.089996,77.31,77.9,1733055
2017-04-12,77.63,78.59,77.44,78.58,2095645
2017-04-13,78.48,78.82,77.95,78.53,1578790
2017-04-17,78.61,78.87,78.47,78.87,1307294
2017-04-18,78.89,79.29,78.66,79.089996,1549325
2017-04-19,78.89,79.07,78.57,78.78,1700804
2017-04-20,78.54,78.54,77.8,78.28,1836553
2017-04-21,78.24,79.27,78.22,79.089996,2137338
2017-04-24,79.14,79.5,78.57,79.4,1744623
2017-04-25,79.0,79.48,78.87,79.4,1146037
2017-04-26,79.32,79.71,79.089996,79.14,1099029
2017-04-27,79.17,80.089996,79.019997,79.58,1495313
2017-04-28,79.39,79.58,78.98,79.28,2890281
2017-05-01,79.3,79.45,78.77,78.85,1284325
2017-05-02,79.029999,79.33,78.77,79.26,1386680
2017-05-03,79.25,79.35,78.71,78.76,1496544
2017-05-04,78.46,79.089996,78.42,78.88,1598440
2017-05-05,79.43,80.21,79.010002,79.81,1650299
2017-05-08,79.28,79.78,79.080002,79.39,1168672
2017-05-09,79.28,79.37,78.69,78.81,1472413
2017-05-10,78.95,79.36,78.79,79.040001,1490008
2017-05-11,79.0,79.47,78.72,79.46,1337795
2017-05-12,79.66,80.080002,79.51,79.9,1282900
2017-05-15,79.36,79.69,79.07,79.61,1507408
2017-05-16,79.64,79.73,79.13,79.14,1288565
2017-05-17,79.39,79.87,78.96,79.36,1748109
2017-05-18,79.46,80.089996,79.029999,79.92,1613547
2017-05-19,80.0,80.38,79.53,80.37,1337871
2017-05-22,80.099998,81.17,80.099998,80.95,1366259
2017-05-23,81.0,81.62,80.92,81.31,1788807
2017-05-24,81.28,81.61,81.18,81.45,1632568
2017-05-25,81.58,82.16,81.31,82.040001,1341753
2017-05-26,82.099998,82.4,81.85,82.099998,1123820
2017-05-30,82.040001,82.39,81.87,82.2,1173721
2017-05-31,82.31,83.25,82.22,82.79,1924635
2017-06-01,82.77,83.45,82.49,83.43,1467028
2017-06-02,83.89,83.99,83.26,83.53,919630
2017-06-05,83.39,83.49,83.019997,83.050003,856078
2017-06-06,83.25,83.33,82.71,82.9,1173723
2017-06-07,83.14,83.95,82.86,83.76,1599823
2017-06-08,83.69,83.72,82.48,83.040001,1617282
2017-06-09,82.7,83.35,82.64,83.25,1412705
2017-06-12,83.25,83.74,82.63,83.3,1546106
2017-06-13,82.84,83.080002,82.51,82.88,1687990
2017-06-14,83.56,83.98,83.24,83.59,1312916
2017-06-15,83.75,84.26,83.07,84.26,1907837
2017-06-16,84.5,85.040001,84.35,84.85,2975698
2017-06-19,84.72,84.76,84.3,84.75,1687216
2017-06-20,84.8,85.13,84.72,84.96,1283003
2017-06-21,85.040001,85.13,84.35,84.65,1135044
2017-06-22,84.47,84.86,84.16,84.2,1155191
2017-06-23,84.14,84.55,83.72,83.84,1347064
2017-06-26,83.91,84.58,83.73,84.040001,1388256
2017-06-27,83.56,83.78,82.52,82.67,1566103
2017-06-28,83.010002,83.059998,81.81,81.82,1627102
2017-06-29,81.2,81.47,80.67,80.83,2111676
2017-06-30,80.96,81.35,80.8,80.82,1943372
2017-07-03,81.14,81.28,80.57,80.57,929581
2017-07-05,80.6,80.72,80.17,80.47,1551463
2017-07-06,80.36,80.6,80.040001,80.39,1200178
2017-07-07,80.52,80.9,80.28,80.53,1345728
2017-07-10,80.61,80.92,80.37,80.37,1314311
2017-07-11,80.51,80.65,80.040001,80.41,1060467
2017-07-12,80.98,81.22,80.82,81.11,1233415
2017-07-13,80.9,81.019997,80.31,80.33,1512199
2017-07-14,80.9,81.22,80.6,80.73,837135
2017-07-17,80.81,81.12,80.49,81.11,885654
2017-07-18,81.18,81.41,81.040001,81.21,1104284
2017-07-19,81.47,81.75,81.089996,81.75,988100
2017-07-20,82.0,82.42,81.68,82.41,969497
2017-07-21,82.42,82.98,82.24,82.93,1628602
2017-07-24,82.91,82.98,81.82,82.14,1601602
2017-07-25,82.13,82.18,81.24,81.51,1326218
2017-07-26,81.4,82.11,81.24,82.11,1294311
2017-07-27,81.94,82.3,81.55,82.29,1653726
2017-07-28,82.27,82.49,81.77,82.38,2204290
2017-07-31,82.41,82.96,82.15,82.86,2911959
2017-08-01,82.94,83.089996,82.37,82.74,1695083
2017-08-02,82.44,82.83,82.15,82.7,1804570
2017-08-03,82.51,83.12,82.43,83.12,2194988
2017-08-04,82.35,83.62,82.35,82.8,1396138
2017-08-07,82.81,83.5,82.64,83.5,1267196
2017-08-08,83.39,84.12,83.3,84.059998,1386351
2017-08-09,83.45,84.16,83.14,83.26,2978269
2017-08-10,83.32,83.85,82.82,83.64,1430522
2017-08-11,83.68,83.83,82.51,82.87,1547043
2017-08-14,82.34,82.78,82.029999,82.55,1566422
2017-08-15,82.19,83.18,82.19,83.050003,1047713
2017-08-16,83.07,83.53,82.93,83.44,872571
2017-08-17,83.46,83.65,82.91,83.019997,1044688
2017-08-18,82.96,84.07,82.73,83.53,2024020
2017-08-21,83.69,83.93,83.31,83.75,937411
2017-08-22,83.76,83.93,83.31,83.93,1084932
2017-08-23,83.97,84.29,83.64,84.26,825856
2017-08-24,84.24,84.54,84.029999,84.23,845818
2017-08-25,84.44,84.87,84.3,84.48,778593
2017-08-28,84.66,84.76,84.25,84.59,825298
2017-08-29,84.79,84.92,84.37,84.42,1071608
2017-08-30,84.32,84.36,83.99,84.080002,709048
2017-08-31,84.080002,84.38,83.87,84.27,1328945
2017-09-01,84.44,84.49,83.76,83.99,853917
2017-09-05,84.13,84.41,83.9,84.37,1130579
2017-09-06,84.52,84.53,83.82,84.050003,1414946
2017-09-07,84.28,84.85,84.040001,84.74,1658228
2017-09-08,84.74,85.67,84.56,85.53,1505452
2017-09-11,85.45,86.16,85.22,86.050003,1109795
2017-09-12,86.0,86.010002,83.91,84.21,1614080
2017-09-13,84.16,84.28,83.73,83.76,1424422
2017-09-14,83.7,84.51,83.44,84.51,1531333
2017-09-15,84.73,84.89,84.2,84.44,2472200
2017-09-18,84.54,84.55,82.93,83.57,1271266
2017-09-19,83.67,83.71,83.2,83.41,1305218
2017-09-20,83.6,83.73,82.29,82.6,1431691
2017-09-21,82.64,83.12,82.3,82.43,1086071
2017-09-22,82.75,82.75,81.58,81.59,1140724
2017-09-25,81.72,82.35,81.51,82.24,1354798
2017-09-26,81.2,82.14,81.2,81.84,1505331
2017-09-27,81.31,81.65,80.17,80.62,1496878
2017-09-28,80.45,80.98,80.019997,80.71,1620134
2017-09-29,80.68,80.89,80.28,80.68,1848535
2017-10-02,80.89,81.67,80.64,81.11,1973733
2017-10-03,81.040001,81.059998,80.26,80.9,1181889
2017-10-04,80.97,81.79,80.62,81.78,1136802
2017-10-05,81.79,81.93,81.33,81.77,1444584
2017-10-06,81.33,81.75,81.089996,81.56,1096303
2017-10-09,81.66,81.91,81.42,81.49,1224917
2017-10-10,81.55,82.41,81.4,82.4,1557111
2017-10-11,82.2,83.13,82.2,82.84,1352483
2017-10-12,82.8,83.57,82.8,83.53,1227901
2017-10-13,83.76,84.089996,82.93,83.080002,1558466
2017-10-16,83.019997,83.38,82.28,82.85,1582846
2017-10-17,83.019997,83.65,82.66,83.56,1144447
2017-10-18,83.39,83.89,82.97,83.78,1530882
2017-10-19,83.91,84.86,83.76,84.84,1320816
2017-10-20,84.59,85.080002,84.5,84.86,1358675
2017-10-23,84.87,85.18,84.53,85.099998,1611126
2017-10-24,85.49,85.79,85.14,85.76,1950185
2017-10-25,85.33,85.44,84.24,85.33,1637324
2017-10-26,85.74,86.12,85.2,85.5,1354918
2017-10-27,85.3,86.33,85.28,85.92,1125196
2017-10-30,85.8,86.010002,85.55,85.9,1490740
2017-10-31,85.81,86.19,85.7,86.050003,1398523
2017-11-01,85.85,86.53,85.27,85.8,1305564
2017-11-02,86.040001,86.82,85.73,86.8,1690128
2017-11-03,86.8,87.58,86.44,87.040001,1629532
2017-11-06,87.099998,87.24,86.27,86.32,1372740
2017-11-07,86.54,87.7,86.12,87.69,1487354
2017-11-08,87.59,88.080002,87.24,87.86,1799354
2017-11-09,87.58,88.080002,87.36,87.66,1135120
2017-11-10,87.17,87.43,86.82,87.19,1578212
2017-11-13,87.44,88.66,87.4,88.31,1370124
2017-11-14,87.5,89.010002,87.34,88.96,1583869
2017-11-15,89.12,89.58,88.0,88.019997,1311872
2017-11-16,88.07,88.13,87.17,87.36,2826279
2017-11-17,87.080002,87.36,86.22,86.53,3068932
2017-11-20,86.66,86.99,85.86,86.0,2553526
2017-11-21,86.18,86.85,85.86,86.48,3014633
2017-11-22,86.58,86.69,86.28,86.66,1024539
2017-11-24,86.85,87.25,86.7,86.9,603855
2017-11-27,87.0,87.71,86.82,87.5,1140789
2017-11-28,87.82,88.14,87.66,87.98,1365338
2017-11-29,87.64,88.85,87.47,88.4,1474293
2017-11-30,88.54,89.21,88.28,89.040001,2608670
2017-12-01,89.34,89.57,88.3,88.82,1803840
2017-12-04,88.68,89.26,88.3,88.48,1374536
2017-12-05,88.67,88.67,87.3,88.019997,2147130
2017-12-06,88.23,88.65,87.98,88.47,1088918
2017-12-07,88.53,88.53,87.93,88.49,1107464
2017-12-08,88.3,88.95,88.080002,88.92,1628708
2017-12-11,88.78,89.7,88.47,89.66,1923862
2017-12-12,89.53,89.65,88.040001,88.089996,1729800
2017-12-13,88.46,88.81,87.7,87.98,2109266
2017-12-14,87.96,88.19,86.93,87.59,1596054
2017-12-15,87.84,88.62,87.79,88.24,3595279
2017-12-18,88.21,88.27,87.080002,87.32,2190451
2017-12-19,87.33,87.46,85.52,85.56,1414971
2017-12-20,85.5,85.86,84.87,84.91,1244311
2017-12-21,84.7,85.18,84.34,84.79,1461338
2017-12-22,85.0,85.14,84.67,84.75,968724
2017-12-26,84.77,85.12,84.18,84.2,701500
2017-12-27,84.46,84.76,84.27,84.66,743306
2017-12-28,84.82,85.12,84.73,85.089996,815581
2017-12-29,85.37,85.45,84.82,84.95,1346804
2018-01-02,84.75,84.94,83.23,83.58,1998249
2018-01-03,83.4,83.98,82.46,82.79,1884341
2018-01-04,82.67,82.82,81.52,81.82,2289729
2018-01-05,82.11,82.2,81.029999,81.74,1748663
2018-01-08,81.87,82.91,81.59,82.89,1848082
2018-01-09,82.67,82.79,81.69,82.010002,1712863
2018-01-10,81.51,81.78,80.71,80.92,1461164
2018-01-11,81.040001,81.28,80.080002,80.39,1514329
2018-01-12,80.14,80.19,79.18,79.49,1899741
2018-01-16,79.66,79.86,78.57,79.019997,2754236
2018-01-17,79.23,79.54,78.85,79.27,1951638
2018-01-18,78.89,79.059998,77.77,78.28,2487714
2018-01-19,78.44,78.93,78.089996,78.27,2584121
2018-01-22,78.58,79.39,78.37,78.53,3095724
2018-01-23,78.68,80.14,78.68,79.66,2065971
2018-01-24,79.53,79.65,79.080002,79.42,1773827
2018-01-25,79.42,80.51,79.42,80.38,2728018
2018-01-26,80.51,80.61,79.3,80.4,2505203
2018-01-29,79.29,80.029999,79.11,79.13,3332485
2018-01-30,79.17,79.91,79.050003,79.59,2082383
2018-01-31,79.69,80.41,79.040001,80.36,3505389
2018-02-01,80.39,80.65,78.57,78.75,2924624
2018-02-02,78.48,79.040001,77.89,77.96,2621622
2018-02-05,77.88,78.72,76.95,77.13,2953042
2018-02-06,76.099998,76.73,74.57,75.88,3234374
2018-02-07,75.79,76.61,75.25,75.26,2643065
2018-02-08,75.2,76.71,74.7,74.73,3054799
2018-02-09,74.95,77.5,74.93,76.89,2788821
2018-02-12,77.019997,77.8,76.37,77.4,2442921
2018-02-13,76.4,77.2,75.77,77.029999,2193045
2018-02-14,76.31,76.67,75.75,75.89,2825393
2018-02-15,75.89,77.23,75.66,77.11,2233970
2018-02-16,76.84,77.98,75.75,77.77,3347061
2018-02-20,77.57,77.93,75.89,76.36,2512078
2018-02-21,76.41,77.07,75.46,75.47,2209981
2018-02-22,75.71,76.51,75.48,75.79,1901597
2018-02-23,75.87,77.71,75.76,77.63,1422318
2018-02-26,77.69,78.040001,76.82,76.96,1774783
2018-02-27,77.059998,77.38,75.65,75.66,2417691
2018-02-28,75.94,76.24,74.89,74.89,1799359
2018-03-01,74.91,75.99,74.17,74.59,2626670
2018-03-02,74.53,75.41,73.73,74.35,1722974
2018-03-05,74.25,76.34,73.98,76.089996,2363448
2018-03-06,75.99,76.0,74.72,75.14,2266602
2018-03-07,75.0,75.25,74.16,74.48,1849356
2018-03-08,74.6,75.36,74.44,75.31,1739141
2018-03-09,75.32,75.37,74.7,75.24,1844721
2018-03-12,75.3,75.91,75.19,75.69,1764820
2018-03-13,75.84,76.41,75.17,75.49,2134052
2018-03-14,75.75,76.44,75.45,75.97,1679601
2018-03-15,76.13,76.92,75.91,76.58,1855464
2018-03-16,76.72,77.58,76.56,77.45,3479015
2018-03-19,77.45,77.99,76.64,77.050003,2177114
2018-03-20,77.080002,77.45,76.66,76.89,1429479
2018-03-21,76.93,77.63,76.33,76.67,1440853
2018-03-22,76.7,78.22,76.59,76.76,2187131
2018-03-23,77.010002,77.59,75.41,75.58,1592706
2018-03-26,75.75,76.54,75.62,76.42,1526539
2018-03-27,76.45,78.32,76.18,77.62,2044467
2018-03-28,77.64,77.97,77.029999,77.56,1976173
2018-03-29,77.74,78.4,77.65,77.94,1745332
2018-04-02,78.17,78.47,76.67,77.07,1699548
2018-04-03,77.07,78.010002,76.86,77.66,2116080
2018-04-04,77.6,78.65,77.18,78.27,2431216
2018-04-05,78.27,79.12,77.16,78.89,2032349
2018-04-06,79.15,79.39,78.29,78.56,1646090
2018-04-09,78.69,79.12,78.28,78.46,2282577
2018-04-10,78.42,78.59,77.46,77.6,2044912
2018-04-11,77.46,77.97,77.17,77.51,1435119
2018-04-12,77.66,77.72,76.07,76.31,1838013
2018-04-13,76.49,77.18,76.42,76.69,1412134
2018-04-16,77.050003,77.91,76.95,77.79,1318098
2018-04-17,77.87,78.71,77.57,78.46,1336946
2018-04-18,78.56,79.19,77.97,78.010002,1573864
2018-04-19,77.88,78.42,77.59,78.11,1574407
2018-04-20,78.099998,78.34,77.27,77.6,1640218
2018-04-23,77.82,78.14,77.4,77.7,1451653
2018-04-24,77.91,78.72,77.55,78.31,1441444
2018-04-25,77.99,78.71,77.77,78.39,1284954
2018-04-26,78.45,79.51,78.099998,79.45,1238065
2018-04-27,79.25,80.78,79.21,80.43,1551571
2018-04-30,80.7,80.82,79.99,80.13,1587453
2018-05-01,80.24,80.24,79.75,79.95,977461
2018-05-02,80.0,80.21,79.010002,79.25,1782024
2018-05-03,79.24,79.35,78.010002,79.0,1322196
2018-05-04,78.99,79.85,78.63,79.25,1921337
2018-05-07,79.18,79.39,78.26,78.36,1471880
2018-05-08,78.13,78.13,76.089996,76.23,2204949
2018-05-09,76.25,76.37,74.88,75.43,2281903
2018-05-10,76.0,76.6,75.49,76.57,1928357
2018-05-11,76.56,77.059998,76.39,76.83,1702855
2018-05-14,77.040001,77.18,76.16,76.63,1886234
2018-05-15,75.41,75.74,74.48,74.9,1720657
2018-05-16,74.9,75.040001,74.099998,74.56,1746845
2018-05-17,74.71,74.76,73.86,73.94,1361667
2018-05-18,74.17,74.45,73.35,73.97,1728517
2018-05-21,74.11,74.11,73.38,73.84,1410531
2018-05-22,73.8,74.62,73.65,74.14,1410702
2018-05-23,74.2,75.18,74.099998,75.099998,1941090
2018-05-24,75.25,75.97,75.050003,75.88,1474897
2018-05-25,75.99,76.39,75.85,75.91,1474079
2018-05-29,75.85,76.44,75.51,75.99,2012751
2018-05-30,75.87,76.46,75.62,76.33,2287595
2018-05-31,76.33,76.99,75.9,76.73,2786155
2018-06-01,76.67,76.67,75.22,75.54,1590276
2018-06-04,75.81,76.059998,74.85,74.95,1405372
2018-06-05,74.8,74.94,73.77,74.010002,1970772
2018-06-06,73.97,74.12,72.21,72.39,2162370
2018-06-07,72.36,73.45,72.010002,72.79,2286143
2018-06-08,73.019997,73.15,72.43,72.75,1509563
2018-06-11,72.81,72.92,71.25,71.39,2385942
2018-06-12,71.3,72.58,71.12,72.48,2015927
2018-06-13,72.63,72.95,72.080002,72.43,2382250
2018-06-14,72.5,73.4,72.35,73.25,2323652
2018-06-15,73.27,73.78,72.63,73.73,3218729
2018-06-18,73.75,74.25,73.41,73.9,1770158
2018-06-19,73.95,74.96,73.95,74.86,2047105
2018-06-20,74.84,75.059998,74.35,75.029999,2559762
2018-06-21,74.89,75.77,74.73,75.45,1968691
2018-06-22,75.46,75.98,75.21,75.76,2599236
2018-06-25,76.0,77.57,75.97,77.42,1800693
2018-06-26,77.2,77.88,77.029999,77.48,1762950
2018-06-27,77.32,78.089996,77.13,77.9,1423877
2018-06-28,78.23,78.91,77.81,77.94,1363823
2018-06-29,77.86,78.55,77.26,77.98,2301209
2018-07-02,77.99,78.43,77.55,78.34,1543933
2018-07-03,78.35,78.97,77.96,78.46,1008804
2018-07-05,78.6,78.99,78.21,78.99,1733986
2018-07-06,79.0,79.57,78.91,79.5,1342233
2018-07-09,79.5,79.5,76.52,76.86,2460927
2018-07-10,76.4,78.16,75.93,77.86,2177530
2018-07-11,78.019997,79.15,77.9,79.029999,2018122
2018-07-12,79.040001,79.39,78.79,79.22,2095155
2018-07-13,79.36,79.66,78.78,79.46,1412697
2018-07-16,79.28,79.48,78.85,79.2,1353525
2018-07-17,79.42,79.46,78.89,78.96,1375458
2018-07-18,79.080002,79.11,78.28,78.54,1558955
2018-07-19,78.65,79.27,78.41,78.78,1953183
2018-07-20,78.45,78.82,77.46,78.050003,1438950
2018-07-23,78.13,78.22,77.099998,77.46,992151
2018-07-24,77.24,77.8,76.010002,77.61,1802110
2018-07-25,77.36,77.88,77.16,77.39,1306557
2018-07-26,77.87,78.74,77.85,78.3,1836663
2018-07-27,78.3,78.98,78.16,78.55,1484103
2018-07-30,78.28,78.55,77.7,78.16,1031798
2018-07-31,78.62,79.099998,78.019997,78.93,2439529
2018-08-01,78.42,78.48,77.25,77.78,1856071
2018-08-02,77.75,78.44,77.089996,78.19,1763843
2018-08-03,78.25,79.58,77.67,79.11,1775233
2018-08-06,79.040001,79.56,78.69,78.93,1650743
2018-08-07,78.78,78.89,77.86,78.52,1567492
2018-08-08,78.34,78.61,78.0,78.51,1069730
2018-08-09,78.65,79.0,78.31,78.95,710837
2018-08-10,79.18,79.61,78.57,78.67,1108037
2018-08-13,78.56,79.12,78.39,79.050003,1684604
2018-08-14,78.28,78.98,78.12,78.52,1532017
2018-08-15,78.77,80.31,78.67,79.79,2081769
2018-08-16,79.7,80.81,79.4,80.71,2286899
2018-08-17,80.62,81.27,80.27,81.17,1986071
2018-08-20,81.35,81.53,80.27,80.3,1612019
2018-08-21,80.17,80.27,79.22,79.62,1497450
2018-08-22,79.82,79.87,78.63,78.93,1224816
2018-08-23,78.99,79.6,78.75,79.019997,1382529
2018-08-24,79.029999,79.59,78.73,79.45,908482
2018-08-27,79.6,79.67,78.51,78.92,1011829
2018-08-28,78.8,78.96,78.28,78.45,1220863
2018-08-29,78.65,79.29,78.43,79.21,1391499
2018-08-30,79.31,79.77,79.080002,79.39,1510496
2018-08-31,79.39,79.78,78.72,78.93,1623304
2018-09-04,79.19,79.93,79.059998,79.56,1495069
2018-09-05,79.63,80.73,79.55,80.69,2623014
2018-09-06,80.63,81.55,80.19,81.35,1780039
2018-09-07,80.8,81.080002,79.92,80.080002,1765181
2018-09-10,80.39,80.8,79.99,80.54,1129409
2018-09-11,80.55,80.93,80.11,80.2,1500239
2018-09-12,80.2,80.75,79.95,80.15,1194115
2018-09-13,80.23,80.76,79.66,80.75,1337936
2018-09-14,80.37,80.37,79.22,80.29,1551784
2018-09-17,80.33,80.53,79.81,80.35,1208074
2018-09-18,80.33,80.59,79.63,80.080002,1455462
2018-09-19,79.97,80.12,77.83,78.32,1480459
2018-09-20,78.23,78.47,77.41,78.44,1607645
2018-09-21,78.0,78.19,76.97,77.89,4717541
2018-09-24,77.77,77.77,76.52,76.61,2004782
2018-09-25,76.42,76.51,75.24,75.7,1628337
2018-09-26,75.73,75.85,74.36,74.41,2120218
2018-09-27,74.58,75.44,74.31,75.2,1726096
2018-09-28,75.43,76.24,75.18,76.19,3163334
2018-10-01,76.040001,76.040001,75.45,75.77,1735924
2018-10-02,76.0,77.27,75.86,77.080002,1788800
2018-10-03,76.87,77.36,75.35,76.11,2453984
2018-10-04,76.019997,76.76,75.37,76.6,1329062
2018-10-05,76.56,77.88,76.44,77.66,2420518
2018-10-08,77.76,78.62,77.34,78.019997,2168384
2018-10-09,78.22,78.83,77.75,78.23,1897910
2018-10-10,78.080002,79.18,77.73,77.77,1774741
2018-10-11,77.95,78.3,75.77,76.050003,2509011
2018-10-12,75.97,76.0,74.79,75.23,2351831
2018-10-15,75.32,75.9,74.93,75.28,1855495
2018-10-16,75.25,76.58,74.64,76.099998,1963136
2018-10-17,76.080002,76.45,75.53,76.11,1654789
2018-10-18,76.19,76.78,75.75,76.36,1725188
2018-10-19,76.29,77.92,76.24,77.38,2101785
2018-10-22,77.31,77.64,76.7,76.82,1949099
2018-10-23,77.0,77.6,75.92,76.29,2152072
2018-10-24,76.69,78.62,76.34,78.22,1966360
2018-10-25,77.78,77.78,76.47,76.81,1728464
2018-10-26,77.26,77.75,75.62,76.33,2550249
2018-10-29,76.33,77.55,76.33,77.34,1791706
2018-10-30,77.62,78.14,76.5,77.23,2067910
2018-10-31,76.64,76.7,75.36,76.0,2861443
2018-11-01,76.07,76.22,75.29,75.63,2496021
2018-11-02,76.099998,76.099998,73.93,74.54,3467989
2018-11-05,74.81,76.099998,74.81,76.040001,2103139
2018-11-06,76.79,77.32,76.31,77.23,1580854
2018-11-07,77.5,78.34,76.85,78.26,1500415
2018-11-08,78.23,78.56,77.43,78.17,1398687
2018-11-09,78.2,79.26,78.059998,79.0,1361820
2018-11-12,78.93,80.14,78.65,79.37,1520613
2018-11-13,78.75,79.34,78.089996,79.11,1560528
2018-11-14,78.19,80.17,77.99,79.42,2987563
2018-11-15,77.45,77.58,76.35,76.54,9613497
2018-11-16,77.34,77.54,76.3,77.0,4087313
2018-11-19,76.97,77.68,76.85,77.5,3635665
2018-11-20,78.0,78.61,77.040001,78.11,3540946
2018-11-21,77.84,77.95,76.99,77.11,1958999
2018-11-23,77.21,77.45,76.69,77.34,813414
2018-11-26,77.23,78.25,77.13,78.16,2148666
2018-11-27,78.11,79.15,77.53,79.050003,1513449
2018-11-28,78.89,79.43,78.42,78.84,2285569
2018-11-29,78.82,79.34,78.24,79.24,2286861
2018-11-30,79.37,80.39,79.050003,80.35,2937211
2018-12-03,79.86,81.24,79.57,81.23,2359222
2018-12-04,81.22,83.0,81.14,81.99,3962493
2018-12-06,82.3,82.49,80.099998,81.63,2443011
2018-12-07,81.75,82.83,80.86,82.46,2069702
2018-12-10,82.67,83.080002,81.3,82.91,2570729
2018-12-11,82.94,83.69,82.53,83.25,1796648
2018-12-12,83.25,83.62,82.26,82.47,2938322
2018-12-13,82.59,84.32,82.54,83.93,2562774
2018-12-14,84.099998,84.15,83.059998,83.83,3049009
2018-12-17,83.94,84.21,80.31,80.63,3769462
2018-12-18,80.93,81.82,79.94,80.21,3047110
2018-12-19,80.44,80.94,79.56,80.099998,2197639
2018-12-20,80.13,81.6,79.15,80.73,2858241
2018-12-21,80.74,82.47,79.78,79.96,3542639
2018-12-24,79.94,80.52,75.040001,75.32,1279444
2018-12-26,75.51,76.14,73.85,76.089996,2457310
2018-12-27,76.029999,76.83,74.84,76.83,2211548
2018-12-28,77.17,77.49,76.17,76.48,1829818
2018-12-31,76.48,76.87,75.68,76.46,1670170
2019-01-02,76.32,76.37,74.79,75.14,1764063
2019-01-03,75.14,75.92,74.84,75.33,1857032
2019-01-04,75.019997,76.57,74.88,76.55,2185145
2019-01-07,76.099998,76.43,75.34,75.44,2380884
2019-01-08,75.48,76.029999,74.85,75.9,2979046
2019-01-09,75.71,76.099998,75.029999,75.3,1662873
2019-01-10,75.37,76.68,75.25,76.55,1857777
2019-01-11,76.43,76.51,75.56,75.93,1378436
2019-01-14,75.55,75.55,73.3,74.45,3737619
2019-01-15,74.15,75.85,74.15,75.79,2157210
2019-01-16,75.66,76.44,75.25,76.38,2226755
2019-01-17,76.35,77.099998,76.18,77.029999,2250439
2019-01-18,76.67,77.059998,76.22,76.51,3019414
2019-01-22,76.64,77.36,76.050003,76.74,2766827
2019-01-23,76.72,77.36,76.51,76.98,2417854
2019-01-24,77.080002,77.7,76.35,77.66,2522897
2019-01-25,77.44,77.99,75.85,75.95,2827466
2019-01-28,76.11,76.58,75.25,75.59,2168492
2019-01-29,75.75,76.28,75.59,75.89,1566189
2019-01-30,75.61,76.39,75.48,76.19,1716306
2019-01-31,76.029999,77.88,75.62,77.65,3342283
2019-02-01,77.47,77.58,75.9,76.68,2006601
2019-02-04,76.35,77.58,76.029999,77.57,2393118
2019-02-05,77.5,78.0,77.010002,77.59,1976591
2019-02-06,77.45,77.83,77.080002,77.26,1490720
2019-02-07,77.54,78.13,76.8,78.11,1860660
2019-02-08,78.050003,78.95,77.83,78.93,1755228
2019-02-11,78.87,79.37,78.6,78.97,1647358
2019-02-12,78.42,78.87,77.74,78.57,1834075
2019-02-13,77.83,78.099998,77.21,77.83,2668478
2019-02-14,77.99,78.41,77.57,78.040001,2062448
2019-02-15,78.39,78.76,78.25,78.51,1693621
2019-02-19,78.41,79.11,78.32,78.87,2258866
2019-02-20,78.81,79.24,78.18,79.010002,1852638
2019-02-21,78.66,80.089996,78.59,80.0,1552797
2019-02-22,80.69,82.19,80.42,82.099998,3514744
2019-02-25,82.0,82.22,81.14,81.62,2269494
2019-02-26,81.85,81.88,81.07,81.36,1398720
2019-02-27,81.26,81.91,80.98,81.66,1337575
2019-02-28,81.7,82.73,81.55,82.45,2315576
2019-03-01,82.45,82.84,81.85,82.66,1629048
2019-03-04,83.099998,83.24,82.44,83.2,1661726
2019-03-05,83.17,83.33,82.8,82.93,1428286
2019-03-06,83.12,83.73,82.73,83.33,2346550
2019-03-07,83.56,84.35,83.24,83.34,1908184
2019-03-08,83.57,83.85,83.010002,83.82,1773897
2019-03-11,83.76,84.39,83.66,84.27,1838090
2019-03-12,84.45,85.27,84.16,84.93,2578881
2019-03-13,85.029999,85.47,84.71,85.18,1549853
2019-03-14,85.19,85.57,84.78,84.98,1903473
2019-03-15,85.21,85.43,84.68,84.84,4209029
2019-03-18,84.94,85.17,84.25,84.7,2556124
2019-03-19,84.7,84.7,83.44,83.81,2030370
2019-03-20,83.95,84.61,83.34,83.84,1788426
2019-03-21,83.91,84.51,83.64,84.39,1349107
2019-03-22,84.69,85.59,84.42,84.91,1858358
2019-03-25,85.12,85.42,84.61,85.099998,1335759
2019-03-26,85.099998,85.78,84.91,85.68,1081441
2019-03-27,85.81,85.87,84.83,85.16,1519120
2019-03-28,85.26,85.45,83.8,84.27,1935054
2019-03-29,84.27,84.88,83.91,84.81,1623626
2019-04-01,84.67,84.67,83.55,84.32,1771252
2019-04-02,84.3,84.79,83.79,84.76,1272457
2019-04-03,84.51,84.75,83.66,84.44,1217678
2019-04-04,84.57,84.76,83.55,83.99,1281273
2019-04-05,84.0,84.84,83.62,84.81,921232
2019-04-08,84.45,84.66,83.66,83.79,1792547
2019-04-09,83.77,84.22,83.7,84.16,951083
2019-04-10,84.27,84.98,83.78,83.87,1006347
2019-04-11,84.0,84.58,83.77,84.47,1086356
2019-04-12,84.24,84.66,83.61,84.55,1640808
2019-04-15,84.66,85.029999,84.26,84.61,1017425
2019-04-16,84.65,84.89,83.32,83.62,1850967
2019-04-17,83.76,84.17,83.4,83.9,1494513
2019-04-18,83.92,84.23,83.53,83.61,1417055
2019-04-22,83.61,83.99,83.58,83.86,1298020
2019-04-23,83.94,84.33,83.47,84.19,1407300
2019-04-24,84.45,84.75,83.97,84.32,1764541
2019-04-25,84.18,84.97,83.97,84.52,1522619
2019-04-26,85.37,85.9,84.87,84.97,3038703
2019-04-29,84.73,84.9,84.11,84.48,1334184
2019-04-30,84.58,86.23,84.43,86.16,2361417
2019-05-01,85.78,86.15,85.16,85.23,1266008
2019-05-02,85.34,85.65,84.65,85.16,1486909
2019-05-03,85.59,86.5,85.59,86.029999,1720991
2019-05-06,86.35,86.35,85.16,85.42,1364418
2019-05-07,85.47,85.74,84.95,85.21,1295912
2019-05-08,84.54,84.75,83.66,83.93,8777650
2019-05-09,84.0,84.5,83.61,84.0,7437185
2019-05-10,84.0,85.3,83.88,85.3,2657998
2019-05-13,85.040001,86.19,85.0,86.040001,2726845
2019-05-14,85.55,85.59,84.72,84.9,2130357
2019-05-15,85.099998,85.85,84.83,85.51,1727061
2019-05-16,85.3,86.49,85.0,86.37,1491342
2019-05-17,86.029999,87.33,86.029999,86.94,1804342
2019-05-20,87.17,87.65,86.81,87.010002,1316677
2019-05-21,87.25,87.69,86.62,86.69,3080802
2019-05-22,86.9,87.7,86.5,87.52,1113571
2019-05-23,87.66,88.41,87.35,88.38,1376925
2019-05-24,88.4,88.92,88.080002,88.14,1099435
2019-05-28,88.48,88.48,86.75,86.75,3027892
2019-05-29,86.95,87.14,85.35,85.61,1987420
2019-05-30,85.6,86.029999,85.040001,85.25,1469312
2019-05-31,85.36,86.38,85.24,86.3,1795705
2019-06-03,86.31,87.51,86.040001,87.37,1503867
2019-06-04,87.36,87.64,85.55,87.53,1719456
2019-06-05,88.050003,89.55,87.61,89.32,1632598
2019-06-06,89.64,89.78,89.059998,89.5,1445117
2019-06-07,89.85,90.51,88.059998,88.31,2132724
2019-06-10,87.96,88.089996,86.73,87.23,1584696
2019-06-11,87.14,87.65,86.12,86.72,1710463
2019-06-12,87.080002,87.83,87.080002,87.72,1063546
2019-06-13,87.88,88.28,87.050003,87.78,2697138
2019-06-14,87.96,88.95,87.93,88.54,1560510
2019-06-17,88.44,88.75,87.63,88.13,1797564
2019-06-18,88.96,88.96,87.12,88.07,1868368
2019-06-19,88.0,89.3,87.7,88.88,1508831
2019-06-20,88.95,89.38,88.2,88.88,2382883
2019-06-21,88.94,89.42,88.17,89.21,3588875
2019-06-24,89.26,90.45,89.050003,89.65,1409104
2019-06-25,89.75,89.89,88.77,88.94,1091176
2019-06-26,88.68,88.77,87.23,87.31,1525179
2019-06-27,87.48,87.9,86.88,87.26,1787755
2019-06-28,87.16,88.12,87.0,87.68,2607930
2019-07-01,87.58,87.64,86.53,87.36,1328183
2019-07-02,87.67,88.85,87.56,88.42,1286756
2019-07-03,88.72,89.77,88.72,89.23,698428
2019-07-05,88.4,88.86,87.35,88.81,1227319
2019-07-08,89.13,89.36,88.27,88.86,1267326
2019-07-09,88.82,89.019997,88.089996,88.72,1336918
2019-07-10,89.040001,89.42,88.62,89.11,1046439
2019-07-11,89.11,89.59,88.28,89.24,1006605
2019-07-12,89.27,89.27,88.24,88.96,1272735
2019-07-15,88.35,88.94,88.029999,88.55,1401878
2019-07-16,88.38,88.63,87.25,87.82,1335139
2019-07-17,88.12,88.4,87.55,87.59,1375162
2019-07-18,87.56,88.52,87.050003,88.35,1330987
2019-07-19,88.27,88.53,87.099998,87.24,1427831
2019-07-22,87.48,87.58,86.24,86.82,1484031
2019-07-23,86.58,86.82,86.040001,86.51,1444796
2019-07-24,86.82,87.099998,86.010002,86.53,1828526
2019-07-25,86.59,87.050003,85.74,86.089996,1113001
2019-07-26,86.019997,86.64,85.69,86.34,1098933
2019-07-29,86.53,86.84,85.98,86.66,1147443
2019-07-30,86.38,86.82,84.96,85.4,1846078
2019-07-31,85.36,85.89,84.42,84.96,2917154
2019-08-01,84.78,86.5,84.59,85.93,1362754
2019-08-02,87.07,87.39,85.96,86.13,2339355
2019-08-05,86.28,86.62,84.79,85.48,2530614
2019-08-06,85.43,86.91,84.45,86.63,1709833
2019-08-07,86.57,87.56,85.33,87.059998,1405498
2019-08-08,86.86,87.71,86.44,87.53,1508547
2019-08-09,87.53,87.88,86.95,87.26,984527
2019-08-12,87.31,87.68,86.82,87.46,1695733
2019-08-13,86.74,87.010002,85.98,86.75,1321502
2019-08-14,86.8,87.44,85.72,85.97,1598020
2019-08-15,85.77,87.29,85.68,86.97,1194648
2019-08-16,86.95,87.46,86.75,87.2,1213089
2019-08-19,87.21,88.49,86.93,88.14,1085925
2019-08-20,88.43,88.48,87.53,87.76,1012991
2019-08-21,87.7,88.34,87.62,88.28,1547012
2019-08-22,88.18,88.68,87.76,88.24,1476551
2019-08-23,88.48,88.79,86.51,86.91,1755728
2019-08-26,87.27,87.82,86.82,87.77,959688
2019-08-27,88.24,88.8,87.98,88.040001,1445376
2019-08-28,88.13,88.53,87.35,87.77,1666890
2019-08-29,88.18,88.23,87.52,88.15,2714061
2019-08-30,88.54,89.11,87.91,88.9,1719234
2019-09-03,88.9,90.69,88.67,90.64,2005482
2019-09-04,90.8,91.12,90.19,90.85,1273399
2019-09-05,90.26,91.010002,89.72,90.88,2572395
2019-09-06,91.11,91.58,90.74,91.14,2235986
2019-09-09,90.69,90.78,90.019997,90.39,2276632
2019-09-10,90.35,90.39,88.58,89.33,2188760
2019-09-11,89.0,90.080002,88.64,89.93,1481436
2019-09-12,90.47,90.87,89.61,90.19,1695704
2019-09-13,89.36,90.22,89.15,89.81,1801350
2019-09-16,89.89,90.21,89.48,89.93,1249228
2019-09-17,90.040001,91.45,90.040001,90.93,1244119
2019-09-18,91.27,91.64,90.69,91.48,1140751
2019-09-19,91.77,91.98,91.41,91.88,1007014
2019-09-20,92.18,92.53,91.4,92.4,3586511
2019-09-23,93.27,93.32,92.49,92.75,1362132
2019-09-24,92.94,94.14,92.71,93.96,2060235
2019-09-25,93.65,94.089996,93.35,93.99,1223062
2019-09-26,94.36,94.96,93.99,94.65,1255090
2019-09-27,94.65,94.83,93.92,94.62,1160810
2019-09-30,94.71,94.97,94.010002,94.47,1503263
2019-10-01,94.17,94.48,93.62,94.099998,1224582
2019-10-02,93.87,94.25,92.58,92.67,1688410
2019-10-03,92.79,93.099998,92.41,93.019997,1802425
2019-10-04,93.31,94.23,92.83,94.14,1155216
2019-10-07,93.85,94.11,93.51,93.86,896127
2019-10-08,93.84,93.91,92.86,93.0,1504451
2019-10-09,93.14,93.74,92.97,93.36,866858
2019-10-10,93.29,93.49,92.54,93.050003,1179960
2019-10-11,92.85,92.98,91.93,92.22,1322788
2019-10-14,92.34,92.34,91.22,91.25,1027005
2019-10-15,91.19,91.57,90.63,90.74,1543013
2019-10-16,90.59,90.93,90.26,90.84,1295063
2019-10-17,90.85,91.52,90.81,91.3,1098699
2019-10-18,91.17,91.63,90.73,91.49,1135159
2019-10-21,91.65,92.74,91.5,92.68,2124014
2019-10-22,92.68,93.34,92.4,93.28,1248731
2019-10-23,93.36,94.07,93.050003,93.7,1469481
2019-10-24,93.89,94.42,93.51,94.29,1038819
2019-10-25,94.86,94.93,92.9,93.32,1299519
2019-10-28,92.92,93.22,91.080002,91.089996,1778726
2019-10-29,90.93,91.53,90.66,91.42,1307402
2019-10-30,91.48,92.040001,90.96,91.66,1207762
2019-10-31,91.73,92.29,91.36,92.22,2296772
2019-11-01,92.24,92.41,90.95,91.12,1606955
2019-11-04,90.82,91.059998,89.57,89.92,2359828
2019-11-05,89.099998,89.29,87.52,88.32,2829795
2019-11-06,88.64,89.18,88.080002,88.62,1824089
2019-11-07,87.92,88.15,86.59,87.22,2322518
2019-11-08,87.2,87.92,86.92,87.92,1402104
2019-11-11,87.91,88.0,87.34,87.5,1211602
2019-11-12,86.93,87.12,86.099998,86.42,1425341
2019-11-13,86.94,87.79,86.76,87.5,1996613
2019-11-14,86.5,87.45,86.45,87.24,1698017
2019-11-15,87.3,87.74,87.16,87.73,1127080
2019-11-18,87.99,88.66,87.29,87.47,1137145
2019-11-19,87.2,87.25,86.3,86.88,1860703
2019-11-20,87.19,87.5,86.55,87.31,1377899
2019-11-21,86.5,87.029999,86.32,86.82,1441624
2019-11-22,86.67,86.95,85.69,86.19,1874721
2019-11-25,86.099998,86.4,85.67,86.040001,1110682
2019-11-26,86.089996,86.5,85.86,86.44,2063261
2019-11-27,86.46,86.88,86.3,86.73,1007656
2019-11-29,87.089996,87.78,86.63,86.89,747271
2019-12-02,86.5,86.64,85.47,85.55,1329290
2019-12-03,85.9,86.49,85.6,86.29,1618345
2019-12-04,85.94,86.92,85.94,86.78,1356761
2019-12-05,86.6,86.76,86.25,86.69,1072948
2019-12-06,86.54,87.19,86.47,86.79,1007784
2019-12-09,86.8,86.82,86.32,86.56,1464307
2019-12-10,86.65,87.19,86.43,86.8,1517504
2019-12-11,87.0,87.65,86.82,87.59,1817564
2019-12-12,87.42,87.86,87.019997,87.52,1838133
2019-12-13,87.21,88.099998,86.92,87.83,2174842
2019-12-16,88.050003,88.36,87.49,88.23,2829931
2019-12-17,88.32,89.41,88.19,88.53,1681038
2019-12-18,88.94,89.23,88.46,89.0,1810234
2019-12-19,89.07,89.75,88.94,89.7,2234314
2019-12-20,90.14,91.14,89.78,90.63,3551185
2019-12-23,90.84,91.099998,89.42,89.78,1346191
2019-12-24,89.75,89.81,89.24,89.67,350715
2019-12-26,89.74,89.82,89.16,89.65,717516
2019-12-27,89.66,89.99,89.51,89.94,836590
2019-12-30,89.7,90.19,89.55,90.19,1264162
2019-12-31,90.19,90.49,89.81,90.47,1153574
2020-01-02,90.55,90.65,88.47,88.86,1281564
2020-01-03,88.56,89.23,88.46,88.63,1379633
2020-01-06,88.67,89.059998,88.099998,88.34,1395456
2020-01-07,88.0,88.58,87.18,87.67,1898475
2020-01-08,87.080002,87.38,86.69,86.97,2254984
2020-01-09,86.82,87.25,86.71,86.88,1523204
2020-01-10,87.099998,87.75,87.059998,87.49,1453411
2020-01-13,87.47,88.19,87.29,87.79,1351795
2020-01-14,87.83,88.059998,87.13,87.78,2134494
2020-01-15,88.059998,89.19,87.94,88.96,1944206
2020-01-16,89.080002,89.32,88.96,89.17,1707107
2020-01-17,89.17,90.42,88.93,90.24,2538383
2020-01-21,90.37,90.87,89.88,90.83,2140873
2020-01-22,91.2,91.6,91.010002,91.16,1581737
2020-01-23,91.2,92.79,91.2,92.77,1741860
2020-01-24,92.56,93.72,92.52,93.61,1455865
2020-01-27,93.71,94.16,93.12,93.41,1999367
2020-01-28,93.47,94.68,93.47,94.18,1496505
2020-01-29,94.07,94.62,93.55,94.44,1640796
2020-01-30,94.5,94.93,93.91,94.74,1429726
2020-01-31,94.64,95.099998,93.55,94.0,3781529
2020-02-03,94.16,94.32,93.34,93.85,1434353
2020-02-04,93.73,94.059998,92.5,92.54,1631889
2020-02-05,92.4,93.49,92.18,93.4,1270831
2020-02-06,93.57,93.96,93.23,93.47,1212741
2020-02-07,93.78,93.96,92.78,92.78,1098516
2020-02-10,92.81,93.089996,92.29,93.080002,1029868
2020-02-11,93.29,93.62,93.010002,93.18,1141743
2020-02-12,92.79,93.15,92.44,92.87,1552527
2020-02-13,92.8,93.74,92.23,93.64,1244306
2020-02-14,93.92,94.48,93.75,94.3,1249173
2020-02-18,93.72,94.58,93.63,94.35,2172713
2020-02-19,94.27,94.58,93.73,93.88,1029906
2020-02-20,93.87,94.65,93.63,94.58,1319292
2020-02-21,91.21,91.68,89.27,90.18,3976892
2020-02-24,89.46,90.13,88.6,88.89,2393497
2020-02-25,89.2,89.4,88.019997,88.25,2328693
2020-02-26,88.43,89.15,87.67,87.69,2455375
2020-02-27,87.35,87.89,83.17,83.19,2752617
2020-02-28,81.26,81.28,77.8,78.82,5357530
2020-03-02,79.59,84.82,79.28,84.53,3615465
2020-03-03,84.39,86.43,83.57,83.84,3129749
2020-03-04,84.81,88.34,84.81,88.010002,2415126
2020-03-05,86.65,88.080002,86.07,87.58,2282940
2020-03-06,85.29,88.5,85.16,87.9,4705566
2020-03-09,85.55,89.93,83.52,88.66,5398434
2020-03-10,89.41,91.53,87.4,89.4,4040365
2020-03-11,87.57,88.0,84.69,86.5,4162782
2020-03-12,80.63,86.010002,78.43,83.79,6073045
2020-03-13,86.34,89.16,84.019997,88.07,5699658
2020-03-16,82.65,86.64,78.82,79.55,5037269
2020-03-17,81.42,94.63,81.42,93.88,5431965
2020-03-18,88.91,93.88,86.43,92.2,4117639
2020-03-19,92.56,92.56,79.56,80.089996,5082117
2020-03-20,81.24,81.5,71.07,72.59,4902417
2020-03-23,72.5,72.69,62.029999,65.35,5018114
2020-03-24,67.5,71.21,64.58,70.51,3372220
2020-03-25,69.35,74.46,67.8,70.93,3122064
2020-03-26,70.62,76.73,70.2,75.92,2771015
2020-03-27,74.26,79.72,74.010002,77.9,2291656
2020-03-30,79.72,81.089996,78.040001,80.73,2557246
2020-03-31,79.75,80.0,77.34,78.0,3390908
2020-04-01,75.71,78.44,75.25,77.61,6352538
2020-04-02,76.0,79.63,76.0,78.93,3021824
2020-04-03,78.22,78.93,76.99,77.9,3904532
2020-04-06,80.71,83.0,79.57,81.050003,2608074
2020-04-07,82.94,83.22,79.65,79.92,2173713
2020-04-08,80.56,84.74,79.52,83.83,1975116
2020-04-09,83.89,89.37,83.86,87.94,2111902
2020-04-13,86.18,87.15,84.07,84.84,1095858
2020-04-14,87.010002,89.49,86.080002,89.3,1814029
2020-04-15,87.99,88.080002,86.099998,86.97,1425709
2020-04-16,87.68,89.31,87.36,88.41,1594483
2020-04-17,89.53,90.0,87.65,89.56,1211986
2020-04-20,88.96,89.43,85.33,85.47,1550980
2020-04-21,84.47,85.0,82.71,83.49,2118227
2020-04-22,84.73,85.050003,83.54,84.12,1497236
2020-04-23,84.12,84.79,81.56,81.78,1868220
2020-04-24,82.19,82.85,80.91,82.64,1748749
2020-04-27,82.86,83.45,82.52,82.67,1518312
2020-04-28,83.88,85.029999,82.71,83.099998,1687128
2020-04-29,85.95,85.95,81.099998,81.28,2020483
2020-04-30,80.69,80.82,78.22,78.8,3129547
2020-05-01,78.35,78.44,76.64,77.25,1785973
2020-05-04,76.82,77.37,75.77,77.059998,1756030
2020-05-05,77.17,78.57,76.7,77.54,1627107
2020-05-06,77.54,78.0,74.2,74.38,2274374
2020-05-07,75.040001,75.66,73.91,74.07,2339968
2020-05-08,74.9,74.94,72.88,74.18,2325494
2020-05-11,73.78,74.14,72.21,72.64,2294531
2020-05-12,71.88,72.14,70.76,71.59,2524787
2020-05-13,71.24,71.55,69.85,71.46,2130521
2020-05-14,70.87,72.18,69.25,71.64,2131714
2020-05-15,71.17,71.24,69.16,70.36,3950378
2020-05-18,72.010002,73.78,71.42,73.11,2247918
2020-05-19,72.62,73.089996,70.86,70.88,1809137
2020-05-20,71.33,72.37,70.39,70.74,1714158
2020-05-21,70.44,71.16,69.67,69.92,1317962
2020-05-22,69.86,70.31,69.45,70.18,1397047
2020-05-26,71.010002,72.34,70.82,71.19,2232130
2020-05-27,72.080002,72.55,70.56,71.25,1616051
2020-05-28,72.27,73.28,72.07,73.15,1567420
2020-05-29,72.86,75.21,72.45,75.059998,3220692
2020-06-01,74.97,75.71,73.93,75.07,1612133
2020-06-02,75.43,75.52,73.99,74.82,1418068
2020-06-03,75.2,76.29,75.0,75.67,1512643
2020-06-04,75.23,75.61,73.85,74.83,1676091
2020-06-05,75.3,76.21,74.96,75.33,1916794
2020-06-08,75.4,77.77,75.099998,77.71,1915281
2020-06-09,77.25,77.34,75.87,76.7,1868249
2020-06-10,76.5,77.67,76.5,76.95,1784184
2020-06-11,75.77,75.99,73.81,74.67,2175740
2020-06-12,76.07,76.4,74.27,75.38,2456917
2020-06-15,74.37,76.8,73.85,75.6,2742488
2020-06-16,77.019997,78.17,75.94,76.37,1880302
2020-06-17,76.62,76.68,74.81,75.29,1933933
2020-06-18,74.98,75.9722,74.51,74.87,1406556
2020-06-19,75.92,75.92,71.44,71.44,4591607
2020-06-22,71.44,72.68,70.8634,71.42,2184293
2020-06-23,72.12,72.32,70.7,70.94,1395319
2020-06-24,70.32,72.010002,69.91,71.53,2437094
2020-06-25,71.26,71.38,69.81,70.62,2435626
2020-06-26,70.64,71.98,70.46,71.28,3422626
2020-06-29,71.76,72.7,70.69,72.7,1594235
2020-06-30,72.61,72.98,71.010002,71.93,2206182
2020-07-01,71.93,73.42,71.82,73.099998,1692136
2020-07-02,73.099998,74.355,73.010002,73.81,1430439
2020-07-06,74.47,75.12,72.5,73.099998,1520813
2020-07-07,72.21,72.76,72.12,72.5,1775795
2020-07-08,72.67,72.88,71.84,72.43,1455094
2020-07-09,71.99,72.099998,70.010002,71.71,1698580
2020-07-10,71.71,72.7,71.46,72.48,1746074
2020-07-13,72.49,72.7779,71.69,72.16,1868617
2020-07-14,72.19,73.26,71.61,72.17,2122991
2020-07-15,72.31,72.9,71.38,71.51,2357554
2020-07-16,71.68,72.29,71.46,71.84,1158004
2020-07-17,72.029999,74.12,72.029999,74.07,1742336
2020-07-20,73.62,73.85,72.88,73.26,1455143
2020-07-21,73.019997,74.98,72.885,74.28,2174713
2020-07-22,74.029999,76.18,73.55,75.76,1714747
2020-07-23,75.77,76.77,75.535,76.25,1575068
2020-07-24,76.62,77.65,75.2601,75.58,1619232
2020-07-27,75.38,75.39,74.089996,74.76,1731902
2020-07-28,74.43,76.67,74.43,76.36,1520606
2020-07-29,76.28,76.9,75.5,76.7,1515696
2020-07-30,76.11,77.14,75.87,76.94,2133046
2020-07-31,76.56,77.11,75.85,76.83,4369318
2020-08-03,76.55,76.65,75.24,75.91,1645780
2020-08-04,75.75,76.69,75.66,75.9,1873672
2020-08-05,75.59,75.95,73.5,73.66,2158513
2020-08-06,73.89,74.12,73.15,73.92,1580033
2020-08-07,73.25,75.8,73.22,75.11,1634010
2020-08-10,75.94,76.34,75.2,75.38,1505830
2020-08-11,75.0,75.41,73.12,73.26,1970822
2020-08-12,73.51,74.89,73.44,74.26,1370207
2020-08-13,73.85,74.029999,72.99,73.77,1566376
2020-08-14,73.35,74.089996,72.79,73.53,1641648
2020-08-17,73.81,75.014999,73.4,74.41,2529348
2020-08-18,73.65,73.95,73.115,73.35,1548819
2020-08-19,73.35,73.89,72.9,73.44,1742309
2020-08-20,73.099998,73.72,72.32,72.4,2444139
2020-08-21,72.67,72.7,71.18,72.2,3823731
2020-08-24,72.32,74.33,71.845,74.32,2326534
2020-08-25,74.36,74.48,72.69,73.010002,2057120
2020-08-26,72.45,72.45,70.3122,70.78,2667501
2020-08-27,71.0,71.79,70.55,71.07,1808717
2020-08-28,71.26,71.26,70.099998,70.92,1480009
2020-08-31,70.61,71.45,70.59,71.34,2461865
2020-09-01,70.88,71.0,69.37,69.65,1867773
2020-09-02,69.56,72.41,69.3,72.23,2391849
2020-09-03,72.61,73.57,71.78,72.4,3609511
2020-09-04,72.86,73.51,71.9,73.040001,3121271
2020-09-08,72.99,73.44,72.080002,72.8,3104473
2020-09-09,73.34,74.55,72.86,72.91,1970093
2020-09-10,72.63,74.25,71.68,72.77,8656367
2020-09-11,72.68,73.040001,72.11,72.74,2176447
2020-09-14,73.44,74.48,72.82,74.22,2308923
2020-09-15,74.74,75.59,73.962,74.47,2637308
2020-09-16,74.3,76.34,74.0,75.68,3961190
2020-09-17,75.27,76.55,74.61,75.93,3690408
2020-09-18,75.38,75.92,73.64,73.88,4431889
2020-09-21,73.33,73.72,71.73,72.84,3213090
2020-09-22,72.64,74.19,72.48,73.7,2868166
2020-09-23,73.74,73.96,73.21,73.32,2228616
2020-09-24,73.37,74.16,72.55,73.93,1878071
2020-09-25,73.49,75.875,73.47,75.77,1561444
2020-09-28,75.98,77.155,75.51,76.32,1657605
2020-09-29,76.73,77.7,76.2508,76.98,1608518
2020-09-30,77.45,78.059998,77.16,77.8,1773126
2020-10-01,78.050003,79.080002,77.74,79.040001,1562378
2020-10-02,78.53,80.21,78.26,79.77,1718928
2020-10-05,79.6,80.334,79.105,79.93,1357847
2020-10-06,80.059998,81.22,79.46,80.76,1530775
2020-10-07,81.089996,81.23,79.8401,80.83,1336209
2020-10-08,81.25,82.35,80.89,82.27,1212072
2020-10-09,82.39,82.92,81.5176,82.55,1170312
2020-10-12,82.45,83.13,82.4,82.89,946355
2020-10-13,82.099998,82.63,80.84,82.32,1213399
2020-10-14,82.4,82.7,81.53,82.24,1075033
2020-10-15,81.15,82.26,80.89,81.74,1286858
2020-10-16,81.7,82.71,81.31,81.7,2205257
2020-10-19,81.69,82.34,80.52,80.79,2936330
2020-10-20,80.0,81.29,79.8245,80.6,1627735
2020-10-21,80.37,81.0,79.9,80.33,1486953
2020-10-22,80.57,81.61,80.0,81.44,1509489
2020-10-23,81.97,82.089996,81.23,81.6,1473627
2020-10-26,81.23,82.89,80.94,82.74,1342254
2020-10-27,82.95,83.9247,82.22,83.050003,1553267
2020-10-28,82.050003,82.94,79.96,80.16,1778774
2020-10-29,79.98,80.75,78.855,79.77,1599272
2020-10-30,79.37,79.815,77.64,78.49,2353725
2020-11-02,79.39,80.080002,78.13,79.78,2603534
2020-11-03,80.59,82.059998,80.38,81.32,1722196
2020-11-04,81.32,82.28,79.54,79.56,1437920
2020-11-05,80.36,81.555,79.44,79.73,1659691
2020-11-06,79.3,79.9699,77.28,77.8,2928858
2020-11-09,80.28,81.66,78.85,79.28,2248858
2020-11-10,79.74,82.28,79.345,82.080002,3040341
2020-11-11,82.35,82.73,81.405,81.72,2692957
2020-11-12,81.45,81.71,79.51,80.51,2077925
2020-11-13,80.91,81.75,80.5,81.63,1712426
2020-11-16,82.49,82.75,81.92,82.71,2330416
2020-11-17,81.83,82.2,79.19,79.25,3696033
2020-11-18,79.5,79.66,77.55,77.69,2034911
2020-11-19,77.64,77.64,76.48,77.099998,1723012
2020-11-20,77.43,77.66,76.7,77.39,4304951
2020-11-23,77.58,78.050003,77.010002,77.57,1814519
2020-11-24,78.07,78.8997,77.63,78.38,1869508
2020-11-25,78.42,78.72,77.43,78.66,1631530
2020-11-27,78.51,78.59,77.51,77.77,722067
2020-11-30,77.5,77.77,75.92,76.25,2605188
2020-12-01,76.66,77.5,76.35,76.91,2242954
2020-12-02,75.84,77.080002,75.35,77.029999,3485641
2020-12-03,76.79,76.79,75.4,75.91,1946937
2020-12-04,75.83,76.54,75.010002,75.31,3239617
2020-12-07,75.17,75.66,74.6,74.84,3177051
2020-12-08,74.55,75.29,74.12,74.56,2623553
2020-12-09,74.52,74.91,73.55,74.24,2905619
2020-12-10,74.23,74.5,73.059998,73.35,3525810
2020-12-11,72.96,74.11,72.89,73.16,4566248
2020-12-14,73.65,74.27,72.305,72.41,4119335
2020-12-15,72.79,73.57,72.3696,73.0,3451345
2020-12-16,73.059998,73.49,71.55,71.75,3596176
2020-12-17,72.099998,72.8642,71.6,71.62,2229606
2020-12-18,71.86,72.49,70.675,71.15,6443891
2020-12-21,70.68,70.95,69.28,69.95,4622004
2020-12-22,69.87,69.87,69.29,69.65,2362683
2020-12-23,70.010002,71.25,69.8889,70.07,2829539
2020-12-24,70.23,70.46,69.65,70.44,843540
2020-12-28,70.71,71.59,70.6,71.26,2107527
2020-12-29,71.55,71.81,70.59,70.76,1472246
2020-12-30,70.77,71.25,70.59,71.019997,1509888
2020-12-31,70.88,72.32,70.76,72.27,2081407
2021-01-04,72.27,72.36,70.22,70.66,2488756
2021-01-05,70.7,70.939,69.61,69.87,2192606
2021-01-06,70.0,71.67,69.91,71.36,2417336
2021-01-07,71.3,71.49,69.82,69.91,3066415
2021-01-08,70.4,70.4,69.52,69.93,2504226
2021-01-11,69.7,70.099998,68.25,68.73,2773722
2021-01-12,68.43,68.65,66.92,67.92,2766457
2021-01-13,68.12,69.74,68.0,69.61,1930793
2021-01-14,69.87,69.95,68.35,68.46,4223304
2021-01-15,68.26,69.67,68.044296,69.6,2139657
2021-01-19,69.82,69.91,68.94,69.48,2554956
2021-01-20,68.98,70.18,68.87,69.94,2784102
2021-01-21,69.040001,69.9,68.94,69.15,2241685
2021-01-22,68.41,69.089996,67.86,68.83,2365013
2021-01-25,68.7,70.68,68.63,70.64,3095379
2021-01-26,70.6,70.64,69.72,70.28,2261078
2021-01-27,69.92,73.089996,69.7241,71.54,5693939
2021-01-28,71.31,72.0,70.040001,70.21,3986230
2021-01-29,70.07,71.42,69.52,70.78,6527637
2021-02-01,70.78,71.585,69.52,70.75,2429262
2021-02-02,70.9,72.040001,70.2,70.26,2185707
2021-02-03,70.019997,70.86,70.0,70.51,1767350
2021-02-04,70.6,71.0,70.029999,70.59,2391215
2021-02-05,71.019997,71.85,70.62,71.5,1642333
2021-02-08,71.78,71.96,71.029999,71.28,1817885
2021-02-09,71.52,71.64,70.47,71.35,1447810
2021-02-10,71.8,72.32,71.38,72.31,1412584
2021-02-11,72.31,72.42,71.66,71.82,1792018
2021-02-12,71.87,72.089996,70.7,71.059998,1595654
2021-02-16,70.26,70.49,69.4,70.050003,2264714
2021-02-17,70.16,70.52,69.69,70.16,1659619
2021-02-18,70.0,70.45,69.805,70.019997,3042065
2021-02-19,69.51,69.6425,67.94,68.18,4358716
2021-02-22,67.75,68.080002,66.6312,67.97,3936992
2021-02-23,68.57,68.7,67.31,67.67,3356754
2021-02-24,67.74,67.9,66.59,66.65,3339763
2021-02-25,66.7,67.35,66.61,67.15,2200290
2021-02-26,67.19,67.62,65.56,65.65,4072588
2021-03-01,66.13,67.6,66.059998,67.040001,4424474
2021-03-02,67.13,67.65,66.31,67.080002,2253857
2021-03-03,66.83,67.62,66.4,67.43,1999328
2021-03-04,67.5,69.029999,66.79,66.96,2850059
2021-03-05,67.36,68.665,66.8229,68.3,3702783
2021-03-08,68.82,70.044998,68.33,69.5,2990285
2021-03-09,69.099998,69.97,68.856,69.69,3908530
2021-03-10,69.82,71.019997,69.445,70.37,3268649
2021-03-11,69.93,70.56,69.5689,69.82,3595256
2021-03-12,70.38,71.37,70.18,70.94,2896520
2021-03-15,71.26,72.22,71.23,71.82,3187583
2021-03-16,71.3,72.31,71.22,72.080002,2775413
2021-03-17,72.32,72.93,71.73,71.79,4615288
2021-03-18,71.92,72.82,71.54,72.22,3839547
2021-03-19,72.58,72.87,71.68,72.3,5562642
2021-03-22,71.81,72.25,71.405,72.050003,3343807
2021-03-23,71.94,73.4,71.885,73.24,3325193
2021-03-24,72.76,73.94,72.5557,73.43,2049112
2021-03-25,73.93,74.74,73.35,74.27,2039506
2021-03-26,73.9,74.5,73.45,74.44,1649166
2021-03-29,74.44,76.050003,74.2582,75.45,1724552
2021-03-30,75.25,75.28,73.94,74.38,1594862
2021-03-31,74.12,74.94,74.099998,74.8,3505864
2021-04-01,74.51,74.74,73.82,74.29,2038316
2021-04-05,74.4,75.535,74.36,75.28,1818046
2021-04-06,74.99,75.69,74.75,75.69,1255067
2021-04-07,75.76,76.07,74.94,75.31,1487824
2021-04-08,75.65,75.71,75.029999,75.12,1855485
2021-04-09,75.0,75.6,75.0,75.17,1680539
2021-04-12,75.35,76.0,75.12,75.32,1454685
2021-04-13,75.010002,76.059998,74.82,75.87,1855091
2021-04-14,75.57,76.18,75.32,76.16,1408602
2021-04-15,75.96,77.24,75.96,77.19,3009253
2021-04-16,77.47,78.48,77.38,78.21,2229738
2021-04-19,78.48,78.57,77.64,78.35,1716657
2021-04-20,78.5,79.8,78.35,79.35,2589938
2021-04-21,79.49,79.75,78.27,78.36,1860870
2021-04-22,78.18,78.43,77.72,78.11,1490815
2021-04-23,78.099998,78.2788,77.39,77.45,1349544
2021-04-26,77.45,77.63,76.65,76.87,1546971
2021-04-27,76.9,76.94,76.12,76.19,1592975
2021-04-28,76.52,76.682,75.8217,76.21,1374369
2021-04-29,76.080002,76.99,76.080002,76.71,3188067
2021-04-30,77.050003,77.43,76.25,77.41,1961989
2021-05-03,77.5,78.67,77.35,77.75,1517493
2021-05-04,77.92,78.63,77.57,78.12,1526079
2021-05-05,78.0,78.33,76.089996,76.89,1928496
2021-05-06,77.2,77.99,76.57,77.86,1793561
2021-05-07,78.12,80.13,78.089996,78.089996,2656447
2021-05-10,78.4,80.43,78.4,79.85,2391055
2021-05-11,80.080002,80.34,78.56,79.34,1954682
2021-05-12,79.49,79.54,77.76,77.9,2054426
2021-05-13,77.63,79.82,77.63,79.28,2065732
2021-05-14,79.61,80.099998,78.87,78.97,1535564
2021-05-17,79.080002,79.905,78.72,78.73,2743825
2021-05-18,77.88,78.099998,77.24,77.74,2344110
2021-05-19,77.69,78.059998,77.12,77.98,2783431
2021-05-20,78.13,79.34,78.13,78.42,1810855
2021-05-21,78.48,79.080002,78.35,78.96,3270345
2021-05-24,79.17,79.35,78.32,78.38,1344337
2021-05-25,78.28,78.43,77.29,77.81,1090663
2021-05-26,77.66,78.23,77.56,78.0,1466101
2021-05-27,78.0,78.07,76.51,76.87,2867015
2021-05-28,77.19,77.49,76.98,77.24,1629027
2021-06-01,77.46,77.49,76.4,76.43,1745653
2021-06-02,76.51,77.45,76.28,76.79,2678862
2021-06-03,76.61,77.445,76.46,77.26,3276952
2021-06-04,77.55,77.78,77.22,77.24,1418940
2021-06-07,77.41,77.55,77.14,77.31,960016
2021-06-08,77.26,77.39,76.205,76.29,1497543
2021-06-09,76.54,76.94,76.31,76.88,1229394
2021-06-10,76.88,77.25,76.59,77.040001,1217465
2021-06-11,77.0,77.33,76.68,77.23,1297865
2021-06-14,77.19,77.83,76.95,77.75,1451497
2021-06-15,77.75,78.49,77.3,77.75,1991377
2021-06-16,77.17,77.61,76.14,76.22,2930106
2021-06-17,76.28,76.67,75.99,76.28,2657962
2021-06-18,76.050003,76.050003,74.38,74.49,3831357
2021-06-21,74.62,75.34,74.41,75.19,2609262
2021-06-22,75.07,75.38,74.395,74.46,2235089
2021-06-23,74.33,74.49,73.040001,73.47,2168994
2021-06-24,73.46,73.62,73.059998,73.43,1610983
2021-06-25,73.37,73.95,73.27,73.87,2076243
2021-06-28,73.87,74.33,73.59,73.82,2285287
2021-06-29,73.5,73.68,71.855,72.050003,2552380
2021-06-30,72.099998,72.25,71.55,71.72,2270459
2021-07-01,71.87,72.73,71.17,72.54,2297461
2021-07-02,72.56,72.66,72.2,72.47,1117037
2021-07-06,72.38,72.98,71.5735,72.94,1940780
2021-07-07,72.73,73.35,72.4,73.34,1805183
2021-07-08,73.35,74.15,73.040001,73.36,2445227
2021-07-09,73.6,73.8293,72.77,73.3,1931982
2021-07-12,73.23,73.65,72.85,73.36,1154261
2021-07-13,73.28,73.54,72.5,72.63,1992420
2021-07-14,72.46,73.42,72.07,73.19,2206579
2021-07-15,73.18,74.38,73.010002,74.36,2135569
2021-07-16,74.5,75.26,74.25,74.93,2100299
2021-07-19,74.83,75.65,72.93,73.77,2450316
2021-07-20,72.63,74.63,72.621,73.57,3083054
2021-07-21,73.61,73.93,72.705,72.78,1601323
2021-07-22,72.85,73.27,72.44,73.040001,1754270
2021-07-23,73.23,74.21,73.099998,74.18,1403118
2021-07-26,74.24,74.51,73.63,73.96,1477643
2021-07-27,73.87,75.7,73.43,75.53,1625485
2021-07-28,75.51,75.6,74.010002,74.59,1513247
2021-07-29,74.57,74.8,74.040001,74.52,1381603
2021-07-30,74.68,75.32,73.46,73.77,4354220
2021-08-02,73.97,74.77,73.94,74.5,1495594
2021-08-03,74.5,75.46,74.2,74.85,1440034
2021-08-04,74.52,74.94,73.93,74.87,1862997
2021-08-05,74.71,75.32,74.1889,75.32,1740020
2021-08-06,75.3,76.31,74.36,75.52,2218217
2021-08-09,75.79,76.095001,75.36,76.07,1386273
2021-08-10,76.2,76.76,75.74,76.4,1938547
2021-08-11,76.54,77.33,76.47,77.12,1522198
2021-08-12,77.28,77.85,77.029999,77.25,2388613
2021-08-13,77.33,78.0049973,77.07,77.74,1448685
2021-08-16,77.92,78.76,77.62,78.25,2078123
2021-08-17,77.45,77.57,76.355,77.24,1737813
2021-08-18,77.24,77.38,76.255,76.6,1710241
2021-08-19,76.76,77.57,76.56,76.69,1558587
2021-08-20,76.52,77.25,76.07,76.95,1834008
2021-08-23,76.95,76.95,75.62,75.79,1655679
2021-08-24,75.72,75.75,74.73,75.019997,1575417
2021-08-25,74.95,75.53,74.471,75.27,1674322
2021-08-26,75.0,75.36,74.66,75.22,1592595
2021-08-27,75.34,75.69,75.089996,75.64,1547705
2021-08-30,75.72,76.029999,75.5,75.7,1938134
2021-08-31,75.66,76.11,75.24,75.45,3234475
2021-09-01,75.51,76.65,75.46,76.44,2834454
2021-09-02,76.66,77.13,76.6247,77.13,1483388
2021-09-03,77.13,77.19,76.28,76.3,1948017
2021-09-07,76.33,76.46,74.82,74.88,1828971
2021-09-08,74.96,77.050003,74.77,76.92,2427678
2021-09-09,76.8,76.94,76.3,76.38,1925691
2021-09-10,76.080002,76.27,74.66,74.69,2146532
2021-09-13,75.35,75.73,74.2,74.41,2416225
2021-09-14,74.69,74.87,73.95,74.19,2048378
2021-09-15,73.98,74.875,73.85,73.99,2765962
2021-09-16,74.080002,74.49,73.59,73.66,1979927
2021-09-17,73.11,73.94,72.93,73.07,7274500
2021-09-20,73.089996,74.37,72.81,73.31,2743235
2021-09-21,73.25,74.010002,72.96,73.050003,1570466
2021-09-22,73.25,73.7,72.665,73.25,1865783
2021-09-23,73.2,73.89,72.99,73.11,1606383
2021-09-24,72.97,73.7,72.9086,73.0,1734639
2021-09-27,73.29,74.17,72.47,72.53,1871545
2021-09-28,72.73,72.9,71.86,72.16,2259031
2021-09-29,72.080002,74.029999,72.080002,73.45,1499335
2021-09-30,73.38,73.67,72.59,72.59,2752059
2021-10-01,73.29,73.29,71.54,71.6,2237367
2021-10-04,71.55,73.48,71.52,73.22,2150540
2021-10-05,73.3,73.49,72.71,73.040001,2160502
2021-10-06,72.92,74.659,72.7,74.61,2696027
2021-10-07,74.7,75.3,74.22,74.38,1624561
2021-10-08,74.22,74.32,73.405,73.47,1788511
2021-10-11,75.68,76.55,73.91,73.92,7765692
2021-10-12,73.94,76.089996,73.75,75.69,4354392
2021-10-13,75.58,76.38,75.395,76.050003,3608850
2021-10-14,76.010002,76.41,75.59,75.67,3854091
2021-10-15,75.6,75.745,74.27,74.47,16582151
2021-10-18,72.985,73.3175,72.050003,72.89,6172250
2021-10-19,73.35,73.7581,72.89,73.73,1986583
2021-10-20,74.0,75.61,73.84,75.51,2198722
2021-10-21,75.63,75.83,75.044998,75.44,1519571
2021-10-22,75.73,76.33,75.62,76.089996,1248910
2021-10-25,75.9,76.28,75.5,75.88,1637539
2021-10-26,75.88,76.79,75.75,76.28,1625153
2021-10-27,76.63,76.63,75.72,75.99,1581774
2021-10-28,76.12,76.505,75.8401,76.29,1319978
2021-10-29,76.29,76.59,75.17,75.4,2475757
2021-11-01,75.4,76.67,75.13,76.11,1660011
2021-11-02,76.19,76.7,75.4,76.44,1976491
2021-11-03,76.16,77.215,75.94,76.98,2173746
2021-11-04,76.87,77.3,75.52,76.28,2128074
2021-11-05,77.29,78.79,77.29,78.21,3651672
2021-11-08,78.0,78.050003,76.75,77.050003,2418787
2021-11-09,77.3,78.019997,77.22,77.83,1688284
2021-11-10,78.0,78.64,77.29,77.96,2345504
2021-11-11,77.68,77.88,76.99,77.58,1566843
2021-11-12,77.61,77.61,77.019997,77.15,3386200
2021-11-15,77.7,78.81,77.45,78.77,1880360
2021-11-16,78.080002,78.47,77.5,77.52,1560045
2021-11-17,77.38,77.65,76.85,77.5,1603510
2021-11-18,77.3,77.77,76.42,77.66,1739960
2021-11-19,77.74,78.43,77.66,78.029999,1841141
2021-11-22,77.91,79.37,77.6,78.57,1899252
2021-11-23,78.68,79.59,78.55,79.17,1552274
2021-11-24,79.35,79.56,78.84,79.22,1295549
2021-11-26,78.84,79.89,78.62,78.67,1337367
2021-11-29,79.029999,80.5,78.62,80.35,3064723
2021-11-30,79.65,79.92,77.64,77.64,5228982
2021-12-01,78.0,79.57,77.5,77.94,1775317
2021-12-02,78.34,79.38,78.17,78.69,1830210
2021-12-03,79.050003,80.56,78.71,80.53,2618733
2021-12-06,81.0,82.040001,80.83,81.35,2842801
2021-12-07,81.059998,81.71,80.73,81.56,2061662
2021-12-08,81.74,82.22,81.040001,81.53,1439407
2021-12-09,81.69,81.935,80.45,81.68,4671615
2021-12-10,81.92,82.79,81.56,82.61,1526162
2021-12-13,82.52,83.98,82.4,83.47,3965290
2021-12-14,83.59,83.94,82.91,83.17,1532172
2021-12-15,83.23,84.65,83.11,84.52,2603642
2021-12-16,84.25,85.22,83.62,84.69,1932050
2021-12-17,84.76,85.13,83.645,83.82,4627322
2021-12-20,83.23,84.25,82.66,84.040001,1592437
2021-12-21,84.46,84.63,83.050003,83.37,1368182
2021-12-22,83.35,83.94,83.14,83.85,4738904
2021-12-23,84.089996,84.34,83.64,83.77,1313523
2021-12-27,83.55,83.93,83.3076,83.73,974283
2021-12-28,83.73,84.41,83.61,84.4,786614
2021-12-29,84.57,85.18,84.27,85.099998,1343333
2021-12-30,85.22,85.39,84.66,85.18,1396485
2021-12-31,85.040001,85.6,84.67,85.32,1048013
2022-01-03,85.35,85.43,84.019997,85.13,1450519
2022-01-04,84.86,85.92,84.69,84.97,2844596
2022-01-05,85.0,86.25,84.955,85.55,3592317
2022-01-06,86.050003,86.14,84.91,85.37,3841840
2022-01-07,85.019997,86.07,84.5,85.67,3727362
2022-01-10,85.75,86.18,84.49,84.78,3870630
2022-01-11,84.75,85.089996,82.099998,83.07,2965461
2022-01-12,82.66,83.26,82.33,83.19,2147410
2022-01-13,83.14,84.26,82.84,83.94,1584702
2022-01-14,84.0,84.23,82.93,83.52,2202867
2022-01-18,82.81,82.94,81.35,81.99,3263270
2022-01-19,82.099998,82.98,81.595,82.15,1976358
2022-01-20,81.88,82.8,81.43,82.040001,2727086
2022-01-21,82.64,83.72,82.28,82.66,4222076
2022-01-24,82.5,83.34,80.115,81.99,3852217
2022-01-25,81.34,82.705,81.3,81.81,3044441
2022-01-26,81.81,82.45,80.78,81.38,4293131
2022-01-27,82.15,83.43,81.902,82.76,2890799
2022-01-28,82.76,84.74,82.2,84.63,2515684
2022-01-31,85.0,86.55,84.42,86.45,5553954
2022-02-01,86.77,87.2,85.13,86.050003,2343364
2022-02-02,85.71,87.235,85.53,87.15,1798478
2022-02-03,86.98,87.67,86.651,86.99,1382698
2022-02-04,86.21,86.98,85.27,86.089996,2578830
2022-02-07,86.21,86.91,85.39,86.6,1759033
2022-02-08,86.85,87.11,86.19,86.42,1602412
2022-02-09,86.87,87.18,86.2,86.38,1461706
2022-02-10,85.65,85.93,83.83,84.029999,1592137
2022-02-11,84.22,84.939,83.75,84.26,1671256
2022-02-14,84.37,84.71,82.11,83.019997,1902611
2022-02-15,82.62,82.89,80.92,81.36,1268734
2022-02-16,81.25,81.57,80.115,81.080002,2466803
2022-02-17,81.27,81.89,80.405,81.45,1939100
2022-02-18,81.19,84.8,81.12,84.61,3880242
2022-02-22,84.72,85.29,83.29,84.75,2382057
2022-02-23,85.010002,85.43,84.28,84.4,2387156
2022-02-24,83.95,84.4,81.54,83.31,2479429
2022-02-25,84.28,86.33,84.0,85.94,1883952
2022-02-28,85.089996,86.13,84.9,85.77,2439444
2022-03-01,86.24,87.14,84.305,85.38,2122219
2022-03-02,85.51,87.58,85.51,86.91,1728722
2022-03-03,87.0,88.41,86.97,88.29,1700481
2022-03-04,88.0,89.9,87.84,89.88,1754268
2022-03-07,89.92,90.28,88.68,90.14,1809147
2022-03-08,90.45,90.9797,88.74,88.75,1545968
2022-03-09,89.53,89.83,88.16,88.38,1524231
2022-03-10,88.050003,89.7,88.019997,89.47,1353228
2022-03-11,89.31,90.62,89.16,89.34,1405856
2022-03-14,90.040001,90.38,88.8,89.52,1443355
2022-03-15,90.43,90.81,89.75,90.4,1545197
2022-03-16,90.14,90.34,88.43,89.64,1651575
2022-03-17,89.77,90.54,89.080002,90.010002,1913822
2022-03-18,89.95,90.0,88.099998,88.7,3430890
2022-03-21,89.2,90.4031,89.145,89.57,1247614
2022-03-22,89.83,89.87,88.45,89.29,1441433
2022-03-23,89.51,90.515,88.65,89.94,1265191
2022-03-24,90.46,91.43,89.8405,91.41,1462876
2022-03-25,91.68,92.95,91.5,92.68,1567107
2022-03-28,92.83,93.13,91.75,93.050003,1185112
2022-03-29,93.089996,93.69,92.51,93.52,1284208
2022-03-30,93.65,94.75,93.21,94.73,1352313
2022-03-31,94.68,95.74,94.44,94.68,2073802
2022-04-01,94.36,96.11,93.6,96.11,1906898
2022-04-04,95.72,95.72,93.99,95.45,1893283
2022-04-05,95.5,97.0,95.5,96.15,1545537
2022-04-06,96.59,98.54,96.089996,98.4,1835058
2022-04-07,98.4,98.65,97.12,97.56,1955977
2022-04-08,98.0,98.19,96.52,97.91,1546288
2022-04-11,97.13,97.85,96.21,96.6,1861180
2022-04-12,96.089996,97.98,95.7,97.8,2667289
2022-04-13,98.0,98.089996,97.059998,97.9,1792915
2022-04-14,98.26,98.59,97.73,98.029999,1272555
2022-04-18,98.4,98.61,96.54,96.94,1003429
2022-04-19,97.41,98.24,97.080002,98.010002,1132786
2022-04-20,98.65,99.22,98.38,98.41,1344149
2022-04-21,98.12,99.13,97.6701,98.19,1913537
2022-04-22,98.0,98.14,96.33,96.49,2026953
2022-04-25,97.010002,97.010002,94.13,96.050003,1666347
2022-04-26,95.93,97.32,95.13,95.16,1436300
2022-04-27,95.26,96.29,94.2,94.73,1431721
2022-04-28,95.050003,95.95,94.45,95.44,1096768
2022-04-29,95.040001,95.11,92.62,92.74,3999980
2022-05-02,93.61,93.9,90.95,92.010002,1721880
2022-05-03,92.12,94.24,92.080002,92.28,1518615
2022-05-04,92.89,93.64,92.345,93.5,1859838
2022-05-05,93.17,93.92,92.18,92.66,1606064
2022-05-06,91.6,94.47,91.0,93.98,1747179
2022-05-09,93.39,95.466,92.21,94.38,2088851
2022-05-10,94.47,96.019997,91.99,92.65,2107370
2022-05-11,93.029999,95.6,92.72,94.28,1662367
2022-05-12,94.34,94.93,92.95,94.35,2167709
2022-05-13,95.010002,95.465,93.75,95.4,1735572
2022-05-16,95.7,96.13,94.855,95.040001,1639638
2022-05-17,94.89,95.67,93.059998,95.5,1589615
2022-05-18,95.85,96.4,95.019997,95.22,2151123
2022-05-19,94.97,94.99,93.33,94.82,1991592
2022-05-20,95.050003,96.029999,94.381,95.81,2400453
2022-05-23,97.45,98.84,96.5,97.68,2778345
2022-05-24,97.79,100.48,97.15,100.39,1853187
2022-05-25,100.39,100.7599,99.71,100.32,1878031
2022-05-26,100.9,101.1174,99.76,99.87,1480271
2022-05-27,99.35,100.665,99.25,100.58,1321799
2022-05-31,99.78,100.36,98.83,99.26,3889638
2022-06-01,99.33,99.4,97.48,98.63,1970838
2022-06-02,98.95,98.99,96.78,98.58,1487737
2022-06-03,98.43,98.69,97.8,97.91,1093831
2022-06-06,98.4,99.235,97.67,98.099998,983886
2022-06-07,97.81,98.63,96.8,98.48,1810885
2022-06-08,98.099998,98.26,96.84,97.040001,1054802
2022-06-09,97.019997,97.305,94.4,94.51,1270756
2022-06-10,93.57,95.88,93.019997,95.15,1946355
2022-06-13,94.24,94.795,90.64,91.15,2157381
2022-06-14,91.24,91.68,87.58,88.78,1922313
2022-06-15,89.3,89.84,87.18,88.25,1924766
2022-06-16,87.43,89.46,86.26,87.67,2640691
2022-06-17,87.92,88.28,86.089996,86.88,4185862
2022-06-21,86.88,88.5,86.65,88.21,2130840
2022-06-22,87.81,89.58,87.7337,88.9,1732667
2022-06-23,89.080002,91.64,89.014999,91.31,1800900
2022-06-24,91.64,93.18,91.37,92.93,1666975
2022-06-27,92.59,94.016403,92.246,93.56,1350624
2022-06-28,93.98,94.77,93.815,94.12,1575113
2022-06-29,94.23,95.11,94.23,94.72,1257170
2022-06-30,94.29,96.13,94.12,95.099998,2282078
2022-07-01,95.56,97.51,94.81,97.24,2030185
2022-07-05,97.2,97.295,90.86,92.69,2973357
2022-07-06,93.019997,94.25,92.19,93.099998,1835509
2022-07-07,93.12,93.73,92.034401,92.3,1581041
2022-07-08,92.69,92.83,91.72,91.97,1375341
2022-07-11,91.49,93.010002,91.45,92.93,1602289
2022-07-12,92.54,93.92,92.27,92.82,1507634
2022-07-13,92.18,93.345,91.77,92.53,1230098
2022-07-14,90.84,93.059998,90.711,92.84,1184706
2022-07-15,93.6,93.61,92.205,93.4,2464014
2022-07-18,93.0,93.315,91.55,91.63,1403884
2022-07-19,92.019997,92.79,91.68,92.22,1047381
2022-07-20,92.13,92.14,90.59,90.64,1427983
2022-07-21,90.41,90.94,89.79,90.82,1302118
2022-07-22,91.29,92.48,90.855,92.44,1098152
2022-07-25,92.12,94.15,91.95,94.089996,1159155
2022-07-26,93.97,95.37,93.91,95.36,1484333
2022-07-27,95.0,95.88,94.57,95.69,1457787
2022-07-28,96.53,98.63,96.29,98.48,1455699
2022-07-29,98.39,99.76,98.37,99.27,3687132
2022-08-01,99.029999,99.49,97.57,98.33,3333031
2022-08-02,99.040001,99.18,97.86,98.050003,1662243
2022-08-03,97.55,98.29,95.825,98.099998,1833829
2022-08-04,98.27,98.75,97.39,97.43,1820410
2022-08-05,97.35,97.68,95.42,97.19,1669136
2022-08-08,97.75,99.099998,97.7,98.5,1200351
2022-08-09,99.089996,99.52,98.675,98.91,964058
2022-08-10,99.23,99.41,98.050003,98.99,989919
2022-08-11,98.89,99.72,98.37,98.48,1199824
2022-08-12,98.96,99.58,98.68,99.11,1955194
2022-08-15,99.21,100.4,98.89,100.29,1055621
2022-08-16,99.42,100.39,99.17,100.019997,1155363
2022-08-17,99.64,100.86,99.59,100.58,1002040
2022-08-18,100.79,101.31,100.5,100.93,950797
2022-08-19,101.23,101.57,100.31,100.55,1179186
2022-08-22,100.25,100.6,99.2,99.41,1597895
2022-08-23,99.57,99.75,98.34,98.76,930396
2022-08-24,98.56,98.96,97.94,98.88,1007928
2022-08-25,98.89,99.55,98.23,99.46,1109714
2022-08-26,99.46,99.7,98.33,98.53,1098603
2022-08-29,98.19,99.81,97.44,99.21,1017863
2022-08-30,99.050003,99.46,97.91,98.3,1185403
2022-08-31,98.36,99.36,97.73,97.74,1962953
2022-09-01,97.78,99.62,97.58,99.44,1234781
2022-09-02,99.84,100.6,98.2,98.48,1178265
2022-09-06,98.58,99.29,97.5,97.75,1264309
2022-09-07,98.32,101.45,98.225,101.23,1685798
2022-09-08,101.0,101.5,100.28,100.66,1252635
2022-09-09,101.22,101.47,99.98,100.85,1146393
2022-09-12,100.97,102.21,100.59,101.92,1387804
2022-09-13,101.12,101.39,98.33,98.82,1562606
2022-09-14,98.78,100.76,98.75,99.97,1476724
2022-09-15,99.59,99.59,97.31,97.64,1302298
2022-09-16,97.88,98.3733,97.24,97.41,2872301
2022-09-19,97.15,98.52,96.65,98.47,951819
2022-09-20,97.83,97.84,96.48,97.37,865771
2022-09-21,97.99,99.07,96.2,96.24,955661
2022-09-22,96.019997,96.93,95.23,96.42,871701
2022-09-23,95.46,96.07,94.27,95.47,1206334
2022-09-26,95.11,95.28,92.28,93.17,1652474
2022-09-27,93.56,93.815,90.61,90.77,2319304
2022-09-28,91.88,91.88,90.28,90.82,2224452
2022-09-29,90.41,90.56,87.2,87.66,2057785
2022-09-30,88.15,88.54,85.445,85.76,3118382
2022-10-03,87.26,89.42,86.92,87.66,2289773
2022-10-04,87.77,89.195,87.19,89.11,1768003
2022-10-05,88.019997,88.050003,85.53,86.3,1808903
2022-10-06,85.92,86.17,83.77,84.0,1887183
2022-10-07,84.14,84.29,81.18,81.58,1855832
2022-10-10,81.58,82.62,81.29,81.49,1458393
2022-10-11,81.48,82.43,81.050003,81.6,1955992
2022-10-12,81.22,81.395,79.41,79.47,1999152
2022-10-13,78.76,82.39,78.099998,82.15,1948960
2022-10-14,83.25,83.26,81.27,81.91,3156458
2022-10-17,83.029999,84.49,82.82,83.019997,1667961
2022-10-18,84.07,85.074997,83.82,85.0,1647613
2022-10-19,83.97,84.79,83.3,84.54,1455921
2022-10-20,84.35,84.46,83.019997,83.42,2384584
2022-10-21,83.77,85.41,82.71,84.87,2417690
2022-10-24,85.47,86.12,84.335,84.69,1595862
2022-10-25,84.72,86.11,84.52,85.85,1535397
2022-10-26,86.38,86.88,85.49,85.74,1941216
2022-10-27,86.35,87.6,86.050003,86.42,1586752
2022-10-28,86.76,88.49,86.76,88.45,1605174
2022-10-31,88.45,88.905,87.63,87.96,2381395
2022-11-01,88.019997,88.33,86.96,88.019997,1261693
2022-11-02,87.86,90.0,87.81,88.21,1689289
2022-11-03,87.82,89.34,86.95,88.73,1583275
2022-11-04,88.53,90.13,87.705,90.040001,1969655
2022-11-07,89.95,90.029999,86.99,87.65,1600268
2022-11-08,88.15,89.13,87.76,88.29,1277066
2022-11-09,88.27,89.099998,87.43,87.67,1624017
2022-11-10,89.79,91.17,88.47,90.95,1711882
2022-11-11,90.82,91.010002,88.15,89.12,2556788
2022-11-14,89.42,91.029999,89.33,89.33,1845517
2022-11-15,88.99,89.93,88.83,89.7,2197243
2022-11-16,90.0,92.53,90.0,91.34,3049295
2022-11-17,90.59,91.24,90.14,90.81,1752089
2022-11-18,91.66,93.57,91.66,93.53,1959767
2022-11-21,93.73,94.8,93.53,94.15,1171989
2022-11-22,94.52,95.81,94.34,95.22,2231613
2022-11-23,95.059998,96.84,94.75,96.67,1957878
2022-11-25,97.029999,97.6432,96.67,97.5,830009
2022-11-28,97.010002,97.5,95.92,96.54,1596888
2022-11-29,96.11,96.39,95.42,96.3,1342073
2022-11-30,96.19,98.53,95.78,98.040001,4302722
2022-12-01,98.6,99.59,97.61,97.85,1850468
2022-12-02,97.26,97.71,96.7,97.35,1719742
2022-12-05,96.53,97.65,96.4,97.37,1521585
2022-12-06,97.44,97.99,96.555,97.56,1600929
2022-12-07,97.34,98.39,96.41,96.59,1368265
2022-12-08,96.51,97.64,96.31,97.59,1005855
2022-12-09,97.010002,97.605,96.44,96.53,1485369
2022-12-12,97.18,98.355,96.55,98.35,1225465
2022-12-13,99.49,99.78,97.43,98.51,1396347
2022-12-14,98.53,99.97,97.75,98.44,1983823
2022-12-15,97.91,98.4499,96.56,96.98,1865509
2022-12-16,96.019997,96.66,94.24,95.17,3946595
2022-12-19,95.11,96.33,94.37,94.85,1347972
2022-12-20,94.83,95.52,94.07,94.59,1846802
2022-12-21,95.0,95.74,94.65,95.72,1521070
2022-12-22,95.63,95.63,93.7723,95.16,1050025
2022-12-23,95.080002,96.010002,95.080002,95.85,1278545
2022-12-27,96.040001,96.84,95.78,96.55,1352000
2022-12-28,96.81,97.019997,95.82,95.97,1318181
2022-12-29,96.48,97.26,96.115,96.49,1193906
2022-12-30,96.62,96.75,94.545,95.31,1224392
2023-01-03,95.46,96.37,93.93,95.76,2098422
2023-01-04,96.24,97.435,95.943,96.59,1878466
2023-01-05,95.89,96.3825,94.43,95.29,1891605
2023-01-06,96.27,98.07,96.019997,97.83,1414461
2023-01-09,96.81,98.65,96.2926,97.72,1471365
2023-01-10,97.99,98.3,97.065002,98.089996,1259940
2023-01-11,98.14,99.059998,98.07,98.61,1612051
2023-01-12,98.79,98.94,97.4,97.53,1236961
2023-01-13,96.94,96.98,96.099998,96.49,1236329
2023-01-17,96.57,96.87,95.29,95.49,2496205
2023-01-18,95.66,95.95,93.059998,93.34,1808409
2023-01-19,93.4,93.49,92.17,92.48,1416862
2023-01-20,92.56,93.84,91.4,93.79,2507506
2023-01-23,93.63,94.61,92.9511,93.55,1440539
2023-01-24,93.5,94.39,92.73,94.050003,1176244
2023-01-25,93.47,94.47,92.901,94.45,1190063
2023-01-26,94.22,94.91,93.84,94.88,1276147
2023-01-27,94.79,95.37,94.23,94.91,952273
2023-01-30,94.91,96.0,94.73,95.050003,1161669
2023-01-31,95.31,95.48,93.94,95.31,3663630
2023-02-01,94.9,96.0,94.5075,95.45,1557633
2023-02-02,95.31,96.16,94.5,95.16,1625642
2023-02-03,94.9,94.97,91.89,92.93,1741844
2023-02-06,92.66,93.66,92.36,93.55,1370371
2023-02-07,93.010002,93.48,92.4,93.25,1388635
2023-02-08,92.91,92.93,91.089996,91.77,1407745
2023-02-09,91.97,92.34,90.080002,90.19,1489720
2023-02-10,90.47,92.49,90.34,92.36,1373812
2023-02-13,92.39,92.91,92.19,92.8,1300625
2023-02-14,91.96,92.41,91.029999,91.099998,1047616
2023-02-15,90.75,91.27,90.4,91.2,1141843
2023-02-16,90.43,92.2,89.5447,91.66,3701442
2023-02-17,91.57,93.32,90.65,93.25,3654846
2023-02-21,92.9,93.39,92.2,92.73,2197961
2023-02-22,92.98,93.55,92.099998,92.41,1740056
2023-02-23,92.83,93.019997,91.23,91.58,1848815
2023-02-24,90.94,91.59,90.21,91.26,1886038
2023-02-27,91.92,92.65,90.81,90.85,1928666
2023-02-28,90.47,90.99,89.32,89.35,2705126
2023-03-01,89.019997,89.3,87.029999,88.15,1969275
2023-03-02,88.2,89.78,87.3775,89.61,1415041
2023-03-03,89.86,90.72,88.83,90.69,1497708
2023-03-06,90.75,91.81,90.73,91.63,1592437
2023-03-07,92.5,92.74,90.23,90.66,2278563
2023-03-08,90.61,92.36,90.59,91.69,1839837
2023-03-09,92.019997,93.07,91.1316,91.29,1902313
2023-03-10,91.65,92.040001,90.32,90.62,1969139
2023-03-13,90.67,95.6724,90.56,92.79,2773891
2023-03-14,93.2,94.93,93.16,94.010002,1936029
2023-03-15,93.98,96.15,93.49,95.64,2828048
2023-03-16,95.56,97.23,95.23,96.3,2182249
2023-03-17,95.93,96.475,95.029999,95.63,3638364
2023-03-20,95.93,97.325,95.81,96.91,1735316
2023-03-21,96.57,96.98,92.16,93.19,2627690
2023-03-22,93.63,94.029999,92.019997,92.099998,2537003
2023-03-23,91.74,92.97,91.059998,91.73,2373079
2023-03-24,92.099998,95.11,91.83,95.07,1643578
2023-03-27,95.42,95.81,94.46,94.57,1896535
2023-03-28,94.3,95.731,94.07,94.39,1762380
2023-03-29,94.79,95.63,94.78,95.11,1635905
2023-03-30,95.22,95.7,94.62,94.72,2108224
2023-03-31,94.68,95.71,94.54,95.67,2099903
2023-04-03,95.24,95.79,94.41,95.089996,2235281
2023-04-04,95.25,96.37,95.103,96.019997,1560914
2023-04-05,96.81,98.76,96.7,98.51,2040570
2023-04-06,98.92,99.35,97.57,98.97,1578628
2023-04-10,98.75,99.25,97.91,99.21,1355614
2023-04-11,99.16,99.54,98.28,99.11,1338758
2023-04-12,99.099998,99.73,98.29,98.69,1185321
2023-04-13,98.15,98.88,96.56,98.080002,1335233
2023-04-14,97.22,97.65,96.49,96.68,1826956
2023-04-17,97.099998,97.95,96.85,97.87,1520119
2023-04-18,97.8,97.96,96.97,97.52,997245
2023-04-19,97.78,98.81,97.68,98.14,1158326
2023-04-20,98.53,98.71,97.74,98.66,1215900
2023-04-21,99.56,99.75,98.52,99.040001,1875080
2023-04-24,99.2,99.89,98.63,99.84,1110675
2023-04-25,100.0,100.92,99.655,100.4,1404110
2023-04-26,99.29,100.43,98.86,99.14,1378572
2023-04-27,99.040001,99.58,98.21,99.18,1713551
2023-04-28,99.080002,99.66,97.89,98.47,2315983
2023-05-01,98.43,100.125,98.29,99.11,1834811
2023-05-02,99.019997,99.59,98.080002,98.57,1425175
2023-05-03,99.39,99.42,97.98,98.040001,1202993
2023-05-04,98.23,99.22,97.72,98.52,1648058
2023-05-05,98.8,100.44,97.8,99.49,2218632
2023-05-08,99.34,100.32,98.25,99.010002,1524887
2023-05-09,99.15,99.26,98.38,98.77,1469868
2023-05-10,99.34,99.99,98.6,99.41,1504359
2023-05-11,99.44,99.76,98.55,98.96,1628885
2023-05-12,99.45,100.080002,98.85,99.52,1624590
2023-05-15,99.84,100.0,97.65,98.48,1838147
2023-05-16,97.47,97.8218,96.4,96.5,2261204
2023-05-17,96.67,96.74,95.67,95.9,1742485
2023-05-18,95.31,95.78,94.81,95.36,1769731
2023-05-19,95.85,96.17,94.88,95.19,2209800
2023-05-22,95.35,95.97,94.43,94.65,1907000
2023-05-23,94.3,94.78,93.7,93.88,4775100
2023-05-24,94.19,94.51,93.27,93.5,1578200
2023-05-25,93.28,93.83,92.35,93.22,3679300
2023-05-26,93.13,93.14,92.22,92.69,2210700
2023-05-30,92.58,93.52,92.24,92.56,1939100
2023-05-31,92.78,93.66,92.32,93.3,3277300
2023-06-01,93.71,93.74,91.58,91.82,2937100
2023-06-02,91.62,92.7,90.52,91.76,2244800
2023-06-05,91.82,93.83,91.82,92.95,1963200
2023-06-06,93.49,93.57,92.2,92.41,1543100
2023-06-07,92.42,93.88,91.15,93.54,1847100
2023-06-08,92.38,94.25,92.32,94.0,1416400
2023-06-09,94.0,94.19,93.37,93.49,1264900
2023-06-12,93.7,93.7,92.050003,92.63,2020900
2023-06-13,92.19,92.52,91.51,92.029999,1728900
2023-06-14,92.31,93.55,91.85,92.39,1678000
2023-06-15,93.010002,93.69,92.46,93.019997,1997600
2023-06-16,93.38,94.15,92.71,92.97,4678700
2023-06-20,93.099998,93.24,91.95,92.019997,1939500
2023-06-21,91.92,92.95,91.019997,92.92,1907100
2023-06-22,93.31,93.56,91.95,92.12,1914000
2023-06-23,92.59,92.63,90.41,90.74,1994100
2023-06-26,91.029999,91.84,90.34,91.68,1242500
2023-06-27,91.92,92.34,91.62,91.98,1262900
2023-06-28,91.98,91.98,89.87,90.11,1490500
2023-06-29,89.4,90.34,89.32,89.57,1545000
2023-06-30,89.82,90.45,89.47,90.4,1552100
2023-07-03,90.2,91.059998,89.84,91.050003,707000
2023-07-05,90.75,93.45,90.68,92.85,2334700
2023-07-06,92.31,92.67,91.6,92.17,1776100
2023-07-07,91.48,92.66,91.099998,92.029999,1664300
2023-07-10,91.81,91.95,90.96,91.39,1560600
2023-07-11,91.36,92.54,91.0,92.54,1082700
2023-07-12,92.81,93.43,92.27,93.089996,1294200
2023-07-13,92.71,93.8,92.28,93.77,1712700
2023-07-14,93.52,93.62,92.72,93.080002,1121900
2023-07-17,92.91,93.059998,91.92,92.42,1512800
2023-07-18,92.55,93.35,91.22,92.14,2012900
2023-07-19,92.48,93.77,92.41,93.49,2029900
2023-07-20,93.8,96.050003,93.22,95.89,2095800
2023-07-21,97.099998,97.84,96.56,97.13,2121700
2023-07-24,97.31,97.8,96.92,97.13,1124300
2023-07-25,97.099998,98.12,96.63,97.71,1980000
2023-07-26,97.58,98.85,97.25,97.5,1070000
2023-07-27,96.95,97.47,95.54,95.75,1482000
2023-07-28,96.32,96.59,94.94,95.64,1406300
2023-07-31,95.93,96.019997,94.37,94.86,4358900
2023-08-01,94.89,95.34,93.28,93.34,1728300
2023-08-02,93.42,94.2,93.2,93.33,1404900
2023-08-03,92.98,93.0,90.3,90.33,2229800
2023-08-04,90.59,92.18,88.7,89.31,2819000
2023-08-07,89.93,91.37,89.86,90.62,2072400
2023-08-08,90.96,91.24,90.19,91.19,1462400
2023-08-09,90.62,91.84,90.6,90.96,1331700
2023-08-10,91.3,91.93,90.15,90.41,1463300
2023-08-11,90.73,90.98,90.21,90.83,1156100
2023-08-14,90.56,90.76,89.17,89.56,2008900
2023-08-15,88.34,88.79,87.36,87.68,2454900
2023-08-16,88.019997,89.17,87.85,88.83,1353400
2023-08-17,88.78,89.57,88.22,88.25,1317100
2023-08-18,88.34,89.55,88.17,89.32,1440600
2023-08-21,89.050003,89.51,88.0,88.71,1268800
2023-08-22,88.62,89.54,88.29,89.38,1559000
2023-08-23,89.73,90.080002,88.99,90.040001,2679900
2023-08-24,89.89,91.21,89.45,89.46,1939700
2023-08-25,89.71,90.49,89.37,89.88,1890800
2023-08-28,89.82,90.61,89.12,89.71,1669900
2023-08-29,89.91,90.18,89.07,90.080002,1484300
2023-08-30,90.019997,90.72,89.47,89.83,1020000
2023-08-31,90.019997,90.24,88.93,88.96,1842400
2023-09-01,89.45,89.45,87.28,88.35,1572700
2023-09-05,88.12,88.35,86.33,86.51,1942600
2023-09-06,86.83,86.94,86.21,86.8,1365900
2023-09-07,87.55,89.22,87.55,88.51,1626300
2023-09-08,88.74,89.52,88.24,89.25,1392500
2023-09-11,88.64,90.080002,88.64,89.73,1627600
2023-09-12,89.88,90.33,88.79,90.2,1815500
2023-09-13,90.5,91.63,90.26,91.46,1725200
2023-09-14,91.8,92.42,91.5,92.38,2019100
2023-09-15,92.15,93.080002,91.4,91.49,3724800
2023-09-18,91.37,91.69,90.71,91.57,1519100
2023-09-19,91.66,92.050003,91.13,91.17,1132200
2023-09-20,91.66,92.33,90.94,91.5,1186600
2023-09-21,91.36,92.12,90.65,90.86,1814100
2023-09-22,90.4,91.51,90.050003,90.83,1492100
2023-09-25,90.050003,90.58,89.52,90.23,1549400
2023-09-26,90.040001,90.17,87.63,87.83,2009300
2023-09-27,87.5,88.12,86.53,86.63,1787800
2023-09-28,87.050003,87.24,84.86,85.49,1975700
2023-09-29,86.23,86.75,85.15,85.53,2011200
2023-10-02,85.019997,85.19,81.059998,81.62,2440200
2023-10-03,81.2,83.53,80.46,83.18,2635600
2023-10-04,83.57,84.29,82.0,84.2,1933200
2023-10-05,83.93,85.07,83.21,84.76,2524700
2023-10-06,83.31,86.56,82.66,86.35,2419700
2023-10-09,86.34,87.56,86.34,87.55,1451700
2023-10-10,87.32,88.3,87.19,88.12,1830300
2023-10-11,88.42,88.69,87.22,88.45,1738100
2023-10-12,88.080002,88.48,86.37,87.37,1906000
2023-10-13,88.18,88.81,87.44,88.019997,1958500
2023-10-16,85.15,88.92,85.15,88.66,3995500
2023-10-17,88.4,89.49,88.099998,88.9,2943800
2023-10-18,88.84,89.17,87.84,88.28,2639700
2023-10-19,88.12,88.85,87.42,87.67,1950900
2023-10-20,87.68,88.7,86.48,87.059998,10175500
2023-10-23,86.35,87.9,85.87,86.59,2130800
2023-10-24,87.27,88.26,87.11,87.97,1689600
2023-10-25,87.59,88.62,87.36,88.31,1472000
2023-10-26,88.67,90.099998,88.48,89.3,1884600
2023-10-27,88.73,89.29,87.18,87.47,1248100
2023-10-30,87.77,88.41,86.79,87.48,1370400
2023-10-31,87.99,88.28,86.96,87.79,2480300
2023-11-01,88.13,89.83,87.125,89.16,2221600
2023-11-02,89.010002,90.7,88.83,90.16,1853000
2023-11-03,91.8,93.27,89.99,90.07,2543100
2023-11-06,90.84,91.050003,89.87,90.54,2907700
2023-11-07,90.56,90.59,89.38,89.48,2220500
2023-11-08,89.080002,89.29,87.96,88.68,2820400
2023-11-09,88.94,89.89,88.69,89.25,3761600
2023-11-10,89.71,89.88,88.905,89.35,2497200
2023-11-13,89.25,89.53,87.99,88.37,2326400
2023-11-14,89.27,90.54,88.71,90.5,1883800
2023-11-15,90.13,91.5,90.13,90.55,2902300
2023-11-16,91.39,92.059998,90.85,91.13,2012400
2023-11-17,91.62,91.82,90.82,91.36,1694000
2023-11-20,91.0,91.26,89.91,90.94,1559700
2023-11-21,91.029999,91.18,90.16,90.49,1052200
2023-11-22,90.8,90.89,89.98,90.52,1682100
2023-11-24,90.67,91.0,90.059998,90.96,504800
2023-11-27,91.010002,91.19,90.19,90.67,1703300
2023-11-28,90.67,91.56,90.3,90.8,1402100
2023-11-29,90.83,91.35,89.63,89.94,2174500
2023-11-30,90.099998,90.43,89.35,90.11,3843400
2023-12-01,90.32,91.68,89.78,91.68,1519100
2023-12-04,91.059998,92.77,90.7,91.99,1872200
2023-12-05,92.019997,92.26,90.91,91.19,1301100
2023-12-06,91.6,91.99,90.74,91.65,1260100
2023-12-07,92.029999,93.16,91.31,92.44,3032800
2023-12-08,92.39,92.53,90.86,91.55,1910700
2023-12-11,91.25,91.9,90.78,91.87,1660800
2023-12-12,92.089996,92.089996,91.24,91.73,1351200
2023-12-13,91.92,94.33,91.39,94.010002,1881500
2023-12-14,94.39,94.6,91.77,91.91,3229100
2023-12-15,91.5,91.5,89.22,89.85,4549500
2023-12-18,90.11,90.77,89.71,90.0,2183700
2023-12-19,90.12,90.55,89.74,90.31,1726000
2023-12-20,90.24,90.5,89.33,89.35,2498900
2023-12-21,89.45,90.21,88.6,89.21,1940600
2023-12-22,89.78,90.55,89.55,89.68,865600
2023-12-26,89.41,90.51,89.33,90.27,932300
2023-12-27,90.14,90.27,89.55,89.8,1333000
2023-12-28,89.65,90.77,89.63,90.65,1402500
2023-12-29,90.34,91.0,90.040001,90.97,1305500
2024-01-02,90.7,92.55,90.56,92.41,1806900
2024-01-03,92.61,93.080002,92.12,93.0,2014300
2024-01-04,93.49,94.0,92.9,93.25,1727100
2024-01-05,93.050003,94.010002,92.92,93.52,1972000
2024-01-08,93.41,93.88,93.07,93.81,1203500
2024-01-09,93.63,93.93,93.15,93.7,1291800
2024-01-10,93.53,94.78,93.38,94.32,1572400
2024-01-11,93.85,93.85,91.07,91.25,2045300
2024-01-12,91.78,92.019997,91.27,91.62,2202500
2024-01-16,91.41,92.51,91.040001,91.56,2038200
2024-01-17,91.059998,92.38,89.93,90.55,1885300
2024-01-18,90.089996,90.26,88.92,89.4,1682300
2024-01-19,89.37,90.12,88.83,89.86,1689900
2024-01-22,89.86,90.39,88.69,89.2,1678500
2024-01-23,89.059998,89.53,88.53,89.12,1586100
2024-01-24,89.83,89.86,88.080002,88.32,1932400
2024-01-25,89.14,89.72,88.38,89.67,1548400
2024-01-26,90.0,90.24,89.44,90.019997,2218900
2024-01-29,90.0,91.12,89.58,90.59,2173300
2024-01-30,90.42,91.22,90.040001,90.68,1550000
2024-01-31,91.48,91.77,90.34,90.9,3138200
2024-02-01,90.39,92.82,90.0,92.78,1625100
2024-02-02,92.029999,92.32,90.18,91.099998,1978400
2024-02-05,90.32,90.91,89.62,89.67,1852000
2024-02-06,89.34,90.37,89.21,89.77,1621500
2024-02-07,90.14,90.19,89.16,89.47,1413400
2024-02-08,89.07,89.48,88.11,88.67,1626500
2024-02-09,88.36,89.14,88.29,89.059998,1457600
2024-02-12,89.080002,89.56,88.44,89.45,1627300
2024-02-13,88.46,88.86,85.93,86.67,3513600
2024-02-14,87.040001,87.41,86.45,86.84,2413000
2024-02-15,87.019997,88.36,86.88,88.22,2168500
2024-02-16,87.55,88.38,86.73,87.32,2949300
2024-02-20,87.43,88.67,87.029999,87.58,1974500
2024-02-21,88.11,88.79,87.72,88.61,1747200
2024-02-22,87.91,88.21,86.73,87.91,1628800
2024-02-23,88.089996,88.85,87.7,87.93,1190700
2024-02-26,87.71,87.76,86.089996,86.21,1562900
2024-02-27,86.53,87.18,86.16,86.88,1159000
2024-02-28,86.85,87.28,86.45,86.65,1185500
2024-02-29,87.029999,87.74,86.65,87.21,2803400
2024-03-01,86.99,87.11,85.85,87.010002,1572000
2024-03-04,86.56,89.4,86.56,89.13,1960800
2024-03-05,89.55,90.79,88.66,88.99,2037200
2024-03-06,89.56,90.28,89.44,89.85,1436700
2024-03-07,90.76,90.92,89.73,89.94,1007900
2024-03-08,90.17,90.34,89.17,90.12,1072800
2024-03-11,90.17,91.0,89.75,90.8,1197200
2024-03-12,90.37,91.059998,89.91,89.93,1316800
2024-03-13,90.4,91.099998,89.44,89.57,1673600
2024-03-14,89.2,89.54,88.040001,88.67,1450300
2024-03-15,88.050003,89.22,88.050003,88.94,3462300
2024-03-18,88.8,89.36,88.44,88.99,1355000
2024-03-19,89.39,89.8,88.78,89.71,1507600
2024-03-20,89.44,90.21,88.62,89.040001,1545700
2024-03-21,89.24,89.73,88.61,88.65,2162900
2024-03-22,89.15,89.35,88.38,88.6,1507500
2024-03-25,88.75,89.040001,88.0,88.5,1163700
2024-03-26,88.44,88.53,87.16,87.45,1412000
2024-03-27,87.92,90.089996,87.92,90.050003,1935200
2024-03-28,90.21,90.9,89.79,90.81,1785800
2024-04-01,90.79,90.92,89.68,90.33,1109600
2024-04-02,90.41,91.73,90.41,90.6,1829400
2024-04-03,90.54,90.86,89.79,89.89,1404600
2024-04-04,90.49,90.73,89.36,90.19,1667000
2024-04-05,89.67,90.010002,88.89,89.65,1737900
2024-04-08,89.69,90.77,89.49,90.6,1437900
2024-04-09,90.78,91.16,90.35,91.13,1184100
2024-04-10,89.51,89.75,88.3,88.89,1623500
2024-04-11,89.39,89.39,88.14,88.55,1325800
2024-04-12,88.74,89.33,88.019997,88.63,1392700
2024-04-15,89.78,90.23,88.81,89.32,3518000
2024-04-16,89.040001,89.27,87.4,87.42,2098200
2024-04-17,88.019997,90.53,87.85,90.33,2923100
2024-04-18,90.66,91.18,89.67,90.9,2528800
2024-04-19,91.41,92.53,91.13,91.77,7398300
2024-04-22,91.46,92.86,91.25,92.73,1818300
2024-04-23,92.37,93.38,92.25,92.84,1843800
2024-04-24,92.050003,93.75,91.32,93.43,2001700
2024-04-25,93.43,94.36,92.69,94.11,2191500
2024-04-26,94.11,94.38,92.93,92.93,1418600
2024-04-29,93.31,94.18,93.31,93.97,1146300
2024-04-30,93.31,94.86,92.78,94.4,3732000
2024-05-01,94.050003,95.44,93.78,94.8,2372900
2024-05-02,95.099998,95.62,94.46,95.25,1991600
2024-05-03,96.0,96.76,94.97,95.56,2465200
2024-05-06,95.64,96.26,95.07,96.13,2071500
2024-05-07,96.74,97.56,95.91,97.5,2029800
2024-05-08,97.34,98.12,96.64,97.57,2179700
2024-05-09,97.55,98.25,96.96,98.12,1613200
2024-05-10,98.44,98.55,97.6,97.7,1688500
2024-05-13,97.7,98.47,97.55,97.64,1558000
2024-05-14,97.3,97.43,96.019997,96.64,1723400
2024-05-15,97.49,97.68,96.67,96.91,1749100
2024-05-16,96.96,97.31,96.55,96.91,2388200
2024-05-17,97.040001,97.17,96.39,97.099998,1570700
2024-05-20,97.22,97.24,96.44,96.51,1224500
2024-05-21,96.63,97.2,95.87,96.34,1516000
2024-05-22,96.14,98.11,95.79,96.13,3657500
2024-05-23,95.36,95.76,93.74,93.87,2056700
2024-05-24,94.099998,94.6,93.72,94.43,1639100
2024-05-28,94.23,95.32,93.13,93.21,2168800
2024-05-29,92.71,92.92,91.87,91.91,2013500
2024-05-30,92.36,92.78,92.17,92.45,1929600
2024-05-31,92.83,94.88,92.77,94.55,7907600
2024-06-03,94.55,95.21,93.44,93.68,2211800
2024-06-04,93.41,94.16,92.8,93.72,3445900
2024-06-05,93.56,93.65,92.24,92.6,2129700
2024-06-06,92.38,92.91,91.72,91.89,1416800
2024-06-07,91.029999,92.080002,90.99,91.61,1312300
2024-06-10,91.37,92.36,91.080002,92.32,1803600
2024-06-11,91.68,92.17,91.11,91.75,1315600
2024-06-12,92.55,92.7,90.68,91.14,1333400
2024-06-13,91.26,91.49,90.17,90.61,1598000
2024-06-14,90.27,91.3,90.050003,90.87,1258500
2024-06-17,90.39,91.010002,90.099998,90.65,1401200
2024-06-18,90.45,90.94,89.75,90.39,1336400
2024-06-20,90.55,91.22,90.26,90.53,1383800
2024-06-21,90.65,91.45,90.31,90.34,3202300
2024-06-24,90.47,91.82,90.42,91.27,1441200
2024-06-25,91.059998,91.14,89.28,89.39,1531300
2024-06-26,88.92,89.83,88.52,89.67,1838700
2024-06-27,89.65,89.9,89.26,89.68,1258100
2024-06-28,89.97,89.98,88.77,89.42,2647300
2024-07-01,89.76,90.080002,88.56,88.81,1145100
2024-07-02,88.98,89.27,88.73,88.97,1128200
2024-07-03,88.95,89.56,88.55,88.71,922400
2024-07-05,88.8,89.6,88.48,89.27,1551100
2024-07-08,89.28,89.38,88.32,88.42,1169400
2024-07-09,88.3,89.23,88.21,88.85,1589200
2024-07-10,89.18,90.0,88.65,89.87,1188400
2024-07-11,90.17,91.7,89.8,91.46,1345700
2024-07-12,91.89,92.56,91.58,92.19,1222900
2024-07-15,91.66,91.86,90.18,90.26,1490200
2024-07-16,90.79,91.58,90.3,91.55,1526600
2024-07-17,91.97,94.23,91.6,93.76,2039300
2024-07-18,93.39,95.080002,93.39,94.11,2135700
2024-07-19,94.57,94.63,93.59,94.040001,1809600
2024-07-22,93.099998,94.73,93.019997,94.64,1547900
2024-07-23,94.44,94.44,93.22,93.25,1245700
2024-07-24,94.0,95.92,93.71,95.88,2179800
2024-07-25,96.45,97.82,95.5,95.92,1920800
2024-07-26,96.18,97.019997,95.96,96.44,1438800
2024-07-29,96.63,97.089996,96.0,96.87,1320200
2024-07-30,96.79,98.38,96.67,98.16,1127000
2024-07-31,98.24,98.24,97.050003,97.52,1623400
2024-08-01,98.14,100.26,97.38,100.21,2409300
2024-08-02,103.15,105.99,100.059998,101.83,4425800
2024-08-05,102.85,103.38,100.57,100.7,2846300
2024-08-06,100.7,102.17,100.7,100.89,1956400
2024-08-07,101.0,102.22,100.19,101.19,2139800
2024-08-08,100.63,101.47,100.11,100.5,1784600
2024-08-09,100.59,101.13,99.21,101.019997,1512900
2024-08-12,100.74,101.98,100.5,101.94,1238400
2024-08-13,102.019997,102.63,101.33,101.6,1505700
2024-08-14,100.31,101.49,99.88,100.86,1639200
2024-08-15,99.9,100.47,98.64,99.23,2757400
2024-08-16,99.5,100.51,98.98,100.099998,1684800
2024-08-19,100.3,100.67,99.99,100.41,1837800
2024-08-20,100.52,101.17,100.059998,100.17,1460700
2024-08-21,100.11,100.78,100.010002,100.42,1922500
2024-08-22,100.32,100.84,100.0,100.67,1845000
2024-08-23,100.84,101.089996,100.25,100.6,1620000
2024-08-26,100.93,101.72,100.68,100.9,1221500
2024-08-27,100.77,101.25,99.51,99.59,927300
2024-08-28,99.78,101.099998,99.43,100.39,1019300
2024-08-29,100.29,100.86,99.45,100.81,1150900
2024-08-30,101.0,101.83,100.86,101.56,2366500
2024-09-03,101.74,103.51,101.55,103.28,2122600
2024-09-04,103.56,104.94,103.56,104.4,1501000
2024-09-05,105.0,105.29,103.48,103.79,1538700
2024-09-06,104.15,104.38,103.21,103.28,1760600
2024-09-09,103.39,104.82,103.35,104.75,1672900
2024-09-10,104.88,105.62,104.38,104.97,1271100
2024-09-11,104.53,104.75,103.029999,103.82,2685900
2024-09-12,103.71,104.58,103.25,103.39,1528600
2024-09-13,103.59,104.74,103.21,104.56,1274700
2024-09-16,105.040001,105.82,104.76,104.85,1467900
2024-09-17,104.52,105.29,104.0,104.54,1391000
2024-09-18,104.38,104.88,102.55,103.41,1347000
2024-09-19,101.49,102.43,100.95,102.12,1761700
2024-09-20,102.23,103.57,101.98,103.35,3492600
2024-09-23,103.68,104.44,103.29,104.019997,1053600
2024-09-24,103.21,104.26,102.7,102.82,1063000
2024-09-25,103.25,103.44,102.27,103.16,1151100
2024-09-26,102.41,103.98,102.26,103.12,1391600
2024-09-27,103.47,104.59,103.41,104.050003,1366800
2024-09-30,104.43,104.43,103.15,104.13,1449500
2024-10-01,104.25,105.59,103.56,105.15,1834600
2024-10-02,104.32,104.87,103.95,104.45,996700
2024-10-03,104.81,104.81,103.58,104.019997,952100
2024-10-04,102.79,103.34,102.27,103.15,952900
2024-10-07,102.7,102.7,100.94,101.14,1967300
2024-10-08,101.67,102.94,101.26,102.11,1328800
2024-10-09,101.96,102.93,101.67,102.37,1114700
2024-10-10,102.73,103.16,101.5,101.58,1179600
2024-10-11,101.91,102.35,101.67,102.32,1317200
2024-10-14,101.75,103.14,101.32,103.040001,1976000
2024-10-15,104.82,106.41,104.58,105.45,2748900
2024-10-16,105.75,106.18,105.21,106.14,1869200
2024-10-17,106.44,106.45,105.010002,105.66,1727900
2024-10-18,105.96,106.77,105.26,106.76,6365300
2024-10-21,106.79,107.099998,105.94,106.26,1405800
2024-10-22,105.63,105.99,104.64,105.7,1207200
2024-10-23,105.98,107.46,105.63,107.4,1663200
2024-10-24,107.38,107.75,106.69,107.0,1127300
2024-10-25,107.41,107.41,104.5,104.6,1734300
2024-10-28,104.98,105.38,104.76,104.81,1204600
2024-10-29,104.27,104.4,102.81,102.91,1452900
2024-10-30,103.14,103.4,102.2,102.72,1641100
2024-10-31,102.81,103.78,101.56,101.68,3732300
2024-11-01,102.010002,102.059998,99.57,100.0,2832700
2024-11-04,99.49,100.54,98.2,99.15,2088300
2024-11-05,99.010002,99.85,98.35,99.82,2062100
2024-11-06,98.65,99.8,98.14,98.96,3701800
2024-11-07,99.019997,99.69,97.24,97.58,3061400
2024-11-08,98.14,98.91,97.43,98.13,2915300
2024-11-11,97.63,98.97,97.59,98.48,1968400
2024-11-12,98.48,98.48,96.84,97.040001,2682800
2024-11-13,96.79,96.88,94.89,95.41,2129500
2024-11-14,95.7,95.88,95.059998,95.24,2112600
2024-11-15,95.0,96.49,95.0,96.44,2239200
2024-11-18,96.040001,96.94,95.82,96.45,1838700
2024-11-19,96.46,97.080002,95.32,96.97,1861400
2024-11-20,96.6,97.93,96.43,97.88,2119600
2024-11-21,97.93,98.71,97.35,98.7,1470600
2024-11-22,98.9,99.25,98.2,98.36,1186000
2024-11-25,98.46,99.48,98.18,99.47,3996100
2024-11-26,99.72,101.81,99.55,101.7,2435300
2024-11-27,102.31,102.65,101.42,101.58,1330400
2024-11-29,101.4,101.8,100.48,100.59,952300
2024-12-02,100.84,100.84,98.2,98.5,1911600
2024-12-03,99.38,99.38,97.52,97.53,1536000
2024-12-04,96.5,96.89,95.9,96.62,5090600
2024-12-05,96.69,97.32,96.41,96.5,2615800
2024-12-06,96.5,96.68,94.32,94.82,2813500
2024-12-09,94.64,95.42,93.93,94.78,2529500
2024-12-10,94.64,94.99,93.24,94.69,1695400
2024-12-11,94.65,94.65,92.4,92.75,2352400
2024-12-12,93.44,93.74,92.42,92.61,2300200
2024-12-13,92.6,93.15,92.099998,92.69,1868500
2024-12-16,92.57,92.88,91.040001,91.26,3004500
2024-12-17,90.81,91.92,90.43,90.84,2172200
2024-12-18,90.7,90.79,88.76,88.87,2677500
2024-12-19,88.68,90.25,88.37,89.07,2555700
2024-12-20,88.78,90.53,88.78,90.029999,4876400
2024-12-23,89.89,89.89,88.79,89.67,1979000
2024-12-24,89.4,89.73,89.099998,89.58,653900
2024-12-26,89.23,90.13,89.0,89.59,1879800
2024-12-27,89.0,89.96,88.83,89.56,1319600
2024-12-30,89.47,89.48,88.41,89.16,1377800
2024-12-31,89.3,89.64,88.59,89.23,1641000
2025-01-02,89.73,90.089996,88.68,89.029999,1557900
2025-01-03,89.13,89.85,88.74,89.24,1954100
2025-01-06,88.44,88.83,87.7,88.37,1981200
2025-01-07,88.7,89.17,87.72,88.0,2861200
2025-01-08,87.88,89.040001,87.52,89.010002,1793000
2025-01-10,88.22,89.11,87.79,88.15,2243200
2025-01-13,88.37,88.48,87.28,88.47,1883600
2025-01-14,88.47,89.58,88.26,89.37,2104000
2025-01-15,89.82,90.55,89.42,90.23,1971800
2025-01-16,90.050003,92.23,90.019997,92.22,2097600
2025-01-17,91.99,93.83,91.74,93.65,3516800
2025-01-21,93.87,94.96,92.89,93.21,2761500
2025-01-22,92.87,92.87,90.66,90.77,1805200
2025-01-23,91.24,91.44,90.35,90.76,1649700
2025-01-24,90.4,91.059998,90.36,90.6,2597000
2025-01-27,91.96,96.07,91.77,94.89,4043800
2025-01-28,94.4,94.82,93.32,93.39,2470600
2025-01-29,93.4,93.85,92.29,92.57,1935900
2025-01-30,93.099998,94.029999,92.7,93.86,2274000
2025-01-31,93.55,94.24,93.24,93.74,6072700
2025-02-03,93.74,96.059998,93.67,95.62,3234900
2025-02-04,94.6,95.4,93.64,94.91,2186500
2025-02-05,95.81,96.44,95.19,96.19,1874100
2025-02-06,96.3,96.34,94.82,95.42,1586800
2025-02-07,95.11,96.21,94.64,96.080002,1520000
2025-02-10,96.0,96.83,95.24,96.7,1570600
2025-02-11,96.57,96.73,95.75,96.31,3162400
2025-02-12,95.39,95.61,93.52,94.57,3704200
2025-02-13,94.6,95.98,94.49,95.66,1860300
2025-02-14,96.0,96.39,94.89,94.92,1948200
2025-02-18,94.79,96.07,94.54,95.76,2568500
2025-02-19,94.89,95.94,94.5,95.26,1857500
2025-02-20,95.010002,96.0,94.5,95.76,2580200
2025-02-21,96.059998,99.34,95.87,98.26,4414800
2025-02-24,98.81,100.75,98.3,99.68,2943100
2025-02-25,100.24,101.95,99.72,100.97,3481300
2025-02-26,100.19,100.43,99.099998,99.96,2072700
2025-02-27,98.96,100.82,98.37,99.92,3313900
2025-02-28,101.11,101.64,99.83,101.52,5254600
2025-03-03,100.88,104.31,100.88,104.019997,3555900
2025-03-04,104.8,105.86,102.11,102.15,3592000
2025-03-05,101.019997,101.66,99.68,100.2,5509700
2025-03-06,100.24,101.6,98.97,100.91,4345900
2025-03-07,101.32,104.080002,100.78,103.64,2865800
2025-03-10,104.28,107.97,104.0,106.66,3471800
2025-03-11,106.23,106.66,103.7,103.77,2731300
2025-03-12,102.41,103.39,101.92,102.64,3739200
2025-03-13,103.47,105.35,103.35,104.57,2392100
2025-03-14,103.87,106.71,103.8,106.41,3779200
2025-03-17,106.41,108.43,105.96,107.62,3930600
2025-03-18,107.22,108.010002,106.54,107.81,3275700
2025-03-19,107.4,107.96,106.81,107.49,2293600
2025-03-20,107.78,108.62,107.029999,108.48,1896200
2025-03-21,108.22,109.36,107.37,107.8,4415400
2025-03-24,107.22,108.3,106.81,106.83,1897800
2025-03-25,106.77,106.77,104.61,105.55,2543800
2025-03-26,105.87,107.78,105.27,107.46,1925000
2025-03-27,108.0,108.39,107.24,107.89,1859100
2025-03-28,108.88,109.44,108.12,108.77,2392300
2025-03-31,109.61,111.11,109.059998,110.59,2920400
2025-04-01,110.19,110.68,109.13,110.059998,2507600
2025-04-02,110.29,110.84,109.050003,109.58,2015200
2025-04-03,112.43,113.45,111.39,112.72,4175500
2025-04-04,114.0,114.87,108.12,109.32,6395600
2025-04-07,107.040001,109.32,105.21,105.4,4405500
2025-04-08,106.83,108.27,104.83,106.050003,2683000
2025-04-09,105.16,108.71,103.28,105.77,4912800
2025-04-10,106.48,109.49,105.57,108.3,3381900
2025-04-11,108.18,110.64,106.96,109.84,2617200
2025-04-14,109.28,112.45,108.9,112.25,2132900
2025-04-15,112.42,112.88,111.58,111.81,2314400
2025-04-16,112.63,112.98,111.059998,111.44,2132900
2025-04-17,111.47,113.41,111.4,112.099998,2055200
2025-04-21,111.89,112.15,109.98,110.96,2333900
2025-04-22,111.5,113.56,111.47,113.3,1833500
2025-04-23,112.23,113.099998,111.34,112.52,2098400
2025-04-24,112.28,112.5,110.78,111.29,2389200
2025-04-25,111.38,111.48,109.75,110.45,2820700
2025-04-28,110.26,111.27,108.86,111.13,2938200
2025-04-29,110.95,112.38,110.32,112.13,2000400
2025-04-30,112.81,113.27,110.7,112.75,4940600
2025-05-01,112.9,113.46,111.54,112.56,3265400
2025-05-02,110.36,111.89,109.25,110.029999,3421800
2025-05-05,110.34,110.67,108.9,109.52,3225200
2025-05-06,109.84,111.34,109.029999,110.47,2186800
2025-05-07,110.21,111.76,110.21,111.040001,3555200
2025-05-08,110.65,110.95,107.5,107.75,3652300
2025-05-09,108.2,108.2,107.040001,107.68,2248900
2025-05-12,105.63,106.6,102.95,103.54,3918400
2025-05-13,103.25,103.31,100.099998,100.58,4495900
2025-05-14,99.27,99.6,97.78,99.27,3383900
2025-05-15,100.14,102.089996,99.87,102.010002,3497300
2025-05-16,102.029999,104.43,101.7,104.29,2758900
2025-05-19,104.35,105.41,103.9,105.38,2047800
2025-05-20,105.050003,106.080002,105.010002,105.71,2177700
2025-05-21,105.62,105.91,104.75,105.22,2741200
2025-05-22,104.98,104.98,102.95,103.42,2266100
2025-05-23,104.38,104.68,102.45,104.099998,2116000
2025-05-27,104.27,104.48,103.47,103.97,2638900
2025-05-28,103.63,104.15,101.93,102.11,1945700
2025-05-29,101.69,103.73,101.48,103.38,2762900
2025-05-30,103.48,105.099998,102.95,104.49,6398500
2025-06-02,103.64,104.81,103.16,103.86,2292200
2025-06-03,103.86,103.89,102.18,103.24,2316600
2025-06-04,103.23,103.8,101.89,102.21,1845700
2025-06-05,102.5,102.5,101.27,102.27,2734400
2025-06-06,102.11,102.55,101.080002,101.61,1694500
2025-06-09,101.36,101.98,100.58,101.11,1781800
2025-06-10,101.4,102.73,100.91,102.4,2311800
2025-06-11,102.19,102.7,101.8,102.55,2439100
2025-06-12,103.14,103.77,102.67,103.76,1902600
2025-06-13,103.94,105.28,103.7,103.96,3337400
2025-06-16,104.0,104.52,100.93,101.63,2738000
2025-06-17,101.61,101.76,100.5,101.35,2844900
2025-06-18,101.5,101.89,100.58,100.73,2620500
2025-06-20,100.67,101.82,100.51,100.97,7504200
2025-06-23,101.81,102.47,100.64,101.15,3957800
2025-06-24,100.67,101.34,100.07,100.19,2952900
2025-06-25,99.34,99.93,97.34,98.050003,4396800
2025-06-26,98.31,98.69,97.9,98.41,2655600
2025-06-27,98.4,98.66,97.84,98.15,2880100
2025-06-30,98.83,100.43,98.6,100.35,2930500
2025-07-01,100.77,101.61,99.58,100.78,2749100
2025-07-02,100.4,101.28,99.089996,99.92,2485800
2025-07-03,100.38,100.76,99.69,100.31,1316600
2025-07-07,100.3,100.4,99.25,99.71,1800700
2025-07-08,98.64,100.0,97.9,99.31,3451200
2025-07-09,99.4,100.35,99.0,99.97,2782500
2025-07-10,99.2,101.38,99.2,101.07,1851800
2025-07-11,100.46,101.31,99.83,100.59,1853700
2025-07-14,100.56,101.97,100.3,101.010002,1409800
2025-07-15,100.38,100.71,99.49,99.95,1731200
2025-07-16,99.78,100.65,99.58,100.46,1865400
2025-07-17,100.14,100.97,99.94,100.6,2131700
2025-07-18,101.0,101.77,100.49,101.080002,1813500
2025-07-21,101.040001,102.81,101.010002,102.07,1667800
2025-07-22,102.31,104.33,102.26,103.59,1663800
2025-07-23,103.37,103.9,101.96,102.55,2563100
2025-07-24,102.47,102.8,101.75,102.050003,2467800
2025-07-25,101.97,102.65,101.49,102.26,1375700
2025-07-28,101.88,101.94,100.47,100.98,1995200
2025-07-29,101.019997,102.27,100.8,102.24,1265000
2025-07-30,102.14,103.66,101.76,102.59,1565100
2025-07-31,101.68,103.57,101.46,103.5,3483200
2025-08-01,104.61,105.099998,103.56,104.44,2272600
2025-08-04,104.45,105.69,104.19,105.36,2345100
2025-08-05,105.12,106.010002,104.18,104.18,2515900
2025-08-06,104.16,105.21,103.76,104.15,1993200
2025-08-07,103.55,105.58,103.5,105.0,2577700
2025-08-08,106.16,106.16,103.86,104.48,2796400
2025-08-11,104.45,104.67,103.14,104.12,2357100
2025-08-12,104.11,104.38,102.69,103.69,2578800
2025-08-13,102.86,103.66,102.24,103.66,2728400
2025-08-14,103.45,103.66,102.52,102.86,2171700
2025-08-15,100.13,102.2,100.13,100.77,3098700
2025-08-18,100.85,100.97,99.72,99.74,2789300
2025-08-19,99.88,101.18,99.59,101.099998,3948400
2025-08-20,101.97,103.080002,101.23,101.76,3216400
2025-08-21,101.56,102.3,101.12,101.5,2282700
2025-08-22,102.2,102.75,100.83,101.65,2753100
2025-08-25,101.16,101.47,99.71,99.95,2498900
2025-08-26,100.040001,100.46,99.38,99.72,3309500
2025-08-27,99.88,100.33,99.52,100.07,4313800
2025-08-28,99.85,99.97,97.88,98.17,2400200
2025-08-29,98.27,98.55,98.010002,98.23,4220000
2025-09-02,98.29,98.29,96.55,97.2,3019300
2025-09-03,96.95,97.89,96.61,97.85,4306700
2025-09-04,98.6,98.81,97.35,97.8,2033300
2025-09-05,97.97,98.31,97.35,98.050003,1724500
2025-09-08,97.91,98.15,96.22,96.65,2189400
2025-09-09,96.28,97.35,96.15,96.98,1282700
2025-09-10,97.07,97.34,96.46,97.080002,1603600
2025-09-11,96.97,97.78,96.51,97.7,1690000
2025-09-12,97.57,98.56,97.099998,97.55,1249400
2025-09-15,97.6,97.63,96.79,97.0,1351900
2025-09-16,96.51,96.88,95.26,95.57,2116600
2025-09-17,96.29,97.3,96.15,96.4,1879800
2025-09-18,95.74,96.91,95.69,96.35,1815600
2025-09-19,96.54,96.91,95.9,96.33,4091700
2025-09-22,96.38,96.95,95.97,96.62,1939000
2025-09-23,96.36,98.64,96.3,98.55,2204300
2025-09-24,98.29,99.27,98.29,98.81,1611600
2025-09-25,99.5,99.85,98.23,98.35,1848500
2025-09-26,98.74,99.92,98.19,99.62,1947300
2025-09-29,99.57,99.79,98.76,99.57,1875300
2025-09-30,99.58,100.76,99.099998,100.52,2199200
2025-10-01,100.22,100.57,98.050003,98.17,2301800
2025-10-02,98.18,98.46,97.31,97.64,1449500
2025-10-03,97.67,99.28,97.61,98.81,1676200
2025-10-06,98.67,99.35,98.42,99.33,1769800
2025-10-07,99.16,100.36,98.39,100.040001,1722000
2025-10-08,100.21,100.9,99.71,100.83,1570400
2025-10-09,101.27,102.28,100.77,100.8,1816100
2025-10-10,101.48,102.71,100.88,102.39,2059200
2025-10-13,102.099998,102.49,100.15,100.86,1515700
2025-10-14,101.71,102.7,101.33,101.89,1423300
2025-10-15,101.68,102.81,101.6,102.29,1556600
2025-10-16,102.68,103.14,100.98,101.07,1558800
2025-10-17,101.4,101.73,100.43,101.19,1597600
2025-10-20,101.72,101.94,100.85,101.72,1129300
2025-10-21,101.72,102.0,100.89,101.56,1116900
2025-10-22,101.5,103.099998,100.87,101.94,1509000
2025-10-23,102.66,102.66,100.07,100.77,1302800
2025-10-24,100.49,101.059998,99.84,100.040001,1036400
2025-10-27,99.31,100.47,99.080002,100.22,1537600
2025-10-28,99.7,99.96,98.53,98.55,1156300
2025-10-29,98.48,98.86,96.88,97.0,1804100
2025-10-30,97.31,98.85,97.07,98.19,2073000
2025-10-31,97.24,97.79,96.11,97.41,2770700
2025-11-03,96.8,96.95,95.5,96.64,1692200
2025-11-04,97.78,98.0,97.040001,97.96,1614500
2025-11-05,98.0,98.62,95.65,96.11,2273800
2025-11-06,96.97,98.38,96.5,96.99,3064400
2025-11-07,97.68,99.88,97.25,98.52,2924400
2025-11-10,98.059998,98.86,97.41,98.24,2188900
2025-11-11,98.64,99.77,98.15,99.59,1779700
2025-11-12,99.3,100.27,98.97,100.19,1340200
2025-11-13,100.2,101.19,99.12,100.95,1977700
2025-11-14,101.69,102.55,100.9,101.66,2443200
2025-11-17,102.22,103.98,101.75,103.85,3007600
2025-11-18,103.54,104.080002,102.81,102.91,2585400
2025-11-19,102.11,102.11,100.14,100.38,3059700
2025-11-20,100.26,101.38,99.93,100.95,2462200
2025-11-21,101.48,103.28,99.55,100.16,4721900
2025-11-24,100.33,100.35,98.72,98.92,7708000
2025-11-25,99.85,100.29,98.63,98.85,2127200
2025-11-26,99.22,100.29,98.85,100.14,1305700
2025-11-28,100.58,100.89,100.029999,100.36,1063300
2025-12-01,99.74,100.24,97.72,97.88,2744600
2025-12-02,97.92,98.13,96.78,96.87,2753100
2025-12-03,97.46,98.19,96.17,96.45,1761600
2025-12-04,96.39,97.34,95.89,96.22,2303500
2025-12-05,96.0,96.91,95.96,96.6,1775800
2025-12-08,96.57,96.57,94.96,95.45,2089300
2025-12-09,95.83,96.71,95.56,95.82,1823300
2025-12-10,95.64,96.16,95.19,95.41,1848900
2025-12-11,95.67,97.24,95.39,95.64,1396800
2025-12-12,95.67,98.0,95.45,97.53,2638200
2025-12-15,97.67,99.48,97.49,99.39,2388100
2025-12-16,99.55,99.66,98.72,98.9,2321100
2025-12-17,98.64,100.33,98.51,100.21,2330700
2025-12-18,99.83,100.24,99.0,99.99,2345300
2025-12-19,100.059998,100.059998,98.059998,98.059998,4366200
2025-12-22,97.5,98.78,97.11,98.57,1526200
2025-12-23,98.69,99.33,98.33,98.95,1485100
2025-12-24,99.15,99.57,98.85,99.53,522600
2025-12-26,99.28,99.77,98.92,99.3,611500
2025-12-29,99.48,100.080002,99.2,99.54,1647900
2025-12-30,99.61,100.17,99.33,99.89,1019900
2025-12-31,99.84,100.029999,99.23,99.32,1218200
2026-01-02,99.63,100.6,98.52,99.99,1441100
2026-01-05,99.48,99.48,96.96,98.5,2112400
2026-01-06,98.71,99.55,98.17,99.32,1643800
2026-01-07,99.7,100.17,98.87,99.37,1638800
2026-01-08,99.3,101.27,99.059998,100.18,1717600
2026-01-09,100.17,101.0,99.2,99.21,1354200
2026-01-12,99.58,100.68,98.38,98.83,1987100
2026-01-13,98.34,100.26,98.24,100.21,2073300
2026-01-14,100.3,102.019997,100.089996,101.47,1963000
2026-01-15,101.36,102.78,101.32,102.58,1813500
2026-01-16,102.059998,103.95,101.88,103.81,2201800
2026-01-20,104.010002,105.099998,103.55,105.050003,2525800
2026-01-21,105.21,105.62,103.080002,103.84,2386300
2026-01-22,103.6,104.48,101.25,103.18,3486400
2026-01-23,103.4,104.18,102.97,103.87,2105600
2026-01-26,104.43,105.61,104.19,104.59,1208800
2026-01-27,104.25,105.48,104.07,105.35,1345500
2026-01-28,105.71,106.47,104.84,105.18,1399700
2026-01-29,105.53,106.74,105.019997,105.96,1788400
2026-01-30,106.18,106.85,105.080002,106.63,1873900
2026-02-02,107.24,107.39,104.48,105.42,2286500
2026-02-03,105.63,107.82,104.97,107.45,1988600
2026-02-04,108.099998,109.57,107.51,108.38,2463000
2026-02-05,109.27,110.13,108.5,108.87,1811100
2026-02-06,109.56,110.6,106.7,107.34,2743700
2026-02-09,107.29,108.0,106.099998,106.68,1294300
2026-02-10,107.14,109.57,106.53,108.43,2368100
2026-02-11,108.11,109.98,107.65,109.87,1354500
2026-02-12,110.0,112.92,109.45,111.72,1523200
2026-02-13,111.77,114.019997,110.98,113.72,2275100
2026-02-17,114.61,115.25,113.059998,113.92,2565500
2026-02-18,112.84,113.26,111.050003,111.61,1844800
2026-02-19,112.24,112.93,111.47,111.92,2764500
2026-02-20,114.0,114.0,109.059998,109.81,3485300
2026-02-23,111.010002,113.010002,110.0,112.14,2649300
2026-02-24,110.26,111.44,110.0,111.010002,6871300
2026-02-25,111.21,111.52,109.9,111.0,2679200
2026-02-26,111.61,111.81,110.55,110.76,2713300
2026-02-27,111.68,112.95,111.019997,112.52,5310700
2026-03-02,112.48,113.75,111.88,112.059998,2699100
2026-03-03,111.5,113.31,109.89,112.36,2740400
2026-03-04,112.37,112.7,110.62,112.49,2267100
2026-03-05,111.99,112.2,110.25,110.71,2703600
2026-03-06,110.98,112.56,110.0,112.28,2341300
2026-03-09,112.54,112.75,111.089996,111.8,2255800
2026-03-10,111.35,112.26,110.69,111.3,1615400
2026-03-11,111.2,111.98,110.65,111.74,1438200
2026-03-12,111.73,114.4,111.21,113.13,1748400
2026-03-13,114.16,115.37,113.55,114.88,1762600
2026-03-16,115.62,115.75,114.32,115.46,2851100
2026-03-17,116.099998,116.23,114.66,114.9,1792400
2026-03-18,114.57,114.76,113.37,113.53,1175000
2026-03-19,113.62,113.88,111.38,111.69,1764100
2026-03-20,111.82,111.97,108.82,109.45,4150000
2026-03-23,110.83,110.83,108.81,109.11,1735300
2026-03-24,108.99,111.19,108.48,109.88,1505200
2026-03-25,110.21,111.13,109.33,110.029999,1927200
2026-03-26,110.23,112.089996,109.97,111.52,1501100
2026-03-27,111.78,112.089996,110.9,111.68,1776500
2026-03-30,112.86,113.97,111.95,113.39,2271900
2026-03-31,114.07,114.07,111.41,113.18,4177000
2026-04-01,112.47,114.059998,112.2,113.91,1690300
2026-04-02,114.57,115.86,114.17,115.43,1614400
2026-04-06,114.7,115.62,114.17,114.61,1199000
2026-04-07,114.8,115.67,114.36,114.46,1360200
2026-04-08,112.089996,113.68,111.059998,113.57,2617500
2026-04-09,113.45,115.66,113.45,114.98,1742900
2026-04-10,113.93,115.29,113.23,113.56,1123400
2026-04-13,113.54,113.73,111.22,111.89,1488500
2026-04-14,111.41,111.93,110.48,111.66,1815000
2026-04-15,110.82,111.45,109.95,110.28,1668900
2026-04-16,110.029999,111.059998,109.26,110.52,1621800
2026-04-17,109.76,110.32,108.21,110.15,2109400
2026-04-20,109.65,111.34,109.24,109.67,1424400
2026-04-21,109.84,110.34,107.98,108.19,1528000
2026-04-22,108.94,109.53,107.65,108.13,1497700
2026-04-23,109.26,110.53,108.59,110.25,1638800
2026-04-24,109.45,110.0,108.66,109.059998,1418000
2026-04-27,109.36,110.13,108.81,108.83,1260100
2026-04-28,110.22,110.49,108.96,109.62,1574000
2026-04-29,108.99,110.029999,108.33,108.88,1512400
2026-04-30,109.040001,111.57,108.059998,111.49,2918800
2026-05-01,111.47,112.43,110.48,110.49,2280600
2026-05-04,110.040001,111.33,109.19,109.63,2909900
2026-05-05,109.66,110.33,108.9,109.15,1776100
2026-05-06,109.14,109.3,106.77,106.87,2281200
2026-05-07,106.16,107.089996,105.32,106.39,3106200
2026-05-08,107.3,107.61,104.62,106.31,2580100
2026-05-11,106.95,107.67,105.69,106.21,2115200
2026-05-12,107.28,107.61,106.010002,106.9,3283700
2026-05-13,105.13,106.36,104.71,106.16,2464000
2026-05-14,106.47,107.32,105.97,107.13,2006400
2026-05-15,107.4,107.51,105.31,105.36,2328400
2026-05-18,106.16,107.62,105.6,106.51,3061500
2026-05-19,107.59,108.81,106.55,108.14,3361400
2026-05-20,107.78,108.33,105.89,106.3,1945000
2026-05-21,106.59,107.8,106.31,107.4,1731700
2026-05-22,107.099998,108.76,106.7,108.54,2238100
2026-05-26,108.25,108.62,107.66,107.7,1933600
2026-05-27,107.45,109.24,107.089996,108.010002,3157900
2026-05-28,108.089996,108.56,106.080002,106.3,2083500
2026-05-29,106.36,107.25,105.080002,105.63,8332600
2026-06-01,105.0,105.15,103.6,103.6,1940500
2026-06-02,102.87,104.75,102.87,103.79,3356400
2026-06-03,104.26,106.4,103.41,103.48,2838700
2026-06-04,104.010002,104.71,102.82,104.080002,1910200
2026-06-05,104.92,107.45,104.5,106.26,1810100
2026-06-08,105.83,106.25,104.29,104.31,1733200
2026-06-09,104.92,107.72,104.050003,106.4,2044900
2026-06-10,109.010002,109.019997,106.7,107.6,2359200
2026-06-11,108.74,109.42,106.62,106.84,2106900
2026-06-12,107.080002,108.35,106.95,107.74,1916100
2026-06-15,107.11,108.59,106.35,107.72,2228400
2026-06-16,107.69,109.23,107.2,108.37,1657100
2026-06-17,107.47,108.22,106.15,107.040001,2592800
2026-06-18,106.63,107.85,105.69,106.36,6555000
2026-06-22,106.47,107.81,105.92,106.92,3165000
2026-06-23,107.68,109.07,107.0,108.75,2420300
2026-06-24,109.18,110.86,108.87,110.72,3070400
2026-06-25,110.76,111.63,109.85,110.76,1738800
2026-06-26,111.7,112.16,110.78,112.059998,2642400
2026-06-29,111.65,112.4,111.24,112.29,1676500
2026-06-30,111.6,112.23,110.43,110.63,2187200
2026-07-01,110.93,111.49,110.35,110.95,1906800
2026-07-02,112.19,114.089996,111.4,113.99,2172100
2026-07-06,113.63,113.63,111.74,111.94,2617200
2026-07-07,113.2,115.26,112.54,112.99,2916400
2026-07-08,113.64,114.17,111.81,112.089996,1582900
2026-07-09,111.93,112.26,110.22,110.27,2051900
2026-07-10,110.27,111.43,110.18,111.12,1343900
2026-07-13,111.61,112.53,111.089996,111.82,2070200
2026-07-14,111.99,112.83,111.37,111.96,1619800
2026-07-15,111.49,112.24,110.2,110.31,1476200
2026-07-16,110.62,112.4,110.23,112.39,1661600
2026-07-17,113.8,115.2,111.07,112.37,2449700
2026-07-20,112.84,113.24,110.59,111.050003,2006900
2026-07-21,110.45,110.71,109.41,109.81,1782900
2026-07-22,111.13,112.32,110.15,112.089996,1674200
2026-07-23,111.36,113.010002,110.98,112.79,2875200
2026-07-24,113.2,114.47,112.57,113.010002,2971900
2026-07-27,112.37,113.36,111.39,111.5,2393900
2026-07-28,112.79,114.58,111.9,111.98,2395600
2026-07-29,112.58,114.21,111.44,112.25,2324500
2026-07-30,111.77,112.029999,108.58,109.66,2762900
2026-07-31,109.0,109.94,108.22,108.85,2787200
2026-08-03,108.3,109.25,107.41,107.95,2042900
2026-08-04,107.41,108.67,106.12,108.41,2432500
2026-08-05,108.51,108.61,106.52,108.32,2198800
2026-08-06,109.3,109.87,107.49,108.95,2988000
2026-08-07,108.040001,108.71,106.56,107.98,2160900
2026-08-10,107.39,107.7,105.96,106.3,2655300
2026-08-11,105.99,107.64,105.9,107.5,1862000
2026-08-12,107.53,108.57,106.55,107.78,2561700
2026-08-13,108.0,108.56,107.76,108.39,2030000
2026-08-14,108.019997,109.34,107.95,108.8,1323500
2026-08-17,108.48,109.27,108.080002,108.99,1602400
2026-08-18,110.33,110.38,108.48,109.16,3925300
2026-08-19,109.0,109.79,107.56,108.0,2587000
2026-08-20,107.5,109.059998,107.44,108.31,2315300
2026-08-21,108.34,108.41,106.18,106.35,2310700
2026-08-24,107.52,107.81,105.51,107.71,2248300
2026-08-25,107.67,107.74,106.69,107.089996,1571400
2026-08-26,107.26,108.28,107.0,108.050003,1935600
2026-08-27,107.040001,107.25,106.12,106.69,1479700
2026-08-28,107.24,107.72,106.76,107.49,1657100
2026-08-31,106.79,107.41,106.37,107.019997,3518900
2026-09-01,108.0,108.28,107.11,107.7,1863200
2026-09-02,107.77,108.099998,106.39,107.67,2146900
2026-09-03,108.26,108.785,107.82,108.785,64936
