date,open,high,low,close,volume
2006-10-18,43.2,43.55,42.45,42.595,3209000
2006-10-19,42.6,42.925,42.17,42.9,2626800
2006-10-20,42.905,42.905,41.965,42.195,3673600
2006-10-23,42.195,42.735,42.07,42.395,2666600
2006-10-24,42.255,42.48,42.255,42.36,2431600
2006-10-25,42.55,42.75,42.225,42.57,2074800
2006-10-26,42.6,42.875,42.475,42.765,1568800
2006-10-27,42.55,42.6,42.060001,42.080002,1619200
2006-10-30,42.080002,42.355,41.92,42.11,1533600
2006-10-31,42.42,42.84,42.11,42.2,2270200
2006-11-01,42.39,42.455,41.75,41.79,1931800
2006-11-02,41.74,41.98,41.375,41.48,2600400
2006-11-03,41.525,41.6,41.0050011,41.105,2486600
2006-11-06,41.325,41.45,41.040001,41.28,6277000
2006-11-07,42.625,44.62,42.4,43.715,15219600
2006-11-08,43.67,44.6,43.46,44.0,5629600
2006-11-09,44.049999,44.13,43.55,43.605,3481400
2006-11-10,43.705,43.865,43.61,43.78,2367400
2006-11-13,43.78,44.35,43.64,44.035,2869600
2006-11-14,44.02,44.36,43.655,43.825,3900000
2006-11-15,43.55,44.445,43.525,43.995,2869200
2006-11-16,44.29,44.615,44.18,44.26,2084000
2006-11-17,43.94,44.28,43.9,44.075001,1937000
2006-11-20,44.15,44.37,43.95,44.115,2013400
2006-11-21,44.225,44.47,44.09,44.41,1901600
2006-11-22,44.3,44.87,44.275,44.52,1588200
2006-11-24,44.4,44.825,44.195,44.5,613400
2006-11-27,44.0,44.055,42.98,42.98,3656800
2006-11-28,42.925,43.165,42.48,43.0099983,3896800
2006-11-29,43.049999,43.625,42.955,43.345,2204400
2006-11-30,43.38,43.81,43.29,43.35,3023200
2006-12-01,43.4,43.435,42.275,42.605,3082600
2006-12-04,42.89,42.9,42.385,42.56,4908400
2006-12-05,43.255,43.42,42.945,43.405,4126000
2006-12-06,43.465,43.465,42.925,43.14,3424400
2006-12-07,43.45,43.81,42.97,43.105,3237200
2006-12-08,43.2,43.51,42.875,43.055,2356800
2006-12-11,43.055,43.12,42.75,42.87,2646400
2006-12-12,42.99,43.16,42.77,42.98,3764500
2006-12-13,43.31,43.48,42.98,43.02,2622400
2006-12-14,42.99,43.2,42.7,43.0,2845700
2006-12-15,43.0,43.0,42.07,42.23,5561100
2006-12-18,42.060001,42.66,41.95,42.47,4538500
2006-12-19,42.25,43.22,42.16,43.099998,3917500
2006-12-20,43.42,44.38,43.35,44.25,5271900
2006-12-21,44.29,44.5,44.13,44.38,4388600
2006-12-22,44.6,44.6,44.040001,44.040001,2292600
2006-12-26,44.02,44.43,43.95,44.39,997700
2006-12-27,44.39,44.65,44.0,44.51,1771100
2006-12-28,44.52,44.57,44.24,44.25,1264600
2006-12-29,44.26,44.5,43.99,44.09,1433900
2007-01-03,44.12,44.87,43.56,43.86,2829700
2007-01-04,43.86,43.98,43.42,43.86,1796500
2007-01-05,43.5,43.72,43.18,43.48,1851600
2007-01-08,43.28,44.040001,43.11,43.91,1814500
2007-01-09,44.0,44.36,43.42,43.92,2574100
2007-01-10,44.33,44.61,43.24,43.59,2473900
2007-01-11,43.75,43.99,43.52,43.79,2915300
2007-01-12,44.080002,44.44,43.88,44.049999,2228900
2007-01-16,44.23,44.56,43.95,44.23,2009200
2007-01-17,44.29,45.049999,44.15,44.51,2884000
2007-01-18,44.5,45.2,44.47,44.56,3445500
2007-01-19,44.6,44.75,44.21,44.41,2267500
2007-01-22,44.33,44.5,44.060001,44.13,1742900
2007-01-23,44.28,44.66,44.17,44.48,2097500
2007-01-24,44.72,44.84,44.4,44.56,2295500
2007-01-25,44.46,44.66,44.0,44.0099983,3283400
2007-01-26,44.02,44.15,43.69,43.84,2726100
2007-01-29,43.78,44.2,43.59,44.080002,2250300
2007-01-30,44.0099983,44.25,43.8,44.15,2199000
2007-01-31,44.13,45.060001,44.02,44.97,2413300
2007-02-01,45.15,45.56,45.15,45.53,2002600
2007-02-02,45.88,45.88,44.98,45.2,2977400
2007-02-05,45.07,45.78,44.98,45.54,2838200
2007-02-06,45.5,45.51,44.42,45.12,3170000
2007-02-07,44.37,44.9,44.27,44.78,2746600
2007-02-08,44.79,44.9,44.43,44.7,2764600
2007-02-09,44.62,44.78,44.060001,44.31,2792900
2007-02-12,44.45,44.59,44.26,44.4,2250100
2007-02-13,44.6,44.73,44.39,44.63,2329600
2007-02-14,44.39,45.95,44.39,45.8,3628400
2007-02-15,45.7,45.78,45.42,45.55,1839000
2007-02-16,45.3,45.55,45.099998,45.32,1812900
2007-02-20,46.080002,46.080002,44.86,45.49,1930400
2007-02-21,45.41,45.46,45.0,45.46,2122200
2007-02-22,45.35,45.58,44.94,45.28,1587900
2007-02-23,45.12,45.52,44.8,45.31,1669400
2007-02-26,45.26,45.46,44.92,45.099998,1922700
2007-02-27,44.95,44.96,42.73,43.53,3784900
2007-02-28,43.51,43.83,42.95,43.049999,4071000
2007-03-01,43.099998,43.099998,41.26,42.97,3789200
2007-03-02,42.97,43.19,42.39,42.54,2833000
2007-03-05,41.9,42.77,41.9,42.11,2944600
2007-03-06,42.15,42.88,42.15,42.62,3104000
2007-03-07,42.4,42.86,42.32,42.57,2132500
2007-03-08,42.76,43.21,42.46,42.95,2566100
2007-03-09,43.45,43.79,43.28,43.5,2980000
2007-03-12,43.51,43.64,43.27,43.48,1800300
2007-03-13,43.15,43.29,42.2,42.21,2673600
2007-03-14,42.24,42.77,41.86,42.59,2606500
2007-03-15,42.42,42.73,42.23,42.39,2495300
2007-03-16,42.5,42.72,41.75,42.23,3475500
2007-03-19,42.59,42.98,42.56,42.92,1833100
2007-03-20,42.84,43.060001,42.69,43.060001,2335600
2007-03-21,43.51,44.21,43.31,44.15,2616900
2007-03-22,44.87,44.99,43.55,43.85,1821100
2007-03-23,43.85,44.63,43.55,43.9,1339300
2007-03-26,43.84,43.89,43.15,43.47,1552600
2007-03-27,43.4,43.4,42.7,42.91,3579400
2007-03-28,42.85,42.86,42.38,42.66,2606400
2007-03-29,42.82,43.86,42.61,42.9,2117300
2007-03-30,42.85,43.28,42.35,43.09,2875600
2007-04-02,43.09,43.3,42.53,42.71,2359800
2007-04-03,42.84,43.09,42.73,42.78,2013300
2007-04-04,42.85,42.9,42.63,42.71,1884500
2007-04-05,42.5,42.81,42.36,42.81,1745100
2007-04-09,42.73,43.029999,42.63,42.72,1138900
2007-04-10,42.55,42.75,42.32,42.62,2156900
2007-04-11,42.62,42.72,41.82,41.85,2644100
2007-04-12,42.68,42.69,41.85,42.6,3755700
2007-04-13,42.74,43.79,42.74,43.22,3726600
2007-04-16,43.5,43.81,43.25,43.79,2949600
2007-04-17,43.77,44.55,43.61,44.37,3425400
2007-04-18,44.15,44.62,44.0,44.49,2945200
2007-04-19,44.95,44.95,44.2,44.45,2444100
2007-04-20,44.95,45.29,44.49,44.96,3969800
2007-04-23,44.99,45.3,44.89,45.0,2040800
2007-04-24,44.99,45.39,44.86,45.09,2098800
2007-04-25,45.34,45.52,45.040001,45.45,2389900
2007-04-26,46.099998,47.51,46.0099983,47.47,5670800
2007-04-27,47.099998,48.040001,47.080002,47.88,4735000
2007-04-30,47.97,47.97,46.9,46.99,4502100
2007-05-01,46.5,46.84,45.38,46.09,5385700
2007-05-02,45.99,46.75,45.74,46.45,3509000
2007-05-03,46.55,46.76,46.42,46.67,2940300
2007-05-04,47.44,47.44,46.6,46.86,2550000
2007-05-07,47.02,47.24,46.62,46.75,4525500
2007-05-08,46.95,47.25,46.67,46.69,2946700
2007-05-09,46.4,46.8,46.23,46.59,3467500
2007-05-10,46.59,46.85,45.7,45.74,3669900
2007-05-11,45.94,46.17,45.67,46.15,2366100
2007-05-14,46.28,46.67,45.66,45.84,1954500
2007-05-15,45.75,46.27,45.63,45.77,2700300
2007-05-16,45.77,46.12,45.65,46.12,1978300
2007-05-17,46.0,46.09,45.66,45.83,1647700
2007-05-18,45.98,46.41,45.44,45.92,2403100
2007-05-21,45.91,46.32,45.84,46.17,2195600
2007-05-22,46.07,46.39,45.83,46.0,1945900
2007-05-23,46.35,47.73,46.26,47.16,4009600
2007-05-24,47.099998,47.72,46.82,47.02,3254000
2007-05-25,47.2,47.41,47.11,47.27,1842200
2007-05-29,47.45,47.65,47.080002,47.33,1988200
2007-05-30,47.34,48.02,47.099998,47.95,3419500
2007-05-31,48.39,48.85,48.19,48.45,3306900
2007-06-01,48.45,49.24,48.45,48.8,2091000
2007-06-04,48.55,48.88,48.09,48.35,1890400
2007-06-05,47.99,48.88,47.86,48.36,2496800
2007-06-06,48.36,48.43,47.72,47.97,2687100
2007-06-07,47.77,47.97,46.93,47.040001,2999600
2007-06-08,47.040001,47.71,46.67,47.69,2813500
2007-06-11,47.69,48.36,47.36,47.9,2609100
2007-06-12,47.8,47.95,47.099998,47.13,2191800
2007-06-13,47.24,48.25,47.15,48.21,2637400
2007-06-14,48.21,48.83,48.18,48.42,2489200
2007-06-15,48.44,48.96,47.99,48.7,3711400
2007-06-18,48.62,49.38,48.56,49.0,2760900
2007-06-19,48.87,49.2,48.7,49.11,2478800
2007-06-20,49.94,49.94,48.049999,48.049999,2844700
2007-06-21,48.049999,48.55,47.8,48.099998,2676000
2007-06-22,47.9,48.36,47.44,47.74,3953300
2007-06-25,48.57,48.66,47.35,47.61,2104800
2007-06-26,47.95,48.18,47.33,47.64,2265800
2007-06-27,47.040001,47.32,46.74,47.28,2977000
2007-06-28,47.11,47.6,46.97,47.33,2029900
2007-06-29,47.38,47.72,46.42,46.8,3092500
2007-07-02,47.0,47.47,46.74,47.47,2655700
2007-07-03,47.6,47.92,47.49,47.81,889300
2007-07-05,47.82,47.99,47.33,47.67,1417400
2007-07-06,47.87,48.17,47.54,48.07,1925400
2007-07-09,48.32,48.86,48.25,48.52,2410700
2007-07-10,47.95,48.39,47.19,47.59,4044800
2007-07-11,47.73,48.82,47.71,48.35,3264500
2007-07-12,48.47,49.45,48.35,49.41,2852200
2007-07-13,49.55,49.93,49.31,49.81,2140500
2007-07-16,49.75,50.59,49.67,50.22,3590100
2007-07-17,50.38,50.68,50.15,50.49,2657600
2007-07-18,50.68,50.7,49.44,50.07,2880400
2007-07-19,50.41,51.07,50.25,50.7,2516200
2007-07-20,50.59,50.6,49.24,49.94,4060000
2007-07-23,50.23,50.73,50.07,50.23,2217900
2007-07-24,49.84,50.13,49.12,49.17,2972800
2007-07-25,49.74,49.95,48.46,49.11,2940700
2007-07-26,48.76,49.88,47.53,48.25,5251500
2007-07-27,48.5,48.5,47.17,47.17,4330100
2007-07-30,47.07,48.0099983,46.94,47.88,3868700
2007-07-31,47.69,49.24,46.99,47.07,3933600
2007-08-01,46.99,47.99,46.81,47.88,3767500
2007-08-02,48.71,48.71,47.23,47.64,3768800
2007-08-03,47.51,47.94,46.5,46.57,3364800
2007-08-06,47.39,48.16,46.69,48.11,3474200
2007-08-07,47.17,48.74,47.0,48.42,4576600
2007-08-08,48.77,49.6,48.3,48.57,3511500
2007-08-09,47.080002,49.35,45.68,45.82,5197400
2007-08-10,44.35,47.38,44.25,47.09,4511000
2007-08-13,48.13,48.93,47.16,48.11,3300300
2007-08-14,48.049999,48.36,46.99,46.99,3351100
2007-08-15,46.81,47.5,45.77,45.88,3365700
2007-08-16,44.91,45.85,43.18,45.42,6045900
2007-08-17,46.22,46.79,45.27,46.31,5169700
2007-08-20,45.49,47.5,45.49,47.13,3762300
2007-08-21,46.72,47.3,45.8,45.98,4687300
2007-08-22,46.67,47.080002,45.46,46.96,3462200
2007-08-23,47.049999,47.26,45.86,46.23,2810200
2007-08-24,46.44,47.85,46.25,47.78,2593800
2007-08-27,47.9,47.99,47.37,47.44,1785400
2007-08-28,47.25,47.43,46.71,46.9,4131200
2007-08-29,47.22,48.31,46.92,48.25,2885500
2007-08-30,47.73,48.69,47.69,47.96,1841700
2007-08-31,48.6,49.66,48.5,49.23,2850100
2007-09-04,49.52,49.89,49.12,49.57,2425300
2007-09-05,48.97,49.17,48.049999,48.84,3675700
2007-09-06,49.07,49.12,48.26,48.65,2577500
2007-09-07,47.71,48.22,47.2,47.38,2507100
2007-09-10,47.69,48.18,46.64,47.65,2601700
2007-09-11,47.91,48.14,47.55,47.9,2088800
2007-09-12,47.68,48.28,47.59,47.9,1934500
2007-09-13,48.31,48.55,47.75,48.11,1531600
2007-09-14,48.0,48.98,47.83,48.66,2492500
2007-09-17,48.53,48.72,48.0099983,48.17,1780000
2007-09-18,48.49,50.19,48.34,50.19,2821700
2007-09-19,50.68,51.48,50.49,50.97,3324300
2007-09-20,50.67,51.21,50.36,50.36,2554900
2007-09-21,50.86,50.95,50.07,50.2,3651600
2007-09-24,50.029999,51.0,50.02,50.25,2509000
2007-09-25,49.85,51.2,49.68,51.02,2756800
2007-09-26,51.35,51.97,51.13,51.57,2761500
2007-09-27,52.79,53.44,52.0,53.37,5225200
2007-09-28,53.49,53.62,52.87,53.22,3140300
2007-10-01,53.47,54.38,53.29,53.93,3049400
2007-10-02,53.43,54.32,53.15,53.42,2135900
2007-10-03,53.060001,53.22,52.56,52.94,2357400
2007-10-04,53.02,53.61,52.81,53.37,1800100
2007-10-05,53.7,54.9,53.7,54.27,2545700
2007-10-08,54.4,54.65,53.79,54.24,1838600
2007-10-09,54.35,54.84,54.0,54.74,2069500
2007-10-10,54.71,54.9,53.95,54.57,2124000
2007-10-11,54.91,55.3,53.71,53.86,3003600
2007-10-12,54.080002,54.16,52.78,53.09,3131000
2007-10-15,53.24,53.64,52.62,52.98,2691800
2007-10-16,52.89,53.18,52.4,52.66,2327700
2007-10-17,53.32,53.52,52.45,52.94,2672100
2007-10-18,52.92,53.81,52.68,53.61,2321400
2007-10-19,53.18,53.41,50.12,50.5,5771600
2007-10-22,49.46,51.27,49.44,50.97,3156500
2007-10-23,51.36,51.56,50.7,51.2,2147200
2007-10-24,50.93,51.55,50.12,50.99,3216900
2007-10-25,51.17,51.3,50.4,51.07,2679100
2007-10-26,51.55,52.0,51.049999,51.4,2292800
2007-10-29,51.46,51.7,50.48,51.53,2406500
2007-10-30,50.98,51.58,50.76,50.89,2029900
2007-10-31,51.080002,52.35,50.94,52.27,2828300
2007-11-01,51.15,52.29,51.15,51.34,3904700
2007-11-02,52.49,52.79,50.89,51.83,3663800
2007-11-05,51.62,52.59,51.07,51.53,3451900
2007-11-06,52.0099983,54.75,52.0099983,54.28,4842600
2007-11-07,54.0,55.78,53.78,54.98,5553300
2007-11-08,55.25,55.59,54.29,55.38,5009100
2007-11-09,54.76,55.39,54.28,54.79,4073400
2007-11-12,54.57,55.21,54.049999,54.18,3865100
2007-11-13,54.5,55.7,53.89,55.6,3962300
2007-11-14,56.0,56.7,55.18,55.58,3909700
2007-11-15,55.47,55.68,54.78,55.029999,3690600
2007-11-16,55.51,55.79,54.099998,54.97,3945000
2007-11-19,54.73,54.79,53.21,53.76,4223300
2007-11-20,53.74,55.5,53.47,54.5,4610800
2007-11-21,53.94,54.57,53.27,53.38,4393900
2007-11-23,53.84,54.84,53.11,54.68,1470300
2007-11-26,54.68,55.36,53.61,53.73,2984600
2007-11-27,53.9,54.53,53.38,54.19,3645300
2007-11-28,54.71,56.83,54.3,56.49,4366400
2007-11-29,56.76,57.060001,55.93,56.49,2532300
2007-11-30,57.28,58.080002,56.75,57.02,3752300
2007-12-03,57.5,58.13,56.72,57.43,3367400
2007-12-04,56.97,59.049999,56.58,57.93,3894700
2007-12-05,58.58,58.8,57.13,57.64,3390000
2007-12-06,57.62,58.09,57.46,58.02,2757100
2007-12-07,58.24,58.74,57.73,58.32,2192800
2007-12-10,57.0099983,58.87,57.0099983,58.29,3186900
2007-12-11,58.26,58.5,56.19,56.25,3521800
2007-12-12,57.63,57.96,55.51,56.2,4999300
2007-12-13,55.93,57.060001,55.36,56.96,3421500
2007-12-14,57.080002,57.13,56.19,56.21,3188600
2007-12-17,56.0,56.21,54.39,54.48,3355700
2007-12-18,54.98,55.66,54.17,55.39,3126600
2007-12-19,55.29,55.83,54.74,55.2,2914300
2007-12-20,55.49,55.8,54.53,55.4,2903700
2007-12-21,56.11,56.87,55.71,55.83,5214500
2007-12-24,56.22,57.49,55.94,57.45,1294400
2007-12-26,56.72,58.060001,56.72,57.89,3426800
2007-12-27,58.28,58.52,56.86,56.92,2347500
2007-12-28,57.12,57.86,56.56,57.029999,1898300
2007-12-31,56.96,57.49,56.55,56.66,1814300
2008-01-02,56.66,56.99,54.92,55.17,3025000
2008-01-03,55.42,56.63,55.36,55.83,2897500
2008-01-04,55.47,55.47,53.75,53.85,3365100
2008-01-07,54.07,54.42,53.040001,53.75,4899900
2008-01-08,54.09,54.39,53.11,53.21,4508400
2008-01-09,53.21,54.0,51.78,53.09,5201700
2008-01-10,52.6,53.4,51.91,52.94,5098500
2008-01-11,52.36,52.7,51.080002,51.39,5239900
2008-01-14,51.91,52.24,51.42,51.58,4815100
2008-01-15,51.040001,51.43,49.83,49.94,5498500
2008-01-16,49.64,50.15,48.93,49.080002,6010500
2008-01-17,49.21,50.0,47.78,47.88,6355800
2008-01-18,48.17,50.07,47.93,49.19,6413100
2008-01-22,45.0,50.77,44.87,50.2,9200900
2008-01-23,48.82,50.7,47.080002,50.53,7688100
2008-01-24,50.81,51.68,50.28,51.23,5329600
2008-01-25,51.55,52.45,51.22,51.52,4613300
2008-01-28,51.7,51.91,50.66,51.61,3285300
2008-01-29,51.96,52.14,51.28,51.77,2976100
2008-01-30,51.49,52.12,50.94,51.15,4464500
2008-01-31,50.31,51.17,49.53,50.78,6656900
2008-02-01,50.76,52.3,50.38,52.22,4173300
2008-02-04,52.5,53.28,52.25,52.99,4103800
2008-02-05,53.39,53.39,50.69,50.69,4670600
2008-02-06,50.95,51.17,49.86,49.9,4853100
2008-02-07,49.72,50.53,49.099998,50.21,4287500
2008-02-08,50.040001,51.07,49.86,50.84,4145400
2008-02-11,50.72,51.6,50.14,51.37,3663400
2008-02-12,51.58,52.32,51.11,51.49,4112700
2008-02-13,51.95,53.060001,51.64,53.029999,4286200
2008-02-14,53.080002,53.25,52.41,52.46,5474500
2008-02-15,52.44,52.49,51.5,52.26,3810700
2008-02-19,52.96,53.099998,52.28,52.52,3691200
2008-02-20,52.17,52.75,51.61,52.67,3832900
2008-02-21,52.75,53.0099983,51.55,51.71,3217900
2008-02-22,52.029999,52.17,50.72,51.81,4183600
2008-02-25,51.94,52.32,51.4,52.17,5249000
2008-02-26,52.0099983,53.66,51.72,53.41,5178400
2008-02-27,53.21,54.0,52.76,53.33,4417800
2008-02-28,52.85,53.42,52.69,52.89,4139200
2008-02-29,52.67,52.74,50.76,50.96,4522100
2008-03-03,50.99,52.02,50.76,52.02,3744000
2008-03-04,51.63,51.65,50.39,51.080002,5767600
2008-03-05,51.33,52.07,50.86,51.48,4353800
2008-03-06,51.11,51.44,50.54,50.69,4255700
2008-03-07,50.39,50.56,49.13,49.46,3641300
2008-03-10,49.41,49.69,48.19,48.29,4010600
2008-03-11,49.48,50.22,48.89,50.22,4659700
2008-03-12,50.58,50.98,50.060001,50.16,3188600
2008-03-13,49.37,50.18,48.71,49.86,4773000
2008-03-14,50.19,50.19,47.52,48.64,6746700
2008-03-17,48.07,49.060001,47.3,48.66,5470700
2008-03-18,49.57,50.02,48.84,49.75,6384900
2008-03-19,50.28,50.29,48.47,48.52,5159500
2008-03-20,48.57,49.6,48.57,49.07,6174800
2008-03-24,49.07,51.0,49.0,50.74,4109800
2008-03-25,51.0,52.09,50.28,51.9,4424400
2008-03-26,51.73,51.97,51.19,51.55,3641100
2008-03-27,51.77,52.02,51.14,51.17,3502700
2008-03-28,51.52,52.0099983,51.07,51.18,2518000
2008-03-31,51.26,51.78,50.74,51.46,2272400
2008-04-01,51.91,53.56,51.89,53.47,4319700
2008-04-02,53.62,54.4,53.28,53.62,3715800
2008-04-03,53.4,53.82,52.92,53.41,2534200
2008-04-04,53.39,54.12,52.78,53.83,3308100
2008-04-07,53.95,54.07,53.02,53.39,3453200
2008-04-08,52.48,52.69,51.72,52.099998,4329400
2008-04-09,52.02,52.45,51.44,51.83,2483600
2008-04-10,51.8,52.14,51.18,51.56,5214000
2008-04-11,51.049999,51.049999,49.8,50.19,5671800
2008-04-14,50.27,50.74,49.53,50.36,3016100
2008-04-15,50.58,51.59,50.46,51.33,3248300
2008-04-16,51.63,53.5,51.57,53.24,4324500
2008-04-17,52.98,53.25,52.32,52.39,2797100
2008-04-18,52.99,53.26,52.39,53.2,5302300
2008-04-21,53.0099983,53.17,52.47,52.86,3170100
2008-04-22,52.54,53.21,52.38,52.85,3100000
2008-04-23,53.15,53.99,52.92,53.26,2781700
2008-04-24,53.44,53.96,52.67,53.6,2753800
2008-04-25,53.9,54.0,52.97,53.74,1666600
2008-04-28,53.6,53.95,53.029999,53.099998,3111800
2008-04-29,53.17,53.56,52.72,53.11,2994600
2008-04-30,53.47,53.47,52.16,52.26,4562900
2008-05-01,52.45,53.37,51.91,53.27,3101600
2008-05-02,53.34,54.35,53.34,53.77,3169900
2008-05-05,53.72,53.75,52.97,53.42,2116500
2008-05-06,54.82,56.28,54.36,56.060001,5438100
2008-05-07,56.2,56.7,54.69,54.85,4236800
2008-05-08,55.16,55.41,54.42,54.67,4473600
2008-05-09,54.0,54.48,52.89,54.18,4007500
2008-05-12,54.43,56.37,54.41,56.2,4268200
2008-05-13,57.23,57.29,56.21,56.37,4365600
2008-05-14,56.73,57.42,56.22,56.73,3975600
2008-05-15,56.8,57.34,56.31,57.16,2409800
2008-05-16,57.32,57.59,56.84,57.41,2961600
2008-05-19,57.55,58.72,57.4,57.7,4227200
2008-05-20,57.54,57.87,57.0099983,57.24,4070400
2008-05-21,57.46,58.5,56.72,56.94,4157100
2008-05-22,56.91,57.29,56.26,56.66,3112900
2008-05-23,56.6,56.6,55.65,56.080002,2554000
2008-05-27,56.0,56.95,56.0,56.77,2333900
2008-05-28,57.16,57.93,56.99,57.93,2927100
2008-05-29,57.94,58.59,56.85,57.52,2614400
2008-05-30,57.58,58.55,57.49,58.18,4092800
2008-06-02,58.0,58.16,56.92,57.51,3208600
2008-06-03,57.83,57.87,56.65,57.15,3234400
2008-06-04,57.049999,57.8,56.74,57.19,2460700
2008-06-05,57.51,58.22,56.95,58.2,3037700
2008-06-06,58.099998,58.099998,55.86,55.93,4456500
2008-06-09,56.34,56.76,55.82,56.26,3755500
2008-06-10,55.8,56.77,55.44,56.23,2571800
2008-06-11,56.2,56.2,54.6,54.66,4522600
2008-06-12,54.83,55.27,54.049999,54.080002,5328200
2008-06-13,54.55,55.92,54.49,55.92,4117700
2008-06-16,56.099998,56.41,55.65,56.029999,3146300
2008-06-17,56.21,56.4,55.2,55.3,2731200
2008-06-18,55.0,55.54,53.96,54.09,5680300
2008-06-19,54.17,54.86,53.97,54.51,4277100
2008-06-20,54.15,54.78,53.48,53.91,5276300
2008-06-23,54.33,54.34,52.97,53.63,3610500
2008-06-24,52.24,52.53,50.75,50.97,8411200
2008-06-25,51.12,51.58,50.5,51.080002,6457200
2008-06-26,50.55,50.57,48.9,48.93,5900000
2008-06-27,49.080002,49.43,48.17,48.17,7645100
2008-06-30,48.2,49.91,48.02,49.45,6431900
2008-07-01,48.98,50.049999,48.4,49.96,7442500
2008-07-02,50.049999,50.049999,48.060001,48.14,4952800
2008-07-03,48.099998,49.3,48.02,48.73,3172000
2008-07-07,49.0,49.86,48.25,49.0099983,4764400
2008-07-08,48.79,49.74,48.45,49.46,5631800
2008-07-09,50.12,50.88,49.060001,49.07,4871700
2008-07-10,49.0,49.88,48.73,49.78,3611300
2008-07-11,49.3,49.93,48.5,49.34,5165400
2008-07-14,49.84,50.38,49.18,49.85,4185100
2008-07-15,49.5,49.5,47.57,48.42,6800400
2008-07-16,48.38,49.24,47.53,48.92,5934100
2008-07-17,49.27,51.27,48.88,50.61,6806700
2008-07-18,50.75,51.0,50.11,50.5,4585100
2008-07-21,50.81,50.81,49.78,50.6,2568100
2008-07-22,50.34,50.97,50.12,50.56,4638500
2008-07-23,50.61,50.75,49.85,50.2,4718600
2008-07-24,50.27,50.64,49.27,49.42,3117500
2008-07-25,49.76,50.029999,49.44,49.83,3131500
2008-07-28,49.77,49.77,48.92,48.96,3084200
2008-07-29,49.060001,50.38,48.94,50.2,3662900
2008-07-30,50.43,51.45,50.18,50.94,3681100
2008-07-31,50.16,50.7,48.57,48.7,5989800
2008-08-01,48.98,49.28,47.86,48.41,6136500
2008-08-04,48.62,48.93,47.67,47.83,5057200
2008-08-05,48.0099983,48.9,46.53,47.64,7180900
2008-08-06,47.54,49.43,47.0,49.0,5695300
2008-08-07,48.51,49.3,48.029999,48.44,3736100
2008-08-08,48.18,49.68,48.0,49.029999,5278700
2008-08-11,49.17,50.19,48.96,49.43,3399700
2008-08-12,49.55,49.64,48.67,49.15,3135500
2008-08-13,48.89,49.68,48.15,49.16,3678900
2008-08-14,48.89,49.46,48.07,48.81,4144500
2008-08-15,48.86,49.76,48.86,49.43,3435500
2008-08-18,49.5,49.9,48.4,48.68,2802200
2008-08-19,48.48,48.48,46.9,47.35,4424900
2008-08-20,47.35,47.43,46.68,47.13,3648500
2008-08-21,46.87,47.72,46.6,47.36,3924900
2008-08-22,47.54,48.48,47.46,48.4,3631900
2008-08-25,47.9,48.16,47.029999,47.15,3569000
2008-08-26,46.98,47.35,45.63,46.099998,4976200
2008-08-27,46.080002,46.25,45.53,45.99,4927200
2008-08-28,46.36,47.88,46.32,47.56,4412600
2008-08-29,47.44,47.64,46.72,46.8,3051300
2008-09-02,47.48,48.39,46.6,46.82,4476000
2008-09-03,46.79,47.029999,45.96,46.76,5976100
2008-09-04,46.4,46.4,44.39,44.46,5575100
2008-09-05,44.22,44.73,43.53,44.22,6170700
2008-09-08,45.19,45.93,43.8,44.63,6613800
2008-09-09,44.85,44.98,41.94,41.94,6690900
2008-09-10,42.2,44.0,42.14,43.61,6473300
2008-09-11,43.19,43.97,42.36,43.97,5630800
2008-09-12,43.75,44.54,43.64,44.2,4171600
2008-09-15,43.31,44.11,42.66,42.74,4815800
2008-09-16,42.15,43.21,41.25,42.61,7133300
2008-09-17,42.22,42.22,40.59,40.76,7589300
2008-09-18,41.2,43.09,40.02,43.09,7239300
2008-09-19,44.86,47.99,42.95,43.84,7595200
2008-09-22,43.39,43.86,42.28,42.51,3386700
2008-09-23,42.55,42.55,40.42,40.49,6463000
2008-09-24,40.88,41.0099983,39.71,40.34,4855200
2008-09-25,40.8,41.69,40.12,41.24,5248500
2008-09-26,40.55,41.34,40.17,41.32,5044200
2008-09-29,41.09,41.09,37.74,38.46,7454100
2008-09-30,39.43,40.95,38.98,40.79,6176300
2008-10-01,40.26,40.84,38.99,39.19,5608400
2008-10-02,39.19,39.19,37.43,37.63,6112700
2008-10-03,38.3,40.49,38.11,38.2,8011300
2008-10-06,37.38,37.86,35.25,37.44,7713600
2008-10-07,38.14,38.74,35.96,35.96,7976000
2008-10-08,35.38,38.07,35.099998,36.15,11198600
2008-10-09,36.95,37.72,33.74,34.0,8732900
2008-10-10,32.56,35.19,30.15,33.38,17069600
2008-10-13,35.87,39.49,34.33,38.52,9751200
2008-10-14,39.73,40.84,35.64,37.099998,7863500
2008-10-15,36.15,36.34,32.62,32.87,8789800
2008-10-16,32.99,35.68,31.54,35.43,8909100
2008-10-17,34.59,36.24,33.69,34.040001,7189400
2008-10-20,34.31,35.64,33.43,35.55,6223600
2008-10-21,35.02,36.34,34.21,34.45,5325600
2008-10-22,33.6,33.7,31.16,32.58,7766100
2008-10-23,32.68,33.59,30.72,32.61,8191200
2008-10-24,30.049999,31.48,29.44,30.63,6367600
2008-10-27,30.01,31.92,29.68,30.08,5551200
2008-10-28,30.94,32.87,29.45,32.8,7763100
2008-10-29,33.24,34.57,32.42,32.83,6606300
2008-10-30,33.55,34.8,31.81,32.53,7170800
2008-10-31,32.47,33.040001,30.15,32.73,9948700
2008-11-03,32.0099983,32.56,31.41,32.56,7185900
2008-11-04,33.85,36.4,33.51,35.86,9280300
2008-11-05,34.96,36.36,33.5,34.18,6796900
2008-11-06,33.75,33.75,31.24,31.42,7551800
2008-11-07,31.61,32.35,31.040001,32.18,4976700
2008-11-10,33.47,35.3,32.82,33.64,6109600
2008-11-11,33.060001,33.29,31.47,31.79,6590200
2008-11-12,31.83,32.27,31.15,31.26,7592900
2008-11-13,31.42,36.040001,31.01,35.91,10298900
2008-11-14,33.89,34.77,31.21,33.4,10987700
2008-11-17,32.97,33.099998,31.67,31.75,6252000
2008-11-18,31.82,33.24,31.3,32.74,7346800
2008-11-19,32.55,33.75,31.46,31.63,7137400
2008-11-20,31.28,32.88,29.77,29.98,9616600
2008-11-21,30.77,32.4,29.26,32.18,9960900
2008-11-24,32.75,34.0,31.83,33.15,8864300
2008-11-25,33.65,34.91,33.029999,34.51,5800900
2008-11-26,33.43,34.9,32.75,34.75,4925600
2008-11-28,34.63,35.9,34.38,35.89,2505600
2008-12-01,34.75,34.75,30.49,30.5,8762400
2008-12-02,30.98,32.049999,30.75,32.049999,6994600
2008-12-03,31.25,33.82,31.040001,33.69,7405900
2008-12-04,33.4,33.8,30.9,31.55,5524000
2008-12-05,31.13,31.56,30.01,31.29,7140900
2008-12-08,32.2,33.97,32.040001,33.25,8829600
2008-12-09,32.79,33.24,31.77,32.34,5808600
2008-12-10,32.63,34.0,32.55,33.32,5265300
2008-12-11,33.09,33.7,31.81,31.95,5798500
2008-12-12,31.23,32.45,31.08,32.36,4619500
2008-12-15,32.5,33.0,31.25,31.7,4670600
2008-12-16,31.77,35.0,31.7,34.75,6667500
2008-12-17,33.97,36.84,33.65,36.2,7548300
2008-12-18,35.43,36.67,34.49,34.99,8078900
2008-12-19,35.98,36.68,33.56,34.02,7727300
2008-12-22,33.92,35.0,33.71,34.47,4986000
2008-12-23,34.76,35.14,33.15,33.37,4549900
2008-12-24,33.38,33.99,33.34,33.76,1606100
2008-12-26,34.0099983,34.5,33.75,34.4,1681800
2008-12-29,34.16,34.71,33.57,34.29,2937800
2008-12-30,34.73,35.97,34.7,35.91,3436100
2008-12-31,36.080002,36.99,35.62,36.61,4702800
2009-01-02,36.72,38.17,36.49,37.95,4073400
2009-01-05,37.77,38.4,36.94,37.31,4111100
2009-01-06,37.64,39.48,37.45,39.099998,6794200
2009-01-07,38.049999,38.4,36.46,36.76,4957300
2009-01-08,36.29,37.16,36.0,36.99,4009100
2009-01-09,37.14,37.5,35.56,35.7,4557600
2009-01-12,35.67,35.67,34.39,34.71,3846300
2009-01-13,34.61,35.0,33.82,34.34,4794000
2009-01-14,33.7,33.78,32.56,33.13,5014700
2009-01-15,33.14,33.98,31.85,33.62,5287300
2009-01-16,34.39,34.8,32.5,33.65,4638500
2009-01-20,33.47,33.86,32.13,32.25,5165600
2009-01-21,32.83,34.0,32.25,33.8,6754500
2009-01-22,33.3,33.58,32.13,32.95,6349700
2009-01-23,32.52,33.42,32.0,32.79,4811800
2009-01-26,32.76,34.13,32.31,32.81,4597500
2009-01-27,33.2,34.040001,33.14,33.72,4800700
2009-01-28,34.35,35.5,34.35,35.11,4926900
2009-01-29,34.71,34.86,33.38,33.69,5247400
2009-01-30,33.75,34.27,32.41,32.7,7626300
2009-02-02,31.37,32.0,30.51,31.7,11030200
2009-02-03,33.76,34.17,32.49,33.6,9845200
2009-02-04,33.66,34.14,32.28,32.37,7359300
2009-02-05,32.040001,33.59,32.0,33.27,5781300
2009-02-06,33.13,34.0,33.13,33.43,7131600
2009-02-09,33.4,35.46,33.0,34.97,8864100
2009-02-10,34.68,35.11,32.53,32.79,7131000
2009-02-11,32.95,33.95,32.21,32.65,4502500
2009-02-12,31.96,32.59,31.17,32.48,5063300
2009-02-13,32.3,32.8,31.75,32.02,4849300
2009-02-17,31.18,31.18,29.84,29.87,7735500
2009-02-18,30.049999,30.27,29.45,29.9,7679500
2009-02-19,30.28,30.75,29.3,29.38,5859900
2009-02-20,28.76,29.64,28.51,29.2,7907000
2009-02-23,29.67,29.9,28.049999,28.07,7230400
2009-02-24,28.42,29.14,27.94,28.99,6658100
2009-02-25,28.87,28.87,27.58,28.02,8402400
2009-02-26,28.32,28.57,27.34,27.42,7480000
2009-02-27,26.97,27.49,26.1,26.75,7572000
2009-03-02,26.13,26.37,25.12,25.22,8701100
2009-03-03,25.57,25.83,25.17,25.25,8761600
2009-03-04,25.77,26.77,25.38,26.47,9965000
2009-03-05,25.86,25.86,24.39,25.23,10393500
2009-03-06,25.41,26.15,24.48,25.17,7289000
2009-03-09,24.9,25.61,24.65,24.87,5831500
2009-03-10,25.34,26.95,25.34,26.85,7441200
2009-03-11,27.13,27.77,26.81,27.39,6587800
2009-03-12,27.38,27.51,26.72,27.43,7891900
2009-03-13,27.64,27.64,26.32,26.82,6647900
2009-03-16,27.09,27.8,26.79,26.85,7547800
2009-03-17,26.93,27.040001,26.0,27.040001,8386100
2009-03-18,26.89,28.21,26.36,27.75,5950200
2009-03-19,27.98,28.21,27.44,27.57,6619700
2009-03-20,27.78,28.0,26.71,26.8,8055400
2009-03-23,27.5,28.96,27.23,28.96,5198800
2009-03-24,28.51,28.85,27.83,28.48,7231600
2009-03-25,28.12,29.09,27.62,28.45,7937400
2009-03-26,28.81,29.62,28.52,29.57,7390100
2009-03-27,29.35,29.37,28.8,28.96,4964300
2009-03-30,28.0,28.51,27.35,27.93,6825300
2009-03-31,28.21,29.43,27.9,28.58,8302000
2009-04-01,28.19,29.71,28.0,29.53,6783300
2009-04-02,30.33,31.93,30.33,31.19,7035700
2009-04-03,31.26,32.15,31.15,31.96,5696300
2009-04-06,31.54,31.64,30.030001,30.89,5936900
2009-04-07,32.25,32.4,30.13,30.89,12577300
2009-04-08,30.97,31.6,29.76,30.21,6753500
2009-04-09,31.22,32.22,31.18,32.0,8004800
2009-04-13,31.75,31.94,30.92,31.6,4852800
2009-04-14,31.59,32.35,31.0,31.4,5749200
2009-04-15,31.56,32.14,31.33,31.89,3821100
2009-04-16,32.14,33.17,31.81,33.0099983,5622900
2009-04-17,32.8,33.27,32.42,33.040001,5804600
2009-04-20,32.51,32.74,31.49,31.66,5561400
2009-04-21,31.45,32.69,31.25,32.46,4858800
2009-04-22,32.2,33.69,32.0,32.75,5002000
2009-04-23,32.75,33.07,31.9,32.76,4160100
2009-04-24,32.85,34.0,32.72,33.6,5084400
2009-04-27,33.46,33.76,32.7,33.09,4177600
2009-04-28,32.72,32.96,32.0,32.75,4615400
2009-04-29,32.53,33.85,32.0,33.61,5062000
2009-04-30,33.9,34.98,33.77,34.040001,5755500
2009-05-01,34.86,36.19,34.09,35.58,7958400
2009-05-04,35.8,37.35,35.5,37.35,6955800
2009-05-05,36.85,37.35,36.43,36.79,5842200
2009-05-06,37.35,37.35,36.0,36.36,5423000
2009-05-07,36.79,36.94,34.94,35.46,7307700
2009-05-08,35.88,36.63,35.46,36.46,4593200
2009-05-11,35.82,35.87,35.18,35.32,4188200
2009-05-12,35.6,35.79,34.94,35.44,4928000
2009-05-13,34.36,34.46,33.51,33.63,5765900
2009-05-14,33.33,34.33,33.33,33.93,3598500
2009-05-15,33.91,34.32,33.18,33.75,6764800
2009-05-18,34.099998,34.87,33.88,34.81,3721500
2009-05-19,34.49,34.5,33.67,34.11,5991100
2009-05-20,34.44,34.5,33.25,33.31,9193900
2009-05-21,33.0099983,33.0099983,31.44,31.79,9249600
2009-05-22,31.64,32.75,31.64,32.18,5261200
2009-05-26,32.17,33.5,31.7,33.25,4801900
2009-05-27,33.31,33.32,32.2,32.26,5060800
2009-05-28,32.69,32.69,31.71,32.22,4678600
2009-05-29,32.46,32.68,31.73,32.09,6643300
2009-06-01,32.67,34.12,32.46,33.84,6460900
2009-06-02,33.96,34.9,33.78,34.68,5584000
2009-06-03,34.57,34.57,33.76,34.21,5616800
2009-06-04,34.41,34.68,34.0,34.57,4439300
2009-06-05,34.86,35.57,34.75,35.2,6192900
2009-06-08,35.099998,35.43,34.42,35.15,5730200
2009-06-09,35.21,35.44,34.77,35.11,4221500
2009-06-10,35.4,35.6,34.09,34.9,5134500
2009-06-11,34.91,35.54,34.83,34.94,5577900
2009-06-12,34.8,35.080002,34.33,35.07,3594200
2009-06-15,34.71,34.75,33.82,34.07,5203100
2009-06-16,34.22,34.32,33.24,33.36,4577200
2009-06-17,33.26,33.52,32.91,33.07,4863700
2009-06-18,33.2,33.3,32.56,33.0,4748100
2009-06-19,33.24,33.43,32.67,32.76,6330500
2009-06-22,32.64,32.64,31.67,31.75,5408600
2009-06-23,31.8,31.97,31.33,31.67,3830700
2009-06-24,31.89,32.99,31.89,32.18,5590000
2009-06-25,32.09,33.42,32.02,32.95,6535300
2009-06-26,32.88,33.25,32.75,33.09,4627100
2009-06-29,33.31,33.53,32.91,33.27,3188800
2009-06-30,33.049999,33.41,32.3,32.4,5898800
2009-07-01,32.56,33.35,32.52,32.88,3553500
2009-07-02,32.4,32.74,31.75,31.79,3916400
2009-07-06,31.59,31.84,31.11,31.44,4200400
2009-07-07,31.31,31.47,30.61,30.63,4303000
2009-07-08,30.71,31.1,30.34,30.82,4285800
2009-07-09,31.09,31.27,30.8,30.97,3834000
2009-07-10,30.73,31.1,30.57,31.0,4505400
2009-07-13,31.14,31.74,30.77,31.71,3852600
2009-07-14,31.82,31.98,31.41,31.87,2811900
2009-07-15,32.34,33.21,32.0,33.2,5064800
2009-07-16,33.12,34.55,32.9,34.44,6322800
2009-07-17,34.24,34.33,33.73,33.97,4317000
2009-07-20,34.09,34.97,34.080002,34.95,5038400
2009-07-21,35.24,35.74,34.85,35.12,5525400
2009-07-22,34.97,35.47,34.85,35.29,4274600
2009-07-23,35.38,36.55,35.28,36.49,5747400
2009-07-24,36.19,36.85,36.16,36.8,4756500
2009-07-27,36.74,37.060001,36.5,36.89,3676800
2009-07-28,36.72,36.87,36.09,36.42,6677200
2009-07-29,36.25,36.26,35.66,36.029999,4944900
2009-07-30,36.68,37.57,36.09,37.049999,6247300
2009-07-31,37.060001,37.31,36.34,36.38,7457100
2009-08-03,36.54,36.7,35.52,36.42,9002300
2009-08-04,35.0,36.36,34.38,36.12,13500300
2009-08-05,35.65,35.9,34.59,34.83,8923400
2009-08-06,34.79,35.040001,34.65,34.76,6851100
2009-08-07,35.18,35.83,35.0099983,35.64,5342900
2009-08-10,35.54,35.84,35.29,35.79,3980400
2009-08-11,35.83,36.15,35.4,35.97,6017900
2009-08-12,35.79,36.42,35.58,36.0099983,6554700
2009-08-13,36.27,36.32,35.79,35.91,5087900
2009-08-14,35.86,35.9,34.88,35.19,5847400
2009-08-17,34.68,34.9,33.93,33.99,4829500
2009-08-18,33.72,34.8,33.72,34.72,4174900
2009-08-19,34.25,34.97,34.24,34.58,4760100
2009-08-20,34.74,35.15,34.24,35.07,5271800
2009-08-21,35.34,36.2,35.09,36.02,6069600
2009-08-24,36.13,36.62,36.060001,36.5,5486400
2009-08-25,36.53,37.71,36.46,37.57,8747200
2009-08-26,37.57,37.64,37.040001,37.56,6884700
2009-08-27,37.36,37.65,37.02,37.43,4235000
2009-08-28,37.65,37.8,36.79,37.2,3910600
2009-08-31,36.82,36.96,36.5,36.87,5695100
2009-09-01,36.79,37.24,36.02,36.12,7292700
2009-09-02,36.09,36.55,35.88,36.23,4695700
2009-09-03,36.43,36.81,36.27,36.75,4383000
2009-09-04,36.75,37.5,36.6,37.41,3626200
2009-09-08,37.76,38.13,37.6,38.029999,4953000
2009-09-09,38.11,39.0,38.080002,38.78,6087700
2009-09-10,38.7,39.65,38.47,39.58,5840000
2009-09-11,39.63,39.98,39.25,39.38,4426000
2009-09-14,38.99,39.76,38.85,39.58,3566600
2009-09-15,39.75,40.29,39.53,40.0099983,4739200
2009-09-16,40.39,41.44,40.14,41.17,6576000
2009-09-17,41.099998,41.6,40.59,41.24,5229200
2009-09-18,41.39,41.65,41.029999,41.12,5268500
2009-09-21,40.65,40.8,40.040001,40.22,4988800
2009-09-22,40.29,40.75,40.23,40.58,3948800
2009-09-23,40.59,40.76,39.97,40.060001,5220900
2009-09-24,40.2,40.59,39.22,39.38,5745900
2009-09-25,39.07,39.29,38.67,38.92,4962400
2009-09-28,38.79,39.86,38.7,39.61,3698000
2009-09-29,39.82,40.33,39.64,40.12,5018000
2009-09-30,40.040001,40.78,39.29,40.080002,6502800
2009-10-01,40.049999,40.049999,38.65,39.09,6537700
2009-10-02,38.75,38.91,38.21,38.31,5602900
2009-10-05,38.44,38.82,38.26,38.68,3989400
2009-10-06,38.98,40.080002,38.83,39.22,6968500
2009-10-07,39.07,39.36,38.58,38.75,4159000
2009-10-08,39.26,39.79,38.89,39.02,6240900
2009-10-09,39.11,39.11,38.76,39.099998,4563500
2009-10-12,39.37,39.71,39.16,39.45,3229300
2009-10-13,39.29,39.52,38.8,39.12,3845100
2009-10-14,39.54,39.94,39.36,39.87,3805600
2009-10-15,39.73,40.0,39.46,39.83,3006200
2009-10-16,39.4,39.65,38.9,39.12,4939600
2009-10-19,39.26,40.0,39.099998,39.63,5481100
2009-10-20,39.76,40.060001,39.39,39.59,6272300
2009-10-21,39.45,40.25,39.39,39.49,5051100
2009-10-22,39.49,40.23,39.15,40.17,4515400
2009-10-23,40.3,40.5,39.49,39.68,3443100
2009-10-26,39.71,40.47,39.12,39.31,3422100
2009-10-27,39.39,39.72,39.0099983,39.23,4414500
2009-10-28,39.040001,39.33,38.38,38.45,4644900
2009-10-29,38.63,39.58,38.43,39.34,3831500
2009-10-30,39.22,39.35,37.71,37.75,9129200
2009-11-02,38.029999,38.5,37.45,38.15,7985100
2009-11-03,38.26,39.46,38.09,38.97,6885200
2009-11-04,39.31,40.5,39.15,39.73,6377500
2009-11-05,39.95,41.24,39.95,41.12,5077600
2009-11-06,41.029999,41.49,40.74,41.23,3455100
2009-11-09,41.69,41.94,41.48,41.86,4073000
2009-11-10,41.58,41.84,41.21,41.42,3515800
2009-11-11,41.7,41.95,41.2,41.35,3123200
2009-11-12,41.27,41.83,41.17,41.33,4260100
2009-11-13,41.39,41.95,41.23,41.77,3031100
2009-11-16,41.84,42.93,41.6,42.4,5240100
2009-11-17,42.43,42.65,41.82,42.61,3513700
2009-11-18,42.65,42.83,42.21,42.77,4079900
2009-11-19,42.4,42.6,41.57,41.86,3797500
2009-11-20,41.74,41.83,41.0,41.68,4268000
2009-11-23,42.23,42.81,42.09,42.3,2767200
2009-11-24,42.3,42.58,41.84,42.25,2969000
2009-11-25,42.23,42.4,41.88,42.32,2497700
2009-11-27,41.33,41.79,40.79,41.5,1584300
2009-11-30,41.38,41.68,41.080002,41.41,3859100
2009-12-01,41.91,42.43,41.69,42.19,3215000
2009-12-02,42.029999,42.43,41.59,41.98,4014800
2009-12-03,41.9,42.46,41.45,41.47,3058200
2009-12-04,41.91,42.44,41.33,42.14,3912400
2009-12-07,41.99,42.54,41.94,41.99,3755300
2009-12-08,41.89,41.89,40.73,40.83,5232400
2009-12-09,40.79,41.36,40.52,41.33,5037300
2009-12-10,41.67,41.97,41.51,41.71,3152200
2009-12-11,41.81,42.2,41.68,42.0,3817800
2009-12-14,42.12,42.51,42.12,42.41,2840700
2009-12-15,42.35,42.35,42.0,42.21,2867300
2009-12-16,42.26,42.4,41.45,41.7,3976800
2009-12-17,41.45,41.74,41.15,41.5,4151700
2009-12-18,41.62,41.87,41.099998,41.78,6327900
2009-12-21,41.82,42.47,41.82,42.4,3862900
2009-12-22,42.44,43.099998,42.44,42.62,2629200
2009-12-23,42.8,43.049999,42.5,42.91,2066700
2009-12-24,43.099998,43.62,43.040001,43.36,1650100
2009-12-28,43.55,43.7,43.17,43.36,1854500
2009-12-29,43.42,43.71,43.21,43.37,2338800
2009-12-30,43.26,43.5,43.0,43.34,1992500
2009-12-31,43.2,43.45,42.6,42.6,1977300
2010-01-04,43.15,43.4,42.73,43.35,3781000
2010-01-05,43.38,43.43,43.07,43.42,2707500
2010-01-06,43.25,43.83,43.16,43.81,4314700
2010-01-07,43.6,43.84,43.29,43.81,3085700
2010-01-08,43.73,44.09,43.42,44.060001,3477500
2010-01-11,44.23,44.89,44.0099983,44.73,3356800
2010-01-12,44.45,44.76,44.17,44.49,4337000
2010-01-13,44.64,44.69,44.36,44.52,3564000
2010-01-14,44.52,45.0,44.21,44.94,5364100
2010-01-15,44.8,45.55,44.14,44.32,4524600
2010-01-19,44.27,44.74,44.099998,44.73,3531200
2010-01-20,44.38,44.44,43.72,44.24,3225500
2010-01-21,44.13,44.29,43.029999,43.11,4886300
2010-01-22,43.049999,43.42,42.060001,42.080002,4855300
2010-01-25,42.71,42.87,42.34,42.51,3132300
2010-01-26,42.35,42.77,42.060001,42.17,3828700
2010-01-27,42.15,42.27,41.45,42.060001,5676500
2010-01-28,42.21,42.3,41.22,41.67,3799700
2010-01-29,41.83,42.46,41.45,41.54,4657700
2010-02-01,41.81,42.56,41.79,42.48,4718300
2010-02-02,45.28,47.12,42.68,46.77,15023200
2010-02-03,46.25,47.0099983,46.17,46.56,6380900
2010-02-04,46.16,46.28,45.0,45.27,7859700
2010-02-05,45.099998,45.65,44.36,45.15,7978100
2010-02-08,45.07,45.25,44.43,44.47,3976600
2010-02-09,44.9,46.040001,44.62,45.81,7029900
2010-02-10,45.84,46.0,45.060001,45.47,5371600
2010-02-11,45.44,46.62,45.2,46.53,5839700
2010-02-12,46.060001,46.35,45.59,46.21,5373600
2010-02-16,46.59,46.98,46.39,46.95,4616500
2010-02-17,46.99,47.21,46.66,47.17,4443400
2010-02-18,47.060001,47.78,47.02,47.73,4173200
2010-02-19,47.51,48.14,47.39,48.080002,5662300
2010-02-22,48.19,48.39,47.71,48.21,4409600
2010-02-23,48.060001,48.2,47.0,47.12,5196900
2010-02-24,47.16,48.21,46.95,48.16,5654500
2010-02-25,47.49,47.8,46.69,47.7,5332700
2010-02-26,47.77,48.029999,47.049999,47.34,5693700
2010-03-01,47.58,47.58,47.19,47.37,4928500
2010-03-02,47.59,47.9,47.45,47.63,3286600
2010-03-03,47.83,48.32,47.78,47.91,3589100
2010-03-04,47.96,48.29,47.67,47.95,3283800
2010-03-05,48.28,48.89,48.14,48.49,3748300
2010-03-08,48.56,48.59,47.95,47.98,4086200
2010-03-09,47.88,48.19,47.66,47.99,2992100
2010-03-10,48.12,48.28,47.65,47.99,3558800
2010-03-11,47.8,47.95,47.4,47.95,3500800
2010-03-12,48.15,48.18,47.62,48.09,2360500
2010-03-15,47.95,48.35,47.88,48.35,3114300
2010-03-16,48.44,48.77,48.17,48.69,2714200
2010-03-17,48.75,49.15,48.7,48.89,2631800
2010-03-18,48.98,49.049999,48.55,48.98,2042800
2010-03-19,48.62,49.28,48.38,48.62,3959400
2010-03-22,48.27,48.92,48.2,48.82,2495100
2010-03-23,48.95,49.71,48.83,49.54,3046200
2010-03-24,49.56,49.79,48.91,49.13,3359300
2010-03-25,49.55,50.0,49.27,49.49,4452200
2010-03-26,49.56,50.2,49.56,49.8,4721800
2010-03-29,49.93,50.029999,49.64,49.83,2436800
2010-03-30,49.96,51.099998,49.89,50.81,4249100
2010-03-31,50.59,50.87,50.23,50.34,4253500
2010-04-01,50.52,51.049999,50.43,50.83,2095700
2010-04-05,51.0,51.36,50.71,51.33,2666100
2010-04-06,51.31,51.31,50.82,50.98,2803600
2010-04-07,50.82,50.96,50.040001,50.45,4696000
2010-04-08,50.5,51.0099983,50.13,50.94,3161900
2010-04-09,50.99,51.22,50.52,50.8,2535700
2010-04-12,50.77,51.13,50.61,50.79,1954100
2010-04-13,50.68,51.27,50.63,51.15,2904100
2010-04-14,51.12,52.0,50.89,51.9,3393800
2010-04-15,51.88,53.049999,51.7,52.95,6137200
2010-04-16,52.77,52.88,51.49,51.8,5591200
2010-04-19,51.52,51.9,50.94,51.65,2862200
2010-04-20,52.080002,52.31,51.68,52.099998,3134100
2010-04-21,52.040001,52.28,51.46,51.91,3059400
2010-04-22,51.4,52.62,50.51,52.59,4232700
2010-04-23,52.6,52.79,51.72,52.74,4440400
2010-04-26,52.85,53.07,52.49,52.61,3688600
2010-04-27,52.34,52.71,50.77,50.9,5792600
2010-04-28,51.28,52.68,50.94,52.47,6426900
2010-04-29,52.94,53.35,52.7,53.21,4594000
2010-04-30,53.17,53.5,52.16,52.23,3579700
2010-05-03,52.53,53.73,52.53,53.62,3680400
2010-05-04,50.66,51.7,49.34,50.18,13058000
2010-05-05,49.71,50.21,48.6,49.02,6735200
2010-05-06,48.78,49.76,46.0,48.44,9712200
2010-05-07,48.47,49.080002,46.58,48.47,13256100
2010-05-10,49.96,51.69,49.37,50.85,5940800
2010-05-11,50.3,50.74,49.5,49.9,7403900
2010-05-12,49.73,50.38,49.29,50.27,5520900
2010-05-13,50.060001,50.89,50.0099983,50.33,5104000
2010-05-14,49.77,50.029999,48.46,49.060001,6810000
2010-05-17,49.11,49.22,47.0,47.89,10369500
2010-05-18,48.099998,49.029999,47.78,47.97,6813200
2010-05-19,47.62,47.82,46.02,46.83,7928200
2010-05-20,45.78,46.77,45.34,46.0099983,12107300
2010-05-21,45.24,46.46,44.5,45.93,10472200
2010-05-24,45.59,46.09,45.31,45.38,5911200
2010-05-25,43.76,45.7,43.41,45.6,7434200
2010-05-26,46.099998,46.57,45.3,45.54,5748700
2010-05-27,46.42,47.37,46.15,47.36,4213500
2010-05-28,47.29,47.5,46.0,46.44,4097800
2010-06-01,45.94,46.97,45.55,45.6,4573100
2010-06-02,45.79,46.91,45.58,46.89,3304700
2010-06-03,47.060001,47.72,46.75,47.28,2939900
2010-06-04,46.080002,46.53,44.71,44.97,5245900
2010-06-07,45.060001,45.15,43.68,43.7,5964600
2010-06-08,43.79,44.49,43.099998,44.24,5256400
2010-06-09,44.46,45.11,43.8,43.99,4468800
2010-06-10,45.080002,45.9,44.92,45.88,3945600
2010-06-11,45.45,45.85,45.09,45.77,3064800
2010-06-14,45.9,46.23,45.37,45.45,3454400
2010-06-15,45.65,47.47,45.61,47.45,4702200
2010-06-16,47.18,47.52,46.98,47.3,2526200
2010-06-17,47.44,47.67,46.5,47.23,2873100
2010-06-18,47.29,47.57,47.02,47.47,3746300
2010-06-21,48.07,48.71,47.32,47.64,3708500
2010-06-22,47.57,48.07,46.31,46.39,3765400
2010-06-23,46.36,46.43,45.37,46.0,3488000
2010-06-24,45.9,45.91,44.34,44.59,5284000
2010-06-25,44.65,45.099998,44.11,44.89,5245600
2010-06-28,45.17,45.26,44.48,44.85,4833500
2010-06-29,43.9,44.14,42.69,43.29,9282100
2010-06-30,43.14,44.2,42.94,43.69,7439400
2010-07-01,43.5,43.82,42.73,43.7,8165400
2010-07-02,43.71,44.16,43.029999,43.42,4427500
2010-07-06,44.19,44.46,43.09,43.4,4747100
2010-07-07,43.41,45.14,43.27,45.09,6240300
2010-07-08,45.43,45.94,45.02,45.93,4223700
2010-07-09,45.99,46.44,45.84,46.42,3868400
2010-07-12,46.12,46.5,45.61,45.69,5260100
2010-07-13,46.21,46.95,46.2,46.46,5161100
2010-07-14,46.2,46.5,45.94,46.47,4207400
2010-07-15,46.52,46.66,45.68,46.56,3424400
2010-07-16,46.13,46.29,45.09,45.22,4677500
2010-07-19,45.42,45.68,44.86,45.55,3034600
2010-07-20,44.99,47.12,44.8,47.049999,5974200
2010-07-21,47.38,47.99,47.0,47.42,7738500
2010-07-22,48.049999,49.14,48.029999,48.84,5379000
2010-07-23,48.82,50.65,48.68,50.57,6527000
2010-07-26,50.41,51.17,50.25,50.6,4683200
2010-07-27,50.89,50.97,49.83,50.29,5208800
2010-07-28,50.02,50.53,49.8,50.44,3574400
2010-07-29,50.83,51.07,49.49,49.78,5360800
2010-07-30,49.28,49.81,49.07,49.54,6355400
2010-08-02,50.3,51.099998,49.99,50.85,4562800
2010-08-03,51.52,51.8,50.58,50.84,7264900
2010-08-04,50.87,51.15,50.12,50.44,6755500
2010-08-05,50.13,50.57,49.82,50.51,5405100
2010-08-06,49.98,50.44,49.55,50.37,3674000
2010-08-09,50.51,50.63,49.93,50.45,2168100
2010-08-10,50.02,51.02,49.76,50.75,5340000
2010-08-11,49.71,49.77,48.07,48.33,3850600
2010-08-12,47.75,48.56,47.28,48.38,3368000
2010-08-13,48.15,48.45,47.93,48.23,2727400
2010-08-16,47.87,48.27,47.32,48.049999,2195300
2010-08-17,48.55,49.43,48.38,48.66,4235900
2010-08-18,48.67,48.81,48.25,48.6,4258400
2010-08-19,48.34,48.46,47.11,47.39,3533700
2010-08-20,47.09,47.29,46.18,46.68,4607800
2010-08-23,47.0099983,47.69,46.97,47.099998,4612900
2010-08-24,46.36,46.57,45.07,46.02,6319900
2010-08-25,45.49,45.99,44.87,45.81,4505200
2010-08-26,46.099998,46.38,45.21,45.42,3478600
2010-08-27,45.84,46.97,45.37,46.88,4403400
2010-08-30,46.64,47.060001,46.52,46.56,3624700
2010-08-31,46.29,47.09,45.92,46.65,4716100
2010-09-01,47.43,48.73,47.14,48.56,5249900
2010-09-02,48.38,49.17,48.33,49.13,2961900
2010-09-03,49.85,50.060001,49.35,49.76,2650300
2010-09-07,49.52,50.09,49.24,49.76,3980400
2010-09-08,49.78,50.73,49.74,50.0099983,3324600
2010-09-09,50.7,50.82,50.049999,50.23,4472900
2010-09-10,50.39,50.41,49.63,49.81,4305700
2010-09-13,50.46,50.92,50.42,50.55,3335100
2010-09-14,50.52,50.87,50.099998,50.55,2495000
2010-09-15,50.36,50.41,49.75,50.049999,3774800
2010-09-16,49.73,50.76,49.7,50.58,4537700
2010-09-17,50.83,51.31,50.26,51.22,4575700
2010-09-20,51.38,52.37,51.18,52.26,3146900
2010-09-21,52.31,52.89,52.18,52.48,4436500
2010-09-22,52.47,52.63,51.56,51.68,3716000
2010-09-23,51.47,51.83,50.83,51.18,3440600
2010-09-24,51.69,53.82,51.66,53.46,6865700
2010-09-27,53.5,53.65,52.91,52.95,4104000
2010-09-28,53.18,53.24,52.18,52.9,6171400
2010-09-29,52.69,53.02,52.58,52.89,4806800
2010-09-30,53.15,53.5,52.32,52.66,4651000
2010-10-01,53.040001,53.67,52.94,53.67,5212500
2010-10-04,53.45,53.98,52.64,53.080002,3695900
2010-10-05,53.7,53.99,53.24,53.8,5930000
2010-10-06,53.78,53.91,53.41,53.55,3415500
2010-10-07,53.76,53.76,52.98,53.27,3210100
2010-10-08,53.25,53.62,52.93,53.42,2672400
2010-10-11,53.49,53.67,53.049999,53.19,2008400
2010-10-12,53.0,53.25,52.12,53.0,3920600
2010-10-13,53.19,54.040001,53.12,53.91,3654900
2010-10-14,53.97,54.18,53.53,53.9,3162300
2010-10-15,54.049999,54.35,53.19,53.67,2634200
2010-10-18,53.76,54.12,53.47,53.82,2348300
2010-10-19,52.96,53.34,52.23,52.76,3430100
2010-10-20,52.99,54.19,52.8,53.98,2831200
2010-10-21,54.27,55.0,54.099998,54.8,4213800
2010-10-22,54.82,54.82,54.2,54.51,2188200
2010-10-25,54.78,55.25,54.57,54.95,4008900
2010-10-26,54.82,55.13,54.27,54.79,2689600
2010-10-27,54.35,54.49,53.62,54.44,2537300
2010-10-28,55.0,55.44,54.36,54.83,4932200
2010-10-29,54.56,55.11,54.21,54.9,3332600
2010-11-01,55.34,56.0099983,55.060001,55.97,6514200
2010-11-02,54.55,55.07,53.75,54.72,8908000
2010-11-03,55.060001,55.13,53.73,54.58,4896400
2010-11-04,55.28,56.79,55.26,56.75,4706800
2010-11-05,56.84,57.29,56.57,57.28,3649000
2010-11-08,57.02,57.17,56.36,56.86,3123900
2010-11-09,56.59,56.79,55.82,56.18,5525700
2010-11-10,56.029999,56.14,55.12,56.07,3247300
2010-11-11,55.63,56.060001,55.46,55.91,2764400
2010-11-12,55.61,55.8,54.85,55.37,2728000
2010-11-15,55.64,56.18,55.55,55.59,2480200
2010-11-16,55.040001,55.27,54.28,54.63,3723100
2010-11-17,54.35,54.82,54.099998,54.35,2840300
2010-11-18,54.87,55.62,54.87,55.28,3338800
2010-11-19,55.34,55.79,54.68,55.75,3345400
2010-11-22,55.27,55.78,54.82,55.7,2462800
2010-11-23,54.92,55.2,54.54,55.099998,3958900
2010-11-24,55.52,56.29,55.3,56.26,4023200
2010-11-26,55.63,55.89,55.46,55.6,1123100
2010-11-29,55.42,55.49,54.63,55.38,3017800
2010-11-30,54.6,55.36,54.3,55.07,4932800
2010-12-01,55.93,56.080002,55.7,55.98,5442500
2010-12-02,56.13,57.0,55.94,56.86,3516700
2010-12-03,56.44,56.96,56.4,56.84,2685200
2010-12-06,56.44,57.11,56.31,56.91,3359000
2010-12-07,57.5,57.62,56.37,56.51,4492400
2010-12-08,56.47,57.060001,56.029999,56.33,3656300
2010-12-09,56.59,56.89,56.35,56.78,4108700
2010-12-10,57.049999,57.64,56.74,57.64,3711500
2010-12-13,58.0,58.54,57.55,57.84,4664500
2010-12-14,57.68,58.099998,57.67,57.98,3707800
2010-12-15,57.97,58.69,57.88,57.94,3115500
2010-12-16,58.0,58.71,57.8,58.68,2939700
2010-12-17,58.74,58.74,58.049999,58.33,4479100
2010-12-20,58.34,58.41,57.74,57.89,3566700
2010-12-21,58.24,58.5,58.049999,58.27,2145300
2010-12-22,58.41,58.42,57.83,58.02,2088500
2010-12-23,58.0099983,58.09,57.26,57.47,2204100
2010-12-27,57.38,57.38,57.080002,57.27,2002900
2010-12-28,57.5,57.5,56.74,57.18,2043400
2010-12-29,57.25,57.62,57.16,57.35,1729200
2010-12-30,57.17,57.59,57.17,57.36,1292300
2010-12-31,57.34,57.43,57.07,57.17,1275300
2011-01-03,57.61,57.65,57.2,57.24,5467400
2011-01-04,57.21,57.42,56.16,56.5,4479600
2011-01-05,56.17,57.27,56.17,57.2,4289700
2011-01-06,57.09,57.33,56.76,57.060001,3558300
2011-01-07,57.049999,57.38,56.52,56.83,2610300
2011-01-10,57.36,57.55,56.84,57.18,3879600
2011-01-11,57.33,57.97,57.17,57.95,3852300
2011-01-12,58.31,58.46,58.040001,58.21,2323400
2011-01-13,58.27,58.4,57.71,58.0,1950900
2011-01-14,57.87,58.38,57.47,58.16,3497200
2011-01-18,58.32,58.32,57.98,58.099998,2797400
2011-01-19,57.95,58.16,57.64,57.91,3568200
2011-01-20,57.67,57.8,56.91,57.48,3973500
2011-01-21,57.95,58.27,57.39,57.54,3347900
2011-01-24,57.49,58.14,57.32,58.02,2722000
2011-01-25,57.86,58.18,57.57,58.18,2282100
2011-01-26,58.24,59.69,58.24,59.080002,6740200
2011-01-27,58.92,59.14,58.46,58.49,4177300
2011-01-28,58.63,58.85,56.84,56.96,5037900
2011-01-31,57.32,58.91,57.11,58.88,8964000
2011-02-01,58.32,59.76,57.73,59.76,8033300
2011-02-02,59.94,60.28,59.59,59.85,3599300
2011-02-03,59.82,60.39,59.15,60.24,3368700
2011-02-04,60.29,60.63,59.9,60.59,3230800
2011-02-07,60.92,60.97,60.48,60.85,2957500
2011-02-08,61.0,61.62,60.77,61.33,3716700
2011-02-09,61.0,61.2,60.63,60.99,2635100
2011-02-10,60.72,61.71,60.49,60.89,4005000
2011-02-11,60.69,61.72,60.55,61.56,2742000
2011-02-14,61.46,61.93,61.27,61.85,2458700
2011-02-15,61.47,61.72,61.040001,61.55,2712700
2011-02-16,61.63,61.85,61.31,61.59,3456000
2011-02-17,61.6,61.99,61.34,61.66,2827600
2011-02-18,61.79,62.24,61.46,61.78,3861100
2011-02-22,60.89,61.31,60.25,60.43,4168700
2011-02-23,60.43,60.67,59.15,59.46,4447000
2011-02-24,59.22,59.65,58.72,59.23,4284400
2011-02-25,59.43,60.17,59.36,59.97,2416900
2011-02-28,60.17,60.25,59.24,59.66,4129000
2011-03-01,60.040001,60.22,57.94,58.16,5236600
2011-03-02,58.3,59.52,58.15,58.92,4440400
2011-03-03,59.67,60.65,59.49,60.53,2799900
2011-03-04,60.35,60.51,59.18,59.74,2817000
2011-03-07,60.029999,60.3,58.79,59.080002,2675500
2011-03-08,59.040001,60.37,58.65,60.15,3693100
2011-03-09,60.02,60.42,59.55,60.080002,2174000
2011-03-10,59.5,59.5,58.57,58.89,4105500
2011-03-11,58.75,59.7,58.52,59.41,2521000
2011-03-14,59.040001,59.47,58.27,58.92,3150100
2011-03-15,56.87,58.55,56.59,58.18,3792300
2011-03-16,57.99,58.12,55.86,56.35,7594200
2011-03-17,57.21,57.92,56.81,57.23,3688100
2011-03-18,57.69,58.07,56.65,57.14,7755000
2011-03-21,57.54,58.68,57.54,58.14,2803700
2011-03-22,58.029999,58.12,57.080002,57.42,4292700
2011-03-23,57.25,57.45,56.71,57.27,4094000
2011-03-24,57.62,57.88,57.18,57.63,4184000
2011-03-25,57.84,58.0,57.55,57.82,3007800
2011-03-28,58.32,58.36,57.18,57.21,8086400
2011-03-29,57.099998,57.17,56.22,57.11,7416100
2011-03-30,57.51,57.96,57.22,57.41,6671000
2011-03-31,58.0099983,58.89,57.72,58.43,7202200
2011-04-01,58.86,59.25,58.5,59.0,4338200
2011-04-04,59.099998,59.43,58.72,58.8,4101200
2011-04-05,58.65,59.25,58.37,58.94,4007300
2011-04-06,59.19,59.26,58.28,58.56,3869000
2011-04-07,58.4,58.76,58.0099983,58.28,3187200
2011-04-08,58.57,58.78,57.45,57.75,2493400
2011-04-11,57.77,58.09,57.36,57.64,2713700
2011-04-12,57.18,57.31,56.73,57.16,4219200
2011-04-13,57.55,57.55,56.85,57.24,2725000
2011-04-14,56.86,57.52,56.44,57.41,3103900
2011-04-15,57.77,58.18,57.51,57.55,4473000
2011-04-18,56.94,56.94,55.72,56.56,4069100
2011-04-19,56.8,56.88,56.18,56.73,4498600
2011-04-20,58.17,58.36,57.41,58.29,5414500
2011-04-21,58.7,59.19,58.34,59.14,4657300
2011-04-25,59.17,59.17,58.34,58.55,3210000
2011-04-26,58.91,60.15,58.91,59.58,3400000
2011-04-27,60.2,60.3,58.87,60.029999,4206500
2011-04-28,60.099998,60.28,59.73,60.049999,2745400
2011-04-29,60.21,60.84,60.18,60.77,3922200
2011-05-02,61.080002,61.29,60.67,60.81,4959500
2011-05-03,58.87,59.0,56.77,56.89,12972800
2011-05-04,56.89,57.42,55.7,55.84,8948100
2011-05-05,55.61,56.080002,54.58,55.029999,8059900
2011-05-06,56.12,56.5,55.4,55.66,6761800
2011-05-09,55.83,56.49,55.11,56.18,4354900
2011-05-10,56.52,56.52,55.34,55.37,7708100
2011-05-11,55.25,55.26,54.38,54.49,6830400
2011-05-12,54.11,54.55,53.5,54.24,6529600
2011-05-13,54.35,54.53,53.12,53.53,8302200
2011-05-16,53.44,53.72,53.099998,53.18,5877700
2011-05-17,53.02,53.31,52.58,52.82,7741000
2011-05-18,52.82,54.23,52.47,54.07,7597700
2011-05-19,54.55,55.0,53.9,54.61,6121400
2011-05-20,54.61,54.66,53.68,54.09,6075400
2011-05-23,53.4,54.26,53.21,53.9,5286300
2011-05-24,54.14,54.19,53.2,53.35,5450200
2011-05-25,53.13,54.32,52.58,53.89,7160600
2011-05-26,53.69,54.2,53.3,54.040001,4260800
2011-05-27,54.41,54.48,53.92,54.12,3144400
2011-05-31,54.56,54.75,53.9,54.55,4399400
2011-06-01,54.37,54.56,52.18,52.18,6560900
2011-06-02,52.39,52.46,51.47,51.86,8208400
2011-06-03,51.13,51.58,50.84,51.22,6049000
2011-06-06,51.080002,51.64,51.080002,51.35,4454000
2011-06-07,51.62,51.84,51.37,51.44,4511000
2011-06-08,51.3,51.79,51.0,51.43,6397900
2011-06-09,51.42,52.040001,51.26,51.69,4597400
2011-06-10,51.56,51.7,50.97,51.37,5272500
2011-06-13,51.47,51.85,51.0,51.21,4354900
2011-06-14,51.79,52.92,51.77,52.66,5924500
2011-06-15,52.09,52.76,51.8,51.88,6885700
2011-06-16,51.96,52.59,51.73,52.5,6041400
2011-06-17,52.63,53.029999,51.87,52.060001,7173300
2011-06-20,51.99,52.98,51.99,52.83,4502100
2011-06-21,53.16,54.0099983,53.16,53.92,5208000
2011-06-22,53.58,53.97,53.37,53.4,3488200
2011-06-23,52.4,53.97,52.4,53.94,5676400
2011-06-24,53.95,54.25,53.44,53.57,4555200
2011-06-27,53.65,54.16,53.25,53.87,4163800
2011-06-28,54.02,54.78,53.6,54.78,5298800
2011-06-29,55.060001,55.23,54.65,54.93,4258300
2011-06-30,55.09,56.27,55.09,56.25,5682900
2011-07-01,55.88,57.22,55.69,57.09,4287900
2011-07-05,57.61,57.62,56.98,57.16,5836100
2011-07-06,57.16,57.84,56.97,57.64,5124800
2011-07-07,58.27,58.47,57.82,58.15,3999500
2011-07-08,57.46,57.67,56.89,57.19,6036100
2011-07-11,56.38,56.69,56.2,56.36,4417800
2011-07-12,56.28,56.44,55.93,56.18,4817700
2011-07-13,56.48,56.8,55.86,56.060001,4348600
2011-07-14,56.16,56.31,55.25,55.6,5279000
2011-07-15,55.84,55.84,54.68,55.37,5222200
2011-07-18,55.36,55.36,54.58,54.86,3656600
2011-07-19,54.98,55.61,54.97,55.47,4115700
2011-07-20,55.94,55.96,55.26,55.74,3334500
2011-07-21,56.040001,56.54,55.68,55.97,4351900
2011-07-22,55.89,56.0099983,54.96,55.099998,6049200
2011-07-25,54.61,55.65,54.38,55.28,3748500
2011-07-26,55.080002,55.09,53.95,54.049999,5669100
2011-07-27,51.54,52.15,50.029999,50.43,14612400
2011-07-28,50.15,50.4,49.33,49.62,12235400
2011-07-29,48.83,50.049999,48.6,49.09,9949800
2011-08-01,49.75,50.029999,47.9,49.060001,8903000
2011-08-02,48.48,48.87,47.0,47.060001,10307600
2011-08-03,47.24,48.6,46.72,48.46,8784500
2011-08-04,47.74,47.92,46.0099983,46.0099983,9102900
2011-08-05,46.91,47.18,44.52,45.39,17726700
2011-08-08,44.46,44.77,42.45,42.53,14995500
2011-08-09,43.48,44.81,41.37,44.73,14565900
2011-08-10,43.88,43.95,41.76,41.89,16320400
2011-08-11,42.36,46.28,42.21,45.68,13596100
2011-08-12,46.17,46.78,45.61,46.3,8176700
2011-08-15,46.62,47.47,46.41,46.91,5481700
2011-08-16,46.34,46.81,45.63,46.07,6102500
2011-08-17,46.42,46.68,45.42,45.89,4629900
2011-08-18,44.43,44.54,42.56,42.95,8866300
2011-08-19,42.31,43.84,42.21,42.46,6726600
2011-08-22,43.58,43.68,42.51,42.6,5520200
2011-08-23,42.98,44.39,42.5,44.39,6134800
2011-08-24,44.2,45.87,44.02,45.79,5870200
2011-08-25,46.029999,46.42,44.31,44.46,5519600
2011-08-26,44.080002,45.81,43.37,45.41,7459100
2011-08-29,46.19,46.89,46.0099983,46.88,4997500
2011-08-30,46.13,46.84,45.53,46.46,8071200
2011-08-31,46.96,47.58,46.13,46.55,7477700
2011-09-01,46.49,46.74,45.5,45.6,6942200
2011-09-02,44.72,44.94,43.7,44.029999,6370700
2011-09-06,42.56,43.58,42.25,43.45,6230800
2011-09-07,44.21,44.79,43.93,44.74,4713700
2011-09-08,44.42,45.13,44.099998,44.38,6815300
2011-09-09,43.88,44.42,42.96,43.4,11885500
2011-09-12,43.2,44.09,42.59,43.8,8743300
2011-09-13,43.99,44.9,43.78,44.65,5900300
2011-09-14,44.9,45.69,43.7,45.0,8003800
2011-09-15,45.5,45.91,45.060001,45.91,6016300
2011-09-16,46.060001,46.52,45.39,45.74,6721400
2011-09-19,44.87,45.7,44.23,45.44,4341300
2011-09-20,45.87,46.27,45.22,45.55,5575300
2011-09-21,45.22,45.76,43.74,43.75,6149100
2011-09-22,42.35,42.35,41.36,41.98,10244700
2011-09-23,41.97,43.0099983,41.63,42.33,7226000
2011-09-26,42.89,43.77,42.0099983,43.7,6726100
2011-09-27,44.91,45.060001,43.75,44.07,7083700
2011-09-28,44.0,44.78,43.12,43.23,6061600
2011-09-29,44.16,44.76,42.76,43.79,5710200
2011-09-30,43.19,43.26,41.31,41.31,7666200
2011-10-03,41.040001,42.2,40.65,40.69,8081700
2011-10-04,40.18,42.23,39.5,42.13,8500000
2011-10-05,42.29,43.41,41.8,43.27,5178500
2011-10-06,43.15,44.52,42.71,44.5,4413500
2011-10-07,44.92,44.92,43.66,44.0099983,5918800
2011-10-10,44.45,45.41,44.23,45.39,4047900
2011-10-11,44.93,45.82,44.89,45.66,3649800
2011-10-12,45.98,47.040001,45.85,46.53,5779500
2011-10-13,46.24,46.54,45.85,46.38,3852900
2011-10-14,47.049999,47.62,46.7,47.51,3319800
2011-10-17,47.3,47.6,45.81,45.92,4472800
2011-10-18,45.84,48.25,45.7,47.79,5796300
2011-10-19,47.61,47.84,46.43,46.64,4988700
2011-10-20,46.53,46.93,45.66,46.48,5590800
2011-10-21,46.98,47.45,46.76,47.42,5460400
2011-10-24,47.25,47.79,46.87,47.66,6269400
2011-10-25,47.25,47.31,46.23,46.52,5190100
2011-10-26,47.29,47.4,45.92,47.15,7748200
2011-10-27,48.89,50.7,48.38,50.14,6753500
2011-10-28,49.98,50.64,49.15,49.61,6108900
2011-10-31,48.78,49.35,48.12,48.12,7295600
2011-11-01,46.65,50.61,45.17,48.31,9586200
2011-11-02,49.42,50.07,49.27,49.79,7596100
2011-11-03,50.49,51.96,49.78,51.82,7974700
2011-11-04,51.42,51.76,50.49,51.26,4783100
2011-11-07,51.11,51.44,50.02,50.89,4437100
2011-11-08,51.54,52.48,51.16,52.13,6169400
2011-11-09,50.86,50.86,49.73,50.11,6486500
2011-11-10,50.92,51.060001,50.31,50.56,3849100
2011-11-11,51.080002,51.95,51.080002,51.36,3187100
2011-11-14,51.31,51.63,50.62,50.96,2958400
2011-11-15,50.77,51.75,50.33,51.39,3715300
2011-11-16,50.79,51.49,50.32,50.43,4231700
2011-11-17,50.27,50.59,49.13,49.56,5094200
2011-11-18,49.86,50.28,49.43,49.71,3322300
2011-11-21,48.65,49.15,47.96,48.9,4225800
2011-11-22,48.39,48.96,48.040001,48.31,4246700
2011-11-23,47.91,48.25,47.060001,47.060001,4201400
2011-11-25,47.0,47.9,46.96,47.11,1581300
2011-11-28,48.54,49.53,48.49,49.14,4860600
2011-11-29,49.36,49.95,49.029999,49.099998,3280200
2011-11-30,50.91,52.29,50.81,52.25,5446100
2011-12-01,51.99,52.31,51.41,51.84,3554500
2011-12-02,52.24,52.64,51.25,51.36,3931000
2011-12-05,52.18,52.59,51.71,52.13,3381700
2011-12-06,52.3,52.41,51.5,51.97,3117200
2011-12-07,51.84,52.31,51.07,51.98,3930900
2011-12-08,51.59,51.74,50.060001,50.52,4472500
2011-12-09,51.0,51.78,50.57,51.54,3582600
2011-12-12,51.07,51.23,49.8,50.38,3381200
2011-12-13,50.6,51.11,49.5,49.82,3917600
2011-12-14,49.51,49.74,48.75,48.96,4373100
2011-12-15,49.71,49.86,48.75,48.87,3926500
2011-12-16,49.39,50.040001,48.87,49.13,6721000
2011-12-19,49.15,49.24,47.74,47.92,4734900
2011-12-20,48.86,49.93,48.81,49.67,3792100
2011-12-21,48.16,48.24,46.28,46.97,10524800
2011-12-22,46.81,46.99,45.0,45.18,11318500
2011-12-23,45.41,46.37,45.41,46.29,5115500
2011-12-27,46.36,46.6,45.86,46.37,2956900
2011-12-28,46.49,46.55,45.46,45.64,3075200
2011-12-29,45.83,46.66,45.72,46.63,3589600
2011-12-30,46.53,47.099998,46.41,46.59,2831000
2012-01-03,48.24,48.69,47.59,47.72,5262200
2012-01-04,47.7,48.11,47.43,48.029999,3517800
2012-01-05,47.58,47.98,47.0,47.72,6009900
2012-01-06,47.94,48.21,47.0099983,47.15,4894700
2012-01-09,47.38,48.33,47.33,47.89,4248000
2012-01-10,48.56,48.87,48.19,48.7,4700900
2012-01-11,48.22,48.4,47.73,47.83,6785400
2012-01-12,48.13,49.53,47.71,49.25,5582300
2012-01-13,48.8,49.19,48.29,48.54,5381300
2012-01-17,49.24,49.95,48.99,49.049999,4548500
2012-01-18,49.25,49.81,48.81,49.81,4427400
2012-01-19,50.0,50.0,49.4,49.8,4647500
2012-01-20,49.73,49.73,48.96,49.33,5589500
2012-01-23,49.41,50.09,49.25,49.74,4689400
2012-01-24,49.42,50.67,49.27,50.64,4339800
2012-01-25,50.64,52.42,50.18,52.099998,6705200
2012-01-26,52.23,52.76,51.77,52.07,5250700
2012-01-27,51.85,52.24,51.59,51.67,3837800
2012-01-30,51.43,51.72,51.0,51.72,3389300
2012-01-31,52.07,52.27,50.89,51.38,4646000
2012-02-01,52.080002,52.49,51.54,51.88,4538000
2012-02-02,52.11,52.2,51.44,51.45,5321300
2012-02-03,52.18,52.92,52.0,52.46,5814700
2012-02-06,52.27,53.78,52.26,53.37,5229400
2012-02-07,51.79,52.5,51.25,51.92,9621100
2012-02-08,51.82,52.2,51.6,52.060001,3428200
2012-02-09,52.34,52.96,51.83,52.74,4122800
2012-02-10,52.14,52.28,51.82,52.2,2992200
2012-02-13,52.5,52.8,51.9,52.8,3080600
2012-02-14,52.89,52.89,50.11,51.62,6382600
2012-02-15,51.68,51.68,50.71,50.97,4311800
2012-02-16,50.88,51.54,50.82,51.38,3554900
2012-02-17,51.68,51.77,51.3,51.5,3532900
2012-02-21,51.85,52.25,51.75,51.88,4426700
2012-02-22,51.84,52.12,51.5,51.96,3568100
2012-02-23,51.84,51.84,50.95,51.07,4639300
2012-02-24,51.099998,51.14,50.65,50.88,4065600
2012-02-27,50.67,51.29,50.44,51.049999,3263800
2012-02-28,51.0099983,51.0099983,50.26,50.65,4589300
2012-02-29,50.82,50.85,50.16,50.31,4851200
2012-03-01,50.31,50.56,50.0,50.18,3731400
2012-03-02,50.21,50.45,49.94,50.23,3258300
2012-03-05,50.0099983,50.17,49.37,49.56,3241200
2012-03-06,49.15,49.23,48.63,48.8,5191400
2012-03-07,48.96,49.29,48.85,49.09,4463900
2012-03-08,49.37,49.79,48.96,49.67,3473700
2012-03-09,49.96,50.24,49.6,49.99,2542000
2012-03-12,50.15,50.52,49.95,50.44,2527500
2012-03-13,50.86,51.82,50.61,51.77,4066000
2012-03-14,51.64,52.2,51.54,51.72,2998900
2012-03-15,51.75,52.049999,51.4,52.0,2895100
2012-03-16,52.040001,52.63,51.9,52.37,4673500
2012-03-19,52.17,52.45,51.71,51.81,3700300
2012-03-20,51.61,51.71,51.12,51.53,3487200
2012-03-21,52.11,52.58,51.72,51.95,3198900
2012-03-22,52.52,52.69,51.51,52.0,4287100
2012-03-23,52.2,52.2,51.15,51.21,4316700
2012-03-26,51.44,51.97,51.28,51.35,5309800
2012-03-27,51.5,51.89,51.32,51.38,4570200
2012-03-28,51.36,51.79,51.11,51.75,4954000
2012-03-29,51.27,51.96,51.029999,51.87,2613000
2012-03-30,52.19,52.35,51.77,52.18,2771100
2012-04-02,52.24,53.0099983,51.8,52.54,3960900
2012-04-03,52.37,52.42,51.42,51.78,3702400
2012-04-04,51.38,51.44,50.99,51.36,2634400
2012-04-05,51.14,51.42,50.76,50.96,3287200
2012-04-09,50.060001,50.59,49.96,50.34,2960400
2012-04-10,50.27,50.36,49.31,49.64,4425400
2012-04-11,50.29,50.49,49.47,49.73,3790000
2012-04-12,49.79,51.07,49.73,51.02,3510400
2012-04-13,50.86,50.91,50.029999,50.09,3069600
2012-04-16,50.34,50.67,50.0,50.2,5783500
2012-04-17,50.67,51.27,50.37,51.080002,2968400
2012-04-18,50.82,50.91,50.55,50.55,2865400
2012-04-19,50.65,50.69,49.72,50.080002,2877400
2012-04-20,50.25,50.81,50.0099983,50.27,3397300
2012-04-23,49.78,50.099998,49.53,49.95,2833200
2012-04-24,50.099998,51.049999,50.0099983,50.91,3399700
2012-04-25,51.77,51.77,51.02,51.25,3943200
2012-04-26,51.68,52.0099983,51.23,51.88,3014600
2012-04-27,52.0,52.86,52.0,52.67,4745400
2012-04-30,52.63,52.99,52.07,52.54,4623900
2012-05-01,50.0,50.41,48.75,49.18,14520800
2012-05-02,49.029999,49.59,48.59,49.5,7069800
2012-05-03,49.77,49.83,49.16,49.36,4955300
2012-05-04,49.15,49.42,48.53,48.73,4159200
2012-05-07,48.52,49.049999,48.51,48.7,3893300
2012-05-08,48.57,49.26,48.15,49.16,5309900
2012-05-09,48.19,48.63,47.88,48.16,7284200
2012-05-10,48.63,48.64,48.21,48.5,4865400
2012-05-11,48.22,48.93,48.12,48.18,3913300
2012-05-14,47.81,48.21,47.6,47.79,3453100
2012-05-15,47.65,48.07,47.4,47.52,4068200
2012-05-16,47.77,48.21,47.17,47.17,5096600
2012-05-17,47.16,47.23,46.099998,46.19,4784900
2012-05-18,46.42,47.15,45.79,45.93,5738100
2012-05-21,46.3,47.029999,46.22,46.77,3264100
2012-05-22,47.09,47.63,46.86,47.18,3697800
2012-05-23,46.98,47.92,46.84,47.86,5648800
2012-05-24,47.87,47.99,47.27,47.7,3860500
2012-05-25,47.7,47.8,47.11,47.28,2871100
2012-05-29,47.7,48.09,47.56,47.95,2459400
2012-05-30,47.53,47.75,46.95,47.09,3985300
2012-05-31,47.07,47.099998,46.41,46.77,5670000
2012-06-01,45.94,46.07,45.53,45.63,5214900
2012-06-04,45.64,45.8,44.63,45.07,4390600
2012-06-05,44.93,45.21,44.47,44.81,4695700
2012-06-06,45.35,46.0099983,45.09,45.94,7812200
2012-06-07,46.55,47.35,46.19,46.41,6941200
2012-06-08,46.43,46.85,46.040001,46.69,2956900
2012-06-11,47.44,47.44,46.61,46.69,3959300
2012-06-12,46.75,47.14,46.31,47.049999,4087200
2012-06-13,46.85,47.099998,46.22,46.51,2841300
2012-06-14,46.69,46.7,46.2,46.49,4023200
2012-06-15,46.7,46.87,46.41,46.67,4113100
2012-06-18,46.48,46.87,46.25,46.65,2596600
2012-06-19,46.87,47.34,46.84,46.97,2546300
2012-06-20,46.99,47.17,45.64,46.02,6605200
2012-06-21,46.46,47.13,45.41,45.56,5660300
2012-06-22,45.81,46.0,45.4,45.71,6704700
2012-06-25,45.2,45.2,44.34,44.51,3629700
2012-06-26,44.67,44.85,43.87,44.09,5140600
2012-06-27,44.13,44.72,44.029999,44.61,3183900
2012-06-28,44.09,44.5,43.75,44.29,3338500
2012-06-29,45.13,46.6,45.02,46.58,6047800
2012-07-02,46.76,46.76,45.049999,45.4,4780000
2012-07-03,45.43,45.7,45.37,45.54,3040000
2012-07-05,45.02,45.98,45.02,45.81,3846700
2012-07-06,45.35,45.37,44.64,45.16,2934800
2012-07-09,45.0,45.11,44.7,44.93,2679800
2012-07-10,45.12,45.59,44.44,44.65,5706700
2012-07-11,44.58,44.73,44.16,44.43,3440400
2012-07-12,44.09,44.26,43.59,44.029999,3664800
2012-07-13,44.099998,45.02,44.0099983,44.94,3441400
2012-07-16,44.83,44.99,44.46,44.71,2861500
2012-07-17,44.81,45.29,44.57,45.21,3189900
2012-07-18,45.15,47.48,44.81,47.16,5522000
2012-07-19,47.25,47.38,46.68,47.029999,3799100
2012-07-20,46.74,46.89,46.19,46.25,4430400
2012-07-23,45.67,46.45,45.28,46.3,3237500
2012-07-24,46.3,46.45,45.0099983,45.35,4061600
2012-07-25,45.66,46.28,45.2,45.6,3128600
2012-07-26,46.29,46.9,46.16,46.69,2711500
2012-07-27,46.97,48.28,46.73,48.029999,4229900
2012-07-30,47.83,48.34,47.7,47.93,2803500
2012-07-31,47.82,48.21,47.58,47.77,3202300
2012-08-01,48.09,48.18,47.36,47.5,2523000
2012-08-02,47.24,47.61,46.77,47.41,2368200
2012-08-03,48.28,48.86,48.2,48.5,3196300
2012-08-06,48.96,49.4,48.89,48.94,4756900
2012-08-07,50.48,51.099998,49.7,49.79,5770400
2012-08-08,49.61,50.18,49.0,49.98,3673000
2012-08-09,50.049999,50.39,50.0,50.3,3217300
2012-08-10,50.25,51.31,50.0099983,51.25,3897600
2012-08-13,51.14,51.31,50.66,51.15,2721200
2012-08-14,51.4,51.91,51.16,51.81,4849500
2012-08-15,51.48,51.67,51.17,51.52,2802200
2012-08-16,51.49,52.24,51.45,52.09,3174400
2012-08-17,52.18,52.33,52.060001,52.3,3506700
2012-08-20,52.17,52.38,51.84,52.24,2088300
2012-08-21,52.41,52.98,52.24,52.31,3091200
2012-08-22,52.040001,52.16,51.25,51.66,3870200
2012-08-23,51.68,51.79,51.35,51.47,2890700
2012-08-24,51.38,51.97,51.26,51.72,2207400
2012-08-27,51.85,52.0099983,51.55,51.6,2123300
2012-08-28,51.55,51.87,51.34,51.58,2241000
2012-08-29,51.71,51.93,51.37,51.54,2836400
2012-08-30,51.11,51.34,50.56,50.74,3389800
2012-08-31,51.060001,51.48,50.61,50.72,3524700
2012-09-04,50.62,50.84,49.38,49.84,5679600
2012-09-05,49.77,49.86,48.81,49.0,6131500
2012-09-06,49.38,50.12,49.38,49.98,4265500
2012-09-07,49.71,50.0,49.37,49.8,6903700
2012-09-10,49.89,50.34,49.63,49.77,4199900
2012-09-11,49.78,49.95,49.3,49.42,3508400
2012-09-12,49.54,49.58,49.15,49.42,3266300
2012-09-13,49.35,50.24,48.61,49.97,5106500
2012-09-14,50.0099983,50.52,49.54,49.81,5726100
2012-09-17,49.74,50.3,49.6,50.24,3619100
2012-09-18,50.17,50.61,50.12,50.54,3278600
2012-09-19,50.62,50.95,50.25,50.56,3137400
2012-09-20,50.31,50.7,49.85,50.42,3432400
2012-09-21,50.68,50.79,50.040001,50.099998,3494200
2012-09-24,49.86,50.23,49.75,50.029999,2331000
2012-09-25,49.09,49.56,48.29,48.3,6056300
2012-09-26,48.45,48.55,47.78,47.9,4547500
2012-09-27,48.25,48.63,48.02,48.35,4644400
2012-09-28,48.049999,48.55,47.79,48.27,4316300
2012-10-01,47.75,48.69,47.66,47.93,3957000
2012-10-02,48.060001,48.3,47.84,48.029999,4122200
2012-10-03,48.22,48.76,47.95,48.56,3416700
2012-10-04,48.8,49.46,48.68,49.049999,4333600
2012-10-05,49.38,49.86,49.049999,49.19,3459400
2012-10-08,49.0,49.19,48.81,49.12,2958100
2012-10-09,49.11,49.2,48.55,49.0,3799500
2012-10-10,48.85,48.96,48.060001,48.29,2831600
2012-10-11,48.85,49.0,48.32,48.32,2264500
2012-10-12,48.54,48.82,48.02,48.35,2464500
2012-10-15,48.46,48.59,48.17,48.4,3499000
2012-10-16,48.63,49.0,48.54,48.88,2180700
2012-10-17,49.18,49.37,48.97,49.31,2925600
2012-10-18,49.18,49.74,49.09,49.6,2944700
2012-10-19,49.22,49.48,48.0,48.25,5129500
2012-10-22,48.040001,48.56,47.88,48.22,3312000
2012-10-23,47.66,48.0,47.099998,47.32,4113700
2012-10-24,47.59,47.64,47.17,47.34,2594600
2012-10-25,47.83,48.099998,47.66,47.96,3806800
2012-10-26,47.88,48.15,47.62,47.84,2984500
2012-10-31,48.32,48.9,48.049999,48.43,5112000
2012-11-01,48.84,50.69,48.58,50.38,5362000
2012-11-02,50.69,50.89,49.73,49.81,4206300
2012-11-05,49.91,50.57,49.6,50.5,4353500
2012-11-06,52.3,52.81,51.33,51.46,5969900
2012-11-07,50.91,51.19,50.21,50.28,4228700
2012-11-08,50.21,50.46,49.65,49.78,3497000
2012-11-09,49.55,50.92,49.48,50.15,3951900
2012-11-12,50.2,50.7,50.07,50.34,2474300
2012-11-13,50.0,50.56,49.83,49.91,4122500
2012-11-14,49.8,49.85,48.18,48.37,4304600
2012-11-15,48.31,48.74,47.92,48.14,3398400
2012-11-16,48.15,48.34,47.63,48.19,3910600
2012-11-19,49.09,49.41,48.71,48.95,3510300
2012-11-20,48.35,48.64,47.74,48.49,4444700
2012-11-21,48.77,48.8,48.29,48.55,2568200
2012-11-23,48.71,49.12,48.68,49.12,1473700
2012-11-26,48.72,49.049999,48.53,48.86,3881700
2012-11-27,48.89,49.89,48.8,49.2,6822200
2012-11-28,49.0,50.0,48.85,49.97,3590400
2012-11-29,50.15,50.84,49.98,50.58,4732200
2012-11-30,50.52,50.78,50.2,50.23,4183200
2012-12-03,50.56,50.65,49.54,49.6,2707900
2012-12-04,49.65,49.9,49.38,49.74,2889000
2012-12-05,49.84,50.95,49.83,50.65,4124000
2012-12-06,50.64,50.8,50.28,50.8,4261400
2012-12-07,50.97,51.2,50.65,50.85,2216100
2012-12-10,50.85,51.3,50.79,51.23,2251500
2012-12-11,51.54,51.78,51.24,51.52,2711900
2012-12-12,51.71,52.14,51.44,51.62,4278800
2012-12-13,51.53,52.02,51.42,51.66,2970300
2012-12-14,51.4,52.17,51.4,51.75,3746000
2012-12-17,52.029999,52.27,51.85,52.25,2783300
2012-12-18,52.3,53.23,52.060001,53.11,4328000
2012-12-19,53.15,53.62,53.14,53.18,3609000
2012-12-20,53.080002,53.26,52.72,53.25,3550700
2012-12-21,52.54,53.0099983,52.4,53.0099983,5408100
2012-12-24,52.87,53.0,52.56,52.85,1043900
2012-12-26,53.0,53.23,52.44,52.67,2237700
2012-12-27,52.75,52.84,52.099998,52.67,2388600
2012-12-28,52.32,52.76,52.080002,52.14,2028100
2012-12-31,51.95,52.99,51.65,52.96,3038200
2013-01-02,53.96,54.85,53.83,54.6,5417400
2013-01-03,54.87,55.6,54.49,54.86,5701800
2013-01-04,55.040001,55.25,54.62,55.07,3243200
2013-01-07,54.81,55.15,54.55,54.7,4297900
2013-01-08,54.12,54.68,53.86,54.21,4127300
2013-01-09,54.51,55.080002,54.28,54.7,2998200
2013-01-10,55.029999,55.14,54.55,55.14,3449800
2013-01-11,55.099998,55.2,54.79,55.040001,2067400
2013-01-14,55.07,55.35,54.75,55.32,2648500
2013-01-15,55.0099983,55.09,54.6,55.0099983,3367500
2013-01-16,54.86,54.9,54.42,54.57,2401700
2013-01-17,54.82,55.68,54.63,55.35,3038600
2013-01-18,55.47,56.0,55.25,55.89,3967600
2013-01-22,55.96,56.82,55.88,56.82,3795600
2013-01-23,56.72,56.87,56.44,56.87,2849100
2013-01-24,57.09,57.9,57.07,57.27,4639500
2013-01-25,57.3,57.57,56.96,57.47,2874100
2013-01-28,57.65,57.71,56.97,57.29,2223500
2013-01-29,56.97,57.54,56.87,57.47,2264000
2013-01-30,57.33,57.55,57.060001,57.21,2382400
2013-01-31,57.14,57.66,56.78,57.25,4899200
2013-02-01,57.65,58.3,57.53,58.080002,3244200
2013-02-04,57.86,57.98,57.31,57.49,3393500
2013-02-05,56.98,57.57,56.099998,56.91,5733200
2013-02-06,56.62,57.47,56.62,57.44,3464800
2013-02-07,57.33,57.51,56.84,57.47,2912700
2013-02-08,57.49,57.9,57.41,57.5,3878600
2013-02-11,57.51,57.87,57.060001,57.73,2929600
2013-02-12,57.75,58.36,57.65,58.080002,3890800
2013-02-13,57.95,58.34,57.81,58.099998,4298800
2013-02-14,57.9,58.49,57.69,58.41,3649000
2013-02-15,58.48,58.65,57.98,58.29,5043800
2013-02-19,58.32,58.67,57.93,58.56,2769500
2013-02-20,58.64,58.64,57.75,57.75,3091700
2013-02-21,57.41,57.62,56.8,56.99,3809800
2013-02-22,57.22,57.69,56.92,57.27,2644900
2013-02-25,57.5,57.64,55.77,55.77,4349400
2013-02-26,56.18,56.31,55.57,56.12,3733000
2013-02-27,56.029999,57.44,55.94,57.26,3368600
2013-02-28,57.26,57.48,56.68,56.7,3636400
2013-03-01,56.41,56.62,55.84,56.07,4423600
2013-03-04,55.83,55.85,55.040001,55.54,4076000
2013-03-05,55.87,56.3,55.65,56.25,3903500
2013-03-06,56.47,56.77,56.19,56.36,2889100
2013-03-07,56.37,56.79,56.35,56.48,2874000
2013-03-08,56.77,57.38,56.44,57.29,3231800
2013-03-11,57.35,57.52,56.92,57.49,2471200
2013-03-12,57.51,57.59,56.66,56.82,2949700
2013-03-13,56.75,56.87,56.060001,56.2,3372500
2013-03-14,56.31,57.6,56.25,57.52,4241900
2013-03-15,57.21,57.84,57.09,57.59,3818800
2013-03-18,56.95,57.49,56.69,56.93,2906100
2013-03-19,57.099998,57.22,56.24,56.95,2895500
2013-03-20,57.33,57.4,56.71,57.11,2387100
2013-03-21,56.77,56.94,56.14,56.47,3093800
2013-03-22,56.67,56.89,56.36,56.79,2234100
2013-03-25,56.87,56.98,55.6,55.83,3683100
2013-03-26,55.72,55.81,54.73,55.49,5929400
2013-03-27,55.12,55.49,54.76,55.36,3883500
2013-03-28,55.37,55.96,55.29,55.87,3070000
2013-04-01,55.59,55.79,54.82,55.0099983,2483800
2013-04-02,55.36,55.51,54.73,54.89,3159100
2013-04-03,55.049999,55.44,54.7,54.93,4140500
2013-04-04,55.14,56.12,54.99,56.080002,4022900
2013-04-05,55.45,55.86,55.029999,55.73,3452200
2013-04-08,55.67,55.99,55.18,55.99,3353000
2013-04-09,56.0,56.89,55.81,56.53,3220100
2013-04-10,56.87,57.2,56.54,57.080002,2785100
2013-04-11,57.15,57.37,56.37,56.65,3963000
2013-04-12,56.41,56.63,55.66,55.83,3237200
2013-04-15,55.52,55.59,53.59,53.59,6031400
2013-04-16,54.049999,54.41,53.54,54.37,3821300
2013-04-17,54.0099983,54.07,53.21,53.58,4297300
2013-04-18,53.76,53.99,53.09,53.32,2927300
2013-04-19,53.56,53.73,53.099998,53.48,4684100
2013-04-22,53.58,54.09,53.11,53.79,4360500
2013-04-23,53.28,54.67,53.27,54.64,4644200
2013-04-24,54.75,55.57,54.75,55.28,4892200
2013-04-25,55.45,55.79,55.09,55.39,3173400
2013-04-26,55.25,55.42,54.38,54.44,3232500
2013-04-29,54.65,55.47,54.4,55.31,3162000
2013-04-30,55.23,55.88,54.96,55.51,4280000
2013-05-01,55.2,55.23,54.27,54.3,4062900
2013-05-02,54.75,55.94,54.51,55.8,4242900
2013-05-03,56.31,57.09,56.31,56.82,3965200
2013-05-06,56.84,57.68,56.67,57.3,4545400
2013-05-07,55.77,56.66,55.63,56.56,8355900
2013-05-08,56.28,57.19,55.8,57.17,4130800
2013-05-09,57.13,58.45,57.049999,57.71,5035200
2013-05-10,57.83,58.11,57.48,57.96,2534100
2013-05-13,57.9,58.080002,57.45,57.82,2012000
2013-05-14,57.81,59.0,57.81,59.0,3305700
2013-05-15,58.4,58.74,58.34,58.5,3910400
2013-05-16,58.31,58.84,57.8,58.029999,4830200
2013-05-17,58.2,59.55,58.17,59.36,5158500
2013-05-20,59.080002,60.080002,59.049999,59.3,4335000
2013-05-21,59.44,59.6,58.68,58.78,4000100
2013-05-22,58.76,58.95,57.63,57.89,4781800
2013-05-23,57.18,57.53,56.95,57.14,4349800
2013-05-24,56.75,57.13,56.53,56.94,2421900
2013-05-28,57.67,58.2,57.41,57.66,3071600
2013-05-29,57.41,57.77,57.16,57.27,3054500
2013-05-30,57.34,58.2,57.34,57.81,2223700
2013-05-31,57.62,58.52,57.25,57.46,3670900
2013-06-03,57.62,57.86,56.88,57.75,4161500
2013-06-04,57.66,58.13,56.74,57.15,3185500
2013-06-05,56.96,57.049999,55.65,55.95,4302400
2013-06-06,56.029999,56.39,55.74,56.32,3381700
2013-06-07,56.87,57.68,56.54,57.63,3390700
2013-06-10,57.95,57.96,57.16,57.49,2698300
2013-06-11,56.67,56.94,56.3,56.43,2563700
2013-06-12,56.8,56.96,55.83,55.89,3036400
2013-06-13,55.88,56.92,55.5,56.75,2380900
2013-06-14,56.64,56.93,56.060001,56.14,2327200
2013-06-17,56.68,56.78,56.25,56.56,2933800
2013-06-18,56.62,57.58,56.61,57.34,2781900
2013-06-19,57.23,57.47,56.39,56.41,2428800
2013-06-20,55.8,55.87,54.27,54.38,5846500
2013-06-21,54.78,55.040001,54.13,54.76,4889500
2013-06-24,54.13,54.45,53.42,54.0,4165400
2013-06-25,54.53,55.060001,54.43,54.83,3580800
2013-06-26,55.41,55.65,54.71,55.31,3169600
2013-06-27,55.77,55.95,55.27,55.39,2730700
2013-06-28,55.22,55.37,54.45,54.54,5150000
2013-07-01,54.58,55.68,54.55,55.35,2750500
2013-07-02,55.39,56.15,55.24,55.41,3772900
2013-07-03,55.060001,55.31,54.72,55.19,2117900
2013-07-05,55.62,56.53,55.049999,56.43,3331600
2013-07-08,56.89,57.41,56.6,56.72,2929800
2013-07-09,57.36,57.79,57.2,57.61,2540800
2013-07-10,57.61,57.75,56.92,57.099998,2958700
2013-07-11,57.95,58.0099983,57.62,57.87,2758600
2013-07-12,57.67,57.83,56.79,57.22,3949100
2013-07-15,57.24,57.76,57.22,57.37,2577200
2013-07-16,57.49,57.57,56.96,57.21,2568900
2013-07-17,57.56,57.56,57.14,57.33,1865000
2013-07-18,57.34,57.97,57.14,57.74,2591500
2013-07-19,57.72,58.8,57.56,58.8,4822100
2013-07-22,59.85,60.95,59.58,60.26,5727100
2013-07-23,60.28,60.5,60.099998,60.23,2145400
2013-07-24,60.55,60.55,59.65,60.0,2332000
2013-07-25,59.75,59.77,59.25,59.75,3527800
2013-07-26,59.35,59.83,59.25,59.8,2029200
2013-07-29,59.61,60.13,59.6,59.78,1706000
2013-07-30,60.13,60.55,60.049999,60.49,2966000
2013-07-31,60.63,61.81,60.51,61.37,4969300
2013-08-01,61.98,62.7,61.78,62.55,4019600
2013-08-02,62.16,62.55,61.8,62.55,3810800
2013-08-05,62.32,62.68,62.18,62.34,2864400
2013-08-06,61.74,62.53,61.3,62.39,3679500
2013-08-07,62.27,62.39,61.2,61.64,3835400
2013-08-08,61.99,62.56,61.94,62.31,3409900
2013-08-09,62.26,62.48,61.59,61.9,3378300
2013-08-12,61.55,62.66,61.55,62.5,3645000
2013-08-13,62.54,62.91,62.12,62.41,2495600
2013-08-14,61.92,62.38,61.92,62.07,3142600
2013-08-15,61.46,61.61,60.59,60.88,3308900
2013-08-16,60.67,61.51,60.64,61.27,2731300
2013-08-19,61.21,61.44,60.99,61.12,2008300
2013-08-20,61.17,61.81,60.81,61.56,2478300
2013-08-21,61.11,61.69,60.81,60.88,3309800
2013-08-22,61.18,62.32,61.040001,62.029999,2729800
2013-08-23,62.14,62.2,61.66,61.96,1814900
2013-08-26,62.060001,62.39,61.63,61.75,1729700
2013-08-27,61.049999,61.19,60.5,60.58,2875600
2013-08-28,60.56,61.099998,60.45,60.49,2638300
2013-08-29,60.33,61.080002,60.17,60.61,1636400
2013-08-30,60.92,60.92,60.14,60.37,2442800
2013-09-03,61.060001,61.63,60.48,60.7,3282700
2013-09-04,60.66,61.6,60.56,61.33,3794500
2013-09-05,61.29,62.049999,61.07,61.67,2775800
2013-09-06,61.95,62.25,61.080002,61.47,3973400
2013-09-09,61.66,62.77,61.65,62.5,2910500
2013-09-10,63.099998,63.83,63.02,63.66,3719900
2013-09-11,63.64,63.9,63.17,63.59,2479400
2013-09-12,63.49,64.13,63.4,63.61,2354200
2013-09-13,63.68,64.25,63.57,64.040001,3039000
2013-09-16,64.8,65.0,64.41,64.53,2815400
2013-09-17,64.55,64.97,64.3,64.89,2315600
2013-09-18,64.7,65.93,64.59,65.69,2904100
2013-09-19,65.88,66.79,65.88,66.5,3184400
2013-09-20,66.46,66.5,64.92,64.92,5801600
2013-09-23,64.78,65.56,64.78,64.96,3209500
2013-09-24,65.0,65.6,64.9,64.96,3940400
2013-09-25,65.22,65.36,64.86,64.86,3056700
2013-09-26,64.94,65.46,64.92,65.42,2511800
2013-09-27,65.13,65.18,64.74,64.9,3463600
2013-09-30,64.27,64.99,64.15,64.7,3321300
2013-10-01,64.72,65.42,64.5,65.07,3002700
2013-10-02,64.67,64.97,64.16,64.43,4071600
2013-10-03,64.27,64.46,63.15,63.73,3682300
2013-10-04,63.79,64.14,63.52,63.97,2725600
2013-10-07,63.32,64.26,63.23,63.72,1968900
2013-10-08,63.7,63.94,62.93,62.98,3246800
2013-10-09,62.98,63.53,62.73,63.18,3478000
2013-10-10,63.8,65.029999,63.73,64.98,3553100
2013-10-11,64.85,65.43,64.76,65.35,2068900
2013-10-14,64.96,65.65,64.91,65.6,1762300
2013-10-15,65.21,65.37,64.74,64.77,3422600
2013-10-16,65.2,65.41,64.68,64.74,2944400
2013-10-17,64.53,65.3,64.53,65.21,3031700
2013-10-18,65.34,65.76,65.059998,65.64,4670700
2013-10-21,65.65,66.19,65.5,65.94,2355700
2013-10-22,66.22,67.0,66.13,66.4,2304900
2013-10-23,66.31,66.55,65.94,66.47,2740500
2013-10-24,66.44,66.8,66.38,66.53,2036500
2013-10-25,66.74,67.22,66.39,67.22,2465100
2013-10-28,67.2,67.25,66.79,67.12,1914000
2013-10-29,67.26,67.39,66.71,67.39,2186200
2013-10-30,67.39,67.45,66.78,66.9,2410900
2013-10-31,66.9,67.49,66.61,66.97,2450500
2013-11-01,67.27,67.37,66.55,67.029999,3177700
2013-11-04,67.46,67.57,67.18,67.37,2319600
2013-11-05,66.42,67.34,66.059998,66.85,3188300
2013-11-06,67.24,67.5,66.64,67.41,2758200
2013-11-07,67.21,67.45,65.84,66.050003,5119600
2013-11-08,66.010002,67.040001,65.99,66.97,2727500
2013-11-11,66.89,67.099998,66.72,66.95,2012700
2013-11-12,66.7,66.96,66.2,66.3,3072400
2013-11-13,65.47,66.86,65.47,66.85,2468900
2013-11-14,66.89,67.49,66.83,67.21,3323200
2013-11-15,68.25,68.44,67.45,67.97,3750800
2013-11-18,68.11,68.27,67.44,67.59,2432500
2013-11-19,67.59,67.85,67.22,67.36,2080100
2013-11-20,67.79,67.92,66.89,67.089996,2184400
2013-11-21,67.26,67.78,67.19,67.72,2121100
2013-11-22,67.85,68.050003,67.47,68.0,1905400
2013-11-25,68.24,68.24,66.83,67.0,3607800
2013-11-26,67.010002,67.66,67.010002,67.24,2012800
2013-11-27,67.36,67.62,67.26,67.52,1318000
2013-11-29,67.7,67.77,66.95,66.99,1077400
2013-12-02,66.99,67.34,66.69,66.76,2406000
2013-12-03,66.65,67.029999,66.28,66.7,3490100
2013-12-04,66.34,67.050003,65.97,66.46,2060100
2013-12-05,66.33,66.66,66.010002,66.45,2167400
2013-12-06,66.67,67.31,66.51,67.18,3023500
2013-12-09,67.29,67.73,67.22,67.64,2005200
2013-12-10,67.51,67.9,67.3,67.54,2310100
2013-12-11,67.42,67.53,66.22,66.4,2956600
2013-12-12,66.29,66.86,66.17,66.61,2445200
2013-12-13,66.67,66.82,66.050003,66.2,2687400
2013-12-16,66.53,67.36,66.23,66.89,3894400
2013-12-17,66.89,67.22,66.42,66.46,2784600
2013-12-18,66.73,67.97,65.99,67.95,2749300
2013-12-19,67.97,68.8,67.66,68.66,3430800
2013-12-20,68.69,69.55,68.69,69.34,5507600
2013-12-23,69.56,69.7,69.17,69.37,1721400
2013-12-24,69.48,69.84,69.28,69.76,841100
2013-12-26,69.92,70.27,69.72,70.099998,1276300
2013-12-27,70.22,70.47,70.010002,70.21,974400
2013-12-30,70.2,70.66,70.080002,70.26,1142500
2013-12-31,70.3,70.45,69.95,70.18,1665800
2014-01-02,69.83,70.029999,69.099998,69.3,1803100
2014-01-03,69.62,69.9,69.24,69.37,1634200
2014-01-06,69.78,69.88,68.65,68.85,2492000
2014-01-07,69.010002,69.13,68.45,68.9,3025900
2014-01-08,68.86,68.99,68.25,68.55,2755900
2014-01-09,68.89,69.74,68.019997,68.27,3431600
2014-01-10,68.53,68.91,67.92,68.55,3569700
2014-01-13,68.42,69.29,67.93,68.050003,3519500
2014-01-14,68.36,69.23,68.11,69.21,2780800
2014-01-15,69.24,69.99,69.2,69.78,2088200
2014-01-16,69.7,70.29,69.54,69.95,2068700
2014-01-17,69.73,70.019997,68.96,69.12,3596500
2014-01-21,69.37,69.9,69.15,69.55,2359800
2014-01-22,69.59,69.63,68.51,68.96,2954000
2014-01-23,68.44,68.49,67.11,67.35,4368700
2014-01-24,66.54,66.83,65.26,65.26,5518400
2014-01-27,65.21,66.050003,64.65,65.52,4461400
2014-01-28,65.71,66.42,65.63,66.34,3777400
2014-01-29,65.71,66.29,65.52,65.67,3673800
2014-01-30,66.12,66.73,65.73,66.58,2806100
2014-01-31,65.4,66.44,65.32,65.94,2577200
2014-02-03,65.86,66.3,64.18,64.25,4708100
2014-02-04,63.52,65.0,62.25,64.059998,5501300
2014-02-05,63.78,64.12,63.29,63.76,3943600
2014-02-06,63.78,64.41,63.73,63.94,3110500
2014-02-07,64.38,65.26,64.24,65.19,2604000
2014-02-10,64.93,65.0,64.48,64.99,2613100
2014-02-11,65.07,65.29,64.54,64.95,3244800
2014-02-12,64.78,65.39,64.65,65.11,3475500
2014-02-13,64.56,64.71,63.95,64.54,4202700
2014-02-14,64.39,64.97,64.0,64.51,4420300
2014-02-18,64.44,64.56,63.76,63.8,4955500
2014-02-19,63.61,64.26,63.18,63.27,3890900
2014-02-20,63.39,64.099998,63.040001,63.56,3369300
2014-02-21,63.7,64.15,63.42,63.42,2969900
2014-02-24,63.62,64.89,63.62,64.32,3556100
2014-02-25,64.34,64.91,64.059998,64.55,3017700
2014-02-26,64.75,65.8,64.58,65.23,4014800
2014-02-27,65.22,65.74,64.96,65.25,3091900
2014-02-28,65.37,65.91,64.94,65.26,3393000
2014-03-03,64.8,64.8,63.95,64.35,2641200
2014-03-04,65.44,65.58,64.79,65.12,3201200
2014-03-05,65.12,65.3,64.96,65.059998,2234700
2014-03-06,65.11,65.46,65.0,65.050003,2462500
2014-03-07,65.35,65.88,65.3,65.6,3200700
2014-03-10,65.73,65.73,64.77,64.93,3092500
2014-03-11,65.14,65.32,64.14,64.41,2030200
2014-03-12,64.029999,64.11,63.7,64.0,3032300
2014-03-13,64.45,64.63,62.77,63.02,4547000
2014-03-14,62.9,63.099998,62.42,62.56,4438500
2014-03-17,62.98,63.84,62.98,63.66,3165700
2014-03-18,63.84,64.17,63.73,63.87,2624900
2014-03-19,64.019997,64.2,63.13,63.63,4126700
2014-03-20,63.52,63.76,63.18,63.59,2806900
2014-03-21,64.85,66.019997,64.47,65.35,7957100
2014-03-24,65.44,65.85,64.93,65.39,4184000
2014-03-25,65.73,66.36,65.68,66.35,4944400
2014-03-26,66.5,66.79,65.73,65.74,3889400
2014-03-27,65.56,66.29,65.019997,66.2,4382500
2014-03-28,66.46,67.16,66.2,66.76,3143900
2014-03-31,67.28,67.36,66.64,66.8,3079200
2014-04-01,66.64,67.37,66.64,67.32,2766600
2014-04-02,67.32,68.010002,67.22,67.84,3023800
2014-04-03,68.050003,68.29,67.62,67.94,2281300
2014-04-04,68.23,68.56,67.23,67.27,3125700
2014-04-07,67.21,67.36,66.47,66.48,3717000
2014-04-08,66.51,66.8,66.080002,66.66,4849000
2014-04-09,66.96,67.13,66.35,67.099998,2691100
2014-04-10,67.040001,67.3,65.94,66.050003,3769600
2014-04-11,64.7,66.42,64.7,65.4,2837800
2014-04-14,65.99,66.17,64.78,65.37,3378000
2014-04-15,65.31,66.64,65.15,66.55,3554500
2014-04-16,66.97,67.64,66.84,67.61,3171800
2014-04-17,67.8,68.58,67.61,68.44,3945900
2014-04-21,68.31,68.83,68.17,68.59,1815600
2014-04-22,68.61,69.080002,68.32,68.7,2029200
2014-04-23,68.58,69.44,68.44,69.4,4076500
2014-04-24,69.8,69.94,69.37,69.5,3494400
2014-04-25,69.36,69.36,68.33,68.44,2965000
2014-04-28,68.78,69.18,67.51,68.22,3095400
2014-04-29,68.63,68.71,67.63,68.050003,2546800
2014-04-30,67.93,68.26,67.61,68.18,2317400
2014-05-01,68.12,68.28,67.58,67.99,2158800
2014-05-02,67.79,68.17,67.43,67.53,2785700
2014-05-05,67.3,67.7,66.87,67.62,2614400
2014-05-06,67.45,67.6,66.53,66.56,3351100
2014-05-07,66.92,67.33,66.41,67.2,2181200
2014-05-08,66.94,67.77,66.86,67.21,2317300
2014-05-09,67.14,67.33,66.54,67.12,1836600
2014-05-12,67.61,68.31,67.5,68.22,2461300
2014-05-13,68.39,68.65,68.15,68.28,2632600
2014-05-14,67.99,68.07,67.19,67.3,2073400
2014-05-15,67.019997,67.18,65.93,66.64,3120900
2014-05-16,66.71,66.77,66.19,66.55,3603300
2014-05-19,66.26,66.98,66.25,66.73,2091000
2014-05-20,66.59,66.71,65.18,65.37,2650600
2014-05-21,65.47,66.010002,65.29,65.57,3057500
2014-05-22,65.66,66.5,65.57,66.13,2235000
2014-05-23,66.19,66.75,65.94,66.5,1672400
2014-05-27,66.7,67.14,66.48,66.85,2233000
2014-05-28,67.12,67.22,66.6,66.65,1804900
2014-05-29,66.88,66.91,66.24,66.8,1812500
2014-05-30,66.76,66.86,66.44,66.73,2213200
2014-06-02,66.87,67.32,66.46,67.17,2099900
2014-06-03,66.88,67.36,66.62,66.94,3353200
2014-06-04,66.78,67.040001,66.62,66.74,2239600
2014-06-05,67.040001,67.53,66.79,67.39,2407900
2014-06-06,67.53,67.81,67.5,67.66,2747600
2014-06-09,67.55,68.63,67.55,68.099998,3109700
2014-06-10,67.99,68.050003,67.48,67.5,3482800
2014-06-11,67.26,67.67,67.18,67.25,2677600
2014-06-12,67.029999,67.19,66.4,66.44,3723100
2014-06-13,66.5,66.85,66.24,66.47,3088100
2014-06-16,66.37,66.92,66.12,66.33,2717600
2014-06-17,66.2,67.48,66.099998,67.24,3379200
2014-06-18,67.28,68.19,67.080002,68.07,3232300
2014-06-19,68.080002,68.31,67.39,67.61,3283500
2014-06-20,67.75,68.8,67.66,68.24,4236900
2014-06-23,68.47,68.67,67.77,67.81,2602800
2014-06-24,67.59,68.040001,67.0,67.07,2010500
2014-06-25,66.96,67.49,66.91,67.019997,2203200
2014-06-26,66.87,67.050003,66.28,66.73,2006800
2014-06-27,66.54,67.2,66.49,66.92,2428900
2014-06-30,66.82,66.98,66.23,66.36,2675200
2014-07-01,66.18,66.95,65.96,66.55,2910300
2014-07-02,66.59,66.73,66.13,66.64,2230800
2014-07-03,66.97,67.65,66.93,67.37,1946600
2014-07-07,67.36,67.95,66.82,67.65,4105500
2014-07-08,67.38,68.050003,67.22,67.83,4211800
2014-07-09,67.89,68.16,67.49,67.7,2958900
2014-07-10,67.11,67.59,67.0,67.2,2569900
2014-07-11,67.76,67.76,66.74,67.099998,2964100
2014-07-14,67.71,67.77,67.24,67.26,2259500
2014-07-15,67.17,67.72,67.11,67.5,3003200
2014-07-16,67.96,68.23,67.75,67.99,3475700
2014-07-17,67.55,67.61,66.94,66.98,3334100
2014-07-18,67.12,67.48,67.010002,67.39,2535400
2014-07-21,67.31,67.61,66.99,67.36,1842000
2014-07-22,67.5,67.86,67.36,67.42,1899000
2014-07-23,67.44,67.47,66.86,67.019997,1341000
2014-07-24,66.94,67.51,66.91,67.050003,2396500
2014-07-25,67.17,67.77,66.91,67.43,2965300
2014-07-28,67.24,67.24,66.57,67.080002,3044900
2014-07-29,66.98,67.17,66.099998,66.099998,2704000
2014-07-30,66.15,66.23,64.79,65.21,4661800
2014-07-31,64.82,64.92,63.64,63.65,5419800
2014-08-01,63.27,63.78,62.71,63.4,4900800
2014-08-04,63.42,64.14,63.11,63.99,3924500
2014-08-05,62.099998,63.96,60.85,62.84,6971200
2014-08-06,62.049999,62.51,61.54,61.85,5195200
2014-08-07,62.24,62.39,61.65,61.79,2959300
2014-08-08,62.040001,62.84,61.91,62.8,2232500
2014-08-11,63.11,63.13,62.51,62.58,2064500
2014-08-12,62.65,63.099998,62.47,62.67,2099500
2014-08-13,62.49,63.14,62.28,63.049999,3137300
2014-08-14,62.93,63.23,62.75,62.95,2726800
2014-08-15,63.24,63.41,62.55,62.97,3051100
2014-08-18,63.16,63.84,63.16,63.82,2047200
2014-08-19,63.82,64.19,63.8,63.93,2293800
2014-08-20,63.94,64.58,63.89,64.48,2504500
2014-08-21,64.5,64.7,64.16,64.56,1774100
2014-08-22,64.74,64.93,64.43,64.6,2433400
2014-08-25,64.91,65.16,64.64,64.75,1483900
2014-08-26,64.93,64.96,64.29,64.34,1855100
2014-08-27,64.38,64.58,64.080002,64.4,1507500
2014-08-28,64.0,64.38,63.9,64.26,1192500
2014-08-29,64.39,64.57,63.99,64.019997,2074400
2014-09-02,64.33,64.67,64.07,64.31,3087500
2014-09-03,64.75,64.85,64.19,64.29,2176700
2014-09-04,64.33,65.48,64.19,64.64,3406400
2014-09-05,64.64,65.3,64.24,65.080002,3698100
2014-09-08,64.92,65.32,64.86,64.98,3218200
2014-09-09,64.98,65.43,64.79,65.11,3204600
2014-09-10,65.19,65.35,64.87,65.010002,2626300
2014-09-11,64.76,65.07,64.55,64.66,2734800
2014-09-12,64.53,64.66,64.15,64.49,3030400
2014-09-15,64.31,64.54,64.18,64.3,2134100
2014-09-16,64.29,64.43,63.75,64.41,2563800
2014-09-17,64.75,65.099998,64.33,64.53,3243500
2014-09-18,64.87,64.92,64.57,64.74,1998200
2014-09-19,65.16,65.22,64.58,65.0,4764100
2014-09-22,64.87,64.98,64.0,64.25,2639300
2014-09-23,63.9,64.23,63.49,63.5,3891100
2014-09-24,63.55,64.46,63.22,64.21,3889200
2014-09-25,63.79,63.84,62.4,62.41,4040000
2014-09-26,62.51,63.09,62.19,63.040001,3282700
2014-09-29,62.28,62.76,62.0099983,62.67,2883700
2014-09-30,62.59,63.080002,62.44,62.58,3581000
2014-10-01,62.02,62.060001,61.11,61.4,3938700
2014-10-02,61.48,62.49,61.31,62.14,3890400
2014-10-03,63.22,63.22,62.21,62.42,3813600
2014-10-06,62.59,62.86,62.099998,62.46,2024100
2014-10-07,62.0,62.13,60.96,61.0,3082200
2014-10-08,61.16,61.9,60.6,61.82,4033300
2014-10-09,61.7,61.7,59.51,59.66,5497300
2014-10-10,59.71,60.38,59.09,59.43,5397200
2014-10-13,59.63,59.97,58.63,58.67,4254800
2014-10-14,59.07,60.36,58.99,59.17,4613800
2014-10-15,58.47,59.52,57.76,59.35,5419700
2014-10-16,58.44,60.92,58.4,60.47,6910600
2014-10-17,60.93,61.69,60.85,61.22,5441600
2014-10-20,60.88,61.24,60.64,61.23,3655400
2014-10-21,61.75,63.12,61.71,62.96,3634600
2014-10-22,63.080002,63.29,60.91,60.95,6431400
2014-10-23,61.69,62.43,61.62,62.049999,3100500
2014-10-24,62.0099983,62.47,61.65,62.39,3089500
2014-10-27,62.07,62.32,61.64,62.27,2370000
2014-10-28,62.58,63.56,62.47,63.38,2635200
2014-10-29,63.76,63.76,62.93,63.3,4025500
2014-10-30,62.83,63.65,62.52,63.42,3146900
2014-10-31,64.23,64.52,63.79,64.059998,5405900
2014-11-03,64.24,64.71,63.92,64.51,4040400
2014-11-04,65.050003,65.41,63.78,64.19,6902600
2014-11-05,64.9,64.91,64.15,64.41,3899100
2014-11-06,64.63,64.89,64.24,64.67,3475100
2014-11-07,64.81,65.24,64.51,64.86,3368400
2014-11-10,64.97,65.26,64.87,65.11,2013900
2014-11-11,65.11,65.11,64.4,64.56,2464500
2014-11-12,63.89,64.38,63.89,64.050003,2859900
2014-11-13,64.099998,64.18,63.099998,63.52,3597700
2014-11-14,63.37,63.89,63.37,63.62,2345500
2014-11-17,63.53,63.95,63.38,63.74,2249900
2014-11-18,63.63,64.36,63.54,64.040001,2515700
2014-11-19,63.89,64.33,63.64,64.15,2103200
2014-11-20,63.75,64.6,63.65,64.21,2222800
2014-11-21,65.0,65.79,64.92,65.59,3993700
2014-11-24,65.59,65.89,65.39,65.77,2503200
2014-11-25,65.85,65.94,65.21,65.7,2901400
2014-11-26,65.63,65.79,65.16,65.38,1852200
2014-11-28,64.87,64.92,63.29,63.75,3486500
2014-12-01,63.29,63.31,62.45,62.81,4786800
2014-12-02,62.85,63.64,62.67,63.54,3091600
2014-12-03,63.8,64.62,63.64,64.48,5284000
2014-12-04,64.45,64.82,64.2,64.56,2332500
2014-12-05,64.65,65.16,64.41,64.88,3242100
2014-12-08,64.86,64.89,63.099998,63.61,4194800
2014-12-09,62.78,63.67,62.53,63.63,4082700
2014-12-10,63.36,63.5,61.25,61.45,4418800
2014-12-11,61.83,62.11,61.15,61.32,3627300
2014-12-12,60.4,60.51,58.27,58.43,8182400
2014-12-15,58.93,59.52,57.8,58.15,6956500
2014-12-16,58.25,60.9,58.17,59.21,7724800
2014-12-17,59.0099983,59.96,58.3,59.74,7855000
2014-12-18,60.61,62.0,60.61,62.0,5488700
2014-12-19,62.02,62.77,61.71,62.33,7342600
2014-12-22,62.48,62.82,62.12,62.6,2705400
2014-12-23,62.83,63.41,62.73,62.83,2628000
2014-12-24,62.89,63.0099983,62.58,62.73,1405600
2014-12-26,63.09,63.15,62.75,62.78,1595500
2014-12-29,62.58,62.85,62.46,62.61,2115900
2014-12-30,62.5,62.66,62.26,62.37,2034200
2014-12-31,62.63,62.84,61.67,61.73,2225100
2015-01-02,61.84,62.25,60.99,61.79,3395500
2015-01-05,61.83,62.16,60.45,60.52,7148400
2015-01-06,60.74,60.86,59.73,60.42,5451800
2015-01-07,61.0,61.02,60.07,60.29,5283500
2015-01-08,60.73,61.93,60.56,61.87,4894900
2015-01-09,61.82,61.97,60.37,60.9,3638600
2015-01-12,60.61,60.76,59.6,60.17,5807400
2015-01-13,60.53,61.16,59.55,60.080002,4378500
2015-01-14,59.26,59.66,58.64,59.62,6714900
2015-01-15,60.029999,60.099998,59.22,59.38,6030500
2015-01-16,59.23,60.4,59.13,60.35,7268000
2015-01-20,60.76,60.93,59.81,60.48,5774800
2015-01-21,60.44,61.28,60.060001,60.98,4490200
2015-01-22,60.3,60.48,59.49,59.81,9337600
2015-01-23,59.51,59.64,58.049999,58.12,9666000
2015-01-26,58.21,59.48,57.53,59.43,7435800
2015-01-27,57.37,58.33,57.12,57.3,9315300
2015-01-28,57.46,57.8,56.19,56.23,7567400
2015-01-29,56.09,57.19,55.81,56.88,7405500
2015-01-30,56.53,57.55,56.48,56.94,8147000
2015-02-02,57.060001,59.17,57.029999,58.97,10199100
2015-02-03,58.15,60.0,57.58,59.44,20572900
2015-02-04,59.14,59.35,57.13,57.33,10933900
2015-02-05,57.33,57.66,56.81,57.15,8895100
2015-02-06,57.16,57.49,56.82,57.029999,6160000
2015-02-09,56.77,57.71,56.75,57.35,6025600
2015-02-10,57.55,58.13,57.02,58.040001,6050000
2015-02-11,57.82,57.96,57.19,57.69,4182700
2015-02-12,57.68,58.67,57.68,58.6,4897000
2015-02-13,58.68,59.31,58.55,58.68,3795900
2015-02-17,58.59,58.62,58.17,58.3,3499800
2015-02-18,58.17,59.24,58.16,58.85,3309300
2015-02-19,58.67,58.96,58.35,58.69,3185300
2015-02-20,58.53,58.77,57.78,58.67,5883500
2015-02-23,58.67,58.76,58.24,58.74,4148800
2015-02-24,58.41,58.72,57.96,58.55,5259400
2015-02-25,58.72,58.79,57.8,58.3,5087000
2015-02-26,58.23,58.4,57.91,57.94,3878400
2015-02-27,58.0099983,58.26,57.88,57.92,4779000
2015-03-02,57.92,58.51,57.9,58.33,3693200
2015-03-03,57.96,58.46,57.92,58.38,3097400
2015-03-04,58.080002,58.26,57.5,57.78,3451700
2015-03-05,57.77,58.080002,57.45,58.080002,4852700
2015-03-06,57.45,57.45,56.34,56.56,7698400
2015-03-09,56.92,57.33,56.65,57.099998,6179800
2015-03-10,56.54,56.54,55.9,56.09,6115200
2015-03-11,56.34,56.36,55.5,55.51,4172100
2015-03-12,55.68,56.16,55.63,56.049999,4695600
2015-03-13,55.92,55.94,54.95,55.26,4879100
2015-03-16,55.48,56.25,55.46,56.23,4967100
2015-03-17,55.71,55.88,55.48,55.69,4235700
2015-03-18,55.54,57.09,55.02,56.78,5922100
2015-03-19,56.47,56.6,55.79,56.27,3907800
2015-03-20,56.51,56.79,56.24,56.69,8023300
2015-03-23,56.73,57.16,56.62,56.93,4194600
2015-03-24,56.87,56.96,56.54,56.81,6166700
2015-03-25,57.0,57.13,56.48,56.6,5732000
2015-03-26,56.19,56.8,55.9,56.47,5074600
2015-03-27,56.65,56.65,56.0,56.54,3677100
2015-03-30,56.72,57.24,56.56,56.59,4314400
2015-03-31,56.36,56.68,55.8,56.62,6237000
2015-04-01,56.26,56.33,55.72,55.89,4704700
2015-04-02,55.91,56.26,55.5,55.54,5912800
2015-04-06,55.88,57.75,55.25,56.99,7784700
2015-04-07,56.68,56.87,56.16,56.47,4364200
2015-04-08,56.36,56.93,56.2,56.74,4925800
2015-04-09,56.63,57.15,56.58,56.72,5385400
2015-04-10,56.88,57.02,56.53,56.85,3712300
2015-04-13,56.92,58.46,56.87,58.4,9402700
2015-04-14,58.16,58.59,57.96,58.33,4561700
2015-04-15,58.65,59.31,58.55,59.16,4734800
2015-04-16,58.86,59.15,58.61,58.91,3919900
2015-04-17,58.55,58.57,57.87,58.43,5091300
2015-04-20,58.67,59.21,58.63,58.7,3552800
2015-04-21,58.72,58.97,57.77,58.22,3641800
2015-04-22,58.21,58.29,57.51,58.15,3622600
2015-04-23,57.75,58.58,57.56,58.21,3775400
2015-04-24,57.87,58.19,57.31,57.65,3953600
2015-04-27,57.81,58.67,57.77,58.46,3909100
2015-04-28,58.21,58.82,58.02,58.66,3464800
2015-04-29,58.45,59.28,58.0099983,59.09,4709600
2015-04-30,59.0099983,59.36,58.55,58.83,3988000
2015-05-01,59.040001,59.39,58.83,59.33,3016100
2015-05-04,59.59,59.81,59.32,59.49,3808600
2015-05-05,57.61,58.87,57.5,58.4,8422500
2015-05-06,58.39,58.48,57.53,58.22,6647000
2015-05-07,58.45,58.46,57.63,58.099998,5785600
2015-05-08,58.74,59.07,58.57,58.79,4051600
2015-05-11,58.73,59.54,58.4,59.3,5284300
2015-05-12,59.19,60.49,59.040001,60.18,7415800
2015-05-13,60.040001,60.86,60.040001,60.34,7257200
2015-05-14,60.78,60.86,60.34,60.53,4121700
2015-05-15,60.59,60.69,60.060001,60.19,3653600
2015-05-18,60.32,60.45,59.9,60.2,3998400
2015-05-19,59.99,60.2,59.52,59.9,5030700
2015-05-20,59.85,60.28,59.4,60.13,4926200
2015-05-21,60.25,62.75,60.2,61.72,10752700
2015-05-22,61.57,62.3,61.56,61.78,5323500
2015-05-26,61.76,61.77,60.65,60.83,4579800
2015-05-27,60.89,61.15,60.59,60.95,2667700
2015-05-28,60.7,61.07,60.3,61.02,3710000
2015-05-29,61.23,61.28,60.0099983,60.31,4545300
2015-06-01,60.64,60.82,60.0,60.24,2836700
2015-06-02,60.07,60.77,60.0099983,60.3,3004600
2015-06-03,60.3,60.7,60.13,60.34,2639400
2015-06-04,59.87,60.02,58.82,58.92,6019300
2015-06-05,58.8,59.27,58.63,59.21,3299100
2015-06-08,59.040001,59.47,58.98,59.12,2805800
2015-06-09,58.75,59.39,58.68,59.18,2467600
2015-06-10,59.55,59.91,59.41,59.77,3149100
2015-06-11,59.89,60.22,59.74,60.14,2967600
2015-06-12,59.91,60.18,59.47,59.63,2878300
2015-06-15,59.099998,59.17,58.53,58.7,2791800
2015-06-16,58.68,58.87,58.4,58.61,2343000
2015-06-17,58.74,58.98,57.93,58.35,4112400
2015-06-18,58.5,59.37,58.37,58.75,5450500
2015-06-19,58.44,58.8,58.09,58.11,6871100
2015-06-22,57.85,58.64,57.85,58.26,4133100
2015-06-23,58.35,58.43,57.62,57.88,3397800
2015-06-24,57.86,57.91,57.33,57.49,2373700
2015-06-25,57.41,57.52,56.62,56.62,3129200
2015-06-26,56.62,56.74,56.34,56.58,3582400
2015-06-29,56.24,56.5,55.5,55.56,2681400
2015-06-30,56.21,57.27,55.23,55.43,7572800
2015-07-01,55.67,55.68,55.02,55.45,5230500
2015-07-02,55.67,56.12,55.54,55.86,4948200
2015-07-06,55.53,55.92,55.15,55.26,3064800
2015-07-07,55.19,55.29,54.15,55.049999,4512400
2015-07-08,54.69,54.87,53.81,53.98,4231500
2015-07-09,54.75,54.92,53.76,53.76,3743500
2015-07-10,54.49,54.58,53.69,53.83,3979200
2015-07-13,54.2,54.37,53.98,54.3,3399100
2015-07-14,54.31,54.41,53.98,54.2,2925200
2015-07-15,54.11,54.25,53.26,53.48,4180300
2015-07-16,53.88,54.049999,53.14,53.37,4587500
2015-07-17,53.16,53.37,52.45,52.59,6374700
2015-07-20,52.62,52.98,52.5,52.74,3986600
2015-07-21,52.57,52.58,51.95,52.14,5266600
2015-07-22,51.99,52.24,51.73,51.76,4665400
2015-07-23,51.76,52.21,51.46,51.52,4148500
2015-07-24,51.45,51.54,50.63,50.68,3527600
2015-07-27,50.39,50.6,50.099998,50.46,3435900
2015-07-28,50.68,51.96,50.62,51.8,5544900
2015-07-29,51.64,52.36,51.42,52.21,3945800
2015-07-30,51.92,52.21,51.7,51.98,3039300
2015-07-31,52.3,52.4,51.68,51.75,4019900
2015-08-03,51.58,51.86,51.16,51.33,3838900
2015-08-04,51.33,52.18,49.54,49.64,7360500
2015-08-05,50.13,50.46,49.71,49.91,7088100
2015-08-06,49.81,50.060001,49.45,49.74,5833200
2015-08-07,49.56,49.68,49.099998,49.19,5430000
2015-08-10,49.62,50.23,49.62,50.02,6008600
2015-08-11,49.5,49.6,48.77,48.93,6288300
2015-08-12,48.24,49.17,47.83,49.080002,6200000
2015-08-13,49.060001,49.65,48.9,49.41,4545300
2015-08-14,49.26,49.72,49.26,49.6,3163900
2015-08-17,49.36,50.47,49.22,50.34,4120900
2015-08-18,50.0,50.22,49.79,50.11,2858700
2015-08-19,49.75,50.099998,49.22,49.73,4644500
2015-08-20,49.31,49.57,48.89,49.07,5604100
2015-08-21,48.68,49.18,47.95,47.96,6704600
2015-08-24,45.5,48.049999,44.029999,46.36,9120500
2015-08-25,48.4,48.5,45.099998,45.16,7418300
2015-08-26,46.18,46.49,45.4,46.41,6266800
2015-08-27,46.96,47.79,46.63,47.64,4215700
2015-08-28,47.59,48.19,47.51,48.049999,4098600
2015-08-31,47.63,48.0099983,47.19,47.72,3650100
2015-09-01,46.67,47.09,46.02,46.27,4252400
2015-09-02,46.86,47.060001,46.18,46.79,3230100
2015-09-03,45.77,46.77,45.76,46.43,5766900
2015-09-04,45.74,46.17,45.62,45.82,4683400
2015-09-08,46.47,46.85,46.3,46.85,4440000
2015-09-09,47.37,47.46,46.43,46.52,6041300
2015-09-10,46.45,46.74,45.97,46.37,3933700
2015-09-11,46.27,46.4,45.8,46.040001,3368700
2015-09-14,45.92,46.029999,45.41,45.52,3404600
2015-09-15,45.66,46.41,45.6,46.32,2357800
2015-09-16,46.49,47.15,46.34,47.060001,3014300
2015-09-17,46.98,47.81,46.73,46.85,5107000
2015-09-18,45.91,46.060001,44.89,45.11,10416600
2015-09-21,45.29,45.51,45.02,45.12,3515700
2015-09-22,44.5,45.02,44.24,44.65,4113400
2015-09-23,44.77,44.85,43.43,43.67,4987200
2015-09-24,43.22,43.83,42.8,43.66,5727100
2015-09-25,43.99,44.0,43.57,43.78,3899200
2015-09-28,43.34,43.42,42.87,43.040001,4703100
2015-09-29,43.22,43.67,43.0,43.46,5049800
2015-09-30,43.9,44.24,43.48,44.17,4332600
2015-10-01,43.94,44.25,42.64,42.78,5478800
2015-10-02,42.43,44.21,42.21,44.19,5258600
2015-10-05,44.61,46.3,44.52,46.02,5722500
2015-10-06,46.13,46.57,46.02,46.2,3857100
2015-10-07,46.61,47.11,45.7,46.35,6390700
2015-10-08,46.32,47.62,46.16,47.52,3323700
2015-10-09,47.61,47.9,46.92,47.15,4048700
2015-10-12,47.19,47.42,46.75,46.95,2182500
2015-10-13,46.82,47.14,46.38,46.49,4132900
2015-10-14,46.57,46.73,45.95,46.27,4092200
2015-10-15,46.5,46.84,45.71,46.82,3852900
2015-10-16,47.35,47.35,44.88,45.27,6386800
2015-10-19,45.029999,45.58,45.029999,45.48,3443500
2015-10-20,45.3,46.41,45.11,46.12,4197200
2015-10-21,46.36,47.14,46.09,46.29,3639400
2015-10-22,46.43,48.07,46.25,47.78,6691000
2015-10-23,48.049999,48.18,47.44,48.18,5557900
2015-10-26,48.17,48.26,47.76,48.0099983,4439200
2015-10-27,47.6,47.63,46.81,46.89,3819400
2015-10-28,47.17,47.72,46.81,47.41,3976000
2015-10-29,47.23,47.54,47.040001,47.18,2254100
2015-10-30,47.45,47.51,46.93,47.23,6658500
2015-11-02,47.21,48.52,47.049999,48.35,5238100
2015-11-03,48.21,50.24,48.0,49.64,5704900
2015-11-04,49.92,50.27,49.58,49.68,4676200
2015-11-05,49.43,49.78,48.54,49.15,4962800
2015-11-06,48.81,49.42,48.44,49.23,4223700
2015-11-09,49.13,49.4,47.88,48.32,4048100
2015-11-10,47.67,48.02,47.16,47.79,3762700
2015-11-11,48.0,48.28,47.47,47.97,2898800
2015-11-12,47.5,48.13,47.11,47.25,5182900
2015-11-13,47.0,47.93,47.0,47.69,4351700
2015-11-16,47.69,48.9,47.68,48.85,4773800
2015-11-17,48.87,49.060001,48.41,48.68,3294700
2015-11-18,48.83,50.07,48.64,50.0099983,3947900
2015-11-19,50.099998,50.32,49.9,50.14,3124500
2015-11-20,50.31,50.57,49.99,50.16,3296300
2015-11-23,50.2,50.35,49.87,50.02,3682900
2015-11-24,49.88,51.47,49.71,50.07,3017800
2015-11-25,49.98,50.46,49.86,50.24,2787200
2015-11-27,50.099998,50.42,49.76,50.29,2039300
2015-11-30,50.37,50.41,49.96,50.0,4882500
2015-12-01,50.22,50.44,48.95,49.62,5528000
2015-12-02,49.4,50.049999,48.8,48.91,4373700
2015-12-03,48.99,49.0,48.19,48.58,6122000
2015-12-04,48.47,49.3,48.38,49.17,4635500
2015-12-07,48.99,49.09,48.37,48.51,4775300
2015-12-08,48.11,48.35,47.16,47.28,6179600
2015-12-09,47.09,47.94,46.81,47.14,6712700
2015-12-10,47.39,47.6,46.88,46.97,4422100
2015-12-11,46.5,46.55,45.4,45.48,7010100
2015-12-14,45.44,45.62,44.63,44.99,7332900
2015-12-15,45.46,45.46,44.9,45.22,5750600
2015-12-16,45.47,46.24,44.97,46.099998,5596600
2015-12-17,46.029999,46.36,44.97,45.0,5047000
2015-12-18,44.84,45.34,44.59,44.59,7207800
2015-12-21,45.09,45.96,45.040001,45.88,6236100
2015-12-22,46.0,47.049999,46.0,46.85,4724800
2015-12-23,47.09,48.4,46.97,48.33,5859900
2015-12-24,48.18,48.53,48.040001,48.26,1691800
2015-12-28,48.099998,48.37,47.67,48.26,3105900
2015-12-29,48.5,48.93,47.99,48.49,2988100
2015-12-30,48.35,48.86,48.23,48.53,5110800
2015-12-31,48.28,48.8,47.82,47.83,3326300
2016-01-04,47.83,47.83,46.52,47.3,4949300
2016-01-05,47.58,47.67,46.63,46.99,3656300
2016-01-06,46.29,46.66,45.92,46.45,5420400
2016-01-07,45.6,45.8,44.53,44.61,6162000
2016-01-08,44.99,45.11,44.0099983,44.099998,5405300
2016-01-11,44.18,44.36,43.25,43.8,4296700
2016-01-12,44.28,44.76,43.63,44.22,4136900
2016-01-13,44.57,44.73,43.16,43.26,4621900
2016-01-14,43.53,44.13,42.86,43.83,4280600
2016-01-15,42.7,43.34,42.17,43.09,6386900
2016-01-19,43.61,43.7,42.56,43.14,4097000
2016-01-20,42.31,42.97,41.25,42.64,5907300
2016-01-21,42.35,43.39,41.79,42.94,4323700
2016-01-22,43.89,43.97,42.44,43.17,4686500
2016-01-25,42.99,43.099998,42.18,42.29,4471400
2016-01-26,42.68,43.49,42.54,43.099998,6502300
2016-01-27,43.11,44.31,42.68,43.38,7135300
2016-01-28,44.11,44.67,43.57,44.6,4906100
2016-01-29,44.77,45.98,44.62,45.98,7578000
2016-02-01,45.4,45.75,45.040001,45.5,4526400
2016-02-02,45.0,47.19,44.84,45.84,6788700
2016-02-03,46.2,46.47,44.75,46.09,6057500
2016-02-04,46.32,48.29,46.2,46.87,7855600
2016-02-05,46.64,47.2,46.39,46.91,3920000
2016-02-08,46.45,47.33,45.98,47.060001,5171800
2016-02-09,46.5,47.31,46.2,46.91,4920200
2016-02-10,46.43,46.69,45.69,45.77,4447400
2016-02-11,44.85,45.81,44.7,45.43,4030500
2016-02-12,45.47,46.29,45.36,46.02,4250600
2016-02-16,46.72,46.82,45.82,46.62,4602700
2016-02-17,47.049999,48.21,46.98,47.76,3753600
2016-02-18,48.029999,48.78,47.93,48.34,5215700
2016-02-19,48.19,48.31,47.61,48.060001,4399700
2016-02-22,48.060001,49.47,48.060001,49.28,3814100
2016-02-23,49.21,49.57,48.34,48.46,2764900
2016-02-24,47.8,48.42,47.18,48.36,3140900
2016-02-25,48.38,48.65,47.92,48.63,2258600
2016-02-26,48.98,49.81,48.83,49.38,4070300
2016-02-29,49.4,49.52,48.8,48.83,4165400
2016-03-01,49.49,50.32,49.15,49.97,2843600
2016-03-02,49.89,50.43,49.58,50.41,3561400
2016-03-03,50.41,50.85,50.25,50.79,2496700
2016-03-04,50.8,51.5,50.63,51.26,3612000
2016-03-07,51.099998,51.93,51.0,51.91,3122800
2016-03-08,51.44,51.9,50.64,50.73,5065600
2016-03-09,50.94,51.13,50.0,50.060001,4737200
2016-03-10,50.52,50.63,49.8,50.55,4765400
2016-03-11,50.88,51.46,50.74,51.26,3484900
2016-03-14,50.9,51.42,50.86,51.24,2748800
2016-03-15,50.69,50.84,50.07,50.79,3040800
2016-03-16,51.0,51.6,50.63,51.45,3033700
2016-03-17,51.66,55.19,51.56,54.74,12089200
2016-03-18,54.95,55.0,54.22,54.64,12733200
2016-03-21,54.68,55.049999,54.54,54.99,4917400
2016-03-22,54.6,55.54,54.57,55.32,3535700
2016-03-23,54.98,55.080002,54.44,54.6,3780500
2016-03-24,54.17,54.46,53.84,54.39,3722700
2016-03-28,54.42,54.62,53.96,54.33,3011000
2016-03-29,54.09,54.53,53.63,54.45,3343600
2016-03-30,55.0,55.09,54.3,54.56,2225900
2016-03-31,54.54,54.71,54.14,54.38,2941400
2016-04-01,53.11,54.78,53.029999,54.75,3539400
2016-04-04,54.78,54.84,53.56,54.11,4260700
2016-04-05,54.040001,54.21,53.18,53.51,3198800
2016-04-06,53.74,53.75,52.6,53.22,4489600
2016-04-07,52.99,53.63,52.79,52.87,4587100
2016-04-08,53.49,54.4,53.37,53.84,3714400
2016-04-11,53.93,54.52,53.78,53.78,4324900
2016-04-12,53.87,54.9,53.79,54.53,3385200
2016-04-13,54.99,55.51,54.58,55.47,4259000
2016-04-14,55.74,55.74,54.97,55.07,2440300
2016-04-15,55.13,55.59,55.0099983,55.32,3483900
2016-04-18,55.32,55.36,54.45,55.22,3458800
2016-04-19,55.59,56.099998,55.22,55.65,3705500
2016-04-20,55.92,55.99,55.029999,55.07,3682500
2016-04-21,55.11,55.52,55.060001,55.17,2719300
2016-04-22,55.35,55.9,55.099998,55.47,3579100
2016-04-25,55.4,55.63,55.0,55.31,3416400
2016-04-26,55.63,56.15,55.55,56.11,3170800
2016-04-27,56.23,56.82,55.96,56.29,4200600
2016-04-28,56.11,56.11,54.81,55.02,3572400
2016-04-29,54.94,55.31,54.36,54.63,4192900
2016-05-02,54.5,55.27,54.2,55.21,4255700
2016-05-03,55.48,55.73,54.18,54.67,4960200
2016-05-04,54.3,54.47,52.37,52.78,5742400
2016-05-05,53.13,53.4,52.53,52.98,3993100
2016-05-06,52.95,53.39,52.66,53.31,2409600
2016-05-09,53.35,53.36,52.39,52.62,2938100
2016-05-10,52.77,53.52,52.65,53.5,2745000
2016-05-11,53.29,53.47,52.74,52.86,3624500
2016-05-12,53.21,53.44,52.58,52.91,2790300
2016-05-13,52.73,52.92,51.65,51.81,3276800
2016-05-16,52.0,52.98,51.96,52.81,4127300
2016-05-17,52.75,53.14,52.14,52.35,2802400
2016-05-18,51.92,52.0,50.54,50.8,6519100
2016-05-19,50.54,50.58,49.48,50.14,6088600
2016-05-20,50.45,50.85,50.35,50.65,2439000
2016-05-23,50.57,50.96,50.22,50.69,3818500
2016-05-24,50.84,51.4,50.64,51.17,2461100
2016-05-25,51.28,52.25,51.18,52.09,2853300
2016-05-26,52.19,52.46,51.86,52.02,1857500
2016-05-27,52.19,52.22,51.91,52.2,1663500
2016-05-31,52.23,52.46,51.6,52.02,3519400
2016-06-01,51.79,52.18,51.34,52.16,2483100
2016-06-02,52.049999,52.31,51.56,52.24,3189700
2016-06-03,52.18,52.34,51.57,52.3,2543700
2016-06-06,52.56,53.54,52.48,53.48,3596800
2016-06-07,53.71,54.0099983,53.45,53.53,3272200
2016-06-08,53.75,54.040001,53.48,53.82,3013600
2016-06-09,53.23,53.72,53.11,53.59,2946800
2016-06-10,53.26,53.32,52.29,52.73,3241100
2016-06-13,52.23,52.43,51.63,51.63,3720200
2016-06-14,51.6,52.080002,51.5,52.02,2805100
2016-06-15,52.29,52.47,51.87,51.96,2456900
2016-06-16,51.56,52.25,51.11,52.12,2233800
2016-06-17,52.12,52.6,51.99,52.44,3628100
2016-06-20,53.29,53.87,53.27,53.36,3798100
2016-06-21,53.34,53.54,52.75,53.15,3120100
2016-06-22,52.79,53.040001,52.49,52.59,3684000
2016-06-23,53.19,53.69,52.99,53.67,2650500
2016-06-24,51.94,52.13,50.58,50.83,9501100
2016-06-27,50.38,50.4,48.45,49.23,5770400
2016-06-28,50.0099983,50.02,49.11,49.73,5219000
2016-06-29,50.39,50.79,49.77,50.66,3314000
2016-06-30,50.9,52.16,50.71,52.16,4271700
2016-07-01,51.97,52.49,51.79,52.2,2732100
2016-07-05,52.040001,52.049999,50.71,51.049999,3098600
2016-07-06,51.73,51.86,50.55,51.67,2744000
2016-07-07,51.75,52.45,51.74,52.37,4177900
2016-07-08,52.79,53.5,52.77,53.44,3703800
2016-07-11,53.7,54.16,53.52,53.89,3091700
2016-07-12,54.09,55.14,54.080002,55.029999,4558500
2016-07-13,55.2,55.27,54.78,55.23,3179300
2016-07-14,55.71,56.25,55.6,56.049999,6207400
2016-07-15,56.17,56.27,55.78,56.23,4355400
2016-07-18,55.94,56.28,55.65,56.19,2976800
2016-07-19,56.029999,56.36,55.9,56.34,2440500
2016-07-20,56.38,56.5,56.12,56.18,3671700
2016-07-21,56.18,56.4,55.38,55.49,3486600
2016-07-22,55.41,55.86,55.07,55.81,3575900
2016-07-25,55.7,55.79,55.42,55.61,2043200
2016-07-26,55.47,56.2,55.47,56.18,2072100
2016-07-27,56.4,56.72,55.84,56.040001,3046800
2016-07-28,55.85,56.049999,55.39,55.83,2354700
2016-07-29,55.77,56.040001,55.21,55.9,4482400
2016-08-01,55.63,56.0,55.11,55.78,4359100
2016-08-02,53.88,54.09,52.95,53.029999,7589200
2016-08-03,52.56,53.060001,52.32,52.91,6769200
2016-08-04,52.96,53.46,52.85,53.029999,3551900
2016-08-05,53.37,53.84,53.27,53.79,3000800
2016-08-08,54.11,55.049999,54.029999,54.31,4469000
2016-08-09,54.45,54.8,54.0,54.33,3106500
2016-08-10,53.81,53.97,53.31,53.44,2529100
2016-08-11,53.67,54.11,53.51,54.029999,2261200
2016-08-12,53.98,54.049999,53.71,53.97,2252000
2016-08-15,54.060001,54.84,54.060001,54.71,2945200
2016-08-16,54.59,54.83,54.33,54.57,2073400
2016-08-17,54.68,55.0,54.59,54.9,2160500
2016-08-18,54.74,54.85,54.39,54.67,2410700
2016-08-19,52.28,53.2,52.07,52.98,8071600
2016-08-22,52.85,53.02,52.58,52.92,4288000
2016-08-23,53.15,54.060001,53.049999,53.98,4983300
2016-08-24,53.89,54.26,53.69,53.89,3320900
2016-08-25,53.64,54.11,53.51,54.09,2795500
2016-08-26,54.27,54.6,53.51,53.73,2614500
2016-08-29,53.73,54.049999,53.58,53.73,2659700
2016-08-30,53.73,53.91,53.23,53.47,2228400
2016-08-31,53.36,53.4,52.6,52.68,4561500
2016-09-01,53.0099983,53.0099983,52.18,52.66,4259200
2016-09-02,52.99,53.16,52.75,52.91,2162300
2016-09-06,53.13,53.13,52.35,52.56,2362600
2016-09-07,52.56,52.85,52.43,52.79,2283200
2016-09-08,52.69,52.95,52.41,52.82,3442500
2016-09-09,52.43,52.58,50.81,50.86,5163800
2016-09-12,50.6,52.28,50.41,52.09,4169100
2016-09-13,51.63,51.86,51.11,51.21,3572300
2016-09-14,51.21,51.73,51.0,51.29,4055300
2016-09-15,51.2,51.74,51.040001,51.58,3244100
2016-09-16,51.36,51.36,50.85,51.09,3873800
2016-09-19,51.34,51.8,51.080002,51.19,2305000
2016-09-20,51.53,51.73,51.21,51.22,2125700
2016-09-21,51.4,51.83,51.14,51.77,2908500
2016-09-22,52.24,52.9,52.24,52.8,3515600
2016-09-23,52.54,52.6,51.79,51.92,2997400
2016-09-26,51.77,51.89,51.39,51.43,2365700
2016-09-27,51.24,51.82,51.049999,51.82,2803200
2016-09-28,51.85,52.73,51.73,52.69,2824100
2016-09-29,52.45,53.43,52.42,53.02,5379200
2016-09-30,53.2,54.9,53.2,54.51,7460100
2016-10-03,53.98,54.2,53.44,53.8,3814300
2016-10-04,53.7,53.89,53.25,53.35,3447200
2016-10-05,53.55,53.91,53.48,53.69,2385600
2016-10-06,53.61,53.69,52.87,53.39,3119000
2016-10-07,53.13,53.13,52.38,52.7,4069400
2016-10-10,52.82,52.91,51.64,51.77,3952100
2016-10-11,51.53,51.68,50.53,50.79,4656800
2016-10-12,50.12,50.62,49.37,50.2,6426700
2016-10-13,49.62,50.26,49.22,50.2,4296100
2016-10-14,50.56,50.65,49.88,49.88,3790200
2016-10-17,49.91,50.040001,49.61,49.69,3871700
2016-10-18,50.11,50.16,49.65,49.88,3944100
2016-10-19,50.0,50.13,49.79,49.91,5540000
2016-10-20,49.78,50.25,49.66,50.15,2829700
2016-10-21,49.74,50.26,49.56,50.11,3616200
2016-10-24,50.53,50.61,50.12,50.31,2442500
2016-10-25,50.21,50.39,49.83,50.11,3040200
2016-10-26,49.93,50.65,49.82,50.44,3066300
2016-10-27,50.4,50.47,49.74,49.84,3861800
2016-10-28,49.93,50.48,49.62,50.09,4267300
2016-10-31,50.38,50.76,50.18,50.68,6160400
2016-11-01,51.89,52.47,50.68,51.0,6969700
2016-11-02,50.84,51.040001,49.97,50.040001,5540100
2016-11-03,50.07,50.28,49.7,49.84,3232500
2016-11-04,49.85,50.13,49.38,49.41,4672500
2016-11-07,50.22,50.42,49.92,50.39,5731600
2016-11-08,49.85,51.62,49.73,51.33,4499700
2016-11-09,51.11,53.84,50.82,53.39,7518100
2016-11-10,53.74,56.17,53.67,55.75,8678900
2016-11-11,55.44,55.73,54.96,55.5,4494600
2016-11-14,55.68,56.17,55.5,55.51,3046700
2016-11-15,55.38,55.79,54.89,55.78,3238800
2016-11-16,55.46,55.59,54.83,54.97,2898200
2016-11-17,55.099998,55.37,54.59,54.7,2865500
2016-11-18,54.57,54.78,54.0099983,54.2,4428800
2016-11-21,54.58,54.87,54.43,54.51,3004200
2016-11-22,54.81,54.9,53.92,54.35,6647200
2016-11-23,54.42,55.17,54.42,55.060001,2575000
2016-11-25,55.060001,55.24,54.91,55.24,802100
2016-11-28,54.95,55.36,54.35,54.43,3271300
2016-11-29,54.29,54.59,53.92,54.4,3408200
2016-11-30,54.8,57.43,54.8,56.44,8784900
2016-12-01,56.73,57.48,56.42,56.77,5500700
2016-12-02,56.58,56.9,56.029999,56.35,2932700
2016-12-05,56.81,56.99,56.42,56.93,3132700
2016-12-06,56.76,56.89,56.47,56.57,3040100
2016-12-07,56.72,58.28,56.57,58.26,4372800
2016-12-08,58.060001,58.07,57.24,57.6,3727200
2016-12-09,57.42,57.7,57.29,57.49,3028900
2016-12-12,57.51,57.68,56.75,57.09,3162300
2016-12-13,57.28,57.63,56.64,56.77,3784300
2016-12-14,56.7,57.22,56.17,56.27,3015200
2016-12-15,55.98,56.62,55.67,56.18,3962100
2016-12-16,56.31,56.63,55.66,55.73,6332500
2016-12-19,55.92,56.6,55.82,56.31,2779700
2016-12-20,56.66,57.63,56.51,57.31,3471300
2016-12-21,57.15,57.25,56.58,56.92,2716700
2016-12-22,56.93,56.95,56.45,56.69,2013700
2016-12-23,56.78,57.07,56.69,56.8,1157800
2016-12-27,56.79,57.2,56.75,57.17,1251200
2016-12-28,57.15,57.3,56.29,56.3,1680800
2016-12-29,56.37,56.5,56.0,56.2,1173200
2016-12-30,56.19,56.36,55.56,55.75,1957000
2017-01-03,56.25,57.2,56.17,56.95,3383000
2017-01-04,57.049999,57.44,56.34,56.61,4155400
2017-01-05,56.52,56.91,55.4,56.14,2657100
2017-01-06,56.19,56.63,56.0,56.4,1785800
2017-01-09,56.8,56.81,56.17,56.19,2130900
2017-01-10,56.48,57.12,56.39,56.69,2535000
2017-01-11,56.7,57.58,56.52,57.57,2685800
2017-01-12,57.39,57.5,56.77,57.47,2550700
2017-01-13,57.55,57.7,56.93,57.12,2964500
2017-01-17,56.8,57.080002,56.0,56.31,3152600
2017-01-18,56.43,57.35,56.26,57.22,2575400
2017-01-19,58.5,59.32,58.28,58.43,5955100
2017-01-20,58.5,58.9,58.39,58.83,4193900
2017-01-23,58.69,58.93,58.0,58.29,3174500
2017-01-24,58.51,59.44,58.3,59.11,3202100
2017-01-25,59.59,60.38,59.42,60.26,4133100
2017-01-26,60.19,60.93,59.81,60.080002,3469500
2017-01-27,60.56,60.56,60.0099983,60.14,3260600
2017-01-30,60.099998,60.11,58.73,59.14,5213900
2017-01-31,59.080002,59.099998,58.24,58.66,5894500
2017-02-01,58.5,59.099998,58.37,58.78,2954500
2017-02-02,58.61,59.12,58.42,58.88,6198800
2017-02-03,59.12,59.56,58.84,59.54,3523000
2017-02-06,59.3,59.96,59.28,59.86,6248100
2017-02-07,61.3,63.5,61.02,62.54,10588300
2017-02-08,62.0,62.51,61.67,62.41,5735500
2017-02-09,62.59,63.48,62.46,62.71,3457300
2017-02-10,62.69,63.4,62.69,63.26,4619000
2017-02-13,63.46,64.27,63.45,64.15,4056800
2017-02-14,63.69,64.36,63.55,64.14,3949000
2017-02-15,63.61,63.87,63.13,63.73,5215600
2017-02-16,63.58,63.59,62.38,62.9,6228500
2017-02-17,62.52,62.55,61.7,61.89,5091100
2017-02-21,62.049999,62.21,61.7,62.17,4569100
2017-02-22,61.75,62.17,61.72,61.82,3411200
2017-02-23,61.77,61.97,60.39,60.61,4824700
2017-02-24,60.22,60.51,59.79,60.48,7139500
2017-02-27,60.5,60.76,60.12,60.43,3501200
2017-02-28,60.26,60.51,59.88,60.099998,4204900
2017-03-01,60.75,61.39,60.65,60.88,6216400
2017-03-02,60.88,61.080002,60.09,60.31,3559000
2017-03-03,60.92,60.92,60.080002,60.37,2335500
2017-03-06,60.2,60.51,59.8,60.33,3278700
2017-03-07,60.24,60.56,60.049999,60.22,3749900
2017-03-08,60.46,60.49,59.69,59.79,2809200
2017-03-09,59.8,59.97,58.86,59.28,3580100
2017-03-10,59.59,59.93,59.28,59.52,3478300
2017-03-13,59.6,60.14,59.42,60.13,4333400
2017-03-14,59.55,59.55,58.41,58.97,3162600
2017-03-15,59.21,60.55,59.21,60.27,4197900
2017-03-16,60.33,60.59,60.16,60.23,3108400
2017-03-17,60.44,60.78,59.91,60.6,4896100
2017-03-20,60.56,60.6,59.95,60.099998,2270100
2017-03-21,60.14,60.51,58.85,58.96,4011700
2017-03-22,58.97,59.18,58.6,59.12,3264300
2017-03-23,59.12,59.43,58.82,58.99,2569500
2017-03-24,58.98,59.36,58.38,58.57,3160200
2017-03-27,58.029999,58.56,57.45,58.43,2587700
2017-03-28,58.42,59.68,58.24,59.44,2799000
2017-03-29,59.17,59.74,59.07,59.55,2447400
2017-03-30,59.45,59.83,59.35,59.61,2392600
2017-03-31,59.45,60.28,59.45,59.86,3420100
2017-04-03,59.8,60.3,59.16,59.82,4280500
2017-04-04,59.65,59.9,59.35,59.71,1967400
2017-04-05,60.13,60.9,59.38,59.56,3237000
2017-04-06,59.53,59.95,59.27,59.69,3005200
2017-04-07,59.63,59.72,59.15,59.36,2162100
2017-04-10,59.48,60.23,59.37,59.62,1968100
2017-04-11,59.47,59.8,59.080002,59.73,2685900
2017-04-12,59.64,59.73,58.21,58.42,3550900
2017-04-13,58.31,58.67,57.86,57.87,3469500
2017-04-17,58.22,58.46,57.74,58.4,3621800
2017-04-18,57.99,58.8,57.89,58.41,2904700
2017-04-19,58.8,58.95,57.96,58.21,2528400
2017-04-20,58.61,59.44,58.48,59.17,3484400
2017-04-21,59.2,59.3,58.91,59.0,3316700
2017-04-24,59.91,59.99,59.43,59.86,3541200
2017-04-25,60.76,61.51,60.54,61.22,4565600
2017-04-26,61.22,61.63,61.02,61.22,3140800
2017-04-27,61.39,61.5,60.48,60.83,3712700
2017-04-28,60.81,60.92,60.029999,60.28,3384600
2017-05-01,60.060001,60.52,59.85,60.37,3797100
2017-05-02,57.71,59.2,56.77,59.16,13249400
2017-05-03,58.94,59.89,58.8,59.27,5053900
2017-05-04,59.34,59.35,57.74,58.17,4693900
2017-05-05,58.45,59.080002,58.32,58.94,3669600
2017-05-08,58.86,59.02,58.44,58.62,2168000
2017-05-09,58.5,58.93,58.34,58.85,4542300
2017-05-10,58.56,58.99,58.36,58.93,3713700
2017-05-11,58.65,58.87,58.0099983,58.16,3219400
2017-05-12,57.9,58.040001,57.24,57.44,2983800
2017-05-15,57.72,58.63,57.71,58.34,3497500
2017-05-16,58.5,58.67,58.060001,58.6,3104500
2017-05-17,58.6,58.6,57.74,57.99,3736000
2017-05-18,57.75,58.66,57.36,58.45,3054500
2017-05-19,58.74,59.65,58.57,59.4,3190100
2017-05-22,59.55,59.91,59.44,59.46,3282500
2017-05-23,59.57,59.66,59.060001,59.24,3334400
2017-05-24,59.49,60.45,59.34,59.77,3523900
2017-05-25,59.79,59.81,58.96,59.25,3885400
2017-05-26,59.11,59.15,58.58,58.92,2489000
2017-05-30,58.79,59.15,58.59,58.95,2593300
2017-05-31,59.0,59.22,58.41,59.12,4073100
2017-06-01,59.3,59.61,58.99,59.25,2573300
2017-06-02,59.21,59.93,59.080002,59.34,2681300
2017-06-05,59.25,59.42,58.96,59.07,3179700
2017-06-06,58.86,58.87,58.37,58.65,2631100
2017-06-07,58.66,58.71,57.39,57.62,3386700
2017-06-08,57.62,59.76,57.62,59.65,7352800
2017-06-09,59.98,60.79,59.87,60.71,5542200
2017-06-12,60.71,61.38,60.6,60.95,6077500
2017-06-13,60.96,61.040001,60.42,60.84,4531600
2017-06-14,60.85,60.97,59.71,59.99,6740500
2017-06-15,59.43,60.26,59.39,60.26,3255300
2017-06-16,60.48,60.81,60.36,60.68,4138100
2017-06-19,60.92,61.49,60.85,61.38,4072400
2017-06-20,60.99,61.22,60.19,60.23,3763100
2017-06-21,60.3,60.3,58.59,58.64,3969100
2017-06-22,59.0,59.25,58.4,58.73,4478000
2017-06-23,58.78,59.19,58.41,59.080002,3868500
2017-06-26,59.38,59.68,58.96,58.99,2913600
2017-06-27,59.0,59.11,58.53,58.64,3046000
2017-06-28,59.040001,59.45,58.96,59.060001,2148900
2017-06-29,59.2,59.24,58.0099983,58.38,2721900
2017-06-30,58.67,60.02,58.65,59.62,3209000
2017-07-03,59.56,60.47,59.44,60.25,2343400
2017-07-05,60.17,60.18,59.02,59.32,3445100
2017-07-06,59.15,59.83,59.11,59.18,3230400
2017-07-07,59.3,59.83,58.99,59.47,2344200
2017-07-10,59.47,60.040001,59.41,59.74,2574400
2017-07-11,59.73,59.98,59.3,59.82,1927600
2017-07-12,60.26,60.55,59.96,60.060001,2860100
2017-07-13,60.060001,60.27,59.76,59.81,2320500
2017-07-14,60.0099983,60.36,59.82,60.18,2499200
2017-07-17,60.0099983,60.65,59.77,60.36,2826600
2017-07-18,60.33,60.38,59.63,59.83,3407600
2017-07-19,59.97,60.64,59.85,60.6,1786600
2017-07-20,60.38,60.68,60.049999,60.3,2370400
2017-07-21,59.94,60.080002,59.65,60.040001,2280800
2017-07-24,60.12,60.15,59.67,60.029999,1795000
2017-07-25,60.63,60.68,60.16,60.43,1785200
2017-07-26,60.38,60.43,59.68,59.8,1756100
2017-07-27,59.92,60.0,59.42,59.91,2311900
2017-07-28,59.65,59.71,58.94,59.53,2887500
2017-07-31,59.84,60.02,59.51,59.61,3306800
2017-08-01,59.45,60.049999,58.46,59.96,4827900
2017-08-02,59.75,61.02,59.64,60.99,5345600
2017-08-03,60.97,61.080002,60.37,60.68,3115000
2017-08-04,60.72,61.21,60.6,61.15,2304400
2017-08-07,60.99,61.38,60.84,60.91,2703800
2017-08-08,60.75,61.14,60.25,60.43,2154500
2017-08-09,59.83,60.18,59.73,60.029999,1775400
2017-08-10,59.76,60.080002,59.12,59.14,2039000
2017-08-11,59.16,59.33,58.75,58.89,2802800
2017-08-14,59.22,59.85,59.22,59.63,2070800
2017-08-15,59.6,59.67,59.34,59.41,2262000
2017-08-16,59.63,59.92,59.27,59.32,2200200
2017-08-17,59.11,59.32,58.28,58.29,1775100
2017-08-18,58.15,58.6,57.81,58.0,2063500
2017-08-21,58.0099983,58.24,57.82,58.0,2080400
2017-08-22,58.23,58.91,58.099998,58.82,2894500
2017-08-23,58.57,58.83,58.34,58.43,1946400
2017-08-24,58.51,58.59,57.99,58.02,1523500
2017-08-25,58.39,58.73,58.29,58.56,1239500
2017-08-28,58.68,58.74,58.060001,58.4,1526400
2017-08-29,58.13,58.41,57.91,58.35,2015900
2017-08-30,58.36,58.68,58.31,58.63,1890500
2017-08-31,58.9,59.22,58.55,59.040001,2415200
2017-09-01,59.26,59.36,58.81,58.81,1833200
2017-09-05,58.74,59.060001,58.44,58.66,3369400
2017-09-06,59.23,59.92,58.88,59.91,3776700
2017-09-07,60.0,60.31,59.51,60.21,3151900
2017-09-08,60.15,60.62,59.84,60.4,2254800
2017-09-11,60.77,60.93,60.64,60.91,2380400
2017-09-12,61.0,61.37,60.85,61.26,2004500
2017-09-13,61.12,61.36,61.080002,61.3,1451400
2017-09-14,61.3,61.98,61.060001,61.89,2401200
2017-09-15,61.8,62.49,61.76,62.35,4441700
2017-09-18,62.47,63.0,62.17,62.99,2355600
2017-09-19,62.99,63.32,62.85,63.21,2131500
2017-09-20,63.42,63.9,63.36,63.89,3070000
2017-09-21,63.85,64.18,63.42,63.44,2407900
2017-09-22,63.35,63.56,63.09,63.44,2271500
2017-09-25,63.45,63.86,63.29,63.61,2806300
2017-09-26,63.64,63.65,63.0,63.099998,3698600
2017-09-27,63.28,63.58,62.97,63.34,3419200
2017-09-28,63.13,63.46,62.64,62.86,2621700
2017-09-29,62.75,63.07,62.54,62.84,2903700
2017-10-02,62.87,63.32,62.65,63.2,3332600
2017-10-03,63.3,63.39,63.040001,63.33,2825300
2017-10-04,63.31,64.0,63.029999,63.92,2759600
2017-10-05,63.9,64.11,63.62,63.98,1725900
2017-10-06,63.75,64.080002,63.56,63.7,1934100
2017-10-09,63.71,64.040001,63.59,63.82,1474300
2017-10-10,64.11,64.11,63.34,63.42,1991400
2017-10-11,63.4,63.52,63.17,63.43,1862900
2017-10-12,63.36,64.029999,63.36,63.92,1574400
2017-10-13,64.25,64.4,63.87,63.97,1986200
2017-10-16,64.12,64.92,63.65,64.44,2489900
2017-10-17,65.57,66.099998,65.3,65.48,3794400
2017-10-18,65.43,65.81,65.25,65.51,2330200
2017-10-19,65.31,65.52,65.040001,65.16,2103100
2017-10-20,65.52,65.84,65.23,65.78,2648100
2017-10-23,65.74,66.44,65.73,66.099998,2488200
2017-10-24,66.49,67.31,66.42,66.74,2980200
2017-10-25,66.74,66.95,65.87,66.5,2745100
2017-10-26,66.79,67.050003,66.43,66.83,2006100
2017-10-27,66.92,67.79,66.71,67.38,3545200
2017-10-30,67.27,67.64,67.07,67.34,3841100
2017-10-31,67.019997,67.12,64.33,64.46,9603600
2017-11-01,64.56,64.89,64.040001,64.07,5364900
2017-11-02,64.18,64.23,63.55,63.62,4037100
2017-11-03,63.8,64.76,63.57,64.099998,4439500
2017-11-06,64.25,64.81,63.98,64.52,3690400
2017-11-07,64.040001,64.38,62.68,63.080002,4358100
2017-11-08,63.040001,63.22,62.21,62.52,2553300
2017-11-09,62.11,62.32,60.16,61.48,5954100
2017-11-10,61.35,61.64,60.95,61.61,3613400
2017-11-13,61.63,61.63,61.19,61.39,2557300
2017-11-14,61.22,61.47,60.73,60.74,2850100
2017-11-15,60.49,60.7,59.49,59.59,4276700
2017-11-16,58.049999,59.74,57.47,59.02,10266700
2017-11-17,58.86,60.24,58.69,59.85,5091800
2017-11-20,59.87,60.44,59.62,60.26,5449400
2017-11-21,60.34,60.69,60.02,60.35,3276900
2017-11-22,60.75,62.080002,60.72,61.88,5881500
2017-11-24,61.98,62.12,61.56,61.63,2182600
2017-11-27,61.62,62.28,61.62,61.88,3663500
2017-11-28,62.62,64.17,62.58,64.15,6466900
2017-11-29,64.059998,64.57,63.81,63.87,3928800
2017-11-30,64.18,65.059998,64.040001,64.82,5307000
2017-12-01,64.91,65.3,63.54,64.69,4002800
2017-12-04,65.35,66.65,65.080002,65.099998,4531100
2017-12-05,64.83,65.32,64.59,64.68,2806000
2017-12-06,64.64,65.38,64.55,64.73,3011700
2017-12-07,64.86,65.8,64.68,65.78,3412600
2017-12-08,65.83,66.77,65.59,66.55,3973900
2017-12-11,66.36,66.91,66.3,66.41,2291900
2017-12-12,66.7,67.029999,66.27,66.67,2756000
2017-12-13,66.9,67.55,66.81,67.2,3306800
2017-12-14,67.43,67.83,66.5,66.51,2887700
2017-12-15,67.0,67.53,66.75,67.26,4387000
2017-12-18,67.78,68.88,67.51,68.36,3989400
2017-12-19,68.46,68.77,68.15,68.54,3494400
2017-12-20,69.0,69.74,68.69,68.96,5109800
2017-12-21,69.25,69.8,68.81,69.58,2668700
2017-12-22,69.71,69.84,69.19,69.66,1790200
2017-12-26,69.7,69.77,69.36,69.53,1002000
2017-12-27,69.75,69.78,69.4,69.75,1043400
2017-12-28,69.86,70.0,69.54,69.98,1452900
2017-12-29,70.040001,70.21,69.69,69.69,1848900
2018-01-02,70.059998,70.76,69.7,70.74,3086500
2018-01-03,70.72,71.46,70.22,71.39,3308800
2018-01-04,71.5,71.81,71.21,71.49,2806400
2018-01-05,71.76,72.47,71.2,72.43,3118800
2018-01-08,72.43,72.43,71.68,72.2,2334700
2018-01-09,72.42,72.59,71.89,72.32,3367600
2018-01-10,71.74,72.7,71.7,72.59,2411300
2018-01-11,72.88,73.9,72.46,73.88,2917300
2018-01-12,74.0,74.45,73.85,73.91,3500400
2018-01-16,73.39,73.88,72.11,72.83,3899900
2018-01-17,73.050003,73.78,72.89,73.07,3276100
2018-01-18,73.48,73.95,73.0,73.45,2356200
2018-01-19,73.63,73.8,72.88,73.14,3538100
2018-01-22,72.94,73.28,72.35,73.26,3521500
2018-01-23,73.34,73.85,73.010002,73.12,3205600
2018-01-24,73.54,73.7,72.16,72.63,3284300
2018-01-25,73.080002,73.2,71.79,72.68,3293700
2018-01-26,72.9,74.050003,72.68,74.050003,3587500
2018-01-29,73.67,73.87,72.91,72.99,2136400
2018-01-30,72.43,72.91,72.089996,72.47,2311600
2018-01-31,72.95,73.25,72.029999,72.23,5458100
2018-02-01,71.43,73.099998,69.73,72.58,3022200
2018-02-02,71.86,72.34,70.51,70.57,4853000
2018-02-05,70.019997,71.42,68.22,68.44,4426300
2018-02-06,66.7,71.38,66.0,69.25,7320400
2018-02-07,69.41,70.52,68.73,68.96,4045300
2018-02-08,68.96,69.12,66.36,66.4,4350200
2018-02-09,67.5,69.77,66.4,69.07,5979300
2018-02-12,69.71,71.059998,69.54,70.31,5187900
2018-02-13,69.89,70.52,69.4,70.38,3542100
2018-02-14,70.71,71.91,69.73,71.31,5000200
2018-02-15,71.93,72.59,70.59,71.5,4089400
2018-02-16,71.38,73.37,71.33,72.99,4783800
2018-02-20,72.42,73.16,70.89,71.07,3897200
2018-02-21,71.12,72.57,71.040001,71.81,4368200
2018-02-22,72.059998,72.56,71.54,72.089996,2534700
2018-02-23,72.48,72.55,71.26,72.19,1901600
2018-02-26,72.85,73.62,72.28,73.53,3880800
2018-02-27,73.48,74.43,73.089996,73.089996,3454800
2018-02-28,73.41,73.42,71.040001,71.059998,4858800
2018-03-01,70.96,71.51,69.33,69.58,4605600
2018-03-02,69.11,69.62,68.44,69.36,3893700
2018-03-05,69.14,70.52,68.97,70.15,3935500
2018-03-06,70.61,70.61,69.71,70.47,2480600
2018-03-07,69.67,70.58,69.27,69.59,3511700
2018-03-08,69.95,70.28,69.22,70.21,3190700
2018-03-09,71.4,72.31,70.66,72.27,3389700
2018-03-12,72.31,72.48,71.019997,71.42,2250800
2018-03-13,71.61,71.96,70.9,71.23,3549300
2018-03-14,71.74,71.74,70.58,70.74,3885300
2018-03-15,70.82,71.21,70.3,70.93,3015200
2018-03-16,71.12,72.38,70.78,72.38,9730900
2018-03-19,71.87,71.87,70.019997,70.73,3945200
2018-03-20,71.099998,71.63,70.49,70.55,2285300
2018-03-21,70.7,71.83,70.41,71.15,2068500
2018-03-22,70.28,70.34,68.71,68.77,3153800
2018-03-23,69.010002,69.07,67.23,67.36,2836200
2018-03-26,68.44,69.67,67.8,69.51,3321800
2018-03-27,69.64,69.89,67.42,67.92,2840800
2018-03-28,68.15,68.4,66.95,67.3,2668700
2018-03-29,67.64,68.82,67.44,68.3,1890800
2018-04-02,68.050003,68.11,65.14,66.28,3740000
2018-04-03,66.79,67.89,66.32,67.85,5067100
2018-04-04,66.67,68.39,66.29,68.13,3791900
2018-04-05,68.52,68.77,67.87,68.41,2930400
2018-04-06,67.8,68.16,65.14,66.31,4475600
2018-04-09,66.65,67.42,66.089996,66.19,2321400
2018-04-10,67.029999,67.94,67.029999,67.56,2430300
2018-04-11,66.91,67.91,66.69,67.080002,2736700
2018-04-12,67.35,68.61,67.28,68.2,3195100
2018-04-13,68.81,69.19,68.19,68.42,3226300
2018-04-16,69.089996,69.16,68.54,68.81,2517300
2018-04-17,69.46,69.68,69.050003,69.39,3914800
2018-04-18,69.84,71.32,69.38,70.62,3057600
2018-04-19,70.55,70.92,70.089996,70.67,2292000
2018-04-20,70.73,70.74,69.5,70.2,3962600
2018-04-23,70.4,71.12,69.76,69.9,2809200
2018-04-24,71.29,71.29,66.8,68.3,4130000
2018-04-25,68.029999,69.040001,67.14,68.71,2380300
2018-04-26,68.7,68.87,67.050003,67.49,3411400
2018-04-27,67.35,67.92,66.9,67.82,4801000
2018-04-30,67.99,68.15,66.31,66.41,4419100
2018-05-01,66.44,69.059998,65.86,68.98,7483800
2018-05-02,68.88,68.93,67.51,67.6,4454600
2018-05-03,67.51,67.83,66.53,67.42,3486500
2018-05-04,66.95,68.75,66.76,68.42,2476300
2018-05-07,68.65,69.9,68.6,69.3,3219100
2018-05-08,69.32,69.86,69.010002,69.76,3768800
2018-05-09,70.11,71.94,69.8,71.93,3831400
2018-05-10,71.95,72.059998,71.42,71.97,2353600
2018-05-11,71.97,72.58,71.59,72.0,2687300
2018-05-14,72.3,72.73,71.88,72.16,3086900
2018-05-15,71.69,72.11,71.42,71.83,2036700
2018-05-16,71.93,72.47,71.67,71.95,1598400
2018-05-17,72.050003,73.18,71.61,72.97,2717500
2018-05-18,72.85,73.37,72.79,73.14,1848200
2018-05-21,73.6,74.35,73.5,74.080002,2234500
2018-05-22,74.080002,74.36,73.16,73.26,2002700
2018-05-23,72.83,73.27,72.41,73.010002,1922200
2018-05-24,72.93,73.37,72.059998,73.25,2419400
2018-05-25,72.85,72.86,71.98,72.49,2888500
2018-05-29,71.77,71.82,70.27,70.77,2756600
2018-05-30,71.18,71.9,70.81,71.65,2145300
2018-05-31,71.88,71.93,70.52,70.84,2782800
2018-06-01,71.55,71.85,71.019997,71.37,3483100
2018-06-04,71.7,72.17,71.15,71.51,1921800
2018-06-05,71.86,73.050003,71.83,72.67,4009300
2018-06-06,72.83,73.36,72.56,73.29,2854400
2018-06-07,73.44,73.89,72.81,73.37,1879500
2018-06-08,73.18,73.3,72.64,73.15,2270100
2018-06-11,73.2,73.68,72.93,73.18,1782100
2018-06-12,73.42,73.42,73.0,73.21,1582600
2018-06-13,73.17,73.37,72.64,72.78,2260200
2018-06-14,73.17,73.41,72.35,72.9,2461900
2018-06-15,72.83,73.089996,71.33,72.28,4378100
2018-06-18,71.59,72.32,71.35,72.14,2014100
2018-06-19,70.91,71.22,69.6,70.56,3445600
2018-06-20,70.99,70.99,70.089996,70.39,1630400
2018-06-21,70.07,70.34,68.95,69.2,3272800
2018-06-22,70.73,70.73,69.71,69.87,4015000
2018-06-25,69.44,69.78,68.37,69.15,4148900
2018-06-26,69.36,69.83,68.84,68.95,3007300
2018-06-27,69.31,70.12,68.54,68.55,2782800
2018-06-28,68.48,68.9,67.67,68.59,1978000
2018-06-29,69.099998,70.029999,68.88,69.14,4025700
2018-07-02,68.5,69.57,68.38,69.44,2514800
2018-07-03,70.14,70.45,68.58,68.77,1839500
2018-07-05,69.25,69.35,68.64,69.18,2559100
2018-07-06,69.22,69.56,68.62,69.28,2298700
2018-07-09,69.57,71.010002,69.47,70.84,2234600
2018-07-10,70.84,71.29,70.55,70.99,2671800
2018-07-11,70.3,70.35,68.81,69.07,3253900
2018-07-12,70.33,70.35,69.44,70.23,2226000
2018-07-13,70.21,70.85,70.040001,70.58,1552600
2018-07-16,70.65,70.81,69.18,69.31,2727500
2018-07-17,69.17,69.64,68.62,69.48,2646500
2018-07-18,69.54,70.050003,68.94,69.69,2902200
2018-07-19,69.35,70.32,69.23,69.8,2490500
2018-07-20,69.27,69.88,69.18,69.28,2232900
2018-07-23,69.2,69.24,67.81,67.89,2832100
2018-07-24,68.42,69.26,68.35,68.87,3076300
2018-07-25,68.8,70.28,68.7,70.2,2767300
2018-07-26,70.39,71.7,70.39,71.26,2755500
2018-07-27,71.46,71.65,70.93,71.26,1752700
2018-07-30,71.47,71.98,70.44,70.53,1812000
2018-07-31,70.84,72.49,70.71,72.28,3021500
2018-08-01,71.98,72.040001,70.6,71.3,2611100
2018-08-02,70.83,71.33,70.21,71.28,2852200
2018-08-03,71.47,72.019997,71.34,71.48,3682600
2018-08-06,71.31,71.79,71.16,71.62,2640300
2018-08-07,73.31,75.0,72.11,74.66,4945400
2018-08-08,74.57,75.25,74.010002,74.040001,3590200
2018-08-09,74.29,74.45,73.91,74.050003,2071000
2018-08-10,73.84,74.47,73.51,73.86,3101100
2018-08-13,74.0,74.32,73.35,73.45,2882500
2018-08-14,73.8,74.83,73.65,74.24,2933800
2018-08-15,73.73,73.73,72.41,73.56,2851400
2018-08-16,73.34,74.27,73.089996,73.96,2056400
2018-08-17,74.050003,75.07,73.58,74.86,2862500
2018-08-20,75.13,75.68,75.019997,75.54,2697900
2018-08-21,75.93,76.78,75.62,76.6,2526100
2018-08-22,76.089996,76.28,75.010002,75.16,2501400
2018-08-23,75.07,75.65,75.0,75.57,1608700
2018-08-24,75.85,76.0,75.42,75.67,2499200
2018-08-27,75.96,76.8,75.91,76.65,2093000
2018-08-28,76.82,77.0,76.24,76.53,2423000
2018-08-29,76.73,76.9,76.26,76.8,1576500
2018-08-30,76.63,76.89,76.080002,76.36,1543200
2018-08-31,76.23,76.87,76.22,76.73,1967700
2018-09-04,76.7,76.7,75.71,76.4,2021100
2018-09-05,76.21,77.6,76.11,77.27,4056400
2018-09-06,77.2,77.24,75.91,76.21,3288600
2018-09-07,75.99,76.23,75.5,75.79,2038700
2018-09-10,76.29,76.64,76.0,76.27,2269000
2018-09-11,76.089996,76.64,75.8,76.22,1479400
2018-09-12,76.2,77.26,76.029999,77.11,2113100
2018-09-13,77.37,78.0,77.12,77.75,2482500
2018-09-14,77.75,77.91,77.34,77.54,1829400
2018-09-17,77.51,77.99,77.39,77.77,1518800
2018-09-18,77.99,78.61,77.58,78.41,2335300
2018-09-19,78.12,78.34,77.19,77.41,2744100
2018-09-20,77.93,78.41,77.44,78.38,2596400
2018-09-21,78.57,78.75,77.72,78.010002,3093200
2018-09-24,77.88,77.91,76.94,77.48,1962300
2018-09-25,77.77,78.029999,77.050003,77.21,2673500
2018-09-26,77.26,77.42,76.42,76.65,1874700
2018-09-27,77.059998,77.27,76.48,76.79,1541000
2018-09-28,76.83,77.33,76.4,76.58,2034200
2018-10-01,77.12,77.93,76.78,77.64,3218000
2018-10-02,77.45,78.3,77.13,77.86,4086500
2018-10-03,78.019997,78.59,77.9,78.52,2593600
2018-10-04,78.57,79.7,77.66,78.16,3271600
2018-10-05,78.26,78.65,77.47,78.059998,4116300
2018-10-08,77.48,78.089996,76.93,77.9,2712100
2018-10-09,77.77,77.9,75.74,75.98,3638500
2018-10-10,75.94,75.99,73.29,73.35,4197300
2018-10-11,73.099998,73.6,71.019997,71.2,4347100
2018-10-12,72.74,72.82,71.2,71.92,3600900
2018-10-15,71.74,72.22,71.42,71.42,2559100
2018-10-16,72.17,73.66,71.95,73.57,3476200
2018-10-17,73.47,74.31,72.71,74.0,3635300
2018-10-18,73.65,74.26,71.93,72.44,3092500
2018-10-19,72.56,73.37,71.94,72.27,3182100
2018-10-22,72.65,72.71,71.47,71.72,2686800
2018-10-23,69.76,69.8,68.050003,68.97,5546200
2018-10-24,68.93,69.18,65.82,66.010002,5158200
2018-10-25,66.86,67.65,66.49,67.099998,3657700
2018-10-26,66.23,67.34,65.56,66.25,3507500
2018-10-29,67.4,68.33,65.45,66.33,3496900
2018-10-30,66.27,67.92,66.17,67.81,2895200
2018-10-31,68.61,69.52,67.83,67.88,3606500
2018-11-01,68.39,70.26,68.24,69.95,3935400
2018-11-02,70.67,70.96,69.080002,69.62,4625500
2018-11-05,69.91,70.98,69.72,70.35,4503900
2018-11-06,67.51,71.0,67.18,70.53,4589900
2018-11-07,71.080002,71.18,68.58,69.87,6514300
2018-11-08,68.98,70.26,68.98,69.76,5343400
2018-11-09,68.84,69.53,67.89,68.49,4236000
2018-11-12,68.45,68.79,66.87,67.010002,4731200
2018-11-13,67.29,68.78,66.47,66.76,4877800
2018-11-14,67.53,68.99,66.83,67.4,4789700
2018-11-15,66.63,69.23,66.33,68.81,4314800
2018-11-16,68.47,70.31,68.39,69.62,4732700
2018-11-19,69.29,69.34,67.7,68.46,6012200
2018-11-20,67.94,68.11,66.71,67.11,3350700
2018-11-21,67.42,67.88,67.13,67.28,3089200
2018-11-23,66.49,66.66,65.65,65.81,1888800
2018-11-26,66.28,67.099998,65.84,66.62,3213700
2018-11-27,66.5,67.07,65.94,66.75,2156900
2018-11-28,67.0,68.07,66.22,68.07,2258200
2018-11-29,67.75,67.94,66.98,67.33,3108900
2018-11-30,67.15,67.65,66.42,67.52,3467100
2018-12-03,69.38,69.95,68.4,68.86,5009600
2018-12-04,68.66,69.19,65.58,65.65,6547400
2018-12-06,64.18,64.34,62.040001,63.79,8001900
2018-12-07,63.89,64.87,62.79,62.95,5232300
2018-12-10,62.48,63.040001,61.14,62.55,4061000
2018-12-11,63.71,64.0,61.71,62.28,3220500
2018-12-12,60.67,62.14,60.57,61.080002,7496900
2018-12-13,61.46,61.67,60.5,60.73,6478100
2018-12-14,60.13,60.93,59.96,60.44,6152200
2018-12-17,60.099998,60.21,58.27,58.72,7234700
2018-12-18,59.2,59.97,58.13,58.49,6674400
2018-12-19,58.49,59.94,57.11,57.68,5091700
2018-12-20,57.22,57.63,56.18,56.7,7058300
2018-12-21,56.7,57.97,56.6,56.87,10205400
2018-12-24,56.33,56.85,55.45,55.49,3719800
2018-12-26,55.9,58.52,55.39,58.47,5450900
2018-12-27,57.51,59.33,57.25,59.33,5717000
2018-12-28,59.5,60.029999,58.92,59.13,4261700
2018-12-31,59.37,59.88,59.09,59.75,4149400
2019-01-02,58.8,59.82,58.54,59.75,3341800
2019-01-03,59.34,60.15,58.23,58.46,5843100
2019-01-04,59.2,59.9,58.75,59.72,5663500
2019-01-07,60.0,60.82,59.48,60.17,6251100
2019-01-08,60.78,61.31,60.02,60.67,3952900
2019-01-09,61.24,61.88,61.13,61.4,3662600
2019-01-10,60.79,62.48,60.79,62.11,2836400
2019-01-11,61.89,62.16,61.41,62.02,2250700
2019-01-14,61.47,62.02,61.18,61.69,2693600
2019-01-15,61.87,61.98,61.080002,61.52,2649600
2019-01-16,61.5,61.61,61.19,61.38,2644300
2019-01-17,60.98,62.36,60.85,62.0,5191200
2019-01-18,62.44,64.11,62.44,63.68,4507800
2019-01-22,63.15,63.26,62.080002,63.0099983,5795200
2019-01-23,63.21,63.55,61.94,62.4,2989300
2019-01-24,62.4,63.12,62.27,63.040001,2974400
2019-01-25,63.94,64.23,63.66,63.94,2060600
2019-01-28,63.16,63.22,62.02,62.41,4324400
2019-01-29,63.040001,63.57,62.69,63.43,3200200
2019-01-30,64.27,65.9,64.080002,65.69,5843000
2019-01-31,65.75,65.91,65.080002,65.47,6009000
2019-02-01,65.96,66.68,65.55,66.65,3806800
2019-02-04,66.75,67.78,66.28,67.65,6672900
2019-02-05,66.11,67.28,65.2,66.9,7144500
2019-02-06,67.07,67.23,66.25,67.010002,5068300
2019-02-07,66.5,66.82,65.9,66.34,4039900
2019-02-08,66.019997,66.81,65.75,66.74,4531900
2019-02-11,66.87,67.099998,66.49,66.92,2706200
2019-02-12,67.55,68.32,67.22,68.07,2708500
2019-02-13,68.44,68.58,68.010002,68.41,3173700
2019-02-14,67.56,67.62,66.46,66.48,4359800
2019-02-15,67.13,68.38,66.88,68.31,3901300
2019-02-19,67.99,68.21,67.44,67.89,2479300
2019-02-20,68.019997,68.71,67.88,68.58,3851400
2019-02-21,68.18,68.36,67.57,67.74,2549900
2019-02-22,68.11,68.57,67.94,68.55,2354900
2019-02-25,69.0,69.29,68.57,68.75,2785800
2019-02-26,68.36,68.83,68.29,68.34,2099800
2019-02-27,68.2,68.66,67.95,68.54,1439100
2019-02-28,68.39,68.49,67.96,68.15,2626500
2019-03-01,68.64,68.91,68.029999,68.4,2778000
2019-03-04,68.79,69.040001,67.53,68.059998,2941100
2019-03-05,67.97,68.18,67.71,67.73,2415200
2019-03-06,67.89,68.0,67.6,67.7,2943000
2019-03-07,67.6,67.6,66.41,67.3,3593800
2019-03-08,66.44,66.82,65.91,66.6,3876300
2019-03-11,66.39,67.47,66.38,67.44,3830700
2019-03-12,67.58,67.98,67.24,67.32,3048500
2019-03-13,67.69,68.32,67.56,67.92,3967900
2019-03-14,67.82,68.010002,67.38,67.48,3077200
2019-03-15,67.54,67.61,66.92,67.33,11044500
2019-03-18,67.44,68.91,67.44,68.79,4139300
2019-03-19,69.2,69.34,68.14,68.42,2446800
2019-03-20,68.35,68.9,67.68,68.28,3903700
2019-03-21,68.010002,69.42,67.81,69.26,3603800
2019-03-22,68.76,68.94,66.8,66.86,3482300
2019-03-25,66.8,67.18,66.17,66.48,3626100
2019-03-26,67.11,67.63,66.84,67.28,2068100
2019-03-27,67.34,67.47,66.77,67.15,1723800
2019-03-28,67.21,67.84,67.0,67.56,1782300
2019-03-29,68.23,68.52,67.93,68.47,3034900
2019-04-01,69.59,70.23,69.16,70.13,2822400
2019-04-02,70.17,70.3,69.5,69.93,2726200
2019-04-03,70.4,70.99,69.99,70.77,2916100
2019-04-04,70.88,71.16,70.3,71.12,2190000
2019-04-05,71.41,71.46,70.74,71.14,1981000
2019-04-08,71.51,71.73,70.79,71.71,2351900
2019-04-09,71.57,71.58,70.74,70.81,2300700
2019-04-10,71.029999,71.47,70.61,71.13,1750200
2019-04-11,71.27,71.59,71.059998,71.46,1489900
2019-04-12,72.11,72.4,71.7,72.099998,1784900
2019-04-15,72.07,72.11,71.49,71.8,1395700
2019-04-16,72.050003,72.29,71.86,72.18,1676600
2019-04-17,72.79,73.040001,72.27,72.31,2530600
2019-04-18,72.59,72.95,72.31,72.51,3219600
2019-04-22,72.11,72.97,71.8,72.73,2458200
2019-04-23,72.67,73.24,72.34,73.16,2145300
2019-04-24,72.92,73.15,72.4,72.53,2740700
2019-04-25,72.22,72.22,70.8,71.28,2809600
2019-04-26,71.46,71.73,71.14,71.72,2175100
2019-04-29,71.72,71.79,70.44,71.07,3209900
2019-04-30,70.9,71.050003,69.64,70.99,4805200
2019-05-01,71.099998,71.32,70.25,70.28,2251700
2019-05-02,70.24,70.6,69.53,70.099998,3067100
2019-05-03,70.5,71.19,70.5,71.099998,2516300
2019-05-06,69.74,70.41,69.15,70.15,3327000
2019-05-07,67.5,68.41,66.33,67.53,5980700
2019-05-08,67.33,67.49,66.2,66.29,4312100
2019-05-09,65.61,66.88,65.27,66.8,2902300
2019-05-10,66.25,67.15,65.059998,66.93,2799700
2019-05-13,65.55,65.58,64.14,64.64,2737300
2019-05-14,65.25,65.86,64.88,65.15,2151100
2019-05-15,64.52,65.95,64.28,65.55,2037200
2019-05-16,65.54,65.85,65.16,65.66,2373900
2019-05-17,64.89,65.54,64.68,64.82,2689000
2019-05-20,64.43,64.53,63.58,63.9,3454800
2019-05-21,64.33,65.62,64.31,65.33,3715500
2019-05-22,65.059998,65.19,64.6,64.67,2579300
2019-05-23,63.85,63.85,62.0,62.68,2950300
2019-05-24,63.36,63.49,62.38,62.53,2630600
2019-05-28,62.76,63.0,61.18,61.2,3908000
2019-05-29,60.62,61.29,60.38,60.99,4191700
2019-05-30,61.29,61.81,60.98,61.2,2125500
2019-05-31,60.43,61.049999,60.13,60.24,3938000
2019-06-03,60.27,61.24,60.11,60.58,3198000
2019-06-04,61.4,62.56,61.02,62.46,3262600
2019-06-05,63.07,63.53,62.34,63.29,5091500
2019-06-06,63.29,63.44,62.0099983,62.65,3169800
2019-06-07,62.98,64.16,62.83,63.68,3463300
2019-06-10,64.16,65.2,64.019997,64.63,2995200
2019-06-11,65.34,65.64,63.43,63.46,3892500
2019-06-12,63.19,63.43,62.34,62.74,3710900
2019-06-13,63.17,63.36,62.75,63.2,2762600
2019-06-14,63.040001,63.11,62.02,62.77,2822300
2019-06-17,62.83,63.049999,62.52,62.68,2968700
2019-06-18,63.16,64.46,62.96,63.96,3877700
2019-06-19,64.14,64.3,63.34,63.48,2695200
2019-06-20,64.67,65.63,63.99,65.51,3797500
2019-06-21,65.5,66.11,65.2,65.63,4356400
2019-06-24,65.64,65.89,65.33,65.41,2717200
2019-06-25,65.49,65.58,65.15,65.29,2093800
2019-06-26,65.53,66.11,65.35,65.85,2602600
2019-06-27,66.11,66.45,65.7,66.099998,3291100
2019-06-28,66.23,67.050003,66.059998,66.72,7115000
2019-07-01,67.9,68.07,66.44,66.71,2895700
2019-07-02,66.46,66.59,65.69,66.3,3214500
2019-07-03,66.46,66.56,65.58,66.19,1596700
2019-07-05,65.47,65.79,64.2,65.4,2277200
2019-07-08,65.089996,65.66,64.66,64.85,2143400
2019-07-09,64.33,64.67,63.79,64.25,2254800
2019-07-10,64.71,64.85,63.51,63.7,2723400
2019-07-11,63.8,64.27,63.45,64.16,2078000
2019-07-12,64.6,66.019997,64.5,65.69,2595300
2019-07-15,65.87,65.97,65.29,65.69,1617900
2019-07-16,65.61,66.83,65.43,66.24,1892800
2019-07-17,66.07,66.18,64.58,64.67,2174900
2019-07-18,64.47,64.64,63.97,64.23,3047500
2019-07-19,64.85,65.61,64.59,65.29,2929200
2019-07-22,65.41,65.75,64.99,65.4,2216000
2019-07-23,65.8,66.87,65.5,66.85,2112900
2019-07-24,66.27,67.38,66.089996,67.26,1924400
2019-07-25,66.96,67.19,66.29,66.93,2204800
2019-07-26,66.9,67.0,66.27,66.66,2052200
2019-07-29,66.12,66.63,64.83,66.3,3196500
2019-07-30,66.2,67.36,65.8,67.29,2298100
2019-07-31,67.3,67.3,63.93,64.88,6588300
2019-08-01,64.93,65.3,62.53,62.76,4532400
2019-08-02,62.5,62.5,61.31,61.66,4570400
2019-08-05,60.34,60.6,59.040001,59.45,5653500
2019-08-06,59.86,61.26,59.27,60.82,4068500
2019-08-07,59.65,59.88,58.38,59.58,3930600
2019-08-08,60.27,60.84,59.77,60.77,3217600
2019-08-09,60.37,60.46,59.24,59.48,2948400
2019-08-12,59.21,59.35,58.2,58.29,2396900
2019-08-13,57.73,60.53,57.65,59.19,3425700
2019-08-14,58.02,58.51,57.0099983,57.14,3880600
2019-08-15,56.77,57.099998,55.98,56.41,4393400
2019-08-16,56.87,58.09,56.77,57.92,3332600
2019-08-19,59.0,59.040001,58.35,58.55,4095200
2019-08-20,58.39,58.61,57.93,57.98,2531000
2019-08-21,58.81,58.85,58.3,58.46,2645500
2019-08-22,58.72,58.96,57.95,58.2,2178200
2019-08-23,57.65,58.54,56.69,57.0,3765700
2019-08-26,57.46,57.83,56.74,57.28,3167100
2019-08-27,57.65,57.72,56.84,57.27,2600300
2019-08-28,56.95,57.93,56.64,57.83,1730300
2019-08-29,58.69,59.36,58.47,59.14,2319300
2019-08-30,59.8,59.97,59.49,59.59,2678000
2019-09-03,59.0,59.0,58.029999,58.4,3123600
2019-09-04,59.12,59.82,59.12,59.61,3244000
2019-09-05,60.63,62.13,60.5,61.84,3233400
2019-09-06,62.049999,62.39,61.65,62.25,2653500
2019-09-09,62.54,63.88,62.41,63.78,3505800
2019-09-10,63.88,64.81,63.59,64.81,3056800
2019-09-11,64.96,65.37,64.19,65.2,3047300
2019-09-12,65.0,65.52,64.41,64.71,2408500
2019-09-13,65.58,66.21,65.16,65.55,2247700
2019-09-16,65.53,65.91,65.22,65.66,2279400
2019-09-17,65.3,65.4,64.35,64.95,2217800
2019-09-18,64.57,64.92,64.019997,64.91,3519900
2019-09-19,65.099998,65.54,64.79,65.17,2067500
2019-09-20,65.35,65.74,64.51,64.95,4119400
2019-09-23,64.4,65.26,64.15,64.93,2431500
2019-09-24,65.0,65.28,63.78,63.99,3633000
2019-09-25,63.89,64.59,63.75,64.46,2329000
2019-09-26,64.48,64.48,63.83,64.19,1916600
2019-09-27,65.080002,66.8,64.0,66.4,6472400
2019-09-30,66.95,67.21,66.62,66.86,4904400
2019-10-01,67.97,68.27,65.18,65.25,7704200
2019-10-02,64.28,64.6,62.98,63.5,4156500
2019-10-03,63.099998,64.43,62.8,64.4,3202600
2019-10-04,64.36,65.2,64.36,65.19,3190200
2019-10-07,65.029999,65.49,64.44,64.45,1997800
2019-10-08,63.76,64.019997,63.099998,63.16,2502300
2019-10-09,63.68,64.12,62.98,63.62,2752000
2019-10-10,63.78,65.43,63.78,65.050003,2786400
2019-10-11,66.25,68.029999,65.97,67.040001,3737400
2019-10-14,66.61,67.38,66.54,67.21,2137300
2019-10-15,67.21,68.42,66.64,67.73,4775600
2019-10-16,67.43,68.089996,67.28,67.32,2580700
2019-10-17,67.8,68.47,67.7,68.050003,2715500
2019-10-18,67.97,68.82,67.92,68.65,3637300
2019-10-21,69.059998,69.75,68.94,69.43,2121900
2019-10-22,69.56,70.43,68.95,70.23,2188300
2019-10-23,70.25,70.63,69.92,70.56,2228500
2019-10-24,70.75,70.8,69.44,69.88,1733300
2019-10-25,70.11,71.099998,69.91,70.82,1945400
2019-10-28,71.27,71.44,70.53,70.99,2078100
2019-10-29,70.55,71.22,70.51,70.86,2401200
2019-10-30,70.75,71.050003,69.86,71.029999,1796500
2019-10-31,70.75,71.029999,69.39,70.15,2916300
2019-11-01,70.61,71.79,70.46,71.79,2897400
2019-11-04,72.47,75.54,72.29,73.22,6537200
2019-11-05,72.099998,73.93,72.0,73.79,6530800
2019-11-06,73.13,74.25,72.87,73.6,3962200
2019-11-07,73.88,74.29,73.57,73.79,2532100
2019-11-08,73.71,73.9,73.32,73.88,2206400
2019-11-11,73.29,73.89,73.17,73.81,1643100
2019-11-12,74.26,74.7,73.89,74.07,2310100
2019-11-13,73.5,73.8,73.26,73.58,2509600
2019-11-14,72.34,73.25,72.27,72.73,1990300
2019-11-15,73.39,73.7,72.99,73.53,1924800
2019-11-18,73.15,73.3,72.75,73.07,1590600
2019-11-19,73.58,73.58,72.85,73.28,2045200
2019-11-20,72.97,73.21,72.31,72.75,2073800
2019-11-21,72.94,73.6,72.53,73.56,2015500
2019-11-22,73.69,73.75,73.23,73.66,2333100
2019-11-25,74.0,74.38,73.68,74.35,1900900
2019-11-26,74.41,74.45,73.89,74.43,1984500
2019-11-27,74.43,74.53,73.87,74.44,1505100
2019-11-29,74.16,74.31,73.69,73.86,1086900
2019-12-02,73.95,74.75,73.31,73.36,2017500
2019-12-03,72.67,72.86,71.9,72.61,2119800
2019-12-04,73.27,74.19,73.080002,73.5,2463600
2019-12-05,73.99,74.11,73.38,73.98,2970000
2019-12-06,74.9,75.2,74.63,75.089996,2891700
2019-12-09,75.14,75.54,75.040001,75.16,2913100
2019-12-10,74.95,75.23,74.52,74.55,4268900
2019-12-11,74.89,75.77,74.55,75.73,2237400
2019-12-12,75.67,77.12,75.47,76.97,2496500
2019-12-13,76.53,77.24,75.59,75.98,3425600
2019-12-16,76.57,76.96,76.16,76.16,2276100
2019-12-17,76.61,76.61,76.019997,76.15,10667300
2019-12-18,76.46,76.48,75.63,76.040001,2664200
2019-12-19,76.059998,76.28,75.72,76.089996,2226900
2019-12-20,76.92,76.95,76.07,76.27,5460200
2019-12-23,76.44,76.86,76.22,76.79,1458300
2019-12-24,76.99,76.99,76.080002,76.099998,489700
2019-12-26,76.35,76.67,76.07,76.67,877400
2019-12-27,76.86,76.87,76.33,76.51,992700
2019-12-30,76.63,76.81,76.12,76.44,1254000
2019-12-31,76.36,76.75,76.029999,76.26,1655600
2020-01-02,76.57,77.5,76.28,77.48,2532300
2020-01-03,76.0,76.51,75.56,76.42,2672600
2020-01-06,75.88,77.089996,75.75,77.050003,3787200
2020-01-07,76.54,77.45,76.37,77.24,2497000
2020-01-08,77.11,77.77,76.84,77.51,2554300
2020-01-09,77.76,77.82,77.029999,77.8,2309100
2020-01-10,77.95,77.98,76.83,76.94,2628900
2020-01-13,77.15,77.44,76.95,77.39,1964500
2020-01-14,77.23,77.56,76.78,76.87,2280200
2020-01-15,76.87,77.28,76.32,76.66,2368000
2020-01-16,77.089996,77.89,77.010002,77.87,2438800
2020-01-17,77.84,78.38,77.66,77.78,5008300
2020-01-21,77.43,77.64,76.68,77.25,3146300
2020-01-22,77.78,77.8,76.87,77.019997,3024300
2020-01-23,76.61,77.71,76.029999,77.59,1819600
2020-01-24,77.83,77.83,76.23,76.7,2037700
2020-01-27,75.040001,75.23,73.73,73.74,3566000
2020-01-28,74.12,74.89,73.6,74.43,4289700
2020-01-29,74.98,75.0,73.87,73.91,3087500
2020-01-30,73.0,73.86,72.65,73.83,2659400
2020-01-31,73.31,73.7,71.2,71.63,4309900
2020-02-03,72.099998,73.34,71.74,72.6,3933500
2020-02-04,74.54,74.76,72.97,73.24,3781100
2020-02-05,74.6,76.16,74.54,76.010002,3944300
2020-02-06,76.63,76.63,74.91,75.25,2241700
2020-02-07,74.94,74.94,73.61,73.77,2283700
2020-02-10,73.46,73.76,72.77,73.39,2753100
2020-02-11,73.87,74.67,73.7,73.83,2729800
2020-02-12,74.55,75.58,74.3,75.4,3358000
2020-02-13,74.35,74.49,72.39,73.14,3549800
2020-02-14,73.059998,73.51,72.61,73.51,2797100
2020-02-18,72.26,72.71,70.7,71.44,4292400
2020-02-19,71.87,72.58,71.58,71.86,2961400
2020-02-20,71.76,72.82,71.51,72.019997,2338200
2020-02-21,71.47,72.099998,71.0,72.089996,2593400
2020-02-24,69.57,69.95,69.0,69.19,3592000
2020-02-25,69.37,69.69,66.32,66.6,4330300
2020-02-26,67.27,68.61,66.57,66.63,4798800
2020-02-27,65.050003,67.71,64.37,64.38,4641700
2020-02-28,62.45,64.22,62.11,64.11,6472800
2020-03-02,64.54,66.53,63.52,66.3,4778500
2020-03-03,66.22,67.9,63.21,63.74,5142200
2020-03-04,64.72,66.94,64.41,66.67,4313400
2020-03-05,64.51,66.5,64.26,64.73,4692900
2020-03-06,62.82,64.059998,61.22,62.14,7721400
2020-03-09,55.0,57.0,50.33,50.36,12610600
2020-03-10,52.52,53.87,49.77,53.86,10773500
2020-03-11,51.66,53.099998,50.94,52.14,11699200
2020-03-12,47.54,51.86,45.12,46.18,8994600
2020-03-13,48.8,50.33,45.3,50.33,12188100
2020-03-16,44.92,48.46,43.44,46.96,10564100
2020-03-17,47.66,48.0,45.16,47.42,8578000
2020-03-18,43.99,44.55,38.0,41.14,10350000
2020-03-19,40.52,47.97,39.3,46.02,7000900
2020-03-20,46.5,48.12,43.22,44.09,7373600
2020-03-23,42.84,43.0,37.75,38.080002,7546200
2020-03-24,40.89,44.74,40.16,44.3,5697900
2020-03-25,44.75,49.94,44.2,47.61,6407000
2020-03-26,48.69,49.36,46.23,48.8,6629700
2020-03-27,46.18,47.040001,45.099998,45.58,5209500
2020-03-30,45.96,46.98,45.26,46.63,4569000
2020-03-31,46.31,48.13,46.21,47.65,4995700
2020-04-01,44.82,45.92,43.55,45.7,4608100
2020-04-02,45.54,48.64,45.45,47.73,5714100
2020-04-03,47.78,48.69,45.37,45.72,4738900
2020-04-06,48.46,49.8,47.83,49.39,3850100
2020-04-07,52.3,53.41,50.18,50.29,4636800
2020-04-08,50.64,52.89,50.64,52.099998,3722600
2020-04-09,53.51,55.14,50.55,51.78,3978600
2020-04-13,51.45,51.6,50.02,51.19,3613000
2020-04-14,52.32,52.35,49.89,50.49,3872400
2020-04-15,48.74,49.15,46.58,47.91,4022100
2020-04-16,47.96,48.26,46.34,47.37,5423800
2020-04-17,48.98,50.71,48.98,50.54,5357600
2020-04-20,49.28,51.77,48.64,50.92,5376300
2020-04-21,50.0,51.46,49.12,50.77,7351700
2020-04-22,52.34,52.72,51.69,52.11,3726500
2020-04-23,52.6,54.19,52.6,52.91,4729000
2020-04-24,53.53,54.19,52.62,53.82,5052900
2020-04-27,53.99,56.48,53.99,56.029999,2852100
2020-04-28,57.37,58.41,56.18,57.53,3973300
2020-04-29,59.0,59.66,58.38,59.07,2902000
2020-04-30,58.14,58.34,56.72,57.029999,4807900
2020-05-01,55.87,55.99,53.38,53.79,4095900
2020-05-04,53.19,54.32,52.25,54.29,4255100
2020-05-05,55.45,55.74,54.6,54.7,3124100
2020-05-06,54.5,55.14,53.77,54.58,3597600
2020-05-07,55.86,56.25,55.060001,55.26,2763800
2020-05-08,56.34,56.45,55.7,56.099998,2938200
2020-05-11,56.27,56.39,55.27,56.02,3662500
2020-05-12,56.25,56.58,53.42,53.44,2893900
2020-05-13,53.23,53.4,51.37,51.9,3649400
2020-05-14,50.2,53.43,50.029999,53.38,4718500
2020-05-15,52.95,54.46,52.82,52.94,8300000
2020-05-18,54.97,56.83,54.97,56.42,4306100
2020-05-19,56.029999,57.16,55.38,55.7,2672600
2020-05-20,56.51,57.7,56.45,56.81,3218900
2020-05-21,56.88,57.040001,55.93,56.25,2602900
2020-05-22,56.37,56.53,55.36,55.87,4231700
2020-05-26,58.26,59.65,57.79,59.27,3461700
2020-05-27,61.029999,62.040001,60.4,61.89,4238800
2020-05-28,62.31,62.41,60.51,61.029999,3073400
2020-05-29,60.33,61.25,59.53,61.02,4713000
2020-06-01,60.81,61.23,60.12,60.4,2294900
2020-06-02,60.85,61.69,60.45,61.15,2580100
2020-06-03,62.24,63.16,62.0,62.92,2987700
2020-06-04,62.46,63.16,61.91,63.13,2606600
2020-06-05,66.050003,67.5,65.44,67.099998,4348300
2020-06-08,68.0,69.4,67.78,69.33,3853700
2020-06-09,67.7,68.12,66.8,67.51,3094800
2020-06-10,67.24,67.24,65.51,65.88,3717700
2020-06-11,62.64,63.16,60.4,60.46,4186200
2020-06-12,62.7,62.81,59.76,61.35,3067700
2020-06-15,59.39,62.85,59.21,62.27,2756900
2020-06-16,65.16,65.38,62.52,63.46,2904600
2020-06-17,63.64,63.74,62.49,62.59,2165100
2020-06-18,61.8,62.8,61.060001,61.39,2696400
2020-06-19,62.58,62.58,60.47,61.98,9674800
2020-06-22,61.45,61.85,60.26,61.44,2744500
2020-06-23,62.28,62.59,61.58,61.82,2080300
2020-06-24,61.0,61.18,59.5,59.63,3896700
2020-06-25,59.3,60.41,58.67,60.35,2337700
2020-06-26,59.89,60.37,59.27,59.87,4462100
2020-06-29,60.78,61.38,60.37,61.38,2001500
2020-06-30,61.24,62.29,60.92,62.029999,2589900
2020-07-01,62.09,62.33,60.92,61.21,2486500
2020-07-02,62.24,63.44,61.59,61.65,2327700
2020-07-06,62.88,63.040001,61.83,62.51,2543800
2020-07-07,62.09,62.25,60.63,60.82,2977800
2020-07-08,61.099998,61.34,60.52,61.09,2624600
2020-07-09,60.98,61.2,59.35,59.47,2039700
2020-07-10,59.68,59.93,59.07,59.77,2331000
2020-07-13,60.060001,61.94,59.88,60.83,3155700
2020-07-14,60.35,62.27,59.83,62.09,2889400
2020-07-15,63.48,63.96,62.57,63.63,2262600
2020-07-16,63.24,64.099998,62.79,63.14,2493400
2020-07-17,63.61,63.92,63.21,63.53,2091300
2020-07-20,62.83,63.38,62.040001,62.35,1936500
2020-07-21,63.11,64.26,63.0,63.79,2509100
2020-07-22,63.54,64.019997,63.18,63.96,2143300
2020-07-23,63.9,64.34,63.63,64.010002,1659300
2020-07-24,64.24,64.33,63.24,63.36,1427700
2020-07-27,63.16,63.61,62.75,63.41,2496600
2020-07-28,63.080002,63.42,62.19,62.27,2341100
2020-07-29,62.76,63.89,62.42,63.74,2749100
2020-07-30,62.79,62.93,61.65,62.65,2103400
2020-07-31,62.31,62.32,60.78,62.0099983,3472300
2020-08-03,62.37,63.65,62.22,62.77,2822800
2020-08-04,62.79,63.62,61.41,61.93,3501200
2020-08-05,63.13,64.97,62.79,64.69,3171200
2020-08-06,65.0,65.32,64.56,65.12,2060500
2020-08-07,65.34,66.41,64.66,66.37,3830900
2020-08-10,66.41,68.55,66.39,68.17,3431700
2020-08-11,69.94,71.54,69.91,70.29,5554800
2020-08-12,70.95,71.91,70.31,71.79,6259200
2020-08-13,70.64,71.21,69.98,70.2,3635500
2020-08-14,69.55,70.31,69.4,69.73,2018400
2020-08-17,69.99,70.51,69.040001,69.25,1435000
2020-08-18,68.91,69.44,68.29,68.36,2302500
2020-08-19,68.65,68.86,67.9,68.32,3145700
2020-08-20,67.68,67.97,67.41,67.66,2830600
2020-08-21,67.79,68.040001,67.41,67.86,2730400
2020-08-24,68.23,69.65,67.94,69.65,2539100
2020-08-25,70.29,70.49,69.11,69.78,2094900
2020-08-26,69.87,70.71,69.040001,70.27,2901700
2020-08-27,70.72,71.19,69.13,69.59,2122700
2020-08-28,69.61,70.93,69.27,70.65,2049600
2020-08-31,70.5,70.59,69.26,69.47,2387300
2020-09-01,69.46,70.17,69.040001,70.13,2255600
2020-09-02,69.79,70.97,69.71,70.7,2880900
2020-09-03,70.85,71.080002,68.18,68.74,2243200
2020-09-04,69.76,70.55,68.65,69.54,2236400
2020-09-08,68.7,69.040001,67.6,67.76,2716700
2020-09-09,68.58,69.54,68.3,68.7,1671800
2020-09-10,68.86,69.17,67.2,67.51,2226900
2020-09-11,67.91,68.48,67.49,67.92,2253600
2020-09-14,68.43,68.82,67.73,68.19,2684300
2020-09-15,68.52,69.54,68.34,68.41,2233600
2020-09-16,68.93,69.32,67.52,68.68,3143600
2020-09-17,67.93,69.38,67.23,69.089996,2398200
2020-09-18,68.73,69.62,67.75,67.85,3503600
2020-09-21,66.5,66.89,64.15,64.98,2767600
2020-09-22,64.84,65.68,64.49,65.23,2114200
2020-09-23,65.58,66.32,63.74,63.89,1918600
2020-09-24,63.71,65.099998,63.16,64.39,1646100
2020-09-25,63.69,64.64,63.61,64.33,1847500
2020-09-28,65.55,66.23,65.19,65.52,1949300
2020-09-29,65.74,65.95,64.71,65.16,1379200
2020-09-30,65.62,66.64,65.029999,65.57,2687100
2020-10-01,66.23,66.34,64.16,64.63,2314800
2020-10-02,63.38,66.31,63.26,65.54,2090100
2020-10-05,66.5,67.84,66.31,67.59,2295300
2020-10-06,67.78,69.13,67.17,67.28,2160900
2020-10-07,68.21,69.07,67.87,68.88,1883300
2020-10-08,69.23,69.58,68.7,69.28,1627100
2020-10-09,70.0,71.2,69.91,69.95,3006300
2020-10-12,70.3,70.47,69.21,69.58,1999800
2020-10-13,69.65,69.98,68.45,68.89,1879000
2020-10-14,69.080002,70.14,69.080002,69.38,1914100
2020-10-15,68.42,69.6,68.31,69.58,2020600
2020-10-16,70.0,70.8,69.87,70.28,2848200
2020-10-19,70.33,70.73,69.74,69.96,3219500
2020-10-20,70.39,71.089996,69.74,70.0,1882800
2020-10-21,69.39,70.32,69.089996,69.21,2525600
2020-10-22,69.57,69.87,69.21,69.76,1556800
2020-10-23,70.48,70.9,69.69,70.019997,2044800
2020-10-26,69.18,69.18,67.050003,67.73,2515000
2020-10-27,67.57,68.050003,66.84,66.92,3109900
2020-10-28,65.22,66.15,64.49,64.99,3326000
2020-10-29,64.53,65.5,64.15,64.44,4505500
2020-10-30,64.41,64.81,63.65,64.79,3902900
2020-11-02,65.9,68.35,65.74,67.96,5200400
2020-11-03,68.2,70.87,68.07,70.4,4692000
2020-11-04,68.67,69.92,66.5,68.15,4053500
2020-11-05,69.86,71.23,69.17,70.47,2700700
2020-11-06,70.56,70.7,69.56,70.12,2348900
2020-11-09,75.0,77.56,75.0,76.29,6659400
2020-11-10,76.56,77.91,75.97,77.44,3291200
2020-11-11,77.18,77.4,74.78,74.9,3441200
2020-11-12,74.42,74.75,73.47,74.23,2387300
2020-11-13,74.61,75.92,74.61,75.81,1788800
2020-11-16,77.23,78.14,76.51,77.99,2742300
2020-11-17,77.75,77.88,75.82,76.39,2269800
2020-11-18,76.78,78.11,76.41,76.89,2559500
2020-11-19,76.68,77.36,75.89,77.24,1563300
2020-11-20,77.0,77.050003,75.47,75.96,1810700
2020-11-23,76.62,77.99,76.52,77.81,2205800
2020-11-24,78.99,80.19,78.51,79.95,4222500
2020-11-25,79.32,79.46,78.21,78.26,1658700
2020-11-27,78.73,79.089996,77.84,78.16,664100
2020-11-30,78.0,78.0,75.97,76.82,2724600
2020-12-01,77.95,78.34,75.65,75.77,3076700
2020-12-02,74.55,76.15,74.5,75.9,3035300
2020-12-03,75.94,76.37,75.36,75.48,2582700
2020-12-04,75.71,80.44,75.58,80.099998,5503000
2020-12-07,79.83,79.97,78.25,79.17,4038900
2020-12-08,78.22,81.48,78.11,81.34,3918000
2020-12-09,81.37,82.0,80.73,81.6,3746700
2020-12-10,81.35,81.84,80.64,81.36,2990200
2020-12-11,80.59,82.65,80.5,82.42,3870800
2020-12-14,82.82,83.14,80.32,80.41,3428200
2020-12-15,82.75,82.96,80.86,82.44,3103900
2020-12-16,81.97,82.38,80.59,81.28,1852800
2020-12-17,81.92,82.19,80.44,81.16,2528200
2020-12-18,81.11,81.51,80.059998,80.9,5390200
2020-12-21,79.029999,81.15,78.41,80.57,3195300
2020-12-22,80.3,80.5,79.050003,79.33,2860600
2020-12-23,79.99,80.44,79.33,80.019997,2551100
2020-12-24,80.49,80.49,79.54,79.98,456600
2020-12-28,80.55,81.29,79.85,79.87,1736300
2020-12-29,80.52,80.56,78.44,79.24,1318300
2020-12-30,79.67,80.23,79.44,79.82,1169900
2020-12-31,80.12,80.48,79.11,80.37,1239800
2021-01-04,80.58,80.96,77.76,78.010002,2227700
2021-01-05,78.18,79.75,78.010002,79.36,2687600
2021-01-06,80.26,83.12,80.21,82.029999,3791000
2021-01-07,82.69,83.17,81.4,82.07,2435600
2021-01-08,82.57,82.67,80.6,81.82,2156900
2021-01-11,80.79,83.12,80.51,82.62,1749700
2021-01-12,82.62,84.28,82.52,83.97,2646300
2021-01-13,84.18,84.44,82.43,82.64,2189200
2021-01-14,82.88,83.91,82.62,83.34,1883200
2021-01-15,83.97,83.97,81.78,82.75,2926900
2021-01-19,85.0,85.39,83.42,83.43,2981000
2021-01-20,83.6,84.72,83.22,84.39,2377900
2021-01-21,84.52,84.88,83.74,84.26,1796500
2021-01-22,83.54,84.26,82.29,83.73,2432200
2021-01-25,83.25,83.5,81.53,82.48,2137500
2021-01-26,82.98,83.040001,81.67,81.89,2010900
2021-01-27,80.14,80.88,78.33,79.52,4835500
2021-01-28,80.45,82.49,79.82,81.080002,2530300
2021-01-29,80.64,81.52,78.95,79.35,3545400
2021-02-01,80.3,81.48,79.28,80.82,3674900
2021-02-02,83.37,84.81,83.0,83.78,4023200
2021-02-03,83.6,83.73,82.059998,83.68,3728700
2021-02-04,84.51,85.13,83.73,84.16,4457100
2021-02-05,85.040001,86.61,84.59,86.11,3833100
2021-02-08,86.55,87.07,85.78,86.52,3248500
2021-02-09,86.42,86.52,85.45,85.9,1565700
2021-02-10,86.28,86.43,84.96,85.059998,2540300
2021-02-11,85.29,85.72,83.64,85.16,1622400
2021-02-12,84.58,85.58,84.56,85.33,1400800
2021-02-16,86.0,86.2,84.92,85.07,2751300
2021-02-17,84.93,85.41,84.21,84.87,1835400
2021-02-18,84.45,84.63,83.65,84.38,1334800
2021-02-19,84.75,86.12,84.63,85.45,2461800
2021-02-22,85.44,86.89,84.33,86.17,2044000
2021-02-23,85.96,87.16,85.5,86.8,2665000
2021-02-24,87.050003,89.099998,86.94,88.97,2827300
2021-02-25,88.47,88.63,86.89,87.33,2783000
2021-02-26,87.36,87.88,85.87,85.9,3235700
2021-03-01,87.07,89.17,86.92,88.44,1844700
2021-03-02,88.33,88.87,87.45,87.63,2024900
2021-03-03,87.83,89.53,87.39,88.53,3487400
2021-03-04,88.46,89.92,86.76,88.49,3805000
2021-03-05,89.79,91.27,88.059998,91.040001,3299000
2021-03-08,92.0,93.38,91.080002,92.13,3993900
2021-03-09,92.65,92.94,89.98,90.0,3371300
2021-03-10,90.35,92.14,90.080002,91.72,3057500
2021-03-11,92.040001,92.75,91.019997,91.31,2660000
2021-03-12,91.45,92.25,91.13,92.2,2440200
2021-03-15,91.75,92.38,89.64,90.92,2675000
2021-03-16,90.55,90.75,88.54,89.059998,3362200
2021-03-17,89.11,90.69,89.0,90.52,2364900
2021-03-18,90.39,91.81,89.22,89.46,2301500
2021-03-19,88.97,89.42,87.26,88.49,10934600
2021-03-22,88.68,89.88,87.79,89.35,2199000
2021-03-23,88.45,89.72,86.85,87.22,2643100
2021-03-24,88.0,89.92,88.0,88.059998,2166900
2021-03-25,87.62,89.44,86.75,89.19,2156800
2021-03-26,90.089996,91.7,89.57,91.57,4093300
2021-03-29,91.029999,92.25,90.76,91.23,3267300
2021-03-30,91.52,91.91,90.65,91.14,2598500
2021-03-31,91.14,91.65,90.010002,90.22,3555500
2021-04-01,90.17,90.62,89.55,90.41,3358500
2021-04-05,91.16,92.55,91.15,91.61,3658800
2021-04-06,91.83,92.63,91.13,91.47,2843700
2021-04-07,91.32,91.94,90.58,91.089996,2847400
2021-04-08,91.029999,91.21,90.040001,91.040001,2422300
2021-04-09,91.47,92.63,90.93,91.94,3256300
2021-04-12,91.9,92.37,91.58,92.010002,2258600
2021-04-13,91.49,91.65,89.96,90.63,2728300
2021-04-14,90.54,91.83,90.48,91.54,2889500
2021-04-15,92.17,92.3,90.84,91.72,3053000
2021-04-16,92.69,93.27,91.81,92.2,2468700
2021-04-19,92.2,92.66,91.11,91.79,2532700
2021-04-20,91.41,91.7,89.91,90.83,2726300
2021-04-21,90.6,92.25,90.43,92.11,2373700
2021-04-22,92.47,92.47,91.42,91.52,2526100
2021-04-23,91.91,92.88,91.35,92.46,2374100
2021-04-26,92.77,93.57,92.089996,92.13,2246700
2021-04-27,92.29,92.41,91.39,92.16,1925700
2021-04-28,92.11,92.69,91.78,92.080002,1449000
2021-04-29,92.85,92.91,91.88,92.79,1611700
2021-04-30,92.12,92.45,90.13,90.49,2537900
2021-05-03,91.67,91.93,90.69,90.93,2396400
2021-05-04,90.51,91.27,89.58,91.11,3092500
2021-05-05,89.77,91.39,89.029999,90.89,4966300
2021-05-06,91.52,93.86,91.010002,93.72,4282700
2021-05-07,93.66,95.26,92.61,95.050003,3415600
2021-05-10,95.6,96.9,95.37,95.38,2357600
2021-05-11,94.5,95.65,93.77,95.26,3358400
2021-05-12,95.19,95.45,93.19,93.35,4069900
2021-05-13,92.92,95.12,92.79,94.71,2292600
2021-05-14,95.34,96.17,94.96,95.84,1942200
2021-05-17,95.73,96.050003,94.93,95.52,2305100
2021-05-18,95.62,95.89,94.080002,94.22,1993500
2021-05-19,92.65,93.35,91.75,93.32,2750600
2021-05-20,93.55,93.77,92.8,93.44,2146000
2021-05-21,93.98,94.64,92.94,93.65,2421900
2021-05-24,94.15,94.53,93.31,94.010002,1872800
2021-05-25,94.019997,94.63,93.26,93.41,1991100
2021-05-26,93.34,93.75,92.61,93.31,1982400
2021-05-27,94.53,95.66,94.11,95.45,3795300
2021-05-28,95.74,96.0,94.96,95.69,2555500
2021-06-01,96.91,97.24,96.28,97.099998,2408800
2021-06-02,97.17,97.58,96.47,97.48,2303400
2021-06-03,97.31,97.97,96.66,97.5,1911400
2021-06-04,98.0,98.74,97.75,98.21,1770100
2021-06-07,98.36,98.41,97.27,97.87,1916600
2021-06-08,97.8,99.089996,97.2,98.51,2793100
2021-06-09,98.28,98.36,97.47,97.9,1843900
2021-06-10,98.48,98.88,97.45,97.59,2099000
2021-06-11,97.94,98.080002,96.59,97.029999,2144300
2021-06-14,96.64,97.41,96.19,97.38,2497200
2021-06-15,97.62,98.65,97.18,98.61,3647800
2021-06-16,98.52,98.97,97.58,98.24,3527700
2021-06-17,98.31,98.31,93.86,94.019997,3278200
2021-06-18,92.29,93.25,92.07,92.27,5239900
2021-06-21,93.22,95.080002,93.010002,94.93,2580100
2021-06-22,94.75,95.52,93.96,94.78,2058300
2021-06-23,95.11,96.029999,94.45,94.5,2234900
2021-06-24,94.97,95.42,94.14,95.35,2585100
2021-06-25,95.76,96.49,95.47,96.0,2076200
2021-06-28,96.23,96.27,94.66,95.029999,1726300
2021-06-29,95.94,96.47,94.46,94.69,3409300
2021-06-30,94.46,96.43,94.46,96.24,2283100
2021-07-01,97.010002,97.59,96.72,96.92,1904800
2021-07-02,96.91,97.71,96.35,97.44,1347500
2021-07-06,97.3,97.3,94.77,95.7,2286500
2021-07-07,95.45,97.24,95.33,97.07,2143600
2021-07-08,95.4,96.58,94.71,96.029999,1659100
2021-07-09,97.41,98.14,97.21,97.61,2143700
2021-07-12,97.61,98.79,96.75,98.61,2339500
2021-07-13,98.61,98.61,97.66,97.8,2210600
2021-07-14,98.2,98.9,97.88,98.059998,2815100
2021-07-15,97.61,98.85,97.4,98.52,2003200
2021-07-16,99.0,99.089996,97.040001,97.26,4560900
2021-07-19,95.69,96.040001,93.33,93.81,3795100
2021-07-20,93.94,97.35,93.88,97.13,3335200
2021-07-21,97.63,98.54,97.39,98.27,1799700
2021-07-22,98.49,98.5,97.25,97.44,1150500
2021-07-23,97.97,98.65,97.25,98.48,1657000
2021-07-26,98.48,99.2,97.82,98.34,1258500
2021-07-27,97.77,99.13,97.15,98.34,1515900
2021-07-28,98.22,98.92,97.059998,98.36,1742400
2021-07-29,99.44,100.21,98.56,100.0,2445600
2021-07-30,99.77,101.029999,99.47,100.89,2807100
2021-08-02,101.65,102.42,99.63,99.72,1970300
2021-08-03,100.089996,101.29,99.18,101.16,2193100
2021-08-04,97.7,101.82,97.7,100.2,1928500
2021-08-05,101.4,102.07,100.7,101.059998,2086300
2021-08-06,101.96,102.34,100.96,101.44,1708000
2021-08-09,101.38,101.46,100.62,101.16,1314500
2021-08-10,101.5,103.24,101.14,103.07,2247000
2021-08-11,103.07,104.36,102.8,104.28,2185200
2021-08-12,103.7,104.25,103.07,104.11,1920400
2021-08-13,103.94,104.18,103.29,103.74,1183600
2021-08-16,103.42,103.82,102.57,103.64,1339400
2021-08-17,102.97,103.35,101.69,102.71,2006500
2021-08-18,102.26,103.019997,101.52,101.63,1336500
2021-08-19,100.76,101.96,99.78,101.23,2820000
2021-08-20,101.059998,102.23,101.059998,101.7,1389600
2021-08-23,102.38,103.43,102.38,102.6,1786000
2021-08-24,102.92,104.040001,102.92,103.42,1542200
2021-08-25,103.13,104.61,102.9,104.2,1777100
2021-08-26,104.14,104.55,103.82,104.14,1242600
2021-08-27,104.51,105.029999,104.49,104.77,2003600
2021-08-30,105.0,105.92,104.41,105.27,1707000
2021-08-31,105.41,105.62,104.5,105.5,3392000
2021-09-01,105.68,105.93,103.69,104.050003,2963800
2021-09-02,104.58,105.7,104.46,105.7,1723300
2021-09-03,105.81,105.99,104.9,105.38,2008600
2021-09-07,105.059998,105.089996,103.64,103.67,1722900
2021-09-08,103.2,103.68,102.5,103.099998,2060900
2021-09-09,103.32,103.32,99.91,100.080002,4196200
2021-09-10,101.029999,101.48,99.92,100.089996,2428000
2021-09-13,100.82,101.3,98.4,99.16,3633700
2021-09-14,99.57,99.79,97.29,97.65,3967300
2021-09-15,97.66,99.55,97.14,99.33,3600200
2021-09-16,99.53,99.54,98.21,98.78,1871700
2021-09-17,97.12,98.22,96.0,96.46,4932800
2021-09-20,94.65,94.98,93.25,94.67,2992300
2021-09-21,95.15,95.43,93.6,93.71,2204400
2021-09-22,94.57,96.2,94.52,95.5,2729400
2021-09-23,96.29,97.77,96.12,96.96,2367500
2021-09-24,96.51,97.39,96.17,96.31,1712200
2021-09-27,96.47,97.62,96.47,96.73,2440000
2021-09-28,96.33,96.94,95.54,95.67,2093700
2021-09-29,95.87,96.2,95.28,95.64,2622800
2021-09-30,96.27,96.31,94.17,94.2,2659900
2021-10-01,94.44,95.63,93.57,95.16,2748300
2021-10-04,94.81,95.54,93.26,93.64,3906200
2021-10-05,93.93,96.0,93.63,95.48,2265100
2021-10-06,94.64,95.92,93.84,95.64,2855600
2021-10-07,97.07,99.17,97.07,97.34,3956200
2021-10-08,96.61,97.53,95.99,96.64,3192400
2021-10-11,92.63,95.76,92.59,94.18,4300200
2021-10-12,94.64,95.099998,92.11,92.32,3533500
2021-10-13,92.79,92.79,90.36,91.87,4837600
2021-10-14,93.57,95.16,92.96,94.75,4219200
2021-10-15,95.56,96.56,95.17,95.73,5417300
2021-10-18,95.21,95.84,94.72,95.77,2371200
2021-10-19,96.44,96.59,95.63,96.42,1906300
2021-10-20,97.0,97.69,96.41,97.27,1912600
2021-10-21,96.79,97.010002,95.79,96.65,2002300
2021-10-22,97.0,97.58,96.27,96.64,1728100
2021-10-25,96.43,97.29,95.98,96.55,2047300
2021-10-26,97.089996,98.37,96.52,97.099998,2841000
2021-10-27,97.13,98.0,96.13,96.15,1925800
2021-10-28,96.57,97.88,96.4,97.51,1587700
2021-10-29,97.2,98.029999,96.5,97.010002,2635800
2021-11-01,97.81,98.43,97.24,97.9,1842800
2021-11-02,98.15,100.47,97.63,100.15,3695400
2021-11-03,94.77,99.0,94.0,95.27,4225200
2021-11-04,96.37,97.49,95.9,97.16,2789500
2021-11-05,98.16,98.77,97.3,97.93,1793400
2021-11-08,99.15,99.45,97.52,97.75,2977300
2021-11-09,98.0,98.54,96.84,97.5,3974700
2021-11-10,96.93,97.49,96.43,97.029999,1930200
2021-11-11,97.53,97.61,96.74,97.29,1635000
2021-11-12,97.64,97.74,96.82,97.42,1824400
2021-11-15,97.66,97.66,96.010002,96.38,1544100
2021-11-16,96.68,97.28,95.97,96.21,2395700
2021-11-17,96.54,96.69,94.15,94.31,4046800
2021-11-18,94.33,95.52,93.62,94.57,5096200
2021-11-19,94.37,94.91,93.32,93.34,4019900
2021-11-22,94.07,95.99,93.86,94.44,5223200
2021-11-23,94.48,95.050003,93.98,94.47,3099500
2021-11-24,93.98,95.15,93.98,94.23,2738400
2021-11-26,91.73,91.76,89.9,90.31,2767500
2021-11-29,91.31,92.19,90.23,90.86,3420200
2021-11-30,90.0,90.72,87.61,87.84,5950100
2021-12-01,89.9,90.45,86.72,86.79,4779500
2021-12-02,87.68,91.040001,87.54,90.38,4290600
2021-12-03,90.81,91.42,89.29,90.28,2907500
2021-12-06,91.26,92.14,90.23,90.94,2592900
2021-12-07,91.84,92.92,91.53,92.23,3456700
2021-12-08,92.43,92.84,92.029999,92.48,2265800
2021-12-09,92.099998,92.74,91.81,91.99,2044100
2021-12-10,92.36,92.98,91.89,92.59,2883100
2021-12-13,92.73,93.050003,91.9,92.33,2612900
2021-12-14,91.59,92.81,90.84,91.35,3204800
2021-12-15,91.54,92.9,91.16,92.73,2550800
2021-12-16,93.85,94.85,93.23,93.89,2943900
2021-12-17,93.17,93.42,90.41,90.69,6637400
2021-12-20,89.29,90.0,88.54,89.46,3041300
2021-12-21,90.17,91.21,90.14,91.029999,2816500
2021-12-22,90.69,91.35,89.55,89.87,3615200
2021-12-23,90.24,91.71,90.17,91.28,2367800
2021-12-27,91.34,92.28,91.31,92.17,1626500
2021-12-28,92.36,93.099998,92.34,92.89,1271500
2021-12-29,92.54,93.25,92.27,92.95,1434200
2021-12-30,93.12,93.66,92.51,92.66,1202200
2021-12-31,92.45,93.43,92.2,92.97,1283500
2022-01-03,93.3,93.42,91.059998,91.76,2435900
2022-01-04,93.25,96.27,92.49,95.83,4466700
2022-01-05,97.059998,97.99,95.56,95.69,4180000
2022-01-06,95.91,96.89,95.27,96.23,2477000
2022-01-07,96.55,96.97,95.61,95.69,2863600
2022-01-10,95.21,95.61,94.19,95.3,2840000
2022-01-11,95.75,96.59,94.64,96.38,2144300
2022-01-12,97.29,97.73,96.26,96.92,2191200
2022-01-13,97.21,98.3,96.93,97.28,2131900
2022-01-14,96.4,97.58,95.69,97.47,2624400
2022-01-18,96.77,97.14,95.65,96.37,2777100
2022-01-19,96.56,96.94,94.84,94.92,2145000
2022-01-20,95.2,96.3,93.45,93.65,2417700
2022-01-21,93.84,94.71,92.67,93.2,3253500
2022-01-24,92.010002,93.42,89.66,93.040001,4210100
2022-01-25,91.41,92.050003,89.81,91.21,3723000
2022-01-26,92.37,92.86,89.93,90.58,4230000
2022-01-27,91.43,92.74,89.94,90.63,2470700
2022-01-28,90.13,90.77,88.65,90.71,2937100
2022-01-31,90.7,92.089996,89.85,91.95,3710300
2022-02-01,91.95,92.56,91.099998,92.48,4371700
2022-02-02,94.26,97.76,94.25,97.56,4920800
2022-02-03,96.42,98.48,96.28,96.59,3306500
2022-02-04,96.57,97.13,94.099998,95.38,4979300
2022-02-07,95.69,96.36,94.56,95.73,4505600
2022-02-08,96.12,97.67,95.72,97.12,4809400
2022-02-09,98.099998,98.63,97.64,98.42,3700500
2022-02-10,96.99,98.84,96.49,96.87,4274400
2022-02-11,97.050003,97.91,94.21,94.74,3620200
2022-02-14,95.07,95.07,92.95,93.97,2698400
2022-02-15,94.85,95.61,94.31,94.88,3251900
2022-02-16,94.69,96.24,94.64,95.87,3059800
2022-02-17,95.080002,95.34,92.78,93.19,2689800
2022-02-18,93.099998,93.96,92.28,92.77,2413300
2022-02-22,92.44,93.47,91.84,92.74,2891700
2022-02-23,93.07,93.099998,90.61,90.91,2687100
2022-02-24,89.39,90.39,87.95,90.0,4244300
2022-02-25,90.07,93.25,90.07,92.82,2864900
2022-02-28,91.77,93.51,91.45,92.92,3874100
2022-03-01,92.88,93.33,89.050003,89.51,3558100
2022-03-02,90.12,93.77,90.089996,93.23,3281400
2022-03-03,93.98,94.28,92.21,93.22,2510000
2022-03-04,91.64,92.13,90.8,91.58,3063600
2022-03-07,91.73,93.5,90.88,91.64,3546900
2022-03-08,92.19,96.9,92.14,93.7,4872400
2022-03-09,97.37,97.39,94.11,94.39,4150400
2022-03-10,94.12,95.0,93.61,94.74,3302200
2022-03-11,95.39,96.46,92.86,93.0,3239600
2022-03-14,93.56,94.13,91.28,92.32,3629000
2022-03-15,92.86,93.050003,91.059998,92.65,3984100
2022-03-16,93.11,94.53,91.55,93.76,4378800
2022-03-17,93.47,95.61,93.11,95.49,3643300
2022-03-18,95.35,97.28,93.87,97.0,16105100
2022-03-21,97.84,98.92,97.29,98.2,3708100
2022-03-22,98.65,98.98,97.21,98.019997,3266600
2022-03-23,97.66,98.18,97.17,97.29,2299600
2022-03-24,98.45,98.7,97.42,97.77,2122800
2022-03-25,97.76,98.58,97.47,98.51,2136000
2022-03-28,97.62,98.24,96.83,98.22,2184300
2022-03-29,98.74,99.35,96.55,99.059998,2913400
2022-03-30,98.69,99.95,98.59,98.98,1596100
2022-03-31,98.79,100.0,98.0,98.050003,2786700
2022-04-01,99.080002,99.38,97.71,98.42,2413900
2022-04-04,98.080002,98.7,97.15,98.3,2633400
2022-04-05,98.21,98.59,96.14,96.56,2741900
2022-04-06,95.4,96.76,94.84,96.18,2839200
2022-04-07,95.56,96.19,94.84,95.89,2853100
2022-04-08,96.13,96.22,94.050003,94.57,3660300
2022-04-11,94.65,94.92,92.96,93.18,2798200
2022-04-12,93.59,94.44,92.4,92.82,2193300
2022-04-13,92.86,93.71,92.46,93.31,2020200
2022-04-14,93.59,93.96,92.66,92.86,5320000
2022-04-18,92.63,94.53,92.63,93.97,2051900
2022-04-19,94.64,95.88,94.17,95.69,2314800
2022-04-20,96.52,97.57,96.51,97.14,2055400
2022-04-21,97.98,99.029999,96.46,96.71,2217600
2022-04-22,96.040001,96.33,93.47,93.6,2565500
2022-04-25,92.91,93.0,89.6,92.21,2635500
2022-04-26,91.6,92.43,89.65,89.67,2508900
2022-04-27,89.84,91.5,89.53,90.61,1992000
2022-04-28,91.28,92.56,90.15,92.31,2320500
2022-04-29,91.99,92.53,89.99,90.18,2975000
2022-05-02,89.77,91.45,88.4,90.43,3409900
2022-05-03,89.83,91.050003,88.9,90.48,3330500
2022-05-04,85.76,91.74,83.42,91.34,5737200
2022-05-05,91.26,91.83,88.2,89.23,2973100
2022-05-06,88.89,88.89,86.69,88.010002,3262300
2022-05-09,86.56,86.75,83.93,84.41,4179300
2022-05-10,85.16,85.56,83.12,83.61,3286500
2022-05-11,83.96,85.33,82.96,83.13,3788900
2022-05-12,82.42,83.059998,81.010002,82.75,3683000
2022-05-13,83.2,84.35,82.52,83.68,3580400
2022-05-16,83.57,85.029999,82.85,84.45,3454800
2022-05-17,86.29,87.27,85.77,86.39,4136200
2022-05-18,86.040001,86.28,83.21,83.56,3346400
2022-05-19,82.75,84.37,82.27,83.3,2834100
2022-05-20,83.8,84.26,81.64,83.64,3120900
2022-05-23,84.13,85.19,83.69,84.97,2822300
2022-05-24,84.29,84.71,82.42,83.89,3318300
2022-05-25,83.75,84.48,82.96,84.23,2781600
2022-05-26,85.27,87.15,85.11,86.6,3062100
2022-05-27,86.81,88.44,86.81,88.4,2004800
2022-05-31,87.46,89.54,86.85,88.66,4198500
2022-06-01,89.089996,89.46,87.63,88.57,2797300
2022-06-02,89.54,90.35,87.99,89.88,3016900
2022-06-03,89.29,90.37,89.23,90.28,2541900
2022-06-06,91.099998,91.39,90.059998,90.25,1675700
2022-06-07,89.41,91.68,89.21,91.53,2007600
2022-06-08,91.67,92.22,90.9,91.15,1704100
2022-06-09,90.22,91.27,89.84,89.94,2195100
2022-06-10,88.81,88.81,86.77,87.059998,2982400
2022-06-13,85.0,86.37,84.34,85.28,3161400
2022-06-14,85.41,86.17,83.97,84.7,2091200
2022-06-15,85.39,86.64,84.22,85.46,2630800
2022-06-16,83.3,83.79,80.75,81.0,4639300
2022-06-17,80.48,81.39,78.54,78.65,6444800
2022-06-21,79.85,81.21,79.15,80.22,3034100
2022-06-22,78.48,79.5,77.73,78.47,3985100
2022-06-23,78.59,79.019997,76.77,77.79,4619100
2022-06-24,78.72,82.089996,78.47,82.029999,5699700
2022-06-27,82.57,82.8,81.58,82.49,2643800
2022-06-28,83.089996,84.11,81.39,81.52,2934900
2022-06-29,81.58,81.64,79.84,80.51,2032600
2022-06-30,79.28,80.31,78.97,79.54,2861100
2022-07-01,79.64,81.050003,79.22,80.36,2286300
2022-07-05,78.76,79.27,77.97,79.13,3048300
2022-07-06,79.35,80.57,78.25,79.75,3111100
2022-07-07,80.47,81.0,79.72,80.87,3097400
2022-07-08,81.3,81.49,79.7,80.67,2295400
2022-07-11,79.95,80.67,79.74,80.26,1755600
2022-07-12,79.67,80.64,78.78,79.050003,2809200
2022-07-13,77.77,79.45,77.62,78.64,2632000
2022-07-14,76.77,77.75,76.16,77.67,2513200
2022-07-15,78.95,79.68,78.18,79.6,2675400
2022-07-18,80.36,80.7,79.040001,79.36,1726800
2022-07-19,80.35,82.38,80.010002,82.24,1826200
2022-07-20,82.59,82.86,81.81,82.63,1909300
2022-07-21,82.57,83.8,82.3,83.7,2042100
2022-07-22,84.11,84.33,82.49,83.099998,1932400
2022-07-25,83.5,84.43,82.82,84.19,2033800
2022-07-26,84.55,85.29,83.89,84.07,2490300
2022-07-27,84.45,86.98,84.22,86.36,2595700
2022-07-28,87.21,88.64,86.93,88.39,2960200
2022-07-29,88.72,90.5,88.51,90.07,3568200
2022-08-01,89.2,89.77,88.45,89.34,1823700
2022-08-02,88.84,89.85,88.41,89.11,2173200
2022-08-03,89.4,90.099998,88.78,89.82,1524200
2022-08-04,90.050003,90.16,89.36,89.59,2082100
2022-08-05,89.27,90.45,89.07,90.39,2425600
2022-08-08,91.13,91.22,89.43,90.029999,3600400
2022-08-09,87.69,87.91,86.080002,86.59,4884300
2022-08-10,88.35,88.35,87.040001,87.54,3428600
2022-08-11,87.97,88.83,87.4,87.49,2929400
2022-08-12,87.55,89.25,87.55,89.22,2425600
2022-08-15,88.3,88.98,87.66,88.84,2014300
2022-08-16,88.53,90.17,88.53,89.95,2817600
2022-08-17,88.82,89.37,88.36,88.86,1966600
2022-08-18,89.44,90.52,89.0,90.29,2159000
2022-08-19,89.62,89.76,88.44,88.68,1880700
2022-08-22,87.11,87.44,85.92,86.25,2500100
2022-08-23,86.36,87.56,86.17,86.73,2562000
2022-08-24,86.94,87.25,86.28,86.94,1423700
2022-08-25,87.59,88.059998,87.050003,87.97,1964100
2022-08-26,88.16,88.16,84.6,84.66,2038300
2022-08-29,83.93,85.26,83.69,84.82,2001800
2022-08-30,85.0,85.050003,82.93,83.32,2147400
2022-08-31,83.47,83.63,81.59,81.74,3576400
2022-09-01,81.040001,82.07,80.41,82.010002,2387800
2022-09-02,83.019997,83.32,81.2,81.75,4156300
2022-09-06,82.24,82.29,80.63,81.51,3096300
2022-09-07,81.29,82.64,81.019997,82.24,4764800
2022-09-08,81.79,83.72,81.57,83.67,2588000
2022-09-09,84.24,84.97,83.98,84.71,2512800
2022-09-12,85.31,85.71,84.88,85.56,2038100
2022-09-13,83.71,84.3,82.11,82.49,1993700
2022-09-14,82.38,82.76,81.53,82.3,2180500
2022-09-15,82.12,82.52,80.25,80.52,2220200
2022-09-16,79.26,79.44,77.95,78.21,5214600
2022-09-19,77.34,79.73,77.32,79.6,2484700
2022-09-20,78.77,78.83,77.15,78.019997,3269800
2022-09-21,78.86,79.080002,76.52,76.52,2235300
2022-09-22,76.48,76.98,75.5,75.53,2459500
2022-09-23,74.49,74.62,72.87,73.84,3258200
2022-09-26,73.53,74.56,72.92,73.14,2668300
2022-09-27,74.12,74.4,72.41,73.059998,2658800
2022-09-28,74.019997,75.52,73.33,75.019997,3851100
2022-09-29,74.23,74.35,73.029999,74.2,2304400
2022-09-30,74.18,74.83,73.11,73.22,2768000
2022-10-03,74.29,76.21,73.94,75.54,2950600
2022-10-04,77.18,78.52,77.050003,78.25,2947400
2022-10-05,78.99,80.34,77.84,79.77,4965800
2022-10-06,79.13,80.81,79.13,79.47,3696900
2022-10-07,78.95,79.07,76.97,77.83,4655300
2022-10-10,78.64,78.9,77.36,78.37,4016800
2022-10-11,78.0,78.9,77.31,78.0,4205900
2022-10-12,78.16,78.75,77.43,77.5,2565100
2022-10-13,76.53,81.12,76.080002,80.79,4100000
2022-10-14,81.059998,81.16,77.92,78.22,3237200
2022-10-17,79.86,80.57,79.39,80.07,2649400
2022-10-18,81.78,82.080002,80.36,81.6,2610700
2022-10-19,81.38,81.8,80.49,81.2,3058100
2022-10-20,81.25,81.72,79.64,80.15,2547500
2022-10-21,80.51,83.36,80.31,83.16,3168200
2022-10-24,83.65,84.5,83.19,83.89,2274600
2022-10-25,83.44,84.76,83.33,84.55,2385500
2022-10-26,84.97,85.95,83.99,85.2,2014700
2022-10-27,86.42,87.18,85.77,85.89,2412300
2022-10-28,86.15,87.52,85.55,87.4,2499400
2022-10-31,87.67,88.21,86.39,86.6,6653600
2022-11-01,86.4,87.23,84.18,85.85,4960400
2022-11-02,85.73,88.45,84.68,84.95,6772100
2022-11-03,84.15,88.33,84.15,87.010002,5364900
2022-11-04,88.75,89.64,88.16,89.089996,5107000
2022-11-07,89.69,91.53,89.37,91.24,3754800
2022-11-08,91.13,92.93,90.53,91.26,3714600
2022-11-09,90.11,92.25,89.99,90.12,3517100
2022-11-10,92.78,94.21,91.79,94.0,4138200
2022-11-11,94.11,96.36,94.019997,95.44,4345200
2022-11-14,94.49,96.22,94.040001,94.79,3046900
2022-11-15,95.5,97.019997,95.16,96.18,3685700
2022-11-16,96.080002,96.23,95.050003,95.23,2820600
2022-11-17,93.77,94.65,93.63,94.61,2742800
2022-11-18,95.82,96.15,93.49,93.7,4213500
2022-11-21,93.36,94.83,93.15,94.67,3054200
2022-11-22,95.25,96.3,95.18,96.019997,2571500
2022-11-23,95.9,96.61,95.2,95.89,2901000
2022-11-25,95.89,96.65,95.26,96.12,1324800
2022-11-28,94.84,95.31,93.63,94.22,3934600
2022-11-29,94.4,94.64,93.29,94.31,3414700
2022-11-30,94.46,95.77,93.27,95.77,4132900
2022-12-01,95.75,96.07,94.58,95.64,2893200
2022-12-02,94.79,97.11,94.72,96.87,3736500
2022-12-05,95.8,96.77,95.089996,95.15,3202400
2022-12-06,95.2,95.65,93.42,94.35,3281200
2022-12-07,94.010002,95.089996,93.75,94.71,4378700
2022-12-08,95.19,95.64,94.58,94.93,2718800
2022-12-09,95.21,95.89,94.050003,94.19,2579600
2022-12-12,94.59,96.2,94.36,96.15,2869500
2022-12-13,98.0,98.88,97.31,98.07,4060700
2022-12-14,98.45,99.089996,97.36,97.72,4101200
2022-12-15,96.15,96.92,94.73,95.25,4251500
2022-12-16,94.32,95.43,93.89,94.96,5704700
2022-12-19,94.98,95.93,94.33,94.58,3527500
2022-12-20,94.59,95.85,94.59,95.040001,3678300
2022-12-21,95.73,97.27,95.58,96.78,3541900
2022-12-22,96.019997,96.72,93.83,95.080002,4534200
2022-12-23,94.75,96.040001,94.59,95.54,2977700
2022-12-27,95.85,96.73,95.54,96.66,3330000
2022-12-28,96.74,97.23,95.13,95.26,2222800
2022-12-29,95.84,96.68,95.81,96.36,1830000
2022-12-30,95.95,96.25,95.14,96.059998,1422900
2023-01-03,96.6,96.99,94.95,96.11,2519100
2023-01-04,95.78,95.78,93.86,95.42,3965500
2023-01-05,94.8,95.49,93.98,95.010002,2480000
2023-01-06,96.31,98.45,95.9,97.95,2610900
2023-01-09,98.42,99.65,97.2,97.26,3147700
2023-01-10,97.32,97.94,96.84,97.82,2929300
2023-01-11,98.34,98.34,97.27,98.2,2718800
2023-01-12,99.0,99.28,98.019997,98.050003,2524600
2023-01-13,97.48,98.050003,97.050003,97.92,2229200
2023-01-17,95.45,95.45,90.43,91.24,8797700
2023-01-18,90.97,91.31,89.12,89.21,6030300
2023-01-19,88.58,88.8,86.82,86.89,4789600
2023-01-20,87.35,87.66,86.62,87.35,6212400
2023-01-23,88.24,89.9,88.07,89.0,5340500
2023-01-24,89.41,90.0,87.78,89.48,2805700
2023-01-25,88.18,89.35,88.040001,89.080002,3455900
2023-01-26,89.94,90.64,88.58,90.62,3293900
2023-01-27,90.54,90.59,89.33,89.43,3657400
2023-01-30,88.58,90.28,88.34,89.69,2965300
2023-01-31,90.0,90.43,89.019997,90.22,3698400
2023-02-01,89.52,92.29,89.38,91.62,3742500
2023-02-02,91.16,91.67,90.55,91.48,4925300
2023-02-03,90.99,91.85,90.57,91.39,3266300
2023-02-06,90.84,91.0,89.79,90.43,3252800
2023-02-07,90.14,91.6,89.45,91.18,3241500
2023-02-08,88.12,88.16,85.0,85.99,6672100
2023-02-09,86.21,86.7,84.59,85.15,6777200
2023-02-10,85.23,85.93,84.4,85.85,4813600
2023-02-13,85.87,87.16,85.67,86.91,3210000
2023-02-14,85.8,86.79,85.29,85.99,2910400
2023-02-15,85.44,87.25,85.28,86.92,3136600
2023-02-16,85.37,86.53,85.16,85.7,2096000
2023-02-17,85.33,85.81,84.43,85.44,2528900
2023-02-21,84.55,84.96,81.71,82.050003,4196700
2023-02-22,82.28,83.16,81.64,82.3,3932200
2023-02-23,83.010002,83.39,81.52,82.31,3054000
2023-02-24,81.029999,82.26,80.8,82.18,2863200
2023-02-27,83.080002,83.080002,81.98,82.099998,2910100
2023-02-28,82.12,83.050003,82.07,82.71,3177400
2023-03-01,82.69,83.62,82.39,83.059998,2960200
2023-03-02,82.72,84.050003,82.55,83.8,2186500
2023-03-03,84.25,85.67,83.35,85.54,3807100
2023-03-06,86.9,88.41,86.63,87.15,5398500
2023-03-07,87.080002,87.31,85.33,85.84,3938500
2023-03-08,85.81,86.21,84.76,85.62,3129300
2023-03-09,85.99,86.099998,83.32,83.44,2802500
2023-03-10,83.51,83.91,81.75,82.17,3784800
2023-03-13,81.18,82.65,80.7,81.9,3225900
2023-03-14,83.65,83.95,82.27,83.089996,3453900
2023-03-15,81.52,81.69,79.029999,80.53,4213600
2023-03-16,80.12,82.23,79.65,81.92,3420600
2023-03-17,81.87,81.87,79.89,80.84,9040100
2023-03-20,81.37,82.7,81.32,82.27,2469000
2023-03-21,84.4,84.96,83.58,83.99,4290800
2023-03-22,84.0,84.91,83.33,83.4,3252200
2023-03-23,83.53,84.57,82.57,83.099998,3184600
2023-03-24,82.39,82.92,81.3,82.89,2269200
2023-03-27,83.5,83.75,82.32,82.74,2233800
2023-03-28,82.98,84.0,82.98,83.7,2306700
2023-03-29,84.8,85.12,83.99,84.94,2435600
2023-03-30,85.95,86.0,85.46,85.59,1920000
2023-03-31,86.11,87.2,85.74,87.14,2674000
2023-04-03,87.15,88.5,86.89,87.24,2838700
2023-04-04,87.15,87.34,84.75,85.18,1763700
2023-04-05,84.62,84.9,82.63,83.089996,2647700
2023-04-06,82.82,83.78,82.07,83.3,2966600
2023-04-10,83.16,84.47,82.95,84.45,1997100
2023-04-11,85.0,85.34,84.24,84.44,2071100
2023-04-12,83.2,83.97,82.39,83.64,8052400
2023-04-13,84.059998,85.53,82.4,85.41,6979200
2023-04-14,85.7,87.86,85.67,86.36,6120600
2023-04-17,86.37,87.67,86.23,86.58,3005300
2023-04-18,87.77,88.45,86.89,87.27,3310700
2023-04-19,87.040001,87.2,85.64,86.37,3244500
2023-04-20,85.94,86.39,85.5,85.87,2932300
2023-04-21,86.19,86.19,85.099998,85.6,7833600
2023-04-24,85.71,86.010002,85.2,85.59,2114900
2023-04-25,85.12,85.5,84.23,84.52,2100400
2023-04-26,83.9,84.18,82.019997,82.48,3383700
2023-04-27,82.34,82.87,80.31,82.83,4838100
2023-04-28,82.44,83.54,82.31,83.26,3020300
2023-05-01,83.47,83.86,83.14,83.35,2340200
2023-05-02,82.83,83.26,81.099998,82.22,3762700
2023-05-03,85.46,87.0,83.77,83.82,6211900
2023-05-04,83.74,83.86,82.39,82.74,4498500
2023-05-05,83.92,85.07,83.68,84.4,3884800
2023-05-08,85.14,85.14,83.55,83.81,1855300
2023-05-09,83.45,84.029999,82.79,83.65,1941700
2023-05-10,84.21,84.46,81.7,82.48,2368600
2023-05-11,81.07,82.089996,81.07,81.98,1953600
2023-05-12,82.67,82.98,81.61,82.52,2625200
2023-05-15,82.79,83.82,82.21,83.12,2208800
2023-05-16,82.49,82.91,81.12,81.15,2743300
2023-05-17,81.66,82.53,81.5,82.25,2853600
2023-05-18,82.010002,82.57,81.37,82.3,3074400
2023-05-19,83.13,83.35,82.07,82.49,2489500
2023-05-22,82.67,82.9,81.26,81.71,2229300
2023-05-23,81.15,82.0,80.89,81.11,2817500
2023-05-24,80.61,80.77,78.82,78.95,2537000
2023-05-25,78.86,79.14,78.050003,79.019997,3456400
2023-05-26,79.28,79.82,79.040001,79.51,2533500
2023-05-30,79.35,79.64,77.93,78.39,2660800
2023-05-31,77.59,77.99,76.94,77.68,6147100
2023-06-01,77.96,79.64,76.96,79.35,3927800
2023-06-02,80.8,83.23,80.69,82.81,3723600
2023-06-05,83.080002,83.38,82.059998,82.19,2592300
2023-06-06,82.19,83.0,81.81,82.54,2876100
2023-06-07,82.9,84.27,82.35,84.24,3029700
2023-06-08,84.089996,84.43,83.59,84.07,3019300
2023-06-09,84.23,84.38,83.59,84.2,2039500
2023-06-12,84.19,84.36,83.69,84.07,2021900
2023-06-13,84.43,86.33,84.31,86.13,2374700
2023-06-14,86.72,87.58,85.48,85.84,2273800
2023-06-15,86.4,88.62,86.38,88.029999,4426100
2023-06-16,88.55,88.85,87.38,87.41,5522900
2023-06-20,86.64,87.050003,85.86,86.78,2254900
2023-06-21,86.15,87.59,85.97,87.45,2111100
2023-06-22,87.45,87.83,87.029999,87.42,3012400
2023-06-23,86.69,87.18,86.16,86.68,5603800
2023-06-26,87.22,88.44,86.88,88.31,2423500
2023-06-27,88.5,89.99,88.36,89.63,2571700
2023-06-28,89.66,89.94,88.97,89.35,3453900
2023-06-29,89.5,89.78,88.73,89.22,2661900
2023-06-30,89.59,90.73,89.46,90.39,2484700
2023-07-03,90.040001,91.059998,89.61,90.76,1217200
2023-07-05,90.0,90.5,89.41,89.41,1801400
2023-07-06,88.66,88.88,87.47,88.24,2197700
2023-07-07,87.83,89.56,87.81,88.94,1816500
2023-07-10,89.019997,90.019997,88.98,89.43,3332600
2023-07-11,89.9,91.95,89.9,91.8,3559100
2023-07-12,92.64,93.040001,91.64,92.12,2871500
2023-07-13,92.3,92.65,91.9,92.32,1888800
2023-07-14,92.29,92.31,91.33,92.089996,1738400
2023-07-17,91.83,92.040001,90.98,91.32,1886800
2023-07-18,91.089996,91.98,90.86,91.8,1841100
2023-07-19,91.32,91.92,90.51,91.67,1958400
2023-07-20,92.27,92.75,91.8,91.89,1844300
2023-07-21,91.82,92.050003,91.17,91.23,1643600
2023-07-24,91.6,92.57,91.57,92.24,2205400
2023-07-25,91.77,92.73,91.77,92.59,1844900
2023-07-26,91.77,92.64,91.69,92.39,1789500
2023-07-27,92.64,92.94,91.57,91.84,1869800
2023-07-28,92.53,92.65,90.58,90.97,2807600
2023-07-31,91.43,91.76,90.79,91.35,3971700
2023-08-01,90.75,91.86,90.41,91.63,3125900
2023-08-02,98.54,98.54,94.41,95.14,7346300
2023-08-03,96.11,97.3,95.46,95.89,4753700
2023-08-04,96.77,97.69,95.42,95.55,3560600
2023-08-07,96.31,97.4,96.15,97.22,2459400
2023-08-08,96.35,96.73,95.32,96.5,2099600
2023-08-09,96.74,97.4,95.97,96.040001,2246800
2023-08-10,95.46,96.45,95.12,95.51,1614600
2023-08-11,95.63,96.21,95.27,95.74,1338800
2023-08-14,95.49,95.99,95.31,95.9,2232700
2023-08-15,95.37,95.8,95.25,95.47,2026500
2023-08-16,95.38,96.68,95.38,96.010002,2493900
2023-08-17,96.85,97.31,95.7,95.73,2561000
2023-08-18,95.050003,96.26,95.0,95.79,1978800
2023-08-21,95.79,95.91,94.14,95.059998,1842900
2023-08-22,96.4,97.27,95.5,96.080002,2339300
2023-08-23,96.19,96.92,95.81,96.63,1975800
2023-08-24,96.43,97.29,95.71,95.75,2030500
2023-08-25,96.21,98.38,96.21,97.64,4124800
2023-08-28,98.39,98.82,97.94,98.12,2228800
2023-08-29,98.12,98.79,97.9,98.65,2235300
2023-08-30,98.79,99.099998,97.64,98.29,3229700
2023-08-31,98.54,99.15,98.010002,98.25,2604500
2023-09-01,98.35,99.39,98.35,98.92,1762300
2023-09-05,98.77,99.0,97.66,97.88,2897800
2023-09-06,97.73,98.95,97.51,98.67,2406300
2023-09-07,98.52,99.61,98.19,99.4,3304200
2023-09-08,99.029999,99.65,98.59,98.95,1952200
2023-09-11,99.010002,100.56,98.91,100.12,3921500
2023-09-12,100.14,100.62,99.79,99.92,2447900
2023-09-13,99.66,99.94,97.42,97.68,2497000
2023-09-14,98.4,99.059998,98.040001,98.6,2637000
2023-09-15,98.2,99.69,97.9,98.86,7276400
2023-09-18,98.87,100.38,98.78,99.61,2163200
2023-09-19,99.99,100.010002,98.14,98.82,1891700
2023-09-20,99.040001,99.67,97.89,98.010002,1646300
2023-09-21,97.79,97.84,96.44,96.49,2181300
2023-09-22,96.52,97.64,96.33,97.099998,2448700
2023-09-25,96.8,98.14,96.4,98.099998,1869200
2023-09-26,97.98,97.98,95.59,95.6,2496700
2023-09-27,96.43,97.25,95.57,96.86,2323600
2023-09-28,97.019997,97.64,96.6,97.010002,1861400
2023-09-29,97.79,97.93,96.45,96.57,2041200
2023-10-02,96.36,96.88,95.050003,95.71,2600600
2023-10-03,95.25,95.85,94.029999,94.85,2743200
2023-10-04,94.75,95.25,93.89,94.66,3361400
2023-10-05,94.3,94.67,93.34,93.59,2758400
2023-10-06,93.39,95.92,93.26,95.040001,2154700
2023-10-09,95.040001,95.99,94.77,95.87,2581100
2023-10-10,96.0,97.23,95.76,96.37,2688300
2023-10-11,96.39,97.22,96.07,97.089996,2231300
2023-10-12,97.5,97.5,95.38,96.050003,1853200
2023-10-13,96.39,96.8,94.49,94.76,2136200
2023-10-16,96.18,97.19,96.019997,96.35,2670700
2023-10-17,96.16,96.96,95.79,95.97,2196500
2023-10-18,95.2,95.2,93.64,93.7,2503400
2023-10-19,93.81,95.11,93.099998,93.14,2678600
2023-10-20,92.87,93.23,91.33,91.47,5700300
2023-10-23,91.53,91.93,90.0,90.16,2790800
2023-10-24,90.83,91.22,90.22,90.74,2566000
2023-10-25,90.67,90.67,88.4,88.83,3484300
2023-10-26,89.099998,89.37,87.94,88.6,4452200
2023-10-27,88.45,89.019997,87.53,88.029999,2429300
2023-10-30,88.45,88.6,87.26,88.45,2772900
2023-10-31,88.35,89.07,88.050003,88.97,4904100
2023-11-01,89.23,89.64,88.78,89.61,2771600
2023-11-02,89.96,91.41,89.39,91.16,4912200
2023-11-03,92.089996,92.7,91.97,91.97,2686600
2023-11-06,92.16,92.18,90.76,91.74,3004000
2023-11-07,83.8,85.099998,83.099998,84.94,9919900
2023-11-08,85.49,86.18,84.61,84.75,5833500
2023-11-09,85.5,87.21,85.0,85.2,4765100
2023-11-10,85.75,86.82,85.17,86.5,2922700
2023-11-13,86.54,86.92,85.91,86.6,3123200
2023-11-14,87.69,89.49,87.51,88.55,3645800
2023-11-15,88.42,89.4,88.089996,88.37,3273000
2023-11-16,87.74,88.24,87.17,87.5,2719600
2023-11-17,87.95,89.42,87.73,89.27,3494200
2023-11-20,89.3,89.36,88.59,88.79,2607000
2023-11-21,88.41,88.66,87.94,88.6,2467100
2023-11-22,88.55,89.14,88.019997,88.84,2778800
2023-11-24,88.71,88.97,88.31,88.51,1248100
2023-11-27,88.11,88.49,87.84,87.99,2657800
2023-11-28,87.75,88.71,87.55,87.9,3418000
2023-11-29,88.5,88.73,87.67,88.31,2128400
2023-11-30,88.78,89.099998,87.99,88.9,4201200
2023-12-01,89.26,90.31,89.050003,90.12,2650800
2023-12-04,88.74,89.17,88.17,88.91,4068900
2023-12-05,88.51,88.7,87.78,88.35,3327700
2023-12-06,88.41,88.7,87.59,87.7,3336300
2023-12-07,88.11,89.15,87.71,88.72,3577200
2023-12-08,88.92,89.86,88.53,89.55,2365900
2023-12-11,89.6,90.54,89.46,89.72,3068200
2023-12-12,89.8,90.82,89.17,90.44,2905700
2023-12-13,91.080002,92.99,90.66,92.23,4146100
2023-12-14,92.98,96.67,92.94,96.54,4417700
2023-12-15,95.58,96.56,95.3,95.65,5091600
2023-12-18,95.78,96.16,95.29,96.050003,1889700
2023-12-19,96.2,96.51,95.56,95.74,1856100
2023-12-20,95.57,96.35,94.64,94.66,1782600
2023-12-21,95.18,95.91,95.010002,95.71,2113000
2023-12-22,95.95,96.94,95.75,96.44,1634000
2023-12-26,96.78,97.69,96.67,97.52,1536400
2023-12-27,97.55,98.089996,97.3,97.6,1844400
2023-12-28,97.67,97.75,96.91,97.089996,1527700
2023-12-29,96.93,97.58,96.9,97.33,1448100
2024-01-02,96.52,96.92,95.38,95.88,2159900
2024-01-03,95.2,95.39,94.25,94.68,2199000
2024-01-04,95.010002,95.95,94.69,95.099998,2221200
2024-01-05,95.029999,95.59,94.76,95.47,1638300
2024-01-08,95.080002,95.82,94.49,95.77,2045500
2024-01-09,95.32,95.62,94.41,94.62,2378500
2024-01-10,94.55,95.019997,94.32,94.77,1665200
2024-01-11,95.010002,95.11,93.67,94.8,2066900
2024-01-12,95.44,95.63,94.48,94.87,1572100
2024-01-16,94.36,94.38,92.97,93.26,2401700
2024-01-17,92.28,92.9,91.99,92.42,2894200
2024-01-18,92.91,93.81,92.6,93.68,2426300
2024-01-19,93.52,95.0,93.080002,94.91,5133600
2024-01-22,95.099998,96.37,95.099998,96.14,2862900
2024-01-23,96.55,96.6,95.099998,95.78,1768200
2024-01-24,96.74,96.74,94.31,94.39,2467300
2024-01-25,95.23,96.28,94.51,96.24,2344500
2024-01-26,96.48,96.48,94.71,95.059998,2344500
2024-01-29,94.71,95.14,93.7,95.010002,2856400
2024-01-30,94.34,95.029999,93.74,94.75,2896500
2024-01-31,94.61,94.71,91.65,91.73,4273000
2024-02-01,92.66,93.9,92.44,93.76,2724600
2024-02-02,93.26,94.49,92.75,93.98,2128600
2024-02-05,93.29,93.48,92.16,93.4,2412800
2024-02-06,93.74,94.38,93.029999,94.26,2776000
2024-02-07,101.88,105.71,100.3,104.089996,9072200
2024-02-08,104.63,105.25,102.019997,102.38,5305900
2024-02-09,102.46,103.32,102.040001,103.2,3497200
2024-02-12,103.18,104.45,102.9,104.28,3904300
2024-02-13,103.41,104.73,102.63,104.68,5069100
2024-02-14,105.66,106.6,105.29,106.24,5078100
2024-02-15,106.07,106.59,105.45,105.71,3104800
2024-02-16,105.72,107.080002,105.49,106.15,3167400
2024-02-20,106.0,106.089996,104.5,104.8,2517500
2024-02-21,104.56,105.41,103.86,104.96,2138700
2024-02-22,105.72,106.17,105.21,105.29,2362600
2024-02-23,105.87,106.16,105.58,105.91,1819800
2024-02-26,105.77,106.53,105.38,106.19,2393700
2024-02-27,106.79,106.79,105.37,106.13,2235600
2024-02-28,106.2,106.23,105.25,105.56,2190000
2024-02-29,105.99,107.58,105.52,106.85,5067700
2024-03-01,108.49,109.18,107.59,108.14,3307300
2024-03-04,108.18,109.83,108.089996,109.51,3703200
2024-03-05,109.07,109.67,108.92,109.019997,3465000
2024-03-06,110.0,110.64,109.54,109.8,2561600
2024-03-07,110.3,111.050003,110.010002,110.28,2033800
2024-03-08,110.69,111.2,109.98,110.15,1655800
2024-03-11,109.63,109.77,108.48,109.65,1892200
2024-03-12,109.73,110.69,109.26,110.6,1755400
2024-03-13,110.71,111.13,109.89,110.35,1801900
2024-03-14,110.64,111.0,109.69,110.41,2883300
2024-03-15,109.69,111.07,109.59,110.59,6537600
2024-03-18,111.17,112.080002,110.96,111.059998,3071500
2024-03-19,110.67,111.73,110.19,111.29,2544000
2024-03-20,111.16,112.2,110.23,112.019997,2195300
2024-03-21,112.48,113.35,112.019997,112.6,2410900
2024-03-22,112.57,112.86,111.98,112.45,1479300
2024-03-25,112.33,112.7,111.64,111.73,1435900
2024-03-26,111.62,112.080002,111.31,111.95,1812800
2024-03-27,112.0,113.46,111.65,113.45,1937300
2024-03-28,113.69,113.89,113.040001,113.42,2322600
2024-04-01,113.27,114.11,113.18,113.54,2057200
2024-04-02,113.32,113.57,112.29,113.27,1964400
2024-04-03,113.44,114.19,113.080002,113.54,1981800
2024-04-04,114.45,114.94,112.64,113.040001,1888400
2024-04-05,113.61,114.77,113.3,114.54,1693800
2024-04-08,114.71,114.97,113.98,114.67,1775600
2024-04-09,115.0,115.26,113.099998,114.25,1877500
2024-04-10,112.65,114.24,112.52,114.080002,2012900
2024-04-11,114.029999,114.21,112.96,113.52,1673000
2024-04-12,112.75,113.42,111.82,112.65,1981100
2024-04-15,114.26,114.37,111.44,111.76,1708500
2024-04-16,111.87,112.019997,110.5,111.49,2326200
2024-04-17,112.050003,112.33,109.6,109.81,2317300
2024-04-18,110.83,110.83,108.94,109.31,1677900
2024-04-19,109.58,110.12,108.36,108.58,2107900
2024-04-22,108.83,109.67,108.11,108.63,2448900
2024-04-23,109.099998,110.44,108.7,109.77,2081900
2024-04-24,110.44,110.5,108.65,109.62,1876700
2024-04-25,108.45,110.31,107.8,109.6,1640100
2024-04-26,109.36,110.73,109.019997,109.89,1364500
2024-04-29,109.4,110.76,109.36,109.76,2057900
2024-04-30,109.5,109.9,107.59,107.78,3962900
2024-05-01,107.53,108.61,106.22,106.45,3875200
2024-05-02,107.2,107.86,105.27,106.41,3587700
2024-05-03,107.17,107.38,105.95,106.54,5925900
2024-05-06,107.029999,107.41,104.93,106.24,7467900
2024-05-07,106.61,107.56,106.010002,107.4,6898500
2024-05-08,104.2,113.0,103.9,112.65,6172800
2024-05-09,114.39,115.77,114.13,115.59,4983100
2024-05-10,116.31,116.76,115.17,115.55,2422500
2024-05-13,115.47,115.96,114.71,114.82,1857200
2024-05-14,114.64,115.019997,113.97,114.35,1514900
2024-05-15,115.0,115.39,114.39,114.82,1948900
2024-05-16,114.0,114.64,112.79,112.82,1927700
2024-05-17,113.38,113.38,112.26,112.88,1619700
2024-05-20,113.11,114.55,113.010002,113.7,1852500
2024-05-21,113.54,114.050003,113.38,113.7,2357300
2024-05-22,113.68,114.68,113.36,114.68,1931100
2024-05-23,115.44,115.62,112.34,112.49,2642700
2024-05-24,113.040001,113.67,112.67,113.42,1345000
2024-05-28,113.66,114.040001,111.77,112.050003,2257400
2024-05-29,111.29,111.54,110.52,110.92,1831600
2024-05-30,110.78,111.43,110.099998,110.9,2051300
2024-05-31,110.75,112.25,109.54,112.16,4318100
2024-06-03,112.69,112.79,108.67,109.029999,2870300
2024-06-04,108.28,108.88,106.5,106.87,3012900
2024-06-05,107.49,108.33,107.040001,108.28,2030200
2024-06-06,108.36,108.53,105.8,105.97,2385000
2024-06-07,106.15,108.13,105.87,107.98,3173700
2024-06-10,107.98,109.51,107.69,108.73,1871400
2024-06-11,108.2,108.54,106.64,107.61,1566500
2024-06-12,108.54,109.14,107.25,108.5,2109700
2024-06-13,108.24,108.73,107.29,108.53,1865700
2024-06-14,107.36,107.75,105.88,106.46,1829200
2024-06-17,106.52,107.41,105.7,107.37,2017300
2024-06-18,107.35,108.84,106.78,108.68,2078200
2024-06-20,108.74,108.75,107.71,108.14,1984600
2024-06-21,108.25,108.61,106.69,108.41,3029100
2024-06-24,109.019997,110.15,108.67,109.32,2043900
2024-06-25,109.21,109.56,107.5,107.87,2014600
2024-06-26,107.38,107.76,105.7,106.12,2500500
2024-06-27,106.5,108.32,106.25,108.29,3472900
2024-06-28,108.76,111.050003,108.44,110.16,4756200
2024-07-01,111.059998,111.34,107.94,108.050003,2422300
2024-07-02,108.0,109.34,107.86,109.27,2474900
2024-07-03,109.73,110.73,109.11,109.56,1074800
2024-07-05,109.42,109.9,108.27,109.46,1468600
2024-07-08,110.51,110.88,109.93,109.97,1510900
2024-07-09,109.45,110.59,109.010002,109.59,1266700
2024-07-10,109.71,111.61,109.63,111.5,1877700
2024-07-11,111.77,114.29,111.45,114.15,2235900
2024-07-12,115.010002,115.42,113.91,114.59,2082600
2024-07-15,114.83,117.35,114.74,116.97,2694400
2024-07-16,117.5,119.53,117.050003,118.87,2423700
2024-07-17,118.35,118.75,117.14,118.25,3751200
2024-07-18,117.16,118.8,116.019997,116.54,4304000
2024-07-19,117.36,117.43,114.96,115.68,2657800
2024-07-22,116.47,117.96,115.67,117.83,2424100
2024-07-23,117.52,118.67,117.12,117.62,1403300
2024-07-24,117.089996,117.78,113.96,114.080002,2151300
2024-07-25,114.33,116.43,113.51,114.59,2127200
2024-07-26,115.65,117.66,115.18,116.84,1488600
2024-07-29,116.9,118.07,116.36,117.8,1905000
2024-07-30,118.18,118.96,114.87,115.7,3039400
2024-07-31,117.58,118.040001,116.63,117.11,2020000
2024-08-01,117.059998,117.25,112.3,113.089996,2533500
2024-08-02,110.94,111.0,107.48,109.21,3194500
2024-08-05,106.35,107.78,105.13,106.39,2618600
2024-08-06,106.82,109.36,106.44,107.78,3020300
2024-08-07,103.64,106.0,99.29,99.54,8060500
2024-08-08,100.85,104.86,100.46,104.61,4877100
2024-08-09,104.46,104.57,102.25,103.69,3644600
2024-08-12,103.81,103.99,102.3,103.07,2542900
2024-08-13,103.65,104.31,102.96,104.099998,2598600
2024-08-14,102.5,103.99,102.37,103.49,3921000
2024-08-15,105.0,105.47,103.73,104.29,3309700
2024-08-16,103.64,103.82,102.24,103.089996,3416300
2024-08-19,103.65,104.37,102.93,103.84,1761800
2024-08-20,103.92,104.26,102.8,103.12,2500500
2024-08-21,103.24,104.69,103.089996,104.019997,2262000
2024-08-22,104.35,105.029999,103.48,104.36,2419800
2024-08-23,105.0,105.77,104.029999,104.64,2774400
2024-08-26,105.32,105.67,104.19,104.91,1773300
2024-08-27,104.56,104.88,103.77,103.86,1586600
2024-08-28,103.84,104.79,103.48,103.91,2414800
2024-08-29,104.22,105.46,103.74,104.089996,2953600
2024-08-30,104.29,105.5,103.89,105.39,3476200
2024-09-03,104.58,104.8,101.55,102.019997,3380600
2024-09-04,101.75,102.4,100.23,100.86,2767400
2024-09-05,100.37,100.59,98.32,99.97,4207700
2024-09-06,99.96,100.77,97.35,98.19,2780800
2024-09-09,99.26,100.15,98.9,99.58,2843100
2024-09-10,99.76,99.83,98.099998,99.099998,3004700
2024-09-11,98.87,100.07,96.62,99.91,2335500
2024-09-12,100.24,101.6,99.14,101.47,3728800
2024-09-13,102.0,102.73,101.53,102.029999,2156700
2024-09-16,102.69,103.5,102.019997,102.39,2361900
2024-09-17,102.81,104.58,102.81,103.9,3125700
2024-09-18,104.18,105.4,103.41,103.68,2129800
2024-09-19,106.059998,106.25,105.019997,105.91,2748300
2024-09-20,105.23,105.89,104.28,105.16,8125400
2024-09-23,105.74,106.46,104.56,105.050003,2428200
2024-09-24,106.25,108.0,106.050003,106.34,2909100
2024-09-25,106.37,106.94,104.31,104.4,2817200
2024-09-26,105.64,109.16,105.48,108.9,4063100
2024-09-27,109.47,110.46,108.87,109.22,3174200
2024-09-30,108.65,109.56,108.12,109.37,2917100
2024-10-01,109.19,110.24,108.51,109.26,2823700
2024-10-02,109.26,110.99,108.95,110.47,3160400
2024-10-03,110.010002,110.32,108.95,109.63,3236700
2024-10-04,111.88,111.88,109.93,111.44,2082200
2024-10-07,110.66,112.77,110.35,112.52,2776000
2024-10-08,111.45,111.62,108.57,109.42,2299500
2024-10-09,109.91,111.15,109.6,110.88,1531900
2024-10-10,110.79,111.28,109.85,110.88,1916100
2024-10-11,110.96,112.71,110.96,112.059998,2113300
2024-10-14,112.059998,112.75,111.45,112.64,1201900
2024-10-15,112.22,112.74,109.15,109.25,2585800
2024-10-16,109.64,111.18,109.17,110.59,1656900
2024-10-17,111.27,111.27,109.87,110.45,2099100
2024-10-18,110.99,110.99,109.79,110.44,2124100
2024-10-21,110.51,110.81,109.6,110.41,2077600
2024-10-22,108.9,110.010002,108.55,109.48,1536600
2024-10-23,108.72,109.58,107.91,108.51,3743800
2024-10-24,108.65,108.67,107.45,108.26,1845200
2024-10-25,108.67,109.080002,107.97,108.13,1524100
2024-10-28,108.36,109.29,108.15,108.66,2150900
2024-10-29,108.26,109.67,107.78,108.91,1979300
2024-10-30,108.41,109.96,108.37,109.019997,2345400
2024-10-31,108.54,109.45,107.82,108.27,3097500
2024-11-01,108.3,109.37,108.050003,108.46,1853600
2024-11-04,107.75,110.76,107.46,109.81,3434100
2024-11-05,115.75,119.61,115.38,117.67,7193800
2024-11-06,126.47,127.74,123.13,126.86,7129100
2024-11-07,126.2,127.38,124.46,127.19,3582400
2024-11-08,126.32,128.56,126.32,127.26,2748200
2024-11-11,126.12,130.0,126.12,129.2,3139100
2024-11-12,129.17999,130.3,127.47,128.39999,3086000
2024-11-13,129.0,131.56,128.8,130.16,3125300
2024-11-14,129.77,130.75,128.92,129.0,3694200
2024-11-15,128.46001,129.12,126.53,126.78,2672000
2024-11-18,126.93,129.47,126.83,129.16,3399100
2024-11-19,127.2,129.66,127.2,129.56,2729100
2024-11-20,130.10001,130.57001,128.49001,129.10001,2277300
2024-11-21,129.029999,130.10001,128.070007,128.27,2810300
2024-11-22,128.69,130.60001,128.21001,130.070007,2212800
2024-11-25,130.8,133.53999,130.67999,132.75,5740100
2024-11-26,132.95,134.17,132.3,133.0,3254600
2024-11-27,132.87,133.64,131.85001,132.59,1869300
2024-11-29,132.8,133.53999,132.28999,132.60001,1531700
2024-12-02,133.5,134.050003,132.61,133.77,2922000
2024-12-03,133.67999,133.91,131.039993,133.39999,3092000
2024-12-04,133.53999,134.85001,133.050003,134.33,2632700
2024-12-05,134.16,134.45,132.75,133.14999,2377900
2024-12-06,133.53,133.77,130.84,130.98,2628200
2024-12-09,131.28,132.71001,130.32001,130.42999,2859400
2024-12-10,129.71001,130.38,128.059998,129.14999,2838400
2024-12-11,130.56,131.28999,129.89,130.87,2305500
2024-12-12,130.92,132.0,130.25,131.16,2310600
2024-12-13,131.36,131.94,129.64999,130.2,3097700
2024-12-16,129.98,130.58,128.7,130.19,3205800
2024-12-17,129.69,130.42999,127.54,128.080002,3603800
2024-12-18,127.63,127.72,121.88,122.38,4162600
2024-12-19,124.22,125.38,122.15,122.35,3272200
2024-12-20,121.25,124.76,121.089996,124.089996,10502000
2024-12-23,123.8,124.41,122.58,123.93,2258900
2024-12-24,124.099998,126.3,123.81,126.23,1243300
2024-12-26,126.11,126.83,125.22,126.39,1530200
2024-12-27,125.18,126.58,124.9,125.71,1653500
2024-12-30,124.19,124.97,122.99,124.26,2621000
2024-12-31,124.28,124.91,123.5,123.93,2171600
2025-01-02,125.4,125.5,121.24,122.18,1837700
2025-01-03,122.61,123.57,121.78,123.44,1621100
2025-01-06,124.13,124.61,121.75,122.089996,2311000
2025-01-07,122.57,123.68,119.78,120.68,2622200
2025-01-08,120.5,120.5,118.59,120.3,2562500
2025-01-10,118.44,119.099998,117.22,117.94,3736100
2025-01-13,116.73,118.6,116.5,118.47,2254900
2025-01-14,119.41,120.59,118.64,119.79,2074200
2025-01-15,122.07,122.5,120.0,120.72,2405500
2025-01-16,120.58,123.5,120.51,123.29,2872000
2025-01-17,124.6,125.41,123.7,124.53,4240200
2025-01-21,126.23,129.60001,125.63,129.48,4432800
2025-01-22,131.2,131.63,129.8,129.94,2860500
2025-01-23,129.74001,132.059998,128.92,131.17,4078000
2025-01-24,131.34,131.81,130.22,130.60001,2725900
2025-01-27,128.0,130.0,127.4,128.98,4261800
2025-01-28,129.61,130.75999,127.3,130.0,3647900
2025-01-29,130.0,130.53,128.74001,128.85001,2188900
2025-01-30,129.7,131.71001,129.080002,130.44,2441400
2025-01-31,130.94,131.57001,129.23,129.95,4718900
2025-02-03,126.87,129.089996,126.24,127.85,3850900
2025-02-04,129.050003,129.95,127.41,127.69,3209600
2025-02-05,127.029999,127.050003,122.37,124.76,4814900
2025-02-06,126.080002,128.0,125.019997,127.48,3931500
2025-02-07,128.24001,128.24001,123.79,124.37,3012400
2025-02-10,125.62,126.8,124.85,126.75,2444500
2025-02-11,126.15,127.080002,125.5,126.91,1920600
2025-02-12,124.71,125.62,123.9,124.5,2078000
2025-02-13,124.52,125.35,123.93,125.3,1951800
2025-02-14,125.27,125.5,123.080002,123.34,2151800
2025-02-18,124.3,125.69,123.58,125.010002,2296100
2025-02-19,124.3,124.55,122.94,124.43,1781200
2025-02-20,124.45,124.8,122.96,124.75,1438900
2025-02-21,124.95,125.22,120.89,121.85,2334300
2025-02-24,122.029999,122.28,119.89,120.68,2758800
2025-02-25,119.47,120.97,118.23,119.72,2529100
2025-02-26,120.58,121.4,119.64,119.86,2173300
2025-02-27,120.37,122.13,119.89,120.0,2575400
2025-02-28,120.14,121.83,119.12,121.61,2590400
2025-03-03,122.84,123.029999,116.4,117.17,2585400
2025-03-04,115.12,116.67,112.63,114.029999,4194500
2025-03-05,114.74,116.6,113.69,115.84,2853700
2025-03-06,114.52,116.87,113.59,116.34,3488600
2025-03-07,115.33,118.9,114.94,118.61,3986800
2025-03-10,113.099998,115.15,110.8,111.83,5156100
2025-03-11,112.13,112.24,109.019997,110.72,5095000
2025-03-12,112.46,113.0,110.4,110.84,2263700
2025-03-13,110.56,111.58,108.68,109.2,2256900
2025-03-14,110.9,112.15,110.029999,111.93,2058300
2025-03-17,112.099998,114.32,111.41,113.59,2616800
2025-03-18,112.85,113.31,111.040001,111.85,2724800
2025-03-19,111.89,112.95,110.9,112.39,4095400
2025-03-20,110.87,112.21,109.72,111.8,3573700
2025-03-21,110.66,113.13,109.93,113.11,9228700
2025-03-24,114.59,115.7,114.3,115.37,2781900
2025-03-25,115.61,116.25,114.58,115.3,1656200
2025-03-26,115.0,116.11,113.029999,113.59,1986300
2025-03-27,113.6,113.61,111.32,112.080002,2719200
2025-03-28,111.57,111.85,108.099998,108.64,3085400
2025-03-31,107.97,110.25,106.5,109.64,3372400
2025-04-01,109.35,110.4,108.18,110.0,2490600
2025-04-02,108.34,111.99,108.26,111.54,2036500
2025-04-03,105.99,107.22,101.45,101.89,3730000
2025-04-04,97.050003,97.31,92.23,94.57,5816500
2025-04-07,94.0,99.91,90.059998,96.97,6936700
2025-04-08,99.89,100.45,91.94,94.15,4819900
2025-04-09,93.29,105.07,92.36,104.43,4978100
2025-04-10,101.53,102.32,96.010002,99.73,3565900
2025-04-11,99.19,101.35,97.61,100.49,3621100
2025-04-14,102.16,102.16,99.74,101.040001,3388000
2025-04-15,100.86,101.64,99.88,100.44,2972500
2025-04-16,99.52,100.36,97.72,98.67,2460400
2025-04-17,99.2,101.050003,99.2,99.57,2878400
2025-04-21,97.89,98.54,95.31,96.42,2721600
2025-04-22,97.65,100.11,97.61,99.79,2797700
2025-04-23,103.31,106.79,100.79,101.07,3838100
2025-04-24,101.050003,105.24,100.69,105.050003,2762700
2025-04-25,104.62,105.97,104.52,105.28,2636100
2025-04-28,105.12,106.3,103.42,104.5,2676500
2025-04-29,104.31,105.4,103.8,105.089996,1635300
2025-04-30,103.89,105.33,102.84,105.11,3842100
2025-05-01,105.64,107.019997,104.52,105.81,2687200
2025-05-02,108.0,109.39,106.51,108.32,2569800
2025-05-05,107.099998,109.25,106.74,108.38,2551500
2025-05-06,107.059998,108.56,106.53,107.27,4424700
2025-05-07,114.96,115.0,108.37,109.86,5066000
2025-05-08,110.52,113.44,109.53,112.38,3481500
2025-05-09,113.26,113.54,112.0,112.55,2581400
2025-05-12,118.73,120.14,117.010002,119.41,4028400
2025-05-13,119.85,122.62,119.019997,121.49,3944200
2025-05-14,121.35,122.24,121.099998,121.47,3305100
2025-05-15,120.93,121.25,119.59,120.25,2496500
2025-05-16,120.2,120.71,119.31,120.61,2712200
2025-05-19,118.92,120.12,118.77,119.58,2651900
2025-05-20,118.68,119.38,117.46,117.99,2770600
2025-05-21,117.07,118.52,116.099998,116.15,2243600
2025-05-22,115.79,118.25,114.83,117.35,3058500
2025-05-23,114.95,118.44,114.91,118.24,4430900
2025-05-27,119.97,121.019997,118.87,120.97,2592000
2025-05-28,121.25,121.49,119.38,119.74,2372400
2025-05-29,120.48,120.62,118.87,119.92,1988700
2025-05-30,119.45,119.65,118.16,119.38,4057200
2025-06-02,119.010002,119.16,117.16,118.86,2102100
2025-06-03,118.95,121.029999,118.48,120.39,2626500
2025-06-04,121.0,122.17,120.47,121.61,2481100
2025-06-05,122.38,123.67,121.56,122.5,2823500
2025-06-06,124.07,124.45,122.11,123.51,2668600
2025-06-09,124.18,126.48,124.0,125.6,3303700
2025-06-10,125.75,127.080002,125.17,126.94,3314500
2025-06-11,126.45,128.0,125.71,126.49,3488600
2025-06-12,125.44,126.86,124.75,126.72,3605600
2025-06-13,125.91,126.94,125.25,125.54,3368300
2025-06-16,127.26,128.92999,126.45,128.67999,2853600
2025-06-17,128.13,128.87,127.35,127.37,2788000
2025-06-18,127.17,130.070007,127.019997,128.66,2429500
2025-06-20,129.45,129.84,127.85,128.33,5780000
2025-06-23,128.61,129.57001,126.8,129.41,1901100
2025-06-24,130.28999,131.33,129.64,130.73,2723100
2025-06-25,130.94,130.99001,129.029999,129.44,2589400
2025-06-26,130.25999,133.0099945,130.020004,132.73,3019100
2025-06-27,133.41,134.14999,132.33,133.17,4287000
2025-06-30,133.34,133.56,132.47,133.33,2277900
2025-07-01,132.94,135.96001,132.60001,135.50999,2724800
2025-07-02,135.87,138.12,134.66,137.78999,2874600
2025-07-03,138.11,139.89999,137.86,139.75999,1476000
2025-07-07,139.070007,139.66,137.5,138.39999,5800800
2025-07-08,138.89999,139.64999,138.32001,138.73,3312500
2025-07-09,139.7,139.91,138.020004,139.8,1939700
2025-07-10,140.0,142.32001,139.59,140.67,2237600
2025-07-11,139.64,140.62,139.070007,140.10001,2107700
2025-07-14,139.60001,140.070007,138.92,139.89999,1636100
2025-07-15,140.84,141.10001,139.28,139.69,2311500
2025-07-16,140.050003,140.86,138.42999,140.3,3253700
2025-07-17,141.0,144.56,140.5,144.39,3394400
2025-07-18,144.97,145.28,143.5,144.23,1918400
2025-07-21,144.94,144.94,142.86,142.91,1986200
2025-07-22,143.039993,144.94,141.89999,144.34,2684500
2025-07-23,145.53999,147.020004,145.17,146.88,2996600
2025-07-24,146.78,147.57001,146.19,146.82001,3024500
2025-07-25,147.49001,149.84,146.59,149.63,2594100
2025-07-28,149.50999,149.83,148.75999,149.48,2528600
2025-07-29,150.0,150.27,146.14,147.61,3428100
2025-07-30,147.64999,147.64999,145.23,146.059998,3814900
2025-07-31,146.16,147.25,144.95,145.50999,4561600
2025-08-01,142.11,142.48,139.82001,141.78,4078700
2025-08-04,142.49001,143.14,141.61,142.62,4189900
2025-08-05,142.60001,143.14,139.37,140.57001,5765000
2025-08-06,130.78999,134.39,123.71,133.92999,12875800
2025-08-07,135.75,135.99001,131.0,132.83,5119500
2025-08-08,133.21001,134.17,131.8,132.74001,2443700
2025-08-11,132.98,133.32001,131.73,131.96001,2259000
2025-08-12,132.2,133.36,131.14,132.95,3713000
2025-08-13,133.5,135.14,133.029999,135.0,3274200
2025-08-14,134.25999,135.059998,132.86,134.37,3193400
2025-08-15,133.92,133.99001,131.44,131.75,3316400
2025-08-18,131.029999,132.34,130.67,131.83,2781700
2025-08-19,132.0,132.83,130.55,131.59,1714700
2025-08-20,131.24001,132.029999,130.14999,130.89,2062200
2025-08-21,130.41,131.32001,129.89999,130.089996,3035800
2025-08-22,130.94,134.53999,130.22,133.77,3643200
2025-08-25,133.78,134.14,132.38,132.38,2123200
2025-08-26,132.35001,133.50999,132.24001,133.35001,3381400
2025-08-27,132.97,133.81,132.55,133.45,2520300
2025-08-28,134.0,135.089996,133.77,134.55,3487700
2025-08-29,133.72,134.64999,131.63,132.0,2345700
2025-09-02,130.27,131.41,129.080002,131.38,2771700
2025-09-03,131.35001,131.35001,128.64,129.5,2060000
2025-09-04,129.95,133.14,129.57001,133.10001,2958700
2025-09-05,133.58,134.47,130.8,132.55,3207900
2025-09-08,133.17,133.82001,131.64999,132.73,2152400
2025-09-09,132.62,132.78999,131.64999,132.050003,1590100
2025-09-10,132.66,135.46001,132.41,133.67,2499300
2025-09-11,134.0099945,137.67999,133.14999,137.47,2678500
2025-09-12,137.35001,137.53999,135.029999,135.10001,1821900
2025-09-15,136.0099945,136.62,134.78999,135.66,1770900
2025-09-16,131.58,132.87,128.0,129.029999,6082400
2025-09-17,129.52,132.52,129.21001,131.0,5107000
2025-09-18,131.56,132.55,130.82001,131.91,3261500
2025-09-19,132.13,132.66,130.83,132.34,3774200
2025-09-22,132.47,134.0,131.78,132.84,3109300
2025-09-23,133.39,133.55,130.67,131.46001,2634300
2025-09-24,132.88,133.24001,130.85001,131.92,3712600
2025-09-25,130.080002,130.69,129.34,130.11,1746600
2025-09-26,130.46001,131.10001,126.55,128.60001,6874700
2025-09-29,129.52,130.12,128.52,129.25,3018200
2025-09-30,129.25999,131.27,128.91,131.17999,3589100
2025-10-01,129.95,131.63,129.57001,131.19,1926600
2025-10-02,132.24001,133.34,131.23,133.050003,2424900
2025-10-03,133.27,135.8,133.14999,134.75999,2711900
2025-10-06,133.2,135.49001,132.78999,134.77,2218300
2025-10-07,135.77,135.77,130.89,131.49001,2625400
2025-10-08,132.22,134.039993,130.85001,132.94,1699000
2025-10-09,133.45,134.23,130.82001,131.53,1851000
2025-10-10,132.10001,132.39999,125.89,126.010002,2712800
2025-10-13,128.58,129.73,127.66,128.17999,2028800
2025-10-14,126.0,131.32001,125.72,129.77,1981400
2025-10-15,131.14999,132.45,128.46001,130.27,2636000
2025-10-16,130.94,131.45,128.44,128.89,2430900
2025-10-17,128.39999,129.85001,128.0099945,129.28,1971800
2025-10-20,130.050003,131.11,129.28999,130.35001,1813700
2025-10-21,129.98,133.070007,129.27,132.17,1779100
2025-10-22,133.17999,133.53999,129.89,130.11,1913400
2025-10-23,130.47,133.25,130.42999,133.19,1800600
2025-10-24,134.21001,134.57001,132.66,132.67999,1251200
2025-10-27,133.69,134.89999,133.17999,134.46001,2325500
2025-10-28,134.85001,135.87,133.83,134.52,2525800
2025-10-29,134.75,137.82001,134.0,136.42999,3356600
2025-10-30,135.11,139.58,134.72,136.82001,3160200
2025-10-31,136.61,140.28,136.45,139.57001,4636900
2025-11-03,139.36,141.059998,137.86,140.029999,3373100
2025-11-04,137.78,139.5,137.13,137.74001,3866100
2025-11-05,129.49001,135.33,128.50999,132.45,4780300
2025-11-06,131.47,134.13,131.28,131.49001,3634500
2025-11-07,130.0099945,131.33,128.48,129.49001,4631000
2025-11-10,130.42,130.56,127.97,129.99001,2509100
2025-11-11,130.23,131.0,129.25999,129.53,1689900
2025-11-12,130.62,134.039993,130.21001,132.44,2564900
2025-11-13,131.42,132.7,127.89,128.46001,2346900
2025-11-14,126.76,129.37,125.79,127.58,1955500
2025-11-17,127.22,129.89999,126.68,126.93,2827200
2025-11-18,126.16,127.84,125.83,126.75,2235800
2025-11-19,126.66,128.98,126.51,128.17,2349100
2025-11-20,129.96001,131.19,123.38,123.72,2930200
2025-11-21,124.099998,129.35001,123.67,128.22,3667900
2025-11-24,128.88,130.21001,127.24,128.62,2982700
2025-11-25,128.94,132.39,128.63,130.89999,2357300
2025-11-26,131.52,132.38,130.82001,131.44,1484500
2025-11-28,131.81,133.86,131.81,133.38,1136000
2025-12-01,132.17,133.78,131.87,131.94,2517800
2025-12-02,132.5,132.60001,130.23,131.84,2049700
2025-12-03,131.99001,135.10001,131.0,134.89,2008800
2025-12-04,134.89999,137.029999,134.53999,136.64,2675300
2025-12-05,136.34,138.089996,136.0,137.39,1578700
2025-12-08,137.71001,137.71001,135.53999,135.92999,2541100
2025-12-09,135.49001,136.89,135.23,135.25,1646500
2025-12-10,134.039993,137.58,134.039993,137.0099945,2651300
2025-12-11,137.0,140.85001,137.0,139.57001,2281600
2025-12-12,139.83,140.25999,136.25,136.64,2240100
2025-12-15,138.0,138.14,136.52,137.25999,2074500
2025-12-16,137.36,137.62,133.67,134.089996,3156200
2025-12-17,134.3,135.31,130.5,131.64,3510300
2025-12-18,133.45,134.37,131.55,131.60001,2309800
2025-12-19,131.78999,133.27,131.45,132.98,6229400
2025-12-22,134.2,135.75,133.64999,134.99001,2019100
2025-12-23,134.81,136.17,134.39999,135.49001,1816000
2025-12-24,135.46001,137.25,135.46001,136.3,916100
2025-12-26,136.14,136.24001,135.12,135.71001,740100
2025-12-29,135.31,136.23,135.0,135.22,1006400
2025-12-30,135.0099945,135.95,134.5,135.28999,2246400
2025-12-31,135.35001,135.50999,132.64999,132.72,1895100
2026-01-02,133.23,136.39,132.67999,135.82001,1889400
2026-01-05,138.080002,144.37,138.0,142.85001,5453300
2026-01-06,142.45,146.19,142.11,145.62,2981000
2026-01-07,145.77,146.3,142.13,142.14999,2780900
2026-01-08,142.10001,144.11,141.41,143.85001,2594500
2026-01-09,143.14999,144.72,142.020004,144.2,2509400
2026-01-12,143.53999,145.91,143.050003,145.36,2267200
2026-01-13,146.039993,147.44,145.46001,146.35001,3821100
2026-01-14,145.92999,148.42,145.88,148.14999,4139900
2026-01-15,150.0099945,151.34,147.72,148.020004,3013800
2026-01-16,148.95,150.57001,148.60001,149.46001,3438100
2026-01-20,148.0,148.7,144.0,145.22,2725200
2026-01-21,146.85001,150.55,145.87,149.57001,2396500
2026-01-22,150.82001,151.74001,149.32001,150.25999,2061200
2026-01-23,149.75999,151.38,147.67,147.67999,3027400
2026-01-26,148.28999,149.59,147.69,149.13,1912400
2026-01-27,148.0,148.75,147.14,147.67,2543200
2026-01-28,147.61,149.69,146.42,148.42,3351300
2026-01-29,149.89999,152.5,148.53999,150.72,3544800
2026-01-30,148.78,151.2,146.0099945,146.96001,4716800
2026-02-02,147.39999,149.19,147.059998,148.63,4534100
2026-02-03,150.0,154.039993,149.55,152.10001,4908500
2026-02-04,159.47,160.13,154.39999,157.32001,9706700
2026-02-05,154.61,156.0099945,150.059998,150.94,5617200
2026-02-06,152.78999,157.52,152.28999,157.38,3400800
2026-02-09,157.53,161.029999,157.089996,160.0099945,3058200
2026-02-10,160.2,163.53999,159.95,161.69,3171200
2026-02-11,163.3,165.14999,154.5,154.67,7595500
2026-02-12,155.74001,158.029999,144.85001,144.98,9898100
2026-02-13,145.7,148.99001,144.10001,148.13,5181300
2026-02-17,146.45,150.17,145.0,148.85001,4608200
2026-02-18,150.21001,153.42,149.33,151.14,3699400
2026-02-19,151.0,152.25,150.42999,151.3,2254000
2026-02-20,150.059998,152.25,146.38,148.62,3140300
2026-02-23,147.33,148.60001,143.8,145.50999,2446400
2026-02-24,146.0099945,151.42999,145.47,150.88,2927800
2026-02-25,151.36,151.64,146.8,148.44,2418700
2026-02-26,149.48,152.8,148.16,152.72,2676300
2026-02-27,150.059998,151.56,147.85001,150.75,2904600
2026-03-02,148.0,152.8,147.98,152.080002,2504600
2026-03-03,147.53,148.89,144.86,146.57001,2915700
2026-03-04,147.28999,148.3,144.0099945,145.21001,2660000
2026-03-05,143.0,144.42,140.60001,142.22,3889800
2026-03-06,138.94,140.0,137.83,138.36,2060900
2026-03-09,135.97,141.45,134.64999,141.12,3149000
2026-03-10,141.39999,142.85001,140.020004,140.10001,3156500
2026-03-11,139.64,139.75,137.2,139.57001,2043000
2026-03-12,137.56,138.14,131.61,132.17999,3356800
2026-03-13,133.41,134.78,131.82001,132.24001,3531500
2026-03-16,133.64999,134.64,131.91,133.089996,2352700
2026-03-17,133.78,134.47,130.0099945,132.49001,3407500
2026-03-18,132.0099945,132.91,129.64,129.88,1997500
2026-03-19,127.66,130.82001,125.95,129.89999,3141600
2026-03-20,129.61,130.35001,126.62,128.14999,3353000
2026-03-23,129.44,133.44,128.74001,129.83,4006500
2026-03-24,127.74,131.0,127.24,130.14999,2950600
2026-03-25,132.46001,132.52,129.44,130.86,3087600
2026-03-26,129.16,130.52,125.97,126.31,2484400
2026-03-27,124.63,127.63,123.42,125.4,3474600
2026-03-30,126.64,126.83,122.64,123.3,2986500
2026-03-31,126.16,131.25999,125.3,131.020004,5004400
2026-04-01,132.14999,134.39999,131.44,132.37,2898100
2026-04-02,128.74001,133.25,128.32001,131.7,2562600
2026-04-06,130.97,132.82001,130.41,132.66,2897800
2026-04-07,131.75,134.91,131.42999,134.64,3030400
2026-04-08,141.36,145.0,140.22,142.66,4869700
2026-04-09,142.44,145.41,142.44,144.67,2344400
2026-04-10,145.64,145.77,143.67,143.77,2029400
2026-04-13,143.41,144.5,141.88,144.46001,2606900
2026-04-14,145.42999,145.87,143.24001,144.56,1986100
2026-04-15,143.38,144.39999,140.13,140.39999,2565900
2026-04-16,140.67999,141.75999,139.36,140.37,3274100
2026-04-17,142.56,147.38,142.56,146.35001,3831100
2026-04-20,145.45,147.080002,144.98,146.77,2222700
2026-04-21,147.059998,148.49001,144.31,144.83,1706400
2026-04-22,146.35001,147.029999,142.55,142.77,2261800
2026-04-23,142.0,143.16,139.49001,142.44,2660900
2026-04-24,142.37,142.48,140.21001,141.35001,2455200
2026-04-27,141.50999,142.7,139.58,141.47,2595300
2026-04-28,140.37,140.78999,138.080002,138.42,1779300
2026-04-29,138.69,139.10001,136.34,136.56,2866400
2026-04-30,137.25999,140.89999,137.25999,140.44,2736900
2026-05-01,141.029999,141.029999,137.23,137.45,2759800
2026-05-04,137.0,139.47,135.42999,135.46001,3316600
2026-05-05,138.32001,140.67,136.89999,138.38,4138800
2026-05-06,142.0,149.47,142.0,147.99001,5843800
2026-05-07,147.95,147.95,139.85001,141.089996,3937800
2026-05-08,142.57001,142.89999,139.5,141.31,2534500
2026-05-11,141.3,141.5,139.089996,139.42999,2487500
2026-05-12,138.86,138.99001,134.5,137.28,3433300
2026-05-13,136.71001,138.46001,135.10001,137.75999,2964600
2026-05-14,137.78999,138.98,136.94,137.88,2088500
2026-05-15,135.42,135.42,131.17,133.050003,3173400
2026-05-18,132.67999,133.25999,130.95,132.22,2107200
2026-05-19,130.080002,133.0099945,128.13,130.64999,4044400
2026-05-20,131.36,133.97,129.42999,132.86,3295200
2026-05-21,131.53999,135.13,130.84,134.89999,3638000
2026-05-22,136.11,137.5,134.56,136.42,2950700
2026-05-26,137.75,141.17,136.81,140.97,2689600
2026-05-27,141.81,142.38,139.39999,139.72,2388300
2026-05-28,139.0099945,142.61,137.94,141.78999,2757100
2026-05-29,142.25,145.57001,141.39,143.82001,3868300
2026-06-01,140.66,142.60001,140.11,141.64999,2037500
2026-06-02,142.039993,143.49001,140.059998,142.029999,2260100
2026-06-03,140.37,143.12,140.039993,140.88,2241800
2026-06-04,141.81,142.78,140.72,142.059998,1838700
2026-06-05,140.92999,141.16,137.28999,138.12,2232600
2026-06-08,138.85001,140.0,137.86,139.070007,1599000
2026-06-09,140.32001,142.94,138.0099945,142.42,2890400
2026-06-10,142.39999,144.23,136.63,137.11,2952200
2026-06-11,138.89,142.60001,136.42,142.089996,2057600
2026-06-12,143.88,144.66,141.38,143.070007,2213400
2026-06-15,146.25999,149.57001,145.23,146.52,2517800
2026-06-16,147.11,151.58,146.5,148.81,4229600
2026-06-17,149.81,152.75999,148.67,149.0,2962300
2026-06-18,152.28,152.88,150.080002,150.66,4090300
2026-06-22,150.72,152.0,149.37,150.21001,2806400
2026-06-23,146.84,146.92999,143.089996,143.14,2925400
2026-06-24,143.25,144.77,140.89999,141.44,3726800
2026-06-25,143.0,147.34,141.96001,145.34,3135200
2026-06-26,143.60001,144.84,141.78999,143.49001,5831700
2026-06-29,142.99001,144.050003,141.60001,142.82001,2329200
2026-06-30,142.86,144.17,141.91,143.14999,2804700
2026-07-01,142.33,142.73,139.47,139.52,2160500
2026-07-02,140.58,142.0,137.27,139.050003,2654900
2026-07-06,139.039993,141.74001,138.58,141.56,1896200
2026-07-07,140.089996,140.86,136.98,137.91,2159500
2026-07-08,136.24001,137.059998,134.2,136.48,2838200
2026-07-09,138.11,139.5,136.73,137.8,2341400
2026-07-10,139.039993,140.39,138.22,138.88,1563400
2026-07-13,138.0,139.28,134.95,135.38,1742000
2026-07-14,137.28999,138.050003,134.53999,136.089996,1831600
2026-07-15,136.95,137.11,134.60001,136.25,2249900
2026-07-16,133.91,139.31,133.55,139.080002,2499300
2026-07-17,138.3,142.37,137.52,139.53999,3253900
2026-07-20,139.46001,140.0,135.25,136.58,2251200
2026-07-21,138.62,140.34,136.059998,139.25999,1612500
2026-07-22,139.12,140.92,139.029999,139.63,1696300
2026-07-23,138.7,145.84,138.60001,144.89999,4274500
2026-07-24,144.89999,149.17999,144.33,147.94,3744000
2026-07-27,148.60001,150.78999,146.92,149.3,2835200
2026-07-28,149.0,152.089996,147.62,151.81,2740100
2026-07-29,150.78,150.78,145.10001,145.73,3601400
2026-07-30,149.28999,149.61,146.75,148.64,2910900
2026-07-31,149.73,151.0,147.95,149.82001,3725500
2026-08-03,150.62,154.98,150.039993,154.85001,3431800
2026-08-04,156.0,159.48,152.28,158.84,5333600
2026-08-05,157.27,164.87,155.5,162.47,5250800
2026-08-06,164.32001,164.85001,156.0,156.91,3831300
2026-08-07,157.97,159.34,156.91,158.25999,2826800
2026-08-10,158.42999,159.81,157.35001,158.71001,3570200
2026-08-11,159.0,164.42,159.0,164.38,2530900
2026-08-12,165.92,166.35001,162.82001,163.8,2457100
2026-08-13,164.25999,164.37,159.85001,164.21001,2695400
2026-08-14,164.25999,164.8,162.3,163.17,2144400
2026-08-17,162.99001,164.35001,161.55,162.050003,2054100
2026-08-18,161.089996,161.5,157.73,157.78,2120300
2026-08-19,159.11,159.7,157.17999,157.60001,1554700
2026-08-20,155.77,157.25,154.080002,154.72,1821600
2026-08-21,156.45,157.48,155.080002,157.25999,2081300
2026-08-24,157.37,158.2,156.21001,157.57001,1722000
2026-08-25,159.8,159.82001,154.60001,154.96001,3112000
2026-08-26,155.58,158.7,155.5,158.28999,2066500
2026-08-27,158.60001,158.98,156.55,157.71001,1710300
2026-08-28,158.27,158.64,154.42,155.17999,1533800
2026-08-31,153.77,154.49001,152.13,152.44,2285400
2026-09-01,151.48,152.25999,146.97,147.63,2700400
2026-09-02,148.0099945,150.60001,146.35001,148.98,2885700
2026-09-03,149.685,150.95,147.145,150.21,66442
