date,open,high,low,close,volume
2006-10-18,49.61,50.049999,49.55,49.87,61100
2006-10-19,50.0,50.15,49.72,49.83,49100
2006-10-20,50.0,50.42,49.9,50.099998,39100
2006-10-23,50.27,50.7,50.23,50.5,27200
2006-10-24,50.33,50.89,50.16,50.85,38000
2006-10-25,50.99,51.0099983,50.28,50.79,45100
2006-10-26,51.0,51.25,50.68,51.25,57700
2006-10-27,51.07,51.19,50.36,50.38,21300
2006-10-30,50.23,50.5,50.049999,50.5,33800
2006-10-31,50.66,50.73,50.36,50.65,36900
2006-11-01,50.95,50.95,49.81,50.51,33900
2006-11-02,50.46,51.3,50.45,50.96,69000
2006-11-03,51.32,51.97,51.0,51.63,58300
2006-11-06,51.62,52.029999,51.4,51.89,84100
2006-11-07,51.89,53.98,51.69,53.36,136000
2006-11-08,53.22,54.029999,53.099998,53.78,55000
2006-11-09,53.69,54.36,53.69,54.32,40600
2006-11-10,54.38,54.57,54.02,54.11,53500
2006-11-13,54.26,54.83,53.72,54.77,106200
2006-11-14,54.69,55.31,54.34,54.93,111600
2006-11-15,54.85,55.0,54.82,55.0,49100
2006-11-16,54.92,55.0,54.65,55.0,33600
2006-11-17,54.99,55.0,54.56,54.81,53900
2006-11-20,54.59,54.62,54.29,54.51,66200
2006-11-21,54.52,55.35,54.26,55.35,100200
2006-11-22,55.2,55.55,55.2,55.54,62600
2006-11-24,55.33,55.6,55.33,55.4,9900
2006-11-27,55.58,55.58,54.69,54.99,32000
2006-11-28,54.8,55.02,54.48,54.65,68600
2006-11-29,54.72,55.61,54.63,55.61,57700
2006-11-30,55.48,56.33,55.2,56.28,160900
2006-12-01,56.12,56.12,55.5,56.099998,58000
2006-12-04,56.09,56.71,55.65,56.66,31800
2006-12-05,56.55,56.83,56.3,56.75,38000
2006-12-06,56.84,57.72,56.55,57.62,41900
2006-12-07,57.67,57.89,57.55,57.57,40800
2006-12-08,57.37,57.37,56.67,56.76,31200
2006-12-11,56.69,56.88,56.65,56.74,18900
2006-12-12,56.65,56.78,56.54,56.65,16500
2006-12-13,56.85,56.95,56.46,56.82,55400
2006-12-14,56.9,57.3,56.81,57.19,49600
2006-12-15,57.080002,57.48,56.86,57.19,47000
2006-12-18,57.21,57.63,57.21,57.4,76300
2006-12-19,57.18,57.64,57.16,57.59,32500
2006-12-20,57.44,57.83,57.31,57.5,29900
2006-12-21,57.7,57.78,57.14,57.4,54900
2006-12-22,57.62,57.98,57.33,57.94,14800
2006-12-26,57.67,57.71,57.33,57.44,26800
2006-12-27,57.63,58.25,57.19,58.19,36000
2006-12-28,57.99,58.24,57.94,57.98,11100
2006-12-29,57.87,58.19,57.71,57.98,26500
2007-01-03,57.78,58.24,57.24,57.52,243700
2007-01-04,57.31,57.32,56.64,57.22,71100
2007-01-05,57.07,57.2,56.56,56.87,58300
2007-01-08,56.72,56.72,56.16,56.33,42000
2007-01-09,56.28,56.51,56.25,56.5,41600
2007-01-10,56.49,56.49,55.75,56.0,75100
2007-01-11,56.0,56.049999,55.84,56.049999,36500
2007-01-12,55.88,56.0099983,55.7,55.95,28800
2007-01-16,55.95,55.95,55.78,55.88,28400
2007-01-17,55.82,55.96,55.19,55.82,80400
2007-01-18,55.63,55.65,55.0,55.029999,54700
2007-01-19,55.19,55.26,54.95,55.12,43600
2007-01-22,55.31,55.67,54.87,55.37,43500
2007-01-23,55.22,55.28,54.69,54.87,56000
2007-01-24,55.0099983,55.0099983,54.25,54.59,36100
2007-01-25,54.5,54.52,54.12,54.16,32500
2007-01-26,54.35,54.67,53.66,54.46,35700
2007-01-29,54.45,54.97,54.18,54.97,37000
2007-01-30,54.75,55.02,54.75,55.0,21900
2007-01-31,54.87,55.33,54.87,55.27,55500
2007-02-01,55.029999,55.45,55.029999,55.45,18800
2007-02-02,55.33,55.37,54.91,55.17,48200
2007-02-05,54.97,55.38,54.87,55.29,43000
2007-02-06,55.07,55.54,54.95,55.54,23200
2007-02-07,55.55,55.55,55.24,55.55,19100
2007-02-08,55.51,55.56,55.24,55.48,25800
2007-02-09,55.48,55.53,54.92,55.42,61100
2007-02-12,55.45,55.45,54.83,55.13,29600
2007-02-13,55.029999,55.34,55.0099983,55.31,38700
2007-02-14,55.17,55.32,54.9,55.23,58900
2007-02-15,55.25,55.3,54.89,55.080002,37100
2007-02-16,54.88,55.24,54.61,55.18,78300
2007-02-20,55.3,56.44,55.22,56.41,72400
2007-02-21,56.42,56.42,55.87,55.94,19400
2007-02-22,55.83,56.28,55.78,56.24,25400
2007-02-23,56.33,56.33,55.71,56.060001,22800
2007-02-26,56.07,56.22,55.64,55.92,28900
2007-02-27,55.099998,55.35,54.74,55.02,53800
2007-02-28,54.96,54.96,53.69,53.91,68200
2007-03-01,53.72,53.72,52.71,53.09,74400
2007-03-02,53.2,53.21,52.67,53.080002,63800
2007-03-05,52.72,52.72,52.099998,52.099998,54500
2007-03-06,52.07,52.96,52.02,52.54,39300
2007-03-07,52.6,52.94,52.38,52.94,32400
2007-03-08,53.0,53.0,52.4,52.77,35700
2007-03-09,52.93,52.94,52.67,52.9,30500
2007-03-12,53.0099983,53.19,52.87,53.09,28000
2007-03-13,53.09,53.21,52.5,52.5,34800
2007-03-14,52.41,52.64,51.76,52.17,46000
2007-03-15,52.32,53.29,51.75,53.28,31400
2007-03-16,53.049999,53.049999,51.95,52.029999,73600
2007-03-19,52.0099983,52.39,51.89,52.23,40900
2007-03-20,52.25,52.52,52.099998,52.4,46700
2007-03-21,52.4,52.8,52.17,52.79,23900
2007-03-22,52.79,52.93,52.42,52.42,48400
2007-03-23,52.57,53.34,52.22,52.27,59700
2007-03-26,52.16,52.67,52.15,52.67,26400
2007-03-27,52.73,52.73,52.43,52.72,42500
2007-03-28,52.84,52.96,52.43,52.88,36300
2007-03-29,52.82,52.9,52.67,52.84,31700
2007-03-30,52.71,52.87,52.43,52.77,32800
2007-04-02,52.95,52.95,52.57,52.67,34900
2007-04-03,52.45,53.35,52.2,52.84,57500
2007-04-04,52.89,52.89,52.52,52.63,49300
2007-04-05,52.78,52.88,52.63,52.88,23600
2007-04-09,52.95,52.95,52.47,52.7,27100
2007-04-10,52.57,53.099998,52.53,52.91,25500
2007-04-11,52.78,52.8,52.48,52.52,110600
2007-04-12,52.63,52.63,52.0099983,52.42,32000
2007-04-13,52.26,52.5,52.02,52.5,16300
2007-04-16,52.45,53.68,52.33,53.24,67100
2007-04-17,53.099998,53.52,52.94,53.02,43600
2007-04-18,53.040001,53.22,52.9,53.02,17500
2007-04-19,53.0,53.12,52.86,53.049999,19500
2007-04-20,53.37,53.37,53.049999,53.32,34700
2007-04-23,53.46,53.58,53.12,53.37,28000
2007-04-24,53.25,53.25,52.87,53.19,16900
2007-04-25,53.23,53.34,53.07,53.28,39700
2007-04-26,53.16,53.33,53.0,53.19,14200
2007-04-27,53.26,53.88,53.26,53.65,24500
2007-04-30,53.81,53.81,52.46,52.55,39400
2007-05-01,52.47,52.75,52.23,52.53,19400
2007-05-02,52.21,53.69,52.21,53.69,26900
2007-05-03,53.37,54.39,53.36,54.39,38900
2007-05-04,54.15,54.66,52.51,54.58,26800
2007-05-07,54.59,55.19,54.59,55.17,49600
2007-05-08,54.75,55.39,54.37,55.35,43700
2007-05-09,55.36,55.84,55.32,55.83,26800
2007-05-10,55.75,55.95,55.57,55.9,32700
2007-05-11,55.8,56.0,55.7,55.89,21300
2007-05-14,55.84,55.84,54.98,55.099998,49900
2007-05-15,55.049999,55.62,55.040001,55.040001,31100
2007-05-16,55.040001,55.37,55.0099983,55.24,24300
2007-05-17,55.3,55.58,54.95,55.23,56100
2007-05-18,55.16,55.44,55.0,55.080002,27900
2007-05-21,55.040001,55.58,55.040001,55.41,34400
2007-05-22,55.67,56.0,55.47,56.0,30600
2007-05-23,55.87,56.62,55.86,56.29,51300
2007-05-24,56.14,56.14,55.040001,55.2,38600
2007-05-25,55.060001,55.4,54.049999,55.15,36000
2007-05-29,55.09,55.65,54.99,55.65,21800
2007-05-30,55.54,55.75,55.39,55.46,39900
2007-05-31,55.5,55.9,55.2,55.68,96800
2007-06-01,55.54,56.12,55.5,56.0099983,57600
2007-06-04,55.91,56.07,55.7,56.040001,66600
2007-06-05,55.96,55.96,55.25,55.37,31500
2007-06-06,55.13,55.22,54.94,55.21,35600
2007-06-07,55.19,55.21,54.53,54.58,20400
2007-06-08,54.5,54.76,54.11,54.61,25800
2007-06-11,54.59,54.59,54.22,54.57,43400
2007-06-12,54.11,54.21,53.49,53.56,43300
2007-06-13,53.56,53.64,53.2,53.32,61000
2007-06-14,53.5,54.12,53.13,53.91,42200
2007-06-15,53.97,54.31,53.76,54.27,33900
2007-06-18,54.32,54.44,53.9,53.9,31800
2007-06-19,53.74,54.029999,53.34,54.029999,71800
2007-06-20,54.0,54.35,53.44,53.55,42000
2007-06-21,53.55,53.87,53.32,53.67,29400
2007-06-22,53.5,53.79,53.12,53.49,312100
2007-06-25,53.4,53.87,53.3,53.64,63700
2007-06-26,53.8,54.080002,53.4,53.67,63800
2007-06-27,53.62,54.16,53.24,54.07,66100
2007-06-28,54.049999,54.12,53.67,53.7,77400
2007-06-29,53.84,54.049999,53.74,54.040001,44200
2007-07-02,54.24,54.26,53.92,54.26,25400
2007-07-03,54.2,54.2,53.86,53.99,26000
2007-07-05,54.09,54.09,53.72,53.88,41000
2007-07-06,53.63,54.21,53.63,54.19,20100
2007-07-09,54.16,54.23,53.71,53.79,45500
2007-07-10,53.55,53.65,53.29,53.31,45900
2007-07-11,53.34,53.75,53.02,53.65,52100
2007-07-12,53.55,54.23,53.42,54.23,32000
2007-07-13,54.22,54.7,53.8,54.3,34900
2007-07-16,54.39,54.39,53.95,54.060001,50900
2007-07-17,54.07,54.21,53.9,54.0,52200
2007-07-18,53.65,53.76,53.099998,53.51,59300
2007-07-19,53.33,53.49,53.28,53.44,85800
2007-07-20,53.62,53.62,52.35,52.58,55600
2007-07-23,53.0,53.19,52.43,52.52,50000
2007-07-24,52.51,52.51,51.38,51.55,66900
2007-07-25,51.55,52.060001,51.46,51.76,72600
2007-07-26,51.65,51.66,51.0099983,51.54,77800
2007-07-27,51.64,51.64,50.95,50.96,65100
2007-07-30,51.049999,51.4,50.7,51.029999,43300
2007-07-31,51.51,52.43,51.35,51.64,119000
2007-08-01,51.35,51.63,50.94,51.29,59600
2007-08-02,51.81,54.83,51.76,54.39,111900
2007-08-03,54.5,54.62,53.65,53.65,59700
2007-08-06,53.94,55.74,53.92,55.7,79400
2007-08-07,55.7,56.76,55.59,56.58,89600
2007-08-08,56.3,60.23,56.15,59.4,186100
2007-08-09,58.51,62.080002,58.31,59.36,221900
2007-08-10,59.25,59.25,54.67,55.23,158500
2007-08-13,55.19,55.96,54.029999,55.61,127300
2007-08-14,55.33,56.11,55.0,55.029999,71900
2007-08-15,54.94,55.81,54.85,55.16,74700
2007-08-16,55.099998,56.33,54.94,55.49,116200
2007-08-17,56.43,56.98,55.7,55.95,69600
2007-08-20,55.98,56.53,54.58,54.85,116200
2007-08-21,55.040001,55.95,54.9,55.49,40000
2007-08-22,55.98,56.060001,55.34,55.72,39300
2007-08-23,55.66,56.36,55.47,55.98,46000
2007-08-24,55.99,56.3,55.48,56.17,37600
2007-08-27,56.0,56.33,55.57,56.060001,38900
2007-08-28,55.77,56.0,55.11,55.16,42800
2007-08-29,55.57,56.2,55.25,56.080002,79800
2007-08-30,55.83,56.44,55.52,56.26,73700
2007-08-31,56.52,56.52,55.44,55.89,57700
2007-09-04,56.0,58.97,56.0,58.9,132600
2007-09-05,58.99,61.099998,58.07,61.040001,335800
2007-09-06,61.34,61.34,60.18,60.77,134500
2007-09-07,60.63,60.79,59.86,59.87,115400
2007-09-10,59.75,60.09,59.2,59.37,67100
2007-09-11,59.58,60.93,59.31,60.87,77600
2007-09-12,60.7,60.8,60.33,60.41,43500
2007-09-13,60.41,61.15,60.029999,61.15,77400
2007-09-14,61.15,61.25,60.29,61.25,71600
2007-09-17,61.09,61.41,61.09,61.17,76900
2007-09-18,61.040001,61.71,60.84,61.31,69800
2007-09-19,61.95,62.29,60.91,61.049999,142400
2007-09-20,61.0,61.0,59.9,60.37,104200
2007-09-21,60.4,60.66,59.66,59.8,34700
2007-09-24,60.099998,60.099998,59.43,59.63,33300
2007-09-25,59.41,60.81,59.25,60.56,65300
2007-09-26,60.56,60.77,60.080002,60.6,53500
2007-09-27,60.64,61.16,60.23,61.040001,116900
2007-09-28,61.099998,61.33,60.77,61.13,53500
2007-10-01,61.0,61.41,60.74,61.0,105100
2007-10-02,60.73,61.17,60.5,60.74,46300
2007-10-03,60.57,60.79,60.099998,60.27,37500
2007-10-04,60.2,60.2,59.82,59.94,41600
2007-10-05,59.99,60.31,59.64,60.099998,53800
2007-10-08,59.81,60.049999,59.69,59.84,46900
2007-10-09,59.88,59.88,59.27,59.6,46900
2007-10-10,59.55,59.87,59.16,59.29,40100
2007-10-11,59.5,59.65,58.49,58.77,47700
2007-10-12,58.69,59.0,58.65,58.92,24000
2007-10-15,58.97,59.34,58.34,58.5,55500
2007-10-16,58.44,58.51,57.3,57.3,42400
2007-10-17,57.43,57.82,56.86,57.44,58000
2007-10-18,57.16,57.16,56.62,56.75,33700
2007-10-19,56.75,56.75,55.83,55.95,57800
2007-10-22,56.029999,56.17,55.6,56.17,43100
2007-10-23,56.31,56.59,55.53,56.46,44100
2007-10-24,56.040001,56.32,54.88,55.7,71900
2007-10-25,55.62,56.44,55.62,56.39,56100
2007-10-26,56.56,56.86,56.11,56.85,56900
2007-10-29,56.98,56.98,56.060001,56.15,59500
2007-10-30,55.97,56.09,55.48,55.79,56200
2007-10-31,55.79,57.07,55.79,56.9,57200
2007-11-01,56.39,56.53,53.13,53.13,139300
2007-11-02,53.61,53.68,52.5,53.09,104300
2007-11-05,52.82,54.15,52.82,54.0,64700
2007-11-06,53.87,54.87,53.68,54.82,80300
2007-11-07,54.51,55.57,54.29,54.93,94700
2007-11-08,54.7,55.99,54.69,54.99,98000
2007-11-09,54.81,55.83,54.02,55.44,49300
2007-11-12,55.16,56.38,55.13,55.53,50600
2007-11-13,55.66,56.91,55.34,56.91,44200
2007-11-14,56.98,57.18,56.26,56.54,37100
2007-11-15,56.33,56.41,55.44,55.51,28300
2007-11-16,55.67,55.94,55.07,55.93,62700
2007-11-19,55.67,55.92,54.84,55.32,52800
2007-11-20,55.33,55.91,54.54,55.15,65900
2007-11-21,54.94,55.31,54.44,54.75,61500
2007-11-23,54.8,55.86,54.63,55.68,13000
2007-11-26,55.86,55.86,52.5,52.5,114600
2007-11-27,52.65,53.46,52.29,53.24,94500
2007-11-28,53.38,54.21,52.3,53.14,118700
2007-11-29,53.15,53.15,51.68,51.79,106500
2007-11-30,52.0,52.51,50.74,51.74,914100
2007-12-03,51.68,51.99,50.88,51.49,147600
2007-12-04,51.21,51.86,51.029999,51.21,231300
2007-12-05,51.34,51.43,50.71,51.31,135100
2007-12-06,51.46,52.48,51.09,52.48,72000
2007-12-07,52.7,52.75,50.73,51.099998,86400
2007-12-10,51.2,51.86,50.96,51.57,101900
2007-12-11,51.75,52.59,50.98,50.98,124700
2007-12-12,51.45,52.0099983,50.52,50.94,151200
2007-12-13,50.99,52.049999,50.54,52.02,127400
2007-12-14,51.87,53.12,51.39,52.59,131800
2007-12-17,52.34,52.92,52.13,52.26,64900
2007-12-18,52.34,53.22,51.8,52.9,68700
2007-12-19,53.15,53.15,52.22,52.93,40700
2007-12-20,52.95,53.23,52.23,52.71,38200
2007-12-21,52.95,53.36,52.8,53.07,56800
2007-12-24,53.24,54.13,53.24,53.93,13200
2007-12-26,53.86,53.86,53.25,53.37,30400
2007-12-27,53.37,53.37,51.97,51.99,41800
2007-12-28,52.37,52.37,51.6,51.86,60800
2007-12-31,51.6,52.049999,51.16,51.89,40900
2008-01-02,51.61,51.93,50.8,51.060001,83300
2008-01-03,50.9,51.85,50.81,51.27,52900
2008-01-04,50.8,51.49,50.18,50.18,68700
2008-01-07,50.26,51.66,50.26,51.080002,80300
2008-01-08,51.099998,51.31,50.46,50.54,87500
2008-01-09,50.43,51.15,50.32,50.85,94900
2008-01-10,50.4,52.17,50.4,52.09,87500
2008-01-11,51.79,51.96,50.040001,50.080002,115200
2008-01-14,50.85,51.6,50.28,50.66,90800
2008-01-15,50.4,50.53,49.76,49.8,76200
2008-01-16,49.5,51.14,49.13,50.6,55100
2008-01-17,50.84,50.85,49.38,49.39,66700
2008-01-18,49.86,50.37,48.31,49.25,106500
2008-01-22,47.35,49.58,46.29,48.89,135500
2008-01-23,48.19,50.85,47.37,50.6,116500
2008-01-24,50.93,50.93,48.59,48.79,107500
2008-01-25,50.0,50.0,48.13,48.13,71900
2008-01-28,48.15,50.040001,47.83,50.0,56200
2008-01-29,49.97,50.42,49.22,50.35,40200
2008-01-30,50.52,50.98,49.65,49.93,48100
2008-01-31,49.56,50.73,49.2,50.63,45500
2008-02-01,50.9,51.5,50.2,51.49,50400
2008-02-04,51.29,51.93,50.89,51.040001,45600
2008-02-05,50.71,51.57,50.56,50.64,62600
2008-02-06,50.71,50.89,49.98,50.17,49500
2008-02-07,50.11,51.11,49.8,50.83,41500
2008-02-08,50.58,50.83,50.07,50.27,36000
2008-02-11,50.45,50.45,49.15,49.48,51500
2008-02-12,49.57,50.34,49.22,50.3,42400
2008-02-13,50.72,51.049999,50.18,51.049999,35600
2008-02-14,51.32,51.32,49.56,49.59,24500
2008-02-15,49.57,50.56,49.57,50.56,49500
2008-02-19,50.76,50.76,48.43,49.16,111400
2008-02-20,49.0099983,50.49,49.0099983,50.49,72600
2008-02-21,50.040001,50.24,48.91,48.91,46400
2008-02-22,48.14,49.56,48.14,49.17,65700
2008-02-25,48.35,50.23,48.09,50.09,48300
2008-02-26,49.35,51.26,49.26,50.99,46100
2008-02-27,50.35,51.92,50.35,51.73,60700
2008-02-28,51.18,51.18,48.3,49.3,92400
2008-02-29,49.45,49.74,48.84,49.35,114300
2008-03-03,49.64,51.18,49.23,50.55,123100
2008-03-04,50.46,52.47,49.94,52.39,161000
2008-03-05,52.36,52.36,50.96,50.96,64100
2008-03-06,50.96,51.43,50.35,50.47,94500
2008-03-07,50.029999,51.43,49.55,51.18,93400
2008-03-10,51.27,51.66,50.3,50.31,73800
2008-03-11,51.12,52.24,50.45,51.84,107100
2008-03-12,52.44,52.44,50.42,50.5,47800
2008-03-13,50.5,52.14,50.07,51.88,42100
2008-03-14,52.040001,52.75,50.61,50.7,64100
2008-03-17,50.0,51.59,50.0,50.92,65400
2008-03-18,51.41,51.7,50.35,51.61,109800
2008-03-19,52.0,52.76,50.72,50.89,140700
2008-03-20,50.95,51.51,49.62,51.5,103000
2008-03-24,51.77,51.77,50.15,51.19,70000
2008-03-25,50.99,52.27,50.45,51.37,60800
2008-03-26,51.48,52.26,51.0,51.080002,61100
2008-03-27,51.27,51.37,50.45,50.61,39000
2008-03-28,50.8,51.15,50.16,50.32,79300
2008-03-31,50.51,51.5,50.049999,51.19,92200
2008-04-01,52.2,53.26,51.39,53.26,99000
2008-04-02,52.83,53.26,51.74,52.45,58400
2008-04-03,52.32,52.66,51.55,52.2,42100
2008-04-04,52.09,52.56,51.55,51.64,34800
2008-04-07,52.029999,52.31,51.73,52.080002,29000
2008-04-08,52.0,52.0099983,51.36,51.43,42000
2008-04-09,51.61,53.21,51.61,52.65,68200
2008-04-10,52.46,53.25,52.46,52.98,25500
2008-04-11,52.38,53.16,52.0,52.13,35900
2008-04-14,51.92,52.46,51.85,51.96,43900
2008-04-15,52.32,52.82,51.96,52.82,40700
2008-04-16,53.32,54.29,52.92,54.29,71500
2008-04-17,54.37,54.46,53.4,54.27,46300
2008-04-18,54.81,54.82,53.78,54.26,47100
2008-04-21,54.32,54.32,53.42,53.47,32500
2008-04-22,53.4,54.0099983,53.060001,53.37,32900
2008-04-23,53.44,54.07,53.2,53.72,36000
2008-04-24,53.24,54.52,52.97,54.37,49600
2008-04-25,54.84,55.21,53.99,55.2,40300
2008-04-28,54.91,54.91,53.96,54.45,57500
2008-04-29,54.37,54.37,53.39,54.11,33900
2008-04-30,53.93,54.32,52.86,53.42,37500
2008-05-01,53.39,56.09,53.39,56.040001,69500
2008-05-02,56.09,56.15,54.53,54.9,45500
2008-05-05,55.62,55.62,53.48,54.32,66700
2008-05-06,53.98,54.07,53.16,54.02,33000
2008-05-07,54.17,54.17,52.76,52.8,50000
2008-05-08,53.080002,53.75,52.73,53.22,40900
2008-05-09,53.080002,53.62,52.61,53.21,24500
2008-05-12,53.6,53.69,52.83,53.62,30800
2008-05-13,53.6,54.99,53.029999,53.14,33200
2008-05-14,53.39,53.6,53.29,53.5,30900
2008-05-15,53.4,53.7,52.93,53.35,86900
2008-05-16,53.25,53.77,53.040001,53.18,36200
2008-05-19,53.99,53.99,52.97,53.12,30600
2008-05-20,53.0,53.11,52.39,52.4,43600
2008-05-21,52.37,52.67,51.72,51.86,48000
2008-05-22,51.61,52.2,51.37,51.42,56000
2008-05-23,51.4,51.74,51.16,51.19,27300
2008-05-27,51.3,51.5,50.57,50.99,36800
2008-05-28,50.99,51.45,50.080002,50.62,27800
2008-05-29,50.83,51.15,50.25,50.83,59000
2008-05-30,51.0,51.23,50.27,51.19,125100
2008-06-02,50.78,51.4,50.0099983,50.15,171000
2008-06-03,50.049999,51.040001,50.049999,50.14,266600
2008-06-04,50.32,50.42,49.86,50.099998,87300
2008-06-05,50.44,50.94,50.080002,50.94,63600
2008-06-06,50.72,50.73,49.48,49.56,73800
2008-06-09,49.86,49.92,48.88,49.16,48800
2008-06-10,48.78,49.62,47.91,49.43,60500
2008-06-11,49.46,50.17,48.86,48.94,81000
2008-06-12,50.11,50.11,48.99,49.59,100600
2008-06-13,49.84,50.29,48.49,50.29,161300
2008-06-16,50.0,50.0,49.18,49.4,104600
2008-06-17,49.69,49.69,48.36,48.39,121400
2008-06-18,48.0099983,49.0099983,48.0,48.37,130100
2008-06-19,48.38,49.18,48.13,49.099998,97600
2008-06-20,48.94,49.049999,48.0099983,48.19,164600
2008-06-23,48.32,49.13,47.59,47.73,136800
2008-06-24,47.54,48.060001,46.65,47.15,156500
2008-06-25,47.5,47.85,46.88,47.16,135900
2008-06-26,46.73,47.5,45.84,46.62,175400
2008-06-27,46.44,47.040001,46.049999,46.36,960000
2008-06-30,46.53,46.92,46.049999,46.15,149600
2008-07-01,45.53,45.77,45.25,45.6,138100
2008-07-02,45.52,46.33,45.0,45.0,89900
2008-07-03,45.13,45.99,44.61,44.65,60800
2008-07-07,44.92,44.92,42.76,44.16,95600
2008-07-08,44.31,45.62,43.29,45.57,125900
2008-07-09,45.0099983,45.29,43.89,43.91,86800
2008-07-10,44.029999,45.22,42.88,43.39,62000
2008-07-11,42.95,43.33,41.0,42.99,255900
2008-07-14,43.42,43.95,42.44,42.62,126400
2008-07-15,42.09,43.39,41.61,42.040001,106100
2008-07-16,41.92,43.93,41.5,43.93,214100
2008-07-17,43.96,44.25,43.32,44.13,199000
2008-07-18,44.14,44.62,42.86,43.83,87200
2008-07-21,44.33,44.33,42.95,43.79,96200
2008-07-22,43.42,44.8,43.14,44.79,173200
2008-07-23,44.95,45.28,43.77,44.99,141500
2008-07-24,44.89,44.89,43.93,43.97,149400
2008-07-25,44.07,44.7,42.91,43.63,160500
2008-07-28,43.88,44.080002,43.41,43.65,111300
2008-07-29,43.57,45.87,43.13,45.67,162300
2008-07-30,45.11,45.87,43.9,45.14,133000
2008-07-31,45.77,45.77,43.51,43.7,143800
2008-08-01,43.72,45.61,43.25,45.049999,124400
2008-08-04,45.35,45.85,44.3,44.97,82700
2008-08-05,45.37,46.26,44.86,46.26,82000
2008-08-06,45.94,46.5,45.22,45.93,65900
2008-08-07,45.96,46.46,45.36,45.71,112200
2008-08-08,45.52,46.87,45.39,46.8,61500
2008-08-11,46.02,47.29,46.02,46.85,94600
2008-08-12,46.3,47.29,45.35,45.77,111300
2008-08-13,45.29,46.31,44.8,45.16,75300
2008-08-14,44.89,45.92,44.71,45.68,111600
2008-08-15,45.98,46.75,45.38,46.75,69600
2008-08-18,46.8,47.060001,45.5,45.5,73700
2008-08-19,45.21,45.65,44.97,44.97,66500
2008-08-20,45.0,45.35,44.44,45.060001,42900
2008-08-21,44.96,45.17,44.54,44.82,52400
2008-08-22,45.26,45.6,44.77,45.6,55000
2008-08-25,45.26,45.26,44.64,44.74,37200
2008-08-26,44.64,45.28,44.62,45.27,65700
2008-08-27,45.13,45.62,44.5,45.62,110300
2008-08-28,45.65,46.47,45.27,46.46,67900
2008-08-29,45.77,46.34,45.59,46.25,88800
2008-09-02,46.9,47.099998,46.07,46.76,68200
2008-09-03,46.77,47.24,45.040001,47.16,92800
2008-09-04,46.52,46.96,46.09,46.11,51900
2008-09-05,46.0,46.54,45.35,46.54,61200
2008-09-08,47.24,47.28,45.51,47.28,125600
2008-09-09,46.94,47.17,45.66,45.78,132600
2008-09-10,46.33,46.96,45.31,46.17,100300
2008-09-11,46.27,46.65,45.0,46.44,76100
2008-09-12,47.74,47.74,45.37,46.35,56800
2008-09-15,44.88,47.38,44.88,45.46,144100
2008-09-16,44.52,46.63,44.52,46.62,177800
2008-09-17,45.3,47.02,43.049999,43.22,138600
2008-09-18,43.69,47.75,43.23,47.75,242500
2008-09-19,47.96,49.0099983,46.07,49.0,174200
2008-09-22,48.0,48.25,46.09,46.91,106600
2008-09-23,46.19,49.49,46.09,46.96,49600
2008-09-24,46.56,49.39,45.81,47.45,54700
2008-09-25,48.0,49.24,46.86,47.82,61500
2008-09-26,47.5,48.74,46.31,46.31,64100
2008-09-29,48.21,49.16,40.61,40.61,74400
2008-09-30,43.91,45.5,42.27,42.27,99700
2008-10-01,41.040001,43.66,41.040001,43.66,58500
2008-10-02,43.36,43.36,40.7,40.7,44200
2008-10-03,43.96,45.0,40.76,41.68,92300
2008-10-06,41.0099983,42.0,39.56,40.0,101600
2008-10-07,40.080002,42.47,39.12,40.4,73100
2008-10-08,39.07,40.56,36.049999,36.5,112200
2008-10-09,37.049999,37.86,33.2,33.2,169000
2008-10-10,34.27,35.53,19.5,34.27,205400
2008-10-13,36.34,38.46,34.36,38.15,108500
2008-10-14,37.91,37.91,35.42,36.69,100100
2008-10-15,36.21,36.62,34.31,34.65,97300
2008-10-16,34.4,35.33,32.6,34.56,106300
2008-10-17,34.0099983,36.15,33.34,34.18,67500
2008-10-20,35.13,36.9,34.09,35.81,49700
2008-10-21,36.76,37.56,35.55,36.4,76000
2008-10-22,35.32,36.59,34.55,34.64,104500
2008-10-23,34.87,36.15,33.52,34.62,100500
2008-10-24,33.9,35.07,33.9,34.07,91900
2008-10-27,35.95,35.95,32.66,32.72,131500
2008-10-28,33.39,35.02,32.09,34.65,115200
2008-10-29,34.42,36.049999,32.88,35.82,85100
2008-10-30,36.0,36.5,35.09,36.12,73500
2008-10-31,35.71,37.62,35.71,37.19,82900
2008-11-03,37.33,38.54,37.33,38.23,70500
2008-11-04,38.62,39.47,37.73,38.65,103900
2008-11-05,37.69,38.9,36.26,36.26,99100
2008-11-06,35.96,38.31,35.58,35.66,99100
2008-11-07,35.62,36.52,35.16,36.18,108900
2008-11-10,36.51,37.44,35.42,35.62,103100
2008-11-11,35.049999,37.49,35.0,36.34,113500
2008-11-12,35.9,38.29,35.9,35.95,162400
2008-11-13,36.26,39.5,35.2,39.42,183000
2008-11-14,38.75,38.75,37.029999,37.48,187300
2008-11-17,37.5,38.5,36.45,36.69,112500
2008-11-18,36.75,38.46,35.64,36.68,103000
2008-11-19,36.24,36.24,33.7,33.72,174000
2008-11-20,33.66,34.029999,31.09,31.52,233100
2008-11-21,31.88,34.12,31.1,33.59,176100
2008-11-24,34.0,35.48,32.91,35.37,172300
2008-11-25,36.0,36.0,34.13,35.64,164700
2008-11-26,34.71,36.51,34.32,36.31,131500
2008-11-28,35.91,37.44,35.049999,37.44,70100
2008-12-01,36.5,37.0,33.6,33.6,189000
2008-12-02,34.099998,36.15,33.5,36.09,149800
2008-12-03,35.099998,37.28,34.6,37.25,134800
2008-12-04,36.48,37.92,35.75,36.15,99000
2008-12-05,35.31,36.89,34.0099983,36.89,179400
2008-12-08,37.24,38.060001,36.76,38.0099983,101400
2008-12-09,37.63,38.33,36.75,36.77,137400
2008-12-10,36.89,37.38,36.07,36.84,51000
2008-12-11,37.080002,37.7,35.63,35.69,87700
2008-12-12,34.97,37.18,34.97,37.0,74900
2008-12-15,37.26,37.26,35.93,36.43,74000
2008-12-16,36.85,38.93,36.58,38.93,141900
2008-12-17,38.57,38.77,37.46,37.6,69800
2008-12-18,37.92,38.2,36.9,36.98,58200
2008-12-19,36.99,37.78,36.049999,37.26,120600
2008-12-22,37.11,37.64,36.48,36.64,57800
2008-12-23,36.66,37.31,36.35,36.35,42300
2008-12-24,36.68,36.68,36.28,36.53,16900
2008-12-26,36.39,37.32,36.3,37.15,29000
2008-12-29,37.35,37.35,36.22,36.6,135100
2008-12-30,36.6,37.52,36.42,37.49,86800
2008-12-31,37.32,37.7,36.61,37.63,68200
2009-01-02,37.75,38.07,36.94,37.8,54500
2009-01-05,37.97,37.97,36.71,37.4,89900
2009-01-06,37.65,38.24,37.48,38.24,59200
2009-01-07,37.75,38.42,37.23,37.25,101500
2009-01-08,37.0,38.0,36.89,37.82,69300
2009-01-09,37.63,37.93,36.92,37.040001,59300
2009-01-12,37.13,37.52,36.099998,36.35,69600
2009-01-13,36.5,37.35,36.18,37.29,51700
2009-01-14,36.94,37.48,36.12,36.12,102400
2009-01-15,36.09,37.64,36.0099983,36.6,101300
2009-01-16,37.35,38.11,36.9,37.84,93000
2009-01-20,37.95,39.61,36.13,36.13,180700
2009-01-21,37.029999,39.16,36.07,38.67,153700
2009-01-22,37.55,38.099998,36.79,37.099998,91500
2009-01-23,36.43,37.4,36.25,37.34,45200
2009-01-26,36.07,37.32,36.0,36.22,66000
2009-01-27,36.57,37.35,36.0099983,37.31,66400
2009-01-28,37.16,38.33,37.029999,38.33,125100
2009-01-29,38.060001,38.060001,36.07,36.21,92400
2009-01-30,36.18,36.66,35.22,35.45,102000
2009-02-02,35.19,36.32,35.09,36.12,79900
2009-02-03,36.029999,36.98,36.029999,36.7,80900
2009-02-04,36.89,36.94,35.4,35.67,50700
2009-02-05,35.63,36.44,35.63,36.28,68000
2009-02-06,36.53,36.98,35.64,36.98,125900
2009-02-09,36.72,36.97,36.47,36.69,45700
2009-02-10,36.26,36.67,35.24,35.24,129700
2009-02-11,35.42,36.81,35.38,36.8,100100
2009-02-12,36.35,36.74,36.080002,36.53,157500
2009-02-13,36.6,37.0,35.83,35.84,93100
2009-02-17,34.5,35.84,34.5,34.84,145000
2009-02-18,34.66,35.29,34.2,34.43,71900
2009-02-19,34.71,34.88,33.49,33.49,114200
2009-02-20,33.09,33.42,32.42,32.71,145800
2009-02-23,32.66,33.049999,31.059999,31.09,104800
2009-02-24,31.24,32.83,30.97,32.83,205500
2009-02-25,32.52,32.77,31.39,32.0,183900
2009-02-26,33.040001,33.040001,30.87,31.040001,97900
2009-02-27,31.040001,31.41,30.02,30.040001,143400
2009-03-02,29.96,31.0,29.91,30.07,208600
2009-03-03,30.62,31.32,29.18,29.39,170900
2009-03-04,29.73,30.0,28.65,29.48,124400
2009-03-05,28.96,29.99,28.5,28.57,257500
2009-03-06,28.89,29.4,28.56,29.29,209800
2009-03-09,28.56,29.17,28.4,28.98,127100
2009-03-10,29.37,30.37,28.1,30.37,220900
2009-03-11,30.47,30.52,29.2,29.75,164200
2009-03-12,30.35,31.49,29.49,31.34,281100
2009-03-13,31.63,32.37,31.26,32.29,137800
2009-03-16,32.0,32.37,31.41,31.65,207800
2009-03-17,31.63,32.83,31.049999,32.83,89500
2009-03-18,32.6,34.2,31.95,34.19,183300
2009-03-19,34.28,34.58,33.12,33.12,178800
2009-03-20,33.28,34.0,32.9,32.94,143100
2009-03-23,33.51,35.54,33.22,35.54,302000
2009-03-24,34.81,35.18,32.99,33.39,210400
2009-03-25,32.46,34.11,32.25,33.84,290700
2009-03-26,34.44,34.76,33.48,34.66,191400
2009-03-27,34.41,34.53,33.53,33.85,158900
2009-03-30,33.33,34.2,33.0,33.15,284100
2009-03-31,34.7,34.7,33.02,34.18,249300
2009-04-01,34.02,34.02,32.71,33.88,148600
2009-04-02,34.0,34.13,33.44,33.95,227300
2009-04-03,33.84,34.35,33.07,34.22,144300
2009-04-06,33.91,34.12,33.37,33.82,97700
2009-04-07,33.53,33.9,33.0,33.12,95000
2009-04-08,33.21,33.73,33.07,33.66,68600
2009-04-09,34.080002,34.75,32.74,34.75,301100
2009-04-13,34.42,35.39,33.81,35.29,189000
2009-04-14,34.72,34.76,33.12,33.18,204200
2009-04-15,33.02,34.41,32.34,34.3,147200
2009-04-16,34.56,35.43,34.27,35.2,172600
2009-04-17,34.55,35.09,34.23,34.52,172300
2009-04-20,34.02,34.66,32.72,32.72,231200
2009-04-21,33.22,34.89,32.02,34.88,229200
2009-04-22,34.47,34.75,33.75,33.89,276600
2009-04-23,33.69,34.26,32.83,33.98,246400
2009-04-24,34.57,34.69,33.36,33.88,221900
2009-04-27,33.72,34.61,33.51,34.0,174500
2009-04-28,33.86,34.77,33.81,34.23,153400
2009-04-29,34.29,35.42,34.02,35.36,192700
2009-04-30,35.38,35.83,34.95,35.32,194900
2009-05-01,35.14,35.86,34.0,34.11,196700
2009-05-04,34.54,34.59,32.62,34.16,304200
2009-05-05,33.55,34.32,33.3,33.4,145800
2009-05-06,34.53,34.53,33.049999,34.27,227100
2009-05-07,34.42,34.85,33.98,33.98,201200
2009-05-08,34.26,35.85,34.26,35.78,269900
2009-05-11,35.080002,35.66,34.65,34.67,202100
2009-05-12,35.34,35.9,34.54,34.9,161900
2009-05-13,34.37,35.29,33.96,34.040001,188700
2009-05-14,33.92,34.68,33.92,34.67,158800
2009-05-15,34.52,34.8,33.93,34.13,117100
2009-05-18,34.65,35.3,34.0,35.24,223300
2009-05-19,35.02,35.16,34.26,34.4,112700
2009-05-20,34.69,35.98,34.0,34.0099983,109600
2009-05-21,34.0,34.23,33.5,33.88,112700
2009-05-22,33.76,34.57,33.76,34.0,92600
2009-05-26,33.73,34.66,33.67,34.65,168700
2009-05-27,34.74,34.74,33.83,33.88,209300
2009-05-28,34.21,34.36,33.5,33.99,257700
2009-05-29,34.34,34.62,33.72,34.6,238200
2009-06-01,34.89,35.98,34.89,35.88,215900
2009-06-02,35.53,36.67,35.53,36.36,282000
2009-06-03,36.26,36.6,35.82,35.93,231900
2009-06-04,36.16,36.49,35.38,36.43,274200
2009-06-05,36.93,36.99,36.060001,36.47,157600
2009-06-08,36.48,36.58,36.040001,36.41,77700
2009-06-09,36.71,36.87,36.0099983,36.28,77600
2009-06-10,36.37,36.83,36.12,36.2,111800
2009-06-11,36.46,36.46,35.99,36.29,69500
2009-06-12,35.91,36.42,35.91,36.26,40900
2009-06-15,35.95,36.24,35.2,35.22,141000
2009-06-16,35.97,35.97,34.72,34.77,73600
2009-06-17,34.79,35.52,34.79,34.85,105300
2009-06-18,34.7,35.5,34.7,35.34,126000
2009-06-19,35.65,35.72,35.029999,35.72,128800
2009-06-22,35.37,35.68,34.73,34.73,178600
2009-06-23,34.95,35.25,34.5,34.64,108900
2009-06-24,34.72,35.060001,34.41,34.67,73100
2009-06-25,34.39,35.12,33.88,34.86,122800
2009-06-26,34.4,35.51,34.3,35.26,715700
2009-06-29,35.17,35.75,35.17,35.75,97900
2009-06-30,35.7,35.79,35.3,35.76,67500
2009-07-01,35.5,35.86,35.31,35.71,79100
2009-07-02,35.78,35.78,35.0099983,35.0099983,137700
2009-07-06,34.5,35.6,34.5,35.46,118900
2009-07-07,35.9,35.92,34.73,35.12,100700
2009-07-08,35.11,35.67,34.84,35.22,138000
2009-07-09,35.57,35.72,34.98,35.39,63700
2009-07-10,35.4,35.4,34.76,35.09,53100
2009-07-13,35.58,35.99,34.67,35.98,225500
2009-07-14,36.0,36.099998,35.5,35.99,80500
2009-07-15,36.25,36.48,35.72,36.35,206000
2009-07-16,36.29,36.44,35.55,36.049999,120300
2009-07-17,36.02,36.45,35.53,36.099998,105200
2009-07-20,36.46,36.46,35.61,35.86,96700
2009-07-21,36.2,36.78,35.71,36.5,101700
2009-07-22,36.11,36.85,36.049999,36.5,70900
2009-07-23,36.39,36.69,36.26,36.54,199100
2009-07-24,36.34,36.87,36.23,36.58,80100
2009-07-27,36.62,37.040001,36.52,36.98,117700
2009-07-28,36.42,37.61,36.25,37.46,281600
2009-07-29,37.25,37.71,37.029999,37.15,189800
2009-07-30,37.36,37.57,36.97,37.07,210100
2009-07-31,37.17,37.87,37.029999,37.45,150900
2009-08-03,37.82,37.9,37.34,37.74,183600
2009-08-04,37.79,38.45,37.78,38.17,153500
2009-08-05,38.0,38.43,37.62,38.0099983,191700
2009-08-06,38.54,38.6,37.64,37.72,170900
2009-08-07,37.88,37.88,37.12,37.79,177200
2009-08-10,37.42,37.75,37.12,37.6,177800
2009-08-11,37.39,37.52,36.87,36.99,159300
2009-08-12,37.16,37.5,36.62,37.41,164400
2009-08-13,37.7,38.099998,37.37,38.040001,128200
2009-08-14,37.95,37.99,37.41,37.75,66700
2009-08-17,37.0099983,37.8,37.0099983,37.27,100400
2009-08-18,37.35,37.53,37.099998,37.4,75300
2009-08-19,37.080002,37.75,37.060001,37.72,51200
2009-08-20,38.14,38.14,37.5,37.75,111700
2009-08-21,37.89,38.34,37.79,38.26,133000
2009-08-24,38.48,38.63,37.94,38.049999,102900
2009-08-25,38.17,38.46,37.78,38.31,74300
2009-08-26,38.31,38.47,38.13,38.35,47000
2009-08-27,38.4,38.55,38.0099983,38.47,60100
2009-08-28,38.67,38.67,38.16,38.54,84000
2009-08-31,38.2,38.68,38.2,38.67,103500
2009-09-01,38.51,38.65,38.02,38.060001,119900
2009-09-02,37.86,38.16,37.62,37.77,93200
2009-09-03,37.92,38.11,37.55,38.099998,147500
2009-09-04,38.060001,38.32,37.62,38.24,45400
2009-09-08,38.47,38.47,38.02,38.32,58000
2009-09-09,38.18,38.34,37.72,38.0,144700
2009-09-10,38.0,38.0,37.39,37.79,72600
2009-09-11,38.17,38.17,37.35,37.69,67700
2009-09-14,37.41,37.7,37.099998,37.69,68300
2009-09-15,37.6,37.86,37.3,37.6,91600
2009-09-16,37.67,37.98,37.31,37.98,138700
2009-09-17,38.040001,38.42,37.81,37.93,119300
2009-09-18,38.15,38.15,37.32,37.4,124300
2009-09-21,37.33,38.14,37.32,37.81,100700
2009-09-22,38.049999,38.11,37.3,37.64,76600
2009-09-23,37.8,37.99,37.27,37.29,52600
2009-09-24,37.54,37.7,37.2,37.23,51500
2009-09-25,37.33,37.33,36.96,37.029999,52600
2009-09-28,37.16,38.12,37.15,38.12,81800
2009-09-29,37.87,38.040001,37.75,37.84,46100
2009-09-30,38.4,38.4,37.33,37.46,74200
2009-10-01,36.93,37.14,36.36,36.45,101100
2009-10-02,36.099998,36.61,35.56,36.41,58000
2009-10-05,36.14,36.52,35.78,36.49,72000
2009-10-06,36.54,36.7,36.14,36.62,49400
2009-10-07,36.6,36.77,36.41,36.74,34100
2009-10-08,36.7,36.92,36.48,36.8,74400
2009-10-09,36.57,37.15,36.57,37.15,60800
2009-10-12,37.18,37.33,37.0,37.16,35400
2009-10-13,37.099998,37.11,36.53,36.79,54200
2009-10-14,37.25,37.32,36.64,37.14,78500
2009-10-15,36.85,37.25,36.85,37.17,43500
2009-10-16,36.75,36.93,36.44,36.71,81700
2009-10-19,36.9,36.98,36.7,36.88,78000
2009-10-20,37.14,37.14,36.29,36.73,123600
2009-10-21,36.9,37.060001,36.51,36.57,66300
2009-10-22,36.5,37.18,36.42,37.02,71400
2009-10-23,37.02,37.02,36.0099983,36.29,107000
2009-10-26,36.63,36.63,36.21,36.32,124000
2009-10-27,36.22,36.95,36.18,36.18,79300
2009-10-28,35.95,36.28,35.77,35.78,83700
2009-10-29,36.28,36.48,35.83,36.17,92600
2009-10-30,36.18,36.49,35.22,35.25,99300
2009-11-02,35.19,35.59,35.15,35.51,67500
2009-11-03,35.17,35.58,35.060001,35.58,52900
2009-11-04,35.89,36.14,35.21,35.21,80100
2009-11-05,35.44,35.89,35.21,35.88,106300
2009-11-06,35.83,35.91,35.41,35.87,38200
2009-11-09,36.23,36.24,35.87,36.23,60900
2009-11-10,36.26,36.46,36.14,36.22,46700
2009-11-11,36.24,36.44,36.14,36.3,73900
2009-11-12,36.45,36.49,36.2,36.26,78100
2009-11-13,36.5,36.7,36.27,36.5,51800
2009-11-16,36.7,36.7,36.5,36.66,95500
2009-11-17,36.48,37.15,36.43,36.98,71200
2009-11-18,36.74,37.27,36.74,37.049999,52400
2009-11-19,37.040001,37.23,36.62,36.69,47500
2009-11-20,36.66,37.060001,36.45,36.87,43700
2009-11-23,36.82,37.35,36.79,37.02,34000
2009-11-24,37.11,37.11,36.76,36.81,38700
2009-11-25,37.060001,37.080002,36.61,36.67,31100
2009-11-27,35.85,36.5,35.85,36.22,50000
2009-11-30,36.36,37.0,36.2,36.97,105600
2009-12-01,37.28,37.28,36.52,36.84,85500
2009-12-02,36.97,36.97,36.52,36.65,61100
2009-12-03,36.65,37.0,36.42,36.55,99700
2009-12-04,36.96,37.46,36.73,37.11,72800
2009-12-07,37.13,37.46,37.09,37.13,47100
2009-12-08,37.099998,37.51,36.87,37.51,61700
2009-12-09,37.47,37.54,37.21,37.48,37000
2009-12-10,37.49,37.82,37.31,37.31,83000
2009-12-11,37.6,37.83,37.34,37.65,99900
2009-12-14,38.049999,38.12,37.48,38.040001,42400
2009-12-15,38.14,38.45,37.85,38.38,109500
2009-12-16,38.44,39.0,38.43,39.0,83700
2009-12-17,38.81,39.21,38.59,38.9,85500
2009-12-18,39.18,40.07,38.67,40.060001,178600
2009-12-21,40.35,40.35,39.36,39.59,72100
2009-12-22,39.67,40.080002,39.37,40.080002,43800
2009-12-23,39.92,40.24,39.53,39.74,78600
2009-12-24,39.89,40.19,39.78,40.18,18000
2009-12-28,40.25,40.25,39.83,40.029999,22100
2009-12-29,40.049999,40.23,39.81,39.89,41600
2009-12-30,39.85,40.15,39.85,40.029999,61400
2009-12-31,39.23,39.59,39.02,39.02,35100
2010-01-04,39.15,39.56,39.15,39.35,43600
2010-01-05,39.54,39.54,38.54,38.77,105400
2010-01-06,38.67,38.79,38.41,38.78,85300
2010-01-07,38.54,38.96,38.5,38.93,48500
2010-01-08,38.8,38.98,38.53,38.81,31000
2010-01-11,38.9,38.9,38.55,38.81,22400
2010-01-12,38.73,38.9,38.45,38.5,56000
2010-01-13,38.56,39.0,38.5,38.85,57000
2010-01-14,38.94,38.96,38.51,38.84,47700
2010-01-15,38.69,38.81,38.45,38.5,40600
2010-01-19,38.47,39.040001,38.4,39.0099983,54600
2010-01-20,39.0,39.0099983,38.4,38.76,44000
2010-01-21,38.94,38.94,38.4,38.46,62600
2010-01-22,38.99,38.99,38.16,38.19,57400
2010-01-25,38.53,38.68,38.25,38.66,29200
2010-01-26,38.66,38.84,38.45,38.47,33300
2010-01-27,38.53,38.93,38.42,38.93,50200
2010-01-28,38.88,38.88,38.42,38.51,34700
2010-01-29,38.58,39.0099983,38.34,39.0,146800
2010-02-01,38.99,39.35,38.38,38.82,41200
2010-02-02,38.72,39.0099983,38.31,39.0099983,37100
2010-02-03,38.85,38.98,38.45,38.49,45300
2010-02-04,38.5,38.72,38.13,38.14,74400
2010-02-05,38.13,38.65,37.91,38.49,56800
2010-02-08,38.33,38.42,37.71,38.029999,37300
2010-02-09,38.27,38.48,37.74,38.21,38000
2010-02-10,37.84,38.45,37.83,38.23,29600
2010-02-11,37.99,38.54,37.99,38.48,20400
2010-02-12,38.15,38.67,38.13,38.55,34500
2010-02-16,38.6,38.88,37.98,38.88,59100
2010-02-17,38.94,39.21,38.81,39.13,43400
2010-02-18,39.25,39.69,39.23,39.5,76900
2010-02-19,39.69,39.8,39.35,39.6,73900
2010-02-22,39.64,39.71,39.41,39.59,35200
2010-02-23,39.71,39.73,39.34,39.39,66000
2010-02-24,39.56,39.85,39.19,39.63,37800
2010-02-25,39.34,39.92,39.3,39.74,42900
2010-02-26,39.61,39.7,38.81,39.62,76800
2010-03-01,39.5,39.85,39.44,39.68,47800
2010-03-02,39.57,39.92,39.21,39.9,88100
2010-03-03,39.69,40.5,39.68,40.3,68500
2010-03-04,40.52,40.58,40.029999,40.46,60900
2010-03-05,40.5,41.02,40.23,40.83,72500
2010-03-08,39.98,41.0099983,39.98,40.42,52000
2010-03-09,40.22,40.67,40.22,40.61,35500
2010-03-10,40.98,40.98,40.45,40.64,55100
2010-03-11,40.56,40.94,40.47,40.83,41600
2010-03-12,40.99,40.99,40.74,40.9,42000
2010-03-15,40.77,41.09,40.72,41.040001,25500
2010-03-16,41.22,41.49,41.099998,41.48,42600
2010-03-17,41.45,41.78,41.29,41.67,36300
2010-03-18,41.76,41.78,41.54,41.6,16400
2010-03-19,41.54,41.86,41.45,41.86,76900
2010-03-22,41.81,41.86,41.59,41.77,23400
2010-03-23,41.59,42.0099983,41.59,42.0099983,20400
2010-03-24,42.040001,42.19,41.79,41.91,39400
2010-03-25,41.96,42.33,41.74,42.02,37800
2010-03-26,42.25,42.76,42.25,42.45,37800
2010-03-29,42.71,42.81,42.19,42.65,36300
2010-03-30,42.88,43.0,42.43,42.5,46300
2010-03-31,42.52,43.36,42.52,43.13,98100
2010-04-01,42.76,42.86,42.47,42.59,49200
2010-04-05,42.59,43.48,42.59,43.060001,34600
2010-04-06,42.95,43.3,42.79,43.21,69800
2010-04-07,43.31,43.92,43.21,43.7,62000
2010-04-08,43.46,43.68,43.33,43.45,31200
2010-04-09,43.75,43.86,43.23,43.86,26800
2010-04-12,43.72,43.99,43.68,43.74,23800
2010-04-13,43.58,44.080002,43.55,43.89,19900
2010-04-14,44.26,44.78,43.45,44.78,51500
2010-04-15,44.81,45.35,44.37,45.080002,42400
2010-04-16,44.92,45.26,44.41,44.41,52800
2010-04-19,44.14,44.59,44.14,44.4,27900
2010-04-20,44.77,45.029999,44.13,44.6,42900
2010-04-21,45.28,45.67,44.91,45.23,53900
2010-04-22,45.29,45.75,45.060001,45.73,23600
2010-04-23,45.84,45.94,45.57,45.65,29100
2010-04-26,45.84,46.15,45.52,45.92,32200
2010-04-27,45.63,45.93,44.88,44.88,44000
2010-04-28,45.27,45.92,45.02,45.2,48400
2010-04-29,45.54,46.21,45.0,46.18,57200
2010-04-30,46.34,47.28,45.73,46.0099983,114900
2010-05-03,46.13,46.66,45.89,46.66,49800
2010-05-04,46.61,46.98,46.43,46.47,66400
2010-05-05,46.060001,46.84,46.060001,46.49,60400
2010-05-06,46.43,46.94,44.37,45.52,156700
2010-05-07,45.56,46.59,44.02,44.2,75900
2010-05-10,46.099998,46.98,44.33,45.58,103300
2010-05-11,45.060001,47.9,45.060001,46.37,282300
2010-05-12,46.69,47.26,45.83,46.89,187500
2010-05-13,47.0,47.28,46.57,46.59,70700
2010-05-14,46.5,47.18,46.22,46.3,88500
2010-05-17,46.5,46.87,45.88,46.61,64500
2010-05-18,47.040001,47.099998,46.17,46.17,103300
2010-05-19,45.87,46.5,45.87,46.34,56300
2010-05-20,45.6,45.86,44.36,44.36,100400
2010-05-21,43.96,45.0,43.96,44.76,75700
2010-05-24,44.87,45.24,44.040001,44.07,58200
2010-05-25,43.48,44.11,43.09,43.81,98800
2010-05-26,43.87,45.14,43.79,44.43,113300
2010-05-27,44.94,46.57,44.92,46.56,88700
2010-05-28,46.66,46.98,45.86,45.87,54800
2010-06-01,45.24,46.0099983,44.94,45.13,204800
2010-06-02,45.12,46.26,45.060001,46.26,198400
2010-06-03,46.49,46.86,45.049999,46.43,93700
2010-06-04,45.83,46.09,44.64,44.83,104800
2010-06-07,44.62,45.43,44.62,44.85,90000
2010-06-08,45.21,45.64,44.47,45.45,117800
2010-06-09,45.61,45.8,44.85,45.13,64300
2010-06-10,45.76,46.15,45.43,46.0,81100
2010-06-11,45.92,46.46,44.0,46.23,54700
2010-06-14,46.7,46.7,45.97,46.040001,65800
2010-06-15,46.21,46.83,45.63,46.59,112400
2010-06-16,46.49,46.64,46.27,46.61,57100
2010-06-17,46.94,46.94,46.51,46.62,38300
2010-06-18,46.58,46.7,46.5,46.63,64300
2010-06-21,46.98,47.54,45.88,46.35,51800
2010-06-22,46.27,46.82,45.87,46.2,58900
2010-06-23,46.0099983,46.07,45.43,45.65,61300
2010-06-24,45.51,45.86,45.0099983,45.17,49200
2010-06-25,45.19,46.41,44.51,46.38,222600
2010-06-28,46.38,46.72,45.95,46.44,57200
2010-06-29,45.95,46.12,45.3,45.66,100600
2010-06-30,45.48,46.040001,45.35,45.5,82900
2010-07-01,45.12,45.16,43.79,44.38,65600
2010-07-02,44.57,45.060001,44.57,44.83,42500
2010-07-06,45.0,46.38,44.29,44.66,66400
2010-07-07,44.78,45.99,44.78,45.99,89700
2010-07-08,46.36,46.41,45.58,46.34,59100
2010-07-09,46.46,46.83,46.15,46.83,51800
2010-07-12,46.89,46.89,46.26,46.75,47100
2010-07-13,46.98,47.73,46.81,47.63,65200
2010-07-14,47.77,47.96,47.23,47.75,79600
2010-07-15,47.92,48.040001,47.48,47.96,46900
2010-07-16,47.96,47.96,47.099998,47.13,90400
2010-07-19,47.17,47.81,46.91,47.64,55800
2010-07-20,47.42,48.28,47.25,48.25,60500
2010-07-21,48.74,48.77,47.55,47.58,81800
2010-07-22,48.07,48.31,47.59,47.7,121300
2010-07-23,47.76,48.34,47.46,48.33,58200
2010-07-26,48.66,48.85,47.98,48.81,46300
2010-07-27,49.25,49.36,48.56,49.21,96800
2010-07-28,49.34,49.34,48.56,48.75,54100
2010-07-29,49.2,49.2,48.29,48.68,35400
2010-07-30,48.48,49.060001,48.48,49.029999,67700
2010-08-02,49.5,50.0,49.29,49.99,82700
2010-08-03,49.89,50.99,49.84,50.27,95300
2010-08-04,50.62,50.72,49.98,50.57,41100
2010-08-05,50.42,51.15,50.33,50.78,37100
2010-08-06,50.23,50.91,49.93,50.83,43000
2010-08-09,50.94,51.58,50.94,51.5,38400
2010-08-10,51.35,51.72,50.87,51.36,52600
2010-08-11,50.58,51.2,50.43,50.45,98700
2010-08-12,49.98,50.35,49.94,50.15,65300
2010-08-13,50.040001,50.15,49.33,49.36,97600
2010-08-16,49.060001,49.6,48.49,49.59,33600
2010-08-17,49.75,50.41,49.62,50.26,79200
2010-08-18,50.26,50.92,49.75,50.85,31700
2010-08-19,50.83,50.97,50.23,50.29,47000
2010-08-20,50.28,51.35,50.0099983,51.31,46200
2010-08-23,51.42,51.9,50.81,50.9,55100
2010-08-24,50.4,50.89,50.040001,50.43,98300
2010-08-25,50.3,51.029999,50.3,50.95,106500
2010-08-26,51.18,51.8,51.16,51.29,109500
2010-08-27,51.63,52.21,51.12,52.19,89800
2010-08-30,52.22,52.74,51.55,51.58,89600
2010-08-31,51.5,52.62,51.0099983,52.5,116600
2010-09-01,53.0,54.11,52.4,54.060001,89500
2010-09-02,53.75,54.13,53.28,53.95,91200
2010-09-03,54.2,54.21,53.5,54.0,55200
2010-09-07,54.02,54.11,53.21,53.36,78500
2010-09-08,53.35,54.0099983,53.35,53.65,67000
2010-09-09,54.18,54.37,53.87,54.25,37800
2010-09-10,54.5,54.82,54.0,54.38,50600
2010-09-13,54.79,54.79,54.24,54.59,60700
2010-09-14,54.73,55.27,52.26,54.97,61100
2010-09-15,54.52,55.21,54.45,55.0,52000
2010-09-16,54.99,55.28,54.85,55.2,50300
2010-09-17,55.33,55.9,55.22,55.45,162200
2010-09-20,55.63,56.41,55.27,55.97,61000
2010-09-21,56.080002,56.47,55.73,56.2,44000
2010-09-22,56.3,56.3,55.65,55.65,65800
2010-09-23,55.3,55.86,55.25,55.26,60800
2010-09-24,55.75,55.86,55.21,55.67,83500
2010-09-27,55.37,55.91,55.33,55.34,58300
2010-09-28,55.75,56.14,55.39,55.99,57400
2010-09-29,55.96,56.0,55.76,55.82,38400
2010-09-30,56.18,56.44,55.81,56.060001,61500
2010-10-01,55.78,55.83,55.0099983,55.41,48200
2010-10-04,55.59,55.73,55.16,55.51,32900
2010-10-05,56.0,56.11,54.96,55.84,119800
2010-10-06,55.57,56.029999,55.3,55.52,37400
2010-10-07,55.84,55.9,55.41,55.66,27800
2010-10-08,55.45,56.13,55.45,56.049999,18800
2010-10-11,56.26,56.26,55.6,55.94,21800
2010-10-12,55.85,56.22,55.45,56.040001,39000
2010-10-13,56.3,56.3,55.98,56.17,47600
2010-10-14,56.24,56.97,56.099998,56.6,82100
2010-10-15,56.85,57.18,56.64,56.87,38600
2010-10-18,57.18,57.44,57.0,57.4,43200
2010-10-19,57.21,57.49,56.83,56.93,56800
2010-10-20,57.29,57.85,57.2,57.57,30200
2010-10-21,57.94,58.049999,57.099998,58.029999,46900
2010-10-22,58.029999,58.37,57.68,57.99,24400
2010-10-25,58.37,58.63,57.95,58.21,30900
2010-10-26,58.0,58.51,58.0,58.27,26400
2010-10-27,57.98,58.43,57.2,58.0,43400
2010-10-28,58.5,58.5,57.19,57.86,45500
2010-10-29,57.72,58.099998,57.14,57.18,70000
2010-11-01,57.71,58.77,57.21,58.28,58100
2010-11-02,58.93,58.98,58.36,58.63,35700
2010-11-03,58.66,58.98,58.18,58.97,22100
2010-11-04,59.69,60.2,58.51,60.2,61300
2010-11-05,60.2,61.0,59.35,60.99,43400
2010-11-08,61.09,61.61,60.38,60.9,42300
2010-11-09,60.85,61.28,59.91,59.91,51400
2010-11-10,60.16,61.55,60.040001,61.5,40300
2010-11-11,61.0,61.39,60.66,60.71,25800
2010-11-12,60.14,61.23,60.14,60.33,26400
2010-11-15,60.71,61.53,60.38,61.07,31000
2010-11-16,60.95,61.33,60.17,60.39,66500
2010-11-17,60.72,61.0,60.060001,60.84,23100
2010-11-18,61.58,61.85,60.060001,61.59,21000
2010-11-19,61.27,62.040001,61.0099983,61.55,14900
2010-11-22,61.43,62.28,61.4,62.0,28900
2010-11-23,61.41,62.39,61.099998,61.83,42400
2010-11-24,61.82,62.29,61.63,61.95,23700
2010-11-26,61.69,62.83,61.69,62.18,16800
2010-11-29,62.17,63.12,62.17,63.12,52500
2010-11-30,63.0099983,63.21,62.57,62.96,97800
2010-12-01,63.2,63.2,62.17,63.040001,66000
2010-12-02,62.79,63.29,62.33,63.29,61900
2010-12-03,62.88,63.39,62.46,63.02,48300
2010-12-06,63.16,63.4,62.84,62.96,37400
2010-12-07,63.32,63.33,62.93,63.080002,44800
2010-12-08,63.38,63.84,63.18,63.73,87600
2010-12-09,64.0,64.0,63.18,63.59,50400
2010-12-10,63.48,63.79,63.37,63.77,64100
2010-12-13,64.12,64.12,63.5,63.66,49800
2010-12-14,63.6,64.040001,63.53,63.53,46600
2010-12-15,63.56,63.9,63.07,63.09,74400
2010-12-16,63.0,63.7,62.87,63.48,38600
2010-12-17,63.73,63.74,63.0,63.17,98500
2010-12-20,63.17,63.64,63.11,63.46,43400
2010-12-21,63.67,63.67,62.96,63.37,99900
2010-12-22,63.5,64.5,63.34,64.5,34600
2010-12-23,64.5,64.99,64.26,64.32,36800
2010-12-27,64.4,64.72,64.22,64.57,21400
2010-12-28,64.74,64.97,64.68,64.91,22600
2010-12-29,64.85,65.4,64.85,65.050003,66000
2010-12-30,65.23,65.49,65.059998,65.22,35500
2010-12-31,65.16,65.94,65.16,65.47,101300
2011-01-03,65.46,66.0,65.41,66.0,71400
2011-01-04,65.67,65.99,65.21,65.74,43900
2011-01-05,65.84,66.059998,65.44,65.73,102900
2011-01-06,65.78,65.94,65.21,65.21,36900
2011-01-07,65.47,65.82,65.27,65.55,35800
2011-01-10,65.56,65.89,65.5,65.64,65100
2011-01-11,66.0,66.0,65.69,65.92,43800
2011-01-12,66.0,66.0,65.4,65.82,42900
2011-01-13,65.86,65.94,65.55,65.88,27700
2011-01-14,65.86,65.89,65.62,65.79,34200
2011-01-18,65.6,65.8,65.34,65.61,51300
2011-01-19,65.61,65.61,64.95,64.95,36700
2011-01-20,64.93,65.4,64.83,65.099998,28700
2011-01-21,65.52,65.52,64.64,65.019997,24400
2011-01-24,65.080002,65.43,64.99,65.37,31100
2011-01-25,65.18,65.91,64.67,65.91,32200
2011-01-26,66.0,66.0,65.46,65.87,40500
2011-01-27,65.95,65.97,65.76,65.97,35800
2011-01-28,66.3,69.66,65.7,68.010002,306100
2011-01-31,68.14,69.15,66.33,66.42,338600
2011-02-01,66.68,67.86,66.48,67.46,91500
2011-02-02,67.37,67.98,67.37,67.59,29000
2011-02-03,67.34,68.29,67.34,68.15,28400
2011-02-04,68.45,68.47,67.38,68.39,33900
2011-02-07,68.41,68.63,68.32,68.56,33300
2011-02-08,68.57,68.64,68.31,68.45,36800
2011-02-09,68.089996,68.65,68.089996,68.28,43300
2011-02-10,67.95,68.63,67.89,68.45,23600
2011-02-11,68.6,69.099998,68.2,69.07,42800
2011-02-14,68.93,69.14,68.15,68.44,40400
2011-02-15,68.3,68.59,68.22,68.34,35100
2011-02-16,68.75,69.15,68.34,69.0,30800
2011-02-17,68.84,69.79,68.77,68.87,44100
2011-02-18,68.87,69.23,68.87,69.21,55100
2011-02-22,68.93,69.3,68.42,68.42,50700
2011-02-23,68.53,69.080002,68.4,68.4,55100
2011-02-24,68.21,69.3,68.2,68.25,47000
2011-02-25,68.24,69.46,68.019997,69.23,62900
2011-02-28,69.21,69.84,68.54,69.84,108100
2011-03-01,69.8,69.88,69.15,69.53,94000
2011-03-02,69.81,69.84,69.31,69.68,61600
2011-03-03,70.26,70.71,69.71,70.57,55100
2011-03-04,70.52,70.62,70.029999,70.27,41800
2011-03-07,70.27,70.63,70.050003,70.22,45600
2011-03-08,70.22,71.14,70.22,71.019997,53200
2011-03-09,70.99,71.099998,70.66,70.66,33200
2011-03-10,70.39,70.47,69.12,69.67,47400
2011-03-11,69.66,70.38,69.17,70.3,52200
2011-03-14,70.099998,70.82,70.099998,70.39,30700
2011-03-15,69.4,70.45,69.3,69.75,44000
2011-03-16,69.95,70.59,69.86,69.94,65800
2011-03-17,70.64,71.089996,70.2,70.95,42600
2011-03-18,71.3,71.81,69.3,69.33,157300
2011-03-21,70.0,70.91,68.62,70.46,59700
2011-03-22,70.15,70.76,70.15,70.18,35000
2011-03-23,70.15,70.47,69.010002,69.6,52200
2011-03-24,69.74,70.040001,69.68,69.92,46400
2011-03-25,69.85,70.33,69.85,69.98,40400
2011-03-28,69.92,70.39,69.92,69.99,33400
2011-03-29,70.010002,70.62,69.99,70.15,39200
2011-03-30,70.24,70.72,70.23,70.72,82000
2011-03-31,70.74,71.19,70.62,71.11,73600
2011-04-01,71.26,71.94,71.18,71.66,85500
2011-04-04,71.74,72.28,71.34,72.15,102900
2011-04-05,72.019997,72.029999,71.31,71.85,56800
2011-04-06,72.099998,72.64,72.059998,72.43,60500
2011-04-07,72.21,72.64,71.71,71.8,66000
2011-04-08,71.8,72.12,71.54,71.83,31400
2011-04-11,71.51,72.42,70.61,71.98,48300
2011-04-12,71.51,71.82,69.78,71.18,55000
2011-04-13,71.77,71.99,71.45,71.72,24800
2011-04-14,71.52,71.84,71.5,71.65,16700
2011-04-15,71.93,72.19,71.19,71.68,47200
2011-04-18,71.3,71.51,70.31,71.11,73700
2011-04-19,70.76,71.59,70.76,71.29,40100
2011-04-20,72.3,72.33,71.66,71.83,44300
2011-04-21,72.23,72.95,71.53,71.71,44600
2011-04-25,71.55,71.55,71.18,71.32,23700
2011-04-26,71.040001,71.44,70.76,71.010002,34000
2011-04-27,70.59,71.74,70.59,71.74,24000
2011-04-28,71.83,72.44,71.8,72.3,28000
2011-04-29,72.21,72.49,72.11,72.43,29000
2011-05-02,72.42,72.69,72.0,72.44,32000
2011-05-03,71.99,72.21,71.56,71.64,33000
2011-05-04,71.38,71.6,70.63,70.79,37700
2011-05-05,70.31,70.61,68.97,70.099998,35500
2011-05-06,70.14,71.92,68.019997,70.77,40000
2011-05-09,70.87,71.58,70.87,71.53,27000
2011-05-10,71.9,71.9,71.39,71.82,21600
2011-05-11,71.79,71.89,70.67,70.91,26200
2011-05-12,70.91,72.24,70.55,72.15,37000
2011-05-13,71.65,72.010002,71.080002,71.35,23000
2011-05-16,71.07,71.57,70.75,71.019997,18000
2011-05-17,70.74,70.96,70.24,70.59,22700
2011-05-18,70.62,71.79,70.58,71.46,53300
2011-05-19,72.059998,72.24,71.19,72.089996,20800
2011-05-20,71.75,72.41,71.66,71.91,46800
2011-05-23,71.38,71.64,71.080002,71.15,25900
2011-05-24,70.68,71.17,69.44,69.44,92200
2011-05-25,68.64,70.55,68.54,70.39,45300
2011-05-26,70.38,71.44,69.71,70.89,69200
2011-05-27,70.93,71.23,70.5,70.88,30600
2011-05-31,71.13,71.5,70.15,71.22,125700
2011-06-01,71.099998,71.78,69.81,69.9,72000
2011-06-02,70.080002,70.38,69.75,70.35,23600
2011-06-03,70.0,70.099998,69.35,69.37,35000
2011-06-06,68.51,69.45,68.51,68.92,52100
2011-06-07,69.19,69.89,68.51,69.47,152500
2011-06-08,69.7,69.72,68.98,69.059998,59900
2011-06-09,68.6,69.31,68.6,69.21,41000
2011-06-10,68.72,69.17,68.52,68.67,43700
2011-06-13,68.66,68.74,67.84,68.0,60200
2011-06-14,68.64,69.63,68.26,68.75,42500
2011-06-15,68.38,68.91,67.54,67.75,373400
2011-06-16,67.65,68.55,67.059998,67.73,53500
2011-06-17,68.15,68.38,66.98,67.21,64500
2011-06-20,66.79,67.54,66.69,67.27,43300
2011-06-21,67.18,67.98,67.18,67.8,62200
2011-06-22,67.73,68.19,67.68,67.68,50000
2011-06-23,67.23,67.45,66.69,67.14,50100
2011-06-24,67.099998,68.22,66.8,67.32,246500
2011-06-27,67.97,68.93,67.040001,68.66,59300
2011-06-28,69.14,69.39,68.93,69.28,30100
2011-06-29,69.4,70.38,69.4,70.33,37300
2011-06-30,70.15,70.82,70.099998,70.72,61000
2011-07-01,70.12,70.76,70.12,70.69,50800
2011-07-05,70.36,71.19,70.24,70.82,49400
2011-07-06,71.019997,71.73,70.93,71.37,75800
2011-07-07,71.64,74.46,71.64,74.2,170700
2011-07-08,73.43,74.48,73.14,73.66,70300
2011-07-11,72.97,74.43,72.92,72.97,59800
2011-07-12,72.86,74.0,72.73,72.77,43600
2011-07-13,73.18,73.98,72.77,73.3,65800
2011-07-14,73.55,75.25,73.010002,73.55,87600
2011-07-15,73.73,73.9,73.11,73.79,79900
2011-07-18,73.55,74.040001,73.099998,73.31,58200
2011-07-19,73.45,74.31,73.45,73.95,44700
2011-07-20,74.31,74.31,73.63,73.65,29500
2011-07-21,74.23,74.81,73.9,74.73,62500
2011-07-22,74.77,75.010002,74.51,74.69,31600
2011-07-25,74.07,75.010002,74.07,74.65,41600
2011-07-26,74.57,75.71,74.010002,74.34,41400
2011-07-27,73.93,74.43,73.21,73.27,51200
2011-07-28,73.44,74.28,73.29,73.48,36200
2011-07-29,73.0,74.26,72.83,73.7,34500
2011-08-01,74.21,74.6,72.83,73.040001,81900
2011-08-02,72.87,73.56,71.64,71.79,57200
2011-08-03,75.25,75.25,69.81,71.15,99600
2011-08-04,70.69,71.54,69.49,69.51,95200
2011-08-05,70.15,70.41,67.07,67.56,59700
2011-08-08,66.38,68.019997,62.62,63.02,162200
2011-08-09,64.080002,69.17,63.41,68.89,133400
2011-08-10,67.77,69.040001,65.84,66.14,109900
2011-08-11,66.36,70.99,66.089996,70.42,100800
2011-08-12,70.64,71.13,68.72,69.63,55400
2011-08-15,70.15,71.83,70.15,71.82,56200
2011-08-16,71.15,71.74,70.73,71.089996,42000
2011-08-17,71.71,72.77,71.23,71.43,65800
2011-08-18,69.86,70.26,67.31,69.76,183600
2011-08-19,68.85,70.76,68.85,69.7,46300
2011-08-22,71.13,72.16,69.61,69.93,40600
2011-08-23,70.029999,71.54,69.050003,71.43,81500
2011-08-24,71.2,72.97,70.95,72.92,41400
2011-08-25,72.99,73.49,70.37,70.96,53800
2011-08-26,70.17,72.48,69.85,71.78,54100
2011-08-29,72.5,73.99,72.48,73.84,65400
2011-08-30,73.35,73.96,72.76,73.48,56300
2011-08-31,73.73,74.13,72.76,73.53,87000
2011-09-01,73.17,73.88,72.57,72.6,52100
2011-09-02,71.54,73.11,71.27,71.32,61700
2011-09-06,69.43,70.84,69.050003,70.56,76800
2011-09-07,71.25,74.13,71.25,74.11,62400
2011-09-08,73.45,74.66,73.14,73.52,71900
2011-09-09,72.79,73.44,71.68,71.76,84200
2011-09-12,70.98,72.67,70.98,72.35,33300
2011-09-13,72.72,73.3,71.99,72.78,94900
2011-09-14,72.99,73.71,72.25,73.25,54400
2011-09-15,73.76,73.76,72.37,72.8,74100
2011-09-16,72.85,73.5,72.45,72.95,62200
2011-09-19,71.88,72.79,71.75,72.14,40100
2011-09-20,72.44,73.6,72.27,72.32,50700
2011-09-21,72.46,72.59,70.16,70.17,71900
2011-09-22,70.42,71.85,68.76,69.44,101300
2011-09-23,68.98,69.49,68.040001,68.52,73900
2011-09-26,68.77,69.23,67.5,68.94,106000
2011-09-27,70.32,72.040001,70.23,70.86,65200
2011-09-28,71.19,71.62,68.98,69.089996,63600
2011-09-29,70.39,71.78,70.14,71.71,86000
2011-09-30,70.79,72.84,70.79,71.18,105600
2011-10-03,71.050003,71.96,69.35,69.36,93200
2011-10-04,68.81,71.99,68.099998,71.83,140100
2011-10-05,71.28,72.86,70.71,72.74,65500
2011-10-06,72.42,73.49,71.8,73.45,74800
2011-10-07,73.5,73.99,71.58,71.58,61600
2011-10-10,72.54,74.37,72.35,74.33,72300
2011-10-11,73.9,74.42,73.18,73.43,35900
2011-10-12,73.65,74.47,73.65,74.29,42900
2011-10-13,73.76,74.49,73.67,74.17,58000
2011-10-14,74.42,75.089996,74.4,74.88,42200
2011-10-17,74.53,75.2,73.86,73.99,54600
2011-10-18,72.48,75.99,72.48,75.93,84700
2011-10-19,75.14,77.0,75.040001,75.42,63800
2011-10-20,75.56,76.33,75.14,75.89,84200
2011-10-21,76.82,77.7,76.32,77.66,48200
2011-10-24,77.71,79.2,77.43,79.2,51200
2011-10-25,78.46,79.23,77.0,77.07,62600
2011-10-26,77.73,78.58,77.35,78.56,41400
2011-10-27,80.099998,81.41,79.56,80.3,78700
2011-10-28,80.42,80.42,79.14,79.73,37300
2011-10-31,78.6,80.46,78.6,78.95,60100
2011-11-01,77.17,78.5,76.38,76.56,56100
2011-11-02,77.55,78.95,77.55,78.51,47100
2011-11-03,74.28,79.3,74.28,79.17,31600
2011-11-04,78.27,79.83,78.080002,78.58,38800
2011-11-07,78.27,78.57,77.099998,77.81,26800
2011-11-08,78.4,78.49,76.84,77.99,52300
2011-11-09,77.51,77.51,75.75,75.84,64700
2011-11-10,76.9,78.36,76.17,76.86,32500
2011-11-11,77.52,77.81,76.52,77.42,35800
2011-11-14,77.080002,77.35,76.61,76.62,34100
2011-11-15,76.32,77.55,76.32,77.39,33200
2011-11-16,76.85,76.85,74.33,74.45,79400
2011-11-17,74.71,75.93,74.28,74.42,57000
2011-11-18,74.86,76.46,73.55,73.7,49600
2011-11-21,72.99,73.33,71.77,72.36,59800
2011-11-22,72.46,73.45,72.2,72.65,44000
2011-11-23,71.91,72.45,70.19,70.19,48000
2011-11-25,69.88,71.3,69.88,71.010002,13500
2011-11-28,72.57,72.91,70.94,71.94,65200
2011-11-29,71.7,71.7,70.56,70.99,80400
2011-11-30,72.46,73.79,71.22,73.79,751300
2011-12-01,73.8,75.56,73.46,75.12,90300
2011-12-02,75.32,76.43,74.96,75.3,67800
2011-12-05,75.55,76.43,74.85,75.52,67000
2011-12-06,75.3,76.3,74.95,75.72,59900
2011-12-07,75.37,75.84,74.6,75.67,35300
2011-12-08,75.15,75.85,75.0,75.089996,61400
2011-12-09,75.41,76.77,75.41,76.68,36200
2011-12-12,75.85,76.77,75.080002,76.16,60600
2011-12-13,76.77,77.28,75.33,75.8,27600
2011-12-14,75.22,76.69,75.0,76.059998,54400
2011-12-15,76.32,77.56,75.87,75.99,63100
2011-12-16,76.14,76.64,75.55,76.28,71600
2011-12-19,76.5,76.5,75.059998,75.11,25600
2011-12-20,76.21,77.23,76.17,77.14,35300
2011-12-21,77.18,77.58,76.96,77.4,26500
2011-12-22,77.54,77.61,76.72,77.33,28200
2011-12-23,77.66,77.75,76.67,77.49,14900
2011-12-27,77.41,78.0,77.41,77.95,21000
2011-12-28,77.62,78.12,77.19,77.21,33900
2011-12-29,77.6,78.18,76.33,78.029999,24300
2011-12-30,78.49,78.88,78.16,78.16,31000
2012-01-03,78.61,78.61,76.050003,76.76,41800
2012-01-04,76.48,76.82,74.79,75.24,57500
2012-01-05,77.88,77.88,74.35,75.26,65600
2012-01-06,75.4,76.38,75.18,75.7,31900
2012-01-09,76.089996,76.56,75.35,75.9,17000
2012-01-10,76.41,76.5,75.31,75.65,48100
2012-01-11,75.65,75.67,74.94,75.15,18000
2012-01-12,75.42,75.78,74.69,75.75,38600
2012-01-13,75.19,75.72,74.83,75.52,51800
2012-01-17,76.35,76.35,75.29,75.33,43500
2012-01-18,75.17,75.53,74.51,75.28,36200
2012-01-19,75.17,76.15,74.81,75.62,32700
2012-01-20,75.64,76.37,75.47,75.73,26000
2012-01-23,76.019997,76.019997,75.17,75.5,16500
2012-01-24,75.44,75.44,74.96,75.29,17500
2012-01-25,75.25,75.63,74.82,75.21,21100
2012-01-26,75.32,75.51,74.2,75.15,31600
2012-01-27,75.47,75.83,74.92,75.69,63200
2012-01-30,75.099998,76.72,74.81,76.050003,55100
2012-01-31,76.46,77.17,76.059998,76.67,53600
2012-02-01,76.96,77.15,76.65,77.15,42600
2012-02-02,77.41,77.69,76.88,77.64,33400
2012-02-03,78.0,78.92,77.82,78.92,64700
2012-02-06,78.79,78.79,78.22,78.38,31500
2012-02-07,80.63,80.63,78.31,78.78,24900
2012-02-08,78.81,78.98,78.28,78.52,31600
2012-02-09,78.089996,78.92,78.089996,78.9,14300
2012-02-10,78.080002,78.95,78.080002,78.82,25900
2012-02-13,79.13,79.22,78.25,78.74,64500
2012-02-14,78.13,78.44,77.47,77.82,48300
2012-02-15,78.24,78.24,77.15,77.25,27300
2012-02-16,77.29,78.099998,77.29,77.71,37100
2012-02-17,77.64,77.93,77.4,77.63,34500
2012-02-21,77.6,77.75,77.16,77.71,19300
2012-02-22,77.14,77.39,76.46,76.56,26900
2012-02-23,76.75,77.39,76.75,77.31,34500
2012-02-24,76.73,77.73,76.73,77.57,14600
2012-02-27,77.56,77.62,76.49,77.34,20300
2012-02-28,76.67,77.040001,76.040001,76.58,40600
2012-02-29,76.48,76.93,76.0,76.11,49200
2012-03-01,76.25,76.57,75.68,76.21,27500
2012-03-02,76.31,76.31,75.26,75.68,16900
2012-03-05,75.35,75.71,74.89,75.22,54700
2012-03-06,74.71,75.42,73.74,74.23,59000
2012-03-07,74.38,75.18,74.0,75.059998,56700
2012-03-08,75.12,76.44,75.12,76.099998,33600
2012-03-09,76.050003,76.6,75.34,75.71,56200
2012-03-12,75.84,77.15,75.84,76.53,37100
2012-03-13,76.82,78.07,76.52,77.86,44500
2012-03-14,77.99,78.18,77.64,77.88,25800
2012-03-15,77.79,78.49,77.34,78.46,25900
2012-03-16,78.44,78.44,77.37,77.62,31600
2012-03-19,77.39,78.13,76.059998,77.13,33500
2012-03-20,76.97,77.14,76.52,76.74,38800
2012-03-21,77.019997,77.019997,76.35,76.55,18800
2012-03-22,76.11,76.63,75.83,75.92,31200
2012-03-23,76.16,76.82,75.79,76.59,21800
2012-03-26,77.19,77.85,76.74,77.75,35300
2012-03-27,77.61,78.040001,77.61,77.69,28900
2012-03-28,77.69,78.26,77.32,77.99,25000
2012-03-29,77.7,78.0,77.54,77.72,22800
2012-03-30,77.25,78.37,77.25,77.94,19600
2012-04-02,77.98,77.98,77.27,77.66,41600
2012-04-03,77.099998,77.099998,76.14,76.93,56500
2012-04-04,76.75,77.15,76.099998,76.76,61800
2012-04-05,76.81,77.69,76.49,77.54,28500
2012-04-09,76.71,77.14,76.22,76.65,32400
2012-04-10,76.76,76.76,75.14,75.28,34200
2012-04-11,75.3,75.78,75.050003,75.73,30700
2012-04-12,75.54,76.19,75.23,76.15,24700
2012-04-13,75.87,76.24,75.13,75.31,31000
2012-04-16,75.83,76.0,75.33,75.94,23000
2012-04-17,76.11,76.67,76.029999,76.34,29300
2012-04-18,75.97,75.97,75.31,75.34,21400
2012-04-19,75.64,75.93,75.27,75.63,18800
2012-04-20,76.029999,76.059998,75.2,75.4,14400
2012-04-23,75.19,75.2,74.17,74.99,28300
2012-04-24,74.73,75.75,74.73,75.040001,28600
2012-04-25,75.14,75.85,75.14,75.33,38300
2012-04-26,75.34,76.86,75.25,76.58,41600
2012-04-27,76.58,77.27,76.14,76.98,32200
2012-04-30,76.88,77.050003,76.77,76.9,18000
2012-05-01,76.44,77.28,76.15,76.65,42000
2012-05-02,76.42,77.050003,76.28,76.79,18300
2012-05-03,76.34,77.12,76.28,76.73,34000
2012-05-04,72.32,75.82,67.69,69.83,97600
2012-05-07,69.27,70.24,67.3,68.52,79000
2012-05-08,68.44,69.79,68.44,69.56,59500
2012-05-09,69.19,70.32,69.19,70.029999,33000
2012-05-10,70.92,70.92,69.98,70.13,77000
2012-05-11,70.0,70.7,69.99,70.5,23400
2012-05-14,70.21,70.91,69.78,70.5,49200
2012-05-15,70.73,70.91,70.0,70.57,28000
2012-05-16,70.42,71.089996,70.2,70.51,37400
2012-05-17,70.029999,70.47,69.68,70.010002,36600
2012-05-18,70.43,70.5,69.97,69.98,55900
2012-05-21,70.0,70.42,69.97,70.3,28300
2012-05-22,70.3,71.31,70.3,71.07,70000
2012-05-23,70.56,71.040001,69.91,70.99,39000
2012-05-24,70.87,71.6,70.39,71.48,38600
2012-05-25,73.019997,73.019997,71.059998,71.71,36100
2012-05-29,72.07,72.44,71.56,72.37,37200
2012-05-30,72.050003,72.17,70.98,71.54,50000
2012-05-31,71.16,72.029999,71.15,71.87,80900
2012-06-01,70.94,71.63,70.13,70.25,74200
2012-06-04,70.58,71.040001,70.25,70.66,41300
2012-06-05,70.4,71.27,69.92,70.36,81900
2012-06-06,70.55,71.53,69.76,71.32,48600
2012-06-07,71.38,72.010002,70.44,70.62,53700
2012-06-08,70.6,71.16,70.16,70.83,29400
2012-06-11,70.88,70.9,67.86,68.81,91400
2012-06-12,68.6,69.099998,68.18,68.91,43100
2012-06-13,69.0,69.38,67.97,68.28,64100
2012-06-14,67.95,68.7,67.9,68.65,39400
2012-06-15,68.5,69.82,68.48,69.77,78300
2012-06-18,69.019997,70.57,69.019997,70.16,38500
2012-06-19,70.56,70.96,69.97,70.63,44500
2012-06-20,70.24,70.78,70.089996,70.76,35600
2012-06-21,70.62,70.88,69.33,69.37,56700
2012-06-22,69.66,71.15,69.48,71.11,200500
2012-06-25,70.3,70.88,69.45,69.56,80400
2012-06-26,69.85,70.6,69.32,69.46,37700
2012-06-27,69.83,70.13,69.24,70.010002,18900
2012-06-28,69.62,70.55,69.27,70.55,35200
2012-06-29,71.23,71.63,70.76,71.61,25700
2012-07-02,71.97,72.040001,71.54,71.88,25600
2012-07-03,71.27,72.059998,71.27,72.059998,20000
2012-07-05,71.84,72.57,71.4,72.35,27900
2012-07-06,72.059998,72.22,71.38,71.89,23600
2012-07-09,71.15,71.51,70.57,70.88,20700
2012-07-10,70.82,71.0,70.26,70.52,17600
2012-07-11,70.83,71.35,70.12,70.77,28200
2012-07-12,70.75,71.17,70.34,70.85,25400
2012-07-13,71.13,72.13,70.95,71.96,38900
2012-07-16,71.53,72.37,71.32,71.83,26700
2012-07-17,72.0,72.0,71.029999,72.0,62100
2012-07-18,72.019997,73.15,72.019997,72.31,26200
2012-07-19,72.34,72.71,71.85,72.12,14400
2012-07-20,72.16,72.56,71.15,71.48,25300
2012-07-23,70.82,71.3,69.28,70.89,21000
2012-07-24,71.93,71.93,70.36,71.0,14600
2012-07-25,71.23,72.23,71.23,71.61,17800
2012-07-26,72.0,72.38,70.73,72.14,19000
2012-07-27,72.52,72.73,71.089996,71.81,30400
2012-07-30,71.75,72.34,71.53,71.76,17300
2012-07-31,71.59,71.7,70.73,71.29,16900
2012-08-01,71.75,71.75,70.16,70.46,33100
2012-08-02,70.36,70.77,70.0,70.43,26000
2012-08-03,67.0,71.080002,65.059998,65.93,52400
2012-08-06,65.97,66.87,65.53,65.75,35700
2012-08-07,65.73,66.32,63.8,64.15,52400
2012-08-08,63.76,64.44,61.13,64.059998,41900
2012-08-09,64.15,65.87,63.64,64.97,30600
2012-08-10,64.98,65.56,63.49,64.41,20900
2012-08-13,64.33,64.68,63.21,63.69,35800
2012-08-14,63.51,64.75,63.049999,63.18,14700
2012-08-15,63.13,63.81,62.8,63.73,33500
2012-08-16,64.19,64.19,62.89,63.42,29200
2012-08-17,63.36,63.89,63.060001,63.54,16000
2012-08-20,63.65,63.87,63.27,63.5,15200
2012-08-21,63.21,63.7,62.82,63.22,14200
2012-08-22,63.44,63.8,62.53,62.64,18000
2012-08-23,62.61,63.35,62.58,62.8,10300
2012-08-24,62.9,63.28,62.9,63.040001,8600
2012-08-27,63.18,63.43,62.88,63.11,7800
2012-08-28,62.9,64.11,62.9,63.61,19600
2012-08-29,63.93,64.26,62.34,63.85,28500
2012-08-30,63.44,63.79,62.8,63.7,25500
2012-08-31,63.98,64.2,63.36,63.77,24800
2012-09-04,63.84,64.029999,62.96,63.53,29100
2012-09-05,63.22,63.88,62.73,63.099998,43100
2012-09-06,63.92,64.34,62.76,64.2,32500
2012-09-07,64.019997,64.52,63.89,64.099998,17200
2012-09-10,64.07,64.3,63.61,63.65,14400
2012-09-11,63.68,64.69,63.68,64.54,20400
2012-09-12,64.46,64.54,63.51,64.16,28700
2012-09-13,63.74,64.47,63.6,64.42,40000
2012-09-14,64.5,64.57,63.7,64.0,33900
2012-09-17,63.26,64.34,63.0,63.64,38700
2012-09-18,63.96,64.15,63.24,63.78,22300
2012-09-19,63.48,64.3,62.95,63.3,18500
2012-09-20,62.83,63.6,62.6,62.96,16300
2012-09-21,63.35,64.6,62.13,64.6,185700
2012-09-24,64.35,65.79,64.3,64.87,40800
2012-09-25,65.34,65.6,64.56,64.56,32900
2012-09-26,64.83,66.080002,63.84,63.97,38900
2012-09-27,64.13,64.89,63.96,64.45,25500
2012-09-28,64.7,64.75,63.75,64.27,16500
2012-10-01,64.26,64.9,64.26,64.36,23300
2012-10-02,64.64,65.059998,63.86,64.23,57800
2012-10-03,63.84,64.33,63.060001,63.42,34300
2012-10-04,63.44,64.46,63.44,64.37,18200
2012-10-05,64.24,65.040001,64.24,64.77,17000
2012-10-08,64.95,65.25,64.45,65.029999,26700
2012-10-09,65.16,65.16,63.92,64.44,19100
2012-10-10,64.73,64.73,63.61,64.099998,15200
2012-10-11,63.96,64.35,63.7,63.81,18000
2012-10-12,64.080002,64.14,63.17,63.2,32100
2012-10-15,63.43,63.98,63.4,63.84,25000
2012-10-16,64.25,64.25,63.0099983,63.15,43500
2012-10-17,63.15,63.88,62.11,63.88,44600
2012-10-18,63.67,64.65,63.22,63.91,36800
2012-10-19,64.11,64.11,62.84,63.09,20500
2012-10-22,63.44,63.44,62.5,62.56,26700
2012-10-23,61.65,63.54,61.65,63.21,40000
2012-10-24,63.41,63.71,62.7,63.47,25000
2012-10-25,63.17,63.62,62.95,63.22,20700
2012-10-26,63.59,63.59,62.48,62.59,18300
2012-10-31,62.5,62.57,61.57,62.22,57200
2012-11-01,62.46,63.0099983,61.58,63.0099983,26100
2012-11-02,63.47,66.34,62.29,66.11,41600
2012-11-05,65.79,67.0,65.7,66.55,31100
2012-11-06,67.0,67.35,65.93,66.18,34100
2012-11-07,66.080002,66.63,64.97,65.82,36600
2012-11-08,66.31,66.84,65.8,66.3,32600
2012-11-09,66.25,66.89,66.07,66.43,31200
2012-11-12,66.74,66.84,65.040001,65.14,15800
2012-11-13,65.089996,65.83,64.5,64.83,20500
2012-11-14,65.0,65.0,64.18,64.51,12800
2012-11-15,64.26,64.87,64.11,64.62,16700
2012-11-16,64.9,66.44,64.66,66.44,23500
2012-11-19,66.37,66.39,64.53,65.25,49500
2012-11-20,66.71,67.019997,65.25,66.75,32300
2012-11-21,66.67,67.74,66.5,67.74,14900
2012-11-23,67.6,68.89,67.5,68.059998,12200
2012-11-26,68.21,68.92,67.97,68.55,21600
2012-11-27,68.47,69.12,68.38,68.88,22500
2012-11-28,70.99,70.99,68.099998,68.44,38200
2012-11-29,68.010002,69.050003,68.0,68.71,20300
2012-11-30,68.83,71.97,68.83,71.28,213000
2012-12-03,71.54,71.54,69.78,70.010002,45700
2012-12-04,70.07,70.6,69.69,70.47,23800
2012-12-05,68.17,68.96,68.059998,68.63,80400
2012-12-06,68.76,68.99,68.11,68.5,18200
2012-12-07,68.33,68.35,67.12,67.68,20600
2012-12-10,67.17,68.72,67.17,68.099998,18800
2012-12-11,67.73,68.49,67.0,67.55,27500
2012-12-12,67.2,68.46,67.2,68.040001,13400
2012-12-13,67.88,68.28,67.32,68.13,12900
2012-12-14,68.3,68.34,67.35,68.12,17900
2012-12-17,68.0,68.24,66.11,67.85,36300
2012-12-18,67.67,68.4,67.61,68.25,38900
2012-12-19,68.099998,69.16,68.099998,68.67,28400
2012-12-20,68.87,69.72,68.27,69.11,25000
2012-12-21,69.3,69.88,66.56,67.29,66400
2012-12-24,68.55,68.55,67.6,67.87,13200
2012-12-26,67.55,67.88,67.5,67.59,30500
2012-12-27,67.75,67.86,66.52,67.2,45000
2012-12-28,66.9,67.82,66.25,66.25,76100
2012-12-31,66.14,69.34,66.14,69.22,175500
2013-01-02,69.6,70.55,68.91,69.28,56900
2013-01-03,69.72,70.2,69.43,70.050003,68900
2013-01-04,70.089996,70.55,69.61,70.2,54200
2013-01-07,70.42,70.6,69.52,69.62,17900
2013-01-08,70.0,70.31,69.51,69.86,14500
2013-01-09,69.89,70.68,69.89,70.45,15400
2013-01-10,70.72,70.88,70.17,70.72,42400
2013-01-11,70.98,71.0,69.53,70.0,29500
2013-01-14,69.43,69.9,69.099998,69.32,26800
2013-01-15,68.85,69.99,68.73,69.65,28500
2013-01-16,69.75,69.77,69.19,69.63,19900
2013-01-17,69.8,69.8,69.019997,69.4,22000
2013-01-18,68.49,69.67,68.49,69.35,16200
2013-01-22,69.64,69.64,68.74,69.4,49400
2013-01-23,69.21,69.71,69.16,69.31,35500
2013-01-24,69.5,69.79,69.2,69.39,33100
2013-01-25,69.61,70.21,69.41,69.75,60300
2013-01-28,69.67,70.28,69.37,69.86,15100
2013-01-29,69.94,71.0,69.94,70.91,45600
2013-01-30,71.0,71.61,70.32,70.44,53200
2013-01-31,70.59,71.41,69.77,71.34,213500
2013-02-01,71.58,72.92,71.34,72.63,36200
2013-02-04,72.75,73.97,72.59,73.69,45800
2013-02-05,73.92,74.33,73.57,74.010002,40400
2013-02-06,73.88,74.15,73.4,74.13,23600
2013-02-07,74.019997,74.36,73.2,74.32,22500
2013-02-08,74.26,74.85,73.8,74.28,17700
2013-02-11,74.61,74.63,73.94,74.3,17600
2013-02-12,74.28,74.9,73.92,74.41,15200
2013-02-13,74.64,74.73,74.13,74.31,19500
2013-02-14,73.8,74.68,72.49,72.49,62800
2013-02-15,72.88,72.88,72.11,72.39,65400
2013-02-19,72.77,72.91,70.0,72.65,66800
2013-02-20,72.83,72.92,72.31,72.39,71700
2013-02-21,72.64,73.0,72.31,72.44,50300
2013-02-22,72.8,74.029999,72.56,73.85,29700
2013-02-25,74.15,74.64,71.65,71.98,31000
2013-02-26,72.46,73.74,72.39,73.040001,20500
2013-02-27,72.69,73.33,71.010002,72.080002,30600
2013-02-28,72.3,73.45,71.96,73.2,36800
2013-03-01,73.34,74.77,72.76,74.57,51300
2013-03-04,74.41,75.0,73.98,74.83,35800
2013-03-05,75.0,75.21,73.76,74.15,37300
2013-03-06,74.53,74.53,73.49,73.71,8300
2013-03-07,74.14,74.14,73.080002,73.51,34800
2013-03-08,73.55,73.94,73.19,73.36,34400
2013-03-11,73.49,73.8,72.93,73.63,23000
2013-03-12,73.56,74.5,73.28,74.14,20900
2013-03-13,74.089996,74.7,73.98,74.69,15900
2013-03-14,74.95,75.27,74.59,74.81,20100
2013-03-15,74.54,76.3,74.31,75.76,116900
2013-03-18,75.56,75.98,75.0,75.48,20500
2013-03-19,76.0,76.9,76.0,76.66,45200
2013-03-20,76.51,78.0,76.07,76.44,22400
2013-03-21,76.21,76.88,74.36,74.9,26300
2013-03-22,74.98,75.07,74.43,74.82,12500
2013-03-25,75.15,76.15,74.94,76.080002,17400
2013-03-26,75.92,76.24,75.29,75.81,11000
2013-03-27,75.37,75.58,75.029999,75.27,19000
2013-03-28,75.54,75.97,75.11,75.53,34100
2013-04-01,75.21,76.2,75.16,75.54,47900
2013-04-02,75.9,76.49,75.059998,75.91,21000
2013-04-03,75.65,76.42,74.37,74.64,31300
2013-04-04,74.91,74.96,74.14,74.96,5500
2013-04-05,74.67,75.34,74.48,74.88,13200
2013-04-08,75.040001,76.07,75.040001,75.86,14700
2013-04-09,75.81,76.07,75.44,75.63,24600
2013-04-10,75.94,76.59,75.31,76.28,24400
2013-04-11,76.42,77.85,76.34,77.84,25700
2013-04-12,78.0,78.0,76.96,77.24,12600
2013-04-15,77.3,77.38,75.66,75.69,19000
2013-04-16,76.2,77.46,75.0,77.18,38500
2013-04-17,77.21,77.21,75.56,76.2,18500
2013-04-18,76.68,77.029999,75.89,76.36,15200
2013-04-19,76.72,77.21,75.82,76.019997,23200
2013-04-22,76.54,78.0,75.6,77.51,28900
2013-04-23,77.86,78.0,77.53,77.85,31800
2013-04-24,78.0,78.47,77.48,78.29,25500
2013-04-25,78.14,79.59,78.14,79.41,22300
2013-04-26,79.31,79.61,78.53,79.17,31600
2013-04-29,79.029999,79.74,79.029999,79.26,17100
2013-04-30,79.15,79.99,78.5,79.57,21200
2013-05-01,79.15,80.69,78.79,79.32,22100
2013-05-02,79.59,80.099998,78.73,79.059998,13300
2013-05-03,79.22,80.54,78.91,79.94,14200
2013-05-06,79.78,80.38,78.79,80.040001,15100
2013-05-07,80.0,80.68,79.099998,80.68,7500
2013-05-08,80.68,81.67,80.58,81.31,21300
2013-05-09,81.42,81.88,79.8,80.11,17200
2013-05-10,81.0,81.0,79.68,80.92,23800
2013-05-13,80.9,81.32,80.42,80.94,11400
2013-05-14,81.11,81.69,80.79,81.36,19000
2013-05-15,81.3,82.7,81.059998,82.64,11000
2013-05-16,82.21,83.57,81.62,82.07,10100
2013-05-17,82.39,82.83,81.71,82.57,11200
2013-05-20,82.36,82.46,81.37,82.0,8800
2013-05-21,82.36,82.36,80.97,81.13,11500
2013-05-22,81.49,82.0,79.51,80.11,22800
2013-05-23,79.99,80.32,79.12,80.28,12000
2013-05-24,79.91,80.17,79.5,80.17,5400
2013-05-28,80.26,80.26,77.82,78.55,27400
2013-05-29,77.87,77.87,74.040001,75.14,48300
2013-05-30,75.2,75.24,73.099998,73.5,134600
2013-05-31,72.88,76.17,72.88,75.91,53200
2013-06-03,76.38,79.53,75.51,76.22,32400
2013-06-04,76.5,76.5,75.07,75.85,30100
2013-06-05,75.85,75.85,74.47,74.5,21600
2013-06-06,74.68,75.45,73.6,75.13,27400
2013-06-07,75.26,76.3,75.26,75.93,16800
2013-06-10,76.18,77.97,76.18,77.83,6700
2013-06-11,77.82,77.82,76.5,76.56,19200
2013-06-12,77.019997,77.56,76.59,77.5,19200
2013-06-13,77.49,78.61,76.94,78.36,15200
2013-06-14,78.32,78.32,77.42,77.5,8700
2013-06-17,78.040001,78.040001,75.0,75.33,18000
2013-06-18,75.17,77.23,75.040001,77.21,22000
2013-06-19,76.83,76.83,74.93,75.010002,11400
2013-06-20,74.97,75.45,74.040001,74.28,31700
2013-06-21,74.76,75.65,73.31,73.89,37900
2013-06-24,73.45,73.45,72.51,72.69,21600
2013-06-25,73.52,75.52,72.72,75.27,34900
2013-06-26,75.96,79.53,75.18,78.86,134400
2013-06-27,78.71,80.3,78.7,79.34,48200
2013-06-28,78.86,80.47,78.86,79.69,145100
2013-07-01,79.34,81.27,79.099998,81.25,37900
2013-07-02,80.79,81.0,79.019997,80.22,20900
2013-07-03,79.95,80.0,79.15,79.59,10700
2013-07-05,79.75,80.0,79.059998,80.0,25300
2013-07-08,80.45,80.45,79.71,80.0,24600
2013-07-09,80.0,80.0,78.89,79.73,19200
2013-07-10,79.75,80.029999,79.2,79.58,35700
2013-07-11,80.010002,80.45,79.75,80.4,24800
2013-07-12,80.099998,81.73,79.73,81.35,24300
2013-07-15,81.27,82.25,81.27,81.8,26700
2013-07-16,81.51,82.57,81.36,82.12,19700
2013-07-17,82.49,82.77,81.87,82.49,18600
2013-07-18,82.5,82.71,81.96,82.4,32300
2013-07-19,82.81,82.81,81.9,82.4,13400
2013-07-22,82.82,83.24,82.12,82.59,12900
2013-07-23,83.089996,83.089996,81.23,81.37,30700
2013-07-24,82.36,82.36,80.0,80.27,30400
2013-07-25,80.0,82.11,80.0,81.84,29900
2013-07-26,81.86,81.86,80.51,81.040001,18200
2013-07-29,81.24,81.33,79.71,79.86,16100
2013-07-30,80.36,80.36,79.24,79.89,12600
2013-07-31,80.4,80.41,79.9,80.37,26700
2013-08-01,80.61,80.8,79.23,80.0,25600
2013-08-02,80.0,80.0,78.2,79.15,28400
2013-08-05,78.68,78.68,76.47,77.19,26400
2013-08-06,77.33,78.47,76.88,78.029999,25300
2013-08-07,78.029999,78.74,77.24,77.43,25800
2013-08-08,77.41,77.98,76.48,77.22,10500
2013-08-09,77.24,77.82,76.72,77.41,31000
2013-08-12,77.36,77.91,77.07,77.48,16700
2013-08-13,77.8,78.66,75.75,76.2,28300
2013-08-14,76.94,77.38,75.76,76.91,15200
2013-08-15,76.88,76.88,75.7,75.77,11600
2013-08-16,75.7,76.050003,75.4,75.83,11800
2013-08-19,76.2,76.2,74.86,74.9,8300
2013-08-20,75.0,75.94,74.59,75.66,16700
2013-08-21,75.19,75.24,74.13,74.82,15500
2013-08-22,74.56,75.36,74.55,75.010002,12000
2013-08-23,75.41,75.77,74.62,75.25,37900
2013-08-26,75.33,75.53,74.73,74.81,9800
2013-08-27,74.55,75.010002,74.28,74.47,10900
2013-08-28,74.0,74.89,73.85,74.089996,15000
2013-08-29,74.21,74.9,73.84,74.44,13500
2013-08-30,74.86,74.89,73.74,73.76,22200
2013-09-03,74.58,74.58,72.9,73.44,19500
2013-09-04,73.42,74.019997,73.42,74.019997,14500
2013-09-05,74.65,75.24,74.3,74.44,13300
2013-09-06,75.059998,75.059998,73.4,73.4,16300
2013-09-09,73.93,74.87,73.49,74.62,7600
2013-09-10,74.99,75.78,74.59,74.81,19000
2013-09-11,74.52,74.89,74.15,74.23,8200
2013-09-12,74.56,74.79,73.65,73.83,9100
2013-09-13,74.010002,74.37,73.7,73.9,46600
2013-09-16,74.88,74.88,74.0,74.25,9500
2013-09-17,74.36,74.78,74.059998,74.13,17100
2013-09-18,74.42,74.74,74.089996,74.15,33100
2013-09-19,74.68,74.68,74.19,74.25,26200
2013-09-20,74.6,74.82,74.089996,74.11,63300
2013-09-23,74.25,74.52,73.51,73.64,16900
2013-09-24,73.94,74.36,73.52,73.62,14800
2013-09-25,74.059998,76.34,73.89,75.93,35700
2013-09-26,76.029999,76.45,73.57,73.98,26600
2013-09-27,73.62,74.5,73.4,73.49,47000
2013-09-30,73.32,73.41,72.26,72.47,42500
2013-10-01,72.79,73.089996,72.019997,72.59,42800
2013-10-02,71.3,71.79,70.9,71.44,51500
2013-10-03,71.43,71.61,70.7,71.11,55300
2013-10-04,70.79,71.44,70.79,71.22,25400
2013-10-07,70.76,71.38,70.54,70.6,10400
2013-10-08,70.5,71.24,69.31,69.42,18300
2013-10-09,69.7,70.099998,68.83,69.48,24900
2013-10-10,70.2,71.22,70.19,70.38,27200
2013-10-11,70.5,71.37,70.5,70.85,9700
2013-10-14,70.47,71.27,70.47,71.0,21300
2013-10-15,70.75,71.74,70.62,71.14,22500
2013-10-16,71.59,71.62,71.13,71.14,24600
2013-10-17,70.95,72.41,70.95,71.99,45800
2013-10-18,72.6,72.65,71.64,72.26,37400
2013-10-21,72.32,73.0,72.14,72.99,23200
2013-10-22,72.8,74.38,72.8,74.14,27500
2013-10-23,73.81,74.68,73.65,73.81,23700
2013-10-24,74.7,74.72,73.65,74.13,15000
2013-10-25,74.44,74.67,73.93,74.23,12500
2013-10-28,74.36,74.58,72.52,74.22,13800
2013-10-29,74.54,74.72,73.22,73.48,41200
2013-10-30,73.6,74.25,72.46,72.66,20300
2013-10-31,72.97,73.31,71.82,71.82,32500
2013-11-01,71.010002,72.49,70.019997,71.12,21400
2013-11-04,71.31,71.54,70.25,70.75,21700
2013-11-05,70.75,71.26,70.029999,70.3,11900
2013-11-06,70.7,71.24,69.81,69.82,10500
2013-11-07,70.010002,71.25,69.74,70.93,27100
2013-11-08,70.66,72.41,70.66,71.36,17200
2013-11-11,71.2,71.32,70.38,70.43,11200
2013-11-12,70.86,71.2,69.87,70.37,13400
2013-11-13,70.2,70.76,69.5,69.64,16900
2013-11-14,70.25,71.029999,70.25,70.75,11300
2013-11-15,70.42,71.37,70.019997,70.029999,19500
2013-11-18,70.6,71.050003,70.23,70.35,11600
2013-11-19,69.92,70.87,69.7,69.94,16900
2013-11-20,70.0,70.42,69.93,70.24,5500
2013-11-21,70.12,70.3,69.95,70.12,19900
2013-11-22,70.21,70.56,69.69,69.79,27300
2013-11-25,70.07,70.38,69.81,70.089996,7200
2013-11-26,70.25,71.28,70.12,70.28,26400
2013-11-27,70.74,71.87,70.74,71.18,21500
2013-11-29,71.88,73.0,71.040001,72.99,27800
2013-12-02,72.35,72.94,71.41,72.65,26600
2013-12-03,72.68,72.99,71.059998,71.5,35100
2013-12-04,71.5,71.61,70.12,70.28,27800
2013-12-05,70.089996,70.68,70.0,70.089996,27100
2013-12-06,70.39,70.98,70.0,70.35,25300
2013-12-09,70.31,72.47,70.31,71.6,23100
2013-12-10,71.5,71.95,70.75,70.98,18400
2013-12-11,70.98,71.6,70.22,70.5,14100
2013-12-12,70.43,70.89,70.25,70.25,16800
2013-12-13,70.28,70.28,70.28,70.28,0
2013-12-16,70.37,71.089996,70.11,70.65,21300
2013-12-17,70.83,71.16,70.12,70.31,21400
2013-12-18,70.74,72.7,70.61,72.13,29900
2013-12-19,72.13,72.37,70.25,70.39,22000
2013-12-20,70.81,71.27,70.0,71.12,106200
2013-12-23,71.099998,72.010002,70.68,71.9,25500
2013-12-24,71.36,71.8,70.66,71.51,6800
2013-12-26,71.010002,72.27,70.58,71.53,22900
2013-12-27,71.92,72.61,71.48,72.48,12100
2013-12-30,72.6,73.089996,72.0,72.63,24600
2013-12-31,73.72,73.72,72.75,73.12,21600
2014-01-02,73.0,73.24,72.0,72.33,42300
2014-01-03,72.14,72.5,71.45,72.040001,25900
2014-01-06,72.32,72.35,71.49,71.57,27200
2014-01-07,72.23,72.48,71.63,72.059998,13000
2014-01-08,72.07,72.42,71.54,72.21,17400
2014-01-09,72.019997,72.24,71.6,72.019997,11700
2014-01-10,71.69,72.0,71.16,71.39,49100
2014-01-13,71.78,72.050003,71.16,71.22,21200
2014-01-14,71.68,72.35,71.41,71.89,22000
2014-01-15,71.64,72.49,71.6,72.38,17100
2014-01-16,72.0,72.63,71.75,72.63,17600
2014-01-17,72.62,72.99,71.91,72.37,18400
2014-01-21,72.58,72.68,71.66,71.78,18200
2014-01-22,72.21,72.99,71.41,71.62,29400
2014-01-23,71.36,71.95,70.67,71.31,22400
2014-01-24,70.8,71.080002,69.86,70.099998,19800
2014-01-27,70.099998,70.59,69.099998,69.55,22400
2014-01-28,69.3,69.76,69.0,69.67,22500
2014-01-29,69.099998,71.61,69.099998,69.4,31200
2014-01-30,69.66,70.23,69.13,70.040001,13600
2014-01-31,69.33,70.61,69.33,70.17,21300
2014-02-03,69.82,69.82,67.68,67.7,27900
2014-02-04,67.85,68.92,67.85,68.16,22000
2014-02-05,68.3,69.28,68.0,68.62,24700
2014-02-06,68.57,69.87,67.9,68.4,45600
2014-02-07,69.050003,69.65,67.49,68.43,32600
2014-02-10,68.11,69.77,67.92,69.22,28600
2014-02-11,69.57,69.57,68.99,69.27,23200
2014-02-12,68.99,69.5,68.93,69.39,33700
2014-02-13,68.72,70.44,68.72,69.42,21300
2014-02-14,69.71,71.18,69.71,70.54,15500
2014-02-18,70.87,70.87,70.040001,70.61,13500
2014-02-19,70.12,70.38,69.43,69.81,11400
2014-02-20,70.0,70.7,69.67,70.59,11200
2014-02-21,70.84,71.07,69.89,70.29,13900
2014-02-24,70.010002,71.12,69.78,69.8,20700
2014-02-25,69.96,70.48,69.6,70.12,9400
2014-02-26,69.79,70.87,69.21,70.44,17000
2014-02-27,70.099998,71.57,70.089996,71.38,23000
2014-02-28,71.86,72.99,71.69,72.58,28100
2014-03-03,72.4,74.0,72.4,73.29,28100
2014-03-04,73.5,74.85,73.23,74.57,36400
2014-03-05,74.18,74.66,73.36,74.48,23000
2014-03-06,74.46,74.46,71.66,71.84,64000
2014-03-07,72.35,72.71,70.14,70.52,74000
2014-03-10,70.57,71.33,70.32,70.98,51900
2014-03-11,70.71,72.13,69.73,70.86,50100
2014-03-12,70.41,70.63,69.42,70.050003,62400
2014-03-13,70.29,70.59,69.8,69.98,55100
2014-03-14,69.98,70.25,69.6,69.72,42500
2014-03-17,70.099998,70.12,68.37,68.57,61800
2014-03-18,68.8,69.95,68.0,69.32,79600
2014-03-19,69.23,69.23,67.44,67.77,112700
2014-03-20,67.8,68.75,67.8,68.35,94700
2014-03-21,69.14,69.14,66.55,66.63,774000
2014-03-24,66.65,68.65,66.65,67.44,116500
2014-03-25,67.49,69.0,67.23,68.68,74600
2014-03-26,67.4,69.15,67.4,68.91,54200
2014-03-27,68.93,68.97,67.82,68.55,82300
2014-03-28,68.59,69.14,68.14,68.57,60300
2014-03-31,68.86,69.8,68.86,69.76,56100
2014-04-01,70.0,70.94,69.79,70.91,70600
2014-04-02,70.82,71.71,70.7,71.38,82000
2014-04-03,70.86,71.080002,69.86,70.67,88700
2014-04-04,71.11,71.38,70.13,70.58,57900
2014-04-07,70.61,70.61,69.25,69.42,31600
2014-04-08,69.07,69.65,68.88,69.64,53200
2014-04-09,69.82,70.080002,69.019997,69.69,30000
2014-04-10,69.37,70.07,68.45,68.88,43500
2014-04-11,68.88,68.9,68.089996,68.72,36100
2014-04-14,69.019997,69.55,68.72,69.07,42300
2014-04-15,69.27,69.7,68.55,69.6,53100
2014-04-16,69.76,70.65,69.7,69.97,33000
2014-04-17,69.77,70.19,69.56,69.94,26800
2014-04-21,70.050003,70.87,69.81,70.099998,30800
2014-04-22,70.54,71.61,70.2,71.13,60100
2014-04-23,71.45,71.45,70.31,70.38,52700
2014-04-24,70.88,71.16,70.73,70.8,22900
2014-04-25,70.97,71.19,70.37,71.019997,33300
2014-04-28,71.2,71.91,70.53,71.41,43600
2014-04-29,71.67,71.97,71.15,71.46,56700
2014-04-30,71.66,71.76,70.5,71.65,32800
2014-05-01,71.39,71.77,70.69,71.5,57300
2014-05-02,72.0,74.89,71.91,74.88,64400
2014-05-05,74.69,75.91,73.75,75.74,69100
2014-05-06,75.92,75.92,74.43,75.019997,50700
2014-05-07,75.4,75.5,74.77,75.44,48300
2014-05-08,75.7,76.39,75.2,75.87,56700
2014-05-09,75.95,76.040001,75.050003,75.79,36900
2014-05-12,75.7,76.17,75.5,76.14,42800
2014-05-13,75.95,76.8,75.73,76.4,72800
2014-05-14,76.5,76.62,76.059998,76.089996,67300
2014-05-15,76.089996,76.87,76.089996,76.67,69200
2014-05-16,76.67,76.68,75.5,76.3,80700
2014-05-19,76.53,76.75,76.050003,76.71,36900
2014-05-20,76.6,76.6,75.88,76.37,53100
2014-05-21,76.56,77.28,76.3,76.65,34100
2014-05-22,76.76,76.76,76.080002,76.63,26400
2014-05-23,76.42,76.74,76.23,76.35,19200
2014-05-27,76.5,76.75,73.58,76.42,38800
2014-05-28,76.56,76.56,75.56,76.050003,39500
2014-05-29,76.12,76.25,75.8,75.82,39600
2014-05-30,76.029999,76.029999,75.65,75.73,30800
2014-06-02,75.72,75.99,75.35,75.65,31700
2014-06-03,75.43,75.69,74.26,75.52,38100
2014-06-04,75.22,76.0,75.089996,75.93,22500
2014-06-05,76.0,76.68,75.76,76.5,31500
2014-06-06,76.75,76.75,76.33,76.66,27600
2014-06-09,76.85,77.0,76.3,76.55,59500
2014-06-10,76.73,76.74,76.25,76.33,42200
2014-06-11,76.38,76.38,75.48,75.48,28300
2014-06-12,75.38,75.54,74.96,75.44,36600
2014-06-13,75.71,75.71,74.53,74.75,23500
2014-06-16,74.89,74.89,73.83,74.24,32900
2014-06-17,74.44,75.44,74.44,75.010002,39700
2014-06-18,75.099998,75.6,74.55,75.37,36700
2014-06-19,75.43,75.68,75.040001,75.059998,28700
2014-06-20,75.45,75.74,74.66,75.57,169400
2014-06-23,75.84,75.95,75.23,75.5,47700
2014-06-24,75.64,75.8,74.75,74.81,39600
2014-06-25,74.57,74.81,74.07,74.57,52600
2014-06-26,74.7,74.7,73.75,73.95,16600
2014-06-27,74.07,74.31,73.72,74.21,82400
2014-06-30,74.32,75.32,74.25,75.26,60300
2014-07-01,74.92,75.75,74.8,75.4,35100
2014-07-02,75.65,75.7,74.42,74.73,51200
2014-07-03,74.96,75.34,74.66,75.040001,76800
2014-07-07,74.88,75.12,74.27,74.53,47200
2014-07-08,74.42,74.49,73.63,73.86,36000
2014-07-09,74.16,74.19,73.61,73.67,19400
2014-07-10,73.37,73.74,73.13,73.36,27800
2014-07-11,73.13,73.63,73.050003,73.35,28000
2014-07-14,73.8,73.83,73.46,73.69,20800
2014-07-15,73.58,73.94,72.51,72.63,45800
2014-07-16,72.8,73.19,72.64,72.99,34800
2014-07-17,72.97,73.57,72.58,72.76,32100
2014-07-18,73.15,73.29,72.88,73.28,30200
2014-07-21,73.33,73.72,72.46,72.73,15500
2014-07-22,73.080002,73.080002,72.37,72.63,36200
2014-07-23,72.98,73.050003,72.55,72.97,30700
2014-07-24,73.18,73.57,72.84,73.19,20800
2014-07-25,73.11,73.92,72.71,72.86,39400
2014-07-28,72.9,73.4,72.86,73.13,34700
2014-07-29,73.24,73.42,72.78,72.91,39800
2014-07-30,73.29,73.46,72.99,73.16,35300
2014-07-31,72.98,73.69,72.79,73.22,73800
2014-08-01,73.5,74.9,72.82,74.089996,54400
2014-08-04,74.31,74.57,73.47,74.11,51400
2014-08-05,73.75,73.83,73.26,73.56,36600
2014-08-06,73.46,74.27,73.28,74.029999,19500
2014-08-07,73.85,73.98,73.49,73.63,15300
2014-08-08,73.95,74.73,73.77,74.62,17900
2014-08-11,74.72,74.95,74.5,74.65,15500
2014-08-12,74.63,74.96,74.57,74.78,13600
2014-08-13,74.98,75.63,74.85,75.22,16800
2014-08-14,75.39,75.86,74.91,75.6,16800
2014-08-15,75.96,76.36,75.019997,75.66,14800
2014-08-18,76.029999,76.68,75.64,76.51,25300
2014-08-19,76.58,76.82,76.25,76.82,22300
2014-08-20,76.52,76.78,76.3,76.39,22500
2014-08-21,76.41,76.88,76.099998,76.84,18100
2014-08-22,76.76,76.88,75.71,76.16,28900
2014-08-25,76.3,76.86,75.87,75.89,24400
2014-08-26,76.17,77.040001,75.96,76.79,34100
2014-08-27,77.040001,77.040001,76.79,76.8,22600
2014-08-28,76.89,77.019997,76.53,76.8,23200
2014-08-29,77.010002,77.010002,76.5,76.51,24900
2014-09-02,76.83,77.78,76.8,77.56,23400
2014-09-03,77.6,77.71,76.99,77.16,17400
2014-09-04,77.49,77.71,76.93,77.17,18100
2014-09-05,77.32,77.44,76.6,77.059998,13400
2014-09-08,77.53,77.69,77.15,77.31,14800
2014-09-09,77.51,77.58,76.95,76.95,21100
2014-09-10,76.96,77.5,76.75,76.9,16600
2014-09-11,76.99,77.49,76.93,77.17,18400
2014-09-12,77.38,77.49,76.78,76.78,26000
2014-09-15,76.98,77.42,76.76,77.21,17600
2014-09-16,77.15,77.5,76.96,77.39,13700
2014-09-17,77.5,77.94,77.32,77.46,21500
2014-09-18,77.78,78.91,77.46,78.48,18600
2014-09-19,78.37,78.98,77.61,78.38,59900
2014-09-22,78.45,78.92,77.61,77.62,16600
2014-09-23,77.73,78.029999,76.52,76.58,26400
2014-09-24,76.83,76.97,76.41,76.71,24400
2014-09-25,76.77,77.0,75.45,75.65,25600
2014-09-26,75.93,76.84,75.23,76.68,24400
2014-09-29,76.53,76.91,76.17,76.87,23000
2014-09-30,76.45,76.89,75.81,75.81,32700
2014-10-01,75.96,76.2,74.99,75.72,35200
2014-10-02,75.92,78.010002,75.92,77.78,50400
2014-10-03,78.13,80.0,78.13,78.98,101200
2014-10-06,79.65,79.65,78.2,78.42,44500
2014-10-07,78.22,78.8,77.47,77.8,27300
2014-10-08,77.59,78.99,77.48,78.62,22400
2014-10-09,78.77,78.77,77.31,77.71,22700
2014-10-10,77.96,79.07,77.77,78.33,33500
2014-10-13,78.53,79.0,78.27,78.84,31400
2014-10-14,78.85,79.61,78.57,78.84,38000
2014-10-15,78.23,78.44,76.36,78.15,34300
2014-10-16,76.88,79.48,76.31,78.5,42600
2014-10-17,79.4,80.74,78.49,80.21,36600
2014-10-20,81.84,84.38,78.22,79.029999,74700
2014-10-21,79.81,80.5,79.27,80.29,74500
2014-10-22,80.59,81.98,80.55,81.31,57400
2014-10-23,82.019997,82.4,81.59,81.97,45900
2014-10-24,82.33,82.38,81.51,82.25,35400
2014-10-27,82.25,83.089996,81.58,82.84,28600
2014-10-28,83.52,84.0,82.31,83.99,38500
2014-10-29,84.0,84.94,83.48,83.8,40600
2014-10-30,84.080002,84.67,83.28,84.53,26700
2014-10-31,83.099998,85.3,83.099998,84.87,55500
2014-11-03,85.12,85.35,83.099998,85.0,39100
2014-11-04,85.15,85.87,84.43,85.87,35900
2014-11-05,86.0,86.0,85.23,85.49,42900
2014-11-06,85.79,86.0,84.24,85.0,34500
2014-11-07,84.98,85.72,84.53,85.5,25200
2014-11-10,85.41,86.0,85.24,85.81,38200
2014-11-11,86.0,86.0,85.12,85.64,21800
2014-11-12,85.69,85.86,85.15,85.48,22700
2014-11-13,85.23,86.0,85.23,85.85,17700
2014-11-14,86.0,86.0,84.47,84.71,18500
2014-11-17,84.7,85.34,84.16,85.089996,23500
2014-11-18,85.34,85.8,84.65,84.78,27200
2014-11-19,84.9,84.9,84.15,84.66,9000
2014-11-20,84.14,85.16,84.14,85.16,44900
2014-11-21,85.8,85.99,85.18,85.41,23400
2014-11-24,85.38,87.2,85.38,86.92,47300
2014-11-25,86.77,87.46,86.38,87.29,37000
2014-11-26,87.69,88.099998,87.029999,87.54,22800
2014-11-28,87.79,88.32,87.099998,87.23,12700
2014-12-01,87.11,87.5,86.7,86.77,21300
2014-12-02,87.36,88.75,87.36,88.2,13700
2014-12-03,88.69,88.69,87.85,88.34,20900
2014-12-04,88.52,89.91,88.0,89.73,24000
2014-12-05,90.34,90.35,89.010002,89.59,17400
2014-12-08,89.59,94.0,89.59,93.35,76600
2014-12-09,92.98,94.0,90.96,92.61,39900
2014-12-10,92.97,93.71,91.25,91.78,21600
2014-12-11,92.24,93.17,91.33,92.050003,38900
2014-12-12,91.37,92.55,90.67,90.79,20800
2014-12-15,91.62,91.97,88.19,88.76,67900
2014-12-16,88.019997,90.099998,88.019997,88.75,62500
2014-12-17,88.75,89.7,88.099998,88.95,42900
2014-12-18,89.2,89.53,88.86,89.43,39700
2014-12-19,88.71,89.38,88.43,88.58,141300
2014-12-22,88.6,89.73,88.6,89.52,39900
2014-12-23,89.92,90.76,89.3,90.4,26800
2014-12-24,90.31,91.7,90.31,90.77,30500
2014-12-26,90.68,90.9,89.75,89.81,28200
2014-12-29,90.010002,91.81,89.67,91.23,67500
2014-12-30,91.33,92.19,88.0,91.54,23600
2014-12-31,92.099998,92.099998,90.64,90.77,35400
2015-01-02,90.54,90.97,88.72,89.34,28200
2015-01-05,88.4,89.24,85.86,86.12,83700
2015-01-06,85.78,86.46,83.89,84.11,246600
2015-01-07,84.9,86.42,84.24,86.31,59500
2015-01-08,86.94,88.35,86.37,88.24,57100
2015-01-09,88.74,89.37,87.11,87.12,40500
2015-01-12,87.47,87.96,86.8,87.75,41900
2015-01-13,88.43,89.29,87.48,88.21,53000
2015-01-14,87.45,88.71,86.87,87.79,46400
2015-01-15,88.49,88.95,87.27,87.69,37200
2015-01-16,88.019997,88.81,87.37,88.41,39200
2015-01-20,88.58,89.16,87.5,87.88,40000
2015-01-21,88.029999,88.51,87.25,87.86,27800
2015-01-22,88.4,90.0,87.69,90.0,45600
2015-01-23,90.24,90.29,89.44,89.44,12900
2015-01-26,89.64,90.22,89.0,89.8,31100
2015-01-27,88.93,90.07,88.010002,89.13,33600
2015-01-28,89.92,89.99,88.61,88.64,36600
2015-01-29,89.040001,89.73,88.099998,88.91,21500
2015-01-30,88.72,89.010002,86.51,86.66,40700
2015-02-02,87.16,90.0,86.41,89.81,47800
2015-02-03,90.089996,90.52,89.0,89.94,43000
2015-02-04,89.61,90.68,89.4,89.72,44500
2015-02-05,90.12,90.76,89.78,90.66,38800
2015-02-06,90.83,91.78,89.94,90.49,52800
2015-02-09,90.72,90.72,88.7,89.14,44800
2015-02-10,89.72,89.95,87.89,89.61,35400
2015-02-11,90.059998,90.91,88.37,90.63,29800
2015-02-12,90.77,91.059998,90.29,91.050003,29000
2015-02-13,90.71,91.31,90.42,90.87,25800
2015-02-17,91.099998,92.73,90.9,91.56,41300
2015-02-18,91.57,92.54,91.43,92.36,60700
2015-02-19,92.47,93.040001,91.57,92.2,20400
2015-02-20,92.51,92.75,91.63,92.49,21600
2015-02-23,92.47,93.010002,91.74,93.010002,33800
2015-02-24,93.059998,93.62,92.29,92.74,35800
2015-02-25,92.74,92.89,91.16,91.68,46400
2015-02-26,91.84,92.76,91.23,92.57,36500
2015-02-27,92.2,92.2,85.010002,86.91,118100
2015-03-02,86.37,88.0,85.86,87.49,64300
2015-03-03,87.089996,87.68,86.0,86.7,60200
2015-03-04,86.41,86.41,85.0,85.12,35200
2015-03-05,84.97,86.47,84.56,86.099998,42900
2015-03-06,85.79,86.18,84.34,84.98,34100
2015-03-09,85.39,85.88,84.41,85.2,32500
2015-03-10,85.099998,85.099998,84.019997,84.18,42100
2015-03-11,84.37,85.58,84.17,84.9,48800
2015-03-12,85.15,87.6,84.94,87.42,36100
2015-03-13,87.17,87.41,85.99,87.11,32100
2015-03-16,87.019997,88.3,87.019997,87.92,41900
2015-03-17,87.75,88.56,87.5,88.0,37400
2015-03-18,87.6,88.63,86.63,88.059998,147100
2015-03-19,87.58,88.49,86.58,87.8,73500
2015-03-20,88.0,90.35,87.52,89.9,275700
2015-03-23,89.9,91.38,89.050003,90.97,91400
2015-03-24,90.87,90.93,89.35,89.43,33200
2015-03-25,89.85,89.85,87.29,87.37,47600
2015-03-26,87.31,87.8,86.32,86.43,45400
2015-03-27,86.26,87.11,85.47,86.39,68400
2015-03-30,86.94,88.76,86.94,88.54,27200
2015-03-31,88.22,88.22,86.9,87.26,35300
2015-04-01,87.5,87.59,86.53,87.15,43000
2015-04-02,86.79,87.15,86.010002,86.47,40400
2015-04-06,85.9,86.88,85.38,86.61,40900
2015-04-07,86.74,86.86,85.79,85.87,32600
2015-04-08,86.07,86.37,85.73,86.029999,15700
2015-04-09,86.18,86.18,84.51,85.61,35200
2015-04-10,86.11,86.11,84.91,85.39,22200
2015-04-13,85.059998,86.6,85.059998,86.59,32000
2015-04-14,86.089996,86.9,85.74,86.26,22600
2015-04-15,86.86,86.86,85.78,86.029999,37100
2015-04-16,86.13,86.63,85.28,85.53,39600
2015-04-17,85.17,85.18,83.85,84.44,28800
2015-04-20,85.040001,86.040001,84.95,85.78,35900
2015-04-21,86.26,86.26,85.15,85.68,24300
2015-04-22,86.010002,86.010002,84.27,85.43,34400
2015-04-23,85.63,86.18,85.56,85.88,20000
2015-04-24,85.92,86.07,85.2,85.67,24500
2015-04-27,85.4,86.17,84.12,84.55,40100
2015-04-28,84.15,85.64,84.15,84.55,37900
2015-04-29,84.45,85.089996,83.54,83.68,32400
2015-04-30,83.32,83.89,82.17,82.75,41200
2015-05-01,82.33,84.36,79.0,80.11,58400
2015-05-04,80.45,82.19,79.5,80.57,37800
2015-05-05,80.63,80.74,80.0,80.27,39500
2015-05-06,80.13,80.71,79.68,80.38,21800
2015-05-07,80.16,81.53,80.16,80.98,18700
2015-05-08,81.56,81.8,80.94,81.53,26000
2015-05-11,81.22,81.47,80.28,81.010002,20400
2015-05-12,80.43,81.13,80.21,80.63,13700
2015-05-13,80.78,81.24,80.4,81.019997,23900
2015-05-14,81.49,81.78,80.47,81.73,46900
2015-05-15,81.28,82.36,80.61,80.89,26900
2015-05-18,80.67,81.64,80.35,81.51,34400
2015-05-19,81.41,81.86,81.26,81.64,20000
2015-05-20,81.97,81.97,81.25,81.61,23300
2015-05-21,81.61,81.61,80.53,81.11,13000
2015-05-22,81.12,81.86,80.67,80.95,25400
2015-05-26,80.84,80.95,80.25,80.72,18900
2015-05-27,80.62,81.93,80.62,81.54,33500
2015-05-28,81.59,82.41,81.45,82.22,23500
2015-05-29,82.0,82.88,81.12,81.33,61200
2015-06-01,82.14,82.92,81.2,81.38,24300
2015-06-02,81.16,81.42,80.66,80.67,22000
2015-06-03,80.75,81.49,80.34,81.12,51400
2015-06-04,81.23,81.4,80.67,80.67,20800
2015-06-05,81.0,81.0,79.9,80.080002,26100
2015-06-08,79.9,80.72,79.9,80.019997,26900
2015-06-09,80.099998,80.68,79.53,80.11,31000
2015-06-10,80.58,81.47,79.6,81.27,24200
2015-06-11,81.76,82.68,81.69,82.37,26300
2015-06-12,82.39,83.46,81.98,82.12,19400
2015-06-15,81.82,82.88,81.59,81.88,25900
2015-06-16,82.050003,84.91,82.050003,82.68,20800
2015-06-17,83.17,83.42,82.099998,82.38,24100
2015-06-18,82.85,84.050003,82.099998,83.080002,35500
2015-06-19,83.55,83.91,82.81,83.0,57600
2015-06-22,82.83,83.3,82.77,82.92,36400
2015-06-23,83.24,84.040001,82.76,83.13,32700
2015-06-24,82.78,83.29,82.11,82.29,25200
2015-06-25,82.54,83.07,81.85,82.019997,34900
2015-06-26,81.97,82.84,81.45,81.62,125100
2015-06-29,81.39,81.83,80.54,80.99,56700
2015-06-30,81.59,82.26,80.99,82.07,78600
2015-07-01,82.65,84.64,82.62,84.64,57700
2015-07-02,84.21,84.28,82.7,83.38,54900
2015-07-06,83.029999,83.84,82.79,83.5,27000
2015-07-07,83.26,84.51,83.099998,84.4,19700
2015-07-08,83.62,84.4,83.099998,83.48,39200
2015-07-09,84.0,84.26,83.0,83.79,30600
2015-07-10,84.13,84.98,84.059998,84.83,18400
2015-07-13,85.59,85.59,84.11,84.6,24700
2015-07-14,84.58,84.71,84.14,84.29,39400
2015-07-15,84.36,84.47,84.010002,84.25,24900
2015-07-16,83.99,84.87,83.9,84.85,32000
2015-07-17,85.089996,85.089996,84.23,84.52,18800
2015-07-20,84.94,84.94,83.65,83.94,42400
2015-07-21,84.16,84.16,82.83,82.87,37000
2015-07-22,83.3,83.93,82.99,83.49,23400
2015-07-23,83.5,83.93,82.9,83.080002,30300
2015-07-24,83.11,83.83,82.83,82.99,19500
2015-07-27,82.59,83.25,81.78,82.35,40400
2015-07-28,83.18,83.18,81.42,81.8,42300
2015-07-29,81.91,82.36,81.46,81.82,56200
2015-07-30,81.71,82.22,81.27,81.53,42400
2015-07-31,83.080002,87.99,82.39,86.31,64700
2015-08-03,86.38,86.77,86.019997,86.37,40300
2015-08-04,86.5,86.82,85.76,86.41,48700
2015-08-05,86.61,86.75,85.76,86.17,29300
2015-08-06,86.29,86.53,84.95,85.68,34400
2015-08-07,85.75,86.25,84.85,86.2,31600
2015-08-10,86.7,86.85,85.8,85.91,21400
2015-08-11,85.79,86.56,85.12,86.019997,27100
2015-08-12,85.93,86.0,84.83,85.15,40200
2015-08-13,85.2,85.77,84.2,85.69,18500
2015-08-14,85.69,87.050003,85.07,86.79,56700
2015-08-17,86.24,87.53,85.7,87.53,36700
2015-08-18,87.29,88.2,86.59,87.82,34200
2015-08-19,87.66,88.029999,87.15,87.61,23100
2015-08-20,87.040001,87.63,86.37,86.52,31600
2015-08-21,86.17,86.63,84.46,84.52,40600
2015-08-24,81.27,83.34,81.21,81.56,49600
2015-08-25,83.15,83.77,80.2,80.29,96300
2015-08-26,81.5,82.029999,79.58,81.92,24900
2015-08-27,82.92,82.92,81.83,82.66,26000
2015-08-28,82.25,82.97,81.75,82.68,30700
2015-08-31,82.010002,82.67,81.07,81.97,40200
2015-09-01,80.86,81.31,80.29,80.36,24800
2015-09-02,81.050003,81.97,80.059998,81.97,32600
2015-09-03,82.050003,82.099998,80.75,80.97,43400
2015-09-04,80.27,81.15,79.39,79.79,24100
2015-09-08,80.31,81.12,79.63,80.69,40200
2015-09-09,81.47,81.47,80.23,80.24,31300
2015-09-10,80.25,80.72,80.22,80.44,40900
2015-09-11,80.25,80.57,80.18,80.54,28200
2015-09-14,80.73,80.73,80.089996,80.24,37400
2015-09-15,80.44,80.55,79.9,80.11,63400
2015-09-16,79.9,80.54,79.9,80.43,27500
2015-09-17,80.48,81.62,80.48,81.07,23400
2015-09-18,80.39,81.26,80.23,80.92,149700
2015-09-21,81.62,81.95,81.040001,81.72,36800
2015-09-22,80.92,81.48,80.79,80.79,31300
2015-09-23,80.79,81.59,80.11,80.9,42800
2015-09-24,80.49,80.73,80.22,80.55,33900
2015-09-25,80.97,81.9,80.73,81.45,35800
2015-09-28,81.47,81.57,80.95,81.13,57800
2015-09-29,81.18,81.74,80.6,81.71,35300
2015-09-30,81.98,83.099998,81.43,82.94,66000
2015-10-01,82.29,82.62,80.44,81.37,39600
2015-10-02,80.78,81.47,80.080002,81.43,41000
2015-10-05,81.85,83.14,81.85,82.91,23300
2015-10-06,82.95,83.22,82.23,82.43,64500
2015-10-07,82.81,83.46,81.07,83.3,43100
2015-10-08,83.099998,84.58,83.099998,84.42,24500
2015-10-09,84.39,84.7,83.97,84.49,26000
2015-10-12,84.66,84.79,84.11,84.5,20500
2015-10-13,84.57,84.82,83.97,84.2,42400
2015-10-14,84.080002,84.35,82.81,82.93,25200
2015-10-15,83.39,84.42,83.010002,84.080002,28500
2015-10-16,84.080002,85.089996,84.080002,85.089996,13400
2015-10-19,85.11,86.17,84.89,85.9,50100
2015-10-20,86.25,86.76,85.74,86.55,42600
2015-10-21,86.77,87.36,85.87,86.019997,24000
2015-10-22,86.42,87.54,86.15,87.21,23000
2015-10-23,87.73,87.82,86.57,86.95,28500
2015-10-26,86.53,87.67,86.53,87.38,24600
2015-10-27,87.51,87.98,87.12,87.45,29300
2015-10-28,87.33,88.36,87.33,88.16,51100
2015-10-29,87.91,89.89,87.6,89.27,48500
2015-10-30,89.13,90.019997,87.46,87.46,29600
2015-11-02,87.61,88.7,86.099998,86.85,36800
2015-11-03,86.44,87.7,86.44,87.31,37000
2015-11-04,87.28,87.28,85.62,86.63,37100
2015-11-05,86.75,87.81,86.29,87.2,40700
2015-11-06,87.040001,87.45,86.66,87.19,32300
2015-11-09,86.95,87.59,86.16,86.51,40700
2015-11-10,86.2,87.34,86.2,87.24,21400
2015-11-11,87.71,88.73,87.63,88.17,24700
2015-11-12,87.74,88.99,86.54,86.86,18200
2015-11-13,86.98,87.57,86.61,86.75,28700
2015-11-16,86.84,89.68,86.56,89.67,63200
2015-11-17,89.51,90.85,88.74,90.57,85900
2015-11-18,90.55,91.92,90.07,91.54,44100
2015-11-19,91.83,91.83,90.14,90.8,25000
2015-11-20,91.25,91.99,90.92,91.52,28100
2015-11-23,91.3,92.17,90.66,91.91,35300
2015-11-24,91.84,91.84,91.0,91.55,23000
2015-11-25,91.5,92.5,91.41,92.41,52200
2015-11-27,92.35,92.79,92.050003,92.22,18100
2015-11-30,92.36,96.69,92.3,96.33,277500
2015-12-01,96.36,97.82,96.010002,97.39,69000
2015-12-02,97.13,98.57,96.73,98.24,72700
2015-12-03,98.29,99.76,96.54,97.97,60300
2015-12-04,97.94,100.5,97.77,99.49,57300
2015-12-07,100.010002,100.75,99.16,100.56,89700
2015-12-08,100.5,101.8,98.86,98.86,58800
2015-12-09,98.5,99.45,97.83,98.42,39200
2015-12-10,98.42,98.42,96.6,97.029999,36900
2015-12-11,96.24,97.63,96.089996,96.39,65500
2015-12-14,96.4,97.23,96.29,96.52,59200
2015-12-15,96.9,97.76,96.2,96.91,77200
2015-12-16,97.13,98.4,96.059998,97.99,42000
2015-12-17,98.32,98.71,97.7,97.98,43100
2015-12-18,98.080002,98.54,93.68,94.0,251300
2015-12-21,94.7,96.2,94.13,95.48,66200
2015-12-22,95.94,97.23,94.73,96.94,62000
2015-12-23,97.27,97.54,95.27,96.24,87600
2015-12-24,95.94,97.43,95.94,97.12,16700
2015-12-28,96.68,98.2,96.68,98.019997,30900
2015-12-29,98.4,99.019997,97.79,98.57,55800
2015-12-30,98.69,98.84,97.72,97.89,40600
2015-12-31,96.78,96.78,95.56,95.64,42500
2016-01-04,94.3,96.25,92.85,94.35,63700
2016-01-05,94.41,95.18,93.78,93.85,75800
2016-01-06,93.31,94.2,93.31,94.07,41300
2016-01-07,93.0,94.11,92.34,92.92,29800
2016-01-08,93.49,94.39,91.77,91.94,49200
2016-01-11,92.12,92.73,91.21,91.73,54900
2016-01-12,92.029999,92.83,91.32,92.5,56800
2016-01-13,92.85,93.099998,90.88,91.089996,44300
2016-01-14,91.31,93.51,91.14,92.54,88400
2016-01-15,91.16,91.78,90.27,91.59,65200
2016-01-19,92.78,94.45,91.96,93.07,89100
2016-01-20,92.42,92.72,90.32,91.099998,81000
2016-01-21,90.89,91.82,90.53,91.43,70100
2016-01-22,92.38,93.74,92.11,93.66,31200
2016-01-25,93.54,94.14,91.87,92.38,55000
2016-01-26,92.55,94.54,92.47,93.63,27900
2016-01-27,93.76,94.27,92.56,92.91,37800
2016-01-28,93.59,94.27,92.83,93.98,39400
2016-01-29,94.49,96.47,94.38,96.11,63700
2016-02-01,96.17,96.87,95.19,96.44,44000
2016-02-02,95.98,96.050003,94.39,95.69,44900
2016-02-03,96.21,96.65,94.47,95.67,52200
2016-02-04,95.77,96.23,94.36,95.43,53100
2016-02-05,95.29,96.040001,94.18,95.49,48100
2016-02-08,94.52,96.84,94.059998,96.84,51900
2016-02-09,96.14,97.3,95.62,96.57,55200
2016-02-10,97.029999,97.97,96.11,96.54,51000
2016-02-11,95.54,95.76,94.53,94.96,35100
2016-02-12,95.72,97.13,95.22,96.98,47400
2016-02-16,97.51,98.89,97.0,98.18,44700
2016-02-17,98.49,98.82,97.43,97.56,72700
2016-02-18,97.87,98.61,97.17,98.14,43400
2016-02-19,98.14,98.97,97.31,97.94,59800
2016-02-22,98.54,98.6,97.39,97.91,61400
2016-02-23,97.91,99.82,97.91,99.38,72200
2016-02-24,98.73,100.21,98.35,100.19,37900
2016-02-25,100.010002,100.88,100.010002,100.53,49100
2016-02-26,99.14,99.2,93.3,94.34,121000
2016-02-29,94.080002,95.44,92.89,94.010002,101300
2016-03-01,94.18,96.82,93.58,96.6,84100
2016-03-02,96.17,96.4,94.9,95.58,64000
2016-03-03,95.61,96.73,94.8,96.33,81000
2016-03-04,96.57,96.85,94.46,96.26,66200
2016-03-07,95.35,95.35,89.07,89.92,249700
2016-03-08,89.6,91.33,89.6,90.81,126000
2016-03-09,91.19,91.96,89.78,90.79,122100
2016-03-10,90.79,91.0,88.69,90.029999,128200
2016-03-11,90.44,91.8,90.029999,91.19,96900
2016-03-14,90.61,90.87,88.76,90.18,118400
2016-03-15,89.84,92.3,89.38,91.33,80900
2016-03-16,91.33,91.33,89.96,90.69,91300
2016-03-17,90.84,92.86,89.0,92.61,70600
2016-03-18,92.41,93.92,91.21,93.46,361300
2016-03-21,93.040001,93.47,91.8,92.15,84400
2016-03-22,92.17,93.55,91.93,92.58,71400
2016-03-23,92.23,93.059998,91.67,92.25,65400
2016-03-24,92.14,92.56,91.25,91.63,75900
2016-03-28,92.010002,93.44,91.54,92.52,69600
2016-03-29,92.82,93.91,91.74,93.63,99100
2016-03-30,94.23,94.79,93.43,94.16,42200
2016-03-31,93.95,94.66,92.77,92.99,51600
2016-04-01,92.85,94.019997,92.82,93.76,53000
2016-04-04,93.32,93.32,92.040001,92.73,81000
2016-04-05,92.23,92.68,91.19,91.26,53100
2016-04-06,91.080002,92.14,90.66,91.81,52800
2016-04-07,91.3,91.81,90.21,90.6,27500
2016-04-08,91.0,91.86,90.57,91.37,48800
2016-04-11,91.63,91.77,90.75,91.029999,35600
2016-04-12,91.21,92.099998,90.78,91.67,41500
2016-04-13,91.91,92.85,91.28,92.57,73400
2016-04-14,92.56,93.080002,90.5,92.25,34000
2016-04-15,92.44,93.69,90.78,92.17,44500
2016-04-18,92.040001,93.82,92.040001,93.82,49300
2016-04-19,94.21,94.82,93.52,93.84,58400
2016-04-20,94.14,94.52,93.39,93.62,42300
2016-04-21,94.0,94.0,90.75,90.95,29200
2016-04-22,90.94,92.58,90.94,91.78,31000
2016-04-25,91.71,91.78,90.5,91.78,19500
2016-04-26,92.13,93.48,91.43,91.91,25600
2016-04-27,91.59,93.97,91.59,93.07,46700
2016-04-28,93.65,94.029999,91.13,91.48,39700
2016-04-29,90.69,94.66,90.28,94.39,103000
2016-05-02,94.79,95.17,93.94,94.73,40000
2016-05-03,93.87,95.15,93.87,94.96,58700
2016-05-04,94.85,95.21,93.66,94.82,58200
2016-05-05,94.56,95.98,94.0,95.56,54700
2016-05-06,95.54,95.82,94.2,94.59,35200
2016-05-09,94.59,96.29,94.59,96.080002,36000
2016-05-10,96.7,96.96,96.059998,96.16,25800
2016-05-11,95.87,96.77,95.53,95.89,39500
2016-05-12,95.96,97.29,95.96,97.12,41800
2016-05-13,96.94,97.25,96.49,96.97,34700
2016-05-16,96.94,97.57,96.5,96.7,38000
2016-05-17,96.21,96.83,95.080002,95.44,58300
2016-05-18,95.25,96.98,95.25,96.029999,30300
2016-05-19,95.93,97.019997,95.080002,95.85,20100
2016-05-20,96.47,97.11,96.24,96.92,49600
2016-05-23,97.2,97.2,96.29,96.31,26700
2016-05-24,97.089996,97.67,95.9,97.23,63700
2016-05-25,97.83,97.9,96.4,96.93,46900
2016-05-26,97.25,97.34,96.33,97.18,54900
2016-05-27,96.87,98.0,96.61,97.71,31300
2016-05-31,98.36,98.36,96.86,97.9,62200
2016-06-01,97.92,98.94,97.74,98.92,33600
2016-06-02,98.65,99.07,95.51,98.83,40900
2016-06-03,98.39,99.63,97.12,98.89,36500
2016-06-06,98.83,99.99,98.080002,98.67,34300
2016-06-07,98.48,99.38,97.94,98.34,29700
2016-06-08,98.17,98.91,94.36,98.33,20200
2016-06-09,98.029999,98.79,96.9,98.4,37200
2016-06-10,97.99,98.57,96.58,97.82,32600
2016-06-13,97.97,97.97,95.95,96.13,32900
2016-06-14,95.68,96.33,94.84,95.69,27900
2016-06-15,95.96,95.96,94.44,94.88,46500
2016-06-16,94.7,96.31,94.5,95.4,24200
2016-06-17,95.58,95.58,93.49,93.71,117000
2016-06-20,94.51,96.75,93.61,96.5,44700
2016-06-21,97.080002,98.89,96.54,97.26,84800
2016-06-22,97.47,98.22,97.11,97.62,48500
2016-06-23,98.4,98.79,97.99,98.48,21900
2016-06-24,95.55,97.63,95.18,96.86,185400
2016-06-27,96.23,97.49,95.34,95.47,42500
2016-06-28,96.089996,97.75,95.95,97.31,34100
2016-06-29,97.97,98.97,97.52,97.81,34200
2016-06-30,97.74,99.96,97.74,99.34,101700
2016-07-01,98.67,99.22,97.46,97.74,37800
2016-07-05,97.79,98.089996,96.63,97.89,37800
2016-07-06,97.64,98.28,97.089996,97.66,32800
2016-07-07,97.76,97.95,96.82,97.21,14900
2016-07-08,97.95,98.65,97.36,98.48,34500
2016-07-11,98.38,99.059998,98.38,98.84,14600
2016-07-12,99.050003,99.050003,98.019997,98.26,19700
2016-07-13,98.12,99.0,98.11,98.46,14900
2016-07-14,98.64,98.64,97.65,97.88,33700
2016-07-15,97.86,98.59,97.15,97.69,33500
2016-07-18,97.99,97.99,96.69,97.040001,14700
2016-07-19,96.59,97.2,96.32,96.87,16600
2016-07-20,97.46,97.67,96.42,96.68,16400
2016-07-21,96.67,96.89,96.18,96.75,19300
2016-07-22,96.5,98.099998,96.5,97.69,19400
2016-07-25,97.51,98.089996,96.82,97.33,18100
2016-07-26,97.61,97.8,96.83,97.6,18200
2016-07-27,97.33,98.21,97.28,97.95,42600
2016-07-28,97.86,98.35,97.13,97.78,18500
2016-07-29,97.81,98.7,96.38,97.69,31900
2016-08-01,97.69,98.95,97.44,98.6,34400
2016-08-02,98.32,99.9,98.3,99.55,43400
2016-08-03,99.29,99.79,98.46,98.9,21900
2016-08-04,98.89,99.65,98.89,99.21,18500
2016-08-05,99.33,99.94,97.85,99.3,19800
2016-08-08,98.89,99.94,96.42,99.61,20400
2016-08-09,97.87,99.86,97.87,99.32,20200
2016-08-10,99.26,99.89,98.18,99.099998,26800
2016-08-11,99.42,99.87,98.57,99.34,22500
2016-08-12,98.9,99.48,98.74,99.21,12300
2016-08-15,98.97,99.85,98.27,98.98,17900
2016-08-16,98.56,99.0,98.099998,98.12,11700
2016-08-17,98.07,98.94,97.77,97.99,18000
2016-08-18,97.69,98.95,97.69,98.88,19000
2016-08-19,98.71,98.95,97.93,98.76,9300
2016-08-22,98.43,99.19,97.73,99.16,20700
2016-08-23,99.0,99.0,98.019997,98.53,19500
2016-08-24,98.010002,99.35,98.010002,99.13,78700
2016-08-25,99.080002,100.65,99.080002,100.65,29900
2016-08-26,100.75,102.44,100.56,100.77,24300
2016-08-29,101.099998,101.96,101.099998,101.72,18800
2016-08-30,101.61,102.099998,101.18,102.099998,23000
2016-08-31,101.88,102.26,100.67,102.029999,51500
2016-09-01,102.38,102.48,101.69,102.48,23200
2016-09-02,102.5,103.89,102.39,103.69,27200
2016-09-06,103.69,104.21,101.92,102.45,38600
2016-09-07,102.2,103.36,101.36,102.14,62000
2016-09-08,102.32,102.32,101.26,101.47,47600
2016-09-09,101.010002,101.010002,99.19,99.43,41400
2016-09-12,99.099998,100.11,98.099998,99.57,42000
2016-09-13,99.050003,99.82,98.59,98.91,28000
2016-09-14,98.91,99.059998,97.0,97.080002,41600
2016-09-15,97.07,98.23,96.82,97.78,40400
2016-09-16,97.5,98.65,96.010002,98.29,212500
2016-09-19,98.48,99.59,98.37,99.26,28700
2016-09-20,99.95,99.95,99.040001,99.099998,14600
2016-09-21,99.3,100.59,98.97,100.56,34800
2016-09-22,100.55,101.95,100.55,101.34,37700
2016-09-23,101.39,101.39,100.37,100.49,24000
2016-09-26,100.49,101.17,100.019997,100.38,33100
2016-09-27,100.62,102.080002,100.54,101.89,42400
2016-09-28,101.74,102.71,101.47,101.85,62700
2016-09-29,102.17,102.28,100.75,100.8,28900
2016-09-30,100.78,102.31,100.17,102.07,76500
2016-10-03,101.88,102.040001,99.4,100.2,99000
2016-10-04,100.24,100.24,98.81,99.71,104300
2016-10-05,99.84,100.029999,99.010002,99.68,28900
2016-10-06,99.21,99.41,98.49,99.39,28500
2016-10-07,99.44,100.68,99.44,100.16,16400
2016-10-10,100.37,100.86,99.77,100.040001,41000
2016-10-11,99.83,100.48,99.37,100.14,25500
2016-10-12,100.25,101.83,99.67,101.63,24200
2016-10-13,101.6,102.99,101.24,102.63,32300
2016-10-14,102.65,103.8,102.65,103.040001,37400
2016-10-17,103.11,104.7,102.56,103.23,36900
2016-10-18,103.82,104.98,103.39,104.72,45400
2016-10-19,104.8,105.12,102.69,103.040001,34500
2016-10-20,103.48,104.029999,100.49,101.92,37500
2016-10-21,101.89,102.44,101.050003,102.26,33100
2016-10-24,102.47,104.39,101.78,102.58,23100
2016-10-25,102.58,102.6,101.22,102.6,25900
2016-10-26,102.2,102.69,101.74,101.98,41500
2016-10-27,102.31,102.31,101.39,101.89,23600
2016-10-28,103.23,103.45,101.040001,101.36,29100
2016-10-31,101.64,102.86,100.53,102.39,43700
2016-11-01,102.52,103.32,102.089996,103.0,44400
2016-11-02,103.24,103.38,101.42,101.54,17900
2016-11-03,101.95,102.69,98.36,101.42,35500
2016-11-04,101.31,102.040001,100.94,101.099998,31000
2016-11-07,101.62,102.87,101.28,101.78,25500
2016-11-08,102.099998,102.99,100.83,102.8,26900
2016-11-09,102.92,103.9,101.37,103.48,22400
2016-11-10,103.73,104.96,101.080002,104.61,28200
2016-11-11,104.62,106.99,102.32,106.54,26700
2016-11-14,106.9,106.9,104.41,105.85,31000
2016-11-15,105.68,106.0,103.59,105.24,36400
2016-11-16,105.2,105.5,104.6,104.63,28100
2016-11-17,105.14,105.97,105.14,105.71,26800
2016-11-18,106.0,106.66,105.38,106.3,27400
2016-11-21,106.9,106.9,105.67,105.89,22600
2016-11-22,106.0,107.48,105.93,107.019997,25600
2016-11-23,107.0,109.010002,105.62,108.5,40000
2016-11-25,108.47,108.99,107.91,108.99,9800
2016-11-28,108.9,110.0,107.14,108.26,25200
2016-11-29,108.69,109.22,107.44,107.84,34200
2016-11-30,108.44,108.87,106.86,107.17,30300
2016-12-01,107.4,108.26,106.32,108.040001,27600
2016-12-02,107.61,108.74,107.29,108.3,18500
2016-12-05,109.089996,109.089996,106.76,108.73,32600
2016-12-06,108.53,109.99,108.53,109.91,22000
2016-12-07,110.099998,112.71,110.099998,112.44,35800
2016-12-08,112.43,116.21,108.69,114.49,36600
2016-12-09,115.059998,115.84,113.010002,114.6,24700
2016-12-12,115.019997,115.16,113.41,113.83,45500
2016-12-13,114.029999,115.7,111.53,113.61,41000
2016-12-14,114.040001,114.85,111.92,112.75,26500
2016-12-15,113.25,116.050003,112.76,113.059998,31100
2016-12-16,112.72,113.51,110.63,111.5,133700
2016-12-19,111.080002,113.34,110.95,112.85,31900
2016-12-20,113.39,113.5,111.5,112.12,28300
2016-12-21,112.55,114.49,112.18,112.62,28000
2016-12-22,113.13,113.95,112.010002,113.07,21200
2016-12-23,112.6,113.78,112.55,113.66,12400
2016-12-27,114.25,114.25,113.23,113.41,16300
2016-12-28,113.51,113.59,112.13,112.58,29000
2016-12-29,113.12,113.8,112.38,113.47,31400
2016-12-30,113.99,113.99,112.3,112.45,23300
2017-01-03,112.45,112.45,110.22,111.93,58500
2017-01-04,112.059998,113.59,112.059998,112.32,59600
2017-01-05,112.32,112.4,111.0,111.9,20200
2017-01-06,112.0,112.34,110.76,112.24,19600
2017-01-09,112.13,112.74,110.7,111.31,27200
2017-01-10,110.97,111.9,110.33,111.89,22700
2017-01-11,111.87,111.87,110.74,111.59,16800
2017-01-12,110.96,111.36,109.28,110.34,27000
2017-01-13,110.34,111.27,106.91,110.4,32400
2017-01-17,110.21,111.010002,109.13,110.94,34100
2017-01-18,111.47,111.78,109.84,111.57,26700
2017-01-19,111.66,112.68,111.019997,111.73,27500
2017-01-20,112.59,113.19,112.18,112.45,23900
2017-01-23,112.32,113.099998,111.22,112.22,19900
2017-01-24,112.65,112.9,111.2,112.48,22000
2017-01-25,113.21,113.21,112.18,112.63,29000
2017-01-26,112.63,112.63,111.77,112.5,19000
2017-01-27,112.95,113.32,110.81,113.32,19500
2017-01-30,113.050003,113.45,112.010002,113.040001,23000
2017-01-31,112.9,112.9,111.91,112.11,20100
2017-02-01,112.74,112.74,110.82,111.56,21600
2017-02-02,111.67,112.89,111.67,112.75,21800
2017-02-03,112.75,113.89,112.38,112.95,32600
2017-02-06,112.99,113.18,112.099998,112.72,13600
2017-02-07,112.59,114.12,112.5,113.53,30200
2017-02-08,113.4,113.43,112.010002,112.51,20500
2017-02-09,112.22,114.2,112.22,113.53,31900
2017-02-10,113.37,113.61,112.87,113.3,16600
2017-02-13,112.85,114.43,112.85,114.0,27300
2017-02-14,113.45,114.64,112.62,113.23,23400
2017-02-15,113.53,115.0,112.9,114.64,29600
2017-02-16,114.42,116.37,114.3,116.010002,27000
2017-02-17,115.41,118.24,113.46,114.12,37700
2017-02-21,113.7,115.49,112.68,115.33,24600
2017-02-22,115.43,117.45,115.43,117.23,32000
2017-02-23,117.92,118.9,116.14,117.97,52400
2017-02-24,120.0,125.4,118.16,119.98,70000
2017-02-27,119.97,120.41,117.32,119.019997,34100
2017-02-28,119.17,120.019997,117.85,118.61,47900
2017-03-01,119.28,122.42,119.28,122.33,45900
2017-03-02,122.34,122.54,120.77,121.28,34700
2017-03-03,120.9,123.43,120.29,121.019997,32900
2017-03-06,120.66,121.2,119.61,120.019997,29400
2017-03-07,119.38,120.98,119.38,120.76,21100
2017-03-08,121.080002,122.45,120.2,120.5,25200
2017-03-09,120.56,121.91,119.47,120.21,30800
2017-03-10,120.64,121.4,119.68,121.099998,25200
2017-03-13,121.07,122.49,120.8,121.48,23200
2017-03-14,121.22,123.47,121.22,123.010002,30000
2017-03-15,122.91,125.25,122.91,124.6,48900
2017-03-16,125.21,125.21,123.58,124.73,31000
2017-03-17,124.88,125.19,121.69,122.089996,156600
2017-03-20,122.099998,123.66,121.96,123.089996,33200
2017-03-21,123.33,124.29,121.3,121.73,40200
2017-03-22,121.7,121.93,119.73,120.89,23900
2017-03-23,121.3,122.77,120.099998,121.76,30600
2017-03-24,121.88,122.7,120.32,121.56,27300
2017-03-27,120.42,122.86,120.42,122.32,31800
2017-03-28,122.21,122.63,115.99,120.53,88800
2017-03-29,120.42,121.41,120.22,120.36,96900
2017-03-30,120.27,121.67,120.27,121.38,40400
2017-03-31,121.25,122.95,120.53,122.7,79500
2017-04-03,122.42,122.55,120.050003,120.87,71300
2017-04-04,121.19,123.21,120.16,121.65,65400
2017-04-05,121.94,123.19,121.54,121.64,72200
2017-04-06,121.71,121.71,120.32,120.69,21600
2017-04-07,120.55,121.55,120.55,121.32,21700
2017-04-10,121.64,123.11,120.37,121.46,23400
2017-04-11,121.28,122.3,120.91,121.89,17400
2017-04-12,121.98,122.18,120.95,122.11,24000
2017-04-13,122.15,122.15,119.41,120.16,35400
2017-04-17,121.0,122.84,120.15,122.45,27300
2017-04-18,121.9,124.92,121.13,122.2,28200
2017-04-19,122.82,122.92,120.84,122.65,21900
2017-04-20,123.74,123.74,121.27,122.84,19800
2017-04-21,123.42,123.42,122.32,123.080002,22000
2017-04-24,124.17,124.25,122.0,123.050003,31100
2017-04-25,123.7,124.0,122.11,123.14,20500
2017-04-26,123.58,124.74,123.14,124.38,24100
2017-04-27,124.49,125.45,123.53,125.23,23000
2017-04-28,125.83,125.83,123.45,123.82,21600
2017-05-01,124.58,124.67,118.88,124.67,19800
2017-05-02,123.010002,125.88,116.88,120.95,75300
2017-05-03,121.33,122.12,119.3,120.82,38300
2017-05-04,120.38,120.65,117.77,118.9,40600
2017-05-05,119.55,120.27,117.98,118.91,23800
2017-05-08,118.85,119.21,116.84,117.010002,28900
2017-05-09,117.67,121.62,115.76,116.11,33100
2017-05-10,116.089996,116.089996,114.46,115.65,37300
2017-05-11,115.54,116.9,114.94,115.37,28700
2017-05-12,115.28,116.68,114.79,115.44,14700
2017-05-15,116.67,116.67,113.83,114.77,16700
2017-05-16,114.72,116.18,114.010002,114.6,20300
2017-05-17,114.28,114.94,114.010002,114.059998,27400
2017-05-18,114.11,116.27,114.010002,116.080002,21200
2017-05-19,116.23,116.28,114.61,115.44,21200
2017-05-22,115.58,116.66,114.93,115.47,13100
2017-05-23,115.82,118.14,115.37,117.21,32600
2017-05-24,116.79,116.98,115.44,116.18,43500
2017-05-25,116.22,117.080002,115.63,116.69,15000
2017-05-26,116.2,116.88,114.9,116.61,15700
2017-05-30,116.95,116.95,115.0,116.43,18400
2017-05-31,117.13,117.87,115.95,117.77,44500
2017-06-01,117.95,119.79,116.51,119.25,32200
2017-06-02,119.0,122.81,119.0,122.69,55700
2017-06-05,122.0,122.0,119.8,120.07,29400
2017-06-06,119.88,119.88,117.42,118.46,17900
2017-06-07,118.56,119.57,117.53,119.13,24300
2017-06-08,118.63,121.99,118.63,121.52,21400
2017-06-09,121.6,123.76,119.7,120.85,30900
2017-06-12,120.81,121.88,120.64,121.78,21000
2017-06-13,122.07,123.099998,121.81,121.96,22200
2017-06-14,121.49,124.0,121.49,122.91,47000
2017-06-15,122.97,124.52,122.33,122.9,29200
2017-06-16,122.89,126.25,122.34,125.74,107200
2017-06-19,126.5,126.9,125.099998,125.65,24400
2017-06-20,125.010002,126.39,123.67,125.010002,25200
2017-06-21,125.089996,125.99,123.3,123.84,21800
2017-06-22,123.86,124.13,122.7,123.010002,23500
2017-06-23,123.0,124.8,122.62,124.22,116300
2017-06-26,124.65,126.42,122.87,123.7,21200
2017-06-27,123.38,123.38,121.44,123.059998,34300
2017-06-28,123.51,129.14999,123.27,126.46,63500
2017-06-29,126.72,127.25,124.059998,124.86,26800
2017-06-30,125.040001,126.29,124.050003,125.07,37000
2017-07-03,125.099998,127.25,124.21,127.07,20300
2017-07-05,127.089996,127.25,123.040001,123.74,31600
2017-07-06,123.72,124.44,122.16,122.68,45000
2017-07-07,123.3,124.22,122.029999,123.65,43300
2017-07-10,123.28,124.3,121.34,121.45,30500
2017-07-11,121.45,121.8,120.37,121.65,21200
2017-07-12,122.21,122.31,121.2,122.010002,17800
2017-07-13,122.14,122.14,120.089996,121.11,20200
2017-07-14,120.67,121.34,120.0,120.12,28600
2017-07-17,120.12,121.11,119.28,120.89,51100
2017-07-18,120.89,127.98,120.5,125.7,86100
2017-07-19,125.96,126.13,124.050003,124.24,19800
2017-07-20,124.71,125.14,123.92,124.62,17700
2017-07-21,124.5,125.29,123.93,124.8,16800
2017-07-24,124.93,125.95,124.5,125.47,35700
2017-07-25,126.18,126.42,124.4,125.3,37100
2017-07-26,125.64,125.64,123.73,123.92,29900
2017-07-27,124.29,125.43,122.31,123.67,14000
2017-07-28,123.0,129.059998,123.0,128.7,26500
2017-07-31,129.0,129.0,125.45,127.46,26400
2017-08-01,127.94,128.8,127.050003,128.42,30500
2017-08-02,128.38,129.73,126.5,126.97,43600
2017-08-03,126.76,128.050003,126.040001,127.3,27100
2017-08-04,127.34,127.64,126.099998,126.95,24000
2017-08-07,127.050003,127.88,124.91,126.059998,50400
2017-08-08,125.65,126.74,123.55,124.0,18300
2017-08-09,123.5,125.77,122.54,124.72,16300
2017-08-10,124.22,124.83,123.059998,123.31,15400
2017-08-11,123.4,124.0,121.78,122.7,13800
2017-08-14,123.49,126.41,123.0,126.07,32100
2017-08-15,125.81,125.81,122.029999,122.9,19600
2017-08-16,123.019997,125.18,122.48,123.7,13800
2017-08-17,123.34,123.34,122.13,122.4,10400
2017-08-18,122.41,122.8,121.56,121.96,14200
2017-08-21,121.93,122.84,121.39,122.73,12300
2017-08-22,122.86,123.46,122.53,122.75,9900
2017-08-23,122.59,122.63,120.77,121.21,24800
2017-08-24,121.47,121.47,119.91,120.39,14100
2017-08-25,120.84,121.36,119.74,120.92,18300
2017-08-28,121.059998,122.47,120.14,121.72,20700
2017-08-29,121.18,121.45,120.019997,120.059998,13200
2017-08-30,120.099998,120.8,119.91,120.45,14200
2017-08-31,120.47,121.43,119.57,120.79,27500
2017-09-01,120.9,120.9,118.15,118.35,21800
2017-09-05,117.81,117.81,114.019997,114.29,23200
2017-09-06,114.99,118.63,111.010002,117.37,53000
2017-09-07,117.44,119.029999,115.3,116.41,35800
2017-09-08,116.27,123.8,115.28,121.6,61400
2017-09-11,121.93,123.32,119.0,120.2,32600
2017-09-12,120.27,121.87,118.83,120.94,20300
2017-09-13,120.75,121.68,119.48,121.43,33800
2017-09-14,121.26,121.26,117.45,118.26,42300
2017-09-15,118.19,118.74,117.25,118.12,55900
2017-09-18,118.71,119.7,117.82,119.32,23000
2017-09-19,119.48,121.11,117.81,118.39,33300
2017-09-20,118.71,120.25,116.76,119.68,23500
2017-09-21,119.68,119.97,116.37,116.94,51700
2017-09-22,116.86,119.23,116.6,118.64,22300
2017-09-25,118.49,119.49,116.6,118.73,37400
2017-09-26,119.46,119.84,117.28,119.099998,26900
2017-09-27,119.5,121.0,118.64,119.32,60600
2017-09-28,119.33,120.54,117.98,119.17,17200
2017-09-29,118.88,121.13,118.88,120.57,25800
2017-10-02,120.54,122.77,119.56,122.68,29900
2017-10-03,122.69,122.69,117.85,119.22,59800
2017-10-04,118.059998,118.64,117.26,118.51,18700
2017-10-05,118.15,120.16,117.74,119.16,28300
2017-10-06,119.010002,119.59,117.67,118.73,17800
2017-10-09,118.54,119.6,117.95,118.41,14000
2017-10-10,118.33,119.0,115.51,118.73,16900
2017-10-11,118.77,119.88,117.0,119.2,17900
2017-10-12,119.38,121.0,115.76,120.56,19900
2017-10-13,120.67,121.47,119.47,119.83,21600
2017-10-16,119.38,121.93,119.38,121.42,19100
2017-10-17,121.41,121.9,120.88,121.19,11000
2017-10-18,121.63,123.58,121.099998,123.089996,29100
2017-10-19,122.89,123.86,122.76,123.5,15400
2017-10-20,124.0,124.58,122.52,123.84,23900
2017-10-23,123.92,124.64,123.4,123.78,11300
2017-10-24,124.0,125.69,121.69,121.92,22000
2017-10-25,122.24,122.42,120.78,121.21,25800
2017-10-26,121.91,124.099998,119.81,124.099998,26700
2017-10-27,124.0,124.43,122.029999,123.98,26800
2017-10-30,123.54,124.2,120.63,122.12,20900
2017-10-31,122.38,123.32,120.11,120.8,33800
2017-11-01,121.16,122.89,120.52,122.18,23400
2017-11-02,122.17,123.78,121.71,122.7,40300
2017-11-03,122.99,123.089996,122.25,122.83,23800
2017-11-06,122.84,123.0,121.67,122.52,15900
2017-11-07,122.5,123.12,122.010002,122.45,14300
2017-11-08,122.4,122.61,121.4,122.040001,39200
2017-11-09,121.2,122.57,121.2,121.75,13100
2017-11-10,121.26,123.2,121.26,122.68,11800
2017-11-13,122.19,123.61,121.2,121.7,9300
2017-11-14,121.55,123.2,121.55,122.34,11800
2017-11-15,122.029999,123.19,121.62,122.8,17900
2017-11-16,123.0,123.23,122.0,122.27,10700
2017-11-17,122.07,123.17,121.92,122.75,17100
2017-11-20,122.96,123.5,121.76,122.059998,13900
2017-11-21,122.33,123.39,122.33,123.22,21700
2017-11-22,122.95,123.23,121.77,121.81,23900
2017-11-24,121.95,122.4,120.91,122.4,8200
2017-11-27,122.51,123.16,122.5,123.0,20300
2017-11-28,123.050003,123.49,122.2,123.0,24900
2017-11-29,123.0,125.059998,123.0,123.78,29600
2017-11-30,124.24,124.98,123.43,123.89,20900
2017-12-01,123.88,123.88,120.11,121.34,40200
2017-12-04,121.74,122.88,121.28,122.080002,15200
2017-12-05,121.92,122.38,120.59,120.9,17600
2017-12-06,120.77,122.64,120.07,121.13,16900
2017-12-07,121.12,121.43,120.11,120.33,18900
2017-12-08,120.71,121.44,119.26,119.26,21000
2017-12-11,119.8,120.65,118.52,119.95,24300
2017-12-12,120.019997,121.0,120.019997,120.15,15600
2017-12-13,120.16,120.69,117.050003,117.53,38900
2017-12-14,117.59,118.43,115.69,116.089996,38300
2017-12-15,116.46,119.56,116.46,118.099998,56500
2017-12-18,118.68,119.36,117.59,117.82,25900
2017-12-19,118.37,119.9,118.37,118.92,51800
2017-12-20,119.47,119.93,118.019997,118.21,17900
2017-12-21,118.73,118.81,117.48,118.62,12100
2017-12-22,118.83,119.67,116.86,119.56,19900
2017-12-26,119.41,120.27,118.9,119.9,11500
2017-12-27,119.5,120.88,119.34,119.8,21500
2017-12-28,120.29,121.49,118.95,121.15,42700
2017-12-29,121.49,122.73,121.26,121.84,21400
2018-01-02,122.3,124.8,119.059998,119.33,34300
2018-01-03,119.11,120.71,119.050003,119.54,39400
2018-01-04,119.53,120.16,118.75,119.52,41200
2018-01-05,119.48,119.48,117.78,118.98,27200
2018-01-08,118.56,118.75,116.019997,117.37,27700
2018-01-09,117.62,117.62,116.15,116.31,27900
2018-01-10,116.24,116.49,115.84,116.27,14000
2018-01-11,116.27,118.080002,116.07,117.25,27900
2018-01-12,117.26,117.9,115.45,117.099998,27300
2018-01-16,117.2,117.24,115.17,115.79,37600
2018-01-17,116.059998,118.59,115.91,117.23,27100
2018-01-18,117.33,118.059998,116.19,116.99,17200
2018-01-19,117.010002,120.21,115.84,119.26,44700
2018-01-22,119.18,119.18,117.46,117.73,19400
2018-01-23,117.74,119.2,117.68,118.38,37100
2018-01-24,118.64,119.029999,117.18,118.21,21800
2018-01-25,119.019997,119.66,117.26,118.26,35400
2018-01-26,118.37,119.16,117.42,118.81,23500
2018-01-29,118.75,119.43,117.029999,117.78,15900
2018-01-30,116.63,118.39,116.5,117.39,29300
2018-01-31,117.66,119.59,116.85,118.76,47200
2018-02-01,118.51,119.92,117.72,119.14,24000
2018-02-02,118.81,119.75,116.39,116.82,34200
2018-02-05,116.44,116.87,111.75,111.98,27200
2018-02-06,110.79,112.73,106.63,111.78,66200
2018-02-07,111.48,113.95,110.72,112.68,27100
2018-02-08,112.64,114.38,111.0,111.18,36200
2018-02-09,112.44,114.37,110.5,113.92,39700
2018-02-12,114.5,114.5,111.15,111.51,19000
2018-02-13,111.12,111.9,110.29,110.89,37000
2018-02-14,110.15,113.099998,110.15,113.019997,21100
2018-02-15,113.51,114.3,111.97,113.69,20900
2018-02-16,113.17,116.48,113.17,115.13,12200
2018-02-20,114.73,115.0,111.5,113.12,19900
2018-02-21,113.45,116.040001,113.45,114.55,12600
2018-02-22,114.94,116.26,110.76,111.72,24800
2018-02-23,112.95,114.89,110.22,112.73,24900
2018-02-26,113.07,114.87,112.89,113.97,14400
2018-02-27,113.85,116.15,112.0,113.36,23900
2018-02-28,113.9,115.99,113.6,115.67,72100
2018-03-01,115.63,116.18,113.48,113.62,46400
2018-03-02,112.55,114.82,112.55,114.0,23200
2018-03-05,113.71,120.0,113.22,119.6,43700
2018-03-06,119.6,119.84,116.88,118.61,28900
2018-03-07,118.14,119.34,116.62,117.95,29600
2018-03-08,117.94,120.0,116.91,117.85,27000
2018-03-09,118.32,120.0,116.45,118.78,28900
2018-03-12,118.7,119.99,118.49,118.83,41700
2018-03-13,119.39,121.47,117.4,119.78,36500
2018-03-14,120.23,121.0,116.95,119.44,28700
2018-03-15,119.67,119.99,118.040001,119.13,27200
2018-03-16,119.010002,120.0,116.98,119.87,293500
2018-03-19,119.77,120.32,117.74,119.38,35200
2018-03-20,118.53,120.8,118.21,119.58,35400
2018-03-21,119.75,120.53,118.0,119.11,40600
2018-03-22,118.33,119.95,116.54,116.65,21500
2018-03-23,117.059998,117.19,113.15,113.33,40800
2018-03-26,114.69,116.84,112.49,115.6,54600
2018-03-27,116.029999,118.99,113.63,114.23,31800
2018-03-28,114.4,116.93,113.86,116.089996,40500
2018-03-29,116.52,118.24,114.5,117.64,27800
2018-04-02,117.11,117.11,113.089996,114.74,27800
2018-04-03,114.88,117.95,114.3,116.71,22900
2018-04-04,115.040001,118.43,115.040001,117.28,34500
2018-04-05,117.089996,118.019997,115.86,116.26,17400
2018-04-06,115.45,116.52,113.75,114.41,26100
2018-04-09,114.88,116.27,114.88,115.16,20000
2018-04-10,116.2,117.27,114.25,116.28,29600
2018-04-11,115.59,116.87,114.53,116.22,18900
2018-04-12,116.57,117.44,115.98,116.23,21800
2018-04-13,116.71,116.73,114.51,116.35,18900
2018-04-16,117.07,119.31,115.28,117.87,33400
2018-04-17,118.2,119.19,117.72,118.33,15700
2018-04-18,118.32,119.75,116.8,117.84,31000
2018-04-19,117.7,119.64,116.3,118.36,20600
2018-04-20,118.71,119.029999,117.8,117.93,26200
2018-04-23,118.6,119.69,116.0,118.46,24200
2018-04-24,118.49,119.66,117.8,118.83,17100
2018-04-25,118.82,119.62,118.21,118.79,17500
2018-04-26,118.8,119.48,117.28,118.019997,16400
2018-04-27,118.9,118.9,115.88,117.010002,22000
2018-04-30,117.26,119.15,115.67,116.77,32400
2018-05-01,116.21,117.46,116.029999,117.099998,17600
2018-05-02,116.5,117.7,112.25,112.91,45900
2018-05-03,112.5,114.31,110.22,113.72,28400
2018-05-04,113.47,114.51,112.24,113.48,24000
2018-05-07,113.26,118.19,113.26,115.0,33500
2018-05-08,114.87,115.44,113.81,114.39,18000
2018-05-09,114.38,114.72,113.66,113.84,27900
2018-05-10,113.88,114.6,113.52,113.85,16000
2018-05-11,113.73,114.44,112.22,113.44,14700
2018-05-14,113.68,114.36,111.46,111.99,22200
2018-05-15,111.85,114.85,111.85,112.34,26800
2018-05-16,112.18,114.0,111.96,112.38,30600
2018-05-17,112.8,114.16,110.95,111.77,50600
2018-05-18,111.64,113.48,111.32,111.75,37500
2018-05-21,112.2,113.71,111.5,113.46,52400
2018-05-22,113.47,114.75,112.9,113.78,24000
2018-05-23,113.57,114.94,113.57,113.9,28600
2018-05-24,113.91,114.8,113.37,113.6,17900
2018-05-25,113.65,114.89,113.010002,114.15,25000
2018-05-29,113.75,113.75,111.11,111.63,46100
2018-05-30,111.7,113.84,111.53,113.099998,34000
2018-05-31,112.76,114.42,111.63,113.010002,134700
2018-06-01,113.54,114.39,112.51,113.92,34200
2018-06-04,114.0,115.26,113.53,114.080002,26000
2018-06-05,113.87,114.46,112.46,113.37,22300
2018-06-06,113.36,114.019997,112.93,113.49,32500
2018-06-07,113.7,115.94,113.7,115.32,44400
2018-06-08,115.31,117.53,115.3,116.38,34600
2018-06-11,117.47,119.45,116.2,118.86,78800
2018-06-12,118.61,119.17,116.41,117.55,70300
2018-06-13,117.12,118.99,117.12,118.47,47700
2018-06-14,118.36,118.67,116.099998,117.45,65700
2018-06-15,117.22,119.99,117.22,118.39,246100
2018-06-18,118.040001,118.56,116.62,118.41,41700
2018-06-19,117.71,119.68,117.71,119.53,33000
2018-06-20,119.95,120.36,118.27,119.25,26400
2018-06-21,119.019997,119.65,117.77,118.84,25300
2018-06-22,119.14,120.98,118.4,120.83,96900
2018-06-25,120.11,121.31,117.88,118.5,32200
2018-06-26,118.56,119.13,117.73,118.099998,19100
2018-06-27,118.19,118.19,115.45,115.64,36600
2018-06-28,115.93,116.85,115.12,115.83,25900
2018-06-29,116.099998,117.73,115.88,117.26,60000
2018-07-02,116.69,117.12,115.56,115.95,29000
2018-07-03,116.39,117.69,116.28,116.86,17500
2018-07-05,116.67,117.13,116.18,116.81,18200
2018-07-06,115.83,118.46,115.53,117.99,29800
2018-07-09,118.26,119.32,117.87,118.5,39100
2018-07-10,118.78,118.97,117.43,118.24,28500
2018-07-11,117.59,118.64,117.59,117.93,18200
2018-07-12,118.37,118.98,117.4,118.089996,29400
2018-07-13,117.81,119.29,117.81,118.12,19100
2018-07-16,118.29,119.13,117.75,118.53,28200
2018-07-17,118.64,118.83,117.73,118.099998,28600
2018-07-18,118.32,120.16,118.32,119.75,48900
2018-07-19,119.3,120.040001,118.96,119.17,31900
2018-07-20,119.0,120.77,118.97,120.080002,49100
2018-07-23,120.0,120.64,119.19,120.17,13100
2018-07-24,120.38,120.38,119.42,119.61,12700
2018-07-25,119.75,120.6,119.39,120.21,24600
2018-07-26,120.15,122.19,119.010002,121.19,13400
2018-07-27,121.55,123.9,120.92,123.61,22500
2018-07-30,123.65,124.7,123.099998,124.099998,20800
2018-07-31,124.2,125.78,123.57,124.24,45900
2018-08-01,124.14,127.58,124.14,126.8,17200
2018-08-02,126.34,128.91,125.85,126.9,36900
2018-08-03,126.53,126.78,126.0,126.67,16500
2018-08-06,126.51,126.77,125.52,126.43,32600
2018-08-07,126.37,126.9,125.51,125.84,13200
2018-08-08,126.37,126.4,124.69,125.39,17400
2018-08-09,125.35,126.31,124.67,125.7,8400
2018-08-10,125.27,126.099998,124.51,125.24,8600
2018-08-13,125.24,125.84,124.5,125.050003,14500
2018-08-14,125.43,125.75,123.96,125.36,18500
2018-08-15,125.080002,125.81,125.050003,125.38,12600
2018-08-16,125.98,127.010002,125.41,126.099998,23300
2018-08-17,126.099998,126.73,125.62,126.54,13900
2018-08-20,126.52,127.28,125.47,126.099998,15100
2018-08-21,126.31,127.91,126.31,127.010002,12500
2018-08-22,128.25,128.35001,126.17,126.46,14200
2018-08-23,126.62,127.4,125.63,126.24,10500
2018-08-24,126.74,127.18,125.21,127.15,19100
2018-08-27,126.95,128.5,126.5,127.010002,27600
2018-08-28,127.2,127.67,126.43,126.43,36200
2018-08-29,126.029999,126.89,125.8,126.099998,25900
2018-08-30,125.78,126.68,125.68,126.33,50900
2018-08-31,126.16,126.16,122.61,123.53,186100
2018-09-04,123.65,127.49,123.65,126.94,29900
2018-09-05,126.77,126.86,125.13,125.48,32500
2018-09-06,125.4,126.51,125.12,126.3,29200
2018-09-07,126.12,128.080002,125.45,126.92,31200
2018-09-10,126.95,127.35,125.73,126.15,24900
2018-09-11,126.0,127.29,125.43,127.050003,32200
2018-09-12,127.15,128.10001,126.48,126.66,14500
2018-09-13,126.74,128.64999,126.74,127.74,27500
2018-09-14,127.73,129.48,127.55,128.59,30600
2018-09-17,128.67,129.49001,128.11,129.13,20200
2018-09-18,129.14,129.85001,127.88,129.070007,15400
2018-09-19,129.0099945,129.99001,128.64,128.92999,29600
2018-09-20,129.33,130.36,129.33,129.55,30100
2018-09-21,129.75,129.99001,128.14,128.74001,110600
2018-09-24,128.67,129.75,127.42,127.42,32000
2018-09-25,127.64,128.45,126.54,126.54,32300
2018-09-26,126.56,127.69,125.97,126.5,22400
2018-09-27,126.029999,127.63,126.029999,126.5,25800
2018-09-28,126.099998,128.21001,123.050003,127.53,31000
2018-10-01,127.77,127.77,125.0,125.55,38100
2018-10-02,125.6,126.63,125.029999,126.63,25700
2018-10-03,126.13,126.7,124.37,125.8,29300
2018-10-04,125.79,126.18,124.28,125.98,26800
2018-10-05,124.93,125.83,123.96,123.96,35200
2018-10-08,123.9,125.7,122.28,125.34,33600
2018-10-09,125.35,127.68,125.24,125.88,71900
2018-10-10,126.07,127.099998,124.3,124.44,31800
2018-10-11,124.44,125.47,122.26,122.27,42600
2018-10-12,123.64,124.42,120.74,121.99,28500
2018-10-15,121.78,121.96,120.15,121.22,30200
2018-10-16,121.71,124.18,121.71,124.11,30600
2018-10-17,124.11,125.92,123.81,125.19,26000
2018-10-18,125.14,126.24,124.050003,124.37,17200
2018-10-19,124.61,127.29,124.61,126.47,27400
2018-10-22,126.58,128.59,126.33,127.029999,32500
2018-10-23,125.97,127.37,123.4,123.46,46400
2018-10-24,123.77,124.25,122.62,123.88,68100
2018-10-25,124.28,126.63,124.28,126.089996,29100
2018-10-26,128.5,130.92999,124.3,130.13,55100
2018-10-29,131.089996,131.41,127.0,129.089996,24300
2018-10-30,129.39,131.44,129.39,131.13,28300
2018-10-31,131.8,132.69,128.75999,129.69,40800
2018-11-01,130.22,130.55,125.029999,129.95,40800
2018-11-02,130.34,130.34,127.65,129.67,18700
2018-11-05,129.99001,131.089996,129.81,130.52,38500
2018-11-06,130.53,131.49001,130.050003,131.42999,18700
2018-11-07,131.49001,132.46001,131.49001,132.25,30200
2018-11-08,132.25999,134.25999,132.25999,133.66,18400
2018-11-09,133.78999,147.17,133.2,134.12,20400
2018-11-12,133.89999,134.75,132.71001,133.23,25100
2018-11-13,133.81,134.58,133.34,133.99001,25700
2018-11-14,133.99001,134.3,132.33,133.21001,20700
2018-11-15,133.020004,134.71001,133.020004,134.41,20900
2018-11-16,133.89999,135.42999,133.89999,134.49001,27100
2018-11-19,134.39999,135.41,133.82001,134.039993,24200
2018-11-20,133.84,134.42,133.029999,133.21001,22800
2018-11-21,133.64,134.080002,130.84,131.46001,54700
2018-11-23,131.5,134.029999,131.5,132.8,13300
2018-11-26,133.50999,134.12,132.45,133.34,31200
2018-11-27,133.34,134.60001,132.91,134.42999,60700
2018-11-28,134.95,136.53,134.95,136.32001,52600
2018-11-29,136.33,137.77,136.13,137.28999,50300
2018-11-30,137.56,137.82001,136.73,136.85001,41100
2018-12-03,137.23,137.23,135.5,136.59,38400
2018-12-04,136.60001,137.25999,133.0,133.0,26600
2018-12-06,132.28,133.35001,130.12,132.69,33600
2018-12-07,132.8,133.57001,130.46001,131.42999,29700
2018-12-10,131.44,132.13,130.25,130.52,23600
2018-12-11,131.44,131.63,129.039993,130.64999,34000
2018-12-12,131.64,131.64,129.45,130.53999,26100
2018-12-13,130.63,132.60001,129.95,130.44,24700
2018-12-14,130.19,132.020004,129.86,131.49001,49900
2018-12-17,131.39999,131.39999,126.83,126.86,61200
2018-12-18,126.99,128.82001,126.99,128.25999,40600
2018-12-19,128.32001,131.25,126.74,127.68,28000
2018-12-20,127.6,128.19,126.07,127.24,37400
2018-12-21,127.56,130.36,127.13,130.24001,133100
2018-12-24,129.84,129.84,123.94,124.64,17800
2018-12-26,125.080002,130.0099945,124.12,129.3,38800
2018-12-27,128.52,132.089996,126.74,132.089996,50500
2018-12-28,132.34,133.8,131.35001,132.13,40400
2018-12-31,132.69,133.92,129.21001,133.31,67600
2019-01-02,132.7,133.64,128.60001,130.2,183900
2019-01-03,130.19,132.69,127.040001,132.62,62200
2019-01-04,133.60001,134.56,129.39999,133.89999,34300
2019-01-07,133.24001,134.78,132.78,133.78999,62500
2019-01-08,134.55,135.89999,133.84,135.67999,51100
2019-01-09,136.42,137.2,136.17,136.64,43900
2019-01-10,136.64999,138.7,136.2,137.86,37000
2019-01-11,137.87,138.25,135.5,138.17,22400
2019-01-14,137.92,138.35001,135.57001,137.070007,55800
2019-01-15,137.17999,139.19,136.57001,139.14,45600
2019-01-16,139.63,140.60001,138.75,139.89999,59800
2019-01-17,139.59,140.64999,139.19,139.44,35500
2019-01-18,139.8,143.62,139.50999,142.95,46100
2019-01-22,142.5,143.0,139.46001,141.3,39900
2019-01-23,141.57001,144.11,141.089996,141.85001,55000
2019-01-24,141.99001,143.5,141.11,142.11,40500
2019-01-25,142.45,150.0,142.38,143.12,23500
2019-01-28,142.2,144.75999,141.78,143.14999,25600
2019-01-29,143.16,146.55,141.94,143.31,30800
2019-01-30,143.0099945,145.64999,143.0099945,145.27,32400
2019-01-31,145.38,147.78,144.98,146.38,48700
2019-02-01,146.47,152.0099945,146.47,152.0099945,129700
2019-02-04,152.0,154.0,151.5,152.32001,78100
2019-02-05,152.87,154.7,152.0099945,152.96001,33600
2019-02-06,153.13,154.49001,152.28999,153.48,29600
2019-02-07,153.22,156.58,152.67,156.14999,49600
2019-02-08,156.16,159.78,156.16,158.73,39500
2019-02-11,159.029999,159.92999,157.55,158.25,42200
2019-02-12,158.070007,160.19,158.070007,159.95,50800
2019-02-13,160.10001,163.25999,160.10001,162.62,39600
2019-02-14,162.0099945,163.92,161.47,162.27,36400
2019-02-15,162.89,166.25999,161.98,165.28999,61100
2019-02-19,165.24001,167.95,165.23,167.14,47500
2019-02-20,167.14999,169.059998,166.25,167.71001,58300
2019-02-21,167.39,168.95,165.44,167.63,83700
2019-02-22,171.37,177.42,167.8,177.020004,63700
2019-02-25,178.92,181.73,177.81,180.14999,57800
2019-02-26,180.070007,186.3,178.24001,184.78,67100
2019-02-27,184.7,184.85001,182.10001,182.42999,53600
2019-02-28,182.5,182.5,174.92999,178.22,102600
2019-03-01,179.60001,183.87,176.35001,183.14999,94500
2019-03-04,183.92,184.97,180.8,184.97,54200
2019-03-05,185.0,187.0,180.82001,185.92999,74700
2019-03-06,185.53,188.020004,182.34,184.48,87300
2019-03-07,184.71001,185.5,180.46001,180.94,80400
2019-03-08,179.34,180.67,176.92999,179.0099945,82200
2019-03-11,179.75999,180.64999,177.49001,179.88,121300
2019-03-12,180.48,181.080002,174.62,175.22,123400
2019-03-13,176.17999,176.95,173.38,176.44,170000
2019-03-14,176.67999,176.81,174.029999,175.95,130200
2019-03-15,176.039993,177.57001,173.080002,173.25,579500
2019-03-18,173.61,174.25999,171.64,174.25,129400
2019-03-19,174.48,174.48,170.53,171.92999,145100
2019-03-20,171.92,174.47,170.8,171.89,96300
2019-03-21,172.020004,175.98,171.89,175.77,88800
2019-03-22,174.99001,177.46001,174.22,176.059998,105200
2019-03-25,176.64999,177.3,173.60001,174.080002,85600
2019-03-26,176.19,177.3,174.95,176.53,86100
2019-03-27,176.69,177.88,174.96001,176.48,69100
2019-03-28,177.029999,178.020004,174.0,176.35001,58200
2019-03-29,177.23,178.83,176.059998,178.52,105800
2019-04-01,179.0,179.89999,175.070007,179.64999,120700
2019-04-02,179.63,179.63,176.089996,177.39999,102100
2019-04-03,177.85001,177.85001,176.13,176.53999,117000
2019-04-04,176.039993,176.48,174.67999,175.49001,109800
2019-04-05,175.14999,175.44,174.53999,174.78999,107600
2019-04-08,174.36,174.55,169.83,173.28999,105400
2019-04-09,173.10001,174.41,171.89,172.88,81300
2019-04-10,173.27,174.69,173.27,174.059998,81400
2019-04-11,174.089996,176.41,173.89,175.82001,142600
2019-04-12,176.25999,178.039993,175.92999,177.61,71000
2019-04-15,177.85001,179.25999,176.62,177.17999,65800
2019-04-16,177.85001,180.87,177.67,180.39999,106500
2019-04-17,180.83,180.96001,177.45,179.089996,89600
2019-04-18,179.53,180.89,178.98,179.95,78400
2019-04-22,179.96001,179.96001,174.92999,176.28999,90900
2019-04-23,176.39,181.38,176.39,181.020004,136000
2019-04-24,181.029999,182.48,177.66,179.78,123700
2019-04-25,179.97,184.32001,179.13,183.86,96900
2019-04-26,183.96001,185.82001,183.070007,184.35001,99000
2019-04-29,184.57001,188.97,184.32001,187.029999,106700
2019-04-30,187.039993,189.72,186.080002,189.32001,70300
2019-05-01,189.63,189.63,186.57001,187.64999,68100
2019-05-02,187.82001,190.95,186.56,187.92,177100
2019-05-03,186.58,209.33,186.33,197.46001,163100
2019-05-06,196.089996,200.48,195.35001,199.55,165200
2019-05-07,198.5,199.46001,196.42999,196.67,82300
2019-05-08,196.17,200.61,195.53,198.080002,86600
2019-05-09,197.0,197.44,194.75999,196.75999,121700
2019-05-10,196.14,199.28,194.66,198.5,92000
2019-05-13,196.42,196.75,193.64999,194.74001,110700
2019-05-14,195.47,198.89,195.020004,196.38,166500
2019-05-15,195.72,202.25,193.87,200.24001,227400
2019-05-16,201.17999,206.31,200.44,202.24001,233900
2019-05-17,201.23,205.89999,199.0099945,204.0,194700
2019-05-20,203.21001,206.28,202.69,205.24001,160300
2019-05-21,205.53,206.42,203.13,205.17,229500
2019-05-22,205.46001,207.53999,204.0,206.49001,279000
2019-05-23,205.059998,208.0,204.029999,205.73,292600
2019-05-24,206.64,206.75999,199.31,201.020004,270600
2019-05-28,200.0,204.73,200.0,202.36,2136900
2019-05-29,200.34,204.69,199.11,204.64,280900
2019-05-30,204.96001,209.089996,204.85001,207.75,409400
2019-05-31,206.89999,213.020004,204.41,212.67,407100
2019-06-03,212.84,215.44,210.0099945,214.91,289100
2019-06-04,216.27,219.95,216.27,219.39,250800
2019-06-05,220.75999,227.62,220.75999,227.32001,233000
2019-06-06,227.92999,230.0,225.21001,229.73,206100
2019-06-07,230.14999,234.10001,227.56,233.32001,150300
2019-06-10,235.22,239.75999,233.55,238.28999,222500
2019-06-11,239.0,242.60001,237.27,240.089996,215200
2019-06-12,240.029999,249.059998,239.94,248.75999,376900
2019-06-13,248.88,249.24001,241.56,244.67,219300
2019-06-14,245.0,248.69,243.13,247.23,134000
2019-06-17,247.31,248.56,245.84,246.19,129100
2019-06-18,247.41,248.92999,246.14999,248.44,129600
2019-06-19,248.3,253.32001,248.12,252.77,182000
2019-06-20,254.88,255.17,250.59,254.46001,185300
2019-06-21,254.050003,256.5,252.11,252.71001,243300
2019-06-24,253.44,255.98,250.7,253.53,225400
2019-06-25,255.0,257.45999,252.38,256.63,181000
2019-06-26,256.029999,257.75,249.7,250.0,183100
2019-06-27,249.77,250.66,241.84,249.89,171700
2019-06-28,250.28,254.91,249.13,254.28,233100
2019-07-01,257.079987,264.14001,252.66,256.28,152300
2019-07-02,256.20001,260.31,256.20001,258.98999,158300
2019-07-03,261.70001,267.79001,260.89999,263.76001,137200
2019-07-05,263.66,265.92001,262.51001,265.029999,156100
2019-07-08,263.29001,267.98001,262.51001,265.32001,132100
2019-07-09,264.35999,267.42001,262.73999,265.26001,210300
2019-07-10,265.70999,266.070007,264.23999,264.81,148600
2019-07-11,265.16,265.87,263.16,264.53,98100
2019-07-12,266.16,267.64999,263.17999,266.85999,114000
2019-07-15,267.48001,268.81,262.70001,265.22,155600
2019-07-16,265.51999,267.82999,263.17999,264.13,106500
2019-07-17,264.62,266.22,262.82999,263.25,110400
2019-07-18,263.48999,266.79999,261.79001,266.32999,124300
2019-07-19,266.98001,268.25,263.26001,263.70001,84200
2019-07-22,263.67999,266.31,262.17001,264.25,126800
2019-07-23,265.10999,266.63,262.72,266.0,89100
2019-07-24,265.54999,267.040009,263.25,266.78,128600
2019-07-25,266.97,270.23001,265.35999,268.70001,115900
2019-07-26,265.10001,265.10001,224.33,235.44,582600
2019-07-29,234.14,235.36,228.74001,232.27,231500
2019-07-30,230.089996,231.89,224.38,225.13,224100
2019-07-31,225.34,227.16,221.11,222.77,164300
2019-08-01,222.13,224.34,220.66,221.080002,132900
2019-08-02,220.039993,225.25,219.10001,223.35001,128200
2019-08-05,220.67,222.84,211.89999,213.0,190500
2019-08-06,212.77,221.10001,212.77,219.24001,135200
2019-08-07,217.2,220.92999,214.059998,219.31,137900
2019-08-08,219.17,225.8,215.89999,224.12,144500
2019-08-09,223.5,227.53999,220.73,222.36,83100
2019-08-12,221.44,222.14999,216.28,217.14999,107300
2019-08-13,216.49001,225.56,215.58,222.87,115400
2019-08-14,220.3,224.48,213.28999,214.5,147000
2019-08-15,215.75999,218.89,206.12,218.63,225100
2019-08-16,219.84,223.3,219.84,221.55,103600
2019-08-19,223.88,225.36,222.53,223.42999,89300
2019-08-20,222.75,223.55,218.88,219.64,138400
2019-08-21,220.96001,222.75,219.8,221.69,99100
2019-08-22,221.17999,227.0,218.36,225.17999,128700
2019-08-23,223.96001,226.35001,214.050003,214.84,97800
2019-08-26,215.53999,216.73,211.55,213.50999,178000
2019-08-27,214.41,214.85001,208.95,212.69,284700
2019-08-28,211.82001,211.82001,207.31,210.42999,169900
2019-08-29,211.92,217.45,211.48,216.49001,117200
2019-08-30,217.41,219.89,213.97,219.31,107600
2019-09-03,217.67999,219.49001,210.22,214.48,170500
2019-09-04,218.080002,218.39999,214.029999,218.12,98500
2019-09-05,220.0,222.36,213.67999,214.059998,100600
2019-09-06,214.67999,219.35001,213.85001,216.13,105800
2019-09-09,216.67999,216.67999,210.64999,215.080002,132900
2019-09-10,213.92999,213.92999,200.52,203.42999,178300
2019-09-11,203.47,206.99001,202.38,205.74001,181800
2019-09-12,206.23,207.12,204.24001,206.23,127200
2019-09-13,206.78999,210.0,204.59,205.82001,125500
2019-09-16,205.0,207.0099945,203.52,206.2,103100
2019-09-17,205.78,210.72,205.78,210.23,141500
2019-09-18,209.5,211.3,204.27,205.55,160900
2019-09-19,204.96001,205.58,198.45,198.84,223700
2019-09-20,198.82001,198.82001,189.52,190.21001,522300
2019-09-23,189.050003,191.56,188.10001,190.12,319900
2019-09-24,191.17999,195.99001,190.25,190.95,320600
2019-09-25,191.14999,194.88,190.7,193.60001,475600
2019-09-26,193.78,193.78,188.28,189.53999,145000
2019-09-27,189.55,189.55,182.0099945,183.87,173100
2019-09-30,185.11,186.45,180.41,185.64999,258600
2019-10-01,185.52,187.41,180.64,181.21001,151500
2019-10-02,180.12,180.34,175.089996,177.44,163700
2019-10-03,177.34,180.13,176.37,180.029999,235000
2019-10-04,179.36,182.28999,177.86,181.60001,150100
2019-10-07,181.22,181.75,179.14999,179.14999,170500
2019-10-08,178.41,180.73,175.71001,179.14999,144000
2019-10-09,179.88,183.27,179.88,181.0099945,145100
2019-10-10,180.60001,184.13,180.45,182.66,172800
2019-10-11,184.66,186.78,182.95,184.89999,152600
2019-10-14,184.85001,184.85001,180.75999,182.38,191800
2019-10-15,183.32001,183.59,179.059998,179.32001,130900
2019-10-16,179.14999,182.39999,177.12,181.57001,127900
2019-10-17,184.070007,188.97,183.14,186.42,179600
2019-10-18,185.97,188.45,184.089996,187.25999,154000
2019-10-21,188.82001,191.020004,188.0099945,189.47,124200
2019-10-22,190.0,190.39999,184.83,186.38,111100
2019-10-23,186.0,186.47,182.28999,183.60001,156900
2019-10-24,184.23,186.53,179.070007,182.42999,145000
2019-10-25,182.46001,188.44,181.5,185.66,166800
2019-10-28,187.020004,189.82001,183.49001,184.25999,105000
2019-10-29,184.32001,189.10001,184.32001,186.91,89100
2019-10-30,187.41,190.0,184.82001,189.38,90600
2019-10-31,189.38,189.5,183.59,184.27,105600
2019-11-01,185.0,186.75,182.35001,183.11,83600
2019-11-04,183.98,184.28999,179.5,180.69,108500
2019-11-05,180.89,183.62,179.0,181.87,99500
2019-11-06,181.95,184.47,175.66,176.83,124300
2019-11-07,177.46001,179.059998,175.77,176.23,138400
2019-11-08,176.95,181.75999,176.94,180.10001,88100
2019-11-11,179.66,182.14999,178.50999,180.78,55800
2019-11-12,181.11,183.28,178.81,182.23,104600
2019-11-13,181.71001,183.75,179.50999,182.35001,84700
2019-11-14,182.57001,187.5,182.39999,184.85001,125400
2019-11-15,185.12,186.21001,176.22,177.039993,101300
2019-11-18,176.95,178.75,176.17999,178.61,63700
2019-11-19,178.36,179.75999,176.49001,177.28999,76000
2019-11-20,177.050003,180.39999,175.14999,176.31,120200
2019-11-21,176.14,176.35001,170.089996,171.020004,131800
2019-11-22,171.38,174.029999,170.35001,173.21001,105200
2019-11-25,173.53999,175.020004,171.95,171.98,97200
2019-11-26,171.34,175.50999,171.34,173.059998,481300
2019-11-27,173.86,174.35001,171.28,171.63,154500
2019-11-29,171.86,172.029999,168.78999,169.3,74200
2019-12-02,169.2,170.17,166.8,166.98,119500
2019-12-03,162.78,168.2,162.78,167.55,109900
2019-12-04,166.72,170.78999,166.47,168.19,103000
2019-12-05,168.53999,169.92999,167.41,167.59,117600
2019-12-06,168.36,170.2,168.36,169.070007,80000
2019-12-09,168.69,169.77,167.53,168.63,66700
2019-12-10,168.55,170.12,166.97,167.25999,59000
2019-12-11,167.25999,173.039993,166.92999,172.35001,185100
2019-12-12,172.17,172.17,168.12,168.73,84900
2019-12-13,168.69,169.97,168.41,168.8,71700
2019-12-16,170.42,173.71001,165.89999,172.14999,100600
2019-12-17,171.75,172.75999,170.8,172.080002,62700
2019-12-18,172.11,172.11,168.92999,168.96001,128600
2019-12-19,169.22,171.029999,168.039993,168.78999,94000
2019-12-20,169.39,171.33,167.58,169.67999,191400
2019-12-23,170.25,170.25,165.75,165.81,67100
2019-12-24,166.059998,168.039993,166.059998,167.61,27200
2019-12-26,167.28,168.7,166.42,167.19,47100
2019-12-27,167.32001,167.32001,165.61,166.44,65800
2019-12-30,166.63,166.63,164.87,166.029999,58000
2019-12-31,165.92,167.070007,165.7,166.0,53100
2020-01-02,166.25,166.59,163.8,165.14,72500
2020-01-03,163.17,167.63,163.17,166.95,55000
2020-01-06,164.53999,168.020004,163.75999,167.56,132800
2020-01-07,167.55,167.69,164.87,166.25,85600
2020-01-08,165.81,167.27,164.5,165.059998,146400
2020-01-09,165.89,167.8,165.84,166.42,74200
2020-01-10,167.17,167.53999,164.14999,164.58,65000
2020-01-13,165.0,166.45,164.69,165.58,87300
2020-01-14,165.25,166.59,165.039993,165.60001,108100
2020-01-15,165.71001,167.74001,165.71001,166.3,109800
2020-01-16,167.14,169.050003,166.63,168.33,121800
2020-01-17,168.98,169.94,167.17999,169.49001,92900
2020-01-21,169.49001,171.36,169.49001,170.25,103300
2020-01-22,171.10001,172.14,167.38,167.57001,122600
2020-01-23,167.72,167.72,164.22,166.92999,76300
2020-01-24,167.12,167.62,166.50999,167.32001,57800
2020-01-27,165.21001,167.039993,164.27,166.95,62800
2020-01-28,167.48,168.25,166.3,167.75,73800
2020-01-29,168.42,169.74001,167.0,167.75999,66200
2020-01-30,166.97,168.91,165.46001,168.81,74600
2020-01-31,168.64999,171.8,165.84,166.5,125500
2020-02-03,167.14999,168.42,166.53,166.96001,83100
2020-02-04,168.24001,168.77,164.87,164.87,111100
2020-02-05,166.32001,166.32001,163.41,164.28999,106900
2020-02-06,164.69,165.60001,163.75999,164.72,82900
2020-02-07,164.27,165.66,163.31,163.39,57900
2020-02-10,162.74001,164.37,160.92999,161.0099945,74200
2020-02-11,161.60001,163.66,161.60001,162.87,58400
2020-02-12,162.97,162.97,159.7,160.77,73900
2020-02-13,160.57001,163.57001,160.34,162.10001,62400
2020-02-14,162.27,164.91,162.27,163.56,83700
2020-02-18,163.7,164.58,161.56,162.11,57900
2020-02-19,162.69,163.42999,161.12,162.039993,51100
2020-02-20,162.11,162.64999,159.7,160.58,89000
2020-02-21,160.27,161.039993,158.60001,159.0,78500
2020-02-24,156.089996,158.35001,156.089996,157.75,90200
2020-02-25,157.92,158.41,154.61,156.92999,126000
2020-02-26,157.63,160.66,156.99001,159.14999,130900
2020-02-27,157.53,159.39999,154.75,154.75,151000
2020-02-28,151.31,151.31,137.42,142.92,319200
2020-03-02,143.53999,151.53,142.7,151.22,143900
2020-03-03,151.53999,154.74001,150.10001,152.27,132300
2020-03-04,154.070007,155.92,152.5,155.17999,158000
2020-03-05,153.28999,154.050003,149.27,151.10001,124400
2020-03-06,148.059998,154.17,146.3,151.36,140700
2020-03-09,144.25999,151.86,144.25999,149.99001,118700
2020-03-10,153.17999,158.070007,148.63,155.25,150900
2020-03-11,153.16,155.74001,143.84,145.64999,97800
2020-03-12,138.62,141.8,133.45,135.27,162200
2020-03-13,140.25999,154.75999,133.94,154.75,181300
2020-03-16,130.2,151.14,130.2,146.12,152200
2020-03-17,149.11,176.14999,144.020004,172.45,150600
2020-03-18,168.89999,200.0,163.0,170.67999,339800
2020-03-19,166.0099945,178.029999,153.63,161.25999,123400
2020-03-20,159.0,183.27,159.0,177.41,235000
2020-03-23,180.0,182.029999,152.0099945,155.020004,211300
2020-03-24,162.55,164.95,151.2,152.95,215800
2020-03-25,153.41,154.89,137.10001,144.12,673600
2020-03-26,144.36,165.63,138.86,165.21001,156100
2020-03-27,161.16,174.029999,152.52,162.98,127900
2020-03-30,164.8,176.25,156.99001,174.34,105500
2020-03-31,173.0,173.0,148.22,148.24001,208900
2020-04-01,146.0,153.48,143.67,152.95,113600
2020-04-02,150.58,163.35001,147.85001,161.42,90800
2020-04-03,159.7,167.49001,151.72,164.14,125600
2020-04-06,166.82001,170.66,163.8,170.38,111800
2020-04-07,173.0,173.0,164.0099945,166.63,94000
2020-04-08,168.39999,169.83,162.74001,168.73,67100
2020-04-09,170.28999,173.78,162.75999,166.089996,76800
2020-04-13,164.75,168.47,161.53,168.059998,54200
2020-04-14,169.56,173.25,165.50999,166.88,79900
2020-04-15,165.21001,169.94,160.53,162.46001,102300
2020-04-16,162.83,168.14,157.21001,167.78,103000
2020-04-17,172.95,178.070007,170.89,176.84,164000
2020-04-20,176.63,179.92999,174.36,179.24001,106700
2020-04-21,179.99001,184.21001,177.0,177.41,241800
2020-04-22,182.2,187.78,172.13,177.029999,554200
2020-04-23,175.17,178.63,169.98,171.64999,137500
2020-04-24,172.080002,174.78,168.59,173.32001,86700
2020-04-27,174.63,181.16,174.63,180.14,88200
2020-04-28,182.14,185.67999,180.12,181.52,125800
2020-04-29,182.88,186.82001,182.16,184.029999,90800
2020-04-30,184.75,184.75,177.39,178.059998,103900
2020-05-01,175.86,178.77,172.32001,172.44,39900
2020-05-04,171.45,177.059998,171.45,176.61,62900
2020-05-05,179.47,183.31,178.25999,180.25999,86500
2020-05-06,181.11,184.32001,175.55,182.42999,78000
2020-05-07,184.31,187.42999,182.91,184.66,112000
2020-05-08,184.0,184.42999,167.57001,168.73,150500
2020-05-11,168.28,174.23,168.0099945,172.5,111900
2020-05-12,173.62,174.67999,169.78,170.66,60900
2020-05-13,170.3,170.3,157.84,159.53999,111600
2020-05-14,158.52,163.23,154.63,162.35001,80300
2020-05-15,160.080002,165.46001,158.0,164.48,207700
2020-05-18,169.7,171.32001,166.59,169.73,92200
2020-05-19,169.35001,172.62,166.63,170.94,88900
2020-05-20,171.46001,173.98,167.42,172.42,79400
2020-05-21,172.14,175.10001,172.13,174.28999,65200
2020-05-22,173.84,173.84,170.020004,172.19,63500
2020-05-26,175.31,176.080002,171.42999,174.7,75200
2020-05-27,177.37,177.37,170.0099945,171.0,96300
2020-05-28,172.47,175.73,171.85001,174.53,100000
2020-05-29,174.31,180.45,172.16,180.24001,304500
2020-06-01,180.89999,182.53,174.41,175.36,66300
2020-06-02,176.22,180.63,175.67,180.39999,85600
2020-06-03,180.99001,184.60001,178.67999,183.14,67100
2020-06-04,183.28,183.28,178.17999,180.89999,53300
2020-06-05,182.45,186.53,180.37,185.34,75900
2020-06-08,185.0,190.0,184.64,189.95,78900
2020-06-09,188.84,188.84,182.94,186.42,80900
2020-06-10,186.14999,188.39999,181.92,186.27,61000
2020-06-11,183.34,184.75,176.64999,177.38,62600
2020-06-12,181.24001,182.53,174.61,177.74001,50900
2020-06-15,174.44,180.25999,173.32001,178.97,58000
2020-06-16,182.14,182.14,178.55,179.46001,68800
2020-06-17,179.75999,185.070007,178.83,183.17,87000
2020-06-18,182.19,184.7,180.39999,180.5,50700
2020-06-19,182.46001,186.98,181.46001,186.53,131600
2020-06-22,186.94,189.0,182.2,183.67,52500
2020-06-23,184.31,187.64,183.72,186.11,88200
2020-06-24,186.35001,186.35001,182.0099945,183.41,73200
2020-06-25,183.28999,188.87,181.2,188.17,49600
2020-06-26,187.38,188.88,184.89999,186.059998,140700
2020-06-29,187.62,190.58,187.52,188.5,34300
2020-06-30,189.31,194.070007,186.78999,191.89999,85900
2020-07-01,192.67999,192.67999,189.27,189.92,56000
2020-07-02,191.39,192.88,189.81,190.23,49300
2020-07-06,191.98,191.98,189.89999,190.63,36800
2020-07-07,190.55,191.020004,187.25,189.48,39800
2020-07-08,190.44,192.7,189.42999,191.89,40600
2020-07-09,193.020004,193.020004,183.86,188.63,73700
2020-07-10,189.42999,194.69,189.42999,193.83,57300
2020-07-13,194.32001,195.48,191.73,192.0,41000
2020-07-14,192.99001,197.8,191.58,197.14999,40700
2020-07-15,198.46001,201.78999,196.84,200.57001,50800
2020-07-16,200.25,203.88,200.080002,202.25,41300
2020-07-17,202.75999,206.87,201.37,203.75999,57000
2020-07-20,201.56,209.33,201.56,204.84,35700
2020-07-21,207.81,207.81,204.67,206.070007,28400
2020-07-22,206.42999,208.95,205.12,208.0099945,52200
2020-07-23,206.58,211.62,206.58,207.82001,32100
2020-07-24,209.42,209.42,204.050003,206.25,29100
2020-07-27,206.55,210.92999,203.94,210.42,37000
2020-07-28,209.029999,210.0,206.2,209.020004,40000
2020-07-29,209.53999,211.69,208.070007,210.0,52200
2020-07-30,208.67999,213.23,208.67999,209.24001,35200
2020-07-31,213.42,213.42,205.78,210.12,54600
2020-08-03,212.050003,214.99001,211.45,214.78,47700
2020-08-04,212.8,216.0,212.37,213.58,46200
2020-08-05,215.14,218.72,213.42,216.44,38000
2020-08-06,217.19,218.98,215.67999,217.039993,31400
2020-08-07,215.75999,218.37,215.50999,217.2,40900
2020-08-10,218.16,218.23,215.22,216.82001,31200
2020-08-11,218.52,219.53,217.28,217.53999,33000
2020-08-12,218.95,219.96001,216.10001,216.10001,26400
2020-08-13,215.47,216.78,212.67999,215.72,37700
2020-08-14,216.87,219.8,215.78999,217.32001,31900
2020-08-17,217.17999,220.60001,215.0,220.55,27000
2020-08-18,220.45,222.59,217.59,222.31,43000
2020-08-19,222.63,223.87,220.080002,222.7,28800
2020-08-20,221.17,223.3,220.10001,221.23,31100
2020-08-21,220.42999,220.42999,210.14999,212.63,72900
2020-08-24,211.19,214.99001,206.59,209.089996,69900
2020-08-25,209.11,212.17999,208.59,211.58,50000
2020-08-26,211.5,211.5,204.36,205.5,67200
2020-08-27,206.82001,212.41,206.82001,211.47,34100
2020-08-28,211.17,212.86,207.13,207.50999,27300
2020-08-31,211.10001,215.66,208.059998,213.44,69500
2020-09-01,211.77,214.39999,211.13,213.49001,38600
2020-09-02,213.97,218.89,213.97,217.85001,46100
2020-09-03,217.61,218.21001,214.38,214.8,49300
2020-09-04,216.49001,220.0099945,209.14999,209.94,55400
2020-09-08,209.12,214.25999,206.36,211.070007,78800
2020-09-09,213.39,223.24001,211.92999,220.58,72900
2020-09-10,221.33,222.67,219.53,220.28999,55700
2020-09-11,221.77,224.17999,219.89,220.48,53900
2020-09-14,220.58,226.57001,220.58,224.28,73500
2020-09-15,224.85001,224.85001,220.42,220.7,63300
2020-09-16,220.56,224.75999,220.56,221.61,65800
2020-09-17,220.25,223.83,220.25,221.81,75000
2020-09-18,221.029999,225.31,217.85001,220.39999,343700
2020-09-21,218.8,222.37,210.53,213.36,96400
2020-09-22,210.0,214.42999,207.12,208.5,149400
2020-09-23,210.42,210.42,202.88,203.31,409400
2020-09-24,204.47,210.5,202.28999,202.55,61200
2020-09-25,202.60001,204.83,201.49001,204.42999,51900
2020-09-28,206.50999,210.039993,206.50999,208.49001,55000
2020-09-29,207.63,211.10001,207.63,210.070007,39600
2020-09-30,210.63,212.2,208.64999,210.28,73800
2020-10-01,211.32001,212.45,207.48,211.17,79500
2020-10-02,208.070007,215.039993,199.14999,213.25,39100
2020-10-05,214.99001,218.78999,212.84,218.32001,66700
2020-10-06,219.16,221.73,216.50999,218.53999,52500
2020-10-07,221.089996,224.55,219.53,220.33,57300
2020-10-08,220.52,221.87,219.11,221.28999,31300
2020-10-09,221.47,224.0099945,220.96001,221.59,39400
2020-10-12,222.38,228.14999,221.050003,227.95,29800
2020-10-13,229.080002,232.95,226.98,229.32001,40900
2020-10-14,228.60001,232.84,226.74001,227.21001,55200
2020-10-15,227.12,231.88,225.41,229.27,44900
2020-10-16,229.27,231.0,227.87,229.0,56000
2020-10-19,229.75,231.0,225.62,225.74001,31800
2020-10-20,227.64999,227.78,224.14,224.95,32500
2020-10-21,226.61,230.98,226.61,229.60001,44900
2020-10-22,230.67999,233.029999,229.89,230.5,50900
2020-10-23,231.64,231.96001,228.12,231.0,49500
2020-10-26,230.23,231.059998,227.25,229.0099945,36000
2020-10-27,230.059998,238.17,230.059998,234.33,106500
2020-10-28,231.42,239.039993,229.57001,234.75999,373200
2020-10-29,232.71001,242.60001,232.71001,236.17999,133500
2020-10-30,235.31,241.070007,226.3,232.87,88000
2020-11-02,234.96001,238.5,233.050003,235.92999,52900
2020-11-03,238.58,242.020004,238.31,240.38,50900
2020-11-04,241.62,241.62,235.75999,238.91,38600
2020-11-05,240.8,240.8,236.75,238.8,59100
2020-11-06,236.17,237.8,234.21001,236.48,51100
2020-11-09,241.83,242.46001,230.94,231.75999,71200
2020-11-10,233.34,238.050003,231.75999,238.050003,59200
2020-11-11,239.74001,247.34,239.74001,247.34,79400
2020-11-12,247.98,247.98,235.25999,237.86,56300
2020-11-13,238.059998,242.12,232.98,236.88,96800
2020-11-16,236.99001,245.27,236.99001,245.25999,51800
2020-11-17,243.77,245.3,240.92,243.72,57000
2020-11-18,243.020004,244.69,240.48,242.72,38000
2020-11-19,243.7,245.22,240.28,241.37,53100
2020-11-20,242.34,242.92,239.88,241.039993,50100
2020-11-23,240.73,243.8,237.31,237.86,75200
2020-11-24,237.86,241.85001,229.83,230.60001,179200
2020-11-25,228.59,231.029999,220.19,229.95,404000
2020-11-27,227.95,228.81,225.94,226.58,35700
2020-11-30,228.0099945,228.99001,220.69,225.61,245800
2020-12-01,226.3,232.14,224.22,225.0,96800
2020-12-02,226.089996,229.21001,218.94,221.12,91700
2020-12-03,220.23,225.89999,218.8,219.47,56100
2020-12-04,218.27,224.45,215.23,222.85001,76200
2020-12-07,222.58,226.33,220.32001,221.14,104700
2020-12-08,220.020004,223.46001,219.58,222.25,92600
2020-12-09,223.85001,227.59,220.64,227.56,72400
2020-12-10,227.69,232.36,226.61,230.46001,76800
2020-12-11,231.3,236.74001,230.45,233.32001,70200
2020-12-14,233.39,239.53,233.39,235.72,76000
2020-12-15,236.37,243.48,236.37,241.83,86700
2020-12-16,241.23,246.84,241.10001,246.0099945,81800
2020-12-17,246.77,249.55,245.029999,247.67999,84700
2020-12-18,247.25999,248.64,243.83,247.64999,219600
2020-12-21,247.39999,250.95,244.85001,248.47,123100
2020-12-22,248.25999,253.89,247.92,250.039993,132800
2020-12-23,251.96001,256.76999,248.12,251.0,364100
2020-12-24,249.99001,251.0,242.28999,243.25,41700
2020-12-28,244.53999,245.45,240.22,244.69,98400
2020-12-29,244.58,246.67999,240.23,242.089996,56300
2020-12-30,241.92,245.020004,240.22,244.84,27400
2020-12-31,245.31,246.10001,241.60001,245.60001,40400
2021-01-04,245.60001,245.75,238.92,240.91,53700
2021-01-05,240.82001,243.58,238.24001,242.83,69200
2021-01-06,242.62,251.14999,242.62,250.97,72200
2021-01-07,252.27,257.54001,251.97,257.53,57800
2021-01-08,255.89999,260.0,255.27,259.29001,50900
2021-01-11,258.20001,261.20001,255.62,257.14001,44200
2021-01-12,256.38,258.98999,252.38,257.0,34000
2021-01-13,258.35999,258.94,253.36,253.81,61500
2021-01-14,255.029999,255.029999,246.98,249.75,41800
2021-01-15,247.14999,257.98999,244.25,247.89999,73500
2021-01-19,249.88,250.74001,241.85001,242.41,107600
2021-01-20,244.39999,244.39999,241.44,242.66,71200
2021-01-21,243.87,246.98,240.21001,240.32001,42900
2021-01-22,240.8,240.8,235.0,236.45,56500
2021-01-25,236.46001,238.52,234.48,237.69,37700
2021-01-26,239.0,239.0,234.86,235.97,43400
2021-01-27,235.089996,245.3,232.50999,242.49001,140800
2021-01-28,243.42999,247.7,237.94,245.89,61800
2021-01-29,246.61,246.61,240.57001,243.10001,69400
2021-02-01,244.059998,247.10001,243.78999,245.91,66700
2021-02-02,248.12,250.71001,247.62,250.64999,45200
2021-02-03,251.89,254.19,247.99001,249.080002,31200
2021-02-04,249.44,253.029999,247.67,250.14,28000
2021-02-05,250.39999,257.53,250.39999,257.53,38000
2021-02-08,259.54001,265.88,254.21001,258.70999,92600
2021-02-09,258.79001,263.32001,256.72,260.54001,57900
2021-02-10,263.14001,264.98999,254.84,257.54001,85600
2021-02-11,256.91,266.76999,256.91,260.0,72400
2021-02-12,258.89999,261.70001,258.87,260.26999,37400
2021-02-16,259.51999,260.32001,252.28,256.23001,39300
2021-02-17,257.29999,259.60999,255.21001,256.64001,26700
2021-02-18,257.45999,258.17999,254.17,255.74001,47800
2021-02-19,256.57999,258.38,253.95,256.16,35300
2021-02-22,256.16,256.16,250.41,253.84,34400
2021-02-23,251.25999,255.41,249.59,253.16,35500
2021-02-24,252.10001,252.10001,241.67,244.12,77200
2021-02-25,245.0,247.14999,242.53,245.84,79100
2021-02-26,243.94,245.39999,237.029999,242.10001,82900
2021-03-01,244.0,250.089996,242.44,248.35001,74100
2021-03-02,250.050003,251.0,242.059998,243.029999,58000
2021-03-03,241.63,245.5,239.059998,242.47,51600
2021-03-04,242.42999,242.42999,226.64,228.48,81200
2021-03-05,228.47,235.10001,224.92999,234.53,77700
2021-03-08,237.080002,237.080002,231.21001,231.21001,61200
2021-03-09,234.3,235.47,231.22,231.95,75800
2021-03-10,232.34,234.86,230.63,231.84,63000
2021-03-11,234.49001,236.42,230.63,232.66,79100
2021-03-12,231.64999,234.53,228.86,230.029999,60300
2021-03-15,228.84,235.28,227.75,234.75,70500
2021-03-16,234.74001,236.25,231.73,235.039993,69100
2021-03-17,233.82001,236.77,230.31,234.029999,78400
2021-03-18,232.39999,233.0,228.50999,229.24001,78300
2021-03-19,230.36,233.7,224.98,224.99001,280900
2021-03-22,223.78999,231.55,220.62,230.28,95700
2021-03-23,230.59,230.59,224.94,226.39999,53500
2021-03-24,227.53,228.17999,223.31,226.27,144200
2021-03-25,224.78999,225.61,221.49001,224.42,74200
2021-03-26,223.63,223.82001,220.64,222.87,78100
2021-03-29,223.0,227.53,222.34,224.41,69600
2021-03-30,223.91,225.28999,220.17999,222.62,48900
2021-03-31,223.75999,226.72,219.61,220.91,132300
2021-04-01,221.35001,225.50999,220.66,223.48,60200
2021-04-05,223.64999,223.64999,219.71001,222.88,31200
2021-04-06,221.39,225.78999,220.42,225.52,59100
2021-04-07,226.84,226.84,220.64,222.2,64200
2021-04-08,222.60001,224.39,221.050003,222.95,65900
2021-04-09,222.31,223.35001,219.91,221.5,45500
2021-04-12,220.53999,223.95,220.37,222.42,94200
2021-04-13,223.7,225.12,221.81,223.0099945,56500
2021-04-14,223.98,226.66,222.67,222.83,51200
2021-04-15,223.34,226.82001,222.56,224.12,31500
2021-04-16,224.24001,228.37,223.50999,227.31,86500
2021-04-19,227.5,227.50999,224.17999,224.86,56600
2021-04-20,226.029999,227.85001,222.75999,223.14999,45300
2021-04-21,223.74001,228.75999,223.50999,227.35001,76900
2021-04-22,227.82001,229.089996,225.75999,226.99001,37600
2021-04-23,226.11,229.33,226.11,229.029999,43700
2021-04-26,228.53999,228.53999,221.77,223.16,47800
2021-04-27,222.24001,224.96001,222.059998,222.71001,53900
2021-04-28,224.039993,224.039993,219.46001,220.22,65200
2021-04-29,221.11,221.61,219.059998,220.33,56500
2021-04-30,217.64,220.0,213.53,214.020004,86000
2021-05-03,214.91,218.19,213.75999,216.75999,53800
2021-05-04,216.37,218.0,211.5,212.62,61800
2021-05-05,213.96001,216.86,210.49001,211.39999,45900
2021-05-06,211.13,217.46001,206.83,209.57001,57800
2021-05-07,209.83,211.42,209.089996,210.33,50600
2021-05-10,210.5,215.5,208.16,208.63,47400
2021-05-11,207.66,207.66,201.44,202.16,63900
2021-05-12,201.39999,206.029999,198.87,200.83,65500
2021-05-13,200.67999,204.87,200.27,203.58,59900
2021-05-14,204.7,205.57001,201.22,203.83,52200
2021-05-17,204.16,205.39,199.78999,203.44,56300
2021-05-18,204.45,204.83,201.12,201.49001,95200
2021-05-19,199.98,199.98,196.31,197.42,68700
2021-05-20,196.78999,206.46001,196.3,198.78,39300
2021-05-21,200.75,203.24001,197.88,198.62,56600
2021-05-24,197.32001,199.23,194.10001,196.72,51800
2021-05-25,197.47,198.56,195.10001,196.32001,88200
2021-05-26,195.62,196.82001,194.55,195.25,127500
2021-05-27,194.71001,202.0,194.50999,201.96001,335200
2021-05-28,201.96001,202.059998,198.78,201.13,86900
2021-06-01,202.27,203.63,199.47,200.64999,74900
2021-06-02,199.98,200.59,197.34,199.25,54600
2021-06-03,198.13,199.36,196.21001,196.95,55400
2021-06-04,197.059998,198.82001,193.64999,194.88,49800
2021-06-07,194.69,195.17999,192.85001,193.82001,58100
2021-06-08,194.28,194.28,191.34,192.19,61800
2021-06-09,192.8,192.89,189.55,190.31,82200
2021-06-10,191.96001,191.96001,189.13,189.83,73300
2021-06-11,190.48,191.88,188.8,189.7,56000
2021-06-14,189.71001,192.27,188.75999,191.42,67200
2021-06-15,191.53999,192.89999,188.17,191.69,64300
2021-06-16,192.5,192.67,189.0,190.5,81000
2021-06-17,189.34,192.67,188.50999,189.31,78300
2021-06-18,189.52,190.95,188.38,189.16,119500
2021-06-21,189.050003,191.17,189.050003,190.14,56700
2021-06-22,190.49001,191.23,189.38,190.64999,37600
2021-06-23,190.2,191.39999,189.97,190.14,48200
2021-06-24,191.21001,192.48,190.020004,192.24001,87100
2021-06-25,192.039993,194.10001,192.039993,193.75999,160100
2021-06-28,192.89,193.89999,190.94,192.31,46700
2021-06-29,192.96001,194.12,192.059998,193.62,40000
2021-06-30,193.89,194.42,192.35001,193.35001,60300
2021-07-01,194.11,195.070007,193.22,194.0099945,67300
2021-07-02,193.57001,193.86,191.99001,192.11,30800
2021-07-06,191.72,191.72,187.8,189.74001,60400
2021-07-07,189.19,193.52,188.55,193.12,53500
2021-07-08,192.080002,192.37,186.33,187.42999,58600
2021-07-09,188.71001,188.71001,186.35001,188.22,44200
2021-07-12,187.21001,188.27,184.92,186.59,47200
2021-07-13,186.98,188.17999,183.81,184.67,61500
2021-07-14,185.0,187.34,184.17999,184.84,45500
2021-07-15,183.87,184.78999,181.74001,183.10001,49300
2021-07-16,184.25999,187.029999,183.99001,186.0099945,43100
2021-07-19,185.029999,186.88,181.039993,182.44,55600
2021-07-20,183.059998,189.10001,183.059998,184.55,99600
2021-07-21,185.73,187.59,183.67,185.81,50400
2021-07-22,185.89999,187.75999,182.41,182.41,36600
2021-07-23,183.42,184.81,182.62,183.67999,25700
2021-07-26,183.58,184.99001,182.11,184.059998,45900
2021-07-27,183.32001,185.35001,182.020004,184.14,39200
2021-07-28,184.62,185.84,182.41,184.64999,65500
2021-07-29,185.13,185.97,184.22,185.38,38600
2021-07-30,180.95,186.92,180.95,184.89,72100
2021-08-02,185.0,187.3,184.41,184.86,46500
2021-08-03,185.87,185.87,183.070007,184.050003,62600
2021-08-04,183.039993,185.37,183.039993,184.25999,40900
2021-08-05,185.14999,185.14999,181.60001,183.36,37700
2021-08-06,184.78999,184.78999,181.52,181.89,36800
2021-08-09,182.32001,183.27,180.36,180.77,50700
2021-08-10,180.89,180.89,177.31,177.88,60500
2021-08-11,178.64,179.42999,175.61,176.36,56600
2021-08-12,176.88,177.23,173.5,173.58,37800
2021-08-13,173.10001,175.37,172.38,172.95,38900
2021-08-16,173.10001,174.74001,172.0,172.75999,48500
2021-08-17,171.62,174.13,170.83,172.83,42900
2021-08-18,173.37,173.8,169.87,169.88,50700
2021-08-19,168.87,174.97,168.87,173.059998,57000
2021-08-20,172.8,177.31,170.69,176.86,54800
2021-08-23,176.86,177.87,172.85001,172.85001,56600
2021-08-24,173.50999,175.37,171.78,174.42,41900
2021-08-25,174.27,175.34,173.64,174.77,114400
2021-08-26,174.23,175.11,173.41,173.99001,60700
2021-08-27,173.72,175.82001,172.98,174.88,48800
2021-08-30,175.35001,179.91,175.32001,176.41,69400
2021-08-31,176.16,179.64,176.16,177.089996,104100
2021-09-01,177.28,180.0,176.029999,178.11,64500
2021-09-02,178.14999,180.73,177.039993,180.21001,70200
2021-09-03,180.14999,182.21001,178.17999,180.87,62500
2021-09-07,181.58,182.12,177.029999,177.87,123100
2021-09-08,177.0,178.75,175.22,175.7,71900
2021-09-09,176.17,178.71001,175.86,175.89,75400
2021-09-10,176.0,177.56,174.35001,176.5,67600
2021-09-13,177.029999,179.52,176.61,178.89999,102100
2021-09-14,178.88,178.88,175.53,176.25,87700
2021-09-15,176.82001,181.58,176.5,180.47,99800
2021-09-16,180.029999,181.25999,177.85001,179.67999,105800
2021-09-17,180.42,183.87,178.17,183.22,417000
2021-09-20,182.67,183.89999,180.11,183.53,118300
2021-09-21,184.49001,186.080002,182.2,182.91,97000
2021-09-22,183.19,186.0099945,182.89999,184.059998,131000
2021-09-23,185.050003,186.46001,182.11,182.25,51100
2021-09-24,182.48,183.48,180.5,180.96001,50800
2021-09-27,180.91,184.059998,180.50999,182.75,65900
2021-09-28,182.0,183.94,177.10001,177.25999,52000
2021-09-29,177.57001,179.96001,177.57001,177.78999,42100
2021-09-30,177.94,181.73,177.039993,178.42,104100
2021-10-01,179.5,184.0099945,177.89999,182.67,86600
2021-10-04,180.89999,182.7,179.19,180.69,60500
2021-10-05,181.14,185.86,180.44,185.050003,60600
2021-10-06,183.75,185.35001,181.60001,184.75999,60800
2021-10-07,183.28999,188.10001,183.28999,187.23,46700
2021-10-08,188.19,190.42,187.78,190.38,46300
2021-10-11,191.36,193.42999,191.21001,192.39999,43600
2021-10-12,193.080002,194.089996,190.080002,192.52,69700
2021-10-13,192.52,197.16,190.92999,197.050003,64100
2021-10-14,198.39999,198.67999,195.28999,195.5,47200
2021-10-15,196.67,196.67,194.14999,194.46001,59100
2021-10-18,194.14,195.96001,192.88,194.89999,66800
2021-10-19,195.5,196.82001,194.0,196.81,71900
2021-10-20,197.16,200.61,196.53,198.71001,65300
2021-10-21,199.50999,200.37,198.34,199.3,37700
2021-10-22,199.84,202.55,199.16,202.39,48500
2021-10-25,202.75,203.28999,199.020004,200.87,62300
2021-10-26,201.37,202.42,198.5,201.21001,62700
2021-10-27,201.21001,202.53999,197.0,198.070007,85100
2021-10-28,199.11,201.99001,198.61,200.24001,73800
2021-10-29,200.24001,207.44,200.24001,205.81,113100
2021-11-01,203.83,207.84,202.92999,206.67,131500
2021-11-02,207.75,213.89999,206.070007,212.46001,120700
2021-11-03,212.47,214.32001,209.42999,213.25,68600
2021-11-04,212.88,219.50999,212.88,218.14999,93200
2021-11-05,219.89,226.31,219.35001,224.33,102800
2021-11-08,225.059998,229.37,222.55,228.11,98100
2021-11-09,228.47,229.16,224.19,225.92,70800
2021-11-10,225.64,230.0099945,225.5,229.85001,60700
2021-11-11,230.85001,234.96001,229.96001,230.67999,59300
2021-11-12,231.21001,231.69,225.86,230.039993,90600
2021-11-15,230.039993,231.2,227.11,227.7,61300
2021-11-16,227.75,228.56,223.73,224.42999,86300
2021-11-17,223.17999,226.050003,222.39,225.23,50800
2021-11-18,224.50999,224.95,219.039993,219.5,79600
2021-11-19,218.58,221.71001,213.48,215.78,176000
2021-11-22,216.67999,219.44,214.53,216.24001,95700
2021-11-23,215.12,217.83,211.99001,212.89999,84300
2021-11-24,213.0,214.55,211.56,212.039993,126200
2021-11-26,209.49001,212.039993,208.48,209.19,57500
2021-11-29,210.23,210.23,203.57001,204.19,104600
2021-11-30,204.13,205.67,183.24001,185.81,734200
2021-12-01,186.53,189.14,181.39,185.52,222700
2021-12-02,186.0,189.55,184.029999,186.39,107700
2021-12-03,186.16,187.87,182.94,183.33,128700
2021-12-06,184.46001,193.12,184.25,191.5,110600
2021-12-07,192.64999,194.71001,189.84,193.92999,134500
2021-12-08,195.64999,195.92,194.0,195.080002,51800
2021-12-09,194.0099945,194.0099945,189.53999,189.74001,88900
2021-12-10,190.78,195.33,188.75999,193.89,88400
2021-12-13,194.19,197.8,193.14999,195.53999,81200
2021-12-14,194.87,196.10001,191.81,193.3,80000
2021-12-15,193.53,195.88,191.88,194.85001,67700
2021-12-16,195.53,196.14,190.67999,191.61,84400
2021-12-17,191.24001,191.24001,184.089996,187.52,209400
2021-12-20,184.37,187.17,183.020004,187.059998,61800
2021-12-21,189.35001,192.56,189.089996,190.32001,69600
2021-12-22,190.039993,190.89,189.039993,190.59,35700
2021-12-23,191.059998,193.020004,190.029999,190.16,37300
2021-12-27,191.66,193.25999,189.42999,192.66,28800
2021-12-28,192.99001,194.92,192.84,194.17,33200
2021-12-29,193.47,194.64999,192.42,193.77,87000
2021-12-30,194.32001,195.57001,192.74001,192.87,54500
2021-12-31,193.88,195.12,192.41,192.66,36400
2022-01-03,192.7,195.25,190.66,193.050003,45200
2022-01-04,193.0099945,193.89999,191.34,191.55,45700
2022-01-05,190.71001,192.16,187.99001,188.25,54600
2022-01-06,188.25,190.81,187.33,190.58,52600
2022-01-07,191.46001,194.81,190.080002,194.58,71800
2022-01-10,194.17999,194.71001,189.64999,192.73,42800
2022-01-11,191.75999,191.75999,187.88,190.58,70600
2022-01-12,190.41,190.57001,184.039993,185.0,103300
2022-01-13,186.39,188.62,185.19,185.28,36100
2022-01-14,184.94,186.63,181.0099945,183.080002,89600
2022-01-18,182.42,182.42,176.71001,177.56,65100
2022-01-19,178.46001,180.050003,175.64999,176.21001,51300
2022-01-20,177.10001,181.25,174.78,175.33,51000
2022-01-21,175.22,179.0,174.75,174.75,50900
2022-01-24,173.83,180.36,173.48,179.35001,82400
2022-01-25,178.070007,178.91,173.75999,176.17999,61000
2022-01-26,177.12,178.78,172.24001,174.14,130000
2022-01-27,175.020004,177.66,172.0,172.91,60900
2022-01-28,173.57001,177.89999,171.50999,176.99001,54100
2022-01-31,176.98,184.81,176.98,184.10001,120700
2022-02-01,183.64,184.71001,180.86,184.27,64900
2022-02-02,184.42999,185.87,182.99001,185.11,99100
2022-02-03,184.050003,184.53999,182.0,182.96001,58700
2022-02-04,183.72,185.81,181.16,183.58,59800
2022-02-07,184.029999,186.57001,182.080002,183.81,48100
2022-02-08,184.53999,185.95,181.67999,185.42999,44400
2022-02-09,186.92999,186.92999,183.089996,185.0099945,41300
2022-02-10,183.89999,188.55,183.89999,187.99001,93600
2022-02-11,187.86,189.78,184.69,185.38,70700
2022-02-14,185.020004,185.020004,181.73,183.58,73900
2022-02-15,185.28,187.59,184.99001,186.77,51900
2022-02-16,186.89999,186.89999,183.49001,184.46001,61300
2022-02-17,183.74001,183.74001,180.22,180.22,56400
2022-02-18,180.81,182.78,180.25999,181.81,67600
2022-02-22,181.78,184.25999,181.56,182.67,57600
2022-02-23,183.32001,183.32001,174.7,175.089996,77600
2022-02-24,173.25,182.10001,171.58,180.91,84300
2022-02-25,172.22,179.99001,172.22,177.50999,108500
2022-02-28,176.47,180.0,173.55,175.10001,136800
2022-03-01,175.47,175.99001,169.3,170.41,137300
2022-03-02,171.57001,177.46001,171.57001,173.50999,127400
2022-03-03,175.020004,175.53999,171.84,172.39999,79100
2022-03-04,170.58,172.63,169.77,171.3,72500
2022-03-07,170.59,171.67,169.58,170.2,80300
2022-03-08,170.059998,170.059998,164.19,167.27,81800
2022-03-09,169.22,170.82001,167.58,170.62,111700
2022-03-10,167.92999,171.47,167.78999,170.10001,53700
2022-03-11,171.48,171.61,169.61,170.5,86100
2022-03-14,170.42999,170.91,167.16,168.89,92700
2022-03-15,169.75,171.17999,168.77,170.0,117300
2022-03-16,170.25,173.19,166.72,169.86,109000
2022-03-17,170.14,173.28,169.89,173.070007,106500
2022-03-18,173.35001,176.96001,173.35001,176.89999,150700
2022-03-21,176.37,180.86,176.37,179.5,106800
2022-03-22,179.83,181.8,178.34,180.33,98100
2022-03-23,180.33,181.77,177.88,177.91,80500
2022-03-24,179.28,179.3,177.57001,177.77,58900
2022-03-25,178.25,179.0,176.75,178.32001,47000
2022-03-28,178.22,179.49001,176.98,177.71001,51600
2022-03-29,179.3,180.77,178.44,180.14999,53600
2022-03-30,180.63,181.14,178.53999,179.7,42400
2022-03-31,179.53999,181.0,175.71001,176.13,79600
2022-04-01,177.48,182.14999,177.020004,181.36,92300
2022-04-04,180.33,181.12,177.66,178.75,68400
2022-04-05,178.64,182.72,178.64,179.36,66600
2022-04-06,179.91,184.99001,178.86,183.21001,101700
2022-04-07,183.59,187.16,183.50999,185.81,62300
2022-04-08,186.50999,188.62,184.039993,185.69,106200
2022-04-11,184.38,187.45,184.0,185.45,87000
2022-04-12,186.98,187.0099945,184.57001,184.94,93900
2022-04-13,184.55,187.21001,184.14999,186.67999,59700
2022-04-14,187.28999,189.23,186.23,186.75,54800
2022-04-18,185.81,186.3,178.27,178.67,133500
2022-04-19,179.59,181.47,177.28999,179.0,68900
2022-04-20,180.42,180.42,178.24001,178.94,44800
2022-04-21,179.44,182.16,177.53,177.86,57400
2022-04-22,177.070007,177.089996,173.13,173.52,71200
2022-04-25,173.60001,174.59,170.50999,173.81,45700
2022-04-26,173.96001,173.96001,166.38,167.0,87000
2022-04-27,166.33,170.87,166.33,167.97,101900
2022-04-28,168.3,171.53999,166.37,168.62,64100
2022-04-29,166.070007,167.57001,159.75,160.28,140700
2022-05-02,160.49001,165.28,158.46001,165.13,68600
2022-05-03,166.16,167.8,164.88,166.75,82000
2022-05-04,167.92999,173.74001,167.28999,173.58,84000
2022-05-05,171.82001,171.92999,167.25999,170.0099945,70700
2022-05-06,170.39999,171.53999,168.0099945,170.17999,92800
2022-05-09,168.39,170.039993,165.14,165.81,86400
2022-05-10,167.98,167.98,161.16,164.42,77700
2022-05-11,164.92999,167.3,162.67999,163.42999,54300
2022-05-12,162.10001,165.27,162.10001,164.78999,66400
2022-05-13,165.62,166.24001,163.25999,164.98,68500
2022-05-16,165.14,165.42,162.89999,163.84,49000
2022-05-17,165.63,166.89,164.32001,166.78999,57300
2022-05-18,165.49001,166.42,163.62,163.7,39300
2022-05-19,162.47,165.23,162.24001,162.31,73500
2022-05-20,164.25999,164.25999,159.55,163.46001,102700
2022-05-23,164.60001,164.60001,162.21001,163.34,59100
2022-05-24,161.89,162.0099945,159.36,161.2,58200
2022-05-25,161.58,165.42999,161.14,163.24001,99400
2022-05-26,164.57001,164.57001,162.69,163.89999,43600
2022-05-27,163.89999,167.2,163.89999,167.2,50700
2022-05-31,166.55,169.3,165.63,167.75,232600
2022-06-01,168.89,168.98,161.81,165.25999,72000
2022-06-02,165.41,171.97,165.21001,171.64999,71300
2022-06-03,171.75,172.53,169.27,170.88,45900
2022-06-06,171.62,174.32001,170.0099945,173.17999,68200
2022-06-07,173.059998,177.82001,172.86,177.82001,63800
2022-06-08,177.27,178.46001,176.17,177.78999,51400
2022-06-09,176.88,180.36,176.88,177.42999,62400
2022-06-10,175.55,177.45,173.0,174.82001,53400
2022-06-13,171.97,173.34,170.89999,171.72,74800
2022-06-14,172.25999,175.49001,172.25999,173.039993,83000
2022-06-15,173.42999,177.56,173.42999,174.85001,59100
2022-06-16,173.56,173.56,169.87,170.28,76300
2022-06-17,169.75,175.039993,169.75,172.92,97700
2022-06-21,173.78,178.050003,173.0,177.67,66500
2022-06-22,175.8,179.57001,175.8,179.24001,77200
2022-06-23,180.21001,183.72,179.3,183.33,97100
2022-06-24,185.059998,191.60001,185.059998,190.96001,145300
2022-06-27,191.95,191.95,188.34,190.23,56200
2022-06-28,191.17999,193.21001,190.059998,190.5,54400
2022-06-29,189.94,192.94,186.34,187.25999,81100
2022-06-30,186.57001,193.53,186.57001,192.19,102700
2022-07-01,192.7,195.95,192.2,195.17999,70900
2022-07-05,193.44,194.14,189.17999,193.74001,80100
2022-07-06,193.73,197.50999,193.17999,193.59,116000
2022-07-07,194.070007,198.75,194.070007,198.75,64500
2022-07-08,197.86,198.89,195.75999,195.75999,41200
2022-07-11,195.21001,196.75,194.0,194.75999,42100
2022-07-12,194.66,197.070007,191.5,191.95,86800
2022-07-13,190.55,194.27,190.22,193.75999,53600
2022-07-14,192.22,193.57001,190.39999,190.95,46500
2022-07-15,192.89999,193.94,191.10001,192.72,57300
2022-07-18,194.059998,194.059998,188.7,189.77,89900
2022-07-19,191.34,192.55,190.57001,191.36,57900
2022-07-20,191.88,193.5,190.52,192.72,44900
2022-07-21,192.94,194.17999,192.75,193.25,50100
2022-07-22,192.78999,193.5,190.73,191.81,48900
2022-07-25,192.74001,194.59,191.53999,192.46001,39100
2022-07-26,191.10001,191.66,188.92999,191.28,55700
2022-07-27,192.45,195.33,192.32001,194.41,72400
2022-07-28,195.32001,196.78999,192.87,195.19,58900
2022-07-29,193.73,204.64,193.73,203.36,101200
2022-08-01,203.10001,206.64999,202.0,204.17,69200
2022-08-02,202.91,209.52,202.56,208.69,71100
2022-08-03,209.080002,214.42,208.77,212.62,66900
2022-08-04,212.35001,215.71001,210.78999,211.49001,56500
2022-08-05,210.91,214.69,210.0,214.69,52700
2022-08-08,215.99001,218.7,215.52,217.56,52300
2022-08-09,217.86,219.58,213.58,216.19,50800
2022-08-10,218.5,219.73,215.3,217.92,40400
2022-08-11,218.35001,218.92,214.84,215.37,70800
2022-08-12,215.83,218.78,214.89,217.98,38500
2022-08-15,216.19,219.64999,213.55,219.39999,52200
2022-08-16,219.82001,220.64,217.61,219.32001,43600
2022-08-17,217.28999,220.16,216.85001,220.16,51500
2022-08-18,218.31,222.35001,218.31,221.75,37900
2022-08-19,221.64,223.23,217.11,221.059998,40400
2022-08-22,219.89,222.41,217.85001,219.31,59300
2022-08-23,218.97,218.97,212.73,214.11,49100
2022-08-24,214.64999,216.0099945,212.50999,215.63,58800
2022-08-25,215.78999,218.33,214.97,218.28,55100
2022-08-26,217.98,218.92,215.32001,217.7,36700
2022-08-29,217.39,217.39,213.47,213.58,39800
2022-08-30,212.64999,212.71001,210.45,211.45,43200
2022-08-31,212.38,215.72,211.50999,214.92999,117400
2022-09-01,213.75,217.82001,213.42999,217.82001,80800
2022-09-02,218.53999,221.87,214.49001,215.59,99200
2022-09-06,215.77,223.62,215.39999,222.52,105500
2022-09-07,223.34,225.87,221.24001,225.14,61100
2022-09-08,223.25,226.81,222.88,224.92,71200
2022-09-09,225.22,226.62,222.67,222.99001,54200
2022-09-12,223.23,224.24001,221.19,221.59,43200
2022-09-13,219.0099945,223.56,218.84,222.089996,49800
2022-09-14,222.14999,223.56,221.27,223.24001,47500
2022-09-15,222.5,224.77,220.99001,222.19,58500
2022-09-16,222.16,222.16,218.8,219.66,149000
2022-09-19,219.66,224.53,219.66,224.38,32300
2022-09-20,222.87,224.16,220.0,223.95,50300
2022-09-21,224.60001,227.0,221.94,222.0099945,45500
2022-09-22,221.23,221.23,218.64999,219.41,35200
2022-09-23,219.029999,219.029999,215.53,218.47,37400
2022-09-26,218.47,218.75999,216.60001,216.60001,47200
2022-09-27,217.50999,218.78999,213.78,215.24001,60000
2022-09-28,216.11,219.58,213.89,218.55,58200
2022-09-29,218.50999,220.64999,216.82001,219.95,57000
2022-09-30,219.82001,224.24001,219.82001,222.31,72200
2022-10-03,222.8,230.0,222.39,229.44,83000
2022-10-04,229.10001,234.59,228.45,234.2,76600
2022-10-05,233.96001,238.92999,233.67,235.97,61700
2022-10-06,234.95,236.89999,231.36,232.77,112100
2022-10-07,230.69,231.0,228.46001,229.71001,79900
2022-10-10,229.10001,236.45,229.10001,235.7,33800
2022-10-11,235.31,237.0099945,232.3,234.57001,62300
2022-10-12,234.38,235.0,230.81,231.0099945,49800
2022-10-13,229.029999,238.28,224.89999,236.28,71400
2022-10-14,237.55,237.55,231.27,231.53999,54100
2022-10-17,234.37,236.080002,230.49001,232.63,64900
2022-10-18,236.0,238.089996,233.82001,235.88,66400
2022-10-19,235.42,238.99001,234.97,238.77,39600
2022-10-20,238.77,238.97,232.27,234.11,53500
2022-10-21,235.42,239.12,232.50999,238.35001,54700
2022-10-24,239.17,242.52,237.45,242.41,84800
2022-10-25,240.38,240.59,231.7,235.56,72100
2022-10-26,236.87,239.61,233.71001,235.86,86200
2022-10-27,238.25999,240.88,236.8,238.58,64300
2022-10-28,241.020004,249.66,235.0099945,249.31,80300
2022-10-31,249.99001,258.42001,249.13,257.01001,109200
2022-11-01,258.64001,258.75,251.78999,255.0,92000
2022-11-02,255.47,262.44,255.0,258.51001,77800
2022-11-03,257.76999,264.94,256.12,262.67999,58700
2022-11-04,263.42999,265.0,260.63,264.32999,45700
2022-11-07,263.60001,264.26001,260.059998,263.51001,54100
2022-11-08,263.42001,266.17999,260.38,262.47,87800
2022-11-09,262.47,266.17001,260.97,262.85999,81100
2022-11-10,262.95001,272.10001,262.95001,271.37,64500
2022-11-11,273.20001,273.20001,252.14999,252.67,123900
2022-11-14,253.31,263.51999,253.31,258.0,66700
2022-11-15,260.85001,265.23999,257.35999,260.19,56700
2022-11-16,260.92001,268.84,260.92001,264.019989,61700
2022-11-17,261.82001,265.44,260.29001,265.38,76800
2022-11-18,267.48001,270.51999,265.29999,267.98001,78000
2022-11-21,268.38,270.89999,262.42001,264.42001,72000
2022-11-22,265.0,271.01001,265.0,267.91,64400
2022-11-23,269.91,274.82999,268.89001,272.73001,144200
2022-11-25,271.10001,271.95001,260.79999,268.82999,73600
2022-11-28,269.54001,271.94,263.91,264.29999,96700
2022-11-29,265.97,270.97,264.53,269.23999,108200
2022-11-30,270.26999,286.5,268.29001,282.39001,356800
2022-12-01,284.73999,285.19,277.57001,281.34,158200
2022-12-02,278.45999,284.12,277.51999,280.070007,87200
2022-12-05,278.070007,278.17001,270.29999,271.92001,100900
2022-12-06,272.79999,278.45999,271.94,277.94,183800
2022-12-07,277.23999,279.98999,270.23001,270.76001,198700
2022-12-08,272.94,279.10999,272.54999,274.059998,170500
2022-12-09,272.66,273.73999,266.41,266.89999,205700
2022-12-12,267.16,269.66,267.16,268.47,68900
2022-12-13,271.19,272.70999,267.39999,268.63,159900
2022-12-14,269.82999,274.10999,268.14999,271.0,112600
2022-12-15,270.98999,272.5,266.17999,271.84,122700
2022-12-16,271.26999,271.89999,265.89999,269.45001,190000
2022-12-19,269.059998,279.82999,268.16,271.39999,96100
2022-12-20,271.97,275.67001,269.17999,274.45001,87200
2022-12-21,276.029999,286.029999,274.66,281.57999,124100
2022-12-22,280.60001,282.26999,274.37,276.29999,136900
2022-12-23,276.29999,278.5,274.54999,276.25,90300
2022-12-27,277.54001,281.17001,275.35999,277.76001,86700
2022-12-28,275.85999,276.60001,249.78,251.16,226500
2022-12-29,251.41,254.39,248.2,249.87,459100
2022-12-30,249.86,251.32001,245.37,248.72,125400
2023-01-03,248.53,249.88,242.13,244.45,138700
2023-01-04,244.13,248.10001,240.27,242.23,149900
2023-01-05,242.35001,249.13,241.8,243.78,162800
2023-01-06,244.91,251.21001,243.58,250.98,126400
2023-01-09,250.55,255.92,248.050003,254.82001,138500
2023-01-10,256.0,258.89001,252.78999,253.059998,124800
2023-01-11,252.77,255.020004,250.070007,251.0099945,104600
2023-01-12,253.050003,253.050003,246.77,247.78,80300
2023-01-13,247.66,250.92,245.12,250.66,79400
2023-01-17,251.75,252.36,247.42,248.0,78100
2023-01-18,248.74001,250.28,243.92,247.39,94900
2023-01-19,246.86,248.28,242.78999,243.070007,89000
2023-01-20,244.72,248.99001,239.84,243.56,79100
2023-01-23,243.34,250.17,240.31,249.78999,130200
2023-01-24,251.89999,254.28999,249.64999,251.23,135400
2023-01-25,249.47,253.24001,246.38,249.12,470700
2023-01-26,249.31,252.92999,248.91,250.61,85800
2023-01-27,251.42,251.42,242.0,242.89999,69300
2023-01-30,244.2,245.42,240.14,240.38,90200
2023-01-31,240.089996,244.78999,237.52,244.35001,94000
2023-02-01,243.47,245.42,241.31,243.89,81200
2023-02-02,245.059998,245.059998,240.7,243.83,87100
2023-02-03,243.46001,247.86,240.53,244.99001,75700
2023-02-06,244.78,246.77,243.029999,244.31,60800
2023-02-07,243.039993,247.020004,241.39999,246.029999,59500
2023-02-08,245.8,248.12,244.92,245.60001,81400
2023-02-09,246.89999,248.039993,238.7,238.7,75900
2023-02-10,239.87,242.0099945,237.66,240.97,79200
2023-02-13,241.050003,245.97,240.39,243.86,58100
2023-02-14,243.050003,244.8,236.92,238.16,60500
2023-02-15,236.61,241.74001,235.56,241.31,74000
2023-02-16,240.62,242.21001,236.0,240.62,60200
2023-02-17,239.23,243.39999,237.74001,241.69,64200
2023-02-21,239.84,243.53,237.8,240.11,96200
2023-02-22,239.13,243.35001,239.13,239.92999,108900
2023-02-23,240.97,244.69,239.66,240.89999,125300
2023-02-24,240.45,241.52,234.55,235.64999,72200
2023-02-27,236.089996,236.75,233.58,235.24001,76000
2023-02-28,235.089996,236.67999,233.67999,235.39,103000
2023-03-01,233.85001,234.77,231.64,234.34,98500
2023-03-02,235.38,239.47,230.98,232.36,69100
2023-03-03,232.42999,235.85001,231.21001,235.67,86000
2023-03-06,235.42,239.98,235.22,239.78999,118200
2023-03-07,240.22,240.35001,236.92,237.84,81600
2023-03-08,238.67,238.99001,232.72,235.2,113100
2023-03-09,235.7,235.7,229.66,229.66,62700
2023-03-10,229.46001,230.55,225.78,226.81,64200
2023-03-13,224.35001,227.77,223.44,224.10001,67100
2023-03-14,227.81,232.86,226.60001,232.86,68100
2023-03-15,231.089996,231.089996,222.81,226.85001,91600
2023-03-16,226.89999,233.64,226.89999,232.44,102200
2023-03-17,233.94,233.94,228.059998,229.23,164300
2023-03-20,230.13,234.49001,230.13,232.92999,70300
2023-03-21,234.42,235.91,228.42,229.67,105400
2023-03-22,228.2,229.23,224.35001,224.77,105000
2023-03-23,225.32001,225.99001,222.94,223.52,71200
2023-03-24,222.84,224.24001,220.82001,224.19,84200
2023-03-27,225.88,229.2,221.059998,226.88,66000
2023-03-28,227.72,229.050003,226.32001,228.38,53700
2023-03-29,230.59,230.91,228.050003,229.12,68700
2023-03-30,229.67999,229.98,226.87,227.17,70400
2023-03-31,227.23,233.0099945,227.23,231.66,107600
2023-04-03,231.35001,233.63,231.029999,232.67,70100
2023-04-04,232.31,232.42,225.67,228.75999,82900
2023-04-05,226.98,229.91,226.98,229.91,103300
2023-04-06,230.25999,233.44,230.039993,232.25,72700
2023-04-10,232.60001,233.67999,229.81,233.27,66700
2023-04-11,234.92999,238.59,234.39999,236.050003,61400
2023-04-12,235.67999,238.75999,233.49001,234.89,74900
2023-04-13,236.56,236.56,229.74001,234.89,80400
2023-04-14,235.3,236.25,230.070007,231.020004,60600
2023-04-17,231.86,234.059998,230.53,234.029999,80800
2023-04-18,235.42999,241.3,235.059998,240.17,94900
2023-04-19,238.75999,241.17,235.67,237.0099945,92500
2023-04-20,236.91,239.98,229.21001,231.49001,92900
2023-04-21,232.71001,232.71001,223.82001,228.28999,117800
2023-04-24,228.87,230.67999,223.58,225.35001,83000
2023-04-25,224.66,225.2,221.25999,221.63,88300
2023-04-26,220.059998,224.39999,216.69,218.14999,117400
2023-04-27,217.16,221.78999,216.080002,220.75,78900
2023-04-28,215.97,217.81,209.75999,217.33,106400
2023-05-01,218.49001,229.61,218.49001,228.089996,129400
2023-05-02,227.67999,230.39999,223.020004,227.48,94600
2023-05-03,227.73,230.8,226.58,227.61,82900
2023-05-04,227.14,227.33,222.17999,224.86,84600
2023-05-05,227.63,231.73,226.60001,228.029999,63800
2023-05-08,229.2,233.31,227.72,233.039993,91300
2023-05-09,232.74001,235.48,230.32001,230.34,85900
2023-05-10,230.85001,232.84,229.0,232.78,70100
2023-05-11,232.7,234.59,221.66,233.92999,48600
2023-05-12,234.0099945,235.46001,231.48,232.45,46000
2023-05-15,232.82001,232.82001,229.85001,231.39999,64200
2023-05-16,231.62,233.23,230.24001,231.11,78900
2023-05-17,232.13,233.039993,226.62,228.42,62300
2023-05-18,227.98,230.17999,224.72,228.42,71200
2023-05-19,230.37,231.8,226.5,228.37,98400
2023-05-22,227.92999,229.95,224.75999,228.98,71000
2023-05-23,227.73,228.23,216.56,218.16,133700
2023-05-24,216.32001,221.17,215.75,217.33,94100
2023-05-25,217.88,217.88,213.38,216.47,109500
2023-05-26,216.47,220.28999,216.14999,219.0,120400
2023-05-30,219.48,221.83,217.78,220.66,104500
2023-05-31,220.77,220.77,212.16,214.10001,422400
2023-06-01,214.88,216.59,211.28999,214.12,143000
2023-06-02,215.64999,219.45,214.029999,217.71001,144300
2023-06-05,218.39,218.39,214.97,215.50999,98100
2023-06-06,215.84,217.73,212.81,215.029999,78300
2023-06-07,215.050003,217.88,211.36,215.16,117700
2023-06-08,215.16,217.45,214.21001,216.66,99300
2023-06-09,216.66,221.029999,215.83,218.2,87900
2023-06-12,218.46001,219.5,216.72,217.53999,63600
2023-06-13,218.17,220.0,216.10001,216.42,78400
2023-06-14,216.39,217.86,214.98,217.13,105300
2023-06-15,217.47,218.45,216.33,217.71001,92500
2023-06-16,219.46001,219.98,215.95,216.99001,180800
2023-06-20,215.75999,215.75999,211.0,211.12,193700
2023-06-21,211.42,215.059998,209.99001,212.87,208000
2023-06-22,213.67999,213.67999,208.23,211.44,252700
2023-06-23,211.039993,212.91,209.53,211.10001,1815000
2023-06-26,212.53,214.0099945,209.8,210.17,129000
2023-06-27,211.27,214.059998,208.78999,208.78999,121900
2023-06-28,209.91,209.91,204.12,206.28,157800
2023-06-29,206.39999,208.60001,206.39999,208.22,94100
2023-06-30,208.77,213.0,208.50999,210.0099945,133900
2023-07-03,209.7,210.84,208.67,209.44,63600
2023-07-05,207.14,207.59,204.57001,205.92,98300
2023-07-06,205.39,207.32001,205.39,206.67,101500
2023-07-07,206.039993,207.029999,205.089996,205.44,113800
2023-07-10,204.89999,207.36,204.14999,204.95,73800
2023-07-11,205.38,206.74001,204.8,206.11,99000
2023-07-12,206.52,207.39999,200.59,201.12,102000
2023-07-13,200.98,202.14999,199.49001,201.5,92500
2023-07-14,201.46001,206.73,200.96001,206.73,110200
2023-07-17,206.73,208.21001,204.89,205.66,76700
2023-07-18,205.91,207.64999,205.71001,205.71001,84400
2023-07-19,205.73,206.53999,203.83,206.23,83500
2023-07-20,206.53,209.56,206.53,209.21001,94900
2023-07-21,210.0,210.22,207.61,209.73,67900
2023-07-24,209.39999,211.98,207.67,208.48,70900
2023-07-25,208.47,209.59,206.69,209.5,81000
2023-07-26,210.0099945,212.92999,209.10001,210.0,95200
2023-07-27,210.12,212.55,207.99001,208.53999,104200
2023-07-28,216.85001,223.47,210.14999,218.95,156400
2023-07-31,218.91,225.48,214.75,221.96001,123800
2023-08-01,221.35001,222.23,217.64,220.37,106100
2023-08-02,242.62,260.48001,241.56,257.82001,643100
2023-08-03,257.040009,271.39999,257.040009,267.28,502400
2023-08-04,267.28,278.23001,267.28,274.19,550100
2023-08-07,276.0,279.67001,271.44,274.98001,4114700
2023-08-08,273.20001,276.23999,272.0,275.019989,303200
2023-08-09,275.019989,286.66,273.32001,285.60001,345500
2023-08-10,285.60999,289.57999,283.64999,287.70999,202500
2023-08-11,286.95001,293.26001,283.78,290.98001,229200
2023-08-14,290.39999,290.98001,288.25,288.76999,241200
2023-08-15,288.76999,289.10999,285.14999,285.37,160500
2023-08-16,285.079987,289.66,285.0,288.76999,115900
2023-08-17,290.0,290.39999,283.17999,283.51999,166900
2023-08-18,283.10001,283.85001,281.089996,281.28,160200
2023-08-21,280.78,283.95999,278.28,280.70001,189700
2023-08-22,279.73999,280.62,275.70999,276.60001,129000
2023-08-23,277.070007,281.17999,277.049988,279.67001,235100
2023-08-24,278.97,281.67001,277.20999,278.41,148500
2023-08-25,277.67999,282.45999,277.42001,280.88,95200
2023-08-28,280.20999,282.84,278.64999,278.89001,126800
2023-08-29,278.89001,278.91,276.92999,278.41,104800
2023-08-30,278.94,280.91,277.95999,280.66,84400
2023-08-31,280.92001,282.48999,278.69,278.73001,179900
2023-09-01,278.95999,283.14999,278.95999,282.29999,113400
2023-09-05,281.01001,281.76999,276.059998,276.16,143000
2023-09-06,275.89999,276.95001,273.91,273.95999,141100
2023-09-07,274.73999,275.81,273.42001,274.53,96200
2023-09-08,275.20001,276.63,273.51999,276.42001,126600
2023-09-11,277.63,283.17001,277.63,282.94,113800
2023-09-12,283.95999,289.26001,283.25,288.089996,102100
2023-09-13,288.35999,289.040009,286.20001,288.67001,108300
2023-09-14,290.0,290.17999,286.82001,289.089996,118000
2023-09-15,289.45999,289.45999,284.75,285.48001,285900
2023-09-18,286.57001,290.70999,285.47,288.98001,62100
2023-09-19,289.54999,294.079987,289.54999,293.60999,89200
2023-09-20,293.48999,296.019989,292.26999,292.60999,75400
2023-09-21,292.45999,292.60999,289.14001,289.17999,60900
2023-09-22,288.39999,291.91,288.39999,290.14001,75300
2023-09-25,289.45999,296.38,289.45999,295.67999,80300
2023-09-26,294.39999,297.94,293.82001,295.16,109100
2023-09-27,295.98999,300.89999,294.5,299.64001,116300
2023-09-28,299.85001,304.10999,299.079987,299.29001,90500
2023-09-29,299.38,301.76999,293.23001,293.79001,99500
2023-10-02,294.81,294.81,289.45001,291.25,112000
2023-10-03,290.62,294.31,290.26999,291.70001,114000
2023-10-04,289.75,302.019989,289.75,301.45999,165400
2023-10-05,300.78,303.76001,300.5,302.64999,159300
2023-10-06,303.14999,304.42999,302.35001,303.60999,107300
2023-10-09,301.82999,307.070007,301.82999,306.89001,62100
2023-10-10,308.26001,308.85001,303.13,304.23001,87000
2023-10-11,305.95999,306.31,302.73999,305.29999,88500
2023-10-12,305.26001,307.38,304.35001,305.79001,59100
2023-10-13,307.47,308.56,305.75,306.51999,50500
2023-10-16,307.17001,313.82999,307.17001,311.42001,78500
2023-10-17,311.040009,313.87,309.059998,311.79999,141300
2023-10-18,311.78,311.78,306.23001,306.69,80700
2023-10-19,306.51999,308.60999,302.79999,304.070007,94500
2023-10-20,304.26001,304.26001,299.31,299.89001,82400
2023-10-23,299.85999,299.85999,294.39001,297.69,95400
2023-10-24,297.69,299.48999,291.31,292.34,173000
2023-10-25,293.42001,299.29999,293.39999,294.34,423400
2023-10-26,294.0,297.41,290.87,291.79001,140700
2023-10-27,289.13,293.63,270.35999,273.26001,151800
2023-10-30,274.0,278.35001,272.34,278.13,117000
2023-10-31,278.5,280.23999,272.42001,276.19,109300
2023-11-01,276.73001,278.87,274.51999,275.85999,75000
2023-11-02,276.28,280.88,274.59,277.95001,67200
2023-11-03,278.85001,280.17001,277.70001,278.28,51100
2023-11-06,277.95999,282.0,277.95999,280.19,65700
2023-11-07,279.95999,283.88,279.95999,281.87,98500
2023-11-08,280.87,281.54999,274.60999,279.20999,58900
2023-11-09,278.34,283.67999,277.98999,278.10001,77800
2023-11-10,279.59,280.95999,276.28,278.35999,73700
2023-11-13,278.64001,284.53,278.22,284.23001,79500
2023-11-14,285.12,289.019989,284.049988,288.17001,64800
2023-11-15,289.070007,289.070007,277.42001,277.87,123400
2023-11-16,277.17999,284.34,277.17999,280.98999,92000
2023-11-17,280.0,281.56,278.89999,280.01001,113300
2023-11-20,278.78,283.82001,277.95001,283.39001,75700
2023-11-21,284.67999,287.54999,280.81,284.79999,152600
2023-11-22,285.37,291.54001,284.75,288.95001,401600
2023-11-24,287.47,294.76999,287.47,292.79001,42400
2023-11-27,291.56,295.5,290.73001,292.66,125200
2023-11-28,293.23001,293.23001,287.16,287.79001,80000
2023-11-29,287.79001,289.25,282.26999,286.97,84000
2023-11-30,288.39001,296.48001,288.39001,295.64001,195900
2023-12-01,295.26999,299.44,295.26999,298.45999,70600
2023-12-04,298.23001,306.72,295.59,303.70001,74100
2023-12-05,303.70001,308.76999,297.32999,304.98001,96200
2023-12-06,303.88,305.42999,298.32999,301.39999,76100
2023-12-07,306.84,306.84,302.079987,306.019989,78600
2023-12-08,307.51999,307.51999,302.32999,305.75,58800
2023-12-11,307.67001,319.92999,307.67001,319.14999,107700
2023-12-12,317.95001,326.91,315.19,326.64999,146600
2023-12-13,326.76999,327.39999,320.34,322.88,182900
2023-12-14,323.16,324.64001,309.20001,321.44,169800
2023-12-15,322.0,326.97,321.42001,324.23001,306600
2023-12-18,324.23001,330.75,323.73001,329.59,86800
2023-12-19,329.29001,333.73999,327.57999,328.20999,74500
2023-12-20,329.54999,330.0,325.82999,326.48999,71200
2023-12-21,326.95001,329.95001,325.31,329.62,70500
2023-12-22,330.92001,333.75,329.60999,332.79999,79900
2023-12-26,332.79999,333.25,326.51999,330.92001,56300
2023-12-27,329.82001,332.79001,329.82001,331.89001,55000
2023-12-28,331.82999,335.48999,331.82999,334.079987,83200
2023-12-29,334.19,336.049988,331.79001,334.92001,63800
2024-01-02,332.48001,335.42001,331.56,335.0,59800
2024-01-03,334.76999,337.37,331.95001,332.64999,88700
2024-01-04,332.64999,338.0,332.64999,334.01001,97100
2024-01-05,333.040009,334.5,329.79001,329.81,74600
2024-01-08,330.87,330.87,324.95999,328.94,86300
2024-01-09,328.0,328.029999,321.049988,327.67999,82600
2024-01-10,328.25,328.60001,325.5,328.29999,86800
2024-01-11,328.20001,334.62,325.45001,334.59,75500
2024-01-12,335.98001,342.54001,333.28,341.44,85900
2024-01-16,340.89999,344.23001,337.31,337.45001,108300
2024-01-17,335.31,341.76001,335.31,338.39999,54100
2024-01-18,340.089996,343.82001,337.040009,342.70001,79700
2024-01-19,344.76999,345.85001,336.41,340.040009,117300
2024-01-22,342.070007,345.25,340.29999,342.14999,66600
2024-01-23,342.85001,344.39001,335.81,338.47,100100
2024-01-24,339.049988,341.94,336.29001,338.54999,113300
2024-01-25,338.70999,340.29001,333.79999,337.54001,147600
2024-01-26,339.35999,346.14001,338.29001,345.23001,104400
2024-01-29,345.0,347.92999,342.23001,342.67001,134800
2024-01-30,342.67001,346.53,339.32999,344.85001,91800
2024-01-31,345.39001,350.049988,338.39001,345.82999,1057900
2024-02-01,343.63,346.98999,337.57999,346.98999,121800
2024-02-02,347.51999,348.82999,339.78,347.39001,81900
2024-02-05,346.35999,346.57001,343.16,343.60999,57200
2024-02-06,344.98999,348.34,343.75,347.48999,91400
2024-02-07,348.079987,350.63,346.070007,350.0,84400
2024-02-08,350.0,350.39999,348.10001,350.17999,92900
2024-02-09,350.20001,355.049988,349.39999,354.70999,75400
2024-02-12,354.0,357.45001,352.69,355.20999,78800
2024-02-13,354.79999,356.47,349.20001,349.47,78700
2024-02-14,350.01001,354.23999,350.01001,351.82001,105600
2024-02-15,353.20001,357.76001,352.63,355.48001,85700
2024-02-16,355.87,362.92999,353.78,359.81,117000
2024-02-20,360.26001,362.88,354.13,355.48001,103900
2024-02-21,353.89001,355.029999,349.85001,350.79999,120900
2024-02-22,353.26999,353.26999,346.38,351.85001,126000
2024-02-23,352.12,352.29001,347.76001,349.51001,102700
2024-02-26,348.29001,354.42001,347.79999,354.38,84100
2024-02-27,351.66,390.57001,351.66,389.34,194900
2024-02-28,391.67999,413.0,391.67999,412.45999,170600
2024-02-29,414.91,414.91,401.98001,406.88,210500
2024-03-01,407.85999,412.76001,400.23001,404.29001,122600
2024-03-04,403.64001,417.44,402.14001,412.16,94300
2024-03-05,411.76999,411.76999,405.89999,408.42001,74800
2024-03-06,408.56,416.54999,405.89999,411.70999,61700
2024-03-07,413.14001,420.34,411.34,417.35001,92200
2024-03-08,415.57001,418.67001,413.57999,415.87,70300
2024-03-11,415.87,415.87,402.35001,402.73001,109200
2024-03-12,401.079987,409.22,398.059998,408.42001,71300
2024-03-13,411.41,414.54999,405.60001,407.84,106700
2024-03-14,409.82999,411.10001,406.10001,408.69,78500
2024-03-15,406.78,419.089996,406.78,416.79001,311000
2024-03-18,415.45001,419.78,409.48001,411.28,89300
2024-03-19,412.84,414.48001,408.64999,412.0,100300
2024-03-20,414.35001,416.82001,401.92001,406.17999,100600
2024-03-21,406.32001,410.29999,400.73999,407.44,76900
2024-03-22,408.32001,409.23001,394.79001,400.20999,90500
2024-03-25,402.76999,406.16,400.70001,404.70999,58400
2024-03-26,402.20001,408.37,401.29001,405.95999,111800
2024-03-27,408.97,410.0,401.76999,408.17001,389300
2024-03-28,410.040009,410.78,401.28,401.57001,61300
2024-04-01,403.70999,405.37,398.32001,401.89001,91900
2024-04-02,401.48999,402.20999,393.73999,400.94,91300
2024-04-03,398.94,403.070007,397.20001,399.20001,58000
2024-04-04,401.72,402.79999,395.60999,396.73999,64200
2024-04-05,398.38,402.44,394.29999,400.57999,74400
2024-04-08,401.19,403.26999,396.59,398.48001,61500
2024-04-09,400.66,400.66,391.23999,392.13,36300
2024-04-10,391.25,397.88,391.25,393.35999,48000
2024-04-11,393.22,394.0,383.76001,384.28,52700
2024-04-12,381.97,386.53,379.14001,381.14999,40300
2024-04-15,384.95999,385.70999,378.35001,378.87,41400
2024-04-16,378.13,383.28,377.059998,380.97,55800
2024-04-17,382.75,382.75,375.66,378.19,64600
2024-04-18,380.35001,383.87,376.79001,380.45999,38900
2024-04-19,381.28,385.57001,380.16,381.56,49800
2024-04-22,384.97,387.54999,378.79001,382.20999,56500
2024-04-23,383.98001,389.79999,382.01001,385.69,56600
2024-04-24,382.70001,385.35001,379.87,382.66,61400
2024-04-25,379.5,382.75,377.42001,380.26001,53600
2024-04-26,385.60999,386.67001,371.31,381.73999,59000
2024-04-29,381.70999,381.70999,376.79999,378.56,66500
2024-04-30,378.32999,382.94,378.19,382.66,139900
2024-05-01,380.89001,388.42999,380.57001,382.73999,71300
2024-05-02,385.45999,386.82001,380.34,384.94,51200
2024-05-03,386.059998,390.39999,383.070007,390.01001,45300
2024-05-06,392.75,400.72,392.75,400.53,53000
2024-05-07,400.049988,409.28,399.29001,405.44,108000
2024-05-08,405.44,406.62,399.37,404.5,44200
2024-05-09,405.44,410.78,402.47,410.53,50600
2024-05-10,411.72,411.72,404.82999,406.57001,53300
2024-05-13,406.85999,409.45001,401.79999,402.73001,85800
2024-05-14,401.32999,403.54999,392.94,394.17001,91100
2024-05-15,393.94,399.39999,393.31,394.87,53500
2024-05-16,396.88,397.88,393.14999,396.26999,58900
2024-05-17,397.51001,398.87,394.84,396.81,48400
2024-05-20,395.51999,397.89001,392.48001,397.31,36700
2024-05-21,398.12,398.66,394.41,396.63,40400
2024-05-22,394.92999,397.26001,384.34,388.42001,62400
2024-05-23,391.10999,391.13,381.29001,382.97,78000
2024-05-24,385.78,389.82001,380.95001,388.95999,60500
2024-05-28,387.89999,390.73001,377.059998,377.89001,78100
2024-05-29,377.79999,377.79999,366.34,368.029999,85100
2024-05-30,368.72,374.12,366.60001,373.95001,79400
2024-05-31,373.39001,374.10001,361.17001,362.42999,240300
2024-06-03,363.059998,367.59,361.64001,362.56,54600
2024-06-04,362.56,363.26999,358.73001,361.14001,44300
2024-06-05,363.31,363.79999,357.59,360.60999,41000
2024-06-06,360.69,363.31,356.20001,362.20001,45100
2024-06-07,361.81,365.41,357.059998,357.48001,44800
2024-06-10,354.39001,358.60999,351.13,358.54001,76400
2024-06-11,356.95999,356.95999,350.92001,353.78,87700
2024-06-12,355.62,357.59,350.37,353.37,69100
2024-06-13,352.48999,352.48999,346.35999,350.72,48300
2024-06-14,348.25,350.91,345.089996,349.82001,59000
2024-06-17,349.29999,357.53,349.29999,355.44,51600
2024-06-18,355.84,360.28,355.84,356.89999,39400
2024-06-20,355.67001,359.29001,352.070007,353.42001,58300
2024-06-21,357.32999,361.44,352.95001,359.01001,194700
2024-06-24,360.0,366.37,360.0,362.32999,65200
2024-06-25,361.47,369.10001,359.29999,365.82001,118400
2024-06-26,364.97,364.97,354.94,359.01001,229400
2024-06-27,359.66,362.42999,358.059998,362.20001,56200
2024-06-28,362.45001,366.95001,358.91,362.39999,58100
2024-07-01,364.20001,366.89999,361.84,364.29999,58900
2024-07-02,363.059998,367.47,363.059998,366.54001,50800
2024-07-03,368.20001,369.85001,364.16,365.69,75900
2024-07-05,365.67999,366.60001,363.12,366.17999,31300
2024-07-08,368.23001,371.88,366.82999,369.089996,56700
2024-07-09,367.76999,367.76999,355.94,356.56,73800
2024-07-10,356.31,361.25,356.31,357.94,31000
2024-07-11,359.51999,365.29001,359.51999,362.47,38700
2024-07-12,364.42001,369.95001,364.26001,369.25,40800
2024-07-15,370.64001,377.20001,370.64001,374.57001,40900
2024-07-16,375.29001,382.0,373.42001,379.94,52000
2024-07-17,379.48999,385.95001,379.48999,382.17001,47700
2024-07-18,381.049988,385.47,381.049988,381.23999,39800
2024-07-19,379.91,379.91,376.17001,377.34,46200
2024-07-22,379.20001,384.79999,379.20001,384.26001,40500
2024-07-23,386.14999,389.44,383.79999,388.20001,46900
2024-07-24,386.070007,389.48001,383.48001,383.53,65800
2024-07-25,384.89999,392.35999,383.29001,387.51001,92200
2024-07-26,396.72,423.16,372.67999,421.38,141800
2024-07-29,421.67999,433.59,417.35001,426.32001,69300
2024-07-30,428.95999,444.79999,426.88,442.63,73100
2024-07-31,440.62,445.29999,436.57001,441.14999,116200
2024-08-01,441.29999,441.29999,433.25,439.72,40400
2024-08-02,436.67999,440.75,430.47,437.89999,91300
2024-08-05,425.73001,439.98999,422.17999,436.66,71300
2024-08-06,436.35999,444.0,434.60001,439.5,56700
2024-08-07,440.42999,445.029999,437.079987,438.32001,76100
2024-08-08,439.0,447.57001,439.0,445.20001,42400
2024-08-09,445.66,450.0,444.0,449.95001,33500
2024-08-12,450.73999,457.89999,449.73001,451.53,37400
2024-08-13,452.60999,457.0,450.42999,454.16,41600
2024-08-14,455.97,466.26001,455.97,465.41,90100
2024-08-15,467.64999,470.70001,465.23999,467.34,47500
2024-08-16,467.82999,476.47,467.82999,474.17001,74200
2024-08-19,475.78,480.75,472.54001,478.53,40800
2024-08-20,477.34,479.0,465.51001,467.14001,55200
2024-08-21,469.98999,475.45001,465.39999,475.45001,116600
2024-08-22,476.5,486.14001,476.5,485.57001,86300
2024-08-23,485.91,494.89999,484.0,489.23999,63500
2024-08-26,493.17001,493.17001,484.0,485.63,70800
2024-08-27,483.64001,489.31,482.20999,488.54001,143400
2024-08-28,488.95001,496.26001,486.089996,495.48001,276600
2024-08-29,499.0,503.82001,483.92001,499.98001,87800
2024-08-30,502.059998,510.75,501.76001,508.23001,135000
2024-09-03,508.38,508.38,485.94,492.60001,107900
2024-09-04,493.42001,498.88,487.92999,498.73001,61200
2024-09-05,498.28,498.28,489.56,495.95001,53400
2024-09-06,497.29999,507.5,497.29999,506.29999,102500
2024-09-09,516.60999,536.96002,501.84,503.19,282400
2024-09-10,502.98999,512.77002,502.98999,506.73999,175700
2024-09-11,506.72,509.0,500.70999,501.57999,107300
2024-09-12,502.39001,511.079987,502.39001,510.95001,114300
2024-09-13,514.73999,522.51001,512.17999,520.97998,125900
2024-09-16,525.48999,535.84003,525.48999,527.90002,135400
2024-09-17,527.039978,533.65997,520.41998,524.92999,140800
2024-09-18,524.78998,538.97998,524.34998,536.15002,154800
2024-09-19,537.84003,539.15002,524.71002,526.33002,145900
2024-09-20,526.76001,530.21002,517.01001,521.01001,5408500
2024-09-23,526.54999,539.090027,524.88,538.28003,198500
2024-09-24,539.58002,545.049988,533.15002,544.84003,116400
2024-09-25,544.84003,547.0,537.69,538.95001,118300
2024-09-26,539.27002,542.23999,535.75,537.88,85700
2024-09-27,537.72998,544.58002,537.72998,539.0,90200
2024-09-30,539.0,544.22998,535.96002,539.82001,141100
2024-10-01,539.15997,543.15997,533.13,539.27002,102200
2024-10-02,540.38,544.48999,538.030029,541.42999,78000
2024-10-03,541.59998,541.59998,527.15002,535.66998,139400
2024-10-04,535.46002,543.31,535.46002,542.85999,86300
2024-10-07,541.64001,541.64001,518.88,521.97998,106900
2024-10-08,526.41998,533.41998,526.37,530.90002,72300
2024-10-09,528.69,533.88,525.35999,532.59998,77000
2024-10-10,531.70001,535.60999,526.98999,529.46997,87900
2024-10-11,531.44,538.46002,531.44,534.70001,65000
2024-10-14,536.85999,536.85999,531.099976,533.27002,58900
2024-10-15,533.27002,539.099976,524.62,525.65002,129900
2024-10-16,525.65002,525.65002,510.51999,513.32001,155300
2024-10-17,516.48999,518.0,479.41,483.049988,238000
2024-10-18,475.92999,491.029999,475.92999,481.67999,253000
2024-10-21,480.73999,481.51999,471.97,477.91,160900
2024-10-22,476.92001,476.92001,466.97,468.42001,154500
2024-10-23,469.29999,469.29999,460.45001,463.78,191500
2024-10-24,465.48001,467.54001,456.85999,458.29999,163700
2024-10-25,458.29001,462.20999,440.60001,444.019989,258800
2024-10-28,449.12,454.39001,445.5,450.35999,147000
2024-10-29,448.44,454.44,448.32999,452.87,134500
2024-10-30,450.95999,453.20999,446.95999,450.23001,110900
2024-10-31,449.45999,452.42001,445.91,448.84,275100
2024-11-01,451.22,453.0,411.67999,415.17999,221100
2024-11-04,415.040009,419.39001,402.20999,402.5,180100
2024-11-05,401.89999,409.20001,398.60999,408.69,165500
2024-11-06,421.059998,430.57001,420.29999,428.01001,188300
2024-11-07,426.66,427.22,420.45001,424.42001,105800
2024-11-08,425.75,430.25,423.88,427.42001,105900
2024-11-11,427.94,430.57999,420.92001,421.95999,98300
2024-11-12,422.79999,424.32999,416.32999,417.54999,79800
2024-11-13,417.73999,417.73999,410.53,410.59,87700
2024-11-14,410.62,410.87,405.12,406.10999,125300
2024-11-15,408.73999,413.91,402.95001,405.0,207500
2024-11-18,405.76001,416.32001,403.64999,412.63,155700
2024-11-19,408.20001,417.23999,403.089996,416.45001,158600
2024-11-20,414.92999,419.72,411.059998,419.45001,109400
2024-11-21,420.92999,426.54001,417.35001,425.029999,156300
2024-11-22,426.059998,433.12,425.51001,428.5,171600
2024-11-25,431.97,438.76001,427.16,431.29999,546000
2024-11-26,432.23999,439.23001,431.59,438.48001,124900
2024-11-27,440.13,441.17001,435.10999,438.12,96100
2024-11-29,438.98001,445.95001,435.39001,440.56,129300
2024-12-02,440.56,440.56,431.98001,437.25,122100
2024-12-03,435.66,438.029999,432.45999,433.37,116500
2024-12-04,432.12,435.34,426.45001,426.85999,72900
2024-12-05,428.41,437.47,424.12,424.39999,98700
2024-12-06,424.29001,424.29999,409.82001,411.87,125400
2024-12-09,413.63,414.14001,408.64999,409.70999,101700
2024-12-10,405.34,405.34,385.25,401.64999,177200
2024-12-11,403.59,410.049988,401.44,407.38,124800
2024-12-12,408.60001,412.040009,406.75,410.76999,111700
2024-12-13,414.26999,429.089996,414.26999,420.78,196700
2024-12-16,421.44,427.85001,420.41,423.23999,120100
2024-12-17,421.42001,425.079987,417.89999,424.34,113100
2024-12-18,421.089996,425.20001,403.019989,403.019989,150300
2024-12-19,402.48001,412.85999,402.070007,408.38,140000
2024-12-20,405.95001,418.97,405.54999,416.48001,582200
2024-12-23,412.87,421.51001,410.79999,420.35001,105600
2024-12-24,420.57001,423.17999,418.97,422.62,51500
2024-12-26,422.25,424.26001,420.29999,424.14001,47400
2024-12-27,421.51001,427.0,417.0,419.32001,56000
2024-12-30,414.57999,414.57999,409.35999,411.38,109800
2024-12-31,413.82999,413.82999,410.26001,412.23001,99000
2025-01-02,414.79999,422.48001,408.01001,409.5,74600
2025-01-03,413.37,415.64001,409.29999,414.70001,78600
2025-01-06,415.10001,417.32001,405.10001,405.20001,97100
2025-01-07,405.42001,408.91,399.5,402.26001,111800
2025-01-08,402.070007,403.51999,398.85001,401.35001,90700
2025-01-10,397.14999,397.79999,383.41,389.23999,108700
2025-01-13,385.23999,391.64999,385.23001,388.57999,71800
2025-01-14,388.45001,400.53,387.92001,399.78,80100
2025-01-15,404.98999,406.66,398.85999,400.17999,74500
2025-01-16,399.92999,407.17001,397.79001,405.66,106200
2025-01-17,411.45001,413.54001,405.32999,405.57001,113000
2025-01-21,394.59,395.42999,367.0,381.070007,300000
2025-01-22,380.53,384.54001,373.13,377.70001,187500
2025-01-23,376.63,379.029999,374.75,377.62,108900
2025-01-24,379.049988,387.72,374.79001,386.98001,116300
2025-01-27,388.82999,411.029999,387.92999,404.040009,225300
2025-01-28,404.29001,415.56,402.19,406.73001,214800
2025-01-29,405.41,406.53,389.82999,393.91,254100
2025-01-30,394.45001,400.35999,389.31,399.14999,166900
2025-01-31,400.23001,406.76999,398.23999,402.95001,1586400
2025-02-03,402.10999,410.63,390.19,403.60999,194500
2025-02-04,404.089996,406.22,399.70001,403.31,99600
2025-02-05,406.48001,407.44,398.10001,406.76999,108200
2025-02-06,407.56,414.73999,406.019989,412.87,91500
2025-02-07,415.51999,415.51999,409.48999,412.23999,64800
2025-02-10,414.42001,414.76001,402.70001,404.42999,98700
2025-02-11,404.62,404.62,396.29999,396.75,111500
2025-02-12,390.76001,391.31,379.92999,380.35999,149900
2025-02-13,379.26001,392.72,377.17999,392.60999,111600
2025-02-14,392.28,392.28,388.089996,388.95001,82500
2025-02-18,392.29001,395.019989,390.37,391.0,84900
2025-02-19,392.01001,392.01001,384.51999,389.070007,101400
2025-02-20,387.22,389.42001,382.89999,387.39999,114500
2025-02-21,389.20999,390.17999,380.62,383.45999,114200
2025-02-24,383.79999,393.81,383.79999,390.31,128500
2025-02-25,390.0,397.10999,387.29001,396.69,131700
2025-02-26,396.75,405.48001,396.57999,399.67001,146500
2025-02-27,400.85999,406.54999,399.60001,404.98001,157600
2025-02-28,411.54001,435.57001,411.54001,428.070007,406500
2025-03-03,426.28,455.12,425.040009,449.69,258200
2025-03-04,448.98999,451.10001,440.059998,440.44,172500
2025-03-05,440.95001,447.45999,439.25,447.070007,141100
2025-03-06,440.82001,451.78,438.39999,449.84,184200
2025-03-07,448.070007,454.84,445.54999,446.73999,107000
2025-03-10,438.19,456.92999,436.54001,450.60999,101100
2025-03-11,453.82001,453.82001,438.69,443.54999,122100
2025-03-12,442.48001,442.48001,418.82001,418.98999,139300
2025-03-13,416.85999,420.20999,412.64999,418.26999,98300
2025-03-14,421.35001,426.75,417.48999,421.53,87900
2025-03-17,420.049988,428.089996,418.0,425.25,95900
2025-03-18,422.38,423.67001,416.98999,418.040009,76000
2025-03-19,416.89999,420.0,404.66,414.26999,117600
2025-03-20,413.92001,413.92001,407.32001,409.89999,124800
2025-03-21,410.12,416.76999,405.51999,409.94,280300
2025-03-24,412.59,414.73001,407.29001,412.12,94900
2025-03-25,412.23001,425.0,409.76999,414.73999,126600
2025-03-26,416.45999,422.64001,415.35999,419.47,105200
2025-03-27,421.32999,421.32999,417.45999,419.54999,77000
2025-03-28,419.54001,421.89001,410.48999,410.66,89000
2025-03-31,410.56,421.73999,407.25,419.049988,155800
2025-04-01,417.17999,419.39001,408.97,411.0,137900
2025-04-02,410.73001,416.63,407.32999,415.56,156400
2025-04-03,417.75,423.73001,409.20999,421.56,162600
2025-04-04,417.64001,417.81,393.079987,396.57001,277100
2025-04-07,390.29001,393.59,376.95001,381.049988,152100
2025-04-08,393.82999,400.59,378.16,380.51001,132800
2025-04-09,376.10001,404.26999,371.32001,402.0,159600
2025-04-10,401.98999,419.51999,401.19,414.85001,184600
2025-04-11,414.85001,424.78,413.20001,419.23001,200100
2025-04-14,432.0,432.0,419.54999,423.92999,108600
2025-04-15,434.0,434.0,418.0,419.72,87800
2025-04-16,419.91,421.0,408.73999,411.88,120600
2025-04-17,416.89001,417.88,408.72,410.95001,176000
2025-04-21,408.0,408.0,393.049988,395.17001,106300
2025-04-22,412.0,412.0,400.049988,405.29999,105600
2025-04-23,406.14999,412.51999,406.14999,411.66,131400
2025-04-24,410.13,411.84,399.67001,408.73001,124700
2025-04-25,380.26999,391.54999,349.73999,361.85001,326400
2025-04-28,362.17001,362.17001,344.48999,347.32999,232700
2025-04-29,349.39001,358.53,345.79001,355.82001,232100
2025-04-30,355.20001,362.0,347.38,358.62,318600
2025-05-01,359.60001,359.60001,345.45001,351.13,195300
2025-05-02,353.76999,365.64999,353.76999,364.31,120200
2025-05-05,360.73001,363.75,357.26999,360.98001,84700
2025-05-06,359.75,362.60999,358.31,361.079987,129100
2025-05-07,361.70999,365.059998,359.98001,362.97,145800
2025-05-08,363.73001,364.0,357.70001,358.89001,93900
2025-05-09,357.66,358.059998,352.62,353.20001,92000
2025-05-12,354.70001,357.47,345.64001,357.47,126200
2025-05-13,357.64999,364.81,357.64999,359.38,115900
2025-05-14,359.39001,361.98999,354.45999,359.53,122200
2025-05-15,358.89999,368.97,358.89999,368.059998,117100
2025-05-16,369.70999,374.20999,366.47,373.94,118300
2025-05-19,373.48001,374.089996,370.91,372.70999,72500
2025-05-20,370.25,370.76999,367.51999,368.92001,86400
2025-05-21,367.35001,368.66,353.0,353.98999,152000
2025-05-22,354.10001,354.10001,343.76001,348.76001,119500
2025-05-23,345.01001,351.059998,345.01001,348.79999,125900
2025-05-27,352.73001,354.0,348.57999,353.41,158300
2025-05-28,351.76001,355.10001,347.97,348.45999,145300
2025-05-29,348.29001,356.23001,347.82001,356.040009,126500
2025-05-30,356.60999,359.10001,351.47,358.51001,211200
2025-06-02,355.64999,360.57999,353.20001,359.69,84700
2025-06-03,357.26999,362.60999,355.14001,362.17999,126600
2025-06-04,361.98001,363.45999,355.39999,359.76999,125400
2025-06-05,359.049988,367.64001,358.73999,367.32001,129300
2025-06-06,371.45999,377.17001,371.41,371.69,121700
2025-06-09,370.91,370.91,354.070007,361.69,172100
2025-06-10,363.01001,363.01001,356.79001,360.29001,101700
2025-06-11,359.5,361.20999,355.049988,356.75,86800
2025-06-12,356.0,359.26001,353.88,358.76001,107500
2025-06-13,356.39001,359.70001,353.14999,356.76001,86400
2025-06-16,360.39001,364.35001,357.62,357.81,134000
2025-06-17,355.38,356.0,349.42999,351.45001,127700
2025-06-18,351.29999,353.70001,348.35001,348.57001,149300
2025-06-20,350.5,356.85001,348.17001,352.040009,462600
2025-06-23,352.60001,357.10999,348.89999,356.87,136700
2025-06-24,358.31,358.31,350.54001,353.63,128100
2025-06-25,353.01001,353.10999,340.79001,341.29999,164000
2025-06-26,341.29999,343.76999,336.14999,340.73001,191200
2025-06-27,340.26001,341.56,333.32999,340.45001,151700
2025-06-30,340.029999,348.22,338.76001,346.79001,139100
2025-07-01,346.97,354.14999,344.89001,352.049988,157900
2025-07-02,352.049988,352.049988,332.34,343.089996,251300
2025-07-03,344.48001,348.089996,344.48001,346.94,66900
2025-07-07,344.089996,345.049988,339.51999,341.31,123600
2025-07-08,338.20999,344.95999,337.67999,340.91,177800
2025-07-09,342.92001,345.32001,340.089996,344.48001,121500
2025-07-10,344.48001,355.17999,341.35001,351.39999,121800
2025-07-11,351.0,351.60999,344.079987,344.10999,109000
2025-07-14,344.17001,349.70001,343.019989,346.87,90400
2025-07-15,346.31,346.87,341.81,341.89999,119700
2025-07-16,345.12,348.59,341.76001,348.26001,94100
2025-07-17,346.70001,354.91,346.70001,354.17001,100100
2025-07-18,356.66,358.54999,350.0,353.32001,220400
2025-07-21,352.32001,360.35001,351.42001,352.26999,183200
2025-07-22,354.60999,365.20999,354.60999,364.10001,153200
2025-07-23,365.0,367.64999,360.89001,365.37,187400
2025-07-24,365.0,367.5,360.28,366.94,238700
2025-07-25,368.29001,372.88,354.73001,355.70001,151900
2025-07-28,354.29999,357.22,353.54999,353.60001,119700
2025-07-29,355.10999,355.91,351.59,355.63,79200
2025-07-30,356.54001,356.54001,349.35001,353.32999,124900
2025-07-31,351.040009,357.12,351.040009,356.23999,339400
2025-08-01,356.53,356.53,346.95001,350.75,128000
2025-08-04,352.60999,356.70999,352.34,356.20999,103400
2025-08-05,356.31,361.72,354.019989,356.82001,92400
2025-08-06,356.82001,360.42999,346.0,358.88,130500
2025-08-07,360.64999,360.64999,352.029999,352.60001,101500
2025-08-08,359.32001,380.67001,352.82001,357.32001,204400
2025-08-11,359.17999,368.5,358.089996,360.85001,216400
2025-08-12,360.59,364.040009,360.19,362.66,139000
2025-08-13,363.089996,369.79001,361.39999,368.95999,162600
2025-08-14,369.32001,369.47,364.76999,368.070007,102300
2025-08-15,371.45001,371.45001,364.35001,366.51999,201900
2025-08-18,366.0,366.85001,359.72,359.73999,86700
2025-08-19,358.60001,363.32001,357.98001,362.97,119600
2025-08-20,364.089996,367.14001,363.17001,364.28,88900
2025-08-21,363.57999,365.0,359.39999,359.82001,85700
2025-08-22,362.079987,368.79999,362.079987,366.35999,101800
2025-08-25,366.20001,366.20001,362.94,363.32001,104100
2025-08-26,362.91,362.91,349.84,350.10001,261900
2025-08-27,349.82999,354.32999,349.82999,350.79001,94000
2025-08-28,350.45001,352.12,348.70999,351.35999,94600
2025-08-29,352.01001,357.75,350.89001,354.38,114600
2025-09-02,355.10999,355.10999,337.20999,338.059998,165800
2025-09-03,337.54999,337.54999,323.76001,328.17001,202700
2025-09-04,329.26999,336.56,325.76001,336.42999,149000
2025-09-05,335.44,337.75,334.26001,335.070007,104300
2025-09-08,335.95999,337.23999,333.85001,336.25,101200
2025-09-09,335.51001,335.51001,330.73999,331.54999,88900
2025-09-10,330.56,332.57001,328.19,330.0,132800
2025-09-11,329.92001,338.26001,328.64001,337.92001,112700
2025-09-12,338.01001,340.70001,336.42001,338.66,66600
2025-09-15,339.81,341.70999,321.81,321.81,122800
2025-09-16,322.22,323.98001,320.44,320.73001,115300
2025-09-17,322.019989,328.53,319.48001,320.37,203000
2025-09-18,318.88,323.29001,318.0,319.62,100100
2025-09-19,319.62,321.23999,317.73999,317.98999,292500
2025-09-22,317.64001,321.5,316.10001,321.029999,109300
2025-09-23,323.64999,324.35001,316.76001,317.29999,150800
2025-09-24,316.62,317.28,310.19,314.26999,221400
2025-09-25,315.26001,317.28,310.48999,312.95001,119900
2025-09-26,315.48999,317.48999,315.0,315.98999,81900
2025-09-29,315.98999,315.98999,312.51999,313.25,108100
2025-09-30,313.44,318.35001,313.44,318.16,111300
2025-10-01,318.32001,324.56,311.54001,312.049988,152500
2025-10-02,310.89001,315.79999,306.79999,314.60999,109000
2025-10-03,314.60999,322.54001,314.60999,319.16,102600
2025-10-06,317.45001,317.76999,313.73001,316.19,99200
2025-10-07,318.070007,321.32001,318.070007,319.41,86800
2025-10-08,320.89999,328.64001,318.0,327.70001,98900
2025-10-09,328.82999,329.01001,319.059998,320.45001,127300
2025-10-10,323.089996,329.75,322.64001,324.31,117100
2025-10-13,324.57999,325.019989,314.25,319.47,102000
2025-10-14,319.23001,322.72,314.98999,321.14001,95400
2025-10-15,319.35001,320.0,314.89999,318.39999,107400
2025-10-16,316.84,316.84,306.84,311.92999,160900
2025-10-17,313.54999,316.76999,312.60999,316.66,123800
2025-10-20,317.48001,317.87,313.48999,316.42001,106300
2025-10-21,317.019989,327.63,316.19,325.89001,126800
2025-10-22,327.48999,328.14999,320.19,322.73999,120800
2025-10-23,325.47,326.66,321.20001,325.69,122200
2025-10-24,325.69,326.44,323.34,324.67001,103100
2025-10-27,324.98999,330.54001,324.82001,329.97,194200
2025-10-28,329.97,330.32999,320.34,320.34,220200
2025-10-29,318.64001,318.64001,301.67999,301.87,212500
2025-10-30,303.64001,314.51001,303.64001,309.64001,183000
2025-10-31,315.64001,320.5,282.01001,292.64001,368400
2025-11-03,292.64001,292.64001,284.42001,285.35001,195900
2025-11-04,286.70001,290.57999,279.78,289.42001,178500
2025-11-05,289.60001,290.88,286.23001,288.16,122000
2025-11-06,288.0,289.14999,281.35999,281.57999,128800
2025-11-07,282.39999,285.70999,282.39999,284.84,152500
2025-11-10,283.76999,283.98999,276.91,277.63,136500
2025-11-11,278.25,282.69,277.0,282.66,187100
2025-11-12,284.85001,285.48999,279.53,282.84,129500
2025-11-13,284.10001,290.12,282.78,287.17999,117400
2025-11-14,288.67001,293.69,284.70001,286.57999,136400
2025-11-17,288.44,290.23999,285.14999,287.28,134800
2025-11-18,287.47,293.20001,287.10001,290.17001,124800
2025-11-19,289.17999,292.040009,282.91,285.059998,159600
2025-11-20,285.76999,294.38,285.67999,293.059998,167200
2025-11-21,293.17001,301.60999,293.17001,296.35999,170600
2025-11-24,295.17001,297.44,291.59,291.92001,220500
2025-11-25,294.73001,298.79001,294.67999,295.63,100000
2025-11-26,294.67999,298.019989,294.23999,294.23999,88100
2025-11-28,295.60999,297.029999,293.95999,295.48999,56100
2025-12-01,294.84,297.12,292.47,293.76001,144000
2025-12-02,293.89999,297.28,292.75,295.95001,134600
2025-12-03,295.88,299.34,294.10001,296.20999,86400
2025-12-04,297.51001,301.14001,296.20999,299.78,101000
2025-12-05,298.59,300.22,295.62,296.45999,95500
2025-12-08,295.26001,295.44,279.70001,280.81,172300
2025-12-09,281.54001,285.0,276.0,277.39999,147300
2025-12-10,277.51001,280.45001,273.59,275.0,230000
2025-12-11,275.32001,282.92001,274.47,278.95999,244400
2025-12-12,284.17001,292.98999,283.85999,287.32999,243200
2025-12-15,287.76001,290.51001,284.60001,287.040009,190000
2025-12-16,287.35999,288.53,282.95999,287.51001,169100
2025-12-17,287.14999,292.17001,287.14999,288.81,198200
2025-12-18,287.60999,292.69,286.98001,289.049988,128900
2025-12-19,289.049988,289.17001,281.73001,283.82001,685600
2025-12-22,280.67001,287.17999,278.97,286.14999,156700
2025-12-23,286.35001,287.45999,283.73001,283.78,101400
2025-12-24,284.82999,284.97,282.44,284.0,78500
2025-12-26,283.88,284.040009,280.69,282.39999,67200
2025-12-29,284.01001,288.10001,282.92001,287.42999,115900
2025-12-30,286.0,289.66,283.92001,287.85001,135800
2025-12-31,286.070007,288.94,286.070007,286.64999,134700
2026-01-02,285.0,285.51001,275.82001,277.81,165300
2026-01-05,275.87,284.10001,275.82001,281.92999,146900
2026-01-06,278.70001,285.97,277.23999,285.51001,133500
2026-01-07,285.82001,285.88,281.81,281.89999,115800
2026-01-08,280.17999,288.37,280.17999,285.35999,100400
2026-01-09,285.17001,287.38,280.23999,280.51999,86900
2026-01-12,282.25,287.019989,280.60001,282.29999,171500
2026-01-13,283.14999,290.16,280.32999,281.41,276600
2026-01-14,282.20999,286.47,282.20999,283.85001,148600
2026-01-15,284.56,288.22,282.97,283.070007,92800
2026-01-16,281.95999,283.23999,279.23999,283.20999,176300
2026-01-20,283.23999,290.079987,280.51001,286.88,192200
2026-01-21,286.45001,289.87,275.0,279.89999,181500
2026-01-22,280.0,286.37,278.95999,285.35001,121800
2026-01-23,283.64999,285.47,275.14001,275.85001,143600
2026-01-26,277.95999,280.67001,275.79001,280.54999,159000
2026-01-27,280.35999,281.54999,272.35001,272.5,176500
2026-01-28,272.5,274.72,270.070007,273.53,175100
2026-01-29,275.34,284.66,275.34,282.10001,214300
2026-01-30,282.60999,284.12,277.62,283.01001,616400
2026-02-02,284.64999,285.20999,279.98001,281.92999,165500
2026-02-03,279.92999,286.82999,278.76999,280.75,165400
2026-02-04,282.0,292.17999,280.89999,286.38,259400
2026-02-05,285.54999,291.26999,284.78,285.62,124800
2026-02-06,287.37,292.69,284.85999,287.70999,192800
2026-02-09,286.32001,288.98001,269.29999,269.57001,246400
2026-02-10,270.79001,280.10001,267.39999,278.64001,286000
2026-02-11,276.69,281.41,271.10999,280.48999,231600
2026-02-12,279.85999,286.29001,278.10001,282.94,161200
2026-02-13,282.78,284.35999,276.45999,279.10999,163700
2026-02-17,282.89999,287.91,282.44,283.85001,323100
2026-02-18,283.64999,285.17999,277.14999,277.39999,158200
2026-02-19,277.98999,277.98999,271.98001,274.63,183400
2026-02-20,277.14001,279.47,270.73999,273.040009,198600
2026-02-23,273.42001,273.95001,263.38,263.76999,254200
2026-02-24,258.48999,262.81,247.0099945,257.01001,441200
2026-02-25,258.82001,271.059998,256.64001,269.82001,290500
2026-02-26,272.35999,276.63,268.66,268.70001,241800
2026-02-27,268.87,269.66,263.64001,269.44,241600
2026-03-02,269.5,271.17001,263.32999,266.75,188400
2026-03-03,265.57999,273.25,260.82999,272.16,178900
2026-03-04,269.41,275.16,262.34,272.19,186400
2026-03-05,272.0,278.17001,269.56,269.70001,172600
2026-03-06,268.029999,270.94,259.79999,259.85001,282300
2026-03-09,259.0,259.5,247.0,255.66,328900
2026-03-10,253.42,257.48001,242.37,243.99001,208800
2026-03-11,244.8,247.5,237.59,242.7,240400
2026-03-12,240.64999,246.64,240.64999,243.029999,238900
2026-03-13,246.5,247.3,242.55,246.91,127000
2026-03-16,247.089996,250.38,245.75999,247.23,166300
2026-03-17,249.53999,253.33,245.3,247.080002,152300
2026-03-18,245.39999,250.39,243.78999,243.87,196600
2026-03-19,244.46001,245.39999,235.22,240.92999,210000
2026-03-20,240.86,243.3,239.83,240.37,1472700
2026-03-23,242.63,248.98,239.47,245.88,316900
2026-03-24,245.69,247.42999,240.39,240.53,171000
2026-03-25,241.63,243.55,233.82001,236.089996,163000
2026-03-26,236.46001,244.78,236.38,243.25999,195900
2026-03-27,244.42999,244.42999,240.53,240.87,134100
2026-03-30,243.55,250.33,242.92,247.99001,226400
2026-03-31,249.45,252.67,245.24001,251.31,263700
2026-04-01,251.050003,251.050003,245.0,246.99001,145100
2026-04-02,247.67999,251.74001,245.5,249.50999,128900
2026-04-06,249.029999,254.75999,248.14999,254.33,119000
2026-04-07,252.49001,254.0,248.11,248.53999,164500
2026-04-08,249.029999,254.57001,248.35001,253.38,216600
2026-04-09,250.39999,259.54999,250.39999,257.25,156900
2026-04-10,257.79001,260.59,251.8,253.75999,248800
2026-04-13,252.22,262.25,251.42,261.29001,159400
2026-04-14,261.29001,261.70999,249.42999,249.42999,214100
2026-04-15,250.32001,250.85001,242.25,244.53,275600
2026-04-16,245.17,246.96001,240.050003,241.27,278100
2026-04-17,241.95,246.64999,241.42999,244.81,255000
2026-04-20,244.77,254.52,243.3,253.63,224900
2026-04-21,253.47,257.54001,251.77,253.85001,215400
2026-04-22,252.059998,254.17,248.0,250.0,169100
2026-04-23,251.56,251.56,246.34,248.89999,253900
2026-04-24,248.73,256.76999,231.0,233.62,392900
2026-04-27,236.75,236.75,225.5,231.22,248400
2026-04-28,235.2,236.14,228.75999,229.94,232200
2026-04-29,227.74001,227.92999,217.95,219.73,198000
2026-04-30,217.34,219.71001,215.44,218.92999,323900
2026-05-01,220.91,224.82001,214.21001,214.96001,254600
2026-05-04,214.85001,217.75,210.070007,210.64999,230000
2026-05-05,210.89999,223.46001,210.89999,221.24001,433000
2026-05-06,221.25,223.71001,213.55,213.56,219200
2026-05-07,213.3,219.19,213.3,216.75,224900
2026-05-08,216.42,218.22,211.0099945,215.89999,140500
2026-05-11,217.0,218.60001,212.55,217.089996,195700
2026-05-12,217.28,221.41,215.0,218.5,171200
2026-05-13,216.39,219.92,211.48,212.66,168300
2026-05-14,214.59,216.39999,211.38,213.31,222800
2026-05-15,215.45,220.49001,212.0099945,213.050003,150600
2026-05-18,212.67,221.64,212.64999,221.50999,179900
2026-05-19,222.16,229.13,219.61,223.14999,189200
2026-05-20,222.81,223.48,220.059998,222.070007,128100
2026-05-21,221.73,225.75999,216.059998,224.73,220600
2026-05-22,222.88,226.73,221.7,224.23,188700
2026-05-26,224.89999,227.11,222.67,223.070007,200900
2026-05-27,222.88,226.31,220.42999,220.71001,135200
2026-05-28,218.96001,221.59,217.78,218.19,124000
2026-05-29,217.48,217.92999,212.36,213.070007,243400
2026-06-01,210.67,218.74001,210.67,211.61,141500
2026-06-02,211.5,211.5,206.17999,207.53999,163200
2026-06-03,207.49001,207.89999,204.63,207.24001,134100
2026-06-04,212.13,220.070007,211.42999,219.50999,225900
2026-06-05,222.48,227.67999,220.0,227.22,165700
2026-06-08,224.13,229.48,221.21001,223.74001,189400
2026-06-09,223.74001,231.97,223.74001,228.62,218200
2026-06-10,230.0,234.17999,230.0,231.98,153300
2026-06-11,232.020004,234.39,225.91,226.0099945,192800
2026-06-12,226.86,230.0,222.56,226.67,138500
2026-06-15,226.99001,228.60001,222.92,224.039993,141200
2026-06-16,225.0,227.88,223.88,225.64,162200
2026-06-17,223.059998,228.28999,219.64,221.64,347200
2026-06-18,222.13,223.73,219.050003,221.14,590900
2026-06-22,220.97,224.25,210.78,211.64999,302900
2026-06-23,215.97,222.3,215.3,221.12,244400
2026-06-24,223.49001,229.8,220.42999,229.53,231600
2026-06-25,228.71001,233.95,227.78999,229.96001,191700
2026-06-26,230.59,240.38,230.59,238.71001,310800
2026-06-29,237.45,241.32001,235.14999,237.50999,193100
2026-06-30,236.039993,240.42,235.0099945,239.75,184300
2026-07-01,241.44,251.72,238.42,249.27,358100
2026-07-02,249.64999,259.79999,249.33,259.25,180500
2026-07-06,259.79999,259.79999,254.080002,257.13,209500
2026-07-07,258.79001,262.70001,254.31,256.37,428700
2026-07-08,256.48001,256.48001,249.7,251.36,180900
2026-07-09,251.39999,251.39999,245.089996,247.81,206100
2026-07-10,250.0099945,254.020004,249.62,251.81,166700
2026-07-13,253.53999,258.049988,245.81,247.17,212700
2026-07-14,243.61,243.61,236.60001,238.47,217400
2026-07-15,236.27,236.27,205.64,210.19,641300
2026-07-16,214.38,232.0,214.0,225.94,551400
2026-07-17,227.77,235.0,225.8,227.31,386900
2026-07-20,226.46001,228.35001,221.39,225.0099945,216900
2026-07-21,220.72,224.45,215.21001,215.82001,253800
2026-07-22,216.13,216.13,209.67999,210.86,248200
2026-07-23,210.67999,214.85001,209.38,214.52,213600
2026-07-24,217.029999,223.55,216.53,223.55,198200
2026-07-27,224.13,231.56,224.059998,228.25999,195800
2026-07-28,233.82001,245.67999,233.82001,242.42999,338000
2026-07-29,240.35001,248.55,235.64999,248.55,311300
2026-07-30,240.46001,243.10001,230.0,233.67,334900
2026-07-31,240.53999,247.12,232.36,242.039993,635000
2026-08-03,246.25999,254.58,236.55,236.86,331800
2026-08-04,232.92999,244.7,230.25,244.53,259300
2026-08-05,246.67,250.92999,240.21001,250.78999,299100
2026-08-06,253.37,255.14,248.44,254.059998,169400
2026-08-07,251.66,258.42001,250.55,252.58,239700
2026-08-10,249.31,252.89,247.45,252.35001,194800
2026-08-11,250.47,258.35001,250.47,256.64001,305000
2026-08-12,253.71001,259.39001,250.89999,258.17001,228000
2026-08-13,259.5,261.35999,250.77,255.83,355100
2026-08-14,255.78,257.78,253.39,255.99001,148800
2026-08-17,253.49001,256.67999,246.99001,247.75,232200
2026-08-18,251.59,260.39999,250.64999,256.95001,167100
2026-08-19,257.040009,270.47,257.040009,267.38,187600
2026-08-20,267.23001,268.67999,261.67001,262.29001,195700
2026-08-21,262.32999,266.94,260.17001,264.85001,341500
2026-08-24,265.35999,271.47,265.35001,268.64001,242900
2026-08-25,266.53,268.89001,257.39001,257.98001,217800
2026-08-26,257.84,263.35999,251.92,257.26999,216000
2026-08-27,254.39999,261.92999,250.67999,259.44,230700
2026-08-28,259.44,261.63,257.92001,260.39999,224300
2026-08-31,257.79999,259.26001,253.84,255.56,1993400
2026-09-01,258.53,261.45999,254.24001,256.089996,233300
2026-09-02,257.10999,263.25,253.96001,258.41,218200
2026-09-03,259.68,263.53,256.51,258.18,17521
