date,open,high,low,close,volume
2006-10-18,75.2,75.75,74.32,75.029999,3293000
2006-10-19,73.0,73.71,71.78,72.45,2881000
2006-10-20,72.0,72.33,71.23,72.17,2111100
2006-10-23,71.65,72.78,71.62,72.78,1721100
2006-10-24,72.45,73.12,72.39,73.12,2131700
2006-10-25,73.43,73.48,72.099998,72.74,2507000
2006-10-26,72.68,72.7,70.86,72.29,2443200
2006-10-27,72.089996,72.099998,70.88,70.91,1622500
2006-10-30,70.53,71.83,70.53,71.46,1011100
2006-10-31,71.46,71.64,70.83,71.099998,962000
2006-11-01,71.050003,72.040001,71.050003,71.55,1250400
2006-11-02,71.07,71.3,70.64,70.93,943400
2006-11-03,70.88,71.14,70.17,70.53,1014000
2006-11-06,70.53,71.59,70.53,71.44,688400
2006-11-07,71.099998,72.29,70.89,72.0,1263600
2006-11-08,71.99,72.0,70.089996,70.49,1917700
2006-11-09,70.5,70.97,69.29,70.28,2087800
2006-11-10,70.050003,70.35,69.93,70.35,1237400
2006-11-13,70.3,71.48,70.19,71.3,1227400
2006-11-14,71.17,72.0,70.59,71.91,1154400
2006-11-15,72.24,74.14,72.14,73.85,2408400
2006-11-16,74.2,75.14,73.89,74.94,2374400
2006-11-17,74.95,75.14,73.75,73.91,1825700
2006-11-20,73.5,73.54,72.79,72.98,1701000
2006-11-21,73.13,74.22,73.07,73.78,2387900
2006-11-22,73.9,74.14,73.48,73.78,1299700
2006-11-24,73.78,73.97,73.5,73.65,548600
2006-11-27,73.6,73.74,72.31,72.56,1667800
2006-11-28,72.2,73.67,72.12,73.54,1768600
2006-11-29,73.51,75.0,73.14,74.99,1986500
2006-11-30,74.99,75.0,74.2,74.84,2163200
2006-12-01,74.84,75.089996,74.21,74.81,1024200
2006-12-04,75.029999,75.59,74.93,75.3,1077000
2006-12-05,75.29,75.92,75.21,75.76,1022100
2006-12-06,75.97,75.97,75.3,75.4,1405800
2006-12-07,75.66,75.86,74.68,74.73,1178700
2006-12-08,74.4,74.73,74.029999,74.14,1281600
2006-12-11,74.15,74.93,74.019997,74.62,745500
2006-12-12,74.62,74.84,73.31,73.79,1437500
2006-12-13,74.37,74.37,72.73,72.89,1846900
2006-12-14,73.5,73.92,73.11,73.35,1726300
2006-12-15,73.34,73.41,72.36,72.52,2570800
2006-12-18,73.0,73.75,72.53,72.8,1325200
2006-12-19,72.8,74.52,72.79,74.3,1660700
2006-12-20,74.49,74.97,74.3,74.44,1371400
2006-12-21,74.45,74.99,74.27,74.63,1387300
2006-12-22,74.45,74.52,73.6,73.98,786000
2006-12-26,73.98,74.45,73.8,74.27,824000
2006-12-27,74.75,75.019997,74.4,74.88,721300
2006-12-28,74.75,75.15,74.35,74.86,834000
2006-12-29,74.76,75.24,74.25,74.35,550000
2007-01-03,75.050003,75.57,73.87,73.95,1785300
2007-01-04,74.13,74.61,73.59,74.42,1357700
2007-01-05,74.4,74.76,74.029999,74.59,1497300
2007-01-08,76.099998,78.029999,75.85,78.0,2984300
2007-01-09,78.0,78.8,77.75,78.31,2729600
2007-01-10,78.15,79.5,77.88,79.29,1589900
2007-01-11,79.3,80.71,79.29,80.51,2029900
2007-01-12,80.2,80.59,79.5,80.089996,1721100
2007-01-16,80.089996,80.95,79.6,79.66,2737200
2007-01-17,79.69,80.099998,79.62,80.07,1336700
2007-01-18,80.9,80.9,78.75,78.86,1756700
2007-01-19,79.15,80.23,78.85,79.53,1601200
2007-01-22,79.4,79.56,78.4,78.76,1792600
2007-01-23,78.77,81.28,78.77,80.89,2425900
2007-01-24,78.76,79.99,77.61,79.85,5444600
2007-01-25,79.5,79.95,77.7,77.75,1980200
2007-01-26,77.52,78.089996,76.81,78.050003,1927700
2007-01-29,78.050003,78.050003,76.99,77.17,1150800
2007-01-30,77.17,77.5,76.77,77.029999,1141100
2007-01-31,76.7,78.5,76.64,78.15,1219400
2007-02-01,78.010002,79.21,77.77,79.089996,1622500
2007-02-02,79.53,79.74,78.49,78.67,1224900
2007-02-05,78.9,79.51,78.37,79.07,1231100
2007-02-06,79.45,79.76,78.98,79.57,991100
2007-02-07,79.4,79.53,79.050003,79.44,626300
2007-02-08,79.49,79.49,78.76,79.24,781800
2007-02-09,79.15,79.8,79.080002,79.56,1086000
2007-02-12,78.9,79.21,78.5,78.78,1456500
2007-02-13,79.0,80.48,78.76,79.81,2291700
2007-02-14,79.9,80.11,79.51,79.63,1100000
2007-02-15,79.7,79.98,79.059998,79.49,1192100
2007-02-16,79.099998,79.48,78.76,79.25,1901500
2007-02-20,79.27,80.39,78.7,79.29,5415600
2007-02-21,78.8,79.45,78.5,78.72,1695800
2007-02-22,78.9,79.2,78.45,79.18,1263000
2007-02-23,78.75,79.099998,78.010002,79.050003,1194900
2007-02-26,79.13,79.68,77.76,78.089996,903000
2007-02-27,77.75,77.75,74.25,75.33,2381100
2007-02-28,75.21,76.91,74.81,76.38,2551700
2007-03-01,75.0,76.83,74.43,76.41,1866500
2007-03-02,75.6,76.44,75.29,75.46,1605500
2007-03-05,74.4,75.94,74.38,75.13,1345400
2007-03-06,75.65,76.72,75.23,76.49,1807500
2007-03-07,76.25,76.58,75.88,76.029999,1737400
2007-03-08,76.7,77.53,76.059998,77.089996,1224400
2007-03-09,77.7,77.71,76.93,77.32,877800
2007-03-12,77.0,78.92,76.89,78.78,1163000
2007-03-13,78.07,78.39,76.66,76.77,1369600
2007-03-14,76.95,77.72,75.85,77.58,1309100
2007-03-15,77.36,77.56,76.74,77.48,864300
2007-03-16,77.97,78.33,77.37,77.55,1723800
2007-03-19,77.84,78.51,77.79,78.32,1180700
2007-03-20,78.14,78.5,77.76,78.42,967100
2007-03-21,78.26,78.6,77.37,78.54,1456200
2007-03-22,78.53,78.56,77.12,77.42,2397800
2007-03-23,77.57,78.13,77.32,77.63,1528300
2007-03-26,77.38,77.76,76.55,77.59,1198300
2007-03-27,77.07,77.86,76.77,77.55,1200600
2007-03-28,77.41,77.45,76.36,76.83,1075000
2007-03-29,77.63,77.76,76.3,76.65,1095500
2007-03-30,76.83,77.32,75.78,76.4,1544600
2007-04-02,76.47,76.7,76.010002,76.27,1750100
2007-04-03,76.74,77.62,76.66,77.38,1007200
2007-04-04,77.56,78.71,77.26,78.26,1577300
2007-04-05,77.92,78.72,77.89,78.11,896400
2007-04-09,78.29,79.0,78.21,78.52,793600
2007-04-10,78.39,78.74,78.25,78.39,1065900
2007-04-11,78.080002,78.27,76.51,76.72,1265400
2007-04-12,76.7,77.57,76.36,77.34,1298100
2007-04-13,78.089996,78.089996,76.3,76.72,868800
2007-04-16,77.099998,77.62,76.85,77.18,1167100
2007-04-17,77.22,77.22,76.47,76.84,797600
2007-04-18,76.76,77.34,76.42,77.050003,751100
2007-04-19,77.79,78.17,76.74,77.96,1616000
2007-04-20,78.55,80.24,78.55,79.55,2686000
2007-04-23,79.41,80.050003,79.040001,79.11,1046200
2007-04-24,79.0,80.24,79.0,80.07,1425700
2007-04-25,80.5,81.0,78.6,79.39,1536700
2007-04-26,78.52,80.29,78.52,79.099998,1783800
2007-04-27,79.11,80.55,78.96,80.27,1297800
2007-04-30,80.0,80.28,78.46,78.5,1501700
2007-05-01,78.6,78.9,77.91,78.49,952700
2007-05-02,78.73,80.16,78.54,79.82,1182200
2007-05-03,80.17,80.92,79.89,80.47,1223900
2007-05-04,80.46,80.65,79.25,79.69,977300
2007-05-07,80.0,81.55,79.82,81.41,1465600
2007-05-08,81.11,81.11,79.53,80.32,1141200
2007-05-09,79.7,81.040001,79.7,80.63,945500
2007-05-10,80.18,80.37,79.39,79.51,1134600
2007-05-11,79.91,80.25,79.72,80.15,575900
2007-05-14,80.5,80.83,80.010002,80.36,658100
2007-05-15,80.75,81.69,80.58,80.95,1089800
2007-05-16,80.99,81.45,80.62,81.36,849600
2007-05-17,81.24,81.54,80.84,81.010002,781500
2007-05-18,81.26,81.45,80.49,81.26,1306900
2007-05-21,81.27,82.41,80.85,81.96,1781900
2007-05-22,81.71,81.79,80.5,80.56,1167300
2007-05-23,80.57,80.57,79.58,79.81,1464100
2007-05-24,80.17,80.67,78.42,78.61,2104000
2007-05-25,79.0,79.95,78.7,78.86,1303600
2007-05-29,79.48,80.33,79.12,80.19,2575400
2007-05-30,79.37,79.83,78.72,79.45,2976800
2007-05-31,79.65,80.69,79.65,80.24,3021200
2007-06-01,80.24,80.93,79.59,79.88,1515300
2007-06-04,79.88,79.88,79.22,79.5,1603600
2007-06-05,79.97,79.97,78.77,78.95,1547700
2007-06-06,78.68,79.28,78.41,78.93,1399100
2007-06-07,79.75,81.07,79.62,79.62,3417600
2007-06-08,79.45,80.62,79.25,80.58,1846200
2007-06-11,80.4,80.57,79.53,80.31,1297500
2007-06-12,79.86,80.11,79.24,79.24,1824800
2007-06-13,79.43,80.3,79.080002,80.19,2557600
2007-06-14,80.14,80.83,79.8,80.040001,1549800
2007-06-15,80.99,81.35,80.2,80.25,2894900
2007-06-18,80.39,80.68,79.45,79.56,1223400
2007-06-19,79.55,80.64,79.55,80.36,1923600
2007-06-20,81.0,81.29,79.48,79.48,1437200
2007-06-21,79.26,79.28,78.07,78.9,2045600
2007-06-22,78.91,78.91,77.55,78.019997,2382500
2007-06-25,78.82,79.21,77.97,78.57,1875200
2007-06-26,78.51,78.57,77.58,77.99,1213600
2007-06-27,77.45,78.55,77.32,78.43,1622400
2007-06-28,78.44,79.56,77.97,79.0,1490100
2007-06-29,79.2,79.55,77.59,78.22,2182400
2007-07-02,78.64,78.71,77.35,78.19,3471800
2007-07-03,78.65,78.97,78.07,78.48,1079500
2007-07-05,78.26,79.010002,78.26,78.96,1422100
2007-07-06,79.35,79.98,78.93,79.75,1436900
2007-07-09,79.75,79.83,79.2,79.54,1354300
2007-07-10,78.62,79.19,77.84,77.86,1549200
2007-07-11,78.47,79.080002,78.23,78.91,2616000
2007-07-12,78.86,79.83,78.53,79.83,1508500
2007-07-13,79.47,80.32,79.45,79.98,1110300
2007-07-16,79.36,79.96,78.73,79.75,1381900
2007-07-17,79.6,80.92,79.43,80.73,2052200
2007-07-18,80.040001,80.59,79.080002,79.69,2950200
2007-07-19,80.5,81.38,80.25,80.75,2497000
2007-07-20,78.98,81.36,78.86,80.65,2685700
2007-07-23,81.23,81.83,80.9,81.2,1312900
2007-07-24,81.98,81.98,80.3,80.3,2229000
2007-07-25,82.49,84.089996,81.26,83.089996,3977200
2007-07-26,82.12,82.95,79.66,80.64,3225800
2007-07-27,80.91,81.44,79.33,79.33,2183700
2007-07-30,79.010002,80.17,78.59,79.51,2340500
2007-07-31,79.83,80.010002,78.010002,78.56,4004000
2007-08-01,78.010002,79.21,77.9,78.46,2841700
2007-08-02,78.36,80.52,78.26,80.32,2574600
2007-08-03,80.58,81.0,79.3,79.48,2283800
2007-08-06,80.11,80.4,79.51,79.91,2980000
2007-08-07,79.24,79.75,77.0,78.24,3486600
2007-08-08,77.9,78.39,77.040001,78.33,3787500
2007-08-09,77.2,77.52,72.95,74.24,5635100
2007-08-10,72.95,79.63,70.61,77.31,5590100
2007-08-13,79.39,79.54,77.43,77.83,2657400
2007-08-14,77.69,77.69,75.5,75.56,2073300
2007-08-15,75.9,76.63,75.18,75.28,2374500
2007-08-16,74.54,76.010002,73.18,75.73,3155200
2007-08-17,77.97,78.85,76.0,77.48,2801200
2007-08-20,77.7,77.7,76.28,77.5,1290400
2007-08-21,76.94,78.37,76.54,77.7,1298100
2007-08-22,77.96,78.5,77.46,78.17,1633600
2007-08-23,78.35,78.35,77.13,77.67,915700
2007-08-24,77.8,79.26,77.77,79.2,1065300
2007-08-27,79.31,79.98,78.84,79.47,913500
2007-08-28,79.15,79.15,76.18,76.35,1905400
2007-08-29,76.31,78.25,76.31,78.25,1375500
2007-08-30,77.36,78.79,77.11,78.089996,1016900
2007-08-31,78.99,79.75,78.36,78.56,1286300
2007-09-04,78.53,79.4,77.7,79.31,1080200
2007-09-05,76.62,78.9,76.62,77.87,1087800
2007-09-06,77.63,78.87,77.4,78.85,882100
2007-09-07,77.75,79.07,77.64,78.14,1665600
2007-09-10,79.050003,79.29,77.36,78.7,1152600
2007-09-11,79.07,79.89,78.44,79.53,1468000
2007-09-12,79.35,80.56,79.35,80.080002,1494900
2007-09-13,80.77,81.49,80.27,80.86,1340800
2007-09-14,80.17,81.5,80.17,81.12,2154900
2007-09-17,80.83,80.95,80.029999,80.48,1025900
2007-09-18,80.72,81.99,80.26,81.89,1401800
2007-09-19,82.029999,83.43,82.010002,83.0,1438500
2007-09-20,83.21,83.59,82.54,83.22,1161100
2007-09-21,84.18,84.9,82.96,82.96,2865900
2007-09-24,82.67,83.47,81.6,81.74,1536200
2007-09-25,81.65,84.33,81.65,84.3,1854500
2007-09-26,84.11,85.22,83.85,84.37,1617500
2007-09-27,85.040001,85.089996,83.75,84.79,1050200
2007-09-28,84.98,85.7,83.83,84.47,1566600
2007-10-01,84.4,86.11,84.17,84.51,1940600
2007-10-02,85.41,86.089996,83.14,83.35,2438000
2007-10-03,82.8,83.41,82.41,83.27,1276000
2007-10-04,83.76,84.23,83.44,83.8,763800
2007-10-05,84.46,84.75,83.81,84.059998,1010500
2007-10-08,84.28,86.66,84.28,85.9,1405500
2007-10-09,86.26,87.55,86.080002,87.17,1387700
2007-10-10,87.24,87.46,85.36,85.98,1440100
2007-10-11,86.5,87.99,86.16,87.010002,1657400
2007-10-12,87.42,89.19,86.76,89.010002,1603900
2007-10-15,89.39,90.95,88.5,88.95,2100700
2007-10-16,88.91,89.07,87.63,88.18,1260300
2007-10-17,89.059998,89.059998,86.56,87.31,1487700
2007-10-18,87.2,88.12,87.050003,87.74,889700
2007-10-19,87.29,87.43,85.47,85.47,1718300
2007-10-22,84.69,85.96,84.29,85.94,1121100
2007-10-23,86.77,87.65,85.78,87.099998,1140600
2007-10-24,88.0,90.0,87.31,90.0,3466200
2007-10-25,90.39,90.97,89.71,90.38,2783300
2007-10-26,91.76,91.88,90.74,91.23,1542200
2007-10-29,90.74,91.0,89.91,90.45,1768300
2007-10-30,89.72,90.93,89.53,89.98,1580400
2007-10-31,90.74,90.96,89.65,90.96,1422500
2007-11-01,89.87,91.0,89.6,89.92,2227900
2007-11-02,90.2,90.6,88.72,90.13,1552700
2007-11-05,91.0,92.39,89.43,91.85,2031000
2007-11-06,91.92,93.57,91.46,93.52,2331100
2007-11-07,93.27,93.27,90.37,90.46,1992500
2007-11-08,90.9,91.63,89.31,90.94,2625800
2007-11-09,89.92,90.42,88.050003,88.24,2387800
2007-11-12,88.089996,89.15,86.38,86.76,2010400
2007-11-13,87.31,88.57,86.79,88.34,2857600
2007-11-14,88.79,89.69,88.29,88.48,2051000
2007-11-15,88.3,89.11,87.81,88.010002,1716100
2007-11-16,88.78,89.75,88.13,89.75,2377800
2007-11-19,89.11,89.81,87.32,88.45,1961600
2007-11-20,88.77,90.3,87.31,88.46,1871900
2007-11-21,87.56,88.32,86.79,86.79,1215900
2007-11-23,87.19,88.5,87.19,88.5,669700
2007-11-26,88.5,89.91,87.12,87.3,1591000
2007-11-27,87.58,88.59,87.42,88.23,2161700
2007-11-28,88.72,90.49,88.29,90.019997,1904400
2007-11-29,89.9,89.9,88.48,88.78,1847900
2007-11-30,90.019997,90.019997,88.07,88.78,1921400
2007-12-03,89.11,89.86,88.82,89.010002,1493800
2007-12-04,88.99,90.62,88.91,89.86,1715500
2007-12-05,90.69,92.64,90.24,92.43,2376700
2007-12-06,92.4,93.85,92.059998,93.07,2607700
2007-12-07,93.059998,94.55,92.77,93.68,1672600
2007-12-10,93.73,94.5,93.6,94.0,1433100
2007-12-11,93.96,93.96,91.059998,91.29,1785300
2007-12-12,93.19,93.38,90.95,91.68,1942000
2007-12-13,91.050003,93.050003,91.050003,92.76,1433600
2007-12-14,91.94,92.83,91.44,91.44,1244700
2007-12-17,91.23,91.69,89.42,89.6,1310700
2007-12-18,89.9,89.9,87.2,88.28,2665800
2007-12-19,89.059998,89.059998,87.31,88.12,1494800
2007-12-20,88.83,89.029999,87.87,88.41,1249000
2007-12-21,89.25,89.56,88.58,89.24,2189100
2007-12-24,88.95,91.18,88.95,90.71,482900
2007-12-26,90.77,90.81,89.69,90.43,665100
2007-12-27,90.050003,90.64,88.85,89.22,966200
2007-12-28,90.07,90.099998,88.92,89.050003,836900
2007-12-31,88.16,89.53,88.16,88.99,825500
2008-01-02,88.75,89.43,86.92,87.44,1031000
2008-01-03,87.89,89.050003,87.63,88.5,1363300
2008-01-04,88.099998,88.24,85.86,86.0,1730700
2008-01-07,86.68,86.7,85.059998,85.91,2181800
2008-01-08,86.16,87.25,85.22,85.63,2507100
2008-01-09,85.31,89.040001,84.85,88.93,2667100
2008-01-10,88.49,89.88,88.25,88.83,2214600
2008-01-11,88.19,88.21,86.059998,86.56,1933100
2008-01-14,87.61,87.69,86.15,86.4,2289100
2008-01-15,85.5,87.18,84.9,85.32,2071600
2008-01-16,84.76,85.46,83.62,83.97,2270800
2008-01-17,84.17,85.6,80.39,80.79,3062100
2008-01-18,81.5,83.92,80.36,80.8,2635900
2008-01-22,78.73,80.17,74.010002,78.85,3367300
2008-01-23,75.0,79.050003,75.0,79.050003,3354800
2008-01-24,80.32,83.86,79.81,83.07,3768800
2008-01-25,84.029999,84.029999,80.88,81.13,3197700
2008-01-28,81.080002,82.98,81.080002,82.8,2374400
2008-01-29,83.15,83.8,82.84,83.32,1659100
2008-01-30,82.93,85.52,82.93,83.71,1594400
2008-01-31,83.31,85.080002,82.49,84.53,2351700
2008-02-01,84.9,85.6,84.089996,85.34,1510600
2008-02-04,85.36,85.36,84.46,84.88,1156900
2008-02-05,83.57,83.99,82.77,82.93,1950600
2008-02-06,83.34,84.0,82.84,82.99,1840300
2008-02-07,82.37,83.5,82.16,83.45,2260300
2008-02-08,82.88,83.87,82.23,83.37,1562800
2008-02-11,83.51,83.79,82.74,83.3,1593000
2008-02-12,83.65,84.66,82.93,84.040001,2813700
2008-02-13,84.71,84.71,83.13,84.15,2316400
2008-02-14,84.0,84.72,82.89,83.33,1957700
2008-02-15,83.28,83.81,82.42,83.43,1753500
2008-02-19,84.22,84.64,83.46,83.93,1420800
2008-02-20,83.37,84.44,82.7,84.16,1490700
2008-02-21,83.75,84.46,82.65,82.8,1919600
2008-02-22,82.98,83.76,82.59,83.65,1888100
2008-02-25,83.82,84.5,82.91,83.93,2565700
2008-02-26,83.42,83.79,82.91,83.46,1962400
2008-02-27,82.8,84.75,82.8,83.37,1628500
2008-02-28,82.94,83.45,82.69,83.0,1186800
2008-02-29,82.25,82.72,81.65,81.85,1908400
2008-03-03,81.26,82.48,81.050003,81.75,2492300
2008-03-04,81.16,83.0,81.050003,82.61,2589300
2008-03-05,82.86,83.62,81.94,83.52,2382800
2008-03-06,83.28,84.28,82.71,83.22,2314500
2008-03-07,82.75,84.21,82.53,82.81,2121100
2008-03-10,83.050003,83.15,81.76,81.78,1910200
2008-03-11,83.46,83.82,82.0,83.33,1945000
2008-03-12,83.68,85.0,83.64,84.62,1885200
2008-03-13,83.86,86.17,83.32,86.099998,3220800
2008-03-14,86.56,86.9,83.48,84.39,2440500
2008-03-17,82.92,85.010002,82.92,84.28,2191900
2008-03-18,85.94,85.99,84.23,85.35,2567600
2008-03-19,86.32,87.5,85.040001,85.040001,2106600
2008-03-20,85.71,85.9,84.59,85.66,1895600
2008-03-24,86.39,86.49,84.68,85.36,1704500
2008-03-25,85.3,86.0,84.67,85.010002,1959400
2008-03-26,84.71,85.0,83.83,84.040001,1594200
2008-03-27,84.059998,84.080002,83.11,83.12,1367600
2008-03-28,83.55,84.42,83.17,83.36,1321300
2008-03-31,83.36,83.78,82.67,83.37,2109500
2008-04-01,83.86,86.39,83.83,85.9,1910800
2008-04-02,86.15,86.5,84.53,85.44,2036700
2008-04-03,85.0,85.59,84.46,84.65,2120200
2008-04-04,85.0,86.0,84.24,85.42,1374000
2008-04-07,85.87,86.39,85.19,85.51,1513700
2008-04-08,84.96,85.17,84.22,84.8,1442600
2008-04-09,85.010002,85.45,84.35,84.97,1853900
2008-04-10,84.81,85.29,84.33,84.76,1415400
2008-04-11,83.92,84.59,83.55,83.65,1162700
2008-04-14,83.94,84.34,83.61,83.9,1316900
2008-04-15,84.27,84.41,82.47,82.9,2068600
2008-04-16,83.75,86.080002,83.37,86.029999,2433900
2008-04-17,85.74,86.51,85.44,86.21,1922500
2008-04-18,87.18,89.68,87.17,88.98,2415200
2008-04-21,88.91,89.07,87.49,88.010002,2002900
2008-04-22,87.98,88.29,87.36,88.010002,1773800
2008-04-23,90.78,90.78,86.15,87.69,3192800
2008-04-24,88.099998,89.019997,87.24,88.7,2173700
2008-04-25,89.3,91.18,88.48,90.92,1735000
2008-04-28,90.45,91.4,90.089996,90.23,1329800
2008-04-29,90.0,90.82,89.5,90.35,1200900
2008-04-30,90.35,91.75,89.86,90.42,1458800
2008-05-01,90.47,90.89,89.92,90.51,1873400
2008-05-02,91.15,91.32,90.23,90.69,1520000
2008-05-05,90.5,90.99,89.82,90.31,1284100
2008-05-06,89.77,90.41,89.55,90.16,2164000
2008-05-07,90.029999,90.65,89.68,89.68,2097000
2008-05-08,89.84,91.69,89.8,91.46,1846400
2008-05-09,89.7,91.33,89.7,90.92,2143300
2008-05-12,91.22,92.71,90.74,92.6,2404400
2008-05-13,92.65,93.25,92.2,92.91,1890700
2008-05-14,93.25,94.26,92.91,93.24,2248200
2008-05-15,93.010002,93.78,92.31,93.23,1680200
2008-05-16,93.23,93.32,91.34,92.93,2270300
2008-05-19,92.78,95.13,92.75,94.6,2074600
2008-05-20,93.9,94.6,93.35,93.72,1538300
2008-05-21,93.74,94.39,91.38,91.64,1866800
2008-05-22,92.0,92.21,91.11,91.49,1140400
2008-05-23,91.0,91.31,90.25,90.37,1119800
2008-05-27,90.58,90.9,89.85,90.55,1074500
2008-05-28,90.6,92.19,90.6,92.099998,1480400
2008-05-29,91.76,92.56,90.63,91.85,1888600
2008-05-30,92.0,92.89,91.36,92.15,1683100
2008-06-02,91.75,92.46,90.74,91.33,1774600
2008-06-03,91.47,92.059998,89.21,89.83,1937200
2008-06-04,89.75,90.099998,88.32,88.71,1801300
2008-06-05,88.71,89.72,88.029999,89.64,2238600
2008-06-06,89.07,89.33,86.51,86.65,2326600
2008-06-09,86.65,86.98,85.25,86.13,2939400
2008-06-10,85.4,86.64,85.4,85.99,2120100
2008-06-11,85.5,86.31,84.9,85.33,2201300
2008-06-12,85.97,86.86,85.43,85.71,1817500
2008-06-13,86.099998,87.37,85.88,86.45,1324900
2008-06-16,86.0,86.89,85.71,86.099998,1795100
2008-06-17,86.37,86.37,85.28,85.35,1570400
2008-06-18,85.55,87.25,84.72,85.48,1662900
2008-06-19,85.38,87.6,85.050003,87.59,1965600
2008-06-20,87.45,87.58,84.95,85.5,2804200
2008-06-23,86.019997,87.57,85.7,87.25,1953500
2008-06-24,87.35,87.75,86.040001,86.81,1738500
2008-06-25,87.37,88.19,85.83,86.050003,2465800
2008-06-26,85.68,86.0,82.92,82.94,3306700
2008-06-27,83.07,83.77,82.5,83.28,2827000
2008-06-30,83.29,85.040001,82.61,84.2,3045800
2008-07-01,83.080002,84.07,82.51,83.61,2323100
2008-07-02,84.07,84.4,81.82,81.86,1575500
2008-07-03,82.97,83.71,82.099998,83.22,1248100
2008-07-07,83.41,83.94,81.52,81.79,2758200
2008-07-08,81.32,83.64,81.13,83.64,2559100
2008-07-09,83.67,84.14,81.86,81.87,2318600
2008-07-10,81.63,82.88,80.53,81.69,3265700
2008-07-11,80.86,81.86,80.4,81.050003,1988400
2008-07-14,81.5,82.41,81.0,81.69,1806200
2008-07-15,81.44,81.94,80.49,81.54,2788800
2008-07-16,81.29,82.51,80.25,82.17,1648800
2008-07-17,82.44,82.44,80.44,81.21,2833200
2008-07-18,81.28,82.24,81.0,82.07,1994100
2008-07-21,82.24,82.24,80.58,82.019997,1530500
2008-07-22,81.99,83.61,81.71,83.45,1995200
2008-07-23,85.07,89.41,83.68,89.27,5949600
2008-07-24,88.9,90.16,86.4,87.059998,3441000
2008-07-25,87.86,89.35,87.41,89.19,2151400
2008-07-28,88.57,89.69,87.81,87.91,2277500
2008-07-29,87.9,90.51,87.6,89.94,2617700
2008-07-30,90.22,90.3,88.71,90.0,2459400
2008-07-31,89.49,91.73,88.92,89.14,2445000
2008-08-01,89.0,90.089996,87.97,89.58,2103800
2008-08-04,89.31,90.059998,88.52,89.07,1339800
2008-08-05,89.94,90.83,89.050003,90.79,1965200
2008-08-06,90.64,91.35,90.0,90.98,1562700
2008-08-07,90.5,90.85,89.68,90.27,1712100
2008-08-08,90.0,93.23,89.97,92.81,2489400
2008-08-11,92.46,94.31,92.15,93.92,2239300
2008-08-12,94.080002,94.4,93.16,94.25,2665800
2008-08-13,93.19,94.040001,91.88,93.46,2641600
2008-08-14,91.19,93.23,89.61,92.46,3920700
2008-08-15,91.010002,94.19,91.010002,93.41,2659200
2008-08-18,93.82,93.82,91.63,92.24,1852400
2008-08-19,91.76,93.2,90.97,91.99,2958700
2008-08-20,92.36,92.69,90.47,91.26,2244000
2008-08-21,90.62,91.95,90.089996,91.77,2642000
2008-08-22,92.080002,92.2,90.71,92.0,2157900
2008-08-25,91.69,92.29,90.34,91.12,2241600
2008-08-26,90.92,92.32,90.19,92.21,1572600
2008-08-27,92.19,92.74,90.82,92.31,1383500
2008-08-28,92.55,94.41,92.26,94.010002,2107300
2008-08-29,93.86,94.059998,92.24,92.3,1696600
2008-09-02,93.029999,93.95,92.3,92.56,2072500
2008-09-03,92.26,93.059998,90.44,91.17,2441700
2008-09-04,90.28,90.55,83.98,85.29,7363700
2008-09-05,85.7,86.54,84.87,85.64,2891000
2008-09-08,87.48,88.059998,85.27,86.21,3860000
2008-09-09,86.2,86.99,84.51,84.55,3643100
2008-09-10,85.0,85.56,82.84,83.019997,4442500
2008-09-11,82.7,84.84,82.58,84.77,4227800
2008-09-12,84.0,85.55,83.56,84.93,2286000
2008-09-15,83.27,85.010002,83.010002,83.91,3728000
2008-09-16,82.69,85.69,82.48,85.089996,3858000
2008-09-17,84.5,84.55,82.0,82.28,3333200
2008-09-18,82.95,84.45,79.35,83.84,4890400
2008-09-19,84.13,86.38,81.39,82.39,4054500
2008-09-22,82.87,82.87,80.72,81.26,2560900
2008-09-23,81.34,81.63,79.66,79.91,1969500
2008-09-24,79.28,79.8,76.75,77.73,4669000
2008-09-25,78.0,79.32,76.57,76.74,4666100
2008-09-26,74.92,75.75,73.12,74.92,6140000
2008-09-29,74.0,74.85,70.0,71.4,5568500
2008-09-30,72.010002,73.87,71.24,73.62,3799700
2008-10-01,73.07,73.62,71.66,72.0,4427300
2008-10-02,71.64,72.37,69.59,70.26,5522600
2008-10-03,70.94,71.77,67.9,68.2,4832100
2008-10-06,66.97,67.38,63.89,65.92,4804500
2008-10-07,66.97,67.94,65.050003,65.050003,4342000
2008-10-08,63.74,67.71,63.65,65.56,5485700
2008-10-09,66.029999,66.39,60.92,60.92,4136700
2008-10-10,58.44,60.55,55.14,57.39,7376900
2008-10-13,59.23,61.41,57.099998,61.099998,3560300
2008-10-14,63.42,64.77,60.46,61.49,4358100
2008-10-15,61.16,61.38,56.0,56.36,3178700
2008-10-16,56.36,60.23,54.4,59.84,4299000
2008-10-17,58.6,61.2,55.53,57.12,4081700
2008-10-20,57.73,60.3,57.13,60.3,2434900
2008-10-21,59.74,60.11,55.12,55.48,4293400
2008-10-22,56.21,57.86,54.45,56.49,5401600
2008-10-23,56.38,58.33,53.32,56.96,3508000
2008-10-24,53.41,56.52,51.9,54.7,3344800
2008-10-27,53.88,55.3,52.15,52.27,3443400
2008-10-28,53.27,58.51,52.11,58.4,2799200
2008-10-29,58.25,60.78,57.42,58.24,3859200
2008-10-30,59.95,61.31,58.34,60.71,2901000
2008-10-31,60.71,61.62,59.37,60.32,2807300
2008-11-03,60.080002,61.27,59.44,61.02,2367800
2008-11-04,62.42,63.86,61.83,63.77,2575300
2008-11-05,62.79,63.67,61.74,62.11,3462700
2008-11-06,62.35,62.61,60.0099983,60.43,4969600
2008-11-07,60.73,62.29,60.14,61.43,3006800
2008-11-10,62.42,63.41,60.2,60.93,2092300
2008-11-11,60.23,60.67,58.36,59.29,2500200
2008-11-12,58.33,58.85,57.02,57.55,4072300
2008-11-13,57.77,59.21,52.33,56.2,7874400
2008-11-14,55.3,58.75,55.049999,55.51,3496800
2008-11-17,55.54,55.8,53.040001,53.51,3583700
2008-11-18,53.67,54.0,51.54,53.24,4443000
2008-11-19,53.24,54.61,49.13,49.25,4604800
2008-11-20,48.67,51.9,48.040001,48.8,5713900
2008-11-21,49.86,52.29,48.36,51.95,4750100
2008-11-24,52.7,52.99,50.0,50.21,4720200
2008-11-25,50.94,52.14,48.6,49.61,4567500
2008-11-26,49.029999,50.3,47.81,50.18,3338000
2008-11-28,49.62,51.67,49.59,51.67,1057300
2008-12-01,50.52,50.74,48.43,48.54,3237900
2008-12-02,48.92,50.89,48.52,50.11,3036200
2008-12-03,49.35,51.79,49.040001,51.65,3466700
2008-12-04,51.22,52.74,49.23,49.95,3253600
2008-12-05,49.16,51.65,48.16,51.5,3008400
2008-12-08,51.71,54.99,51.71,54.23,3716200
2008-12-09,54.47,55.11,53.2,54.25,2707800
2008-12-10,55.15,55.52,53.73,54.29,2772800
2008-12-11,53.89,55.049999,53.22,53.81,2478400
2008-12-12,53.07,53.58,52.19,53.28,2875600
2008-12-15,53.78,53.78,52.34,53.11,2718000
2008-12-16,53.39,56.4,53.060001,56.34,2450700
2008-12-17,56.68,56.68,54.65,55.49,1991900
2008-12-18,56.42,57.69,55.54,55.87,3111300
2008-12-19,56.41,57.88,55.47,55.86,3693400
2008-12-22,56.0,56.31,54.26,55.48,2353200
2008-12-23,55.29,56.69,54.53,54.73,1761900
2008-12-24,54.69,55.47,54.69,55.26,512000
2008-12-26,55.51,56.029999,55.28,55.91,707100
2008-12-29,55.94,56.07,53.96,54.53,1830200
2008-12-30,54.91,56.52,54.8,56.41,1364300
2008-12-31,56.63,58.21,56.41,57.59,1626700
2009-01-02,57.76,59.87,57.19,59.76,1649100
2009-01-05,59.38,60.18,58.89,59.74,1467200
2009-01-06,61.46,61.46,59.74,61.23,2256400
2009-01-07,60.67,60.67,58.36,58.83,1751200
2009-01-08,58.47,59.27,57.65,59.21,1929400
2009-01-09,57.72,58.95,57.33,57.92,1761400
2009-01-12,57.92,58.41,57.28,57.68,1806900
2009-01-13,57.61,57.61,54.75,55.099998,4161200
2009-01-14,54.48,55.31,53.89,54.47,4076200
2009-01-15,54.61,55.18,51.49,53.060001,3953200
2009-01-16,53.65,54.99,53.21,54.59,2954400
2009-01-20,54.25,54.73,52.060001,52.2,4021700
2009-01-21,52.64,54.21,51.92,54.0099983,2481900
2009-01-22,53.55,54.37,52.68,53.88,2827300
2009-01-23,52.93,53.99,51.95,53.32,2162700
2009-01-26,52.97,54.84,52.79,54.6,3338600
2009-01-27,54.99,56.53,54.8,55.72,2636400
2009-01-28,59.32,61.38,58.56,60.0099983,5319200
2009-01-29,58.84,59.14,57.11,58.24,5189100
2009-01-30,58.5,58.88,56.18,56.73,2683800
2009-02-02,55.99,56.0,54.53,55.29,2578100
2009-02-03,55.79,55.97,54.13,55.3,3514100
2009-02-04,55.35,56.39,54.8,55.049999,2466600
2009-02-05,54.56,56.82,54.56,56.23,2357900
2009-02-06,56.0099983,57.44,55.96,57.21,3254000
2009-02-09,56.96,57.54,56.35,56.75,2447200
2009-02-10,56.11,56.75,54.080002,54.44,2631700
2009-02-11,54.83,55.099998,53.36,53.89,2834900
2009-02-12,53.049999,53.9,52.0099983,53.83,3510000
2009-02-13,53.8,55.37,53.64,54.49,2037100
2009-02-17,53.66,53.66,51.86,52.88,3103700
2009-02-18,53.11,53.11,51.9,51.96,2690900
2009-02-19,52.29,52.93,51.73,51.87,3040100
2009-02-20,51.22,51.64,49.92,50.82,4080700
2009-02-23,51.21,51.21,48.81,48.94,2218900
2009-02-24,49.24,49.47,47.85,49.02,3933900
2009-02-25,48.87,48.87,46.31,46.54,5078500
2009-02-26,47.09,47.2,45.39,45.68,2867600
2009-02-27,44.96,45.13,43.76,43.82,3566000
2009-03-02,42.94,42.94,40.94,41.049999,5063400
2009-03-03,41.47,41.78,39.76,39.83,4875200
2009-03-04,40.31,40.61,39.56,40.22,7107100
2009-03-05,37.5,39.41,36.98,37.38,10657700
2009-03-06,36.99,38.0,35.28,36.49,7498500
2009-03-09,36.060001,36.65,35.81,36.31,5291800
2009-03-10,36.85,37.73,36.13,37.6,4291700
2009-03-11,37.77,38.07,35.85,36.41,4446000
2009-03-12,36.51,37.81,35.91,37.57,4211400
2009-03-13,37.81,38.17,37.28,37.6,3967800
2009-03-16,37.95,40.26,37.66,39.049999,4302700
2009-03-17,39.21,39.57,38.26,39.55,3406500
2009-03-18,39.4,40.09,37.96,39.22,4463000
2009-03-19,39.37,39.73,37.28,37.86,5653100
2009-03-20,37.89,38.42,37.31,37.65,4414000
2009-03-23,38.049999,39.67,38.049999,39.64,4359900
2009-03-24,39.29,40.17,39.18,39.5,4206500
2009-03-25,40.099998,41.17,39.42,40.31,3685700
2009-03-26,40.72,43.13,40.4,43.07,4874100
2009-03-27,42.63,43.45,42.22,43.12,4652500
2009-03-30,42.23,42.56,41.24,42.34,5585200
2009-03-31,42.68,42.72,41.51,41.59,4799700
2009-04-01,41.2,42.33,40.78,42.19,3398600
2009-04-02,42.89,44.15,42.62,43.12,4052900
2009-04-03,42.96,43.31,41.86,42.66,3408000
2009-04-06,42.71,45.91,42.3,45.56,5881100
2009-04-07,44.97,45.78,43.19,43.55,4316100
2009-04-08,43.61,44.15,43.29,44.0,2675400
2009-04-09,44.84,45.099998,44.36,44.94,3582700
2009-04-13,44.52,44.68,43.62,44.0099983,2898800
2009-04-14,43.71,44.16,43.11,43.93,2654100
2009-04-15,43.82,44.39,43.37,44.3,2300400
2009-04-16,44.63,45.79,44.040001,45.54,3139900
2009-04-17,45.75,46.8,45.32,46.55,4076800
2009-04-20,46.0,46.0,44.83,45.37,3543700
2009-04-21,45.26,46.59,45.060001,46.47,4226800
2009-04-22,46.88,49.25,46.88,48.23,4100900
2009-04-23,48.5,49.5,47.61,49.5,4639700
2009-04-24,49.81,49.81,48.5,49.18,3371800
2009-04-27,49.82,52.62,49.42,51.28,4047700
2009-04-28,50.69,51.12,50.0,50.61,2500300
2009-04-29,52.79,54.34,52.0099983,53.34,4211400
2009-04-30,53.51,53.8,51.48,51.67,4642200
2009-05-01,52.02,52.78,51.26,52.38,3303600
2009-05-04,52.31,54.09,52.31,54.0,2900100
2009-05-05,53.97,54.15,53.049999,53.62,2152600
2009-05-06,53.78,54.32,53.23,54.24,2152000
2009-05-07,54.53,54.84,53.19,53.66,3312400
2009-05-08,54.27,55.94,53.87,55.88,3274600
2009-05-11,55.12,55.79,54.060001,54.13,2537300
2009-05-12,54.43,55.54,53.67,55.3,2463500
2009-05-13,55.060001,55.37,53.51,55.3,3482200
2009-05-14,55.31,56.07,55.0099983,55.84,3105100
2009-05-15,55.84,56.25,54.73,55.0099983,3488900
2009-05-18,54.95,55.51,54.18,55.46,3297300
2009-05-19,55.6,57.32,55.55,56.87,2932700
2009-05-20,57.16,57.96,56.91,57.17,2543300
2009-05-21,56.69,56.69,54.92,55.7,2200100
2009-05-22,55.79,56.4,55.15,55.7,1830100
2009-05-26,55.47,56.85,55.25,56.27,4603800
2009-05-27,56.37,56.94,55.69,55.72,2241900
2009-05-28,56.22,57.33,55.22,57.040001,2343400
2009-05-29,57.0099983,57.44,55.91,56.9,2361900
2009-06-01,57.28,59.45,57.27,59.31,2066200
2009-06-02,59.28,60.3,59.17,59.98,2116600
2009-06-03,59.8,59.97,58.0,58.59,2301000
2009-06-04,58.39,59.24,57.98,59.099998,2028200
2009-06-05,59.39,61.12,59.39,60.45,2769000
2009-06-08,60.029999,61.060001,59.42,60.46,2286100
2009-06-09,60.4,60.66,58.99,59.25,2818000
2009-06-10,59.8,60.040001,57.82,59.040001,2035400
2009-06-11,58.98,60.24,58.98,59.29,2023300
2009-06-12,59.17,60.029999,58.63,59.76,1535800
2009-06-15,59.049999,59.12,57.58,58.080002,1912300
2009-06-16,58.26,58.47,57.4,57.46,1850600
2009-06-17,57.31,58.040001,56.97,57.62,1456300
2009-06-18,57.73,58.54,57.43,58.21,1646700
2009-06-19,58.53,59.36,58.2,58.74,3212500
2009-06-22,58.42,58.42,57.25,57.45,2689900
2009-06-23,57.07,57.28,55.77,55.99,2377300
2009-06-24,56.17,56.45,54.32,54.54,2653500
2009-06-25,54.78,56.17,54.61,55.82,2511100
2009-06-26,55.76,55.97,55.099998,55.46,4419500
2009-06-29,55.51,57.24,55.27,57.0,2972200
2009-06-30,56.75,56.85,55.15,55.39,2412100
2009-07-01,55.63,56.23,55.36,55.68,1995000
2009-07-02,55.4,55.43,53.62,53.62,2066800
2009-07-06,53.5,53.98,53.18,53.93,1866200
2009-07-07,53.72,53.94,51.96,52.060001,2489200
2009-07-08,52.14,52.68,51.49,51.91,2331400
2009-07-09,51.97,52.21,51.32,51.54,1995500
2009-07-10,51.39,52.060001,51.21,51.59,1928900
2009-07-13,51.61,52.34,50.83,52.29,2474800
2009-07-14,52.46,53.29,51.99,53.099998,2188500
2009-07-15,53.53,54.18,53.32,54.14,1647800
2009-07-16,54.099998,55.0,54.02,54.76,2227800
2009-07-17,54.57,54.88,53.31,53.56,2331000
2009-07-20,53.89,54.51,53.23,54.47,1516300
2009-07-21,54.88,54.88,53.78,54.55,2301200
2009-07-22,54.4,54.6,53.78,54.0,2220600
2009-07-23,54.17,54.32,53.060001,53.71,3188200
2009-07-24,53.56,53.66,52.28,52.49,2811000
2009-07-27,51.9,52.49,49.85,51.89,7045600
2009-07-28,51.64,53.85,51.64,53.74,4056200
2009-07-29,53.54,54.9,53.0,54.55,3762300
2009-07-30,55.18,55.86,54.7,55.13,3081900
2009-07-31,55.21,55.94,54.77,55.39,2523700
2009-08-03,55.8,56.19,54.74,56.0,2207200
2009-08-04,55.92,56.61,55.63,56.5,1782400
2009-08-05,56.74,56.92,55.47,56.26,1924100
2009-08-06,56.33,56.67,55.67,56.44,1894000
2009-08-07,56.73,57.85,56.3,57.54,1811500
2009-08-10,57.22,57.49,56.45,56.81,1119700
2009-08-11,56.73,56.82,55.72,56.21,1350600
2009-08-12,56.049999,57.69,55.84,57.13,2114700
2009-08-13,57.36,57.36,56.42,57.080002,1879500
2009-08-14,56.98,57.22,55.83,56.24,1452200
2009-08-17,55.56,55.92,54.74,55.029999,1709300
2009-08-18,55.09,55.75,54.87,55.38,1843900
2009-08-19,55.13,55.85,55.029999,55.59,2130600
2009-08-20,55.68,56.049999,55.39,55.81,2220100
2009-08-21,56.13,58.68,56.099998,58.49,4204100
2009-08-24,58.78,58.98,58.33,58.74,1781400
2009-08-25,59.0099983,59.72,58.63,58.71,1903900
2009-08-26,58.74,58.86,57.87,58.73,2235400
2009-08-27,59.07,60.0,58.76,59.95,2480900
2009-08-28,60.17,60.17,59.34,59.77,2294100
2009-08-31,59.52,59.56,58.68,59.19,2078000
2009-09-01,59.15,59.73,58.11,58.6,1918700
2009-09-02,58.48,58.81,57.71,58.13,1838900
2009-09-03,58.4,58.83,57.36,58.8,2027600
2009-09-04,58.83,60.71,58.83,60.48,2680500
2009-09-08,61.02,63.22,60.85,62.91,5484500
2009-09-09,63.07,63.52,61.68,62.19,3066200
2009-09-10,62.3,62.73,61.42,62.53,2223700
2009-09-11,62.79,63.43,62.4,63.34,2066100
2009-09-14,63.2,63.2,62.43,63.099998,2028200
2009-09-15,63.2,63.26,62.75,63.13,1536500
2009-09-16,63.25,63.31,62.19,63.29,2109200
2009-09-17,63.029999,64.86,62.84,64.43,3226900
2009-09-18,64.58,64.85,63.88,64.61,2145200
2009-09-21,64.11,64.53,63.46,63.64,1936600
2009-09-22,63.87,64.24,63.49,63.86,2462100
2009-09-23,64.099998,64.11,63.099998,63.23,1951000
2009-09-24,63.41,63.41,61.93,62.28,2045200
2009-09-25,62.040001,63.11,61.81,62.99,3269800
2009-09-28,64.11,64.83,63.64,64.54,2310100
2009-09-29,64.57,65.16,64.16,64.47,2097000
2009-09-30,65.32,65.32,63.46,64.6,3301400
2009-10-01,64.4,64.74,63.099998,63.15,4136900
2009-10-02,62.78,63.3,62.63,63.080002,2935400
2009-10-05,64.62,65.0,63.76,64.77,3003200
2009-10-06,65.12,66.050003,65.0,65.92,2658700
2009-10-07,65.63,65.86,64.85,65.51,2513400
2009-10-08,65.98,66.080002,65.0,65.28,2545700
2009-10-09,65.25,66.16,65.010002,66.16,1397900
2009-10-12,66.27,66.47,65.26,65.61,1077700
2009-10-13,65.37,65.9,65.11,65.59,1487900
2009-10-14,66.29,67.040001,65.67,66.85,1711600
2009-10-15,66.76,67.44,66.54,67.32,1876600
2009-10-16,67.019997,67.9,66.53,67.75,2483800
2009-10-19,67.9,68.84,67.67,68.7,2084000
2009-10-20,68.32,68.37,67.040001,67.63,2589200
2009-10-21,67.68,68.4,66.62,66.7,1712700
2009-10-22,66.75,67.82,66.65,67.75,1852900
2009-10-23,67.99,67.99,66.21,66.6,1698600
2009-10-26,66.66,67.72,65.82,65.96,2450600
2009-10-27,66.050003,67.080002,65.69,65.78,2714000
2009-10-28,64.98,65.93,64.22,64.3,3720600
2009-10-29,64.56,64.86,62.78,63.65,3213500
2009-10-30,63.43,64.17,62.6,62.7,3082200
2009-11-02,62.71,63.75,62.52,63.02,1870400
2009-11-03,62.98,63.17,62.19,62.55,2254000
2009-11-04,64.13,65.15,63.36,63.85,3386000
2009-11-05,64.059998,65.92,64.059998,65.39,2114000
2009-11-06,65.25,65.82,64.77,65.58,1677800
2009-11-09,65.9,67.41,65.82,67.31,1702300
2009-11-10,67.040001,67.59,66.38,66.56,1868700
2009-11-11,66.9,67.52,66.8,66.97,1637300
2009-11-12,66.83,67.72,66.54,66.72,1202500
2009-11-13,66.77,68.0,66.58,67.68,1257200
2009-11-16,67.86,68.74,67.64,68.21,2088200
2009-11-17,68.26,68.26,67.59,67.94,1040200
2009-11-18,67.92,68.059998,67.099998,67.34,1481300
2009-11-19,67.15,67.15,65.84,66.38,1667700
2009-11-20,66.23,66.7,65.96,66.47,1860200
2009-11-23,66.87,67.7,66.77,67.52,1171300
2009-11-24,67.42,67.52,66.75,67.32,1314700
2009-11-25,67.45,68.3,66.88,68.13,1584600
2009-11-27,66.95,67.54,66.19,67.080002,1064700
2009-11-30,67.25,67.25,65.46,65.9,2847000
2009-12-01,66.49,67.46,66.23,67.14,1850300
2009-12-02,67.29,67.73,66.84,67.089996,1893200
2009-12-03,67.36,67.73,66.68,66.78,1399700
2009-12-04,67.16,68.43,66.76,67.54,1717500
2009-12-07,67.55,68.21,67.49,67.88,1107600
2009-12-08,67.61,68.15,66.83,67.82,1959400
2009-12-09,67.96,67.96,66.94,67.9,1860300
2009-12-10,68.019997,68.68,67.86,68.010002,1070500
2009-12-11,68.050003,69.17,68.010002,69.010002,1508400
2009-12-14,69.32,70.84,69.21,70.66,2569600
2009-12-15,70.4,70.58,69.48,69.67,2158600
2009-12-16,69.82,70.040001,68.85,69.45,2095100
2009-12-17,69.050003,69.32,68.4,68.51,1242100
2009-12-18,68.78,68.93,67.75,68.24,2328100
2009-12-21,68.51,69.07,68.39,68.59,1106800
2009-12-22,68.59,68.95,68.029999,68.2,1328800
2009-12-23,68.4,68.65,67.76,68.2,1143500
2009-12-24,68.15,68.47,68.029999,68.34,446900
2009-12-28,68.51,68.94,68.27,68.57,715700
2009-12-29,68.88,69.11,68.52,68.55,919200
2009-12-30,68.53,68.93,68.31,68.7,827100
2009-12-31,68.89,68.97,68.099998,68.17,1215100
2010-01-04,68.51,69.19,68.17,69.19,1198500
2010-01-05,69.29,69.78,68.81,69.3,1535400
2010-01-06,69.029999,69.36,68.75,69.24,1149700
2010-01-07,69.089996,69.5,68.73,69.44,1262300
2010-01-08,69.43,69.7,68.91,69.44,1582000
2010-01-11,69.83,70.75,69.66,70.73,1508400
2010-01-12,70.27,70.65,69.85,70.3,1677200
2010-01-13,70.17,71.49,69.96,71.07,1797800
2010-01-14,70.87,71.24,70.31,71.099998,2332600
2010-01-15,71.080002,71.080002,69.85,70.61,1829400
2010-01-19,70.49,70.83,70.019997,70.69,1498700
2010-01-20,70.12,70.29,68.35,69.36,2193500
2010-01-21,69.27,69.72,67.73,68.14,1984500
2010-01-22,68.099998,68.77,66.94,67.019997,1868300
2010-01-25,68.68,69.040001,67.85,67.86,1781100
2010-01-26,67.57,69.4,67.43,68.72,2618400
2010-01-27,68.75,68.75,65.92,67.23,3839500
2010-01-28,67.61,68.25,67.040001,67.6,1839000
2010-01-29,67.41,67.73,66.72,66.85,2268400
2010-02-01,67.22,69.58,66.79,69.43,3613300
2010-02-02,69.43,70.21,68.66,70.029999,3599700
2010-02-03,69.82,70.39,69.51,70.12,1902400
2010-02-04,69.64,69.98,68.059998,68.16,2995400
2010-02-05,68.07,68.38,65.3,66.66,4387600
2010-02-08,66.72,67.53,65.91,66.35,2017100
2010-02-09,66.95,68.56,66.55,68.040001,2008500
2010-02-10,68.050003,68.34,67.42,67.64,2704100
2010-02-11,67.46,67.85,66.55,67.8,2978000
2010-02-12,67.33,68.28,66.38,67.95,2433400
2010-02-16,68.37,69.85,68.13,69.85,2745100
2010-02-17,69.76,70.099998,69.099998,70.099998,2284400
2010-02-18,69.86,71.99,69.59,71.78,2692800
2010-02-19,71.64,73.099998,71.43,72.61,2474900
2010-02-22,72.62,72.97,71.74,72.57,1753900
2010-02-23,72.28,72.88,71.53,71.81,1747700
2010-02-24,71.83,72.74,71.71,72.6,1220500
2010-02-25,72.099998,72.24,70.81,72.2,1651400
2010-02-26,72.39,72.74,71.59,72.55,1504200
2010-03-01,72.54,74.13,72.54,73.91,2384900
2010-03-02,74.65,74.65,73.41,73.98,2203000
2010-03-03,74.25,74.33,72.65,72.83,3344600
2010-03-04,71.95,73.040001,71.089996,72.94,3061300
2010-03-05,72.88,73.78,72.53,73.73,2350000
2010-03-08,73.4,73.92,73.099998,73.65,1766500
2010-03-09,73.38,74.089996,72.65,73.68,1363000
2010-03-10,73.47,74.31,73.38,73.94,1903600
2010-03-11,73.5,74.22,72.75,74.15,2017000
2010-03-12,74.15,74.15,73.010002,73.76,1587400
2010-03-15,73.72,73.74,72.96,73.66,1620400
2010-03-16,73.67,73.98,73.26,73.71,1380500
2010-03-17,73.91,75.0,73.59,74.98,2250100
2010-03-18,74.86,75.5,74.79,75.24,2430200
2010-03-19,75.49,76.24,75.24,75.49,2438000
2010-03-22,75.23,75.82,74.59,75.66,1340200
2010-03-23,75.88,76.96,75.79,76.94,1818800
2010-03-24,76.74,76.76,75.6,75.74,1476100
2010-03-25,76.34,76.96,75.73,76.22,2168100
2010-03-26,76.5,77.050003,76.15,76.92,1644700
2010-03-29,77.35,78.62,77.17,78.48,3168600
2010-03-30,78.48,78.48,77.07,77.49,2199000
2010-03-31,77.34,77.79,76.98,77.2,2131100
2010-04-01,77.53,78.33,77.37,77.91,1285500
2010-04-05,78.47,78.96,77.74,78.23,1299200
2010-04-06,77.7,77.97,76.74,77.41,3102500
2010-04-07,76.97,77.19,76.32,76.47,1958100
2010-04-08,76.2,77.13,75.94,76.81,1221600
2010-04-09,77.080002,77.58,76.68,77.54,1094000
2010-04-12,77.54,78.18,77.14,77.3,1061600
2010-04-13,77.35,77.35,76.07,76.85,1858000
2010-04-14,76.87,76.97,76.3,76.71,2395100
2010-04-15,76.43,77.059998,76.19,76.46,2439500
2010-04-16,76.22,76.95,75.53,76.040001,2426200
2010-04-19,75.94,76.32,75.61,76.14,1927400
2010-04-20,76.34,77.059998,76.19,76.94,1704700
2010-04-21,77.019997,78.24,76.75,78.050003,2041300
2010-04-22,77.56,78.3,76.6,78.21,2048200
2010-04-23,78.28,78.64,77.57,78.6,1803500
2010-04-26,78.38,79.0,78.26,78.67,1629600
2010-04-27,78.5,78.7,76.52,76.56,2750300
2010-04-28,76.72,77.35,75.95,76.98,2124400
2010-04-29,77.55,78.099998,76.58,77.96,1523000
2010-04-30,78.12,78.33,76.33,76.36,1563400
2010-05-03,76.83,77.58,76.36,77.55,1365300
2010-05-04,76.81,76.81,74.72,75.28,1830300
2010-05-05,74.65,75.61,74.32,74.96,1602700
2010-05-06,74.52,75.23,64.58,72.059998,3256400
2010-05-07,72.099998,72.099998,69.46,70.5,4081500
2010-05-10,73.0,74.25,71.43,73.11,3488500
2010-05-11,72.68,73.54,72.13,72.65,2276600
2010-05-12,72.97,74.47,72.78,74.089996,1418700
2010-05-13,74.029999,74.39,72.88,72.96,1319900
2010-05-14,72.3,72.67,70.9,71.71,1824000
2010-05-17,72.040001,72.32,70.34,71.77,1646100
2010-05-18,71.81,72.34,70.44,70.55,1556400
2010-05-19,70.14,70.35,68.55,69.68,1979100
2010-05-20,68.22,68.26,66.3,66.3,2909700
2010-05-21,65.39,67.68,64.9,67.45,2487200
2010-05-24,67.28,67.28,65.88,65.96,2056800
2010-05-25,64.059998,66.16,64.0,66.040001,2136200
2010-05-26,66.52,67.45,66.18,66.38,2165000
2010-05-27,67.2,68.48,67.17,68.48,1560900
2010-05-28,68.49,68.69,67.52,67.9,1991500
2010-06-01,67.0,68.42,66.73,66.74,1745100
2010-06-02,67.17,67.99,65.95,67.92,2028700
2010-06-03,68.2,69.099998,67.65,68.07,2219600
2010-06-04,67.059998,67.059998,64.95,65.18,2969000
2010-06-07,65.32,65.32,61.97,62.080002,5017400
2010-06-08,62.099998,62.93,61.79,62.65,4364500
2010-06-09,62.79,63.84,62.33,62.55,1994100
2010-06-10,63.3,64.24,63.24,64.07,2472800
2010-06-11,63.41,64.7,62.95,64.58,1782400
2010-06-14,65.13,65.41,64.15,64.31,1728900
2010-06-15,64.89,66.67,64.65,66.62,1950900
2010-06-16,66.099998,66.61,65.87,66.29,1551800
2010-06-17,66.22,66.55,65.44,66.31,1770700
2010-06-18,66.42,67.089996,66.42,66.9,3334200
2010-06-21,67.98,68.080002,66.45,66.78,2187700
2010-06-22,67.11,67.35,65.31,65.45,1825900
2010-06-23,65.55,65.63,64.010002,64.89,2771700
2010-06-24,64.67,65.099998,63.14,63.25,2864700
2010-06-25,63.35,63.68,62.31,63.22,3015700
2010-06-28,63.42,63.42,62.16,62.26,2861600
2010-06-29,61.33,61.57,59.2,59.43,4487800
2010-06-30,58.92,59.69,58.47,58.56,3261300
2010-07-01,58.61,58.84,57.68,58.5,2983600
2010-07-02,58.79,59.25,58.3,58.7,2281100
2010-07-06,59.080002,59.71,58.12,58.64,2539700
2010-07-07,58.87,60.27,58.58,60.22,3237600
2010-07-08,60.58,61.080002,60.31,60.97,1790500
2010-07-09,60.78,60.86,60.0,60.84,1299300
2010-07-12,60.34,60.43,59.52,59.87,1869200
2010-07-13,60.42,60.83,60.07,60.56,1946100
2010-07-14,60.26,61.61,60.16,61.61,2813900
2010-07-15,61.6,61.83,60.45,61.47,2131100
2010-07-16,60.97,61.29,58.75,58.9,2316800
2010-07-19,58.84,59.040001,58.2,58.6,2013400
2010-07-20,57.91,59.22,56.93,59.21,3230100
2010-07-21,59.53,60.44,59.0,59.28,2485900
2010-07-22,59.9,61.4,59.9,61.029999,1922800
2010-07-23,60.98,61.87,60.48,61.29,2056600
2010-07-26,61.31,63.080002,61.29,62.49,1486700
2010-07-27,62.57,62.74,61.7,61.77,1821900
2010-07-28,61.52,62.57,61.22,61.8,2405600
2010-07-29,62.3,62.69,61.029999,61.73,1852100
2010-07-30,60.99,61.52,60.58,61.25,2805900
2010-08-02,62.060001,63.15,61.74,62.91,2149800
2010-08-03,62.61,63.2,62.44,62.67,1561400
2010-08-04,62.93,63.46,62.72,63.34,1584500
2010-08-05,63.07,63.79,62.89,63.77,1617000
2010-08-06,63.28,64.019997,62.97,63.78,2403300
2010-08-09,64.050003,64.4,63.87,64.32,1192700
2010-08-10,63.63,64.44,63.09,64.089996,2083600
2010-08-11,63.17,63.18,61.02,61.32,2317600
2010-08-12,60.28,61.02,60.21,60.72,2083400
2010-08-13,60.52,61.16,60.4,60.67,1895100
2010-08-16,60.27,60.7,59.75,60.42,1551100
2010-08-17,61.099998,62.79,61.029999,62.34,2721300
2010-08-18,62.55,62.67,62.0,62.49,1825200
2010-08-19,62.31,62.35,60.39,60.62,2418900
2010-08-20,60.17,60.51,59.71,60.23,2368000
2010-08-23,60.14,60.36,59.24,59.33,1987600
2010-08-24,58.45,58.79,57.62,57.87,2138400
2010-08-25,57.51,57.71,56.27,56.99,4329000
2010-08-26,57.15,57.72,56.65,56.83,2066100
2010-08-27,56.59,57.41,55.46,57.37,2812500
2010-08-30,57.13,57.53,56.52,56.57,2045800
2010-08-31,56.26,56.43,55.68,55.87,2418800
2010-09-01,56.7,58.0,56.23,57.78,1940100
2010-09-02,58.14,58.96,57.81,58.95,2034900
2010-09-03,59.54,59.99,59.25,59.72,1639300
2010-09-07,59.24,59.3,57.72,58.49,2226000
2010-09-08,58.8,59.85,58.59,59.49,2807400
2010-09-09,60.0,60.42,59.26,59.82,1839700
2010-09-10,60.11,61.25,59.85,61.13,2462300
2010-09-13,61.76,62.88,61.76,62.18,2813200
2010-09-14,61.94,62.07,61.15,61.46,2156100
2010-09-15,61.02,61.3,60.53,61.27,2314000
2010-09-16,61.17,61.37,60.87,61.31,1887000
2010-09-17,61.52,62.81,61.44,62.69,3122300
2010-09-20,63.11,63.73,62.35,63.63,1824500
2010-09-21,63.61,64.21,63.25,63.61,1347600
2010-09-22,63.63,63.92,62.58,62.87,1642900
2010-09-23,62.34,62.85,61.86,61.98,1484800
2010-09-24,62.55,63.75,62.55,63.68,1270400
2010-09-27,63.83,63.96,63.02,63.13,1288500
2010-09-28,63.25,63.35,62.23,63.27,2395700
2010-09-29,62.97,63.19,62.35,63.060001,2165700
2010-09-30,63.49,64.6,62.62,62.81,2454000
2010-10-01,63.33,63.43,62.38,62.46,1756900
2010-10-04,62.42,62.73,61.51,61.75,1935500
2010-10-05,62.39,63.48,61.89,63.41,2735600
2010-10-06,63.14,63.77,63.02,63.64,2134800
2010-10-07,63.81,64.029999,62.8,63.13,1519500
2010-10-08,63.14,63.65,62.69,63.37,1454000
2010-10-11,63.48,63.53,62.99,63.13,790100
2010-10-12,62.97,63.57,62.13,63.37,1415800
2010-10-13,63.58,64.52,63.58,64.059998,1554200
2010-10-14,64.12,64.2,62.92,63.17,1760200
2010-10-15,63.5,64.050003,62.9,63.93,2961800
2010-10-18,63.94,64.48,63.55,64.37,1271700
2010-10-19,63.45,63.67,62.17,62.96,2166700
2010-10-20,63.26,64.35,63.23,63.83,1795000
2010-10-21,64.17,65.16,64.17,64.55,1741500
2010-10-22,64.54,64.73,64.040001,64.5,1218900
2010-10-25,65.11,65.13,63.99,64.059998,1762900
2010-10-26,63.83,64.43,63.43,64.089996,2025500
2010-10-27,64.24,65.53,63.48,65.42,3872300
2010-10-28,66.32,67.88,66.019997,67.78,5072000
2010-10-29,67.39,68.13,67.29,68.12,3459400
2010-11-01,68.33,68.85,67.31,67.86,1852400
2010-11-02,68.54,69.099998,67.98,67.99,2069700
2010-11-03,68.21,68.77,67.27,67.95,2405600
2010-11-04,68.81,69.3,68.25,69.17,2283900
2010-11-05,69.099998,69.97,68.9,69.66,1778300
2010-11-08,69.14,69.8,68.96,69.4,1342900
2010-11-09,69.53,69.61,68.9,69.2,1714000
2010-11-10,69.059998,69.099998,67.98,68.21,1632100
2010-11-11,67.72,68.0,67.080002,67.42,1976300
2010-11-12,67.059998,67.18,66.25,66.5,1752400
2010-11-15,66.59,67.19,66.22,66.55,1278200
2010-11-16,66.040001,66.38,65.080002,65.54,2031300
2010-11-17,65.59,65.73,64.83,65.39,1722100
2010-11-18,65.92,67.059998,65.44,67.050003,2321900
2010-11-19,67.089996,67.22,66.24,66.6,1654900
2010-11-22,66.3,66.6,65.57,66.26,1482000
2010-11-23,65.63,66.62,65.48,66.48,1896600
2010-11-24,66.78,68.47,66.78,68.019997,1924100
2010-11-26,67.4,67.7,66.84,67.12,555800
2010-11-29,66.51,66.52,65.050003,66.31,2452500
2010-11-30,65.82,66.59,65.44,66.089996,2141900
2010-12-01,67.029999,67.81,67.029999,67.62,1712900
2010-12-02,67.85,68.4,67.38,67.8,2093800
2010-12-03,67.56,67.87,67.28,67.58,1844400
2010-12-06,67.59,67.8,66.96,67.63,1998400
2010-12-07,68.33,69.13,68.13,68.73,2380900
2010-12-08,68.72,68.77,67.92,68.47,1532700
2010-12-09,68.91,69.18,67.96,68.89,2334000
2010-12-10,68.91,69.73,68.78,69.56,1982900
2010-12-13,69.71,69.84,68.53,69.4,2564000
2010-12-14,69.18,70.39,69.18,69.98,2731000
2010-12-15,69.7,69.98,69.26,69.35,1685800
2010-12-16,69.76,70.49,69.31,70.42,1685600
2010-12-17,70.32,70.5,69.73,70.28,2935600
2010-12-20,70.39,70.47,69.63,70.010002,1714700
2010-12-21,70.18,70.72,70.010002,70.19,1255900
2010-12-22,70.51,70.53,70.099998,70.53,915700
2010-12-23,70.37,71.34,70.31,71.019997,1226000
2010-12-27,70.83,71.33,70.52,71.099998,1074900
2010-12-28,71.11,71.24,70.44,71.019997,1305800
2010-12-29,71.11,71.44,70.77,70.83,1397600
2010-12-30,70.54,71.11,70.32,70.77,1385400
2010-12-31,70.6,71.33,70.24,70.96,1454900
2011-01-03,70.26,70.57,69.87,69.97,2769300
2011-01-04,70.23,70.42,69.45,70.29,2362800
2011-01-05,69.96,70.82,69.84,70.61,2379900
2011-01-06,70.44,71.99,70.2,71.39,2030800
2011-01-07,71.74,72.3,71.4,72.010002,3318200
2011-01-10,71.75,71.75,70.86,71.18,1910000
2011-01-11,71.45,71.78,71.019997,71.25,1902600
2011-01-12,71.52,71.9,71.059998,71.16,1187700
2011-01-13,71.85,72.15,71.44,71.78,2041300
2011-01-14,71.67,72.28,71.22,72.18,1529000
2011-01-18,72.38,73.040001,71.61,72.73,3287800
2011-01-19,72.16,72.67,71.86,72.67,2221100
2011-01-20,72.49,73.47,72.47,73.45,2407700
2011-01-21,73.7,73.86,72.88,72.97,1884600
2011-01-24,72.46,73.089996,72.27,72.74,1570400
2011-01-25,72.68,74.28,72.58,74.17,2882000
2011-01-26,74.2,75.19,72.92,74.64,3572900
2011-01-27,74.6,76.5,74.6,76.2,3116400
2011-01-28,76.050003,76.2,73.85,74.13,2331000
2011-01-31,74.25,75.41,74.16,75.4,2152400
2011-02-01,75.49,76.13,75.059998,76.029999,1233900
2011-02-02,75.83,76.75,75.77,76.080002,1664900
2011-02-03,76.44,76.44,75.32,75.66,1438500
2011-02-04,75.86,75.98,75.29,75.62,1319900
2011-02-07,75.93,76.49,75.72,76.44,1409500
2011-02-08,77.040001,77.96,76.64,77.85,1981000
2011-02-09,77.58,78.21,77.18,77.9,1711600
2011-02-10,77.89,77.9,77.050003,77.26,2082900
2011-02-11,77.080002,77.72,76.59,77.45,1332100
2011-02-14,77.59,77.65,76.5,76.87,1329800
2011-02-15,76.41,77.72,76.080002,77.62,1864500
2011-02-16,77.7,77.8,76.22,77.050003,1458400
2011-02-17,76.77,77.51,76.57,77.3,962300
2011-02-18,77.85,78.27,77.69,78.11,1971300
2011-02-22,77.3,77.34,75.95,76.22,1371300
2011-02-23,76.040001,76.73,74.89,75.45,1683900
2011-02-24,75.54,76.45,75.13,76.11,1606600
2011-02-25,76.29,76.8,75.56,75.94,1320000
2011-02-28,76.27,76.79,75.93,76.12,2031200
2011-03-01,76.35,76.87,74.9,75.07,1779500
2011-03-02,74.74,75.44,74.18,75.11,1825200
2011-03-03,75.86,78.12,75.86,77.66,2069300
2011-03-04,76.13,76.6,74.88,76.32,3654400
2011-03-07,76.42,77.0,75.07,75.45,1941300
2011-03-08,75.54,76.88,75.48,76.56,1479600
2011-03-09,76.32,77.010002,75.81,76.98,1529800
2011-03-10,76.16,76.29,75.16,75.35,1478000
2011-03-11,75.55,76.66,74.37,76.13,1899900
2011-03-14,75.43,75.93,74.65,75.48,1372500
2011-03-15,73.51,75.28,73.31,74.83,2311400
2011-03-16,74.77,74.83,73.22,73.75,3142400
2011-03-17,75.0,75.39,73.57,73.96,2936100
2011-03-18,75.15,75.28,73.74,74.38,4492100
2011-03-21,75.029999,76.44,74.96,75.71,1397800
2011-03-22,75.83,76.28,75.67,76.040001,1375100
2011-03-23,76.029999,76.62,75.64,76.23,1185900
2011-03-24,76.56,76.98,76.010002,76.85,1006600
2011-03-25,76.93,77.14,76.34,76.51,1166500
2011-03-28,76.59,76.74,75.72,75.93,1570100
2011-03-29,75.91,76.5,75.56,76.27,1270900
2011-03-30,76.71,76.71,75.52,76.0,1876700
2011-03-31,75.83,76.99,75.7,76.56,1646100
2011-04-01,76.83,78.0,76.73,77.42,1700300
2011-04-04,74.7,74.7,72.12,73.37,11382300
2011-04-05,73.25,74.89,73.019997,74.6,3090000
2011-04-06,74.68,74.88,74.099998,74.74,2022400
2011-04-07,74.66,75.2,74.27,74.95,1703500
2011-04-08,75.24,75.37,74.27,74.51,1660000
2011-04-11,74.44,74.76,73.56,73.75,2040800
2011-04-12,73.47,73.59,72.63,72.92,1756400
2011-04-13,73.32,73.44,70.98,71.81,2997300
2011-04-14,71.44,71.8,70.93,71.46,2316100
2011-04-15,71.81,72.38,71.14,71.88,1994400
2011-04-18,71.010002,71.19,70.47,70.79,2118100
2011-04-19,71.0,71.43,70.85,71.059998,1443000
2011-04-20,71.83,72.73,71.28,72.37,1424000
2011-04-21,72.86,72.86,72.15,72.25,1058800
2011-04-25,72.35,72.51,71.95,72.14,944700
2011-04-26,72.56,73.15,72.25,72.64,1800000
2011-04-27,72.92,73.64,72.26,72.72,1669200
2011-04-28,72.42,72.55,70.54,71.55,3576700
2011-04-29,71.76,72.95,71.73,72.82,2066900
2011-05-02,73.15,74.25,73.059998,73.59,2571000
2011-05-03,73.42,74.45,73.17,74.31,1884600
2011-05-04,74.4,74.86,73.64,73.71,2645600
2011-05-05,73.36,74.59,73.040001,73.69,2601600
2011-05-06,74.51,74.8,73.93,74.44,2408900
2011-05-09,74.33,75.07,74.059998,74.57,1381300
2011-05-10,74.17,74.8,73.78,74.49,1966500
2011-05-11,74.32,74.97,74.16,74.74,1579000
2011-05-12,74.61,75.29,74.33,74.81,1155200
2011-05-13,74.74,74.99,73.73,74.37,1879600
2011-05-16,74.22,74.63,73.66,74.24,1388300
2011-05-17,73.98,74.34,72.86,73.5,1586500
2011-05-18,73.74,74.3,73.27,74.0,1403900
2011-05-19,74.53,74.98,73.76,73.88,2009300
2011-05-20,73.8,73.89,72.86,73.029999,1833400
2011-05-23,72.22,72.77,71.38,71.39,2498000
2011-05-24,71.54,71.96,70.8,70.95,2774700
2011-05-25,70.8,70.8,70.17,70.53,2721300
2011-05-26,70.29,70.61,69.83,70.2,2005500
2011-05-27,70.53,71.54,70.46,71.26,2903000
2011-05-31,73.19,74.68,72.77,74.22,5001600
2011-06-01,73.83,74.14,71.79,71.8,2946500
2011-06-02,71.97,72.5,71.35,71.42,2423400
2011-06-03,70.53,70.86,70.040001,70.6,2751300
2011-06-06,70.41,71.11,70.32,70.7,2139900
2011-06-07,71.050003,71.15,70.59,70.66,2269800
2011-06-08,70.63,70.85,70.040001,70.4,2010400
2011-06-09,70.68,70.94,70.059998,70.49,1547100
2011-06-10,70.17,70.64,69.2,69.37,2812100
2011-06-13,69.69,69.88,69.23,69.64,1929700
2011-06-14,70.33,70.82,70.3,70.44,1634300
2011-06-15,69.98,71.07,69.95,70.85,3247600
2011-06-16,71.080002,72.050003,70.85,71.28,1771800
2011-06-17,71.88,72.55,71.48,71.67,1672700
2011-06-20,71.27,72.88,71.22,72.77,1744000
2011-06-21,73.019997,73.74,73.019997,73.4,1627800
2011-06-22,73.080002,74.050003,73.010002,73.36,1842600
2011-06-23,72.46,73.0,72.0,72.9,2211500
2011-06-24,72.88,73.2,72.059998,72.29,2355400
2011-06-27,72.47,73.48,72.2,73.26,1644600
2011-06-28,73.46,74.040001,73.3,73.74,1487500
2011-06-29,73.82,73.99,73.46,73.9,1527800
2011-06-30,74.089996,74.98,73.83,74.52,1481300
2011-07-01,74.44,75.93,74.34,75.81,1454400
2011-07-05,75.54,75.81,74.42,74.9,1883200
2011-07-06,75.029999,75.33,74.49,74.63,1593100
2011-07-07,75.43,75.64,74.5,75.6,2238000
2011-07-08,75.050003,75.050003,74.3,74.66,1978400
2011-07-11,73.9,74.38,73.58,73.74,1612200
2011-07-12,73.52,73.88,72.9,72.98,1505200
2011-07-13,73.4,73.68,72.41,72.65,1321200
2011-07-14,72.73,72.74,71.2,71.37,2359900
2011-07-15,71.48,71.48,69.7,70.36,2593400
2011-07-18,69.95,70.13,69.029999,69.46,1773300
2011-07-19,69.85,70.029999,69.39,69.93,2070600
2011-07-20,70.62,70.85,69.66,69.94,2723000
2011-07-21,70.26,71.92,70.07,71.57,1822300
2011-07-22,71.61,71.61,70.72,70.8,1550800
2011-07-25,70.48,71.5,70.080002,71.15,2185100
2011-07-26,70.92,71.089996,70.27,70.32,1672200
2011-07-27,71.019997,71.040001,68.16,68.63,3072500
2011-07-28,68.54,69.67,67.66,67.75,2606400
2011-07-29,67.37,68.63,66.56,68.14,2525200
2011-08-01,68.45,68.45,66.34,67.51,4057800
2011-08-02,67.14,68.050003,66.16,66.16,3024900
2011-08-03,66.089996,66.5,64.73,65.9,2686000
2011-08-04,64.62,65.13,63.17,63.22,3974000
2011-08-05,64.059998,64.88,62.66,64.44,4895200
2011-08-08,62.88,63.72,60.78,60.8,5830400
2011-08-09,60.78,62.56,58.12,62.42,7067800
2011-08-10,61.17,61.17,58.21,58.38,4580800
2011-08-11,58.65,62.34,58.58,61.51,3805200
2011-08-12,62.12,62.24,60.82,61.18,3947800
2011-08-15,61.84,62.83,61.63,62.77,2338200
2011-08-16,61.47,62.5,61.23,62.040001,1756000
2011-08-17,62.3,62.58,61.040001,61.88,2461500
2011-08-18,59.89,60.09,57.75,58.23,3686300
2011-08-19,57.46,58.86,57.39,57.47,3800900
2011-08-22,58.57,58.9,57.9,58.2,2636800
2011-08-23,58.39,59.51,58.0,59.51,2238700
2011-08-24,59.48,61.12,59.34,61.0,1758400
2011-08-25,61.32,61.69,59.79,60.0,1826700
2011-08-26,59.62,61.49,58.71,61.28,1987300
2011-08-29,61.95,63.049999,61.88,63.0099983,1382600
2011-08-30,62.96,64.29,62.3,63.95,2115900
2011-08-31,64.43,64.89,63.46,64.080002,1744900
2011-09-01,64.080002,64.66,62.92,63.099998,1657300
2011-09-02,62.060001,62.060001,60.74,60.94,2223500
2011-09-06,59.27,60.41,58.72,60.3,2616800
2011-09-07,61.12,61.85,60.61,61.35,2647500
2011-09-08,60.65,61.63,60.3,60.4,2276900
2011-09-09,59.56,59.79,58.4,59.0,2599200
2011-09-12,58.59,58.95,57.77,58.9,2698400
2011-09-13,58.97,60.0099983,58.45,58.99,2523000
2011-09-14,59.33,60.66,57.94,59.86,3188500
2011-09-15,60.23,61.44,60.21,61.22,2426700
2011-09-16,61.75,61.75,60.2,60.6,4340900
2011-09-19,59.67,60.4,59.3,60.17,2474900
2011-09-20,60.43,60.65,59.5,59.55,2007000
2011-09-21,59.8,59.92,57.22,57.27,2595100
2011-09-22,56.080002,56.2,55.27,55.87,3434000
2011-09-23,53.97,56.69,53.95,55.92,2845400
2011-09-26,56.49,57.45,56.049999,56.85,2866500
2011-09-27,57.59,59.16,57.59,58.29,2511700
2011-09-28,58.37,58.95,57.35,57.44,2081200
2011-09-29,58.38,59.24,57.09,58.18,1766700
2011-09-30,57.45,58.36,56.88,56.89,2432100
2011-10-03,56.85,57.72,55.6,55.67,2220900
2011-10-04,55.02,57.2,54.72,57.11,3300000
2011-10-05,56.78,57.84,56.4,57.71,2513500
2011-10-06,57.85,58.97,57.57,58.95,1507100
2011-10-07,59.44,60.29,58.96,59.55,2423800
2011-10-10,60.56,61.68,60.56,61.68,1585400
2011-10-11,61.19,61.79,61.14,61.48,1769800
2011-10-12,62.040001,63.22,61.74,62.52,1771900
2011-10-13,61.9,62.049999,60.91,61.81,1325500
2011-10-14,62.58,62.74,61.59,62.040001,1630900
2011-10-17,61.86,62.31,60.79,60.93,1736000
2011-10-18,61.02,63.28,60.35,62.64,1969300
2011-10-19,62.7,63.25,62.35,62.47,1809300
2011-10-20,62.63,63.46,61.81,63.15,1996900
2011-10-21,63.6,65.33,63.58,65.32,3229700
2011-10-24,65.28,65.91,64.95,65.63,1865700
2011-10-25,65.24,66.080002,64.6,65.26,2382600
2011-10-26,66.42,66.42,63.56,63.89,4161900
2011-10-27,65.56,66.17,64.32,65.61,2695100
2011-10-28,65.53,66.25,65.029999,65.47,2010100
2011-10-31,64.97,65.53,64.19,64.19,2022500
2011-11-01,62.79,63.2,60.79,61.43,2959900
2011-11-02,62.44,62.62,61.77,61.95,2760300
2011-11-03,62.47,63.97,62.47,63.63,2589200
2011-11-04,63.15,63.53,62.47,63.45,1291900
2011-11-07,63.25,64.28,62.85,64.2,1341600
2011-11-08,64.69,65.17,63.84,65.13,1712500
2011-11-09,63.65,63.89,62.72,62.96,1932300
2011-11-10,63.9,63.97,62.94,63.38,1822500
2011-11-11,64.3,65.88,64.3,65.72,1874700
2011-11-14,65.5,66.38,65.12,65.31,1676700
2011-11-15,65.3,66.35,64.84,65.99,1408500
2011-11-16,65.36,65.59,64.76,65.019997,2504000
2011-11-17,64.83,64.83,62.89,63.42,1714700
2011-11-18,64.13,64.13,63.0099983,63.84,2046600
2011-11-21,62.84,63.31,61.28,63.07,2679200
2011-11-22,63.13,63.82,62.15,63.62,3633300
2011-11-23,62.72,62.75,60.6,60.64,2923200
2011-11-25,60.77,62.15,60.75,61.13,913100
2011-11-28,63.9,64.35,63.24,64.059998,2506900
2011-11-29,64.35,64.55,63.75,63.89,1935700
2011-11-30,65.85,66.38,65.52,66.059998,3294800
2011-12-01,66.07,66.95,65.98,66.5,1428200
2011-12-02,66.87,67.36,65.63,65.72,2176900
2011-12-05,66.83,66.88,65.33,65.65,2105500
2011-12-06,65.71,66.34,65.53,65.86,1403500
2011-12-07,65.2,66.040001,64.7,65.66,1344600
2011-12-08,65.41,65.77,63.98,64.15,1694400
2011-12-09,64.63,65.28,64.52,65.07,1775400
2011-12-12,64.59,64.97,63.55,64.010002,1154800
2011-12-13,64.51,64.95,63.19,63.5,1404400
2011-12-14,63.39,63.76,63.11,63.21,1197400
2011-12-15,63.92,64.11,63.15,63.3,1576200
2011-12-16,63.38,64.39,62.6,63.2,2748400
2011-12-19,63.049999,63.89,62.31,62.46,1140700
2011-12-20,63.43,65.13,63.42,64.84,1481700
2011-12-21,64.8,64.98,64.059998,64.78,1509100
2011-12-22,64.98,66.36,64.71,66.14,1186500
2011-12-23,66.22,66.57,65.57,66.36,883000
2011-12-27,66.39,66.79,66.0,66.56,651500
2011-12-28,66.58,66.88,65.7,65.95,1137100
2011-12-29,66.22,67.019997,66.010002,66.92,1091300
2011-12-30,67.010002,67.29,66.4,66.41,1008300
2012-01-03,67.97,68.57,67.84,68.0,1683500
2012-01-04,68.57,68.99,67.89,68.12,1880800
2012-01-05,67.75,67.81,66.76,67.4,1677800
2012-01-06,67.6,67.76,67.18,67.62,1788100
2012-01-09,67.83,68.48,67.29,68.37,2064900
2012-01-10,69.7,70.44,68.99,69.93,2779500
2012-01-11,69.54,70.19,69.45,70.089996,1282700
2012-01-12,70.27,71.089996,70.050003,70.94,4528500
2012-01-13,70.24,70.97,70.010002,70.6,3780300
2012-01-17,71.3,71.83,71.3,71.45,2438400
2012-01-18,70.98,71.69,70.79,71.62,1779600
2012-01-19,71.84,72.44,71.55,72.21,1267700
2012-01-20,72.33,72.66,71.77,72.47,1984600
2012-01-23,72.35,72.89,71.67,71.74,1744800
2012-01-24,71.34,71.84,70.94,71.34,1899200
2012-01-25,70.49,71.76,69.47,71.57,3543700
2012-01-26,70.58,71.87,70.39,71.51,1764100
2012-01-27,71.26,71.26,70.25,70.35,1413300
2012-01-30,69.62,69.82,69.029999,69.17,2328000
2012-01-31,69.63,69.84,68.87,69.16,1844900
2012-02-01,69.82,69.91,69.39,69.71,2805700
2012-02-02,69.91,70.0,69.25,69.74,1374700
2012-02-03,70.16,70.93,69.97,70.51,1730800
2012-02-06,70.12,71.2,70.029999,71.15,1456700
2012-02-07,70.82,71.46,70.67,71.3,1283000
2012-02-08,71.39,71.73,71.019997,71.59,1660500
2012-02-09,71.77,71.82,70.75,70.85,1561700
2012-02-10,70.36,70.57,70.16,70.3,1427800
2012-02-13,70.69,70.77,70.07,70.12,1802900
2012-02-14,70.0,70.23,69.099998,70.16,1978600
2012-02-15,70.22,70.3,69.56,70.050003,1941600
2012-02-16,70.16,70.42,69.75,70.42,1253900
2012-02-17,70.8,71.040001,70.38,70.88,1115900
2012-02-21,71.22,71.81,70.9,71.13,1327300
2012-02-22,70.96,71.18,70.24,70.4,1423200
2012-02-23,70.53,70.78,70.089996,70.6,1052600
2012-02-24,70.8,73.050003,70.8,72.4,1816100
2012-02-27,72.26,73.010002,71.74,72.49,1357400
2012-02-28,72.58,73.15,72.41,72.74,1286100
2012-02-29,73.0,73.67,72.74,73.23,1841000
2012-03-01,72.76,73.36,72.58,72.93,1606000
2012-03-02,72.82,73.0,72.43,72.65,1057800
2012-03-05,72.41,72.61,71.8,72.5,1887800
2012-03-06,71.64,71.97,70.69,70.85,2307300
2012-03-07,70.95,71.32,70.7,71.25,1085400
2012-03-08,71.86,72.29,71.48,72.010002,1197900
2012-03-09,72.07,72.29,71.54,71.78,1129900
2012-03-12,71.92,71.92,71.29,71.74,1181700
2012-03-13,72.21,73.12,71.75,73.080002,1532000
2012-03-14,73.080002,73.29,72.77,73.099998,1113500
2012-03-15,73.089996,73.62,73.0,73.34,1515000
2012-03-16,73.24,73.63,72.8,72.9,1762500
2012-03-19,72.72,73.23,72.5,72.98,906400
2012-03-20,72.61,72.68,72.0,72.34,853300
2012-03-21,72.38,72.57,72.080002,72.28,910800
2012-03-22,71.8,72.36,71.71,72.25,969300
2012-03-23,72.44,72.89,72.33,72.78,1238200
2012-03-26,73.089996,74.15,72.97,73.91,1867300
2012-03-27,73.98,74.050003,73.43,73.55,1135400
2012-03-28,73.55,73.55,72.62,73.12,1351100
2012-03-29,73.0,73.0,71.88,72.65,1430700
2012-03-30,73.07,73.58,72.76,73.38,1259400
2012-04-02,73.39,74.54,73.11,74.089996,1222300
2012-04-03,74.0,74.050003,72.65,73.099998,1188800
2012-04-04,72.56,72.71,71.82,72.63,1528900
2012-04-05,72.32,72.47,71.75,71.8,1586800
2012-04-09,70.78,71.099998,70.44,70.82,1365500
2012-04-10,70.6,70.67,69.26,69.48,1567400
2012-04-11,68.32,69.88,68.07,69.35,1775000
2012-04-12,69.57,70.029999,69.18,69.66,1759800
2012-04-13,69.22,69.5,68.86,68.88,1541800
2012-04-16,69.24,69.74,68.95,69.2,1622300
2012-04-17,69.58,70.19,69.080002,69.88,1602300
2012-04-18,69.68,69.89,69.48,69.55,1269400
2012-04-19,69.83,69.86,68.73,68.93,1397100
2012-04-20,69.27,69.91,68.97,69.76,1821300
2012-04-23,68.96,69.44,68.55,69.27,1260100
2012-04-24,69.46,70.2,69.34,70.059998,1380700
2012-04-25,69.88,70.47,67.21,67.56,3670700
2012-04-26,66.79,67.51,66.44,67.050003,2672000
2012-04-27,67.38,67.86,67.07,67.58,2254400
2012-04-30,67.53,67.74,67.010002,67.5,2200600
2012-05-01,67.57,68.68,67.34,67.98,2327600
2012-05-02,67.75,68.24,67.55,68.24,2035900
2012-05-03,68.5,68.59,67.98,68.15,2649800
2012-05-04,67.84,68.010002,66.81,67.050003,2206700
2012-05-07,66.96,67.89,66.96,67.42,2306000
2012-05-08,67.2,67.57,66.7,67.53,1949600
2012-05-09,66.9,67.0,66.34,66.4,1541300
2012-05-10,66.75,67.059998,66.39,66.54,1326300
2012-05-11,66.33,67.43,66.16,66.53,2060900
2012-05-14,66.089996,66.82,65.8,66.3,1281800
2012-05-15,66.28,66.69,65.64,65.73,1815800
2012-05-16,65.94,66.34,65.18,65.2,1334600
2012-05-17,65.26,65.41,63.7,63.72,1621500
2012-05-18,64.17,64.42,63.17,63.34,2154400
2012-05-21,63.62,64.65,63.44,64.55,1547500
2012-05-22,64.63,64.98,64.14,64.47,1199800
2012-05-23,64.15,64.74,63.29,64.61,1856600
2012-05-24,64.12,64.62,62.77,63.34,2051000
2012-05-25,62.88,64.13,62.88,63.58,1694300
2012-05-29,64.059998,64.4,63.72,64.35,1389000
2012-05-30,63.92,64.14,63.5,63.83,1312100
2012-05-31,63.82,64.54,63.28,64.010002,1695600
2012-06-01,63.14,63.33,62.68,62.72,1755800
2012-06-04,62.88,63.0099983,61.54,61.96,2155000
2012-06-05,61.76,62.18,61.55,61.98,1895600
2012-06-06,62.029999,63.63,62.029999,63.62,1306200
2012-06-07,64.12,64.85,63.54,63.69,2732200
2012-06-08,63.61,64.07,63.6,64.059998,1753600
2012-06-11,64.38,64.66,63.66,63.74,1832500
2012-06-12,63.84,64.15,63.24,64.13,1645800
2012-06-13,63.99,64.11,63.23,63.49,1051200
2012-06-14,63.55,64.28,63.37,64.010002,1333300
2012-06-15,64.37,65.11,64.37,64.86,2417900
2012-06-18,64.48,65.22,64.14,64.76,1324700
2012-06-19,65.0,65.51,64.94,65.19,1341900
2012-06-20,65.099998,65.16,64.059998,64.65,1706400
2012-06-21,65.029999,65.11,63.2,63.25,1799800
2012-06-22,63.54,63.57,62.62,63.26,2167900
2012-06-25,62.77,62.77,62.099998,62.22,1044700
2012-06-26,62.32,62.58,61.78,61.97,1214000
2012-06-27,62.13,63.34,62.080002,63.22,1056500
2012-06-28,62.84,63.25,62.22,63.16,1060000
2012-06-29,64.65,65.96,64.41,65.96,1770000
2012-07-02,66.089996,66.54,65.49,66.059998,2000700
2012-07-03,65.54,66.34,65.54,66.17,791200
2012-07-05,66.22,66.59,65.9,66.24,1046500
2012-07-06,65.79,65.8,64.89,65.24,976300
2012-07-09,65.26,65.53,64.67,65.050003,1273000
2012-07-10,63.89,65.69,63.89,64.43,1277300
2012-07-11,64.55,64.81,63.61,63.91,1159000
2012-07-12,63.5,63.95,62.99,63.52,973300
2012-07-13,63.75,65.040001,63.6,64.86,1305300
2012-07-16,64.55,64.91,63.53,64.040001,1952000
2012-07-17,64.13,64.71,63.57,64.69,1484300
2012-07-18,64.19,65.94,64.14,65.8,1424000
2012-07-19,65.92,66.34,65.55,65.99,1577800
2012-07-20,65.27,65.38,64.65,64.97,4674600
2012-07-23,64.099998,64.24,63.37,63.92,1799800
2012-07-24,63.85,64.13,62.9,63.4,1785800
2012-07-25,63.75,63.99,61.3,62.0,4042900
2012-07-26,62.85,63.72,62.44,62.9,2331700
2012-07-27,63.049999,64.21,62.74,63.83,1690400
2012-07-30,63.67,64.14,63.25,63.47,1450600
2012-07-31,63.29,63.95,63.09,63.44,1923200
2012-08-01,63.7,63.95,62.95,63.049999,1636400
2012-08-02,62.89,62.94,61.09,61.99,2104400
2012-08-03,62.78,63.47,62.78,63.099998,1490000
2012-08-06,63.43,63.71,62.77,62.98,1211900
2012-08-07,63.07,64.24,63.0,63.9,1405600
2012-08-08,63.73,64.080002,63.23,63.93,1397600
2012-08-09,63.67,63.82,62.98,63.43,1599400
2012-08-10,63.38,63.68,63.13,63.58,1110200
2012-08-13,63.45,63.77,62.88,63.34,919900
2012-08-14,63.63,63.98,63.28,63.79,1149700
2012-08-15,63.68,64.45,63.54,64.2,1559400
2012-08-16,64.19,65.71,64.19,65.36,1713300
2012-08-17,64.8,65.77,64.75,65.7,1768400
2012-08-20,65.45,66.26,65.22,66.13,1353800
2012-08-21,66.15,66.58,65.72,66.53,1975000
2012-08-22,66.25,66.48,65.85,66.3,1767900
2012-08-23,66.010002,66.24,65.41,65.61,1569100
2012-08-24,65.43,66.16,65.12,66.089996,1433700
2012-08-27,66.25,66.39,65.59,65.62,1146300
2012-08-28,65.35,65.94,65.25,65.76,1730400
2012-08-29,65.87,66.19,65.34,65.85,1292200
2012-08-30,65.45,65.69,64.78,65.32,1165300
2012-08-31,65.84,66.12,65.35,65.51,1397000
2012-09-04,65.55,65.86,64.47,64.65,1511600
2012-09-05,64.87,65.15,64.29,64.78,1483400
2012-09-06,65.3,66.73,65.099998,66.72,1593900
2012-09-07,66.89,67.29,66.75,67.2,1163600
2012-09-10,66.95,67.080002,66.3,66.32,2214000
2012-09-11,66.3,66.35,65.9,65.98,2204300
2012-09-12,66.21,66.28,65.6,65.87,1845400
2012-09-13,65.68,66.31,65.019997,66.12,2509400
2012-09-14,66.24,67.2,66.2,66.78,1870900
2012-09-17,66.57,67.099998,66.42,66.62,1087300
2012-09-18,66.58,66.85,66.41,66.65,997200
2012-09-19,66.55,66.75,66.0,66.51,1019200
2012-09-20,66.14,66.38,65.85,66.28,1182100
2012-09-21,66.48,66.83,66.050003,66.15,4062100
2012-09-24,65.72,66.46,65.24,66.37,1105300
2012-09-25,66.5,66.93,66.17,66.47,2257700
2012-09-26,66.59,67.19,66.53,66.61,1671100
2012-09-27,66.77,66.89,66.11,66.46,1234100
2012-09-28,66.11,66.47,65.67,66.12,1719800
2012-10-01,66.029999,67.7,66.0,67.42,2114300
2012-10-02,67.45,67.74,66.93,67.3,1405400
2012-10-03,67.17,67.17,66.31,66.46,910600
2012-10-04,66.74,67.27,66.65,66.82,940800
2012-10-05,67.18,67.88,67.11,67.29,1145100
2012-10-08,67.0,67.059998,66.41,66.45,1037000
2012-10-09,66.52,66.89,65.94,65.94,978600
2012-10-10,65.92,66.059998,65.059998,65.16,1331600
2012-10-11,65.57,66.040001,65.53,65.59,902000
2012-10-12,65.83,66.64,65.78,66.099998,920800
2012-10-15,66.25,66.36,65.9,66.16,966800
2012-10-16,66.54,67.38,66.34,67.22,1010700
2012-10-17,67.41,67.91,66.91,67.66,1023000
2012-10-18,67.51,68.73,67.27,68.58,1486800
2012-10-19,68.26,68.35,67.059998,67.17,1747400
2012-10-22,67.099998,67.68,66.54,67.15,1062600
2012-10-23,66.39,66.48,65.029999,66.21,2029800
2012-10-24,65.58,68.75,65.48,67.79,2983600
2012-10-25,68.23,68.56,66.96,67.61,1544500
2012-10-26,67.56,67.68,66.75,67.32,1599900
2012-10-31,67.79,68.5,67.52,68.080002,1631000
2012-11-01,68.29,69.74,68.019997,69.42,2200600
2012-11-02,69.74,69.88,68.65,68.81,1866900
2012-11-05,68.81,68.81,67.97,68.37,1679900
2012-11-06,68.6,69.95,68.3,69.26,1635500
2012-11-07,68.07,68.099998,65.77,66.59,3075200
2012-11-08,66.45,66.58,64.14,64.33,3382900
2012-11-09,64.31,65.16,64.14,64.45,2200900
2012-11-12,64.48,64.56,63.87,64.18,1416800
2012-11-13,63.65,64.64,63.6,63.75,1376100
2012-11-14,63.92,63.94,62.02,62.2,1964600
2012-11-15,62.099998,62.55,61.84,62.14,1705500
2012-11-16,62.18,62.59,61.7,62.13,2340400
2012-11-19,62.81,63.91,62.64,63.91,2273800
2012-11-20,63.83,63.85,63.12,63.75,1833100
2012-11-21,63.8,64.57,63.59,64.36,1005500
2012-11-23,64.59,65.41,64.34,65.41,553500
2012-11-26,65.0,65.19,64.64,65.059998,1392600
2012-11-27,64.97,65.5,64.73,64.96,1668800
2012-11-28,64.48,65.72,64.41,65.71,1435200
2012-11-29,66.0,66.61,65.5,66.53,1946900
2012-11-30,66.5,66.61,66.099998,66.5,1935000
2012-12-03,66.78,66.98,65.29,65.69,1151700
2012-12-04,65.68,66.52,65.58,66.44,1535900
2012-12-05,66.45,67.15,65.74,66.88,1760400
2012-12-06,66.8,66.85,65.87,66.7,1530600
2012-12-07,67.080002,67.22,66.4,67.19,1174400
2012-12-10,67.19,68.3,66.91,68.25,1713700
2012-12-11,68.5,69.2,68.3,68.97,1864600
2012-12-12,69.13,69.57,68.79,68.9,1646700
2012-12-13,68.9,68.99,67.9,68.0,1861400
2012-12-14,67.66,67.97,67.36,67.49,1445200
2012-12-17,67.63,68.38,67.5,68.0,1626800
2012-12-18,68.080002,69.050003,67.82,69.010002,1714500
2012-12-19,68.94,69.77,68.77,69.52,1713400
2012-12-20,69.61,70.28,69.17,70.28,1811000
2012-12-21,69.34,70.43,69.31,70.4,3458400
2012-12-24,70.59,70.59,68.94,69.47,1096900
2012-12-26,69.61,70.18,69.0,69.040001,1129900
2012-12-27,69.14,69.47,68.21,69.019997,1057300
2012-12-28,68.42,68.79,67.84,67.88,1010100
2012-12-31,67.54,69.31,67.14,69.27,1581900
2013-01-02,70.67,71.21,70.24,71.21,2021500
2013-01-03,71.12,71.75,70.59,71.49,1740800
2013-01-04,71.65,71.66,71.0,71.07,2406300
2013-01-07,70.78,72.010002,70.76,71.86,1941700
2013-01-08,71.5,71.68,70.28,70.41,1734900
2013-01-09,70.53,70.96,70.21,70.68,1404400
2013-01-10,71.029999,71.65,70.92,71.65,1176700
2013-01-11,71.93,71.93,70.74,70.74,1588100
2013-01-14,70.6,70.82,70.14,70.35,2036300
2013-01-15,70.18,70.76,69.91,70.58,1488000
2013-01-16,70.61,70.79,69.51,69.8,1966900
2013-01-17,70.089996,71.2,69.61,71.019997,2186800
2013-01-18,70.89,71.15,70.41,70.66,2283400
2013-01-22,70.47,70.77,70.41,70.71,1853400
2013-01-23,68.37,71.69,67.2,71.45,8097300
2013-01-24,71.36,71.45,70.029999,70.64,4237700
2013-01-25,70.75,71.089996,70.2,70.96,2513400
2013-01-28,70.67,70.85,69.93,70.010002,2846100
2013-01-29,69.85,69.91,69.029999,69.25,2953600
2013-01-30,69.33,69.35,68.24,68.43,3040900
2013-01-31,68.22,68.37,66.13,66.3,5447300
2013-02-01,66.46,66.84,64.95,65.88,7156000
2013-02-04,65.16,65.64,64.47,64.57,4565300
2013-02-05,65.019997,66.019997,64.9,65.14,4732800
2013-02-06,65.0,66.32,65.0,66.27,4061800
2013-02-07,66.29,67.12,65.98,66.77,3747200
2013-02-08,66.74,66.88,66.47,66.82,2099200
2013-02-11,66.82,67.089996,66.3,66.66,1650700
2013-02-12,66.93,66.99,66.5,66.68,1950800
2013-02-13,66.71,66.9,65.72,66.11,2673800
2013-02-14,65.81,66.75,65.63,66.22,2642200
2013-02-15,66.18,66.49,65.9,66.4,2015400
2013-02-19,66.52,67.029999,66.21,67.029999,2391600
2013-02-20,67.040001,67.11,66.58,66.61,2304000
2013-02-21,66.6,66.75,66.040001,66.49,1910300
2013-02-22,66.71,67.77,66.71,67.32,2115100
2013-02-25,67.71,67.89,66.67,66.69,3383200
2013-02-26,67.010002,67.19,66.5,66.91,2701900
2013-02-27,66.75,68.74,66.6,68.55,3236400
2013-02-28,68.45,69.040001,67.96,67.97,2338200
2013-03-01,67.54,68.14,66.91,67.73,1726500
2013-03-04,67.42,67.64,66.47,67.040001,1598000
2013-03-05,67.3,67.87,67.28,67.67,1432300
2013-03-06,67.88,68.0,67.4,67.68,1945400
2013-03-07,67.9,68.32,67.57,67.74,1930400
2013-03-08,68.050003,68.96,68.050003,68.89,2456600
2013-03-11,68.85,69.3,68.58,69.16,1492800
2013-03-12,69.11,69.34,68.38,68.77,1341700
2013-03-13,68.9,70.18,68.88,70.11,2444300
2013-03-14,70.13,70.38,69.6,69.65,1580800
2013-03-15,69.32,69.91,69.12,69.91,3352500
2013-03-18,69.2,70.099998,69.13,69.69,1314400
2013-03-19,70.0,70.49,69.68,69.92,1847600
2013-03-20,70.21,70.48,69.68,69.74,1572300
2013-03-21,69.37,69.69,68.86,68.89,1544300
2013-03-22,69.14,69.44,69.0,69.29,1138700
2013-03-25,69.53,69.92,69.16,69.53,1949200
2013-03-26,69.78,70.36,69.73,70.3,2362200
2013-03-27,69.81,70.61,69.68,70.26,2560600
2013-03-28,70.29,70.8,70.18,70.51,2504300
2013-04-01,70.14,70.24,68.12,68.16,2788800
2013-04-02,68.54,68.66,66.65,67.0,3552900
2013-04-03,67.16,68.63,66.87,68.39,3044400
2013-04-04,68.49,68.72,67.19,67.69,2333600
2013-04-05,67.37,69.64,67.17,69.56,3411400
2013-04-08,69.55,69.56,68.63,69.080002,1861500
2013-04-09,69.37,69.68,68.79,69.33,1502700
2013-04-10,68.85,69.71,68.74,69.46,1748100
2013-04-11,69.7,71.38,69.6,71.33,2784600
2013-04-12,70.78,70.91,69.99,70.6,3324400
2013-04-15,69.67,70.0,68.099998,68.19,2224500
2013-04-16,68.55,68.84,67.97,68.39,1810300
2013-04-17,67.74,67.97,65.77,66.43,3789700
2013-04-18,66.5,66.66,65.37,65.99,3396300
2013-04-19,66.35,67.13,66.27,67.0,2861600
2013-04-22,67.16,67.16,66.050003,66.37,1760900
2013-04-23,66.94,67.18,66.23,67.099998,1719000
2013-04-24,68.52,72.18,68.5,71.73,5152800
2013-04-25,71.56,73.96,71.12,73.53,4411900
2013-04-26,73.36,73.9,73.010002,73.3,2026300
2013-04-29,73.48,73.48,72.97,73.28,1994400
2013-04-30,73.3,74.089996,72.68,73.96,2080300
2013-05-01,73.68,74.54,73.67,73.78,2345900
2013-05-02,73.84,74.47,73.69,74.46,1293300
2013-05-03,74.5,75.38,74.48,75.24,1803100
2013-05-06,75.07,75.5,74.9,75.25,1480900
2013-05-07,75.29,75.6,74.89,75.2,1595700
2013-05-08,75.099998,75.63,74.74,75.42,1584400
2013-05-09,75.44,75.87,75.019997,75.25,1202100
2013-05-10,75.25,75.77,75.15,75.7,1876600
2013-05-13,75.42,75.7,74.76,75.2,1733300
2013-05-14,75.32,77.0,75.32,76.64,2664000
2013-05-15,76.33,76.72,75.71,76.61,2191700
2013-05-16,76.55,77.050003,76.040001,76.14,2057100
2013-05-17,76.39,78.29,76.38,78.29,2720900
2013-05-20,78.15,78.67,77.89,78.6,2315700
2013-05-21,78.47,78.69,77.82,77.98,1875000
2013-05-22,78.12,78.6,77.14,77.42,1742100
2013-05-23,76.44,77.27,76.16,76.94,1368300
2013-05-24,76.65,77.7,76.37,77.34,1278600
2013-05-28,78.12,78.52,77.49,77.87,1068300
2013-05-29,77.46,78.089996,77.089996,77.53,1151000
2013-05-30,77.79,78.76,77.77,78.35,1167600
2013-05-31,78.0,78.38,77.099998,77.099998,1715800
2013-06-03,77.23,77.92,76.81,77.57,1612700
2013-06-04,77.41,77.81,76.35,77.21,1661400
2013-06-05,76.87,77.16,76.46,76.68,1310000
2013-06-06,76.69,77.88,76.38,77.85,1844100
2013-06-07,78.3,79.46,78.080002,79.12,1914000
2013-06-10,79.019997,79.25,78.36,78.58,1672300
2013-06-11,77.95,79.11,77.8,78.17,1448800
2013-06-12,78.66,79.0,77.91,78.3,1258500
2013-06-13,78.15,78.59,77.69,78.07,2498400
2013-06-14,78.11,79.0,77.9,78.0,1570000
2013-06-17,78.63,79.13,77.96,78.38,1322200
2013-06-18,78.58,79.48,78.53,78.85,1890300
2013-06-19,78.94,78.96,77.48,77.5,1735200
2013-06-20,76.98,77.63,76.13,76.23,2246400
2013-06-21,76.81,77.21,76.2,76.2,3264400
2013-06-24,76.040001,77.099998,75.63,76.48,2283500
2013-06-25,76.97,77.12,76.099998,76.42,2067900
2013-06-26,77.2,77.97,76.69,77.89,2217400
2013-06-27,78.34,79.010002,78.029999,78.67,1848700
2013-06-28,78.44,78.93,78.27,78.33,2382600
2013-07-01,78.059998,79.37,77.96,79.010002,2260700
2013-07-02,78.21,78.73,77.6,78.07,2863900
2013-07-03,77.91,78.59,77.4,78.34,885800
2013-07-05,79.040001,79.57,78.62,79.42,1172000
2013-07-08,79.91,80.15,79.38,79.72,2848800
2013-07-09,80.21,80.54,79.72,79.86,1942800
2013-07-10,79.99,80.96,79.92,80.6,2234500
2013-07-11,81.33,82.72,81.22,82.45,2794200
2013-07-12,82.28,83.059998,82.23,82.6,2296900
2013-07-15,82.65,83.58,82.55,83.56,1563800
2013-07-16,83.63,83.88,82.95,83.010002,3147300
2013-07-17,83.029999,83.44,82.62,82.93,1020700
2013-07-18,83.25,84.15,83.089996,83.72,1553400
2013-07-19,83.81,84.67,83.54,84.4,2955200
2013-07-22,84.16,84.81,83.93,84.23,1897500
2013-07-23,84.45,84.56,83.78,84.029999,1469800
2013-07-24,85.019997,86.6,84.94,85.31,2996300
2013-07-25,85.4,85.92,84.63,85.8,1605500
2013-07-26,85.32,85.86,85.050003,85.86,1142900
2013-07-29,84.8,85.33,83.99,85.019997,2024900
2013-07-30,85.17,86.010002,85.0,85.65,1496400
2013-07-31,85.5,86.17,85.07,85.34,2853400
2013-08-01,85.8,86.97,85.76,86.81,1524400
2013-08-02,86.68,87.54,86.44,87.49,1761700
2013-08-05,87.040001,87.82,86.55,87.69,1547900
2013-08-06,87.28,87.85,87.23,87.34,1658600
2013-08-07,87.3,87.54,86.79,87.019997,2125300
2013-08-08,87.38,87.8,86.86,87.019997,998500
2013-08-09,87.029999,87.28,86.46,86.92,1337700
2013-08-12,86.63,86.71,85.74,85.77,1265400
2013-08-13,85.81,86.19,85.28,86.0,1266100
2013-08-14,86.029999,86.040001,85.16,85.29,1384400
2013-08-15,84.44,84.78,83.72,83.81,1171700
2013-08-16,83.48,84.3,83.41,83.75,1466300
2013-08-19,83.43,84.55,83.41,84.15,1299800
2013-08-20,84.14,84.78,84.059998,84.11,882900
2013-08-21,84.0,84.27,83.54,83.71,1084600
2013-08-22,84.0,84.69,83.87,84.5,1022200
2013-08-23,84.47,84.71,84.19,84.61,954500
2013-08-26,84.67,85.2,84.24,84.24,1534100
2013-08-27,83.74,84.35,82.73,82.91,1275400
2013-08-28,82.87,83.36,82.23,82.85,1265600
2013-08-29,82.69,83.77,82.46,83.58,1011300
2013-08-30,83.64,83.71,83.010002,83.25,1178700
2013-09-03,84.32,84.74,83.97,84.35,1239500
2013-09-04,84.13,85.089996,84.019997,84.99,2013800
2013-09-05,84.84,85.050003,84.33,84.99,838500
2013-09-06,85.11,85.17,83.76,84.57,973800
2013-09-09,84.76,85.49,84.76,85.28,1101100
2013-09-10,85.6,86.76,85.52,86.74,1348700
2013-09-11,86.3,86.99,86.11,86.9,1072900
2013-09-12,87.019997,87.13,86.39,86.63,931400
2013-09-13,86.86,87.28,86.31,87.13,922300
2013-09-16,87.57,88.33,87.43,88.07,1209000
2013-09-17,86.65,89.2,86.65,89.14,1315800
2013-09-18,89.0,89.78,88.089996,89.39,1319800
2013-09-19,89.38,89.94,88.9,89.65,1279800
2013-09-20,89.62,89.71,88.099998,88.15,1688900
2013-09-23,88.059998,88.61,87.61,87.91,1293700
2013-09-24,87.85,88.33,87.77,87.93,1536000
2013-09-25,88.040001,88.16,87.58,87.74,1288100
2013-09-26,87.68,88.46,87.57,88.25,823300
2013-09-27,87.9,88.38,87.73,88.29,1126100
2013-09-30,86.25,87.91,86.17,87.52,1695600
2013-10-01,87.45,88.49,87.44,88.48,1127400
2013-10-02,88.040001,88.040001,86.67,87.51,1303300
2013-10-03,87.46,87.46,85.19,85.98,1472700
2013-10-04,85.87,86.28,85.41,85.91,911400
2013-10-07,85.36,86.81,85.25,86.17,1232400
2013-10-08,86.31,86.49,84.92,84.97,1491300
2013-10-09,84.52,84.9,83.61,84.28,1513200
2013-10-10,85.029999,87.41,84.95,87.41,1765800
2013-10-11,87.41,87.77,87.14,87.76,963500
2013-10-14,87.13,87.94,86.79,87.81,709500
2013-10-15,87.89,88.0,86.51,86.85,787900
2013-10-16,87.16,87.63,86.94,87.55,1025000
2013-10-17,87.47,88.5,87.18,88.38,801400
2013-10-18,88.47,88.55,87.92,88.4,1360300
2013-10-21,88.6,88.74,87.93,88.0,1980300
2013-10-22,88.45,88.69,87.99,88.16,2098200
2013-10-23,88.89,88.98,85.83,86.23,2410100
2013-10-24,86.2,87.15,85.79,87.12,2036300
2013-10-25,86.92,88.3,86.55,88.26,1907600
2013-10-28,88.11,88.16,87.34,87.65,1750100
2013-10-29,87.82,87.92,87.099998,87.88,1762700
2013-10-30,88.089996,88.45,86.35,86.49,2055100
2013-10-31,86.62,86.93,86.13,86.63,1446800
2013-11-01,86.85,87.73,86.66,87.15,877700
2013-11-04,87.46,87.57,86.96,87.080002,800900
2013-11-05,87.050003,87.54,86.76,87.099998,1081500
2013-11-06,87.59,87.85,87.2,87.67,1192200
2013-11-07,87.71,87.99,86.74,86.8,1349900
2013-11-08,86.76,87.46,86.59,87.2,1427900
2013-11-11,87.22,87.31,87.040001,87.17,989400
2013-11-12,86.76,87.25,86.64,86.73,1014000
2013-11-13,86.51,87.15,86.36,87.080002,1846200
2013-11-14,87.5,87.94,87.21,87.94,2238800
2013-11-15,87.82,88.78,87.29,88.71,1588600
2013-11-18,89.0,89.93,88.91,89.3,1407500
2013-11-19,89.17,89.93,89.050003,89.81,1796600
2013-11-20,89.9,90.42,89.3,89.62,1688900
2013-11-21,90.0,91.16,89.83,91.099998,1796900
2013-11-22,90.94,92.22,90.72,92.15,1538400
2013-11-25,92.31,92.49,91.3,91.68,1122900
2013-11-26,91.72,92.29,91.69,91.92,1004700
2013-11-27,91.99,92.75,91.92,92.27,886300
2013-11-29,92.33,92.5,91.57,91.66,776200
2013-12-02,91.4,92.080002,91.019997,91.22,1136900
2013-12-03,91.089996,91.36,90.019997,90.34,1198600
2013-12-04,90.0,90.77,88.85,89.48,1597700
2013-12-05,89.28,90.26,89.099998,89.23,882000
2013-12-06,90.059998,90.79,89.78,90.79,1042700
2013-12-09,90.89,90.98,90.41,90.53,690200
2013-12-10,90.23,90.96,89.99,90.55,893000
2013-12-11,90.74,90.9,89.18,89.7,1924600
2013-12-12,89.47,90.099998,89.41,89.89,1141100
2013-12-13,89.89,90.62,89.38,90.26,1178100
2013-12-16,90.48,91.34,90.29,90.92,1200800
2013-12-17,91.27,91.5,91.010002,91.44,1124200
2013-12-18,91.4,93.61,91.010002,93.55,1926800
2013-12-19,92.95,93.13,92.050003,92.66,1365600
2013-12-20,92.64,93.91,92.64,93.37,1832100
2013-12-23,93.85,93.91,93.010002,93.18,1019500
2013-12-24,93.32,93.77,93.14,93.77,358400
2013-12-26,93.95,94.94,93.95,94.84,786800
2013-12-27,94.49,95.040001,94.45,95.0,944600
2013-12-30,94.97,95.099998,94.66,95.099998,1015100
2013-12-31,94.74,95.76,94.36,95.55,1078900
2014-01-02,94.85,95.53,94.54,94.75,1816400
2014-01-03,94.76,95.37,94.34,94.74,1045600
2014-01-06,94.95,95.27,94.029999,94.46,1581900
2014-01-07,94.7,95.66,94.67,95.26,1470800
2014-01-08,95.16,95.3,94.2,94.72,1842200
2014-01-09,95.019997,95.97,94.99,95.23,1848500
2014-01-10,95.6,95.64,94.53,95.099998,1459900
2014-01-13,94.89,96.28,94.7,95.010002,1846500
2014-01-14,95.44,95.96,95.0,95.96,1659900
2014-01-15,95.23,96.65,94.93,95.59,2668300
2014-01-16,95.45,95.83,95.18,95.4,777300
2014-01-17,95.4,95.92,95.33,95.47,1748500
2014-01-21,95.84,96.87,95.21,95.3,1673100
2014-01-22,96.12,100.6,93.85,99.65,5421000
2014-01-23,99.96,101.8,99.93,101.55,3070600
2014-01-24,100.040001,100.21,98.099998,98.31,3503500
2014-01-27,97.86,100.37,97.86,99.95,3145800
2014-01-28,100.019997,101.73,100.019997,100.5,3568800
2014-01-29,99.78,99.99,98.43,99.010002,2536200
2014-01-30,99.14,100.71,99.11,100.49,2363900
2014-01-31,99.21,102.18,98.83,101.31,3304200
2014-02-03,101.0,101.77,98.4,98.47,2721800
2014-02-04,100.82,101.59,98.75,99.68,7819300
2014-02-05,99.26,99.84,97.58,98.88,4055600
2014-02-06,100.15,101.59,99.62,101.22,3383200
2014-02-07,101.87,104.58,101.51,104.19,3158900
2014-02-10,103.2,103.64,102.44,102.51,2759600
2014-02-11,102.76,103.75,102.56,103.22,1949100
2014-02-12,103.29,103.81,103.040001,103.66,2008900
2014-02-13,103.040001,104.010002,102.9,103.73,1629500
2014-02-14,103.62,106.45,103.22,106.35,2579600
2014-02-18,106.080002,107.22,105.58,106.77,2246800
2014-02-19,106.33,107.25,105.050003,105.26,2762400
2014-02-20,105.65,108.0,105.53,107.75,2377000
2014-02-21,108.07,108.21,107.059998,107.45,2426000
2014-02-24,107.27,109.57,107.0,108.76,2642400
2014-02-25,108.61,109.26,107.98,108.27,2090400
2014-02-26,108.24,108.7,107.39,108.029999,2137700
2014-02-27,107.98,109.040001,107.41,108.98,1894100
2014-02-28,109.040001,110.25,108.79,109.54,2282300
2014-03-03,108.059998,110.98,107.73,110.61,3125000
2014-03-04,111.13,113.57,111.099998,112.66,3641800
2014-03-05,112.4,113.099998,111.69,111.84,2236800
2014-03-06,110.81,112.13,110.72,111.45,2589700
2014-03-07,110.83,112.089996,110.62,111.49,2642300
2014-03-10,110.52,111.28,110.010002,110.41,2191300
2014-03-11,109.84,110.63,108.92,108.99,1905200
2014-03-12,108.5,109.46,108.040001,109.38,1793500
2014-03-13,109.58,110.32,107.3,107.99,3006200
2014-03-14,107.85,108.47,107.21,107.63,2445400
2014-03-17,106.36,108.92,106.29,108.41,1756700
2014-03-18,108.89,109.64,108.68,109.4,2034200
2014-03-19,109.66,110.33,107.48,108.019997,2185600
2014-03-20,107.95,108.38,106.87,107.25,2057300
2014-03-21,108.28,108.44,107.040001,107.080002,5152100
2014-03-24,107.5,107.96,105.66,106.58,2191600
2014-03-25,107.13,108.52,106.81,107.65,1850800
2014-03-26,108.19,108.82,106.66,106.66,2073500
2014-03-27,106.2,107.23,105.5,106.37,1893000
2014-03-28,106.43,108.080002,106.38,107.7,1505700
2014-03-31,108.5,109.18,108.19,108.92,1713500
2014-04-01,109.16,109.74,108.66,109.68,1441100
2014-04-02,109.77,111.21,109.75,110.61,1672500
2014-04-03,110.96,111.32,110.2,110.89,1199100
2014-04-04,111.35,111.83,108.010002,108.29,2052000
2014-04-07,108.29,109.25,107.14,107.65,2338300
2014-04-08,107.65,108.0,106.099998,106.38,2403500
2014-04-09,106.15,108.18,106.050003,108.040001,1695400
2014-04-10,108.27,108.7,105.65,105.71,1453700
2014-04-11,105.37,106.14,104.94,104.99,1447800
2014-04-14,105.41,106.019997,104.22,105.13,1718200
2014-04-15,105.45,106.92,104.7,106.7,1709900
2014-04-16,107.45,108.19,106.69,108.18,1194800
2014-04-17,108.43,109.49,107.61,109.059998,1556800
2014-04-21,109.19,109.6,108.42,109.3,1280000
2014-04-22,109.36,109.91,108.010002,108.040001,2020900
2014-04-23,108.37,112.099998,106.54,111.58,2264700
2014-04-24,111.8,111.99,109.92,110.42,2016700
2014-04-25,110.0,110.39,108.73,109.010002,1258400
2014-04-28,109.87,109.91,106.58,107.39,2644200
2014-04-29,108.54,109.080002,108.13,108.26,2801700
2014-04-30,108.38,109.9,107.84,109.45,2409100
2014-05-01,109.51,110.79,109.18,109.77,1880500
2014-05-02,109.97,111.69,109.71,111.010002,2124700
2014-05-05,110.6,111.99,110.41,111.88,2117800
2014-05-06,111.34,112.23,111.17,111.72,1795200
2014-05-07,112.0,112.37,111.21,111.96,2503700
2014-05-08,111.97,112.56,111.43,111.93,2128800
2014-05-09,111.86,112.79,111.080002,112.79,2129900
2014-05-12,113.0,114.94,112.93,114.85,2412000
2014-05-13,115.0,115.96,114.75,115.29,2225400
2014-05-14,115.34,115.87,114.57,114.66,1958600
2014-05-15,114.56,114.83,113.089996,113.22,2110100
2014-05-16,113.32,113.7,112.43,113.56,2534700
2014-05-19,112.93,115.0,112.82,114.82,2027800
2014-05-20,114.040001,114.56,112.63,113.080002,1853500
2014-05-21,113.28,114.73,113.26,114.65,1550800
2014-05-22,114.7,115.24,114.31,114.98,1313200
2014-05-23,115.029999,115.88,114.98,115.49,1472100
2014-05-27,115.75,116.48,115.49,116.35,1151600
2014-05-28,116.07,117.75,115.56,117.56,2146700
2014-05-29,117.53,118.19,116.83,117.97,1893300
2014-05-30,117.7,118.22,116.97,118.12,1870900
2014-06-02,118.11,118.48,117.63,118.019997,1508700
2014-06-03,117.0,118.76,117.0,118.36,2090900
2014-06-04,118.32,118.66,117.86,118.36,1512700
2014-06-05,118.75,120.91,118.67,120.89,1969200
2014-06-06,120.77,121.54,120.48,120.83,1871600
2014-06-09,121.0,121.68,120.29,120.62,2245200
2014-06-10,120.55,121.089996,119.99,120.82,1586000
2014-06-11,120.32,120.74,119.61,119.87,1578200
2014-06-12,119.77,120.07,118.12,118.46,1049300
2014-06-13,118.76,119.57,118.26,119.14,956500
2014-06-16,118.9,119.71,118.7,119.2,1251200
2014-06-17,119.26,119.38,118.19,119.099998,1197900
2014-06-18,119.32,119.79,118.46,119.64,926500
2014-06-19,119.66,120.17,118.98,120.040001,1256800
2014-06-20,119.7,120.099998,119.44,119.55,2210200
2014-06-23,119.82,119.82,118.43,118.74,1193200
2014-06-24,118.11,118.85,116.63,116.69,1483400
2014-06-25,116.7,117.41,116.2,117.22,1215900
2014-06-26,117.29,117.37,116.16,116.98,909200
2014-06-27,116.78,117.75,116.75,117.5,1522400
2014-06-30,117.41,117.56,116.38,116.55,1231500
2014-07-01,115.17,117.07,114.66,116.45,2174100
2014-07-02,116.19,116.45,115.13,115.5,1484300
2014-07-03,116.050003,116.52,115.75,116.019997,888900
2014-07-07,116.17,116.23,115.34,115.75,1392000
2014-07-08,115.67,115.75,114.32,114.8,1316300
2014-07-09,115.0,115.68,114.53,115.62,1094800
2014-07-10,114.07,116.12,114.040001,115.53,1173200
2014-07-11,115.67,117.019997,115.31,116.85,1513300
2014-07-14,117.089996,117.45,116.41,116.68,1556900
2014-07-15,116.89,118.099998,116.87,117.51,1596700
2014-07-16,117.96,118.15,117.15,117.51,798800
2014-07-17,117.059998,117.55,116.050003,116.099998,795800
2014-07-18,116.65,117.88,116.51,117.64,1424900
2014-07-21,117.48,118.47,117.099998,118.35,828500
2014-07-22,118.71,119.14,118.35,118.55,1382700
2014-07-23,120.35,121.11,119.11,120.73,2915400
2014-07-24,120.72,121.93,120.65,121.48,2182100
2014-07-25,120.96,122.17,120.86,121.14,1220600
2014-07-28,120.71,121.11,119.71,120.48,1239300
2014-07-29,120.48,120.71,119.18,119.18,990000
2014-07-30,119.23,119.98,118.55,119.21,1184200
2014-07-31,118.33,118.87,116.45,116.77,2168100
2014-08-01,116.42,118.080002,116.42,117.38,1540200
2014-08-04,117.38,117.6,115.91,117.23,1814900
2014-08-05,117.0,118.5,116.16,116.35,1914300
2014-08-06,115.56,115.99,114.6,114.75,1826600
2014-08-07,114.74,116.099998,114.099998,114.39,1566300
2014-08-08,114.6,117.29,114.6,117.16,1873500
2014-08-11,117.86,118.51,117.42,117.82,1139000
2014-08-12,117.72,118.6,116.86,117.22,936800
2014-08-13,117.85,119.3,117.64,119.12,921100
2014-08-14,119.35,119.93,119.050003,119.12,966000
2014-08-15,119.55,120.0,118.55,119.34,1879600
2014-08-18,120.2,121.49,120.17,121.18,1079400
2014-08-19,121.4,121.98,121.3,121.81,1054800
2014-08-20,121.65,123.75,121.49,123.48,1220800
2014-08-21,123.47,124.25,123.13,123.68,1254700
2014-08-22,123.67,124.38,123.12,123.85,1121600
2014-08-25,124.19,124.85,123.63,124.42,1167900
2014-08-26,124.66,124.89,124.26,124.4,760300
2014-08-27,124.6,124.76,123.68,123.99,878500
2014-08-28,123.7,123.79,122.94,123.39,1083900
2014-08-29,123.050003,123.6,122.64,123.25,1140600
2014-09-02,123.35,123.84,122.54,122.66,1711300
2014-09-03,123.55,124.98,123.47,124.93,2142800
2014-09-04,124.95,126.22,124.51,124.7,1493000
2014-09-05,124.73,125.5,123.56,125.45,1459800
2014-09-08,125.26,126.45,125.040001,125.77,1479400
2014-09-09,125.77,127.019997,125.72,126.26,1607800
2014-09-10,126.13,127.69,126.029999,127.42,1203000
2014-09-11,127.089996,127.2,126.34,126.62,1241800
2014-09-12,126.61,126.69,125.8,126.4,1027200
2014-09-15,126.34,127.13,125.78,126.85,1099300
2014-09-16,126.6,128.34,126.18,127.75,1253000
2014-09-17,128.0,128.89999,127.33,128.24001,985100
2014-09-18,128.60001,129.42999,128.56,129.28,1122600
2014-09-19,130.0,130.17,129.0099945,129.45,2467400
2014-09-22,129.27,129.38,127.89,128.020004,1155900
2014-09-23,127.62,128.029999,125.88,125.97,1603700
2014-09-24,126.14,127.2,125.9,126.98,1289300
2014-09-25,126.87,127.0,124.7,125.010002,1431100
2014-09-26,125.47,127.95,125.24,127.7,1569300
2014-09-29,126.8,128.48,126.59,127.49,1303600
2014-09-30,127.5,128.39,126.89,127.089996,1820500
2014-10-01,126.17,126.22,124.11,124.29,1929300
2014-10-02,123.080002,123.65,120.56,121.8,5747200
2014-10-03,122.62,123.79,122.43,123.54,2679800
2014-10-06,124.16,124.92,122.39,123.11,1493700
2014-10-07,122.8,122.95,120.66,120.69,1783700
2014-10-08,120.27,123.32,119.54,123.15,1767100
2014-10-09,123.19,123.36,120.96,121.5,2090900
2014-10-10,121.67,122.45,120.55,121.22,2437300
2014-10-13,122.19,123.089996,118.16,118.27,2319600
2014-10-14,118.53,120.15,118.13,118.61,2469000
2014-10-15,117.6,118.67,114.73,117.98,2292700
2014-10-16,115.99,118.64,115.63,117.85,2157100
2014-10-17,119.010002,121.5,119.010002,120.87,1929900
2014-10-20,120.51,121.35,120.28,121.3,1114000
2014-10-21,121.19,124.19,121.19,123.89,1781000
2014-10-22,127.18,128.22,125.59,126.31,2620900
2014-10-23,128.59,131.44,128.47,130.34,2192400
2014-10-24,130.34,132.53999,129.86,132.5,1407800
2014-10-27,132.33,133.28999,131.84,133.089996,1988500
2014-10-28,133.8,136.60001,133.74001,136.60001,2041100
2014-10-29,136.42,136.92,135.60001,136.45,1828900
2014-10-30,135.56,139.020004,134.67,138.28999,2275000
2014-10-31,139.78999,140.78,138.63,139.75999,2758600
2014-11-03,139.75999,140.42,138.72,139.72,2339100
2014-11-04,139.64999,140.89,139.3,140.78999,1965200
2014-11-05,141.14,142.38,140.27,141.95,1916200
2014-11-06,142.0,142.57001,141.36,141.56,1490900
2014-11-07,141.5,141.73,139.73,140.14,1994800
2014-11-10,140.3,141.47,139.92,140.82001,1762500
2014-11-11,141.050003,142.12,141.0099945,141.3,1276600
2014-11-12,140.88,141.64999,140.71001,141.3,1226800
2014-11-13,140.98,143.5,140.89,142.71001,1977400
2014-11-14,142.61,143.42,141.55,142.66,1768500
2014-11-17,142.21001,142.94,141.7,142.050003,1298600
2014-11-18,142.24001,144.7,141.92999,143.92999,1349000
2014-11-19,143.50999,143.64,142.47,143.37,1069700
2014-11-20,142.75999,143.92999,141.97,143.75,1103000
2014-11-21,145.35001,145.72,144.27,144.59,1404900
2014-11-24,145.089996,145.92,144.64,144.88,1631900
2014-11-25,145.39999,145.44,144.56,144.60001,1614600
2014-11-26,144.89999,145.050003,144.39,144.53,1552800
2014-11-28,145.31,146.13,145.029999,145.36,840100
2014-12-01,145.0,145.2,143.7,143.75999,1823400
2014-12-02,144.089996,144.64,143.87,144.22,1489400
2014-12-03,144.75,145.39,144.33,145.13,1980500
2014-12-04,145.32001,145.32001,144.10001,144.88,1365300
2014-12-05,145.0,145.5,144.72,145.14999,1812400
2014-12-08,145.25,145.63,144.3,144.96001,2135500
2014-12-09,143.56,145.64999,142.94,145.020004,1850400
2014-12-10,144.66,144.83,140.94,141.14,1993800
2014-12-11,141.75999,143.35001,141.67,142.39999,1599700
2014-12-12,141.0099945,141.28999,137.34,137.41,2988700
2014-12-15,137.67,138.60001,135.49001,135.61,2468200
2014-12-16,135.42999,138.95,135.050003,136.39999,2210100
2014-12-17,136.60001,137.87,135.48,137.23,1954400
2014-12-18,138.72,140.25,138.72,139.82001,3154500
2014-12-19,140.12,140.84,139.75,139.83,4035600
2014-12-22,140.67999,142.0099945,140.21001,141.39999,3251700
2014-12-23,142.14,142.38,141.17,141.31,1553800
2014-12-24,141.60001,142.050003,141.42999,141.53999,815300
2014-12-26,141.92999,142.080002,141.3,141.39,570700
2014-12-29,141.0,141.31,140.23,140.67,985400
2014-12-30,140.62,140.73,139.45,139.63,965900
2014-12-31,139.2,139.89,137.50999,137.62,1169400
2015-01-02,138.47,139.050003,137.16,138.45,1111700
2015-01-05,137.96001,138.63,135.38,135.56,1437100
2015-01-06,135.78,136.61,134.17999,135.72,2766800
2015-01-07,135.78999,136.67,134.97,135.2,2067200
2015-01-08,136.13,138.57001,135.97,138.46001,3858400
2015-01-09,138.37,139.50999,137.38,138.97,3032700
2015-01-12,139.59,139.60001,137.53,137.89999,1386200
2015-01-13,139.50999,140.75,136.69,137.78999,1722100
2015-01-14,135.83,137.82001,135.39999,137.35001,1258800
2015-01-15,138.16,138.48,136.74001,137.71001,1481500
2015-01-16,137.49001,139.14999,136.81,139.070007,1681500
2015-01-20,139.089996,139.89,136.61,138.089996,1761500
2015-01-21,138.31,139.34,137.81,138.89,1197900
2015-01-22,139.42,141.56,138.46001,141.21001,1311200
2015-01-23,141.16,142.41,140.33,141.32001,895600
2015-01-26,141.13,141.13,139.50999,140.059998,1223300
2015-01-27,138.33,138.75,137.050003,137.2,1590100
2015-01-28,139.0,141.92,136.13,136.39999,2764700
2015-01-29,136.32001,136.84,133.039993,134.48,3133200
2015-01-30,132.83,135.11,132.63,133.21001,3479800
2015-02-02,133.89,136.49001,132.5,136.12,2031000
2015-02-03,136.89999,139.10001,136.47,138.95,1893100
2015-02-04,138.75,139.87,138.25999,138.53,1500500
2015-02-05,138.56,139.2,138.020004,138.69,1399500
2015-02-06,138.69,140.35001,138.3,139.28999,1428400
2015-02-09,138.64999,139.25999,136.63,136.94,1902100
2015-02-10,138.73,138.73,136.7,138.16,1361300
2015-02-11,138.089996,138.24001,136.32001,137.21001,1297400
2015-02-12,137.27,138.55,137.059998,138.14999,860900
2015-02-13,137.7,138.2,136.97,137.61,1361700
2015-02-17,137.31,138.25999,136.25999,138.050003,1242400
2015-02-18,137.74001,138.89999,137.64,138.66,755200
2015-02-19,138.34,139.92,138.0099945,139.50999,741900
2015-02-20,139.32001,142.55,139.039993,142.24001,1341200
2015-02-23,141.74001,142.050003,140.77,141.25999,747400
2015-02-24,140.88,142.059998,140.82001,141.67999,764100
2015-02-25,141.67999,141.67999,139.98,140.14,735300
2015-02-26,140.2,140.64,139.0,139.42999,1059500
2015-02-27,139.059998,139.53999,138.73,138.78,1267800
2015-03-02,138.78,140.62,138.78,139.8,1278200
2015-03-03,139.12,139.17,136.35001,137.089996,1513400
2015-03-04,136.53,137.53,136.029999,136.25,1866600
2015-03-05,136.21001,137.28,135.74001,136.42999,1660500
2015-03-06,135.66,136.21001,134.48,134.60001,1393100
2015-03-09,134.37,136.56,134.070007,135.92,1115300
2015-03-10,134.50999,134.99001,132.63,132.69,1997000
2015-03-11,133.45,133.77,132.070007,132.3,1495100
2015-03-12,132.53999,134.070007,132.53999,133.67,1520000
2015-03-13,133.53999,134.85001,131.33,132.19,1627300
2015-03-16,132.94,135.020004,132.81,134.97,1899800
2015-03-17,134.27,134.55,133.39999,134.13,1171200
2015-03-18,133.5,136.28999,132.45,136.12,2032800
2015-03-19,135.56,136.27,135.020004,135.28,1628500
2015-03-20,135.60001,137.3,134.89999,135.41,5233200
2015-03-23,136.45,137.029999,135.83,135.88,1596600
2015-03-24,135.84,137.17,135.12,135.2,1435100
2015-03-25,135.88,136.53,133.67,133.75999,1803500
2015-03-26,132.99001,135.050003,132.28,134.53,1856200
2015-03-27,134.35001,135.32001,134.14,135.039993,945700
2015-03-30,135.66,138.050003,135.17999,137.50999,1099100
2015-03-31,136.48,137.0,135.67,135.73,1286400
2015-04-01,135.070007,135.14,132.67999,133.98,1131400
2015-04-02,134.089996,135.17999,133.62,133.73,815200
2015-04-06,133.25999,136.080002,133.0099945,135.50999,1112100
2015-04-07,135.8,136.21001,134.95,135.0,1610600
2015-04-08,134.2,135.71001,134.2,135.24001,1157500
2015-04-09,135.28999,136.55,134.71001,135.78,845000
2015-04-10,136.22,136.82001,135.55,135.91,1028100
2015-04-13,135.64,136.39999,134.55,134.77,754100
2015-04-14,134.64999,134.77,132.14,133.10001,1486400
2015-04-15,133.67,134.42,132.48,132.60001,1256900
2015-04-16,132.28999,133.85001,131.47,133.14999,1352500
2015-04-17,132.57001,132.57001,130.91,131.27,1223100
2015-04-20,132.050003,133.88,131.94,133.28,776600
2015-04-21,133.82001,134.12,132.71001,133.14,742300
2015-04-22,133.020004,133.98,132.0,133.71001,869400
2015-04-23,133.020004,133.35001,132.27,132.8,1613800
2015-04-24,132.8,134.2,132.52,134.10001,1229000
2015-04-27,134.49001,134.66,133.37,133.56,1069900
2015-04-28,133.28,133.66,132.2,133.48,1163400
2015-04-29,136.69,140.19,136.17999,138.53,2822600
2015-04-30,137.91,139.16,136.78999,137.32001,2908000
2015-05-01,137.82001,140.31,137.81,140.14,1885700
2015-05-04,139.84,140.99001,138.92999,140.60001,1697300
2015-05-05,140.55,140.55,137.56,137.98,1652100
2015-05-06,138.60001,138.72,137.16,137.63,1792800
2015-05-07,137.5,138.39,137.059998,138.3,1157400
2015-05-08,140.10001,141.96001,138.75,141.66,1727600
2015-05-11,141.5,141.5,140.17,140.22,968200
2015-05-12,139.14,139.86,138.45,139.42999,804100
2015-05-13,140.0,140.38,138.75999,139.020004,953300
2015-05-14,140.0,141.12,139.89999,140.94,875500
2015-05-15,141.0,141.42,139.87,140.11,1278200
2015-05-18,140.2,140.73,139.87,140.28,1074500
2015-05-19,140.22,140.8,139.71001,140.050003,881100
2015-05-20,140.53999,140.89999,139.89999,139.95,951500
2015-05-21,139.96001,141.10001,139.85001,140.87,1248100
2015-05-22,139.88,140.36,138.77,139.64,1183800
2015-05-26,139.46001,139.49001,137.50999,137.99001,1092200
2015-05-27,138.64999,140.99001,138.53,140.56,1615600
2015-05-28,139.96001,140.52,139.35001,140.41,1134600
2015-05-29,140.50999,140.53,138.77,140.16,1699000
2015-06-01,140.35001,140.86,138.78999,140.25,1221600
2015-06-02,139.62,141.089996,138.55,140.60001,932200
2015-06-03,140.78999,141.85001,140.25,140.67999,1036900
2015-06-04,139.81,140.98,138.42999,138.98,1590400
2015-06-05,138.5,139.62,137.58,139.22,873700
2015-06-08,139.17,140.0,138.32001,138.34,1027900
2015-06-09,138.34,139.44,137.83,138.67999,1284200
2015-06-10,138.67999,141.89999,138.67999,141.53999,1335400
2015-06-11,141.67999,142.67,141.12,142.25,1425000
2015-06-12,141.75999,142.28999,140.23,142.050003,1203900
2015-06-15,140.74001,142.5,140.17999,142.020004,1414300
2015-06-16,141.71001,144.19,141.66,143.23,1888300
2015-06-17,143.52,144.78999,142.88,144.5,1395000
2015-06-18,144.66,147.029999,144.66,145.99001,1717500
2015-06-19,145.59,146.28999,145.020004,145.089996,1469000
2015-06-22,145.7,146.070007,144.35001,145.37,1223400
2015-06-23,146.020004,146.020004,144.63,145.37,1293500
2015-06-24,145.25,146.10001,144.69,145.52,1583300
2015-06-25,146.0,146.0,144.080002,144.13,1140500
2015-06-26,144.56,146.039993,144.28999,145.74001,2906900
2015-06-29,144.37,144.89,141.75999,141.84,1627000
2015-06-30,142.41,142.78999,140.67999,141.69,1363400
2015-07-01,142.42999,144.28999,142.36,143.17,1217100
2015-07-02,143.8,144.12,142.71001,143.14999,1098900
2015-07-06,142.24001,144.029999,141.72,143.34,1307500
2015-07-07,143.56,143.7,141.45,143.64999,1539300
2015-07-08,142.73,143.56,141.82001,142.25999,1566300
2015-07-09,143.8,144.73,143.69,143.88,1790500
2015-07-10,145.87,146.98,145.21001,146.10001,1707400
2015-07-13,147.23,147.56,145.89999,146.23,1723700
2015-07-14,146.57001,147.64,146.57001,146.97,1787200
2015-07-15,147.14999,147.74001,146.73,147.25,1646000
2015-07-16,148.0,148.67,147.73,148.45,1315600
2015-07-17,148.60001,148.84,146.99001,148.64999,1064800
2015-07-20,148.64,149.34,148.38,149.0099945,983100
2015-07-21,148.53999,148.61,145.39,146.28999,1451900
2015-07-22,146.11,146.37,144.16,145.22,2012400
2015-07-23,145.62,146.33,144.59,144.8,1467400
2015-07-24,144.81,144.83,142.31,142.62,1659000
2015-07-27,142.12,142.92999,141.8,142.41,1466000
2015-07-28,142.94,145.87,142.87,144.28999,2061100
2015-07-29,149.27,153.39999,149.070007,149.96001,4004500
2015-07-30,149.95,151.21001,149.64999,150.28,1603600
2015-07-31,150.56,150.64,148.75,149.11,1309400
2015-08-03,149.13,149.58,147.66,148.85001,921500
2015-08-04,148.7,149.91,147.64,148.8,897200
2015-08-05,149.75,150.83,149.53,149.82001,814200
2015-08-06,150.11,150.39999,148.48,149.46001,813900
2015-08-07,149.28,149.98,148.42999,149.72,951300
2015-08-10,150.67,152.37,150.67,151.96001,1011900
2015-08-11,150.67,150.97,149.49001,150.60001,950400
2015-08-12,149.11,150.69,147.67,150.39,1227500
2015-08-13,150.13,151.080002,149.53999,150.53999,851500
2015-08-14,150.41,151.7,149.71001,151.61,712900
2015-08-17,151.080002,153.0,150.83,152.85001,1182100
2015-08-18,152.3,153.52,151.89,153.28,982200
2015-08-19,152.78999,153.75999,151.78,152.75,1287900
2015-08-20,151.85001,152.11,148.86,148.92999,1292500
2015-08-21,147.74001,147.74001,145.13,145.17,2652100
2015-08-24,136.0099945,146.080002,132.020004,140.81,3009400
2015-08-25,144.089996,144.75,138.74001,138.84,2175900
2015-08-26,141.85001,144.14999,139.2,144.050003,1806200
2015-08-27,144.82001,145.91,142.59,145.17,2418300
2015-08-28,144.53,145.37,143.39,144.53,1203200
2015-08-31,143.75999,144.0,141.50999,142.029999,1224900
2015-09-01,139.94,140.63,138.28,138.89,2290000
2015-09-02,140.31,142.45,140.21001,142.45,1171800
2015-09-03,142.66,144.53999,142.46001,143.41,1356400
2015-09-04,141.61,141.99001,140.5,141.17999,974000
2015-09-08,143.41,144.39,142.69,144.39,1375600
2015-09-09,145.58,145.85001,142.17999,142.47,1207900
2015-09-10,142.47,142.48,140.059998,140.71001,1590200
2015-09-11,140.25,141.89999,140.020004,141.88,1259000
2015-09-14,142.0,142.46001,140.28,140.64999,1053800
2015-09-15,141.0099945,142.089996,140.13,141.78999,1124700
2015-09-16,141.83,142.0,140.92999,141.84,1147300
2015-09-17,142.0099945,143.75999,141.27,141.56,1215600
2015-09-18,139.97,140.49001,138.72,139.24001,3093400
2015-09-21,139.53999,140.58,138.89,139.72,897800
2015-09-22,138.020004,138.78999,137.42,137.95,1390400
2015-09-23,137.96001,138.32001,136.020004,136.57001,950800
2015-09-24,135.67,138.99001,134.64,138.50999,1982700
2015-09-25,139.23,139.82001,137.41,138.020004,1174200
2015-09-28,136.81,137.64,135.039993,135.11,1762700
2015-09-29,134.83,135.85001,134.10001,135.59,1869600
2015-09-30,137.38,138.50999,136.28999,137.95,1557700
2015-10-01,138.0,138.78999,136.42,138.17999,1226800
2015-10-02,135.99001,139.14999,135.77,139.13,1169800
2015-10-05,140.48,144.41,140.24001,144.12,1774800
2015-10-06,143.50999,144.59,140.48,140.66,1787000
2015-10-07,140.82001,142.14,139.59,140.36,1405800
2015-10-08,139.59,142.17999,138.62,141.91,1102900
2015-10-09,141.91,143.49001,141.87,142.72,1265600
2015-10-12,143.070007,144.0099945,142.73,143.69,588600
2015-10-13,142.16,143.57001,141.59,141.71001,703700
2015-10-14,141.77,142.41,139.22,139.5,865400
2015-10-15,140.55,141.28999,139.55,141.28999,749800
2015-10-16,141.059998,142.0099945,140.38,141.7,1058400
2015-10-19,140.92999,141.32001,140.37,141.25,958100
2015-10-20,141.19,141.71001,140.53999,141.25,990500
2015-10-21,142.0,144.83,141.66,143.089996,1099600
2015-10-22,144.0,147.67999,143.89,147.25,1330100
2015-10-23,148.25,148.8,147.39,148.28,1198400
2015-10-26,148.22,148.88,147.58,148.14999,851800
2015-10-27,147.67999,149.070007,147.39999,148.39999,1621200
2015-10-28,150.87,152.50999,147.21001,150.78,2626800
2015-10-29,150.47,150.92999,147.5,149.97,1680100
2015-10-30,150.35001,150.94,147.28,148.58,2127500
2015-11-02,149.24001,149.38,147.67,148.72,1651100
2015-11-03,147.58,148.10001,146.17,147.17,1868000
2015-11-04,147.28999,147.88,146.83,147.28,893600
2015-11-05,147.21001,147.67999,145.53999,147.070007,1272600
2015-11-06,146.69,146.99001,144.84,145.92,1744600
2015-11-09,145.46001,145.67999,143.66,144.28999,1164100
2015-11-10,143.73,144.73,142.5,143.94,1455300
2015-11-11,144.42999,144.78999,143.25999,143.31,1218000
2015-11-12,143.0099945,143.0099945,141.62,141.85001,1667900
2015-11-13,141.23,142.24001,140.17999,140.60001,1634100
2015-11-16,141.25,143.36,141.080002,143.28,1731400
2015-11-17,143.71001,144.45,142.5,142.87,1426700
2015-11-18,143.28999,143.98,142.28,143.71001,1037700
2015-11-19,144.83,145.92,144.28,145.2,1510500
2015-11-20,146.25,146.72,145.39,145.5,1644600
2015-11-23,145.75999,146.0,144.37,144.59,1129700
2015-11-24,143.87,146.0099945,143.64,145.53,1260000
2015-11-25,145.63,145.95,144.89999,145.17999,1157700
2015-11-27,145.53,145.99001,145.14,145.56,542100
2015-11-30,146.5,147.59,146.0,146.46001,1960600
2015-12-01,147.23,148.39999,146.83,147.60001,1618800
2015-12-02,147.41,147.49001,145.23,145.35001,1576400
2015-12-03,145.44,145.72,141.58,141.96001,2988700
2015-12-04,142.45,144.27,142.37,143.84,1882700
2015-12-07,143.75999,144.19,141.53,143.089996,1782800
2015-12-08,142.17,142.57001,140.85001,142.0,1423100
2015-12-09,141.89999,142.63,139.32001,140.17,1653600
2015-12-10,140.2,141.039993,139.50999,140.0,1355300
2015-12-11,138.91,139.25,137.57001,137.84,1307800
2015-12-14,138.33,139.3,137.059998,139.19,1244400
2015-12-15,139.83,140.48,137.95,138.039993,2181900
2015-12-16,137.74001,140.089996,136.42,139.64,2163100
2015-12-17,139.57001,140.080002,138.0099945,138.16,1186700
2015-12-18,137.39999,138.12,136.080002,136.71001,2570800
2015-12-21,137.28,139.14,136.66,138.089996,941800
2015-12-22,139.13,140.50999,138.50999,139.94,1283600
2015-12-23,140.42999,140.87,139.44,139.89,967300
2015-12-24,139.73,140.19,139.49001,139.84,358100
2015-12-28,139.75,140.16,138.3,139.59,731200
2015-12-29,140.64,141.28999,139.74001,140.34,776600
2015-12-30,140.23,140.61,138.85001,139.25999,766000
2015-12-31,138.5,138.74001,136.62,137.36,786500
2016-01-04,135.62,136.10001,134.81,136.070007,1772200
2016-01-05,136.10001,137.35001,135.53,136.64,1525100
2016-01-06,135.0,136.13,134.080002,135.25999,1576200
2016-01-07,133.69,133.97,130.42,130.8,2096200
2016-01-08,130.94,132.21001,129.87,130.19,2120800
2016-01-11,131.39999,132.17999,130.14999,131.28999,2080100
2016-01-12,132.44,132.89,131.029999,132.49001,1516800
2016-01-13,132.52,132.83,128.82001,129.050003,1400900
2016-01-14,129.13,130.14999,127.36,129.039993,1713300
2016-01-15,125.83,127.11,124.57,125.99,2849300
2016-01-19,126.9,128.10001,126.11,127.38,1643700
2016-01-20,125.4,126.089996,121.61,124.18,2161800
2016-01-21,124.38,125.61,123.69,124.32,1568300
2016-01-22,125.5,126.49,124.76,126.37,1195800
2016-01-25,126.010002,126.33,124.43,124.6,1788000
2016-01-26,124.29,127.81,123.93,127.38,1777300
2016-01-27,124.11,135.34,122.67,129.0,5841600
2016-01-28,128.85001,130.039993,127.36,128.64999,2504500
2016-01-29,129.14999,134.23,129.14999,133.77,3751600
2016-02-01,132.3,134.38,130.83,133.62,2793900
2016-02-02,132.67999,133.94,131.99001,133.53,2896700
2016-02-03,134.089996,134.41,131.46001,133.78999,2046600
2016-02-04,133.75999,136.089996,133.14,135.35001,2306300
2016-02-05,135.21001,136.13,133.84,134.2,1799100
2016-02-08,132.32001,132.73,130.73,132.25999,1941100
2016-02-09,130.47,132.92,130.47,132.13,2205400
2016-02-10,132.53,134.37,132.5,133.070007,1337200
2016-02-11,130.59,131.17,125.74,128.58,2580400
2016-02-12,129.64,130.55,127.68,130.17999,1722100
2016-02-16,131.48,132.59,130.25,131.50999,1620500
2016-02-17,132.24001,135.48,132.24001,135.029999,1566300
2016-02-18,134.62,136.27,134.2,135.050003,1359100
2016-02-19,134.89,136.0099945,134.32001,135.25999,1370700
2016-02-22,135.25999,137.72,135.25999,136.62,1208600
2016-02-23,135.94,137.19,135.27,135.91,1221900
2016-02-24,135.0,135.63,132.85001,135.14999,1371800
2016-02-25,135.52,137.35001,135.31,137.24001,1091400
2016-02-26,137.61,138.53,137.0099945,137.11,1752800
2016-02-29,136.89999,137.55,135.55,136.27,2944700
2016-03-01,136.97,138.37,136.64,138.24001,1290600
2016-03-02,137.69,138.12,133.57001,135.61,2665800
2016-03-03,135.74001,136.53,134.67,135.74001,2012600
2016-03-04,135.74001,136.52,134.88,135.28,1710300
2016-03-07,134.17,134.95,131.50999,132.33,2099300
2016-03-08,131.28,132.27,130.74001,131.39999,1782200
2016-03-09,131.62,132.34,130.63,131.91,1503200
2016-03-10,132.8,134.25999,131.94,133.57001,2234600
2016-03-11,134.55,136.039993,134.32001,135.52,1495900
2016-03-14,134.94,135.56,134.13,134.21001,1419300
2016-03-15,134.089996,134.089996,132.38,133.28999,1468200
2016-03-16,133.28,134.42999,132.53999,133.99001,1146600
2016-03-17,134.25999,134.47,133.52,134.12,1617000
2016-03-18,134.49001,136.089996,134.17,135.45,2581200
2016-03-21,134.89999,135.41,134.39,134.78,1151300
2016-03-22,134.67999,135.98,134.020004,135.24001,954900
2016-03-23,135.2,135.52,134.089996,134.32001,785600
2016-03-24,132.39999,132.39999,127.74,129.080002,3344100
2016-03-28,129.5,131.11,128.99001,130.82001,1786100
2016-03-29,130.78999,132.2,130.059998,131.86,1633800
2016-03-30,132.13,132.39999,131.24001,131.73,1400200
2016-03-31,131.57001,131.82001,130.42,131.37,1820800
2016-04-01,130.38,132.62,129.69,132.34,2060900
2016-04-04,132.28999,133.070007,131.52,131.69,1555300
2016-04-05,131.34,132.33,130.62,130.84,1488700
2016-04-06,129.78999,131.85001,129.55,131.72,1455200
2016-04-07,131.28,133.0,130.84,131.39,1419800
2016-04-08,132.42,133.8,132.28999,132.91,1120800
2016-04-11,133.38,134.070007,131.86,131.89999,902200
2016-04-12,131.94,133.85001,131.82001,133.55,826900
2016-04-13,134.48,134.99001,133.5,134.32001,1387800
2016-04-14,134.12,134.44,132.89999,133.57001,1159900
2016-04-15,133.69,135.14,133.50999,134.81,1158600
2016-04-18,134.62,136.50999,134.34,136.28999,1283500
2016-04-19,136.55,136.95,135.58,136.69,1567800
2016-04-20,136.74001,139.039993,136.60001,136.71001,1639000
2016-04-21,136.86,138.77,136.7,137.72,1492600
2016-04-22,138.029999,138.42999,136.44,137.89999,1140100
2016-04-25,137.050003,137.75,136.5,136.78999,951500
2016-04-26,137.50999,139.0,137.24001,138.71001,1468500
2016-04-27,139.0,144.14999,138.60001,143.61,2888100
2016-04-28,142.21001,143.45,140.67,141.16,1783000
2016-04-29,140.10001,140.83,139.0,140.52,1893500
2016-05-02,140.72,142.8,139.97,141.83,1529100
2016-05-03,141.14,142.82001,140.070007,142.34,1291700
2016-05-04,141.99001,142.35001,140.66,141.42999,958200
2016-05-05,141.66,142.60001,141.0099945,142.2,1429000
2016-05-06,141.99001,143.67,141.73,143.44,1780800
2016-05-09,143.28,144.75999,142.71001,142.97,1400000
2016-05-10,143.74001,145.8,143.60001,145.71001,1565000
2016-05-11,145.74001,146.31,144.71001,144.96001,1383500
2016-05-12,144.74001,145.98,144.28999,145.31,1372100
2016-05-13,144.87,145.67999,144.17,144.37,991200
2016-05-16,144.059998,145.81,144.0,145.37,937300
2016-05-17,145.42999,147.16,144.25999,145.0,1557500
2016-05-18,144.31,145.92,143.41,144.31,1154400
2016-05-19,143.46001,143.96001,142.31,143.59,1236900
2016-05-20,144.48,144.94,143.72,144.62,1194500
2016-05-23,144.28,144.63,142.25,142.25,1632000
2016-05-24,142.75,143.36,142.72,142.96001,1977800
2016-05-25,143.45,143.56,142.55,142.97,1349500
2016-05-26,142.95,143.28,142.47,142.83,951400
2016-05-27,142.8,143.42999,142.78999,143.13,761100
2016-05-31,143.53999,143.91,141.53999,141.87,1690900
2016-06-01,141.87,141.87,140.97,141.47,5111200
2016-06-02,140.92,141.47,139.99001,140.13,2087000
2016-06-03,140.0099945,140.87,138.75999,140.23,2602400
2016-06-06,140.53,141.25,140.039993,140.34,979900
2016-06-07,140.75,141.81,140.56,141.059998,1826600
2016-06-08,140.87,141.67,140.60001,141.49001,870500
2016-06-09,141.19,142.13,141.0,141.98,1347100
2016-06-10,141.17,142.089996,141.029999,141.53,1400800
2016-06-13,141.2,141.62,139.029999,139.11,1390800
2016-06-14,138.99001,139.46001,138.3,139.42999,1084100
2016-06-15,139.75,140.81,139.53,140.11,1462200
2016-06-16,139.53999,140.64999,138.42999,139.75999,946200
2016-06-17,139.89999,140.089996,138.080002,138.99001,1520400
2016-06-20,140.42,141.56,139.97,140.92,1897400
2016-06-21,141.22,141.58,139.41,139.41,1597100
2016-06-22,139.78,140.39,138.61,138.78999,1359900
2016-06-23,140.14999,140.14999,138.87,139.78,1017900
2016-06-24,135.89,138.88,135.029999,136.14,4483700
2016-06-27,135.0,135.45,132.67999,133.059998,2301500
2016-06-28,134.56,134.56,132.81,133.94,1912100
2016-06-29,134.74001,135.8,133.25,135.63,1299900
2016-06-30,135.82001,139.53999,135.81,139.24001,2677000
2016-07-01,139.52,141.53999,139.5,141.34,3943000
2016-07-05,140.92999,141.0,137.78999,138.41,1948700
2016-07-06,138.14,140.029999,136.71001,139.89,1998700
2016-07-07,139.69,140.89999,138.36,138.69,1439200
2016-07-08,139.56,140.8,139.10001,140.48,2033900
2016-07-11,140.56,141.95,140.56,141.19,1331400
2016-07-12,142.10001,142.69,141.44,141.53999,1853700
2016-07-13,141.7,142.42,141.41,141.73,1100700
2016-07-14,142.81,143.2,142.050003,142.56,1111800
2016-07-15,142.91,143.0,142.039993,142.089996,1447900
2016-07-18,142.050003,142.28999,140.92,141.0,1278000
2016-07-19,141.0,143.67999,140.87,143.31,2450100
2016-07-20,143.71001,144.69,143.42,144.53999,1511700
2016-07-21,144.61,144.62,142.17999,142.86,979900
2016-07-22,142.59,143.89,142.13,143.77,830000
2016-07-25,143.28,143.97,142.53,143.72,1141300
2016-07-26,143.99001,144.61,143.49001,144.50999,1312400
2016-07-27,146.070007,147.67,143.58,146.63,2743000
2016-07-28,146.5,147.49001,145.050003,147.10001,2150500
2016-07-29,146.46001,147.19,145.69,146.89,1591400
2016-08-01,147.14999,149.37,146.92999,149.089996,2237800
2016-08-02,148.59,149.31,147.37,148.22,1711300
2016-08-03,148.17999,148.44,147.19,147.81,1192500
2016-08-04,147.96001,148.38,146.82001,147.37,1398400
2016-08-05,147.57001,149.0099945,147.45,148.89,1138100
2016-08-08,148.56,149.16,147.8,148.11,833900
2016-08-09,148.14,148.87,148.10001,148.57001,921300
2016-08-10,149.59,151.60001,149.59,151.47,2667800
2016-08-11,151.38,151.75999,150.55,151.3,2155800
2016-08-12,150.73,151.75,150.73,151.47,1045000
2016-08-15,151.42999,153.8,151.37,153.39999,2128700
2016-08-16,152.75,153.35001,152.020004,152.39999,1206400
2016-08-17,152.55,153.089996,151.77,152.97,1155700
2016-08-18,152.91,153.2,151.77,152.42999,1514100
2016-08-19,151.94,152.57001,151.34,152.38,1152200
2016-08-22,152.37,152.58,151.78999,152.22,1086300
2016-08-23,153.0,153.0,151.64999,152.14999,1352000
2016-08-24,151.83,152.53,151.42,152.28999,1039700
2016-08-25,152.28999,153.0099945,151.81,152.67999,908000
2016-08-26,152.92999,153.19,150.96001,151.58,1153800
2016-08-29,151.48,152.89999,151.39,152.82001,954400
2016-08-30,152.69,153.0,151.89,152.56,665000
2016-08-31,152.56,152.7,151.61,152.22,1053700
2016-09-01,152.63,153.14999,151.58,152.84,597600
2016-09-02,153.2,153.92999,152.99001,153.81,1041900
2016-09-06,153.74001,154.98,153.59,154.63,993000
2016-09-07,154.48,154.75,152.78999,153.11,1053500
2016-09-08,152.87,152.87,151.35001,152.39999,1002500
2016-09-09,151.60001,151.67999,149.89999,149.91,1195900
2016-09-12,149.14,152.23,149.14,151.81,1006200
2016-09-13,150.99001,151.63,150.11,150.60001,919500
2016-09-14,150.57001,151.97,149.48,149.83,1427700
2016-09-15,150.14999,152.24001,149.85001,152.16,1214500
2016-09-16,151.55,151.66,149.57001,150.75,1869300
2016-09-19,151.67999,152.87,151.60001,152.17,886900
2016-09-20,152.41,152.89,151.47,151.86,726700
2016-09-21,152.0,153.19,151.67999,153.10001,800700
2016-09-22,153.88,154.88,153.47,154.86,1160500
2016-09-23,152.039993,154.36,150.0,153.81,876800
2016-09-26,153.47,154.88,153.070007,153.87,1252600
2016-09-27,153.72,155.7,153.53999,155.28,1413000
2016-09-28,155.77,156.21001,155.10001,156.0099945,1082500
2016-09-29,155.16,156.97,154.82001,155.61,1771300
2016-09-30,156.36,156.95,154.69,155.16,1856900
2016-10-03,154.58,155.64999,154.21001,154.71001,1325200
2016-10-04,155.46001,155.61,152.87,153.55,1413000
2016-10-05,153.39,154.48,153.28,153.72,1142200
2016-10-06,153.8,154.42999,153.13,154.14,1685100
2016-10-07,151.83,153.22,150.25999,152.96001,2063600
2016-10-10,153.53,154.25999,152.58,152.89,1247700
2016-10-11,152.059998,152.36,149.039993,149.60001,1694000
2016-10-12,149.61,150.56,149.55,150.0,1151700
2016-10-13,149.49001,151.46001,149.49001,151.0099945,950600
2016-10-14,152.78999,152.78999,151.31,151.34,862600
2016-10-17,151.28,151.61,150.35001,150.48,971600
2016-10-18,151.35001,152.28999,151.24001,151.88,703800
2016-10-19,152.10001,152.7,151.41,151.42,706700
2016-10-20,151.48,151.78,150.23,150.71001,944100
2016-10-21,149.58,150.32001,149.13,150.17999,1245700
2016-10-24,151.17,152.17999,151.0,151.44,905500
2016-10-25,151.21001,153.050003,151.21001,152.59,1448700
2016-10-26,149.67,152.95,149.050003,151.14,2787400
2016-10-27,151.58,151.67999,149.10001,150.13,1594000
2016-10-28,150.46001,152.49001,150.089996,151.5,1500900
2016-10-31,152.029999,152.21001,150.72,150.74001,1568000
2016-11-01,151.070007,152.12,149.48,149.98,1529900
2016-11-02,149.69,151.12,149.56,149.67,1309400
2016-11-03,150.0,150.49001,148.75999,150.029999,1461200
2016-11-04,150.029999,151.10001,149.67,149.81,1059600
2016-11-07,151.31,152.42999,150.89999,152.39,1425300
2016-11-08,152.25999,154.33,152.059998,153.78,1216900
2016-11-09,157.67,163.56,157.67,162.089996,5323100
2016-11-10,162.47,166.82001,162.47,166.50999,3251800
2016-11-11,165.99001,168.60001,164.089996,168.55,1725600
2016-11-14,169.86,171.19,168.56,170.19,2589700
2016-11-15,169.97,170.82001,166.37,168.020004,2508500
2016-11-16,167.72,167.89,165.28999,165.84,1611700
2016-11-17,165.82001,166.91,165.22,165.63,1553300
2016-11-18,165.50999,167.36,164.97,166.62,1596900
2016-11-21,166.95,168.7,166.81,168.42999,1524000
2016-11-22,169.7,170.38,168.42,170.17999,1446400
2016-11-23,170.39999,171.19,169.87,170.55,1432500
2016-11-25,170.78,172.23,170.46001,172.080002,627000
2016-11-28,172.24001,173.55,172.0,172.67,1835400
2016-11-29,172.97,175.7,172.97,175.13,1640300
2016-11-30,175.42,176.45,174.7,175.35001,2326600
2016-12-01,175.81,177.39,175.59,176.39999,1691600
2016-12-02,176.5,178.73,176.3,178.67,1716000
2016-12-05,179.8,180.089996,178.25,178.52,1744600
2016-12-06,177.59,178.77,176.34,178.089996,1923500
2016-12-07,178.10001,178.47,176.67,178.42999,1941800
2016-12-08,178.080002,178.13,173.44,173.67,2366100
2016-12-09,173.42999,175.64,173.28,175.39,1495400
2016-12-12,172.22,174.13,168.0,173.74001,2961300
2016-12-13,174.61,176.28,173.53,174.31,1462800
2016-12-14,174.49001,175.5,173.50999,173.74001,1721100
2016-12-15,173.34,175.86,173.34,174.12,1193700
2016-12-16,174.47,176.39999,173.86,174.41,3017400
2016-12-19,175.0,175.75,173.61,174.63,1358800
2016-12-20,174.96001,176.070007,174.11,175.25999,1185600
2016-12-21,175.60001,175.92,174.020004,174.10001,944400
2016-12-22,174.56,175.089996,173.88,174.53,904700
2016-12-23,173.89,175.46001,173.83,175.25,685100
2016-12-27,175.95,176.36,173.97,174.58,999300
2016-12-28,174.7,175.31,172.94,173.050003,1182500
2016-12-29,173.55,174.070007,172.35001,173.21001,967800
2016-12-30,173.75,174.27,171.64999,172.66,1192200
2017-01-03,174.39,176.72,174.25999,175.45,1321800
2017-01-04,176.14,176.25999,174.21001,175.53999,1238500
2017-01-05,175.78,178.36,175.10001,176.14,1279700
2017-01-06,176.0,177.77,175.74001,177.46001,998600
2017-01-09,176.60001,177.5,175.71001,176.070007,1072100
2017-01-10,176.77,177.89999,175.75,176.36,1094600
2017-01-11,176.33,177.11,175.27,177.070007,1425700
2017-01-12,177.23,177.23,173.60001,176.52,1275700
2017-01-13,176.77,178.080002,176.41,177.89,952900
2017-01-17,177.0,177.99001,174.97,175.97,1202200
2017-01-18,175.17,176.089996,174.3,175.99001,949900
2017-01-19,177.0,178.36,175.89999,177.81,1523600
2017-01-20,178.31,178.92,176.85001,178.28,1755400
2017-01-23,178.52,179.19,176.10001,177.23,1265500
2017-01-24,176.34,178.42,175.85001,177.25,1213800
2017-01-25,176.42,177.2,172.42999,175.32001,2656100
2017-01-26,175.5,177.62,175.25,177.3,1844700
2017-01-27,176.31,187.37,175.7,185.14,4340200
2017-01-30,185.23,186.31,180.67999,182.47,2802800
2017-01-31,181.14,181.47,178.89999,181.080002,2235800
2017-02-01,181.31,182.44,180.14999,181.029999,1244300
2017-02-02,180.75,181.31,179.11,180.36,1129600
2017-02-03,180.029999,183.25,180.020004,183.12,1544700
2017-02-06,183.39999,184.61,182.67,183.039993,1106800
2017-02-07,183.91,185.0,183.10001,183.21001,1532600
2017-02-08,182.89999,183.94,181.94,183.14,1249600
2017-02-09,183.67999,183.84,182.42,182.59,1310500
2017-02-10,182.84,184.66,182.16,184.39999,1414100
2017-02-13,184.64999,187.5,184.64999,186.60001,1272300
2017-02-14,187.050003,187.48,184.61,187.23,1391200
2017-02-15,186.75999,188.3,186.24001,187.99001,998600
2017-02-16,188.050003,188.75999,186.42999,188.74001,1153500
2017-02-17,188.60001,189.10001,187.39999,189.059998,1163300
2017-02-21,189.020004,189.94,188.60001,189.59,1102800
2017-02-22,189.58,189.98,188.74001,189.89,765700
2017-02-23,189.87,190.59,187.53,188.3,1157700
2017-02-24,187.89999,189.71001,187.0099945,189.63,1147500
2017-02-27,189.64999,190.89,188.27,190.39999,1605000
2017-02-28,190.19,191.31,189.3,189.81,1874400
2017-03-01,190.5,193.17,190.24001,192.41,2088600
2017-03-02,192.2,192.64999,190.67,191.050003,1064900
2017-03-03,190.99001,191.050003,188.74001,189.64999,1501800
2017-03-06,189.28,191.31,189.0099945,190.94,1126100
2017-03-07,190.89999,192.2,190.42999,191.47,926600
2017-03-08,191.32001,191.39,190.080002,190.38,925800
2017-03-09,190.53,191.33,189.83,190.34,843200
2017-03-10,191.85001,191.85001,189.62,190.84,835600
2017-03-13,190.83,191.67999,190.62,191.56,853000
2017-03-14,190.83,191.0,189.33,189.75,1055100
2017-03-15,190.080002,192.0,189.75,191.66,985900
2017-03-16,191.97,192.17999,189.92,190.64999,1082600
2017-03-17,191.31,194.0,190.89999,193.27,1824500
2017-03-20,193.2,193.64999,191.77,191.98,930500
2017-03-21,192.35001,193.16,188.25,188.69,1266500
2017-03-22,188.88,190.13,187.95,189.60001,835900
2017-03-23,189.53999,190.61,189.0099945,189.56,794500
2017-03-24,189.53999,189.89999,186.35001,187.52,1498600
2017-03-27,184.89,186.17999,183.72,185.49001,1930600
2017-03-28,185.0,189.45,184.88,188.44,1231000
2017-03-29,188.0,188.92,187.2,188.28999,869700
2017-03-30,188.44,189.3,188.2,188.78,926000
2017-03-31,188.39,188.56,186.42,187.2,2063800
2017-04-03,187.48,188.2,186.25999,187.74001,1259500
2017-04-04,187.74001,188.33,186.34,187.72,1073600
2017-04-05,187.62,189.32001,185.73,185.85001,932000
2017-04-06,185.87,187.13,185.85001,186.3,745700
2017-04-07,188.8,189.42,186.60001,188.039993,1189400
2017-04-10,188.089996,188.85001,187.25999,187.66,911100
2017-04-11,187.44,188.94,186.67,188.38,810600
2017-04-12,188.42999,188.7,186.13,186.34,1121000
2017-04-13,186.039993,188.0099945,185.64,186.73,1173300
2017-04-17,187.17999,188.97,186.87,188.89,843900
2017-04-18,188.3,189.60001,187.070007,187.38,1199400
2017-04-19,187.84,188.24001,187.029999,187.75,1239800
2017-04-20,188.020004,189.039993,187.38,188.13,984000
2017-04-21,188.84,189.89999,188.2,188.94,1153300
2017-04-24,191.38,192.49001,190.41,191.91,1561400
2017-04-25,190.87,193.48,190.69,193.24001,1819800
2017-04-26,194.67,196.97,193.74001,194.85001,1958000
2017-04-27,195.48,196.62,193.95,195.029999,976500
2017-04-28,195.039993,195.28,193.42999,193.78999,1195400
2017-05-01,194.24001,195.0,193.14999,193.14999,1004500
2017-05-02,193.89999,194.070007,193.0,194.070007,941500
2017-05-03,193.87,194.5,192.89,194.17999,773500
2017-05-04,194.28,195.13,193.38,194.55,1101800
2017-05-05,194.75,195.99001,194.27,195.97,703200
2017-05-08,195.59,196.5,195.13,196.33,893600
2017-05-09,196.49001,197.0,196.070007,196.59,749300
2017-05-10,195.059998,195.89,193.35001,194.39,1365500
2017-05-11,194.25999,195.42999,193.17,194.98,905600
2017-05-12,194.36,195.64,194.17,195.59,674900
2017-05-15,195.48,196.029999,194.88,195.17999,906000
2017-05-16,195.070007,196.19,194.81,195.28999,790000
2017-05-17,195.28999,195.28999,191.61,192.0099945,1379000
2017-05-18,191.78999,193.50999,190.31,192.64,1256200
2017-05-19,193.21001,196.5,192.96001,195.87,1070000
2017-05-22,197.48,199.0,196.3,197.75,1453400
2017-05-23,198.22,199.37,197.039993,199.32001,1018900
2017-05-24,199.60001,200.61,199.080002,199.98,679100
2017-05-25,200.50999,201.89999,200.19,201.089996,1122100
2017-05-26,201.089996,202.58,200.85001,202.24001,751100
2017-05-30,202.19,202.64999,200.95,202.0099945,921100
2017-05-31,202.37,203.28,201.58,203.25,1488800
2017-06-01,203.16,203.47,201.88,202.52,1293500
2017-06-02,202.7,205.070007,202.58,203.7,917400
2017-06-05,203.37,203.48,201.34,201.47,902000
2017-06-06,200.92999,201.24001,198.3,198.44,1192700
2017-06-07,198.85001,199.020004,197.73,198.87,938600
2017-06-08,198.87,199.83,197.59,199.64,996500
2017-06-09,199.64,200.74001,198.44,199.47,1056500
2017-06-12,199.47,200.059998,197.029999,198.39999,1858300
2017-06-13,198.39999,200.92999,198.12,200.55,1263500
2017-06-14,200.55,202.45,200.35001,201.28,934600
2017-06-15,199.77,202.27,199.24001,202.029999,827500
2017-06-16,202.37,203.3,201.66,202.67,1391500
2017-06-19,203.41,204.74001,203.0,204.52,1066100
2017-06-20,203.75999,205.17,203.75999,203.86,838400
2017-06-21,204.39999,204.88,203.5,203.89,669700
2017-06-22,203.78999,203.98,201.19,201.25999,907800
2017-06-23,201.23,202.42,200.81,201.32001,1203300
2017-06-26,201.77,202.33,200.13,200.2,676900
2017-06-27,200.11,200.36,198.83,198.84,713800
2017-06-28,199.82001,201.42,199.33,200.83,787100
2017-06-29,200.99001,201.070007,196.13,196.96001,1423000
2017-06-30,197.75,199.21001,196.25999,198.10001,944700
2017-07-03,199.42,200.55,198.14,199.66,750600
2017-07-05,199.029999,201.21001,198.95,200.74001,1152300
2017-07-06,200.7,201.070007,198.78999,199.020004,799700
2017-07-07,199.5,202.17999,199.12,201.25999,1300600
2017-07-10,201.22,202.24001,200.21001,201.070007,1028600
2017-07-11,200.8,201.0099945,198.75,199.91,1139400
2017-07-12,201.32001,202.47,199.87,201.11,1404100
2017-07-13,201.19,201.47,199.97,200.14999,778900
2017-07-14,200.28,201.67999,200.059998,201.14999,1032700
2017-07-17,201.080002,201.42,199.5,200.14,1150800
2017-07-18,200.25,201.67,199.28,201.42,1128900
2017-07-19,202.0,202.46001,201.25,202.34,739800
2017-07-20,202.50999,203.19,202.0,202.39999,1064400
2017-07-21,202.11,204.55,201.83,204.55,992900
2017-07-24,204.55,205.50999,204.13,204.92999,1073400
2017-07-25,205.66,205.89999,202.91,203.56,1209100
2017-07-26,199.10001,199.37,193.57001,194.66,4079700
2017-07-27,195.73,195.92999,192.84,193.84,2265700
2017-07-28,194.050003,198.070007,194.039993,197.94,1785800
2017-07-31,198.58,198.59,196.080002,196.33,1470400
2017-08-01,196.96001,196.98,193.89999,196.53,1403100
2017-08-02,196.53,198.17999,196.080002,198.039993,980900
2017-08-03,198.3,199.39999,197.33,199.33,1070700
2017-08-04,199.52,200.070007,198.47,200.070007,1247100
2017-08-07,200.34,201.55,199.42999,201.14,1482100
2017-08-08,199.24001,200.92999,198.22,198.8,1352600
2017-08-09,199.28999,201.92,198.25,201.0,1353900
2017-08-10,200.67,200.99001,198.039993,198.28,1122800
2017-08-11,198.52,199.86,197.8,197.89,1105900
2017-08-14,199.17,200.5,198.49001,200.3,1192200
2017-08-15,200.56,200.56,198.89,199.49001,1017900
2017-08-16,200.0,201.33,199.63,200.61,876400
2017-08-17,199.36,200.10001,197.89,197.99001,1020500
2017-08-18,198.38,199.8,196.77,198.73,1581700
2017-08-21,198.74001,199.029999,196.89,198.73,1202000
2017-08-22,199.45,201.58,198.99001,201.23,877500
2017-08-23,200.7,201.17,199.39999,199.75,831300
2017-08-24,200.22,200.27,198.75,199.47,723500
2017-08-25,200.32001,200.75999,198.94,199.050003,651500
2017-08-28,199.91,199.91,197.7,197.87,808600
2017-08-29,198.27,201.020004,198.25,200.95,984900
2017-08-30,200.95,201.25999,200.070007,201.22,893600
2017-08-31,201.74001,202.27,201.16,201.35001,842700
2017-09-01,201.77,201.87,199.98,200.0,734700
2017-09-05,200.91,200.91,198.14,198.73,1114100
2017-09-06,199.55,199.58,196.64999,196.74001,997800
2017-09-07,197.0,197.75,195.7,197.039993,977100
2017-09-08,196.52,198.39999,196.0,197.87,614000
2017-09-11,198.62,200.5,198.57001,200.33,1048900
2017-09-12,199.89,200.31,198.57001,199.0,749300
2017-09-13,198.3,198.5,196.8,196.85001,852600
2017-09-14,196.63,197.81,196.45,197.63,920000
2017-09-15,198.10001,198.72,197.60001,198.27,2095600
2017-09-18,199.0,202.35001,198.86,202.17999,1313000
2017-09-19,201.91,203.94,201.25999,203.12,784100
2017-09-20,202.78,205.28999,202.7,204.27,1308300
2017-09-21,204.56,206.57001,204.0,205.72,860000
2017-09-22,206.089996,206.50999,204.63,205.41,1040800
2017-09-25,205.5,205.5,203.22,204.87,1202800
2017-09-26,205.050003,206.21001,204.73,205.33,705300
2017-09-27,205.77,207.60001,205.35001,206.8,903700
2017-09-28,205.87,206.059998,204.41,205.029999,638900
2017-09-29,204.83,205.71001,204.020004,205.58,732200
2017-10-02,205.58,208.75999,205.58,208.72,721900
2017-10-03,208.72,210.94,208.42,210.53,907100
2017-10-04,210.050003,211.64,209.92,211.3,843000
2017-10-05,210.75999,214.11,210.62,213.45,1215200
2017-10-06,212.86,213.28999,211.73,212.60001,941900
2017-10-09,213.020004,213.59,212.24001,213.53,671600
2017-10-10,214.0,214.080002,212.0099945,212.55,642500
2017-10-11,212.94,213.10001,212.23,212.83,704900
2017-10-12,212.48,213.98,212.48,213.72,727200
2017-10-13,214.5,214.81,213.28,213.34,782700
2017-10-16,213.5,214.55,212.56,213.44,748000
2017-10-17,212.75,213.33,210.95,211.53999,770000
2017-10-18,211.3,212.0,209.86,210.39,945600
2017-10-19,210.3,211.95,209.71001,211.64,674500
2017-10-20,212.59,214.020004,211.73,213.86,898900
2017-10-23,213.86,214.17,212.47,212.50999,837300
2017-10-24,212.50999,214.81,211.86,212.080002,1350900
2017-10-25,208.2,211.25,206.0099945,207.25,2000800
2017-10-26,208.17999,208.5,202.029999,203.91,1474200
2017-10-27,204.5,205.67999,204.10001,204.99001,1255100
2017-10-30,204.82001,206.92999,204.82001,206.17,1259700
2017-10-31,206.36,206.36,202.92999,202.98,995800
2017-11-01,203.57001,204.21001,200.53999,201.62,1735300
2017-11-02,201.73,204.17999,201.31,203.82001,1079300
2017-11-03,204.32001,205.5,203.25,204.059998,995300
2017-11-06,204.0,204.020004,202.34,202.37,739900
2017-11-07,202.37,203.86,202.21001,203.75999,918000
2017-11-08,203.89,203.96001,202.5,202.62,841200
2017-11-09,202.17,202.38,198.60001,198.87,1363700
2017-11-10,198.85001,201.87,198.080002,199.77,929800
2017-11-13,199.13,201.75,199.020004,200.13,912200
2017-11-14,199.25,201.050003,199.0099945,200.22,813600
2017-11-15,199.45,201.64999,198.85001,198.99001,1069100
2017-11-16,199.49001,200.17,198.67,199.22,1103800
2017-11-17,198.25999,199.56,197.75,197.77,762500
2017-11-20,198.0099945,199.39999,197.71001,198.74001,1283900
2017-11-21,198.72,200.34,197.88,200.10001,1190800
2017-11-22,199.82001,200.64999,199.22,200.039993,921800
2017-11-24,200.19,200.75999,199.89,200.0,411400
2017-11-27,200.0,201.35001,199.75999,201.070007,1026700
2017-11-28,201.89,204.73,201.14999,204.19,1159400
2017-11-29,204.61,204.96001,203.64999,204.17,724300
2017-11-30,204.21001,207.85001,203.75,207.16,1912200
2017-12-01,207.11,207.17999,199.78999,202.64,1311500
2017-12-04,203.75,204.61,201.14,201.69,1706000
2017-12-05,202.42,202.52,199.83,199.91,960200
2017-12-06,199.92999,201.34,199.92999,200.21001,1223000
2017-12-07,200.28,201.16,199.28,200.17,1236100
2017-12-08,200.24001,201.21001,198.87,201.070007,1344600
2017-12-11,201.2,201.33,199.31,199.64,804200
2017-12-12,197.91,198.48,196.070007,196.17999,1961000
2017-12-13,196.67,198.14,196.39,196.63,1417900
2017-12-14,198.070007,198.42999,195.69,196.22,1136700
2017-12-15,196.33,199.89,196.33,198.84,1982000
2017-12-18,199.16,199.32001,196.75,198.45,1559000
2017-12-19,198.60001,200.53999,198.13,199.83,1300000
2017-12-20,200.080002,201.77,199.95,201.3,1049100
2017-12-21,201.45,203.16,200.69,202.48,1502000
2017-12-22,203.0,203.45,202.16,202.64,787500
2017-12-26,202.85001,203.73,201.69,201.97,574800
2017-12-27,202.0099945,203.36,201.17999,202.72,601000
2017-12-28,203.45,204.039993,202.78,203.86,692800
2017-12-29,204.0,204.64,203.21001,203.45,768800
2018-01-02,203.53999,204.0,199.97,200.49001,1588000
2018-01-03,200.21001,202.14999,199.5,201.74001,1692700
2018-01-04,202.37,205.53,201.83,205.21001,1473200
2018-01-05,205.98,206.25,203.63,204.7,1722600
2018-01-08,204.85001,205.58,204.32001,204.7,1044900
2018-01-09,205.49001,206.98,205.0,205.88,1290200
2018-01-10,205.0,206.050003,204.25,204.75,956900
2018-01-11,204.78999,206.17,204.7,205.50999,1245600
2018-01-12,206.53,211.75,205.59,210.59,1892700
2018-01-16,211.0099945,211.62,206.0,206.33,1753800
2018-01-17,207.75999,209.050003,206.78999,208.52,1421000
2018-01-18,208.36,209.44,207.19,207.8,1241700
2018-01-19,209.41,209.41,207.53,209.10001,1413900
2018-01-22,209.080002,209.23,207.039993,208.2,1895000
2018-01-23,208.3,208.78999,206.83,207.48,2277400
2018-01-24,202.99001,220.16,201.39999,219.27,4176200
2018-01-25,220.0,227.71001,219.60001,226.53,3237700
2018-01-26,224.95,226.55,221.67,226.24001,1977700
2018-01-29,226.5,229.53999,225.23,225.5,1737700
2018-01-30,224.91,225.87,222.3,224.28,1590200
2018-01-31,226.089996,226.91,222.38,222.48,1833600
2018-02-01,222.39,227.82001,222.0,225.21001,1779800
2018-02-02,220.84,225.44,220.84,221.72,1377900
2018-02-05,220.44,222.35001,208.91,211.22,2376000
2018-02-06,206.32001,213.089996,203.89999,212.46001,2901400
2018-02-07,212.41,218.62,212.0099945,214.95,1962100
2018-02-08,216.13,217.23,205.97,206.050003,1969900
2018-02-09,208.12,214.33,206.96001,212.10001,2682400
2018-02-12,214.17,215.089996,207.87,209.53,2698800
2018-02-13,207.91,212.69,207.5,211.81,2556500
2018-02-14,211.10001,218.39999,210.60001,218.25,2475600
2018-02-15,224.38,225.39999,220.72,225.39999,2624500
2018-02-16,225.60001,226.0,222.5,224.19,1939200
2018-02-20,223.0,224.080002,221.17999,221.83,1211100
2018-02-21,221.44,224.89,220.73,220.75,1151100
2018-02-22,221.67999,222.58,219.75999,220.14,897600
2018-02-23,221.45,222.16,219.87,221.0,1034300
2018-02-26,222.97,227.28,222.0099945,226.78,1445900
2018-02-27,226.49001,227.78,223.87,223.89,1083400
2018-02-28,224.60001,226.39,222.45,222.45,1028000
2018-03-01,222.98,225.60001,218.0,219.14999,2009600
2018-03-02,217.73,224.020004,217.64999,223.34,2058700
2018-03-05,220.64,224.75999,219.3,224.64,1965600
2018-03-06,225.080002,225.44,223.16,224.81,1337300
2018-03-07,222.55,226.48,221.38,226.28,1238300
2018-03-08,227.0,227.050003,224.48,226.64999,1054700
2018-03-09,227.94,230.0,226.74001,229.95,1309000
2018-03-12,229.5,229.95,223.92999,224.64,1218900
2018-03-13,225.92,226.87,222.83,223.35001,1165600
2018-03-14,224.59,224.62,220.59,221.69,1002600
2018-03-15,222.50999,223.87,221.25999,222.60001,871700
2018-03-16,223.46001,223.88,221.28,222.74001,1980400
2018-03-19,222.64999,224.33,221.050003,223.89999,907900
2018-03-20,224.41,226.89999,224.10001,225.38,798100
2018-03-21,225.37,226.17,223.74001,223.75,897000
2018-03-22,222.25,223.98,217.83,218.37,1172100
2018-03-23,218.5,224.47,218.5,218.81,1437900
2018-03-26,221.92999,223.82001,220.87,223.47,1319000
2018-03-27,225.0,225.78,219.78999,221.070007,1135100
2018-03-28,221.72,221.88,216.7,217.28,1722400
2018-03-29,219.59,223.46001,218.020004,220.89999,1945500
2018-04-02,220.50999,222.029999,215.55,218.88,1345400
2018-04-03,219.95,221.45,217.21001,220.32001,1387700
2018-04-04,215.14999,218.7,214.27,218.53999,2753300
2018-04-05,220.44,221.71001,218.35001,221.22,2209200
2018-04-06,219.48,220.66,213.77,215.74001,1496100
2018-04-09,217.0099945,218.25,214.53999,214.96001,1256700
2018-04-10,217.89,218.31,213.91,214.45,1684700
2018-04-11,214.0,217.48,214.0,216.32001,1173600
2018-04-12,216.37,219.24001,216.16,218.22,1248200
2018-04-13,219.42,219.82001,217.17999,218.41,942600
2018-04-16,219.73,220.49001,218.34,218.39999,1381400
2018-04-17,219.28,222.81,219.24001,221.41,1143100
2018-04-18,224.62,227.7,223.50999,225.49001,1470700
2018-04-19,225.55,225.72,222.98,224.98,1027300
2018-04-20,225.88,225.88,222.48,223.11,1280100
2018-04-23,222.92,226.12,222.92,225.96001,1822500
2018-04-24,227.75,229.74001,218.080002,222.020004,2912500
2018-04-25,215.91,217.99001,207.2,214.53,4583900
2018-04-26,214.92,215.52,210.46001,211.75,2415300
2018-04-27,211.74001,212.0,203.28,203.71001,2217900
2018-04-30,203.78999,205.25,201.24001,201.31,2569900
2018-05-01,201.14999,201.14999,194.47,197.3,2926500
2018-05-02,197.3,200.5,195.50999,195.67999,1906400
2018-05-03,194.85001,196.71001,191.0,195.0,2053800
2018-05-04,193.96001,195.75,193.19,195.070007,1499400
2018-05-07,195.97,198.57001,195.0,196.45,1281400
2018-05-08,196.97,199.92999,196.0099945,199.62,2150200
2018-05-09,200.3,202.11,199.59,201.050003,1755100
2018-05-10,201.71001,203.0,200.89999,201.67,1092400
2018-05-11,201.36,204.47,201.36,203.92,1296600
2018-05-14,203.67999,204.44,201.11,203.070007,1522400
2018-05-15,202.16,202.83,200.080002,201.64999,1012200
2018-05-16,202.0,202.7,200.23,200.5,1009900
2018-05-17,200.42999,202.10001,200.3,201.75999,1207700
2018-05-18,201.38,203.64,201.38,202.52,2016900
2018-05-21,204.14,206.070007,203.28999,205.77,1088100
2018-05-22,205.63,205.77,204.089996,204.37,1299200
2018-05-23,202.81,205.77,202.38,205.56,1111500
2018-05-24,205.63,208.88,205.19,208.73,1408800
2018-05-25,208.25,208.69,207.020004,208.12,1179900
2018-05-29,206.34,206.78999,200.089996,201.81,1661700
2018-05-30,202.24001,204.57001,201.12,204.039993,1241300
2018-05-31,204.050003,204.47,201.59,201.71001,1867900
2018-06-01,203.7,204.67,202.64999,203.47,955000
2018-06-04,203.91,204.66,202.11,202.60001,1125600
2018-06-05,202.17,202.91,199.82001,201.10001,1659400
2018-06-06,201.83,202.050003,200.070007,201.50999,1601300
2018-06-07,201.98,203.34,201.5,202.85001,853300
2018-06-08,202.67,202.99001,199.050003,202.58,1320900
2018-06-11,202.67999,204.11,201.62,201.7,1077400
2018-06-12,201.32001,202.53,197.53,198.5,2190400
2018-06-13,198.24001,201.27,198.080002,199.82001,2037000
2018-06-14,200.89999,201.0,195.50999,195.82001,2384500
2018-06-15,194.53,195.89999,193.33,195.8,2854300
2018-06-18,194.73,196.5,194.61,195.97,1419000
2018-06-19,194.0,194.75999,190.53,190.69,1530900
2018-06-20,191.080002,191.95,190.17999,191.39999,1049600
2018-06-21,190.44,191.66,187.31,188.42999,2401200
2018-06-22,190.10001,190.14,187.46001,189.38,1542800
2018-06-25,188.25999,190.12,187.050003,189.10001,1288900
2018-06-26,189.27,189.96001,187.86,188.8,1435100
2018-06-27,189.16,190.72,185.85001,185.89,1762200
2018-06-28,186.12,188.25,184.21001,187.44,1070600
2018-06-29,188.0099945,188.63,186.28,186.41,1581000
2018-07-02,185.19,187.53999,184.64999,187.37,1036600
2018-07-03,188.45,193.35001,188.0,189.69,1764900
2018-07-05,189.41,189.86,187.66,188.7,1498700
2018-07-06,188.57001,190.17999,187.31,188.84,1483900
2018-07-09,189.21001,192.3,188.7,191.53999,1249600
2018-07-10,192.23,194.31,191.77,192.8,1353700
2018-07-11,192.039993,192.080002,190.83,191.50999,1005200
2018-07-12,193.0099945,194.059998,191.92,193.64,1333700
2018-07-13,193.24001,195.070007,192.47,192.74001,1832300
2018-07-16,193.14,193.75,190.7,191.5,1163900
2018-07-17,191.53,192.55,190.46001,192.32001,1210800
2018-07-18,192.25,195.92,191.22,195.42999,1522700
2018-07-19,194.94,195.72,193.44,194.35001,1086900
2018-07-20,193.89,196.13,193.69,195.28,964400
2018-07-23,195.28,195.57001,192.78,193.23,1213500
2018-07-24,195.0,198.8,193.69,196.75,2108500
2018-07-25,198.8,204.059998,195.41,203.45,2554400
2018-07-26,202.020004,203.67999,199.34,200.48,2346800
2018-07-27,201.35001,202.050003,197.98,198.64999,1201000
2018-07-30,198.64999,200.21001,195.98,196.25999,1064400
2018-07-31,198.55,200.35001,197.60001,199.75999,2239300
2018-08-01,199.39,199.89,195.56,196.0099945,1465100
2018-08-02,194.17999,196.83,193.27,194.94,2201000
2018-08-03,194.039993,194.53999,191.85001,194.089996,2613300
2018-08-06,193.67999,193.77,192.12,193.52,2042800
2018-08-07,193.67999,196.41,193.67999,196.28,1208400
2018-08-08,196.27,196.44,194.020004,195.13,1051200
2018-08-09,194.98,195.3,192.39999,192.57001,861600
2018-08-10,192.38,192.77,190.66,191.81,954300
2018-08-13,191.92999,192.78,190.48,191.84,813100
2018-08-14,192.0,194.17,191.75,193.63,779100
2018-08-15,192.83,193.47,190.77,192.31,1121000
2018-08-16,192.63,194.059998,191.98,192.44,999900
2018-08-17,192.8,194.029999,192.23,193.67999,808100
2018-08-20,194.25,195.57001,193.86,194.92,936000
2018-08-21,194.64999,195.62,193.83,194.96001,1013400
2018-08-22,194.39,194.91,192.27,192.48,806700
2018-08-23,192.38,192.99001,191.39999,191.59,855500
2018-08-24,192.0,192.64999,191.37,192.59,619100
2018-08-27,193.0,195.77,193.0,195.28999,885300
2018-08-28,196.2,196.39999,194.92999,195.62,1015100
2018-08-29,195.42999,195.95,193.71001,194.71001,976800
2018-08-30,194.41,196.14999,192.050003,192.50999,1016200
2018-08-31,191.59,193.60001,191.35001,193.39999,1032500
2018-09-04,192.48,193.38,191.39999,192.61,741100
2018-09-05,191.85001,194.35001,191.64,193.98,1162600
2018-09-06,194.39999,195.94,194.2,195.24001,741400
2018-09-07,194.77,195.42,193.75,194.71001,998100
2018-09-10,195.19,196.89999,195.039993,195.69,1083300
2018-09-11,194.73,196.60001,194.7,196.059998,960700
2018-09-12,195.57001,197.0099945,195.5,196.2,886600
2018-09-13,197.13,198.81,196.92,198.57001,949300
2018-09-14,198.63,200.63,198.34,200.50999,998200
2018-09-17,200.63,202.88,200.34,202.42999,1072400
2018-09-18,202.8,204.95,202.42999,204.61,1050900
2018-09-19,204.78999,206.38,203.42999,204.0099945,1363900
2018-09-20,204.5,205.17,200.45,202.86,1347700
2018-09-21,204.089996,206.14999,203.75999,204.66,2464200
2018-09-24,204.3,204.61,202.28,202.83,1133600
2018-09-25,202.67999,203.87,201.73,203.48,877300
2018-09-26,203.5,203.97,201.49001,201.86,1223300
2018-09-27,202.27,202.53,201.089996,202.080002,947300
2018-09-28,201.98,204.99001,201.11,204.72,1569700
2018-10-01,206.0,206.19,204.56,205.5,829800
2018-10-02,205.77,205.94,204.059998,204.98,797900
2018-10-03,205.71001,206.63,204.67,205.72,1096000
2018-10-04,204.3,206.17999,203.81,205.91,970400
2018-10-05,206.089996,207.72,205.50999,206.32001,1923300
2018-10-08,206.029999,207.47,205.33,207.16,1528900
2018-10-09,206.53999,207.0,204.0099945,204.16,931900
2018-10-10,204.16,204.16,197.72,197.82001,1648200
2018-10-11,197.77,198.16,192.66,192.94,2066000
2018-10-12,195.64,195.64999,189.42,191.85001,1310400
2018-10-15,192.059998,194.39999,191.92,192.63,1044500
2018-10-16,193.28999,195.19,191.77,194.71001,1081900
2018-10-17,195.42999,196.039993,193.41,193.84,1014900
2018-10-18,192.28999,193.67999,190.0,191.22,1072900
2018-10-19,191.44,192.33,190.23,190.25999,942800
2018-10-22,190.91,191.75999,189.0,190.14,1138200
2018-10-23,187.62,190.080002,186.75,187.75,1914400
2018-10-24,184.84,186.0,172.86,173.24001,4887600
2018-10-25,172.98,173.77,169.32001,170.60001,3254600
2018-10-26,168.71001,171.88,167.27,169.86,2877200
2018-10-29,170.72,172.52,164.75999,167.039993,2586700
2018-10-30,167.38,172.62,166.44,171.89,2405800
2018-10-31,173.50999,175.62,172.24001,172.58,2215000
2018-11-01,173.27,179.33,173.19,178.39999,1848500
2018-11-02,178.97,181.82001,176.44,176.98,3515900
2018-11-05,177.53999,179.89,176.88,177.97,2455800
2018-11-06,177.67999,182.84,177.67999,182.2,1637100
2018-11-07,184.82001,185.33,182.14,185.029999,1879200
2018-11-08,185.020004,185.81,184.029999,184.56,1317000
2018-11-09,183.36,185.14999,183.0,184.5,1245200
2018-11-12,184.96001,185.52,180.59,181.0099945,1146800
2018-11-13,181.75999,183.92999,179.45,180.080002,1298400
2018-11-14,181.44,182.47,178.94,179.84,1790400
2018-11-15,178.0,182.53999,177.5,182.34,1206700
2018-11-16,181.34,184.91,180.88,183.059998,1584900
2018-11-19,183.16,183.16,178.49001,179.38,986700
2018-11-20,176.53999,177.49001,175.16,175.92,1546800
2018-11-21,177.0,178.63,176.25999,176.75,1113000
2018-11-23,175.98,179.46001,175.28999,178.25999,447200
2018-11-26,179.52,180.59,177.45,179.69,1370100
2018-11-27,178.55,179.47,176.5,178.64,1524800
2018-11-28,179.34,183.71001,179.039993,182.029999,1589800
2018-11-29,181.66,183.24001,180.84,182.17,1823100
2018-11-30,182.35001,185.039993,182.35001,184.89,1647100
2018-12-03,187.059998,187.47,180.78999,181.57001,1399300
2018-12-04,180.41,180.85001,172.97,173.17999,1760600
2018-12-06,170.89,171.92,165.3,171.020004,2481700
2018-12-07,170.53999,173.53,166.71001,167.38,1779200
2018-12-10,169.19,173.60001,168.55,172.2,2253700
2018-12-11,174.56,177.67999,170.88,172.27,2391700
2018-12-12,174.53999,175.36,171.0,171.22,3235200
2018-12-13,172.16,173.19,170.5,171.0099945,2760700
2018-12-14,169.28999,171.41,168.53999,168.97,1898200
2018-12-17,168.59,168.84,162.47,163.45,2420600
2018-12-18,164.71001,166.5,161.82001,162.81,1688900
2018-12-19,161.8,163.78,157.16,158.99001,2088700
2018-12-20,158.020004,159.12,153.0099945,154.61,2494800
2018-12-21,151.64999,154.99001,149.77,150.49001,4348300
2018-12-24,148.75999,149.67999,145.34,148.21001,1572200
2018-12-26,147.95,152.25999,143.87,152.17,2180500
2018-12-27,150.35001,155.17,148.63,155.12,1720300
2018-12-28,155.99001,157.36,154.27,155.32001,1455700
2018-12-31,156.41,157.21001,155.39,157.21001,1223200
2019-01-02,155.32001,157.46001,153.82001,157.25999,1276200
2019-01-03,156.0,156.73,152.44,153.37,1436000
2019-01-04,155.35001,157.83,154.12,157.77,1840000
2019-01-07,157.63,159.67,155.92999,158.64999,1047400
2019-01-08,159.28999,159.92,156.75,158.66,1350300
2019-01-09,159.25999,161.50999,159.16,160.89999,1483800
2019-01-10,160.27,162.55,159.37,162.42999,1131600
2019-01-11,161.28,163.85001,160.89999,163.81,1239200
2019-01-14,162.3,164.94,162.24001,164.53,1368000
2019-01-15,164.85001,165.39,162.39,163.14,1906800
2019-01-16,162.78999,164.67999,162.69,163.60001,1090800
2019-01-17,162.0,166.83,161.75,165.72,976400
2019-01-18,167.0,170.13,166.24001,168.58,1665800
2019-01-22,167.64999,168.78999,165.56,167.22,1298100
2019-01-23,168.48,169.91,166.14,168.81,1199800
2019-01-24,169.19,172.5,169.19,170.82001,1329700
2019-01-25,172.64999,172.89999,170.8,171.22,1192100
2019-01-28,169.67999,172.25999,169.22,172.19,1285000
2019-01-29,172.73,176.16,172.73,176.0,1573700
2019-01-30,169.84,171.35001,165.020004,170.91,4073400
2019-01-31,169.17999,173.3,169.080002,171.17,2162600
2019-02-01,171.38,172.0,168.25,169.029999,1716700
2019-02-04,169.38,174.61,169.22,174.61,1664700
2019-02-05,174.61,174.95,171.99001,172.22,1583300
2019-02-06,171.98,174.53,171.98,172.75999,1180300
2019-02-07,172.12,173.64,170.45,173.59,1538300
2019-02-08,172.86,173.27,171.3,172.12,2255600
2019-02-11,172.47,172.89999,170.67999,170.92999,1159700
2019-02-12,171.63,173.19,171.38,172.75999,1303400
2019-02-13,173.44,174.38,173.0099945,173.48,1053600
2019-02-14,173.020004,173.080002,171.49001,172.10001,843000
2019-02-15,172.53999,175.39999,171.69,175.24001,1222900
2019-02-19,175.0,175.47,173.72,174.78,902400
2019-02-20,174.88,175.31,173.45,174.45,1038500
2019-02-21,174.17999,174.31,170.89,171.63,979800
2019-02-22,172.17,172.72,171.63,172.53999,1388400
2019-02-25,174.039993,174.36,172.98,173.14,951900
2019-02-26,172.81,173.039993,169.89999,170.0,1424100
2019-02-27,169.39999,169.99001,168.23,169.34,1514800
2019-02-28,169.2,170.98,168.89,170.22,1739600
2019-03-01,171.0,171.029999,168.57001,169.28,1109100
2019-03-04,170.39999,170.39999,166.46001,166.75,1706500
2019-03-05,166.75,168.38,166.75,168.029999,1837300
2019-03-06,167.88,168.83,166.39,166.47,1080700
2019-03-07,166.17999,166.53999,163.92999,166.34,1218300
2019-03-08,165.17999,166.32001,164.12,166.14,1324100
2019-03-11,165.12,169.86,164.67999,169.50999,1443700
2019-03-12,169.56,170.53,168.5,168.77,1452500
2019-03-13,169.42999,173.10001,169.029999,171.72,1244700
2019-03-14,171.37,171.71001,169.53,169.59,1261300
2019-03-15,169.64,170.96001,168.66,169.78999,3972100
2019-03-18,169.77,171.99001,169.67,171.67,1718800
2019-03-19,172.5,173.48,170.36,170.72,1314800
2019-03-20,170.69,170.97,168.36,168.49001,871300
2019-03-21,168.35001,170.36,168.17999,169.83,702400
2019-03-22,169.39999,169.53999,165.71001,165.85001,816500
2019-03-25,166.28,167.21001,165.42999,166.62,854000
2019-03-26,167.92,168.5,165.92,166.89999,905900
2019-03-27,167.28999,168.58,165.64999,166.56,712100
2019-03-28,167.19,168.2,166.059998,167.75999,859100
2019-03-29,168.87,169.42999,168.5,169.28,1333700
2019-04-01,170.25,172.77,170.039993,172.31,1055100
2019-04-02,171.92,172.2,169.52,169.94,1367800
2019-04-03,170.60001,170.60001,166.75,167.75,1484900
2019-04-04,168.0,170.37,167.82001,169.17,1062100
2019-04-05,169.25999,171.13,168.59,171.12,1240400
2019-04-08,170.52,172.53,170.10001,172.3,1159800
2019-04-09,171.17,171.57001,169.059998,169.17,1037100
2019-04-10,169.22,169.83,167.61,169.37,926700
2019-04-11,168.78999,171.64999,168.39,171.42999,1212300
2019-04-12,172.67,175.49001,172.050003,174.92999,1454000
2019-04-15,174.37,174.75,171.5,172.0,1601500
2019-04-16,172.7,174.73,172.7,173.74001,931700
2019-04-17,175.0,176.48,174.27,174.53,988400
2019-04-18,174.89999,177.0,174.50999,176.85001,1348300
2019-04-22,175.87,177.86,175.27,177.029999,1466900
2019-04-23,179.66,183.13,178.8,182.37,1948100
2019-04-24,193.11,193.11,180.24001,180.73,3087200
2019-04-25,179.74001,180.22,175.92,176.88,1799100
2019-04-26,177.14,178.14999,176.14999,178.070007,852300
2019-04-29,178.0,179.64,177.60001,179.21001,844900
2019-04-30,179.55,179.98,176.72,178.72,1213200
2019-05-01,179.12,179.92999,176.35001,176.39,1224100
2019-05-02,175.81,176.35001,172.8,174.57001,2036500
2019-05-03,175.24001,176.78999,175.080002,176.69,1354400
2019-05-06,173.60001,175.71001,172.61,175.36,992100
2019-05-07,173.39999,173.98,169.94,170.48,1614700
2019-05-08,170.38,170.74001,167.89,168.28999,2021500
2019-05-09,167.58,173.16,167.17,172.050003,2037700
2019-05-10,170.74001,173.53999,169.49001,173.080002,1254300
2019-05-13,170.53999,171.020004,166.78999,167.99001,1762500
2019-05-14,168.039993,170.41,167.82001,168.49001,847900
2019-05-15,167.020004,169.23,165.64999,167.72,787500
2019-05-16,168.33,170.42999,168.10001,169.85001,634200
2019-05-17,167.86,168.41,166.10001,166.37,998100
2019-05-20,168.11,170.45,167.39,169.28999,1359100
2019-05-21,170.2,172.020004,169.84,171.45,1182300
2019-05-22,170.59,171.21001,168.42999,169.28,939200
2019-05-23,167.77,168.25,162.69,163.58,1883600
2019-05-24,163.91,164.82001,161.46001,164.029999,1508100
2019-05-28,164.28,165.44,163.070007,163.66,2609600
2019-05-29,163.55,163.95,161.86,162.31,1204100
2019-05-30,162.46001,163.64999,161.60001,162.23,839400
2019-05-31,160.44,161.58,160.21001,160.82001,1306300
2019-06-03,161.37,165.49001,161.029999,163.14999,1515300
2019-06-04,164.27,167.91,164.27,167.78,1034400
2019-06-05,168.33,171.97,168.23,171.94,1251600
2019-06-06,171.92999,172.60001,169.67999,171.98,862000
2019-06-07,173.14999,174.38,172.48,173.97,973400
2019-06-10,175.8,176.44,173.17,173.39,1054100
2019-06-11,174.039993,174.44,168.53,169.73,853900
2019-06-12,169.92,170.42999,168.67999,170.039993,585500
2019-06-13,170.16,171.94,169.45,171.94,1128000
2019-06-14,172.25,172.25,170.13,171.25,724400
2019-06-17,171.69,172.42999,170.38,171.78,925000
2019-06-18,172.58,174.87,172.37,173.59,857800
2019-06-19,174.23,174.48,172.55,173.62,531700
2019-06-20,175.84,178.41,174.39,177.96001,1266000
2019-06-21,178.13,178.33,175.8,177.42999,1851300
2019-06-24,176.71001,178.28999,176.33,177.82001,976300
2019-06-25,178.070007,178.81,177.10001,177.64,763500
2019-06-26,177.25,179.75,176.87,178.89999,1334100
2019-06-27,178.97,178.97,176.7,177.72,966500
2019-06-28,178.12,182.080002,178.12,181.82001,2450800
2019-07-01,183.33,184.35001,181.53,182.53999,1141300
2019-07-02,183.25,183.62,182.080002,183.57001,928200
2019-07-03,182.78,182.89,180.95,182.64999,533600
2019-07-05,181.8,182.48,180.27,182.28,481800
2019-07-08,181.22,182.92999,180.58,181.47,822900
2019-07-09,180.14,180.98,179.12,180.83,1378800
2019-07-10,182.35001,183.86,181.57001,182.53999,886700
2019-07-11,182.53,183.63,182.37,183.60001,707900
2019-07-12,184.56,185.95,183.7,185.84,827500
2019-07-15,185.84,186.84,185.45,186.39999,1215300
2019-07-16,186.91,187.48,186.56,186.89,1078200
2019-07-17,185.73,186.050003,183.42999,183.55,2259800
2019-07-18,183.55,183.55,180.59,183.17999,1223700
2019-07-19,184.11,184.87,183.64999,183.85001,939900
2019-07-22,183.83,185.0099945,183.12,184.62,702600
2019-07-23,185.91,186.0,183.63,185.97,1150600
2019-07-24,185.98,189.56,185.050003,187.64,1368200
2019-07-25,187.39,189.0,185.5,187.61,1106300
2019-07-26,187.28,189.89999,186.44,189.73,1745200
2019-07-29,189.72,190.16,188.75,189.83,924100
2019-07-30,189.13,189.46001,187.46001,189.12,939500
2019-07-31,189.029999,189.66,184.8,185.94,1187400
2019-08-01,185.59,186.74001,182.46001,183.42999,1273200
2019-08-02,183.34,183.58,181.14,181.97,941700
2019-08-05,179.97,179.99001,175.029999,176.77,1197700
2019-08-06,178.35001,180.73,176.77,180.67,886400
2019-08-07,178.36,181.52,177.50999,180.85001,1003300
2019-08-08,182.66,185.10001,182.070007,184.17,778600
2019-08-09,183.32001,185.13,182.75,184.10001,719600
2019-08-12,183.19,183.39999,180.62,181.35001,573200
2019-08-13,181.14999,184.61,180.64999,183.11,801500
2019-08-14,181.96001,182.31,179.7,180.83,1555500
2019-08-15,180.83,182.86,180.19,182.22,1200800
2019-08-16,183.69,186.39,183.35001,184.35001,1450900
2019-08-19,186.53,188.020004,185.89999,187.59,758200
2019-08-20,186.73,187.86,186.089996,187.17,941700
2019-08-21,189.0,189.039993,186.67,188.48,1012800
2019-08-22,189.059998,189.31,186.10001,187.55,634000
2019-08-23,186.75999,189.27,182.47,183.55,1618100
2019-08-26,185.23,185.71001,182.2,184.64999,632100
2019-08-27,185.32001,185.64,182.58,183.36,623700
2019-08-28,182.78999,185.62,182.13,185.44,533600
2019-08-29,186.85001,189.84,186.45,189.47,1300400
2019-08-30,190.5,192.22,190.0,191.27,1149500
2019-09-03,190.039993,190.82001,187.17,189.28,826000
2019-09-04,191.020004,192.11,190.17,190.71001,963300
2019-09-05,192.45,193.64,191.67999,192.27,818600
2019-09-06,193.089996,193.75999,192.039993,192.67,699000
2019-09-09,192.84,193.0,187.53,188.070007,1612300
2019-09-10,187.7,187.87,185.39999,187.87,1097400
2019-09-11,187.86,188.62,186.35001,188.60001,836500
2019-09-12,190.0,190.0,187.13,189.41,1042600
2019-09-13,190.14999,190.23,189.0099945,189.96001,1064600
2019-09-16,190.84,191.67,188.35001,190.97,1550900
2019-09-17,192.58,192.58,189.56,191.31,1212800
2019-09-18,191.059998,191.059998,187.89999,190.3,1208400
2019-09-19,189.14,190.19,187.0099945,188.13,1299000
2019-09-20,188.67999,189.0,186.070007,187.37,7626700
2019-09-23,186.25,188.56,185.059998,186.78999,1318100
2019-09-24,187.97,188.85001,184.41,184.7,1817900
2019-09-25,185.45,186.41,184.56,186.0,1755900
2019-09-26,186.52,186.81,185.22,186.0,1176300
2019-09-27,186.81,186.89,182.53999,183.020004,1140800
2019-09-30,183.36,184.32001,182.66,182.73,1187700
2019-10-01,183.84,184.53999,177.63,178.71001,1582900
2019-10-02,177.53999,178.25999,174.12,174.41,1201800
2019-10-03,174.31,175.0,172.0099945,174.88,870600
2019-10-04,175.0,176.89,173.75,176.64,904900
2019-10-07,176.23,178.2,175.88,176.7,928100
2019-10-08,175.64999,178.48,174.82001,176.5,1377500
2019-10-09,178.0,178.87,176.2,177.050003,962700
2019-10-10,175.5,178.52,175.5,176.69,796700
2019-10-11,178.8,181.14999,178.37,179.63,853400
2019-10-14,179.66,179.86,178.8,179.12,591400
2019-10-15,179.17999,179.63,178.34,178.45,818000
2019-10-16,178.45,179.23,177.21001,178.28999,768600
2019-10-17,178.11,178.56,176.58,176.75999,785200
2019-10-18,177.050003,177.050003,173.99001,174.42999,1070100
2019-10-21,175.3,176.92,174.64999,175.45,941600
2019-10-22,175.32001,180.059998,175.32001,179.88,1249500
2019-10-23,177.69,177.72,172.39999,173.56,1988400
2019-10-24,175.98,177.75999,174.63,174.67,2444000
2019-10-25,175.24001,176.74001,173.34,173.53999,1893500
2019-10-28,174.28,175.97,173.97,174.92999,1516200
2019-10-29,175.070007,178.23,174.92,176.029999,1831800
2019-10-30,176.44,178.69,176.0,178.24001,1252300
2019-10-31,177.78,178.24001,175.53,176.8,1364400
2019-11-01,178.029999,180.19,178.029999,179.73,1119800
2019-11-04,181.17999,181.46001,176.97,178.070007,2442100
2019-11-05,177.92999,179.69,177.10001,179.3,2200500
2019-11-06,179.92,181.69,179.92,181.57001,1321300
2019-11-07,182.0,183.23,181.53,182.95,1314500
2019-11-08,182.67,185.96001,182.67,185.080002,1433700
2019-11-11,184.25,184.86,182.46001,184.35001,678800
2019-11-12,184.050003,185.64999,183.53,185.28,852700
2019-11-13,185.31,186.080002,184.080002,184.72,944500
2019-11-14,184.59,185.81,184.52,185.19,736600
2019-11-15,186.34,187.92,185.82001,187.080002,1052100
2019-11-18,186.89999,187.020004,186.19,186.58,750100
2019-11-19,186.92999,186.92999,184.66,184.95,742700
2019-11-20,184.75,185.2,183.35001,184.33,727600
2019-11-21,184.050003,184.88,182.8,182.95,808800
2019-11-22,183.32001,183.57001,182.16,182.88,557800
2019-11-25,183.2,183.72,182.47,182.66,847200
2019-11-26,182.78999,183.78,181.73,182.020004,1848200
2019-11-27,182.44,182.88,181.64,182.35001,1930400
2019-11-29,182.69,182.69,181.2,181.74001,915600
2019-12-02,182.029999,182.25999,177.75,177.99001,1943200
2019-12-03,177.0,178.2,175.7,177.039993,2983400
2019-12-04,177.83,180.7,177.75,178.080002,1409000
2019-12-05,179.0,182.58,178.7,182.37,2458300
2019-12-06,183.0,183.74001,181.98,183.55,1444600
2019-12-09,183.039993,183.92999,182.25,183.17,1275100
2019-12-10,183.029999,183.28999,180.24001,180.48,1191400
2019-12-11,180.28,180.57001,177.57001,179.27,1603000
2019-12-12,180.0,182.67,179.39,180.47,1204700
2019-12-13,179.89999,180.92,178.41,179.029999,968300
2019-12-16,179.42,180.89,178.85001,180.59,1031500
2019-12-17,181.28999,182.050003,180.67999,181.10001,857500
2019-12-18,181.070007,181.32001,178.42,178.46001,995100
2019-12-19,179.10001,179.94,178.23,178.64999,1161900
2019-12-20,178.75999,179.53999,178.11,178.33,1961900
2019-12-23,179.17,180.72,178.50999,179.74001,1404400
2019-12-24,180.020004,180.080002,178.27,178.82001,321400
2019-12-26,179.12,179.27,177.41,178.19,664600
2019-12-27,178.39,178.94,177.14,177.49001,781100
2019-12-30,177.53999,177.87,175.77,176.0099945,886600
2019-12-31,175.98,176.87,175.32001,176.35001,726300
2020-01-02,177.45,179.039993,176.92,178.42999,1472100
2020-01-03,178.0,180.42999,178.0,180.17999,1662200
2020-01-06,181.55,182.98,181.0,182.089996,1957000
2020-01-07,180.42,181.63,179.75,180.020004,1454600
2020-01-08,180.2,181.94,179.60001,180.48,1226400
2020-01-09,181.0,182.91,180.96001,181.61,1581600
2020-01-10,181.50999,181.78999,179.41,179.50999,831700
2020-01-13,180.24001,182.089996,180.039993,181.13,898000
2020-01-14,181.0,181.53,179.66,180.97,917900
2020-01-15,181.070007,182.96001,181.070007,181.61,1174700
2020-01-16,181.53,183.070007,181.11,182.39999,1289900
2020-01-17,182.78,183.12,181.48,181.89,1820000
2020-01-21,181.46001,184.56,180.82001,183.28999,2074800
2020-01-22,183.86,185.58,183.089996,183.10001,1058700
2020-01-23,182.87,185.47,182.050003,184.62,1146700
2020-01-24,185.23,185.81,184.33,185.070007,925500
2020-01-27,182.36,183.73,181.59,182.57001,1132300
2020-01-28,183.080002,184.67999,180.75999,183.63,1533900
2020-01-29,183.92,184.42,179.61,183.47,2033200
2020-01-30,182.3,183.49001,179.72,181.23,1842500
2020-01-31,180.24001,180.91,174.78999,175.44,2365700
2020-02-03,177.16,178.62,175.19,176.62,1605300
2020-02-04,179.24001,180.66,179.0,179.53,1882500
2020-02-05,181.0099945,184.46001,180.080002,183.97,1273300
2020-02-06,185.64999,187.31,185.2,186.13,1319600
2020-02-07,185.78,188.3,185.59,186.74001,1715400
2020-02-10,186.50999,188.47,185.34,186.25,1239900
2020-02-11,186.92999,188.38,185.38,186.94,1599100
2020-02-12,187.36,188.75,186.44,188.75,1447900
2020-02-13,187.82001,190.080002,187.58,189.42999,1546000
2020-02-14,189.36,189.39999,186.62,188.059998,1351800
2020-02-18,187.16,188.73,186.69,188.14,1139900
2020-02-19,188.23,188.69,186.33,186.55,1191200
2020-02-20,186.070007,187.35001,184.42999,185.95,1247900
2020-02-21,184.91,187.86,183.61,187.60001,1416900
2020-02-24,183.11,185.64999,182.080002,184.61,1857900
2020-02-25,184.95,185.64,173.27,173.92,2780100
2020-02-26,175.25,176.84,171.22,171.55,2737400
2020-02-27,169.17999,172.69,165.53,166.14,2809100
2020-02-28,160.58,163.69,155.47,159.69,3827400
2020-03-02,160.56,165.23,157.60001,165.029999,2233200
2020-03-03,164.89,170.19,160.73,161.050003,2418200
2020-03-04,163.44,169.72,161.21001,168.28,2694600
2020-03-05,164.66,167.92999,161.64,163.36,2951400
2020-03-06,159.35001,164.19,157.11,163.029999,1879300
2020-03-09,152.039993,157.12,146.59,150.020004,3241700
2020-03-10,155.0099945,155.64,149.61,155.3,2606800
2020-03-11,150.63,154.3,147.14,148.45,2753300
2020-03-12,137.64,139.46001,128.53,132.23,5116200
2020-03-13,139.14,141.57001,131.62,139.64,4187600
2020-03-16,126.26,137.10001,126.26,126.7,3951400
2020-03-17,128.17,131.94,125.4,131.59,3327300
2020-03-18,123.39,126.32,115.71,121.11,2780000
2020-03-19,120.010002,120.010002,110.019997,118.029999,3248100
2020-03-20,118.19,121.84,113.28,113.99,3390300
2020-03-23,112.16,113.0,100.55,106.6,3724400
2020-03-24,112.21,116.029999,110.58,114.21,3280800
2020-03-25,116.5,125.71,114.52,122.0,3310200
2020-03-26,124.47,134.88,124.14,133.16,2842400
2020-03-27,129.48,133.59,128.0,130.070007,2431300
2020-03-30,130.0,134.46001,127.080002,133.60001,1880700
2020-03-31,132.5,134.57001,131.13,132.31,1701200
2020-04-01,126.71,129.0,125.19,127.4,1439100
2020-04-02,125.9,130.25999,124.9,127.92,1426300
2020-04-03,127.24,128.59,124.7,125.68,1207500
2020-04-06,131.62,134.49001,130.3,133.69,2370700
2020-04-07,140.41,141.38,134.17999,134.39999,2783900
2020-04-08,135.42,138.38,134.039993,137.39,1701000
2020-04-09,140.35001,142.46001,138.61,141.0099945,2273700
2020-04-13,140.94,141.42999,136.52,136.95,1406700
2020-04-14,139.0099945,141.52,138.42,138.5,1446600
2020-04-15,135.2,136.0,131.8,133.81,1609100
2020-04-16,133.61,134.059998,130.56,132.44,1289500
2020-04-17,136.0099945,139.5,135.25,138.19,2036600
2020-04-20,137.99001,138.2,135.2,135.25,1272500
2020-04-21,132.45,133.85001,130.67999,131.69,1328000
2020-04-22,134.57001,134.88,132.58,133.37,1692700
2020-04-23,134.0,134.82001,130.36,130.49001,1885200
2020-04-24,131.39999,131.62,128.66,129.3,2651400
2020-04-27,130.0,135.60001,129.75999,134.5,3679500
2020-04-28,138.41,139.22,135.8,136.49001,1967200
2020-04-29,139.8,140.25999,134.78999,136.64999,3700700
2020-04-30,133.94,135.27,129.50999,130.62,2784400
2020-05-01,129.16,129.34,126.39,127.8,1881200
2020-05-04,126.080002,126.55,123.53,124.78,3111000
2020-05-05,126.0,129.38,125.51,126.36,1987700
2020-05-06,126.71,127.12,121.67,121.73,1792900
2020-05-07,123.27,127.36,123.11,127.13,1855900
2020-05-08,128.8,135.58,128.8,135.35001,2916000
2020-05-11,134.020004,136.89999,133.039993,133.81,3247400
2020-05-12,134.11,134.83,131.73,132.039993,4013200
2020-05-13,131.53999,132.039993,129.95,131.5,3236800
2020-05-14,130.0,134.31,129.11,132.91,2547600
2020-05-15,131.32001,134.029999,130.2,130.92,2975600
2020-05-18,136.23,140.45,134.99001,139.48,1719600
2020-05-19,140.12,140.53,136.059998,136.19,1415700
2020-05-20,137.85001,138.42,136.55,136.99001,1336300
2020-05-21,137.2,139.10001,136.39999,138.67,1271400
2020-05-22,139.3,139.3,136.60001,138.57001,884100
2020-05-26,143.080002,146.050003,142.56,144.64999,1619500
2020-05-27,149.23,150.57001,147.50999,150.45,1901200
2020-05-28,152.17,152.45,148.029999,148.49001,1429400
2020-05-29,147.24001,147.83,143.8,146.83,1611000
2020-06-01,146.75,148.8,146.48,147.27,957000
2020-06-02,148.33,149.97,147.37,149.32001,1225600
2020-06-03,151.39,155.72,151.059998,155.23,1284100
2020-06-04,155.22,157.44,153.87,157.089996,1387700
2020-06-05,164.37,165.14,160.92,162.22,1969800
2020-06-08,164.14999,168.33,164.020004,167.78,1770800
2020-06-09,165.0,165.75,162.0,163.48,1389400
2020-06-10,162.81,162.81,157.97,158.050003,1187000
2020-06-11,151.67,153.66,148.11,148.55,1864500
2020-06-12,153.33,153.67999,147.39999,149.2,1859500
2020-06-15,145.11,154.48,144.52,153.089996,1338700
2020-06-16,158.69,159.48,154.14999,155.99001,1694800
2020-06-17,156.57001,158.85001,156.25,157.050003,1273600
2020-06-18,156.0,160.56,155.37,159.059998,1589000
2020-06-19,161.78999,161.78999,156.52,157.62,3180200
2020-06-22,155.73,156.63,153.2,153.8,1632800
2020-06-23,154.10001,155.33,152.49001,152.75,1057400
2020-06-24,151.0,151.0,145.89999,146.45,1811000
2020-06-25,145.0,147.089996,143.67999,146.96001,1589500
2020-06-26,146.48,147.32001,144.52,146.050003,2073100
2020-06-29,148.22,149.39,147.059998,149.34,1032600
2020-06-30,148.13,150.21001,147.7,149.46001,1330300
2020-07-01,149.0,150.61,146.91,147.14,873300
2020-07-02,149.64,150.86,147.059998,147.3,761200
2020-07-06,149.50999,149.66,147.020004,148.47,931300
2020-07-07,148.0,149.2,145.0099945,145.17999,1511700
2020-07-08,145.52,145.81,143.059998,143.89999,1176300
2020-07-09,142.98,143.89,137.82001,138.020004,1301400
2020-07-10,138.2,142.059998,138.2,141.97,948900
2020-07-13,142.92,144.42999,141.35001,142.82001,1293500
2020-07-14,142.25,143.92999,141.11,143.36,960100
2020-07-15,146.85001,146.85001,145.21001,145.78999,1999900
2020-07-16,145.52,149.59,144.56,148.50999,1648400
2020-07-17,149.39999,149.64,148.029999,148.91,827100
2020-07-20,147.85001,148.47,145.35001,145.45,1010400
2020-07-21,146.66,149.75999,146.3,147.81,881000
2020-07-22,146.92,151.58,146.62,151.53,1253500
2020-07-23,152.2,152.92,150.11,151.0099945,963200
2020-07-24,151.62,153.25999,149.52,150.14999,787700
2020-07-27,149.47,149.50999,147.50999,147.98,695000
2020-07-28,147.5,150.64999,147.10001,148.57001,1000700
2020-07-29,147.23,149.64999,144.58,149.44,1918500
2020-07-30,147.020004,149.69,146.8,148.86,1408800
2020-07-31,148.23,148.23,144.75999,146.74001,1659600
2020-08-03,145.66,148.37,144.32001,147.72,1387600
2020-08-04,148.12,149.039993,146.75,147.24001,2103900
2020-08-05,148.7,149.89,148.080002,149.19,1148300
2020-08-06,148.99001,149.64999,148.33,149.14,867200
2020-08-07,149.11,152.98,148.50999,152.97,1851900
2020-08-10,153.52,156.77,153.42999,156.56,1144600
2020-08-11,159.48,160.84,157.95,158.85001,1793200
2020-08-12,160.37,160.67999,154.69,156.41,1312000
2020-08-13,154.32001,156.5,153.74001,154.95,1053800
2020-08-14,154.11,157.66,153.64999,156.46001,719100
2020-08-17,156.52,156.78999,153.35001,153.72,1089900
2020-08-18,153.28,154.10001,152.72,153.029999,617500
2020-08-19,152.96001,154.56,152.089996,152.49001,701900
2020-08-20,151.25,151.95,150.49001,150.94,801500
2020-08-21,150.0,151.35001,149.029999,149.81,1518900
2020-08-24,150.49001,153.39,149.75,153.3,1002300
2020-08-25,154.3,154.73,150.87,151.47,741200
2020-08-26,150.92,151.49001,149.42,150.47,806200
2020-08-27,150.61,153.53,150.39999,152.44,1147600
2020-08-28,152.84,152.99001,150.73,152.27,670600
2020-08-31,152.070007,152.39999,148.95,149.35001,1176600
2020-09-01,147.8,150.32001,147.36,150.19,954300
2020-09-02,150.059998,154.5,149.92,153.92,1259100
2020-09-03,155.0,156.56,150.61,151.94,1338400
2020-09-04,153.5,154.38,149.78999,151.7,1121700
2020-09-08,149.78,150.55,146.60001,146.96001,1587900
2020-09-09,147.28,147.78999,145.14999,146.17,1289700
2020-09-10,146.60001,147.75,142.41,142.58,1396000
2020-09-11,144.10001,146.2,142.62,145.36,1131500
2020-09-14,146.46001,148.52,145.75,147.47,763800
2020-09-15,147.32001,148.11,144.98,145.14,830900
2020-09-16,145.25,148.55,144.3,146.78,1069000
2020-09-17,140.64999,144.91,139.50999,144.59,1532800
2020-09-18,143.0099945,145.63,142.73,142.99001,1836500
2020-09-21,141.35001,141.49001,137.42999,138.33,1373600
2020-09-22,138.36,140.25,137.35001,139.45,935500
2020-09-23,140.070007,141.82001,136.19,136.50999,1033400
2020-09-24,136.12,138.45,135.16,136.89999,929400
2020-09-25,135.84,138.77,135.56,138.21001,883000
2020-09-28,139.7,142.39999,139.7,140.92,721500
2020-09-29,140.42999,140.58,137.89,138.55,1066600
2020-09-30,139.16,140.14,137.070007,138.42999,1208700
2020-10-01,138.89,140.080002,136.8,138.22,887400
2020-10-02,133.72,140.94,133.60001,140.49001,1325300
2020-10-05,141.98,143.35001,141.11,142.73,936200
2020-10-06,144.080002,146.97,142.029999,142.31,1347500
2020-10-07,143.67,145.64999,143.53,144.87,1204100
2020-10-08,145.0,145.66,143.60001,145.039993,854600
2020-10-09,146.11,146.11,143.53,143.66,1974000
2020-10-12,144.8,146.75999,143.84,144.73,1611700
2020-10-13,144.60001,144.98,141.66,143.24001,1235800
2020-10-14,142.8,145.39999,142.7,142.89,1350800
2020-10-15,141.7,142.0,140.17999,140.81,1336200
2020-10-16,141.62,142.5,140.25,142.24001,2653200
2020-10-19,142.25,142.77,138.2,138.67999,1500400
2020-10-20,140.25,140.57001,137.77,138.46001,889100
2020-10-21,137.84,138.71001,136.5,136.61,1007200
2020-10-22,136.58,139.67,136.36,139.42,1282400
2020-10-23,140.39999,141.19,139.41,140.7,993100
2020-10-26,139.25999,139.61,136.42999,138.50999,1646200
2020-10-27,137.95,138.11,134.87,134.87,1998200
2020-10-28,134.84,137.66,132.17,132.42999,1866900
2020-10-29,131.82001,133.48,130.12,131.32001,1454900
2020-10-30,130.56,132.72,129.17,131.33,2350000
2020-11-02,133.37,136.53,132.57001,136.089996,1417100
2020-11-03,137.75,139.59,136.97,138.2,1928500
2020-11-04,138.98,143.33,137.24001,139.089996,1855900
2020-11-05,139.53,141.13,138.0,139.14999,1158200
2020-11-06,139.55,140.14,138.14,139.32001,999000
2020-11-09,147.17999,150.39,144.77,147.13,2276200
2020-11-10,148.8,152.029999,148.14999,151.31,1994800
2020-11-11,151.089996,151.089996,148.17,150.28999,1794600
2020-11-12,148.56,149.52,146.7,147.5,1298400
2020-11-13,148.75,151.38,148.0099945,151.14999,1217500
2020-11-16,153.83,154.089996,151.75999,152.92999,1605400
2020-11-17,151.67999,153.28999,150.92,151.47,1241700
2020-11-18,152.42999,155.22,151.84,153.5,1536200
2020-11-19,152.5,153.2,149.28999,149.99001,1413100
2020-11-20,150.0,150.33,147.5,148.36,1358800
2020-11-23,148.99001,150.75999,148.86,150.020004,1413000
2020-11-24,152.64,153.74001,151.22,153.67,1784700
2020-11-25,153.85001,153.85001,151.53999,152.039993,845000
2020-11-27,151.62,153.029999,151.27,152.059998,629000
2020-11-30,151.0099945,152.17,148.64999,149.35001,1572300
2020-12-01,151.039993,154.28999,150.7,151.75999,1302700
2020-12-02,150.87,153.62,150.12,153.35001,1123000
2020-12-03,153.35001,155.22,152.94,153.88,1081800
2020-12-04,153.92,156.14,153.92,156.039993,1065000
2020-12-07,154.95,155.63,152.5,153.0,1033000
2020-12-08,152.3,154.3,152.12,153.57001,958700
2020-12-09,153.7,154.78999,152.92,154.14,1204000
2020-12-10,152.57001,153.59,150.080002,150.37,2042500
2020-12-11,149.8,151.92,148.78,151.33,2444700
2020-12-14,152.86,155.089996,152.73,153.34,1757700
2020-12-15,153.64,155.39,152.059998,154.60001,1242100
2020-12-16,154.89999,155.3,152.63,153.39999,1373400
2020-12-17,153.85001,154.12,151.53,151.59,951300
2020-12-18,151.28,153.77,151.020004,152.67,2447600
2020-12-21,150.0099945,150.91,147.32001,149.67,1980300
2020-12-22,149.62,149.67,146.28999,146.5,1604900
2020-12-23,147.36,149.39999,147.0,148.14999,1113800
2020-12-24,148.34,149.14999,147.60001,149.0099945,447400
2020-12-28,149.2,150.49001,148.36,148.72,777900
2020-12-29,149.78,149.78,146.39,147.55,1105300
2020-12-30,147.49001,149.41,147.48,148.3,995800
2020-12-31,148.13,148.91,147.35001,148.82001,1753100
2021-01-04,149.25999,149.25999,144.81,145.94,1426600
2021-01-05,146.2,146.71001,144.5,146.0099945,1184400
2021-01-06,145.25,150.64,145.25,149.74001,1845300
2021-01-07,150.020004,152.24001,148.75999,151.72,1340400
2021-01-08,150.42,152.62,148.60001,150.77,2246000
2021-01-11,150.25,152.24001,149.41,151.78,1431100
2021-01-12,151.78,154.94,151.75,153.5,1531600
2021-01-13,152.89,153.44,151.33,152.63,1186800
2021-01-14,152.5,155.38,151.91,154.089996,1556900
2021-01-15,153.57001,154.21001,151.88,153.17,1822100
2021-01-19,154.38,155.36,153.059998,153.13,1439000
2021-01-20,153.24001,154.39999,152.41,154.029999,1068700
2021-01-21,153.84,154.74001,150.5,151.059998,1395200
2021-01-22,150.41,153.14999,149.81,152.77,1171500
2021-01-25,151.82001,155.7,151.11,153.16,1849100
2021-01-26,154.34,154.63,150.020004,150.33,1588700
2021-01-27,150.75,158.99001,148.89999,152.73,2373500
2021-01-28,153.16,153.52,149.63,150.42999,1993500
2021-01-29,149.12,151.070007,146.62,146.67999,3102600
2021-02-01,147.42,148.58,146.53,147.67,1765000
2021-02-02,148.5,151.39999,148.33,149.82001,2036100
2021-02-03,148.71001,153.82001,148.71001,153.080002,1500500
2021-02-04,153.71001,157.67999,153.050003,157.53,1613300
2021-02-05,159.020004,160.48,157.64999,158.82001,1859000
2021-02-08,159.0,159.75,157.11,159.64,1247000
2021-02-09,159.67,162.53999,158.42,162.14,1108800
2021-02-10,162.64,164.029999,161.89,163.13,1363100
2021-02-11,162.57001,166.21001,162.57001,163.45,1612300
2021-02-12,163.070007,165.39,162.75999,164.83,1263200
2021-02-16,165.12,166.24001,163.029999,163.32001,1361100
2021-02-17,162.97,165.089996,161.57001,164.49001,770000
2021-02-18,164.020004,164.45,162.46001,163.23,672200
2021-02-19,164.27,165.24001,163.82001,164.78,773900
2021-02-22,164.45,167.14999,163.88,166.42,1426500
2021-02-23,168.12,168.3,164.52,167.35001,1367800
2021-02-24,167.42,168.92999,166.39999,168.059998,1163700
2021-02-25,167.67,168.97,165.53,166.2,1133700
2021-02-26,166.66,166.83,163.36,163.47,1730700
2021-03-01,165.0,168.56,164.88,167.059998,1113200
2021-03-02,166.7,168.77,166.59,167.67999,1155800
2021-03-03,168.2,169.60001,167.50999,167.95,951000
2021-03-04,168.13,168.5,163.12,165.77,1311000
2021-03-05,166.95,171.48,165.8,170.52,1187900
2021-03-08,171.78999,175.27,170.64999,172.69,1344700
2021-03-09,172.69,173.27,168.38,168.74001,1846200
2021-03-10,169.57001,172.82001,168.61,172.42,1079900
2021-03-11,171.28,174.45,170.39999,172.67,1127600
2021-03-12,174.10001,176.61,174.10001,176.28999,1004300
2021-03-15,176.5,177.020004,173.94,176.71001,1034500
2021-03-16,176.16,176.28,173.81,175.32001,1090000
2021-03-17,176.60001,178.8,175.14999,177.52,1197200
2021-03-18,177.52,180.35001,177.52,179.24001,1288800
2021-03-19,178.27,178.92,174.95,177.62,2759100
2021-03-22,177.52,177.52,173.52,176.56,1041600
2021-03-23,175.88,176.99001,174.32001,174.87,859100
2021-03-24,176.31,179.41,176.31,176.42,920600
2021-03-25,175.81,180.25999,175.75,180.059998,1015400
2021-03-26,180.0,181.84,179.0099945,181.53999,1074200
2021-03-29,181.82001,184.039993,180.020004,183.3,1711400
2021-03-30,183.34,184.37,181.8,182.10001,793300
2021-03-31,181.32001,182.36,180.64999,181.56,1052700
2021-04-01,181.63,181.73,179.85001,180.83,851000
2021-04-05,182.2,185.66,182.0,185.59,1189200
2021-04-06,184.41,185.7,184.41,185.11,930500
2021-04-07,185.57001,186.0,183.5,184.78999,984900
2021-04-08,182.75,184.58,182.070007,184.11,887400
2021-04-09,181.83,183.78999,180.88,183.0,1258200
2021-04-12,183.45,185.2,182.96001,184.94,1132700
2021-04-13,183.19,183.94,182.0099945,182.28,1237200
2021-04-14,182.73,185.029999,182.44,183.48,823900
2021-04-15,184.0,184.28999,182.42999,183.92999,922900
2021-04-16,185.22,185.24001,183.27,184.47,1418300
2021-04-19,184.44,184.91,182.78,184.78999,1156600
2021-04-20,184.72,185.87,183.37,184.070007,1204900
2021-04-21,183.63,185.87,183.23,185.85001,863900
2021-04-22,185.44,186.089996,184.25999,184.5,827500
2021-04-23,184.92999,186.98,184.39,186.48,795400
2021-04-26,187.50999,188.45,185.050003,185.19,1168800
2021-04-27,185.039993,187.0099945,184.19,185.89,1197100
2021-04-28,188.85001,189.0,185.059998,185.25999,1412100
2021-04-29,188.12,191.46001,187.73,190.71001,1363900
2021-04-30,190.070007,191.12,188.78,190.23,1492300
2021-05-03,190.99001,192.74001,189.38,191.69,833400
2021-05-04,191.64999,192.78999,191.58,191.99001,1396000
2021-05-05,191.62,191.89999,189.45,190.67999,1412700
2021-05-06,191.72,192.75,190.67,192.67999,1263200
2021-05-07,193.0,195.34,192.35001,194.82001,1367700
2021-05-10,195.48,197.50999,194.42999,194.60001,1004500
2021-05-11,193.81,194.32001,189.75,191.53999,1091700
2021-05-12,192.0,192.39999,186.7,186.88,1730500
2021-05-13,187.75,192.080002,186.81,191.28999,1047700
2021-05-14,191.71001,192.7,190.64,191.94,890800
2021-05-17,191.10001,192.27,189.61,191.64999,966800
2021-05-18,191.74001,191.81,189.32001,189.35001,872500
2021-05-19,187.77,188.58,185.32001,188.52,927100
2021-05-20,188.84,189.75999,188.10001,189.059998,800900
2021-05-21,189.72,191.53,188.44,189.88,1641500
2021-05-24,190.71001,190.73,188.94,189.60001,891200
2021-05-25,189.36,190.7,188.7,188.91,631600
2021-05-26,189.67,189.86,187.67999,189.020004,709300
2021-05-27,190.89,191.56,189.82001,190.67,1157000
2021-05-28,191.0099945,191.67,189.63,189.91,713900
2021-06-01,191.25,191.5,189.34,189.53999,813200
2021-06-02,190.2,191.62,189.25,191.53999,1143900
2021-06-03,191.39999,192.0099945,190.10001,190.81,885100
2021-06-04,191.5,193.85001,191.029999,193.57001,1126200
2021-06-07,193.92999,194.27,190.64,191.77,1018800
2021-06-08,191.78,193.38,191.22,192.72,1004700
2021-06-09,192.64,193.37,191.25,191.87,870600
2021-06-10,192.99001,193.53,191.21001,191.48,790100
2021-06-11,192.27,192.27,190.71001,191.49001,1385400
2021-06-14,191.0,191.41,189.44,190.84,1165800
2021-06-15,191.38,193.020004,191.28999,192.45,935900
2021-06-16,192.31,192.46001,190.0,190.080002,750800
2021-06-17,190.66,191.12,186.36,187.67999,915600
2021-06-18,185.25,186.72,184.53,185.14999,2567800
2021-06-21,186.78999,190.89,186.74001,190.78,1237300
2021-06-22,190.31,190.73,189.080002,189.58,968100
2021-06-23,189.99001,189.99001,186.78,186.81,1018000
2021-06-24,188.039993,188.3,186.24001,188.11,810400
2021-06-25,187.8,190.070007,187.8,189.81,849200
2021-06-28,190.059998,190.19,188.25,188.87,1159400
2021-06-29,189.78999,190.60001,186.49001,186.7,1064100
2021-06-30,186.55,188.59,186.50999,188.25999,1102200
2021-07-01,187.82001,189.089996,187.28,188.050003,894500
2021-07-02,188.25,189.56,187.37,188.53999,619700
2021-07-06,187.81,188.039993,184.3,186.91,838400
2021-07-07,185.89,190.27,185.89,189.78999,1168500
2021-07-08,187.83,189.41,186.78999,188.020004,962200
2021-07-09,190.14,191.24001,188.59,190.22,1077200
2021-07-12,189.50999,190.53,188.37,189.33,779000
2021-07-13,189.37,190.28999,188.66,188.74001,840400
2021-07-14,188.97,190.12,188.3,189.46001,708200
2021-07-15,188.0,189.84,187.58,189.35001,920300
2021-07-16,190.28,190.63,188.55,189.28,1057300
2021-07-19,187.17,187.64,182.66,184.089996,1158200
2021-07-20,185.14999,190.63,185.059998,190.0099945,1029600
2021-07-21,191.0,192.41,190.60001,191.63,699000
2021-07-22,191.2,191.2,189.8,190.57001,524800
2021-07-23,191.67,192.17999,190.64,191.86,455500
2021-07-26,191.25,192.60001,191.25,191.92,710200
2021-07-27,191.61,195.59,190.81,194.050003,1258900
2021-07-28,198.39999,199.95,194.029999,195.50999,1267600
2021-07-29,197.31,198.91,195.45,198.14,1147800
2021-07-30,197.8,197.82001,194.94,196.029999,907500
2021-08-02,196.8,198.81,195.58,195.83,1038400
2021-08-03,196.50999,197.41,193.36,197.32001,738600
2021-08-04,195.8,197.25,194.89,195.87,610300
2021-08-05,195.52,197.81,195.52,196.69,585600
2021-08-06,198.14,199.45,197.45,199.080002,876500
2021-08-09,198.39999,198.59,196.8,197.24001,697900
2021-08-10,196.99001,199.14,196.7,199.020004,596800
2021-08-11,199.42999,200.74001,198.57001,200.69,739400
2021-08-12,200.78,201.14999,198.36,199.17,526100
2021-08-13,199.47,199.61,198.0,198.37,655100
2021-08-16,198.19,200.53999,196.33,200.46001,629100
2021-08-17,199.48,200.46001,197.89,199.32001,764800
2021-08-18,198.89,199.42999,196.55,196.8,1004800
2021-08-19,195.50999,197.34,194.089996,195.49001,738000
2021-08-20,195.63,197.89999,195.24001,197.3,1242300
2021-08-23,198.080002,199.10001,197.12,198.0099945,556700
2021-08-24,198.67,199.60001,198.12,198.92,416900
2021-08-25,199.57001,200.070007,198.22,199.3,396100
2021-08-26,198.88,199.39,198.12,199.070007,483700
2021-08-27,199.87,200.52,199.11,199.72,622000
2021-08-30,199.92999,200.0099945,198.53,199.19,396000
2021-08-31,199.3,200.77,199.23,200.31,786500
2021-09-01,201.0,201.0,198.53,199.78999,784600
2021-09-02,200.31,202.39999,200.31,202.3,948000
2021-09-03,202.0,202.89999,201.19,202.46001,881300
2021-09-07,201.67,203.25,200.75,202.39,1396900
2021-09-08,202.17999,205.0,201.57001,204.39999,1085700
2021-09-09,205.0,206.46001,203.77,203.81,1237400
2021-09-10,204.95,205.14,201.56,201.60001,1045000
2021-09-13,202.34,202.88,197.44,199.42,1484900
2021-09-14,200.42999,200.42999,195.92999,196.66,1007700
2021-09-15,196.61,199.46001,196.080002,198.48,930900
2021-09-16,198.91,199.5,194.83,194.88,819600
2021-09-17,194.12,195.78999,193.57001,195.12,2722100
2021-09-20,194.0,194.57001,191.059998,193.42999,940400
2021-09-21,193.92999,194.78,190.69,191.19,726000
2021-09-22,192.78,194.95,192.33,193.75,698200
2021-09-23,195.60001,197.88,195.0,196.75,639000
2021-09-24,196.64999,198.12,196.62,197.42,468900
2021-09-27,198.16,200.21001,197.42999,197.75999,645900
2021-09-28,197.78999,198.7,195.34,197.10001,887700
2021-09-29,198.089996,199.52,197.089996,198.39,672000
2021-09-30,198.96001,199.49001,196.0099945,196.029999,1059500
2021-10-01,197.27,199.3,194.059998,198.22,876700
2021-10-04,197.66,199.74001,195.78999,197.50999,853100
2021-10-05,198.23,199.66,196.62,198.16,959000
2021-10-06,197.12,199.41,195.0,199.36,727100
2021-10-07,199.89,202.19,199.75,201.73,664200
2021-10-08,201.94,202.84,200.86,202.12,723100
2021-10-11,202.5,205.84,201.89,202.88,701700
2021-10-12,202.88,205.45,202.7,203.55,796300
2021-10-13,203.38,204.059998,200.92999,203.39,674100
2021-10-14,204.72,205.67,203.39999,205.14,737100
2021-10-15,205.75,208.92999,205.75,208.059998,1076700
2021-10-18,206.92,208.27,205.74001,206.66,591300
2021-10-19,207.080002,209.029999,206.050003,208.62,746000
2021-10-20,208.62,209.63,207.97,208.44,939500
2021-10-21,207.96001,208.2,205.16,208.039993,831300
2021-10-22,208.71001,210.21001,207.47,209.52,767800
2021-10-25,209.059998,209.63,207.8,207.91,672500
2021-10-26,199.21001,205.53,198.64,204.57001,1855400
2021-10-27,204.99001,208.71001,201.27,205.78999,1138800
2021-10-28,207.25,207.49001,201.089996,202.61,1119700
2021-10-29,202.60001,204.050003,201.35001,202.75,1485500
2021-11-01,202.81,203.84,199.77,201.89,767700
2021-11-02,202.50999,203.46001,200.97,201.75,847800
2021-11-03,200.95,201.25,197.61,201.21001,1338300
2021-11-04,200.73,201.17999,197.61,198.16,1138400
2021-11-05,200.25,201.36,199.0099945,201.0,1306700
2021-11-08,201.91,203.17,200.080002,202.64,1085900
2021-11-09,202.82001,203.63,201.23,202.88,666900
2021-11-10,203.080002,203.75,201.10001,201.33,625200
2021-11-11,200.77,201.45,198.81,199.089996,904600
2021-11-12,199.089996,201.45,198.52,200.97,944100
2021-11-15,202.039993,202.039993,200.14999,201.070007,679900
2021-11-16,200.91,201.69,198.69,198.74001,860100
2021-11-17,198.67,200.10001,198.67,199.46001,617600
2021-11-18,199.74001,199.74001,196.82001,198.0,750000
2021-11-19,197.8,198.38,196.050003,196.31,792100
2021-11-22,197.21001,200.57001,196.62,199.36,689500
2021-11-23,199.89999,201.73,199.49001,200.28999,604400
2021-11-24,200.070007,200.64,198.059998,198.74001,524200
2021-11-26,194.2,194.55,190.8,193.37,847300
2021-11-29,195.0,195.8,193.13,194.44,878600
2021-11-30,192.49001,193.72,188.64,188.97,2083900
2021-12-01,192.0,194.50999,189.42999,189.45,1320400
2021-12-02,191.44,196.78,190.32001,194.48,1246500
2021-12-03,194.71001,198.059998,194.56,197.63,1424200
2021-12-06,200.070007,201.89999,198.69,199.57001,820500
2021-12-07,200.0,201.19,198.97,199.32001,880200
2021-12-08,199.85001,202.75,199.85001,200.88,781100
2021-12-09,200.0,202.14,198.67999,201.92999,938000
2021-12-10,203.17,205.85001,201.5,204.92999,1038000
2021-12-13,202.88,205.020004,202.0099945,203.49001,1017200
2021-12-14,204.71001,206.56,202.3,203.47,1160300
2021-12-15,203.99001,206.35001,203.35001,206.24001,781200
2021-12-16,206.66,209.080002,205.92,206.17999,1030100
2021-12-17,206.050003,206.35001,202.19,202.2,2703100
2021-12-20,201.0,201.39999,197.029999,198.67999,969100
2021-12-21,199.89999,204.25999,199.60001,203.28999,1251800
2021-12-22,203.42999,204.89,203.27,203.75999,608500
2021-12-23,204.84,205.85001,203.78,204.69,665800
2021-12-27,205.070007,207.21001,204.53999,207.13,849200
2021-12-28,206.5,208.87,206.5,207.67,899400
2021-12-29,207.77,208.56,206.13,207.89,715700
2021-12-30,207.7,209.35001,207.17999,207.53999,718600
2021-12-31,207.32001,209.47,206.33,208.47,868400
2022-01-03,209.0,209.55,206.14,207.46001,721500
2022-01-04,209.070007,212.46001,208.21001,212.050003,1129400
2022-01-05,212.77,214.42999,210.029999,210.31,876500
2022-01-06,212.53,214.039993,210.13,211.74001,864100
2022-01-07,212.57001,213.87,211.67,212.089996,1408500
2022-01-10,212.60001,214.7,209.5,210.61,1235300
2022-01-11,210.61,211.75999,209.42999,211.58,1021700
2022-01-12,212.0,212.7,210.63,211.92999,968700
2022-01-13,211.41,213.12,210.39999,211.37,766500
2022-01-14,210.46001,213.62,209.52,213.10001,1111000
2022-01-18,212.13,212.5,208.97,211.16,1104800
2022-01-19,211.13,213.44,210.36,210.36,826800
2022-01-20,210.47,212.96001,208.48,208.98,933100
2022-01-21,209.25999,210.89999,206.32001,206.53999,1237200
2022-01-24,204.44,207.56,200.64999,207.080002,1464200
2022-01-25,205.0,206.84,200.94,205.96001,1765900
2022-01-26,204.17,210.14999,200.78999,204.92,1988400
2022-01-27,205.080002,211.63,205.080002,208.8,2402800
2022-01-28,209.84,213.0,206.24001,212.82001,1500400
2022-01-31,210.46001,212.62,208.38,212.10001,1566400
2022-02-01,212.19,213.61,209.75,212.87,1371700
2022-02-02,212.3,214.45,210.60001,214.080002,1888600
2022-02-03,207.84,213.25,207.84,212.17,1380700
2022-02-04,213.50999,216.21001,210.78,212.28999,1462300
2022-02-07,213.28,213.92999,211.59,212.12,1045400
2022-02-08,213.36,215.070007,211.88,214.46001,1064500
2022-02-09,215.72,216.17,214.5,215.44,1037700
2022-02-10,213.75,215.78999,210.31,211.52,1102200
2022-02-11,211.64,214.94,210.86,213.75999,1206200
2022-02-14,213.75,214.64,210.029999,211.17,1227500
2022-02-15,211.98,214.17,211.0,212.77,690100
2022-02-16,212.67999,215.32001,212.52,214.41,814100
2022-02-17,213.73,215.55,212.24001,214.39999,1014300
2022-02-18,213.83,218.60001,213.83,215.82001,1609000
2022-02-22,220.0,220.10001,215.13,216.82001,2170000
2022-02-23,218.059998,218.88,215.81,216.27,1744300
2022-02-24,216.78999,218.94,211.41,218.53,2062700
2022-02-25,218.56,228.2,218.56,227.98,1979400
2022-02-28,229.59,234.99001,229.14,234.45,3284600
2022-03-01,235.0,237.029999,232.10001,233.32001,2082500
2022-03-02,235.0,236.64,229.16,235.75,2780300
2022-03-03,236.78,239.75999,236.17,238.13,1875300
2022-03-04,236.10001,245.56,235.059998,245.28999,3300500
2022-03-07,245.50999,254.99001,245.48,247.28999,4791800
2022-03-08,247.38,247.86,235.25,235.31,2769800
2022-03-09,234.98,238.42,231.62,236.81,2425400
2022-03-10,235.99001,238.81,234.34,235.52,1576800
2022-03-11,235.8,238.95,232.38,232.48,1804900
2022-03-14,234.35001,235.60001,230.47,233.83,1379600
2022-03-15,235.45,238.41,233.42,237.62,1145800
2022-03-16,234.44,236.37,224.38,227.69,2457600
2022-03-17,230.44,232.42,227.75,230.50999,1712500
2022-03-18,230.63,231.12,228.59,230.23,2605200
2022-03-21,231.0,238.49001,230.99001,236.070007,1566400
2022-03-22,236.14999,237.88,234.10001,237.83,1157800
2022-03-23,238.7,241.66,238.23,239.69,1370400
2022-03-24,240.0,243.36,239.14,241.0,1179400
2022-03-25,240.83,244.44,240.36,244.36,1127200
2022-03-28,242.52,243.059998,239.48,240.89,1247100
2022-03-29,237.33,241.19,234.13,241.089996,1643500
2022-03-30,242.0,245.63,242.0,244.32001,1377800
2022-03-31,242.14,245.57001,241.14999,241.17999,1316100
2022-04-01,241.17,243.24001,239.21001,242.50999,1004800
2022-04-04,242.49001,242.50999,236.96001,239.23,1158500
2022-04-05,238.61,242.67999,238.61,239.14999,1207300
2022-04-06,239.029999,242.050003,238.75,240.75999,1399800
2022-04-07,239.39999,244.73,237.84,243.61,1266200
2022-04-08,244.92,246.13,241.60001,242.039993,1081400
2022-04-11,244.31,246.91,241.75,243.55,1390400
2022-04-12,243.31,246.020004,242.10001,243.82001,754600
2022-04-13,244.96001,246.64999,242.53999,243.71001,751500
2022-04-14,244.8,245.97,243.0,243.74001,957500
2022-04-18,243.42,248.73,243.3,243.86,1022400
2022-04-19,244.089996,247.14,243.080002,246.59,1182700
2022-04-20,247.3,249.69,246.080002,247.69,862400
2022-04-21,248.0,248.25,241.77,242.059998,1265000
2022-04-22,241.16,242.42999,238.55,238.78999,1076400
2022-04-25,239.020004,239.77,234.85001,239.17999,1525100
2022-04-26,238.63,241.62,236.92999,236.92999,1297000
2022-04-27,237.66,247.0,237.11,239.98,2282000
2022-04-28,242.42999,243.28,239.35001,241.2,1443600
2022-04-29,241.0,242.0,235.99001,236.53,1839600
2022-05-02,236.53,238.56,230.42999,233.25,1776700
2022-05-03,234.59,236.7,232.39,233.38,1829800
2022-05-04,233.99001,243.36,232.11,242.92,1914600
2022-05-05,242.46001,244.14999,238.0,239.24001,2174300
2022-05-06,238.39999,240.92,236.0,239.60001,1329700
2022-05-09,237.98,238.28999,228.47,229.37,1915600
2022-05-10,230.0,233.84,226.77,229.3,1748800
2022-05-11,229.34,232.48,226.089996,226.94,1830800
2022-05-12,226.020004,227.99001,219.42999,223.49001,2121700
2022-05-13,225.039993,227.3,222.86,226.31,1557800
2022-05-16,226.71001,228.35001,225.25999,227.8,1237300
2022-05-17,229.25,232.41,226.83,231.62,1084700
2022-05-18,230.52,232.25,225.45,225.98,1929200
2022-05-19,223.89999,224.39,216.66,217.78,2108500
2022-05-20,218.38,218.58,210.19,213.5,1985800
2022-05-23,215.19,217.78,214.8,216.7,1812500
2022-05-24,216.19,220.99001,215.75999,219.82001,1480500
2022-05-25,219.78,221.11,217.60001,220.050003,1498700
2022-05-26,221.73,224.050003,220.72,221.25999,1477300
2022-05-27,222.64999,226.64,222.13,226.50999,1403900
2022-05-31,224.24001,226.25999,223.39999,224.91,1637300
2022-06-01,227.089996,228.0,224.22,226.22,1204000
2022-06-02,228.67,230.74001,223.84,229.44,1101700
2022-06-03,228.39,231.84,228.39,230.13,1410400
2022-06-06,231.33,232.41,229.48,229.89999,956900
2022-06-07,228.87,235.82001,228.14999,235.58,1341400
2022-06-08,233.5,234.33,230.77,231.36,1024600
2022-06-09,230.73,231.60001,226.77,226.89,823200
2022-06-10,224.45,227.11,222.89999,224.63,1351900
2022-06-13,220.91,221.64999,216.66,217.53,1288500
2022-06-14,218.36,218.87,214.36,215.89999,1182400
2022-06-15,217.2,220.71001,215.32001,217.92,1276500
2022-06-16,214.71001,215.67999,211.3,211.89,1338600
2022-06-17,212.21001,213.39,208.12,209.78,3063800
2022-06-21,211.56,218.47,211.56,216.55,1233400
2022-06-22,213.36,218.91,212.87,216.0099945,1129400
2022-06-23,216.25,217.85001,213.95,216.60001,1181200
2022-06-24,217.42999,222.73,216.91,222.33,1675600
2022-06-27,223.070007,226.25,222.080002,223.5,1277100
2022-06-28,224.78,228.0,220.050003,220.49001,1616900
2022-06-29,221.67,221.99001,218.96001,219.28,1235600
2022-06-30,216.84,222.39,215.64999,221.25,1343300
2022-07-01,221.24001,224.48,219.74001,223.86,705800
2022-07-05,220.21001,221.039993,209.84,214.53,1613100
2022-07-06,214.070007,220.71001,214.070007,219.56,1095400
2022-07-07,220.56,221.94,219.3,220.58,951100
2022-07-08,221.28,222.14999,218.61,221.11,1118600
2022-07-11,219.67999,221.86,218.8,219.75,652200
2022-07-12,219.92,221.0,216.14,216.63,744600
2022-07-13,213.63,216.32001,213.24001,213.39,850100
2022-07-14,209.94,210.91,207.42,210.45,1044400
2022-07-15,213.11,213.11,210.0099945,212.77,857600
2022-07-18,213.97,215.0,208.78,209.78999,1040100
2022-07-19,209.7,215.3,209.0,214.67999,906000
2022-07-20,214.48,217.74001,212.67999,216.72,1030300
2022-07-21,215.88,217.0099945,214.57001,216.89,611400
2022-07-22,217.75999,220.17,216.080002,216.75999,834200
2022-07-25,216.95,220.28999,216.95,218.8,745100
2022-07-26,219.36,219.64,217.12,217.63,1038100
2022-07-27,219.45,222.25,214.8,219.85001,1156000
2022-07-28,219.020004,223.86,217.39999,223.8,1032300
2022-07-29,223.52,227.45,223.39,226.67,1230100
2022-08-01,226.55,228.12,224.59,226.17999,1086300
2022-08-02,227.28,229.67999,224.020004,227.039993,1007300
2022-08-03,227.17,231.75,223.88,230.67,1226500
2022-08-04,231.32001,232.84,228.85001,229.16,895100
2022-08-05,228.99001,229.45,225.87,228.75999,699600
2022-08-08,230.36,230.42999,224.72,225.78999,961600
2022-08-09,226.97,228.19,226.12,227.62,878400
2022-08-10,229.0099945,230.89,228.55,230.46001,877000
2022-08-11,230.81,231.99001,229.8,231.82001,1447800
2022-08-12,232.0,238.10001,232.0,237.95,1409200
2022-08-15,236.7,242.19,235.67999,241.25,1469400
2022-08-16,241.25,242.49001,240.71001,241.48,807700
2022-08-17,239.64,243.45,239.14999,242.69,860900
2022-08-18,243.66,244.080002,242.24001,243.69,1026100
2022-08-19,243.059998,243.24001,241.13,241.67,724800
2022-08-22,239.31,239.91,234.28999,234.49001,841500
2022-08-23,234.28999,235.5,233.059998,234.0,864700
2022-08-24,234.86,235.27,232.85001,234.49001,783800
2022-08-25,235.0,238.14999,234.39999,238.0099945,551000
2022-08-26,239.10001,239.10001,232.36,232.59,665400
2022-08-29,230.98,234.96001,230.020004,233.7,680300
2022-08-30,233.96001,234.47,230.46001,231.12,659100
2022-08-31,231.23,232.67999,228.72,228.92999,1037800
2022-09-01,228.8,228.89,223.50999,225.37,1782300
2022-09-02,227.3,229.62,224.31,224.88,930900
2022-09-06,225.14,227.5,223.66,224.55,926400
2022-09-07,223.53999,227.87,222.49001,227.74001,660800
2022-09-08,226.67,228.10001,225.56,227.69,720800
2022-09-09,228.66,232.36,227.67,231.61,994600
2022-09-12,232.16,237.41,230.92999,235.44,1559700
2022-09-13,232.080002,233.64,227.059998,227.98,1367700
2022-09-14,228.59,232.41,227.53,230.73,1057500
2022-09-15,230.37,230.63,227.37,228.46001,983800
2022-09-16,226.50999,229.3,225.35001,227.45,3317900
2022-09-19,225.8,229.25,225.8,229.029999,830800
2022-09-20,228.14999,229.92999,225.22,229.11,934100
2022-09-21,232.92,236.059998,228.2,228.2,983100
2022-09-22,228.78999,230.53,226.39,228.089996,844600
2022-09-23,225.82001,226.039993,219.020004,221.89999,920300
2022-09-26,221.32001,224.050003,219.23,220.42999,797400
2022-09-27,222.42999,222.98,217.56,218.67,741700
2022-09-28,218.25999,221.91,215.82001,220.45,952800
2022-09-29,219.89999,220.19,212.61,214.42999,987300
2022-09-30,213.23,215.50999,212.029999,212.17,1208800
2022-10-03,214.89,221.33,214.3,220.53,1139900
2022-10-04,222.050003,226.92999,222.050003,226.64,801300
2022-10-05,225.49001,228.86,224.42,226.67999,984900
2022-10-06,224.98,226.10001,223.19,223.41,929800
2022-10-07,222.64,224.11,220.84,223.67999,1226900
2022-10-10,226.2,228.72,223.020004,225.41,759800
2022-10-11,226.58,230.53999,226.039993,227.74001,1138300
2022-10-12,226.23,227.0,223.3,223.32001,833300
2022-10-13,220.44,229.95,219.75,229.13,792300
2022-10-14,230.0,230.0,220.94,221.17,1039600
2022-10-17,224.34,229.84,224.34,228.84,1082900
2022-10-18,232.5,238.53,231.82001,237.48,1204500
2022-10-19,237.82001,241.50999,236.25999,239.37,1158900
2022-10-20,240.0,241.020004,235.87,237.44,1184100
2022-10-21,236.85001,243.63,236.33,242.60001,1365900
2022-10-24,244.67999,246.41,243.25999,243.81,955200
2022-10-25,243.12,246.49001,242.050003,245.75,1283000
2022-10-26,247.5,248.8,242.81,245.7,1389200
2022-10-27,247.33,249.25999,246.059998,248.0,1140300
2022-10-28,247.3,252.21001,245.39999,250.72,1526900
2022-10-31,248.83,250.86,247.39999,249.8,1480900
2022-11-01,250.55,251.47,249.2,249.91,1005300
2022-11-02,249.0,251.14999,245.96001,246.37,1419800
2022-11-03,243.35001,251.86,243.0099945,248.94,1307900
2022-11-04,250.19,252.67999,245.0,249.36,1385000
2022-11-07,249.87,251.83,248.17999,251.58,846900
2022-11-08,251.84,253.61,250.41,252.53999,883400
2022-11-09,252.34,252.92999,249.45,249.52,599000
2022-11-10,253.98,254.39999,249.62,253.48,1150600
2022-11-11,251.67999,251.75999,242.75,243.13,1395200
2022-11-14,243.85001,246.97,242.78999,242.82001,1461200
2022-11-15,244.36,247.3,242.31,246.14,1223200
2022-11-16,246.14,247.24001,244.21001,244.87,709000
2022-11-17,243.0,246.81,242.52,246.52,668200
2022-11-18,247.88,250.35001,247.37,248.22,1020100
2022-11-21,247.44,252.089996,247.44,250.58,802400
2022-11-22,252.57001,253.2,251.0099945,251.52,730000
2022-11-23,251.19,253.22,251.089996,252.28999,941200
2022-11-25,253.48,253.98,252.45,253.77,368400
2022-11-28,252.28999,253.53999,249.85001,250.49001,656400
2022-11-29,250.72,251.75,249.92,251.22,598300
2022-11-30,250.19,252.56,247.42999,252.39,1907200
2022-12-01,253.19,253.56,250.37,252.27,833900
2022-12-02,250.64,256.85999,250.58,255.74001,1059000
2022-12-05,252.62,254.11,250.53999,250.91,966900
2022-12-06,251.27,251.47,246.50999,248.28,847600
2022-12-07,247.99001,249.029999,245.14,246.21001,898600
2022-12-08,248.41,249.10001,246.55,247.67999,768900
2022-12-09,247.27,249.39,246.5,247.039993,748200
2022-12-12,247.86,249.66,246.37,249.62,765300
2022-12-13,253.0,253.94,247.5,248.73,993400
2022-12-14,249.0,251.83,247.75,249.020004,768900
2022-12-15,247.88,248.86,241.92,245.14,914800
2022-12-16,244.38,247.28,242.67999,246.14,2123200
2022-12-19,246.0,249.88,243.64,244.3,1134900
2022-12-20,244.36,249.34,244.0,246.62,848500
2022-12-21,248.14,250.48,246.92999,249.97,701000
2022-12-22,248.5,250.0,242.53999,246.59,612600
2022-12-23,246.59,248.59,246.070007,247.89999,581600
2022-12-27,249.24001,249.78999,247.84,248.74001,590800
2022-12-28,249.24001,250.0,246.92,246.97,384600
2022-12-29,247.53,250.3,246.78,249.23,458000
2022-12-30,248.66,249.67999,244.69,248.11,725300
2023-01-03,247.85001,249.41,246.32001,248.60001,777900
2023-01-04,247.49001,248.75999,242.96001,245.22,1076700
2023-01-05,244.55,246.47,243.78999,244.62,945800
2023-01-06,247.32001,251.94,245.0,248.25,1074800
2023-01-09,248.55,249.62,244.55,245.21001,1571500
2023-01-10,246.24001,248.92,245.72,247.53999,1274200
2023-01-11,248.63,249.0,244.75,248.69,856300
2023-01-12,248.84,250.25999,247.19,247.7,685500
2023-01-13,243.98,245.33,238.89,240.28999,1459600
2023-01-17,240.85001,242.82001,239.89999,241.14,1339000
2023-01-18,241.2,242.0,236.75999,237.0,1697900
2023-01-19,235.82001,236.98,231.48,231.55,1200400
2023-01-20,232.11,232.78999,228.25999,232.78999,1499900
2023-01-23,232.78999,234.17999,231.56,232.45,1264500
2023-01-24,233.31,235.72,230.49001,235.45,1443500
2023-01-25,224.86,229.13,220.33,226.88,2727600
2023-01-26,227.0,229.94,223.41,228.11,1429800
2023-01-27,227.36,229.13,226.020004,227.49001,1324300
2023-01-30,228.64999,230.10001,226.37,228.070007,1138000
2023-01-31,228.96001,233.2,227.84,233.059998,1303100
2023-02-01,231.2,232.83,228.55,230.45,1137700
2023-02-02,228.31,232.56,227.56,231.41,1541100
2023-02-03,233.73,234.87,230.95,231.53999,1650100
2023-02-06,232.25,235.64999,231.2,232.35001,1099100
2023-02-07,231.77,232.080002,228.46001,231.96001,1186100
2023-02-08,230.34,231.62,228.83,229.12,1138700
2023-02-09,230.39,230.58,227.57001,228.66,1095300
2023-02-10,229.71001,233.27,229.080002,233.22,851700
2023-02-13,235.0,235.66,231.7,232.88,784700
2023-02-14,232.87,233.17999,231.0,232.070007,730600
2023-02-15,231.089996,232.48,230.7,232.47,631100
2023-02-16,230.63,233.16,230.19,231.3,881200
2023-02-17,231.82001,236.059998,231.25,235.25999,1504100
2023-02-21,236.62,237.75999,232.59,233.52,1063900
2023-02-22,233.38,234.78,232.36,233.64999,704100
2023-02-23,233.85001,234.83,230.28,231.37,788200
2023-02-24,230.53999,232.0099945,229.82001,231.95,667100
2023-02-27,232.24001,232.98,229.55,230.62,985600
2023-02-28,230.58,231.080002,227.8,227.91,1049300
2023-03-01,227.2,228.5,226.55,227.69,899100
2023-03-02,227.2,230.75,227.2,230.25,1095600
2023-03-03,231.0,231.37,229.55,231.039993,1576800
2023-03-06,231.0,233.39999,230.53999,232.60001,1136500
2023-03-07,232.78,233.78,229.98,229.99001,1032500
2023-03-08,229.83,230.53,224.62,227.059998,1441900
2023-03-09,228.21001,229.16,222.41,222.87,1653200
2023-03-10,222.27,224.11,220.64999,220.92999,1544300
2023-03-13,218.0,220.50999,216.92999,218.78999,1580800
2023-03-14,221.27,221.82001,217.92999,219.83,1070600
2023-03-15,217.050003,217.85001,212.77,216.75,1419700
2023-03-16,215.78,227.78999,215.46001,220.050003,2632600
2023-03-17,219.14999,219.99001,216.60001,218.14999,2413800
2023-03-20,219.14999,221.21001,219.0,219.91,983000
2023-03-21,222.0099945,222.99001,221.47,222.37,892900
2023-03-22,222.62,223.23,219.23,219.23,1043900
2023-03-23,219.96001,221.77,219.10001,220.11,1472700
2023-03-24,220.10001,223.75,219.66,223.5,1370600
2023-03-27,225.0099945,225.67999,223.67999,225.029999,865100
2023-03-28,225.020004,226.47,224.82001,225.5,662900
2023-03-29,226.11,226.8,225.39999,226.8,722800
2023-03-30,227.28,227.71001,225.46001,226.49001,935800
2023-03-31,227.55,228.3,226.64,228.21001,1323500
2023-04-03,228.71001,233.35001,228.21001,232.36,1027800
2023-04-04,231.89999,232.52,228.42,229.32001,1437500
2023-04-05,229.050003,230.75,228.070007,228.98,1332200
2023-04-06,229.36,231.080002,226.52,227.71001,1511400
2023-04-10,226.89999,230.42,226.66,229.050003,911100
2023-04-11,229.64999,230.16,228.020004,228.27,1145900
2023-04-12,228.42,231.070007,228.42,229.24001,944800
2023-04-13,227.77,229.47,226.0,228.77,901900
2023-04-14,227.69,228.5,226.23,227.69,1130400
2023-04-17,227.11,229.48,226.82001,229.46001,1631100
2023-04-18,229.8,232.029999,229.10001,229.96001,972000
2023-04-19,230.10001,230.63,228.55,228.8,557000
2023-04-20,228.73,228.73,226.5,227.52,651700
2023-04-21,228.34,228.34,224.64999,225.020004,913300
2023-04-24,225.050003,225.72,223.7,224.5,791500
2023-04-25,223.88,224.089996,221.89999,222.74001,994000
2023-04-26,216.50999,216.72,210.11,214.83,2765700
2023-04-27,215.17,216.97,214.029999,215.69,1643800
2023-04-28,215.21001,218.60001,214.92,218.34,2210500
2023-05-01,218.050003,220.42,218.0,218.13,1845200
2023-05-02,217.55,217.55,211.89,213.0099945,2609200
2023-05-03,213.25,213.77,209.71001,210.0099945,1230200
2023-05-04,209.52,209.84,205.39999,208.85001,1402000
2023-05-05,209.23,212.50999,209.0099945,211.92,1050400
2023-05-08,212.91,213.039993,210.0,210.71001,719300
2023-05-09,211.13,211.78999,209.45,211.2,1047100
2023-05-10,212.0,212.55,208.94,211.53,1263100
2023-05-11,210.10001,210.60001,206.56,208.050003,1491100
2023-05-12,208.85001,210.33,208.11,209.96001,1137500
2023-05-15,210.21001,211.50999,209.37,210.21001,787200
2023-05-16,210.11,210.36,207.56,207.59,942500
2023-05-17,208.85001,211.49001,208.61,211.32001,1068500
2023-05-18,210.92,211.7,208.87,210.92999,774200
2023-05-19,211.74001,211.96001,209.10001,210.64999,1035200
2023-05-22,210.49001,213.92999,208.77,212.52,1239300
2023-05-23,212.039993,212.039993,206.47,206.95,1798200
2023-05-24,206.8,208.46001,205.84,206.53,1598500
2023-05-25,205.55,206.32001,202.88,204.35001,1502300
2023-05-26,204.71001,207.23,204.52,205.25,1146500
2023-05-30,204.080002,205.85001,202.35001,205.24001,1379300
2023-05-31,204.99001,205.85001,202.91,204.17999,1624500
2023-06-01,205.37,206.60001,203.97,205.33,1137100
2023-06-02,207.070007,209.64999,206.33,209.089996,1641700
2023-06-05,209.99001,211.10001,208.91,209.25,1337000
2023-06-06,209.35001,211.34,208.73,210.81,901000
2023-06-07,211.5,214.49001,210.73,214.17999,994000
2023-06-08,214.45,214.85001,212.8,213.53999,921300
2023-06-09,214.14999,214.14999,211.78999,212.27,717200
2023-06-12,212.32001,213.38,211.52,213.070007,720800
2023-06-13,213.0,214.67,211.66,213.81,995500
2023-06-14,213.21001,213.95,211.47,212.14,1037800
2023-06-15,212.16,215.45,212.16,214.96001,879900
2023-06-16,215.64,217.8,215.41,217.34,1561500
2023-06-20,217.0,217.66,214.78999,215.49001,940900
2023-06-21,215.070007,217.66,214.17999,217.53,698600
2023-06-22,217.31,217.53,213.67999,214.45,833700
2023-06-23,213.95,214.66,212.19,212.39,1113200
2023-06-26,211.50999,212.45,209.50999,212.089996,727200
2023-06-27,212.25,212.62,211.10001,212.059998,887000
2023-06-28,212.28999,212.44,209.25,211.0,914600
2023-06-29,210.92,214.5,210.66,214.31,838600
2023-06-30,215.33,216.32001,213.27,215.14999,932500
2023-07-03,214.46001,216.92999,214.23,215.78,475200
2023-07-05,214.78,215.64999,213.22,215.19,832300
2023-07-06,213.14999,214.82001,211.94,214.28,995200
2023-07-07,213.94,217.27,213.60001,214.14999,1026800
2023-07-10,214.14999,216.69,213.99001,214.67999,1191200
2023-07-11,214.92,217.47,213.89999,217.17999,1481900
2023-07-12,217.94,218.62,216.44,217.61,1767000
2023-07-13,217.56,217.81,216.37,216.96001,995900
2023-07-14,216.92,216.92,214.27,215.32001,714900
2023-07-17,215.28999,217.44,214.89999,216.37,646400
2023-07-18,217.14999,219.56,212.58,213.52,1451900
2023-07-19,213.59,215.38,212.84,213.55,1234900
2023-07-20,214.85001,216.92,214.34,216.080002,1726700
2023-07-21,216.58,217.14999,214.78999,215.47,1148300
2023-07-24,215.77,218.10001,215.72,217.64,950500
2023-07-25,214.74001,218.059998,213.47,218.0,1392400
2023-07-26,220.2,225.44,217.52,222.78,2475400
2023-07-27,223.22,223.8,216.42999,219.82001,2650500
2023-07-28,221.0,223.070007,219.0,222.64,1597600
2023-07-31,223.38,224.57001,222.5,223.58,2232700
2023-08-01,223.36,225.48,223.27,225.34,1039500
2023-08-02,225.25,226.39999,223.27,226.25,1397300
2023-08-03,226.5,227.38,224.69,225.63,1084100
2023-08-04,226.69,227.5,223.56,224.0099945,1199400
2023-08-07,224.83,227.44,224.83,227.19,1023000
2023-08-08,226.21001,226.88,223.75999,224.47,1002700
2023-08-09,225.0,227.020004,224.47,226.14,1079900
2023-08-10,226.17999,227.23,225.17999,225.66,861300
2023-08-11,225.67,228.73,225.50999,226.99001,1210400
2023-08-14,226.95,227.53,225.82001,226.37,952700
2023-08-15,225.17999,225.36,222.7,223.13,1150300
2023-08-16,222.71001,223.98,222.32001,223.59,897800
2023-08-17,224.089996,225.48,222.24001,222.31,990300
2023-08-18,221.75,225.16,221.22,224.42,1040600
2023-08-21,223.83,224.82001,223.46001,224.28,769800
2023-08-22,224.28,225.020004,223.10001,224.28,689500
2023-08-23,224.63,225.2,223.22,224.86,720600
2023-08-24,224.22,225.78,223.72,223.88,673700
2023-08-25,224.97,224.97,221.92,223.59,619000
2023-08-28,223.62,225.60001,223.34,225.35001,747400
2023-08-29,225.44,226.21001,223.95,226.14999,822700
2023-08-30,226.73,228.58,226.0,227.24001,649500
2023-08-31,227.77,228.37,226.42999,226.64,865800
2023-09-01,227.85001,227.94,225.63,226.37,568900
2023-09-05,226.56,226.56,223.21001,223.33,909200
2023-09-06,223.0,223.0,217.84,218.050003,1082900
2023-09-07,218.88,219.47,217.62,218.69,798500
2023-09-08,218.98,219.27,217.36,217.87,800600
2023-09-11,217.0,217.53999,215.11,216.27,1880300
2023-09-12,215.55,218.25,214.60001,217.38,1211000
2023-09-13,218.0099945,219.78999,217.42,219.69,880100
2023-09-14,220.020004,221.52,219.0099945,221.46001,909400
2023-09-15,220.71001,225.089996,220.53,224.050003,1828300
2023-09-18,225.0,225.88,223.42999,224.33,783300
2023-09-19,224.14999,225.3,222.12,222.85001,971800
2023-09-20,223.84,226.2,223.60001,225.55,893300
2023-09-21,225.24001,225.53,221.84,221.88,1067500
2023-09-22,221.059998,221.67,218.31,218.34,921800
2023-09-25,217.71001,219.55,217.17999,219.33,648700
2023-09-26,218.64,220.0099945,218.080002,218.17999,889700
2023-09-27,219.33,221.050003,218.92,221.0,666800
2023-09-28,222.059998,224.10001,222.059998,222.39,839000
2023-09-29,223.029999,223.8,220.86,220.97,763900
2023-10-02,221.5,224.11,221.33,222.92999,1207500
2023-10-03,222.36,224.28999,220.47,220.74001,1315300
2023-10-04,220.23,221.88,217.32001,219.33,887100
2023-10-05,217.55,218.089996,216.0,216.75,820100
2023-10-06,215.96001,220.95,214.53,219.94,993700
2023-10-09,228.7,240.14999,228.5,238.48,3399400
2023-10-10,240.0,240.0,236.17999,236.67,2340000
2023-10-11,236.31,238.74001,236.17999,237.78,1068400
2023-10-12,238.84,239.83,235.77,237.39999,851000
2023-10-13,239.5,243.47,238.87,243.039993,2151400
2023-10-16,243.53,245.059998,241.56,242.87,1362400
2023-10-17,241.67999,243.89999,239.81,241.27,1328700
2023-10-18,241.74001,242.059998,239.28999,239.81,1092500
2023-10-19,239.37,241.45,237.94,237.95,1156800
2023-10-20,238.74001,239.42,234.82001,234.94,1706100
2023-10-23,234.64,236.32001,232.85001,233.21001,1265800
2023-10-24,235.28,236.67,232.28999,233.0,1060600
2023-10-25,239.059998,244.38,238.47,242.39999,2440600
2023-10-26,243.0,243.8,240.16,240.55,1580900
2023-10-27,237.88,239.3,236.58,238.25,1816200
2023-10-30,238.61,240.24001,237.35001,238.98,1485100
2023-10-31,239.64999,241.78999,237.5,241.31,2534200
2023-11-01,242.0,243.87,240.63,242.7,1490500
2023-11-02,241.32001,244.24001,241.029999,244.0099945,1749300
2023-11-03,245.0,245.39,243.11,243.21001,1004300
2023-11-06,243.19,244.48,242.32001,243.92999,1286800
2023-11-07,244.059998,244.080002,242.21001,242.73,804600
2023-11-08,243.34,244.11,241.42,242.020004,694900
2023-11-09,242.0,242.0,238.31,240.10001,1733000
2023-11-10,241.11,244.14,240.74001,243.55,1102800
2023-11-13,243.55,247.28,243.53,246.64999,1569200
2023-11-14,245.77,248.89,245.49001,247.86,1115600
2023-11-15,247.56,248.27,245.69,245.75999,1073600
2023-11-16,246.28,246.88,244.53,245.25999,824400
2023-11-17,246.050003,246.22,244.41,244.69,1060600
2023-11-20,244.64999,247.080002,244.35001,245.78,894100
2023-11-21,246.11,247.50999,245.37,246.41,806500
2023-11-22,245.81,247.45,245.46001,247.33,617700
2023-11-24,247.67999,248.55,247.44,247.83,339000
2023-11-27,247.71001,247.71001,245.50999,246.36,717900
2023-11-28,247.39999,247.53,245.070007,245.22,846800
2023-11-29,245.22,246.0,243.87,244.83,835200
2023-11-30,245.59,247.3,245.0099945,246.97,951100
2023-12-01,247.089996,249.69,246.81,249.69,842300
2023-12-04,248.55,252.25,248.11,252.21001,1618200
2023-12-05,252.23,252.61,250.2,250.89,925800
2023-12-06,250.89,252.85001,250.25999,251.95,874700
2023-12-07,252.72,254.75999,250.52,251.49001,895700
2023-12-08,251.75,253.19,251.75,252.28999,968500
2023-12-11,252.020004,253.64,252.020004,252.42,704600
2023-12-12,252.0099945,254.35001,251.7,253.2,864000
2023-12-13,253.66,256.32001,253.029999,255.85001,1287300
2023-12-14,255.39999,255.56,248.58,251.14999,1778800
2023-12-15,249.64,252.74001,249.35001,252.55,2410800
2023-12-18,252.66,253.92999,251.77,252.87,708700
2023-12-19,252.71001,253.98,252.25,253.89,739000
2023-12-20,253.12,253.97,249.39999,249.56,1018200
2023-12-21,251.0,252.97,250.0,252.42999,702200
2023-12-22,253.37,255.25999,252.56,254.10001,650600
2023-12-26,254.039993,256.81,253.85001,256.20999,637800
2023-12-27,255.38,257.73001,255.080002,257.42999,750900
2023-12-28,257.97,258.79001,257.45999,258.14001,569700
2023-12-29,258.51999,259.88,257.85001,259.67001,812300
2024-01-02,259.67001,261.14001,257.62,258.60001,992500
2024-01-03,259.54999,261.39001,256.5,256.54001,1378600
2024-01-04,258.75,259.0,256.0,256.17999,1096800
2024-01-05,256.59,257.0,253.41,253.89999,959600
2024-01-08,253.0,253.85001,250.88,253.82001,1257100
2024-01-09,253.77,253.77,250.89,251.24001,1256000
2024-01-10,251.24001,253.0099945,250.81,251.25,877900
2024-01-11,251.75999,252.35001,248.089996,249.94,1500100
2024-01-12,251.34,254.91,251.34,254.81,1105400
2024-01-16,254.28999,254.7,249.72,250.64999,1038300
2024-01-17,249.23,252.10001,249.0,249.97,882700
2024-01-18,249.039993,251.10001,247.36,250.95,907700
2024-01-19,251.5,251.5,248.98,249.34,1410200
2024-01-22,249.5,251.32001,248.7,249.75999,2043300
2024-01-23,250.35001,252.10001,247.88,249.37,1775600
2024-01-24,252.32001,263.69,251.62,261.17999,2749400
2024-01-25,261.76001,265.97,261.16,265.85999,1968800
2024-01-26,266.56,267.97,262.049988,265.070007,1329900
2024-01-29,264.57001,265.91,263.20001,264.78,961700
2024-01-30,266.29001,269.37,265.98999,268.67001,2040300
2024-01-31,269.0,269.5,263.84,264.98999,2305000
2024-02-01,265.64999,267.23999,263.070007,266.87,1715100
2024-02-02,265.73999,266.39999,264.32999,265.26999,1949400
2024-02-05,264.0,267.070007,262.5,265.51999,1032400
2024-02-06,266.10001,267.79001,264.64001,267.69,814600
2024-02-07,269.5,270.14999,267.95001,269.089996,1058700
2024-02-08,269.0,269.44,267.12,269.0,617000
2024-02-09,270.070007,271.37,269.059998,270.14001,878200
2024-02-12,269.98001,270.97,269.20999,269.44,696300
2024-02-13,269.92999,270.89999,265.10999,267.22,1164200
2024-02-14,268.31,269.22,263.10001,269.10001,1629800
2024-02-15,269.67999,270.95999,268.54001,270.0,801500
2024-02-16,269.98001,271.17999,268.89001,269.44,702600
2024-02-20,270.39999,271.95999,268.35001,268.92999,697500
2024-02-21,270.16,272.28,268.91,271.89999,691300
2024-02-22,271.38,272.45999,270.66,272.32999,636300
2024-02-23,272.5,274.89999,272.17001,273.75,663900
2024-02-26,274.19,274.59,272.59,273.019989,629700
2024-02-27,272.32999,273.79999,270.76999,273.70001,554400
2024-02-28,273.67999,274.66,272.48001,274.31,569800
2024-02-29,274.98001,274.98001,272.37,273.25,886300
2024-03-01,273.29999,273.29999,271.049988,271.95001,651400
2024-03-04,272.0,275.34,271.39001,274.70999,974600
2024-03-05,275.57001,277.42999,272.39001,273.60001,979300
2024-03-06,274.0,275.85001,273.17001,273.70001,585100
2024-03-07,274.0,274.97,272.10999,273.029999,761600
2024-03-08,272.42999,273.62,270.70999,272.31,696900
2024-03-11,271.64001,273.29001,270.42999,273.26999,559700
2024-03-12,273.01001,275.059998,271.57999,274.64999,845000
2024-03-13,275.51999,275.89999,274.47,275.35999,829800
2024-03-14,276.29999,276.64999,273.39999,275.39999,839800
2024-03-15,273.82999,276.92999,273.82999,275.20999,1305900
2024-03-18,275.98999,277.72,274.67001,277.60001,865300
2024-03-19,279.12,280.35001,277.73001,279.70001,703500
2024-03-20,280.0,282.98001,279.31,282.54999,1043400
2024-03-21,283.35999,284.75,281.22,281.34,1084100
2024-03-22,282.32999,283.20999,281.13,281.16,730100
2024-03-25,280.92999,281.45001,278.39001,278.98001,776500
2024-03-26,278.81,280.45999,278.35001,278.35001,567700
2024-03-27,279.56,281.92999,278.95001,281.89999,746000
2024-03-28,282.60001,283.14999,281.28,282.48999,644500
2024-04-01,287.70999,291.95999,286.38,291.54999,1742900
2024-04-02,291.79999,292.5,288.44,290.54001,1839000
2024-04-03,290.57001,291.98999,288.42999,291.69,1296700
2024-04-04,293.56,294.56,291.97,293.22,1391000
2024-04-05,293.0,295.45999,291.44,295.17999,879300
2024-04-08,296.0,296.5,292.89001,293.13,945600
2024-04-09,292.029999,294.67001,287.20001,288.84,1008100
2024-04-10,287.39999,290.73999,286.66,290.040009,935600
2024-04-11,287.82999,288.64001,286.16,287.5,710900
2024-04-12,288.41,290.75,286.79001,287.87,1280300
2024-04-15,291.70999,291.75,284.35999,284.75,976600
2024-04-16,285.45999,286.38,283.67999,285.29999,1388500
2024-04-17,286.5,286.5,283.67001,284.45999,709000
2024-04-18,284.019989,286.91,284.019989,285.26999,636500
2024-04-19,287.42999,289.29001,286.73001,288.62,1074900
2024-04-22,289.94,292.70999,288.049988,291.31,889000
2024-04-23,292.72,294.70001,291.67999,292.72,1132500
2024-04-24,289.19,290.37,274.32001,281.10999,4023600
2024-04-25,282.76001,285.75,279.44,284.89999,1769600
2024-04-26,284.73001,286.76999,282.79999,284.41,1244200
2024-04-29,287.95999,289.92999,285.42999,287.79001,1293700
2024-04-30,286.91,289.20001,286.42001,287.089996,1423600
2024-05-01,286.57999,288.089996,284.82999,286.53,890800
2024-05-02,286.040009,288.57999,282.51001,287.35999,1134800
2024-05-03,288.0,289.0,286.0,288.14001,974300
2024-05-06,289.47,291.60999,289.45999,291.38,870200
2024-05-07,292.34,293.73999,291.20001,293.37,715600
2024-05-08,294.0,294.070007,291.82999,292.73999,1008100
2024-05-09,292.75,296.26999,292.0,295.97,707600
2024-05-10,296.57999,297.88,296.0,296.44,1019400
2024-05-13,296.37,297.32999,292.60999,293.53,1406700
2024-05-14,293.44,294.56,292.47,294.059998,655300
2024-05-15,293.79999,295.25,293.67999,294.59,752300
2024-05-16,294.97,297.23001,294.62,295.75,613500
2024-05-17,296.59,299.14001,295.45999,299.019989,894200
2024-05-20,298.5,301.0,298.01001,300.23001,940300
2024-05-21,301.0,301.48001,296.35001,297.059998,1103400
2024-05-22,297.48999,299.35999,296.16,298.01001,882700
2024-05-23,297.95999,298.26001,295.14999,296.51999,720700
2024-05-24,299.0,300.48001,297.22,299.62,784100
2024-05-28,299.54001,299.75,297.070007,297.34,800400
2024-05-29,296.029999,297.13,293.25,293.48001,771400
2024-05-30,293.94,296.66,293.94,296.079987,728200
2024-05-31,296.019989,300.23001,295.38,299.76999,1302800
2024-06-03,300.89001,302.42001,296.45001,298.26001,723500
2024-06-04,298.37,299.23999,296.89999,297.32001,618200
2024-06-05,297.89999,299.64999,295.64001,299.45001,469200
2024-06-06,299.0,300.5,298.10001,298.26999,988200
2024-06-07,298.20001,300.16,297.87,299.14001,684200
2024-06-10,300.0,300.0,293.85999,294.67999,1013900
2024-06-11,293.60001,293.66,291.14001,292.64999,1068700
2024-06-12,292.98999,295.20001,292.20001,294.34,871900
2024-06-13,293.67999,294.57001,290.73001,292.51999,686600
2024-06-14,290.70001,292.040009,288.45999,291.78,639900
2024-06-17,291.17999,294.19,290.66,293.82999,511000
2024-06-18,293.57001,298.049988,293.17001,298.0,748500
2024-06-20,298.0,299.64999,297.0,299.63,751500
2024-06-21,299.56,300.22,296.67999,298.25,1687000
2024-06-24,299.48001,302.75,298.47,298.53,1124400
2024-06-25,298.20999,299.089996,294.72,295.28,1110400
2024-06-26,294.31,295.57999,293.32001,294.53,1215400
2024-06-27,295.35001,295.35001,291.82999,292.5,989300
2024-06-28,293.92001,294.48001,289.54001,290.14001,2259900
2024-07-01,291.35001,293.01001,286.57999,287.87,1431000
2024-07-02,285.29999,286.34,284.019989,285.81,1274300
2024-07-03,286.47,287.26001,284.049988,284.88,656700
2024-07-05,284.26001,284.26001,280.45999,281.67999,1039500
2024-07-08,281.70001,283.0,279.54999,280.47,1222700
2024-07-09,280.22,281.34,279.42001,279.51001,803700
2024-07-10,279.66,281.98001,279.070007,281.91,957400
2024-07-11,281.37,285.26999,281.37,284.14999,935500
2024-07-12,285.72,286.45999,283.69,283.89001,1072000
2024-07-15,285.51001,287.20001,284.01001,285.42001,1017100
2024-07-16,285.57001,291.78,285.57001,291.59,1124900
2024-07-17,292.23999,294.76999,291.78,291.98999,900200
2024-07-18,291.39999,295.5,291.17001,293.26999,960000
2024-07-19,294.35999,294.35999,287.82999,288.22,973600
2024-07-22,288.42999,291.48001,287.54001,291.20999,745300
2024-07-23,292.67999,295.62,292.049988,294.45999,1288200
2024-07-24,286.0,286.48999,276.79001,284.67001,3268400
2024-07-25,286.60999,296.19,286.60999,290.98001,1809800
2024-07-26,290.98999,292.70001,287.64001,290.39999,1079800
2024-07-29,290.57001,291.040009,288.37,289.48999,1171600
2024-07-30,291.019989,293.66,290.059998,293.01001,858100
2024-07-31,294.79999,299.95999,293.17001,298.70999,1609300
2024-08-01,300.0,300.75,291.54001,293.45001,1108400
2024-08-02,292.69,296.89001,289.51001,292.39001,990700
2024-08-05,288.92001,290.92999,282.32001,285.89999,1094100
2024-08-06,286.45001,290.44,285.20001,285.38,815000
2024-08-07,287.20999,290.88,286.35999,287.17001,890700
2024-08-08,287.45001,293.0,287.45001,290.79999,823700
2024-08-09,293.29001,296.70001,291.57001,292.98999,1028600
2024-08-12,294.0,294.59,290.64999,291.20001,1054800
2024-08-13,291.85001,292.79999,289.53,292.20001,888800
2024-08-14,291.70999,295.17001,291.70999,293.73001,756900
2024-08-15,294.98999,296.31,293.16,295.95001,890600
2024-08-16,296.35999,297.10001,294.73999,296.59,852300
2024-08-19,296.92999,297.0,294.76999,295.60001,685100
2024-08-20,295.35999,296.12,294.20999,295.79999,589200
2024-08-21,296.51001,296.51001,293.019989,294.070007,1029100
2024-08-22,294.25,294.73999,292.98999,293.45001,676200
2024-08-23,294.34,294.82999,291.29001,291.45001,864700
2024-08-26,292.45001,293.17999,290.42001,291.0,814800
2024-08-27,291.01001,291.45999,289.82999,290.20001,1005300
2024-08-28,290.98999,297.17999,290.5,296.64001,1553600
2024-08-29,298.0,300.95001,295.5,297.82999,1640300
2024-08-30,297.53,299.67999,295.17999,299.35999,1032900
2024-09-03,299.0,300.98001,293.34,294.92001,961600
2024-09-04,295.45001,297.76001,293.0,294.35001,930500
2024-09-05,296.51001,299.82999,294.16,297.29001,1518800
2024-09-06,297.0,298.41,292.23999,292.78,1362400
2024-09-09,295.70999,303.10001,295.70999,301.56,1922400
2024-09-10,303.31,306.51001,300.47,302.39999,1040400
2024-09-11,301.20999,301.20999,293.35999,299.59,1067200
2024-09-12,299.34,300.94,297.41,300.67001,875400
2024-09-13,301.079987,305.84,301.049988,304.79999,797600
2024-09-16,307.38,309.97,306.14999,307.54999,874500
2024-09-17,304.75,305.70001,302.57001,303.85001,1045600
2024-09-18,303.89999,306.89999,301.64999,302.38,1155800
2024-09-19,304.84,306.64999,302.51999,304.73001,1188100
2024-09-20,304.76999,307.76001,303.19,306.87,7899200
2024-09-23,307.31,309.72,306.75,308.089996,951800
2024-09-24,308.0,308.51999,304.070007,304.67001,951800
2024-09-25,305.51999,306.54999,301.019989,301.69,915500
2024-09-26,300.92999,302.92001,299.66,300.48999,904500
2024-09-27,300.34,302.35001,299.97,300.13,909200
2024-09-30,300.0,302.26001,297.66,302.20001,1364000
2024-10-01,297.64001,307.049988,294.5,305.32999,1486600
2024-10-02,305.5,306.62,303.10001,303.92001,1218300
2024-10-03,304.040009,304.87,299.040009,299.60999,1124300
2024-10-04,300.040009,301.23999,297.84,300.66,877300
2024-10-07,299.29999,300.51001,296.70999,297.29001,874100
2024-10-08,297.95001,298.10999,295.049988,296.89999,843200
2024-10-09,296.10001,300.13,295.67001,298.69,726500
2024-10-10,298.5,298.62,295.019989,296.049988,902400
2024-10-11,295.0,299.76999,294.29001,299.44,986300
2024-10-14,299.59,302.35999,298.67999,301.85999,583400
2024-10-15,303.59,303.85999,299.85001,300.20999,898600
2024-10-16,300.14001,306.059998,300.14001,304.87,838100
2024-10-17,307.0,308.32001,305.64001,308.23001,919000
2024-10-18,310.0,310.57999,307.60999,308.48001,1316300
2024-10-21,309.13,310.85001,307.01001,308.079987,1059700
2024-10-22,307.70001,308.76999,303.91,305.98999,1145600
2024-10-23,304.85001,313.10999,300.70999,304.39999,1506600
2024-10-24,301.73001,304.98999,300.51999,301.26999,1331400
2024-10-25,304.51999,304.98999,302.070007,302.51999,1405200
2024-10-28,303.040009,304.70999,302.14001,303.92001,968700
2024-10-29,303.23001,305.16,301.73001,301.75,950600
2024-10-30,301.82001,304.12,301.16,301.37,855000
2024-10-31,300.32001,301.37,291.31,291.60999,1704100
2024-11-01,292.95999,294.87,292.31,292.98999,1355500
2024-11-04,293.62,295.56,292.35001,293.60001,1056000
2024-11-05,294.56,296.98999,294.53,296.64999,750100
2024-11-06,305.040009,309.01001,302.78,308.45999,1659100
2024-11-07,308.51001,309.070007,304.51999,306.0,887100
2024-11-08,307.5,310.22,306.17999,309.47,855100
2024-11-11,312.079987,315.92999,311.29001,313.91,925300
2024-11-12,315.0,315.0,310.63,312.049988,778600
2024-11-13,313.44,316.89999,311.67999,314.029999,906700
2024-11-14,314.10001,314.85001,291.81,292.42001,1927500
2024-11-15,290.82999,295.0,285.67999,287.98999,1997300
2024-11-18,287.0,288.0,285.29001,286.0,1287000
2024-11-19,287.29001,288.0,279.60999,280.95999,1772200
2024-11-20,281.47,282.0,278.12,280.049988,1766400
2024-11-21,280.70001,283.5,279.01001,279.92999,1832200
2024-11-22,280.76001,283.60001,279.92001,281.81,1433900
2024-11-25,283.26001,284.14999,279.29001,281.35001,1569300
2024-11-26,281.079987,283.37,279.56,282.019989,1095100
2024-11-27,282.92001,286.01001,282.26001,282.31,994500
2024-11-29,283.17999,284.41,282.48001,284.01001,538200
2024-12-02,282.89999,283.14999,275.62,276.44,1936800
2024-12-03,276.48001,278.13,274.44,277.42001,1130800
2024-12-04,276.47,278.57999,274.98999,277.66,1307500
2024-12-05,277.5,278.73001,275.14999,275.14999,1511800
2024-12-06,275.0,275.85999,271.049988,271.79999,1879400
2024-12-09,271.35001,272.70999,269.39999,269.57001,2143000
2024-12-10,269.48999,272.089996,267.25,270.42999,1279800
2024-12-11,269.56,270.019989,263.42001,265.42999,2263500
2024-12-12,260.0,264.14999,257.26001,263.040009,2408900
2024-12-13,263.0,265.070007,261.92999,263.10999,1673400
2024-12-16,263.10999,269.69,262.70999,266.070007,3087200
2024-12-17,264.47,267.73001,263.79001,265.22,1963800
2024-12-18,265.20001,269.5,262.10001,262.26999,2241500
2024-12-19,259.95001,262.82999,257.88,260.28,2169800
2024-12-20,259.079987,267.44,257.79999,263.64001,3546200
2024-12-23,265.79999,265.79999,262.89999,265.19,1552800
2024-12-24,264.67001,265.89999,263.63,265.89999,500900
2024-12-26,265.89001,268.32999,265.25,266.78,851300
2024-12-27,264.78,267.59,264.72,266.14001,1001400
2024-12-30,263.19,265.10999,261.059998,263.38,1550200
2024-12-31,264.0,265.51999,262.14999,263.48999,894900
2025-01-02,264.89999,265.82999,260.5,261.01001,1749000
2025-01-03,261.17999,264.16,260.26999,263.37,1287600
2025-01-06,262.32001,264.29001,257.56,257.98999,1897900
2025-01-07,258.76001,262.92999,258.059998,259.64999,1303700
2025-01-08,258.76001,262.5,258.76001,261.47,1120500
2025-01-10,260.51999,261.95999,258.64999,259.38,1722900
2025-01-13,259.38,264.88,259.0,263.67001,1360000
2025-01-14,263.51999,265.29001,262.23001,265.12,1095800
2025-01-15,267.53,267.85001,264.019989,266.089996,1013500
2025-01-16,266.0,269.39999,265.70001,268.82999,1753000
2025-01-17,268.42001,268.81,266.13,266.67001,1544000
2025-01-21,269.29001,274.14999,268.85999,271.63,2444300
2025-01-22,271.63,271.67999,266.70999,268.84,2028900
2025-01-23,270.13,271.0,264.69,268.56,2210900
2025-01-24,268.56,269.029999,265.73999,266.42999,1546500
2025-01-27,267.76001,270.19,266.47,269.84,1694200
2025-01-28,269.98999,270.019989,261.26999,262.57001,2042600
2025-01-29,253.82001,261.31,247.0099945,251.45,3497600
2025-01-30,253.85001,257.089996,252.5,256.92999,2299300
2025-01-31,256.98999,258.75,254.78999,256.98001,1902800
2025-02-03,256.0,258.070007,253.83,256.59,1414600
2025-02-04,255.96001,258.92999,255.85001,257.42999,1356000
2025-02-05,258.70999,259.23001,256.82999,258.57999,1098100
2025-02-06,257.70999,257.70999,253.13,255.53,1154700
2025-02-07,256.019989,257.20999,253.92,254.83,1290600
2025-02-10,255.49001,257.37,255.11,256.34,1410900
2025-02-11,255.87,257.69,254.35001,256.98999,1095600
2025-02-12,254.48,255.63,250.97,251.33,1560900
2025-02-13,251.60001,251.95,242.86,246.16,2825100
2025-02-14,245.75,247.050003,239.87,241.94,2765000
2025-02-18,244.33,244.47,241.11,242.60001,2113500
2025-02-19,242.58,246.28,242.039993,244.17999,1900100
2025-02-20,242.34,247.28,242.34,246.2,1566900
2025-02-21,245.2,245.33,241.64999,243.059998,1947400
2025-02-24,244.60001,248.33,243.42,246.27,2204400
2025-02-25,247.17,250.82001,246.71001,249.91,1711600
2025-02-26,250.49001,250.61,247.88,249.24001,1372100
2025-02-27,250.14,252.49001,249.56,251.62,1410300
2025-02-28,252.34,254.66,249.94,252.60001,1755500
2025-03-03,255.17,255.92999,252.3,254.039993,1333100
2025-03-04,252.98,257.48999,250.41,250.8,2013300
2025-03-05,255.5,264.040009,251.050003,262.95999,4141800
2025-03-06,261.48999,266.14999,259.23999,264.54999,2075700
2025-03-07,262.45999,272.51001,262.45999,271.56,1978800
2025-03-10,270.0,279.25,268.17001,271.94,2274400
2025-03-11,270.76999,272.22,262.26001,264.12,1827900
2025-03-12,263.059998,263.70999,258.079987,260.01001,1122800
2025-03-13,259.32001,263.17999,258.64999,261.16,1044500
2025-03-14,261.5,262.76001,259.44,262.029999,956600
2025-03-17,262.029999,267.01001,262.01001,265.17999,974400
2025-03-18,264.67999,268.66,263.67999,267.51999,1569900
2025-03-19,267.54001,270.29999,266.54001,267.97,1496000
2025-03-20,266.14999,267.45001,264.54999,265.70001,1251500
2025-03-21,264.53,265.29001,260.19,263.41,3313600
2025-03-24,265.0,266.20999,263.60001,265.88,1023200
2025-03-25,265.91,268.0,264.51001,267.54001,911900
2025-03-26,269.14999,270.57001,268.57001,269.57999,1139900
2025-03-27,270.0,271.29999,268.69,269.48999,802100
2025-03-28,269.019989,270.20999,267.57001,269.079987,1240400
2025-03-31,269.019989,273.95001,268.79001,272.57999,1853700
2025-04-01,272.57999,274.79001,271.37,274.14001,1470300
2025-04-02,271.73001,278.26999,271.25,276.040009,1350000
2025-04-03,273.92999,279.089996,268.98999,269.62,1416700
2025-04-04,264.95999,265.73001,249.75,250.0099945,3232200
2025-04-07,244.66,253.25,239.2,247.67999,2328400
2025-04-08,257.019989,260.98999,251.66,254.39999,2277200
2025-04-09,249.92,272.75,249.92,271.51999,2676600
2025-04-10,269.0,274.60999,263.029999,271.82001,2094300
2025-04-11,270.32001,277.76999,267.23001,276.64999,1568500
2025-04-14,276.82999,280.39001,273.89001,278.78,1244600
2025-04-15,277.91,280.92999,276.32001,277.14001,1544800
2025-04-16,277.56,280.79001,275.20999,276.63,1964500
2025-04-17,275.54001,278.41,273.35001,276.079987,1722000
2025-04-21,275.01001,276.26001,270.60001,273.17999,1423100
2025-04-22,271.67999,275.67001,266.89001,274.79999,3048600
2025-04-23,271.63,272.88,263.60001,265.73001,2245700
2025-04-24,264.92999,272.26999,262.84,271.70999,1835000
2025-04-25,273.32999,273.51999,268.17999,271.97,947600
2025-04-28,272.92999,275.10001,269.63,271.94,1031000
2025-04-29,272.0,273.39999,270.92001,272.079987,1002000
2025-04-30,272.85001,273.029999,268.29001,272.12,1388800
2025-05-01,271.51001,273.28,269.23999,271.51001,1319900
2025-05-02,275.0,276.23999,266.98001,273.029999,1637700
2025-05-05,273.70001,274.16,271.67001,272.14001,1156500
2025-05-06,271.23999,272.0,268.45001,270.60999,994500
2025-05-07,270.10001,271.48001,268.22,269.45001,861600
2025-05-08,269.92999,274.57001,269.92999,271.98001,1339500
2025-05-09,273.35001,273.67001,269.41,271.56,1029100
2025-05-12,274.10001,276.48001,269.5,276.23999,1158900
2025-05-13,275.95999,277.0,272.97,273.019989,1100700
2025-05-14,272.60001,273.22,267.39001,270.69,1000700
2025-05-15,272.54999,278.89001,271.29999,278.51001,1396800
2025-05-16,280.16,280.72,278.35001,280.70999,1173800
2025-05-19,280.72,282.91,279.29999,281.37,802100
2025-05-20,280.17001,282.88,280.17001,281.57001,734700
2025-05-21,281.01001,281.95999,276.89999,277.70001,997100
2025-05-22,276.97,278.79001,275.20999,277.029999,1034800
2025-05-23,274.75,275.63,273.26001,274.75,835900
2025-05-27,277.049988,279.82001,276.31,279.23001,1053300
2025-05-28,279.64999,280.0,273.20999,273.64001,1006100
2025-05-29,272.95001,275.45001,271.19,275.20001,992200
2025-05-30,275.56,278.95001,274.12,278.48999,1657500
2025-06-02,277.84,277.84,273.85999,275.70999,1001600
2025-06-03,275.76001,276.85999,273.57999,276.040009,1051000
2025-06-04,276.54999,277.32001,274.81,275.029999,772500
2025-06-05,275.97,275.97,272.64999,274.42001,871000
2025-06-06,275.48001,278.070007,275.19,276.48001,647000
2025-06-09,276.23001,278.070007,273.81,277.31,789600
2025-06-10,277.73001,278.85001,276.17001,277.37,1008300
2025-06-11,276.45999,277.01001,268.10001,275.82999,970000
2025-06-12,275.22,279.95999,274.88,279.92999,753700
2025-06-13,284.5,286.79999,281.85999,283.0,1649100
2025-06-16,283.23001,283.98999,278.23001,279.29001,927500
2025-06-17,280.079987,281.82999,277.35999,281.29999,984200
2025-06-18,281.29999,283.87,278.26001,278.53,731900
2025-06-20,279.45001,280.079987,275.48999,278.78,1518700
2025-06-23,280.079987,283.38,279.64001,282.32001,1205600
2025-06-24,280.53,281.97,278.23001,281.049988,1127300
2025-06-25,283.54999,287.25,281.13,285.91,2205900
2025-06-26,287.48999,292.91,286.35999,291.39001,1857700
2025-06-27,289.82999,291.60001,288.62,290.73999,2268300
2025-06-30,291.57001,293.14001,290.64999,291.66,1184100
2025-07-01,291.63,294.39999,289.39999,294.38,1468700
2025-07-02,294.12,294.32999,290.29999,293.92001,1086600
2025-07-03,293.070007,295.42999,292.34,294.76001,646600
2025-07-07,295.01001,297.72,293.72,294.64999,978700
2025-07-08,296.87,301.54999,295.5,296.64999,1427200
2025-07-09,297.92999,300.0,296.84,299.95999,1134400
2025-07-10,299.92999,304.22,298.92001,303.38,1362800
2025-07-11,302.89999,303.37,301.20999,302.20001,952500
2025-07-14,302.10001,305.73001,301.44,304.85001,1147100
2025-07-15,304.39999,305.32999,300.72,300.85001,1146900
2025-07-16,301.14001,302.0,297.89001,300.0,1142900
2025-07-17,300.0,301.54001,298.51001,300.089996,1227400
2025-07-18,300.60001,301.51001,297.76999,298.98001,1636200
2025-07-21,298.97,300.0,296.95999,297.049988,1065800
2025-07-22,295.17999,298.91,293.95001,297.60001,1597400
2025-07-23,310.0,318.76999,308.63,316.94,2415400
2025-07-24,319.0,322.5,314.0,314.23999,1641400
2025-07-25,314.040009,314.98001,311.0,314.019989,1218100
2025-07-28,313.67001,313.67001,311.079987,313.10001,1153600
2025-07-29,316.0,316.95999,313.42999,314.70001,1140800
2025-07-30,315.10001,315.37,310.47,312.17999,1518000
2025-07-31,311.35001,313.31,310.29999,311.60999,1647900
2025-08-01,309.64999,311.35001,306.029999,310.73999,891100
2025-08-04,311.029999,313.20001,310.32999,312.78,852300
2025-08-05,312.20001,314.67001,311.98001,313.76001,1017700
2025-08-06,314.98001,317.0,313.0,314.98999,893400
2025-08-07,314.0,314.70001,309.73001,312.73001,954400
2025-08-08,312.98001,315.81,312.82001,314.13,1157300
2025-08-11,313.98999,315.10001,313.20001,314.92999,1004600
2025-08-12,314.48001,315.35999,312.20999,314.01001,1034400
2025-08-13,314.75,317.73001,313.92001,317.48999,813500
2025-08-14,319.63,321.0,315.84,315.84,843100
2025-08-15,315.95999,315.95999,313.31,313.69,900500
2025-08-18,313.75,316.12,313.14999,313.57999,818300
2025-08-19,312.67999,316.47,312.66,316.39999,748400
2025-08-20,317.39999,318.64001,316.44,317.48001,798900
2025-08-21,316.87,318.10001,315.84,316.53,717500
2025-08-22,318.22,320.88,317.60999,319.60999,917200
2025-08-25,319.84,322.20001,319.82999,319.89001,804100
2025-08-26,319.0,322.85001,319.0,322.17999,952100
2025-08-27,322.81,325.82001,322.81,325.45999,846900
2025-08-28,325.51999,326.019989,323.13,324.91,801100
2025-08-29,325.14999,326.0,323.70999,324.57001,670200
2025-09-02,324.38,324.88,322.019989,324.39001,874200
2025-09-03,324.16,324.44,321.16,322.81,658000
2025-09-04,323.26999,323.76001,320.91,322.44,943800
2025-09-05,324.0,324.20999,320.35999,322.85999,860900
2025-09-08,322.5,323.14001,319.73001,322.72,810300
2025-09-09,321.89999,322.39999,318.81,321.32999,789700
2025-09-10,320.78,323.76999,320.64999,323.049988,709100
2025-09-11,322.92999,330.0,322.10999,329.62,834100
2025-09-12,330.0,330.17999,325.76999,326.14999,578800
2025-09-15,326.5,328.26999,325.67999,326.98001,694800
2025-09-16,327.85001,329.45999,325.95999,326.39999,1350700
2025-09-17,326.78,328.47,324.54001,325.28,1343800
2025-09-18,323.97,325.42001,322.48001,324.57001,1096300
2025-09-19,325.35999,325.70999,321.92001,324.079987,2654500
2025-09-22,323.0,324.28,320.91,322.66,1354900
2025-09-23,322.60999,325.73999,321.12,323.20001,1250600
2025-09-24,321.87,325.45001,321.26001,323.62,1452400
2025-09-25,325.32001,328.51999,322.5,324.42999,1014000
2025-09-26,326.42999,330.63,326.20999,330.34,1043600
2025-09-29,335.0,337.51999,331.32999,332.17001,1693100
2025-09-30,332.13,341.019989,332.13,341.0,1622800
2025-10-01,337.89999,341.19,336.31,340.75,1162500
2025-10-02,339.56,341.67999,338.070007,341.049988,942900
2025-10-03,341.97,345.22,341.25,343.62,710200
2025-10-06,344.51999,347.37,343.39001,346.5,885900
2025-10-07,344.56,347.37,342.85001,343.42999,740600
2025-10-08,345.22,347.23999,343.42999,346.44,773900
2025-10-09,346.28,347.32001,342.23001,342.76999,798300
2025-10-10,340.85999,342.0,332.79999,332.94,927300
2025-10-13,333.10001,336.79999,332.23999,334.39001,839200
2025-10-14,333.63,338.78,333.0,335.5,862600
2025-10-15,335.92999,339.98999,327.32999,332.040009,1018300
2025-10-16,332.44,333.38,329.51001,330.59,787800
2025-10-17,328.92001,332.16,328.20999,331.14999,916700
2025-10-20,333.0,337.94,331.76001,337.19,823600
2025-10-21,337.91,341.76999,337.91,340.69,946500
2025-10-22,341.23999,342.28,338.089996,338.23999,1171900
2025-10-23,339.56,342.70001,339.25,341.5,1198900
2025-10-24,357.0,360.5,343.51999,350.76999,2098000
2025-10-27,353.78,355.84,346.32999,353.76999,1674900
2025-10-28,352.029999,352.64999,346.60001,346.67999,926600
2025-10-29,345.26001,346.079987,339.78,343.48001,1712200
2025-10-30,344.10001,349.25,343.85999,344.66,1303800
2025-10-31,344.56,345.42999,341.35001,344.89999,1520300
2025-11-03,344.0,344.049988,339.44,341.87,1352400
2025-11-04,340.79001,345.23001,339.0,343.47,1254500
2025-11-05,342.38,346.54001,341.049988,342.91,1088700
2025-11-06,343.10999,344.29001,339.73999,340.29999,899000
2025-11-07,341.81,347.14999,338.82001,346.34,1209000
2025-11-10,345.91,349.98001,344.34,349.48999,923900
2025-11-11,349.45999,353.48999,348.089996,352.42001,670600
2025-11-12,351.89999,353.73999,349.38,349.45001,941400
2025-11-13,349.57999,350.0,342.75,344.059998,975500
2025-11-14,341.82999,345.59,339.10001,344.25,1081500
2025-11-17,345.67001,346.76999,341.23999,341.78,909100
2025-11-18,343.57001,344.89999,340.54001,341.29001,1208700
2025-11-19,339.26999,343.38,336.29001,343.059998,1253500
2025-11-20,347.13,349.47,338.92999,339.44,892300
2025-11-21,339.01001,342.20999,335.45001,340.34,1358300
2025-11-24,337.19,339.92999,334.35001,338.13,1476500
2025-11-25,338.79001,343.059998,338.79001,341.070007,1498700
2025-11-26,341.14001,342.29999,338.79001,340.040009,693400
2025-11-28,340.47,342.089996,339.60001,341.63,361400
2025-12-01,339.63,340.31,332.079987,332.38,1193600
2025-12-02,334.34,337.41,332.89999,335.79999,980200
2025-12-03,336.75,338.48001,333.53,338.079987,985200
2025-12-04,338.19,342.82999,338.19,341.70001,1412700
2025-12-05,341.01001,341.5,333.98999,337.31,1317800
2025-12-08,337.95001,339.049988,334.35001,336.01001,1435600
2025-12-09,335.97,339.14999,333.62,334.26999,1033800
2025-12-10,333.73999,344.94,333.53,342.23001,1654500
2025-12-11,342.35999,344.53,340.12,341.48001,1326100
2025-12-12,340.85999,341.95001,336.73001,337.48999,1226900
2025-12-15,338.32001,341.22,337.37,340.69,1382500
2025-12-16,342.39999,342.51999,334.72,337.48999,966300
2025-12-17,336.41,339.53,333.049988,336.41,1003700
2025-12-18,337.22,340.42999,336.44,337.34,992700
2025-12-19,337.87,341.42001,337.0,339.35999,2663400
2025-12-22,338.87,345.67001,337.44,345.19,1197900
2025-12-23,345.67001,347.44,343.17999,343.84,1246800
2025-12-24,343.53,346.26999,343.51001,345.39001,314000
2025-12-26,344.87,346.070007,341.42999,342.20001,464500
2025-12-29,341.94,343.73001,340.35001,340.48001,783200
2025-12-30,340.38,341.0,339.20999,339.47,662500
2025-12-31,340.070007,340.98999,336.48001,336.66,522900
2026-01-02,336.54001,343.47,334.28,343.39999,972200
2026-01-05,347.92001,356.32001,346.029999,355.56,1912200
2026-01-06,357.89001,361.94,356.97,360.70999,1387400
2026-01-07,362.0,363.0,345.34,345.64001,2049800
2026-01-08,356.76999,367.66,350.62,351.44,2630200
2026-01-09,352.94,356.75,351.64999,353.89001,2019700
2026-01-12,356.35001,361.10001,354.29001,360.94,1548100
2026-01-13,365.10999,366.13,359.98999,363.29999,1247400
2026-01-14,361.88,366.01001,359.67001,366.0,1167200
2026-01-15,365.26999,368.78,360.13,368.69,1503500
2026-01-16,367.26999,369.70001,365.42001,367.38,1904200
2026-01-20,366.25,369.0,358.51999,359.17001,1704000
2026-01-21,360.17999,367.01001,359.75,364.78,1076200
2026-01-22,364.81,366.98999,362.63,365.82999,869600
2026-01-23,366.59,369.0,361.76001,363.26999,1181600
2026-01-26,363.31,364.67001,360.0,363.54001,1485500
2026-01-27,364.5,367.97,362.10001,366.62,1389800
2026-01-28,351.79001,359.67001,343.79999,356.67999,2327000
2026-01-29,353.95999,359.079987,346.56,349.95001,1766900
2026-01-30,347.25,353.28,347.16,351.089996,2058300
2026-02-02,349.29001,350.51999,344.019989,346.37,1571400
2026-02-03,349.079987,355.79999,346.98001,355.31,1899200
2026-02-04,355.56,357.23001,346.81,353.37,1647300
2026-02-05,350.60001,356.63,347.81,352.049988,1215500
2026-02-06,354.54999,361.64999,354.019989,360.070007,1095800
2026-02-09,360.39999,363.37,359.60001,360.10001,807400
2026-02-10,361.48999,361.5,356.28,358.82999,694200
2026-02-11,361.089996,361.42001,345.12,346.34,1952500
2026-02-12,348.72,352.54001,340.35999,340.75,2063500
2026-02-13,341.97,349.44,341.66,347.64001,1533600
2026-02-17,346.97,350.0,340.089996,342.51999,1699800
2026-02-18,344.85999,349.54999,343.67999,349.48999,1232200
2026-02-19,348.12,356.39001,348.12,354.34,918400
2026-02-20,354.20999,354.64999,348.69,351.42001,894600
2026-02-23,352.35001,354.0,348.29001,348.98001,858900
2026-02-24,347.98001,353.040009,346.0,351.17999,682100
2026-02-25,352.040009,352.89999,337.32001,343.14001,1281900
2026-02-26,344.48001,350.75,341.76999,350.72,1005800
2026-02-27,351.12,357.79001,348.88,357.049988,1201700
2026-03-02,362.42999,366.070007,359.16,364.78,1508300
2026-03-03,363.089996,366.5,358.20999,364.70001,1850300
2026-03-04,366.0,366.75,359.28,366.12,1263000
2026-03-05,364.51001,366.10999,354.54001,360.70001,1438800
2026-03-06,360.22,364.39999,354.51999,363.48999,1161800
2026-03-09,362.53,364.0,355.57999,361.98001,1444600
2026-03-10,359.84,361.35999,354.69,355.59,973200
2026-03-11,352.91,356.0,351.17999,353.85001,991800
2026-03-12,349.57001,357.54999,349.0,355.23001,1227500
2026-03-13,357.45999,359.82001,350.41,351.51999,985400
2026-03-16,353.049988,357.23001,351.41,354.35999,1185600
2026-03-17,354.76001,356.79001,352.28,356.29001,1017500
2026-03-18,357.17999,358.60001,353.35999,353.35999,1381900
2026-03-19,350.0,352.01001,343.59,349.63,1029800
2026-03-20,349.01001,352.049988,343.079987,345.78,2893900
2026-03-23,350.54999,351.48999,342.82001,347.37,1109000
2026-03-24,344.23999,348.42001,343.78,346.23001,1145000
2026-03-25,349.56,354.10001,347.75,352.5,1702600
2026-03-26,351.95001,356.42001,351.73001,355.28,1446600
2026-03-27,353.72,355.67001,345.67999,346.76001,1505600
2026-03-30,350.70001,352.25,337.81,340.79001,1561500
2026-03-31,344.63,348.70999,340.19,343.22,1806600
2026-04-01,346.81,353.029999,345.10001,350.53,1118000
2026-04-02,347.5,352.89999,347.049988,349.089996,1102800
2026-04-06,348.41,351.84,346.19,351.39001,768900
2026-04-07,349.47,350.97,345.92999,348.42999,675000
2026-04-08,346.85999,350.34,343.0,350.019989,1462200
2026-04-09,348.17001,350.42999,343.51999,343.89999,1399900
2026-04-10,342.31,342.98001,332.76001,335.14999,1695100
2026-04-13,336.59,341.38,336.25,340.76001,1622600
2026-04-14,340.64999,340.64999,337.64999,339.88,1154100
2026-04-15,340.54001,341.89001,337.089996,338.88,1305200
2026-04-16,340.0,341.29999,331.92001,334.92001,1540100
2026-04-17,334.81,338.59,334.019989,336.29001,1309700
2026-04-20,335.45001,337.079987,331.31,332.14001,1026700
2026-04-21,330.47,331.049988,323.97,325.51999,1636200
2026-04-22,327.45001,328.78,317.64999,320.73999,1578000
2026-04-23,321.35001,322.95001,315.54001,318.70999,1632800
2026-04-24,316.64001,317.089996,310.60999,313.20999,1300900
2026-04-27,313.42999,318.82999,312.029999,312.53,1411900
2026-04-28,313.94,314.75,306.76999,313.67999,2169700
2026-04-29,338.079987,349.60999,333.91,338.73001,3587700
2026-04-30,340.16,345.25,338.56,344.29999,2029800
2026-05-01,345.48001,347.040009,341.53,345.84,1480900
2026-05-04,344.14001,353.57001,343.040009,349.079987,1640400
2026-05-05,351.089996,351.41,344.38,349.16,1162900
2026-05-06,349.70999,350.049988,344.070007,347.26999,1566600
2026-05-07,347.25,349.0,344.28,347.76001,1361300
2026-05-08,347.64999,348.85001,344.01001,346.53,1558400
2026-05-11,345.23999,348.60999,341.81,344.029999,1895600
2026-05-12,343.54999,348.01001,342.75,346.45999,1089600
2026-05-13,343.94,343.94,339.98001,341.35999,898300
2026-05-14,340.87,343.98999,339.17001,340.62,960400
2026-05-15,339.88,341.91,333.29001,334.5,1236400
2026-05-18,335.059998,343.45999,334.01001,343.10999,984800
2026-05-19,343.089996,343.22,339.12,340.14001,748100
2026-05-20,341.20001,342.88,337.45999,339.75,780200
2026-05-21,338.0,339.97,334.66,338.70999,612000
2026-05-22,341.14001,344.47,338.51001,342.89001,689300
2026-05-26,345.040009,345.26999,341.32001,344.64001,1270000
2026-05-27,344.35999,344.89999,341.70999,342.69,752600
2026-05-28,345.89001,351.35999,342.5,348.95999,1097900
2026-05-29,348.56,349.51999,345.45001,346.82001,1245300
2026-06-01,343.35001,344.32001,338.17001,339.20001,854600
2026-06-02,336.38,340.29001,335.78,337.60999,961400
2026-06-03,335.70999,341.97,335.019989,337.040009,878900
2026-06-04,340.38,343.89999,340.12,341.5,1394700
2026-06-05,343.14001,347.32001,342.75,346.44,1192100
2026-06-08,345.34,347.19,339.26999,340.85999,876200
2026-06-09,340.87,346.75,340.87,345.67999,1423200
2026-06-10,349.0,349.0,341.0,341.070007,761400
2026-06-11,348.81,363.82999,346.19,358.85999,1708900
2026-06-12,360.85001,363.39999,356.14999,360.22,988100
2026-06-15,360.60001,362.5,357.20999,359.53,1585800
2026-06-16,361.14999,365.42001,359.25,364.10999,1127700
2026-06-17,361.34,366.79999,361.20001,362.82999,1340600
2026-06-18,365.26001,367.0,348.82999,350.01001,4242200
2026-06-22,347.079987,348.17999,340.81,343.35999,1674200
2026-06-23,346.0,350.78,344.44,350.34,1354200
2026-06-24,350.67999,351.95999,343.92001,344.32001,1696300
2026-06-25,342.87,352.14999,341.94,344.70001,1219300
2026-06-26,346.48999,350.57999,344.35001,346.70999,1783300
2026-06-29,347.12,351.20999,346.67999,348.070007,1289200
2026-06-30,349.10001,354.57999,346.56,354.23999,1049900
2026-07-01,356.14999,365.059998,355.0,362.85999,1285300
2026-07-02,365.31,373.60001,364.95999,373.54001,1293200
2026-07-06,372.91,377.26999,369.32999,376.88,1273700
2026-07-07,380.0,380.70999,373.56,374.64001,736900
2026-07-08,372.92001,374.98001,371.29999,374.31,1097600
2026-07-09,371.35001,374.64999,369.29999,374.60001,758500
2026-07-10,374.14999,375.98001,370.85999,375.059998,1008600
2026-07-13,375.84,377.53,369.67999,372.78,978600
2026-07-14,371.76001,376.81,369.14001,369.5,1387500
2026-07-15,370.57999,372.5,364.48999,365.63,1198900
2026-07-16,366.75,370.0,364.0,368.82001,709900
2026-07-17,370.57999,376.59,366.51999,368.57999,1279100
2026-07-20,369.98999,373.92001,369.48001,370.60001,703300
2026-07-21,368.94,373.69,361.23999,367.73001,1036900
2026-07-22,371.10001,375.23001,370.01001,373.16,955900
2026-07-23,378.37,387.69,376.47,381.79001,1685400
2026-07-24,383.97,388.12,382.14001,386.75,1498800
2026-07-27,389.10001,392.57001,386.47,389.14001,1194200
2026-07-28,393.0,395.42999,389.25,393.19,1702600
2026-07-29,398.79999,400.0,380.95999,380.95999,1935800
2026-07-30,376.85001,383.48001,374.040009,382.20001,1199900
2026-07-31,382.38,384.67001,376.82001,383.42001,1524400
2026-08-03,387.54999,387.69,380.45001,382.42999,918800
2026-08-04,384.089996,388.35999,378.87,385.76001,1502500
2026-08-05,388.54999,389.5,381.35001,384.079987,834300
2026-08-06,387.67999,388.89999,384.78,386.92001,650400
2026-08-07,386.97,392.14001,383.26001,392.049988,1053000
2026-08-10,393.0,397.20001,392.049988,395.97,779700
2026-08-11,396.14999,396.95999,391.25,391.89001,569900
2026-08-12,390.42001,396.049988,389.01001,394.20999,715800
2026-08-13,396.0,396.70999,390.23001,392.95999,660500
2026-08-14,394.28,396.16,392.60001,395.78,472300
2026-08-17,391.76999,394.51999,389.79001,391.14001,725800
2026-08-18,393.92999,395.98001,392.66,393.48001,619500
2026-08-19,396.42999,396.92001,391.47,392.34,860300
2026-08-20,391.17999,394.67999,385.17999,386.070007,933000
2026-08-21,387.0,388.38,382.19,384.29001,759800
2026-08-24,384.48001,386.41,381.53,383.76999,824700
2026-08-25,384.0,384.12,375.17999,376.57999,978600
2026-08-26,378.049988,382.98999,378.019989,382.019989,819900
2026-08-27,381.070007,382.17999,378.32999,380.059998,592400
2026-08-28,381.070007,381.079987,377.66,379.32001,624400
2026-08-31,377.23999,378.98999,367.45999,371.35001,1255800
2026-09-01,371.5,375.31,367.41,369.41,1269400
2026-09-02,369.85001,370.37,362.20999,364.070007,1575500
2026-09-03,365.98,366.82,359.52,365.82,77693
