date,open,high,low,close,volume
2013-12-12,43.7076,44.97984,43.605,44.118,12935478
2013-12-13,45.12348,45.92376,44.2206,45.3492,1224854
2013-12-16,47.36016,52.839,44.15904,44.15904,4717690
2013-12-17,44.34372,45.12348,44.28216,44.75412,2313840
2013-12-18,44.79516,45.51336,44.44632,44.79516,2857846
2013-12-19,44.631,45.98532,44.2206,45.71856,1469103
2013-12-20,46.17,46.2726,44.85672,45.00035858,994834
2013-12-23,45.16452,45.53388,44.24112,44.24112,1220712
2013-12-24,44.3232,44.46684,43.3998,44.13852,1234064
2013-12-26,44.24112,45.06192,44.2206,44.5284,1309211
2013-12-27,44.3232,44.81568,44.2206,44.3232,1090302
2013-12-30,44.56944,45.082439,44.3232,44.91828,871832
2013-12-31,45.144,46.10844,45.041401,45.657,1134308
2014-01-02,45.657,45.8622,44.67204,44.85672,1763791
2014-01-03,44.7336,45.32868,44.631,45.16452,461257
2014-01-06,45.12348,45.39024,44.65152,45.144,1172320
2014-01-07,45.144,45.3492,44.9388,45.144,1992593
2014-01-08,45.20556,45.20556,44.7336,45.20556,1154240
2014-01-09,45.144,45.18504,44.54892,44.87724,459600
2014-01-10,44.65152,44.85672,44.26164,44.50788,812329
2014-01-13,44.24112,44.79516,44.24112,44.56944,728216
2014-01-14,44.54892,45.36972,44.40528,45.3492,1251608
2014-01-15,45.2466,45.49284,44.79516,44.95932,915253
2014-01-16,44.9388,45.20556,44.50788,45.06192,1130019
2014-01-17,45.06192,46.29312,44.7336,45.657,2702290
2014-01-21,46.19052,46.35468,44.81568,44.97984,1280214
2014-01-22,45.12348,46.14948,44.9388,46.087921,1428655
2014-01-23,46.02636,46.49832,45.3492,46.49832,936062
2014-01-24,45.8622,46.12896,45.32868,46.067402,891033
2014-01-27,46.067402,46.067402,44.91828,45.12348,1099610
2014-01-28,44.81568,45.144,44.631,44.9388,686209
2014-01-29,44.75412,44.89776,44.24112,44.44632,437865
2014-01-30,44.65152,44.77464,44.3232,44.44632,520273
2014-01-31,44.13852,44.50788,43.78968,44.4258,428606
2014-02-03,44.4258,44.5284,42.76368,42.9894,1115010
2014-02-04,43.091999,43.25616,42.76368,43.15356,835770
2014-02-05,42.7842,43.0099182,42.1686,42.6816,694786
2014-02-06,42.76368,43.5024,42.72264,43.5024,294103
2014-02-07,43.62552,44.87724,43.54344,44.4258,513012
2014-02-10,44.46684,44.50788,43.7076,43.93332,562427
2014-02-11,44.58996,44.67204,44.035919,44.50788,642446
2014-02-12,44.61048,45.041401,44.36424,44.91828,436647
2014-02-13,44.69256,45.18504,44.4258,45.041401,551608
2014-02-14,45.144,45.2466,44.85672,45.144,647856
2014-02-18,45.144,45.144,44.58996,44.65152,616179
2014-02-19,44.65152,45.041401,44.118,44.17956,441033
2014-02-20,44.118,44.46684,43.72812,44.097481,602096
2014-02-21,44.118,45.53388,44.056438,45.4518,1166082
2014-02-24,45.57492,46.17,45.22608,45.67752,743177
2014-02-25,45.657,46.33416,45.57492,45.90324,823197
2014-02-26,45.98532,46.53936,45.7596,46.25208,1072027
2014-02-27,45.98532,46.90872,44.7336,46.14948,2187817
2014-02-28,46.17,46.33416,45.30816,45.88272,970565
2014-03-03,45.59544,46.17,45.36972,46.14948,676754
2014-03-04,47.011318,47.4012,46.087921,46.29312,2307018
2014-03-05,46.10844,46.97028,46.067402,46.72404,668713
2014-03-06,46.72404,46.90872,45.9648,46.12896,682407
2014-03-07,46.067402,46.84716,45.9648,46.60092,642349
2014-03-10,46.70352,46.8882,45.61596,45.92376,922027
2014-03-11,45.94428,46.087921,45.144,45.36972,835429
2014-03-12,45.22608,45.9648,44.67204,45.8622,788645
2014-03-13,45.61596,46.02636,45.06192,45.2466,992690
2014-03-14,45.06192,45.67752,44.87724,45.20556,609064
2014-03-17,45.36972,45.94428,45.32868,45.39024,369250
2014-03-18,45.3492,46.35468,45.26712,46.31364,677778
2014-03-19,46.21104,46.23156,45.47232,45.67752,733382
2014-03-20,45.657,46.0058403,45.36972,45.49284,652729
2014-03-21,45.69804,47.17548,45.4518,47.17548,3026754
2014-03-24,47.07288,47.38068,46.087921,46.70352,966033
2014-03-25,46.74456,46.9908,46.12896,46.12896,781774
2014-03-26,46.17,46.31364,45.73908,45.84168,781969
2014-03-27,45.78012,46.21104,45.49284,45.61596,670517
2014-03-28,45.49284,45.92376,45.041401,45.657,2073051
2014-03-31,45.84168,46.02636,45.144,45.63648,4896930
2014-04-01,45.59544,46.5804,45.57492,46.2726,1052534
2014-04-02,46.17,46.55988,46.067402,46.10844,1061550
2014-04-03,46.17,46.33416,45.18504,45.18504,959357
2014-04-04,45.20556,45.2466,44.24112,44.30268,2767300
2014-04-07,44.3232,44.38476,43.62552,43.85124,694298
2014-04-08,43.8102,43.9128,43.37928,43.83072,686160
2014-04-09,43.97436,44.4258,43.87176,44.13852,864815
2014-04-10,44.056438,44.26164,43.17408,43.46136,527973
2014-04-11,43.2972,43.87176,43.0099182,43.605,760136
2014-04-14,43.68708,44.34372,43.31772,43.8102,515400
2014-04-15,44.13852,44.13852,43.091999,43.87176,484990
2014-04-16,43.64604,44.36424,43.56396,44.3232,523977
2014-04-17,44.20008,44.85672,43.7076,44.67204,805166
2014-04-21,44.56944,44.56944,43.85124,44.035919,498148
2014-04-22,44.0154,44.56944,43.97436,44.13852,511745
2014-04-23,44.076962,44.4258,43.83072,44.097481,469883
2014-04-24,44.24112,44.46684,44.035919,44.118,302339
2014-04-25,44.118,44.15904,43.58448,43.76916,204922
2014-04-28,43.78968,43.97436,43.1946,43.85124,625682
2014-04-29,44.36424,44.48736,43.030441,43.27668,1292836
2014-04-30,43.52292,44.8362,43.3998,44.79516,920906
2014-05-01,44.71308,45.41076,44.0154,45.30816,700536
2014-05-02,45.30816,46.51884,45.22608,45.2466,991033
2014-05-05,45.020882,45.53388,44.77464,45.47232,410867
2014-05-06,45.3492,45.71856,44.9388,45.47232,683187
2014-05-07,46.7856,47.15496,45.36972,46.49832,1038060
2014-05-08,46.70352,46.90872,46.29312,46.45728,1212865
2014-05-09,48.69396,48.8376,46.74456,47.33964,3461111
2014-05-12,48.1194,48.3246,46.51884,47.15496,1586745
2014-05-13,47.4012,47.64744,46.97028,47.196,1098538
2014-05-14,47.196,47.31912,45.73908,46.2726,1191764
2014-05-15,46.3752,46.3752,44.44632,44.9388,1821394
2014-05-16,45.144,45.26712,43.99488,44.87724,1228850
2014-05-19,44.9388,45.16452,44.56944,44.95932,970419
2014-05-20,45.00035858,45.12348,43.85124,43.93332,1359211
2014-05-21,44.118,45.144,44.0154,44.8362,1872807
2014-05-22,44.81568,45.2466,44.81568,45.12348,1002388
2014-05-23,45.69804,45.84168,45.16452,45.2466,527778
2014-05-27,45.51336,45.82116,45.041401,45.63648,1164815
2014-05-28,45.80064,46.23156,45.144,45.16452,1054191
2014-05-29,45.26712,45.5544,44.89776,45.51336,732943
2014-05-30,45.41076,46.4778,45.41076,46.41624,1272563
2014-06-02,46.41624,46.86768,45.9648,46.74456,1202437
2014-06-03,46.53936,47.011318,46.046879,46.60092,1484600
2014-06-04,46.43676,47.093399,46.35468,46.72404,665692
2014-06-05,46.72404,47.2986,46.3752,47.23704,878947
2014-06-06,47.23704,47.93472,46.62144,47.77056,1235331
2014-06-09,47.77056,48.1194,47.07288,47.79108,1235283
2014-06-10,47.52432,48.57084,47.52432,48.078362,1351852
2014-06-11,47.17548,47.33964,46.4778,46.80612,3671150
2014-06-12,46.35468,46.84716,46.0058403,46.12896,1815838
2014-06-13,46.067402,46.2726,45.49284,45.73908,2073733
2014-06-16,45.7596,46.683,45.16452,45.57492,2613743
2014-06-17,45.5544,46.25208,45.5544,45.84168,1243762
2014-06-18,45.7596,46.087921,45.61596,45.8622,1400341
2014-06-19,45.92376,46.33416,45.7596,45.82116,1299220
2014-06-20,46.087921,46.087921,45.67752,45.67752,1644786
2014-06-23,45.90324,46.17,45.57492,45.84168,1575341
2014-06-24,45.84168,46.9908,45.78012,46.17,5474172
2014-06-25,46.9908,47.77056,46.74456,47.11392,27335234
2014-06-26,47.052361,47.23704,46.76508,46.90872,7572904
2014-06-27,46.9908,47.4012,46.5804,46.80612,6862768
2014-06-30,46.7856,47.87316,46.64196,47.8116,3204776
2014-07-01,47.79108,48.67344,47.68848,48.48876,5010185
2014-07-02,48.222,49.06332,48.057838,48.96072,3300682
2014-07-03,48.96072,50.8896,48.96072,50.8896,5482115
2014-07-07,50.4792,50.70492,50.068802,50.274,3754386
2014-07-08,50.068802,50.089321,49.22748,49.63788,2931238
2014-07-09,49.8636,50.82804,49.57632,50.72544,2832797
2014-07-10,49.84308,50.72544,49.80204,50.31504,1868665
2014-07-11,49.26852,50.31504,49.26852,49.90464,1384454
2014-07-14,50.39712,50.97168,50.068802,50.19192,2394786
2014-07-15,50.1714,50.72544,50.089321,50.41764,1918129
2014-07-16,50.49972,50.6844,49.94568,50.43816,1315741
2014-07-17,50.13036,50.6844,49.248,49.39164,3192105
2014-07-18,49.74048,50.41764,49.53528,50.3766,1820517
2014-07-21,50.1714,51.15636,50.1714,50.95116,2381969
2014-07-22,51.07428,51.83352,50.787,51.56676,2022904
2014-07-23,51.42312,52.51068,51.38208,52.34652,3073294
2014-07-24,52.326,52.98264,51.79248,51.89508,3345858
2014-07-25,51.68988,52.40808,51.44364,51.87456,920224
2014-07-28,51.87456,52.30548,51.48468,51.79248,1143421
2014-07-29,52.0182,52.079762,51.15636,51.25896,1686598
2014-07-30,51.6078,51.95664,50.15088,50.64336,3035088
2014-07-31,50.10984,50.45868,49.26852,49.67892,2718372
2014-08-01,50.274,50.3766,47.5038,49.84308,4673246
2014-08-04,49.88412,50.02776,49.12488,49.61736,1665302
2014-08-05,49.49424,49.6584,48.222,48.67344,2776949
2014-08-06,48.24252,48.40668,47.6064,48.1194,2932359
2014-08-07,48.48876,49.18644,48.40668,48.59136,2239279
2014-08-08,48.67344,49.0017586,48.057838,48.65292,1580750
2014-08-11,49.1454,49.78152,48.9402,49.37112,809454
2014-08-12,49.18644,49.61736,48.9402,49.47372,689571
2014-08-13,49.67892,50.43816,49.39164,50.25348,1191082
2014-08-14,50.39712,50.76648,50.25348,50.74596,924220
2014-08-15,51.033241,51.1974,50.048279,50.62284,1224756
2014-08-18,51.094799,51.32052,50.62284,51.27948,1073051
2014-08-19,51.32052,51.813,51.11532,51.52572,1098830
2014-08-20,51.32052,52.26444,51.17688,52.20288,1634308
2014-08-21,52.1208,52.61328,52.059238,52.40808,1219932
2014-08-22,52.326,52.839,52.28496,52.61328,946930
2014-08-25,52.6338,52.77744,52.18236,52.77744,1304142
2014-08-26,52.7364,52.92108,52.38756,52.6338,961842
2014-08-27,52.67484,53.18784,52.61328,52.85952,1292934
2014-08-28,52.55172,52.85952,52.20288,52.65432,1369055
2014-08-29,52.65432,52.75692,51.7104,51.95664,5281433
2014-09-02,52.36704,52.98264,51.6078,52.24392,1346394
2014-09-03,52.44912,52.61328,51.75144,51.87456,2212476
2014-09-04,52.079762,52.69536,51.46416,51.99768,1593421
2014-09-05,52.038719,53.1468,51.6078,52.85952,1606092
2014-09-08,52.67484,52.92108,52.46964,52.69536,582310
2014-09-09,52.5312,52.90056,52.1208,52.34652,1520663
2014-09-10,52.4286,52.46964,51.75144,51.87456,1757554
2014-09-11,50.8896,51.7104,50.60232,50.97168,3296248
2014-09-12,50.84856,50.9922,49.761,50.068802,2576462
2014-09-15,50.068802,50.23296,49.43268,49.51476,1700975
2014-09-16,49.39164,50.72544,49.26852,50.5818,1901901
2014-09-17,50.66388,51.54624,50.56128,51.32052,2660185
2014-09-18,51.38208,51.66936,50.66388,50.74596,1769006
2014-09-19,50.91012,50.9922,50.43816,50.787,2259405
2014-09-22,50.76648,50.95116,50.35608,50.91012,2198489
2014-09-23,50.74596,50.95116,50.5818,50.66388,2152875
2014-09-24,50.76648,50.9922,50.43816,50.6844,1537135
2014-09-25,50.62284,50.64336,50.048279,50.274,2197612
2014-09-26,50.29452,50.95116,49.98672,50.93064,1887086
2014-09-29,50.54076,50.80752,50.21244,50.3766,1417982
2014-09-30,50.31504,50.76648,49.90464,50.54076,2636598
2014-10-01,50.35608,50.4792,48.69396,49.248,3817593
2014-10-02,49.248,49.51476,48.57084,49.20696,2136306
2014-10-03,49.63788,50.02776,49.43268,49.90464,661209
2014-10-06,50.49972,50.91012,49.47372,49.67892,2113402
2014-10-07,49.248,49.6584,48.9402,49.20696,1424708
2014-10-08,49.30956,49.39164,48.34512,49.083839,1802632
2014-10-09,49.37112,49.49424,47.89368,47.95524,2234552
2014-10-10,47.83212,47.89368,46.64196,46.72404,2639035
2014-10-13,46.84716,46.97028,45.16452,45.22608,4251754
2014-10-14,45.657,46.0058403,44.36424,45.20556,3008285
2014-10-15,43.93332,45.4518,42.51744,44.34372,5587817
2014-10-16,43.605,45.8622,43.37928,44.85672,5365595
2014-10-17,45.98532,47.66796,45.98532,46.80612,3238207
2014-10-20,46.86768,48.55032,46.76508,48.46824,2321735
2014-10-21,49.248,50.33556,49.20696,50.29452,2224756
2014-10-22,50.49972,50.62284,49.083839,49.26852,1728947
2014-10-23,49.98672,50.19192,48.98124,49.33008,1345175
2014-10-24,49.18644,49.82256,48.735,49.74048,761257
2014-10-27,49.74048,49.8636,48.77604,49.61736,925634
2014-10-28,49.69944,50.49972,49.248,49.98672,2384795
2014-10-29,50.23296,50.82804,49.8636,50.39712,1636014
2014-10-30,50.02776,51.73092,49.8636,51.32052,2099854
2014-10-31,51.97716,52.6338,50.8896,51.79248,3463402
2014-11-03,50.9922,52.46964,50.86908,51.813,2772807
2014-11-04,50.62284,50.91012,50.068802,50.4792,24618616
2014-11-05,50.80752,51.5052,50.5818,51.38208,7300049
2014-11-06,51.38208,51.7104,51.15636,51.4026,3861257
2014-11-07,51.64884,51.7104,50.91012,51.23844,2379435
2014-11-10,51.32052,51.66936,51.13584,51.58728,2507261
2014-11-11,51.56676,51.9156,51.4026,51.73092,2884649
2014-11-12,51.7104,52.059238,51.07428,51.95664,2179922
2014-11-13,52.1208,52.36704,51.17688,52.059238,2876316
2014-11-14,52.1208,52.98264,51.77196,52.96212,4424318
2014-11-17,52.57224,52.85952,52.038719,52.16184,1568324
2014-11-18,52.16184,52.839,51.97716,52.55172,1838158
2014-11-19,52.36704,52.71588,52.0182,52.36704,1343519
2014-11-20,52.26444,52.44912,51.52572,52.2234,2426901
2014-11-21,52.839,52.85952,52.326,52.36704,2745127
2014-11-24,52.67484,53.20836,52.59276,52.9416,2041033
2014-11-25,52.92108,53.68032,52.85952,53.6598,2261940
2014-11-26,53.59824,53.72136,53.16732,53.39304,1306628
2014-11-28,53.6598,54.070202,53.63928,53.80344,751072
2014-12-01,53.61876,53.74188,52.18236,52.18236,2709016
2014-12-02,52.46964,52.71588,52.30548,52.34652,2625536
2014-12-03,52.34652,53.31096,52.30548,53.22888,2231871
2014-12-04,53.1468,53.80344,52.839,53.352,4503509
2014-12-05,53.53668,54.29592,53.53668,54.21384,2260770
2014-12-08,54.13176,54.35748,53.7624,54.049679,1060283
2014-12-09,53.29044,53.90604,52.51068,53.82396,1532700
2014-12-10,53.63928,54.19332,53.2494,53.33148,1456140
2014-12-11,53.63928,54.43956,53.61876,53.88552,1591228
2014-12-12,53.70084,53.88552,53.044201,53.085239,1711696
2014-12-15,53.43408,53.61876,51.83352,51.95664,4511891
2014-12-16,51.48468,51.813,50.76648,50.76648,4312719
2014-12-17,51.094799,52.1208,50.39712,51.9156,2926949
2014-12-18,52.59276,53.10576,52.14132,53.085239,2347076
2014-12-19,53.22888,53.7624,52.81848,53.72136,3023197
2014-12-22,53.72136,54.070202,53.26992,53.352,1819883
2014-12-23,53.7624,53.88552,53.41356,53.5572,1849464
2014-12-24,53.4546,54.070202,53.37252,53.78292,561891
2014-12-26,54.0086403,54.29592,53.90604,53.92656,314571
2014-12-29,53.80344,53.82396,53.22888,53.57772,1188207
2014-12-30,53.4546,53.82396,53.31096,53.53668,824415
2014-12-31,53.57772,54.25488,53.49564,53.53668,1115546
2015-01-02,53.7624,53.90604,52.28496,53.22888,1791667
2015-01-05,52.839,53.044201,51.3,51.5052,2112135
2015-01-06,51.4026,51.42312,49.98672,51.033241,3422661
2015-01-07,51.64884,52.059238,51.13584,51.85404,2239425
2015-01-08,52.30548,53.39304,52.14132,53.29044,2098489
2015-01-09,53.29044,53.41356,52.6338,52.75692,2061257
2015-01-12,52.71588,52.71588,52.0182,52.2234,1670565
2015-01-13,53.26992,53.865,51.99768,52.6338,2895955
2015-01-14,52.038719,53.20836,51.62832,53.20836,1962719
2015-01-15,53.29044,53.352,52.44912,52.5312,1157456
2015-01-16,52.28496,53.10576,52.059238,53.06472,1285965
2015-01-20,53.10576,53.22888,52.26444,52.90056,1490838
2015-01-21,52.7364,53.352,52.326,53.10576,1183821
2015-01-22,53.352,55.07568,53.085239,54.87048,2673977
2015-01-23,54.891,55.1988,54.41904,54.50112,1493275
2015-01-26,54.52164,55.28088,54.35748,55.21932,1615887
2015-01-27,54.64476,54.97308,53.88552,54.31644,1399123
2015-01-28,54.84996,55.21932,54.1728,54.2754,3175780
2015-01-29,54.1728,54.46008,53.61876,54.13176,2703168
2015-01-30,53.7624,54.1728,53.20836,53.29044,1681871
2015-02-02,53.352,53.6598,52.4286,53.59824,3069591
2015-02-03,53.7624,54.54216,53.51616,54.52164,1687183
2015-02-04,54.7884,54.91152,53.72136,54.02916,2346199
2015-02-05,53.98812,55.13724,53.98812,55.13724,1186647
2015-02-06,55.34244,55.917,54.049679,54.090721,4544103
2015-02-09,54.11124,54.7884,53.7624,54.35748,2400487
2015-02-10,55.11672,56.36844,54.93204,56.34792,3182992
2015-02-11,56.36844,58.87188,56.26584,57.78432,6616667
2015-02-12,58.21524,58.74876,57.68172,58.35888,4064717
2015-02-13,58.7898,59.38488,58.3794,58.62564,3179240
2015-02-17,58.62564,59.3028,58.15368,58.7898,2797758
2015-02-18,58.1742,58.83084,57.23028,58.56408,4485234
2015-02-19,58.56408,58.87188,58.1742,58.1742,2530945
2015-02-20,57.8664,58.50252,57.68172,58.1742,1913402
2015-02-23,57.8664,58.01004,57.16872,57.29184,2179142
2015-02-24,57.20976,57.456,56.79936,57.025082,2516764
2015-02-25,57.086639,57.39444,56.90196,57.29184,2689766
2015-02-26,57.37392,57.53808,56.67624,57.47652,2964961
2015-02-27,57.456,58.051079,57.456,58.01004,2306238
2015-03-02,58.15368,59.32332,57.98952,59.24124,2030750
2015-03-03,59.17968,60.062038,58.44096,60.062038,4133041
2015-03-04,59.83632,59.85684,58.482,59.42592,4532164
2015-03-05,59.44644,60.18516,59.38488,59.56956,1934893
2015-03-06,59.097599,59.3028,57.90744,57.94848,2665010
2015-03-09,58.2768,58.2768,57.68172,58.03056,1806579
2015-03-10,57.18924,57.70224,56.79936,57.27132,2936550
2015-03-11,57.18924,57.70224,57.086639,57.53808,2876901
2015-03-12,57.90744,59.11812,57.90744,58.092121,2314620
2015-03-13,58.01004,58.29732,57.39444,57.7638,3998684
2015-03-16,58.03056,59.7132,58.03056,59.46696,2623538
2015-03-17,59.3028,59.508,58.8924,59.28228,1725536
2015-03-18,59.2002,60.18516,58.7898,60.1236,1586891
2015-03-19,59.89788,60.55452,59.83632,60.45192,1693713
2015-03-20,60.82128,60.96492,60.021,60.14412,3327534
2015-03-23,60.18516,60.9444,59.85684,60.47244,2032505
2015-03-24,60.34932,60.78024,59.83632,60.49296,3181530
2015-03-25,60.4314,60.45192,58.8924,58.995,3669981
2015-03-26,58.5846,60.28776,58.3794,59.87736,4954630
2015-03-27,59.75424,61.33428,59.59008,61.047001,4743811
2015-03-30,61.37532,61.68312,60.55452,60.80076,2529678
2015-03-31,60.71868,61.2522,60.41088,60.78024,5110136
2015-04-01,60.90336,60.9444,59.69268,60.082561,2307554
2015-04-02,60.18516,60.96492,60.1236,60.24672,3461306
2015-04-06,60.021,61.0059586,59.95944,60.78024,3101218
2015-04-07,60.96492,60.96492,59.85684,59.89788,1719055
2015-04-08,61.72416,62.64756,61.19064,62.60652,5736940
2015-04-09,62.42184,64.0224,61.88832,63.8172,4197953
2015-04-10,63.83772,64.30968,62.97588,63.5094,2825000
2015-04-13,62.64756,63.2016,62.36028,62.54496,1597417
2015-04-14,62.50392,62.54496,61.6626,62.11404,1335478
2015-04-15,62.52444,62.97588,61.99092,61.99092,1367739
2015-04-16,61.9704,62.44236,61.06752,61.27272,1969883
2015-04-17,60.75972,61.2522,60.36984,60.7392,1767739
2015-04-20,60.9444,61.90884,60.86232,61.27272,1898830
2015-04-21,61.60104,62.052479,61.29324,61.78572,1441131
2015-04-22,61.68312,62.15508,61.10856,61.60104,1569396
2015-04-23,61.60104,62.50392,61.41636,62.19612,1418713
2015-04-24,62.60652,62.7912,62.052479,62.13456,961014
2015-04-27,62.42184,62.97588,60.78024,60.82128,2141472
2015-04-28,60.92388,61.29324,59.9184,60.41088,2873051
2015-04-29,62.46288,64.8432,60.78024,61.06752,6059211
2015-04-30,60.92388,61.0059586,58.74876,59.42592,3870127
2015-05-01,59.87736,61.37532,59.54904,61.21116,2465205
2015-05-04,61.23168,61.56,60.16464,60.30828,1499513
2015-05-05,60.14412,60.26724,59.26176,59.59008,1408674
2015-05-06,59.7132,59.97996,59.07708,59.63112,1674074
2015-05-07,59.7132,60.65712,59.65164,60.49296,1530848
2015-05-08,61.41636,62.4834,61.088039,61.7652,2040058
2015-05-11,60.96492,61.2522,60.69816,60.92388,12699220
2015-05-12,60.65712,60.90336,60.24672,60.39036,3094591
2015-05-13,60.49296,60.69816,59.63112,59.73372,2891228
2015-05-14,60.36984,61.06752,59.93892,60.534,6242154
2015-05-15,60.82128,61.23168,60.41088,60.534,5011647
2015-05-18,60.47244,60.82128,60.39036,60.55452,3451462
2015-05-19,60.71868,61.088039,60.55452,60.71868,2385770
2015-05-20,60.69816,60.92388,60.062038,60.78024,2086842
2015-05-21,60.80076,60.80076,60.021,60.082561,9917398
2015-05-22,60.062038,60.34932,59.67216,60.2262,3617057
2015-05-26,60.86232,60.96492,59.69268,59.85684,3009454
2015-05-27,60.14412,60.59556,59.73372,60.39036,3195175
2015-05-28,60.18516,60.49296,59.63112,60.34932,3095370
2015-05-29,60.16464,60.3288,59.4054,59.42592,4467203
2015-06-01,59.7132,60.14412,59.508,59.85684,3460136
2015-06-02,59.69268,60.021,59.52852,59.89788,2869981
2015-06-03,60.2262,60.6366,60.021,60.10308,3361404
2015-06-04,59.63112,60.55452,59.54904,60.062038,2536404
2015-06-05,60.062038,60.36984,59.89788,60.30828,3076559
2015-06-08,60.30828,60.34932,58.87188,59.015518,7089425
2015-06-09,59.097599,60.00048065,59.07708,59.87736,4935770
2015-06-10,59.8158,60.16464,58.72824,58.83084,5560721
2015-06-11,59.13864,59.38488,58.76928,59.097599,3791326
2015-06-12,58.7898,59.056561,58.25628,58.6872,3875049
2015-06-15,58.8924,59.28228,58.25628,58.31784,7119347
2015-06-16,58.21524,58.42044,57.43548,57.51756,7338060
2015-06-17,57.456,57.6612,56.61468,57.31236,12383918
2015-06-18,57.47652,58.83084,57.47652,58.19472,18487135
2015-06-19,58.03056,58.54356,57.57912,57.64068,6731140
2015-06-22,58.03056,58.60512,57.57912,57.59964,5411160
2015-06-23,57.5586,57.88692,57.1482,57.6612,4901949
2015-06-24,57.64068,58.15368,57.31236,57.41496,2976267
2015-06-25,57.59964,57.94848,57.20976,57.43548,4327096
2015-06-26,57.51756,58.092121,57.06612,57.62016,12658772
2015-06-29,56.943,57.43548,56.0196,56.081161,4051998
2015-06-30,56.5326,56.77884,56.1222,56.5326,2729435
2015-07-01,57.086639,57.51756,56.75832,57.0045586,2653021
2015-07-02,57.47652,57.64068,56.65572,57.0045586,1649464
2015-07-06,56.69676,57.49704,56.20428,57.045601,2684308
2015-07-07,57.045601,57.27132,56.20428,57.1482,3029971
2015-07-08,56.71728,56.75832,55.58868,55.83492,3127729
2015-07-09,56.45052,56.96352,55.917,55.97856,2805068
2015-07-10,56.7378,57.49704,56.51208,57.23028,3384698
2015-07-13,57.90744,58.19472,57.70224,57.80484,3257261
2015-07-14,57.90744,58.31784,57.74328,58.23576,2311696
2015-07-15,58.3794,58.52304,57.68172,57.74328,2591277
2015-07-16,58.33836,58.46148,57.8664,57.969,2772758
2015-07-17,58.13316,58.3794,57.62016,58.01004,2515351
2015-07-20,58.01004,58.2768,57.68172,58.11264,1899854
2015-07-21,57.78432,57.90744,57.27132,57.49704,2794883
2015-07-22,57.43548,57.64068,57.12768,57.43548,1991959
2015-07-23,57.39444,57.43548,54.93204,55.5066,7144786
2015-07-24,55.6092,55.67076,54.0086403,55.055161,5884113
2015-07-27,54.43956,54.97308,53.88552,54.378,4668470
2015-07-28,54.5832,55.055161,54.0086403,54.35748,4083528
2015-07-29,55.48608,57.27132,55.3014,56.86092,9417446
2015-07-30,56.59416,56.77884,54.41904,54.46008,7572173
2015-07-31,55.034641,55.5066,54.33696,55.096199,4404630
2015-08-03,55.34244,55.34244,54.21384,54.43956,2408187
2015-08-04,54.35748,54.76788,53.4546,53.68032,3695760
2015-08-05,53.7624,54.80892,52.59276,52.90056,8778899
2015-08-06,52.79796,52.79796,51.64884,52.71588,7624464
2015-08-07,52.71588,53.29044,52.18236,53.16732,4402973
2015-08-10,53.57772,53.90604,53.39304,53.78292,4218665
2015-08-11,53.41356,53.82396,52.9416,53.18784,2923099
2015-08-12,52.98264,53.1468,51.85404,53.023682,3113304
2015-08-13,53.06472,53.31096,52.49016,53.023682,2706140
2015-08-14,52.85952,53.0031586,52.10028,52.57224,2190253
2015-08-17,52.46964,53.4546,52.26444,53.39304,1915643
2015-08-18,53.47512,53.47512,52.92108,53.023682,1209016
2015-08-19,52.90056,53.2494,52.36704,52.75692,2112476
2015-08-20,52.0182,52.30548,51.094799,51.21792,3251657
2015-08-21,50.5818,51.15636,50.10984,50.274,2970517
2015-08-24,47.44224,50.089321,42.94836,48.6324,3293713
2015-08-25,50.43816,50.56128,48.30408,48.30408,5663158
2015-08-26,49.51476,50.10984,48.30408,49.92516,3280897
2015-08-27,50.52024,51.34104,49.82256,51.053761,4370809
2015-08-28,50.64336,51.46416,50.39712,51.38208,2156238
2015-08-31,51.3,51.64884,50.74596,50.95116,2129971
2015-09-01,49.90464,50.49972,49.12488,49.4532,2140741
2015-09-02,50.13036,50.23296,49.53528,50.048279,2212963
2015-09-03,50.19192,51.42312,50.089321,50.72544,2826657
2015-09-04,49.8636,50.76648,49.63788,50.4792,3508967
2015-09-08,51.36156,52.10028,51.17688,52.0182,2448148
2015-09-09,52.46964,52.81848,51.85404,52.1208,4203996
2015-09-10,52.1208,52.71588,51.62832,52.24392,3903752
2015-09-11,51.95664,52.55172,51.77196,52.51068,2344396
2015-09-14,52.46964,52.71588,52.079762,52.26444,2525292
2015-09-15,52.26444,52.26444,50.97168,51.32052,6693957
2015-09-16,51.48468,52.51068,51.4026,52.26444,3557212
2015-09-17,52.26444,53.1468,52.079762,52.16184,2200292
2015-09-18,50.91012,50.91012,49.12488,49.16592,6746004
2015-09-21,49.4532,49.9662,49.1454,49.30956,2727778
2015-09-22,48.6324,48.79656,47.9142,48.59136,3014376
2015-09-23,48.46824,48.69396,47.85264,47.93472,3154240
2015-09-24,47.8116,48.098881,47.21652,47.58588,3421735
2015-09-25,47.85264,47.93472,47.052361,47.38068,2958674
2015-09-28,47.07288,47.15496,45.082439,45.22608,3792544
2015-09-29,45.41076,45.63648,44.61048,44.9388,2987135
2015-09-30,45.3492,47.07288,45.144,47.07288,4732018
2015-10-01,47.196,49.16592,47.17548,48.18096,7969834
2015-10-02,47.5038,48.55032,46.80612,48.38616,16812671
2015-10-05,48.67344,49.22748,48.57084,49.16592,2934552
2015-10-06,49.30956,49.59684,48.6324,48.81708,2053070
2015-10-07,48.9402,50.13036,48.8376,49.67892,3078265
2015-10-08,49.61736,51.56676,49.3506,51.07428,3393762
2015-10-09,51.11532,51.83352,50.6844,51.73092,2792446
2015-10-12,51.66936,52.26444,51.48468,51.75144,1810867
2015-10-13,51.15636,51.89508,50.8896,51.3,2813207
2015-10-14,51.17688,51.52572,50.0072403,50.10984,2675731
2015-10-15,50.54076,50.787,48.98124,50.64336,4074269
2015-10-16,50.15088,50.52024,49.248,49.69944,3176949
2015-10-19,49.61736,50.02776,49.39164,49.59684,1995565
2015-10-20,49.80204,51.15636,49.71996,51.13584,3006043
2015-10-21,51.4026,52.059238,50.25348,50.3766,2132749
2015-10-22,50.8896,52.20288,50.72544,51.75144,3245517
2015-10-23,51.11532,51.85404,50.29452,50.39712,5183187
2015-10-26,50.41764,51.58728,50.33556,51.3,2367593
2015-10-27,51.34104,52.9416,50.4792,51.93612,4740205
2015-10-28,53.43408,53.90604,50.068802,51.48468,8571053
2015-10-29,50.8896,51.73092,50.274,51.6078,2736257
2015-10-30,51.62832,51.813,50.93064,51.27948,1805361
2015-11-02,51.64884,52.30548,51.32052,51.89508,2283480
2015-11-03,51.68988,52.75692,51.15636,52.46964,2887135
2015-11-04,52.67484,52.7364,51.79248,52.14132,2219786
2015-11-05,52.059238,53.10576,51.93612,52.67484,1775097
2015-11-06,52.7364,53.37252,52.24392,52.61328,1513938
2015-11-09,52.30548,52.49016,51.42312,52.20288,1966179
2015-11-10,52.16184,52.79796,51.97716,52.7364,1924220
2015-11-11,53.0031586,53.1468,52.46964,52.5312,1589133
2015-11-12,51.99768,52.059238,51.32052,51.54624,2146053
2015-11-13,51.32052,51.44364,49.92516,50.10984,2519883
2015-11-16,49.6584,49.69944,47.58588,48.91968,10488986
2015-11-17,49.28904,49.37112,47.27808,47.5038,6608138
2015-11-18,47.6064,48.13992,47.07288,48.037319,5659016
2015-11-19,48.222,48.50928,47.79108,48.222,2292593
2015-11-20,48.79656,49.1454,47.9142,48.26304,2115984
2015-11-23,48.3246,49.37112,48.3246,48.50928,1807407
2015-11-24,47.4012,48.222,47.27808,48.1194,2924805
2015-11-25,48.18096,48.5298,47.68848,47.89368,2450634
2015-11-27,47.72952,47.99628,47.6064,47.8116,906628
2015-11-30,47.79108,47.93472,47.031841,47.64744,2455263
2015-12-01,48.0168,48.46824,47.6064,48.40668,1907310
2015-12-02,48.30408,48.36564,47.48328,47.79108,2069250
2015-12-03,48.77604,48.89916,46.25208,46.86768,2999074
2015-12-04,47.11392,47.62692,46.84716,47.2986,2127388
2015-12-07,47.33964,47.5038,45.9648,46.51884,2941520
2015-12-08,45.51336,46.41624,45.39024,46.21104,1987232
2015-12-09,46.067402,46.76508,44.61048,44.61048,5317057
2015-12-10,44.85672,45.57492,44.67204,45.32868,3769444
2015-12-11,44.67204,44.91828,44.118,44.7336,3626218
2015-12-14,44.40528,44.89776,42.90732,43.66656,5520322
2015-12-15,44.15904,44.58996,43.7076,43.78968,3442495
2015-12-16,44.20008,48.65292,44.0154,46.067402,9301706
2015-12-17,46.92924,46.94976,45.3492,45.39024,3477973
2015-12-18,45.18504,45.90324,43.87176,44.035919,3741277
2015-12-21,44.17956,44.40528,43.54344,43.85124,4114181
2015-12-22,43.8102,45.12348,43.66656,44.65152,4923782
2015-12-23,44.67204,45.39024,44.035919,45.22608,3595175
2015-12-24,45.18504,45.39024,44.75412,44.87724,717349
2015-12-28,44.79516,45.082439,44.2206,44.69256,1498684
2015-12-29,44.95932,45.10296,44.34372,44.71308,1268665
2015-12-30,44.46684,44.89776,44.26164,44.3232,1604337
2015-12-31,44.28216,44.8362,43.9128,43.9128,1688060
2016-01-04,43.5024,43.64604,42.3738,43.27668,3512135
2016-01-05,43.2972,43.8102,42.92784,43.2972,2215351
2016-01-06,42.53796,42.66108,40.71168,41.040001,6963304
2016-01-07,40.26024,40.69116,39.27528,39.501,13039474
2016-01-08,39.97296,40.6296,39.25476,39.2958,3435916
2016-01-11,39.52152,40.30128,38.988,39.48048,4270858
2016-01-12,39.87036,40.36284,39.43944,40.13712,3502242
2016-01-13,39.99348,40.19868,37.94148,38.044079,5022417
2016-01-14,37.12068,37.81836,36.13572,37.7568,5821296
2016-01-15,36.54612,36.7308,35.54064,36.423,5868129
2016-01-19,36.77184,36.91548,34.76088,35.52012,3537671
2016-01-20,34.92504,37.038601,33.16032,36.40248,8575390
2016-01-21,36.38196,38.24928,36.34092,37.67472,7649805
2016-01-22,38.29032,38.72124,36.936,37.49004,4069152
2016-01-25,37.46952,37.71576,35.47908,35.74584,4192008
2016-01-26,36.094681,38.02356,35.86896,37.94148,4570614
2016-01-27,37.61316,37.962,36.5256,36.77184,3543177
2016-01-28,37.26432,37.28484,35.13024,35.25336,4624415
2016-01-29,35.43804,36.54612,35.23284,36.54612,4175292
2016-02-01,36.46404,37.05912,35.95104,36.85392,2887232
2016-02-02,36.27936,36.27936,35.06868,35.45856,3482310
2016-02-03,35.68428,35.93052,34.042679,35.72532,3050975
2016-02-04,35.37648,37.2438,35.2944,37.12068,3505750
2016-02-05,36.99756,37.16172,35.8074,36.1152,3374805
2016-02-08,35.7048,36.17676,35.048161,35.86896,5068324
2016-02-09,35.7048,37.40796,35.33544,36.19728,3629191
2016-02-10,36.38196,37.6542,36.36144,37.10016,3420322
2016-02-11,36.27936,36.89496,35.97156,36.6282,5605799
2016-02-12,37.1412,38.24928,36.936,38.044079,4209893
2016-02-16,38.65968,39.23424,37.87992,38.96748,3867398
2016-02-17,39.1932,40.60908,39.1932,40.4244,4682310
2016-02-18,40.28076,40.97844,39.07008,40.23972,4251657
2016-02-19,40.034519,40.9374,39.17268,40.79376,5255507
2016-02-22,41.36832,42.045479,40.1166,40.8348,3418470
2016-02-23,40.7322,41.67612,40.58856,40.79376,2867300
2016-02-24,40.4244,40.91688,39.45996,40.81428,3419055
2016-02-25,40.89636,41.61456,40.36284,41.4504,2662622
2016-02-26,43.605,43.99488,41.553,42.4764,6245224
2016-02-29,42.4764,42.70212,41.3478,42.64056,5197222
2016-03-01,43.050961,43.3998,42.33276,42.9894,2996735
2016-03-02,43.0099182,43.9128,42.9894,43.89228,3146637
2016-03-03,43.8102,44.44632,43.58448,44.30268,2253216
2016-03-04,44.48736,44.9388,44.056438,44.91828,2764181
2016-03-07,44.69256,45.020882,44.13852,44.24112,2571881
2016-03-08,43.87176,43.97436,42.92784,42.96888,2872076
2016-03-09,43.21512,43.31772,42.10704,42.62004,2338548
2016-03-10,42.90732,43.0099182,41.26572,42.086521,2573977
2016-03-11,42.66108,43.62552,41.94288,43.62552,2795517
2016-03-14,44.40528,44.58996,43.66656,43.72812,4016472
2016-03-15,43.3998,43.56396,42.92784,43.33824,2036404
2016-03-16,43.050961,43.7076,42.80472,43.56396,3070029
2016-03-17,43.37928,43.64604,42.579,43.58448,2348051
2016-03-18,43.87176,45.39024,43.87176,45.16452,4138548
2016-03-21,45.39024,46.3752,45.26712,45.98532,4822466
2016-03-22,45.39024,45.90324,45.082439,45.71856,4440984
2016-03-23,45.69804,45.82116,44.75412,45.020882,2723441
2016-03-24,44.81568,45.28764,44.4258,45.28764,3913109
2016-03-28,45.57492,46.087921,44.56944,45.71856,3011452
2016-03-29,45.73908,46.17,45.36972,46.087921,3021004
2016-03-30,46.45728,46.74456,45.92376,46.64196,3100049
2016-03-31,46.66248,46.97028,46.12896,46.21104,1922125
2016-04-01,45.26712,45.4518,44.076962,45.16452,7315205
2016-04-04,45.22608,45.78012,44.8362,45.53388,2209454
2016-04-05,45.082439,45.144,44.48736,44.81568,3276657
2016-04-06,44.75412,45.67752,44.38476,45.657,3131433
2016-04-07,45.2466,45.53388,44.95932,45.3492,3204532
2016-04-08,45.88272,46.41624,45.57492,45.7596,2762963
2016-04-11,46.02636,46.55988,45.73908,45.7596,2507505
2016-04-12,46.3752,46.90872,45.94428,46.087921,4462037
2016-04-13,46.23156,46.82664,46.0058403,46.7856,2841910
2016-04-14,46.92924,47.21652,46.5804,46.60092,2260234
2016-04-15,46.41624,46.683,45.71856,46.14948,2432700
2016-04-18,46.12896,46.23156,45.41076,45.61596,3384211
2016-04-19,45.657,46.067402,45.30816,45.78012,2436550
2016-04-20,45.94428,45.9648,44.97984,44.97984,5996491
2016-04-21,45.18504,46.17,45.18504,45.39024,4251901
2016-04-22,45.2466,45.63648,44.118,44.4258,4794006
2016-04-25,44.50788,45.18504,44.50788,44.61048,3844152
2016-04-26,44.61048,44.81568,43.54344,44.40528,5203606
2016-04-27,44.076962,46.17,43.97436,45.71856,4117251
2016-04-28,45.53388,46.51884,45.26712,45.63648,4018860
2016-04-29,45.59544,45.69804,44.89776,45.2466,2915497
2016-05-02,45.53388,45.69804,45.020882,45.657,3118372
2016-05-03,45.18504,45.82116,45.10296,45.5544,3166959
2016-05-04,45.18504,45.57492,44.91828,45.22608,4359600
2016-05-05,45.32868,45.69804,45.082439,45.22608,1761940
2016-05-06,44.87724,45.41076,44.631,45.20556,2451608
2016-05-09,45.16452,45.47232,44.81568,45.43128,2113694
2016-05-10,45.7596,47.031841,45.2466,46.86768,4084893
2016-05-11,46.55988,46.84716,45.5544,45.71856,4019834
2016-05-12,45.80064,45.92376,44.48736,45.00035858,3265546
2016-05-13,44.81568,45.41076,44.035919,44.118,2875585
2016-05-16,44.2206,44.8362,44.056438,44.65152,2151072
2016-05-17,44.48736,45.06192,44.15904,44.631,3917544
2016-05-18,44.17956,44.7336,42.84576,43.25616,5630994
2016-05-19,41.92236,42.39432,41.553,42.31224,8099805
2016-05-20,42.35328,42.6816,42.066002,42.14808,3129825
2016-05-23,42.066002,42.64056,41.9634,42.31224,3892982
2016-05-24,42.579,43.050961,42.02496,42.76368,2877047
2016-05-25,42.7842,43.25616,42.045479,43.0099182,4668129
2016-05-26,43.07148,43.091999,41.9634,42.066002,2600828
2016-05-27,42.12756,42.76368,42.066002,42.579,2296248
2016-05-31,42.66108,42.8868,42.18912,42.64056,3399074
2016-06-01,42.64056,43.030441,42.55848,42.96888,1708382
2016-06-02,43.0099182,44.58996,42.80472,44.34372,4807749
2016-06-03,44.15904,44.631,43.605,44.56944,6970760
2016-06-06,44.631,45.30816,44.56944,45.16452,5536501
2016-06-07,45.20556,45.39024,44.7336,44.79516,2055702
2016-06-08,44.87724,45.082439,44.076962,44.56944,2732505
2016-06-09,44.36424,44.5284,43.9128,44.3232,1697612
2016-06-10,43.83072,43.85124,43.11252,43.46136,2509649
2016-06-13,43.3998,44.0154,43.1946,43.46136,2520078
2016-06-14,43.15356,43.64604,43.11252,43.37928,2849561
2016-06-15,43.605,45.082439,43.5024,44.48736,4476608
2016-06-16,44.2206,44.7336,43.54344,44.61048,3610185
2016-06-17,44.61048,46.14948,44.61048,46.10844,5036111
2016-06-20,46.60092,47.77056,46.53936,47.52432,6271296
2016-06-21,47.48328,47.54484,46.70352,46.92924,4007310
2016-06-22,47.13444,47.58588,46.7856,46.92924,2609747
2016-06-23,47.54484,48.4272,47.2986,48.078362,5248197
2016-06-24,46.046879,46.8882,44.61048,44.8362,8209600
2016-06-27,44.38476,44.38476,42.80472,43.35876,6493421
2016-06-28,44.035919,44.50788,43.35876,44.15904,3747417
2016-06-29,44.75412,46.5804,44.75412,45.73908,5680312
2016-06-30,45.94428,46.25208,45.43128,46.23156,4422320
2016-07-01,46.33416,47.052361,46.33416,46.94976,1968713
2016-07-05,46.70352,46.82664,45.51336,45.92376,2250975
2016-07-06,45.7596,46.33416,45.49284,46.31364,2381335
2016-07-07,46.41624,47.21652,46.3752,46.86768,3424610
2016-07-08,47.46276,47.9142,47.33964,47.87316,1721394
2016-07-11,48.222,48.36564,47.95524,48.13992,1814181
2016-07-12,48.61188,49.12488,48.44772,48.75552,5553655
2016-07-13,48.71448,48.79656,47.64744,48.46824,3316618
2016-07-14,48.85812,49.06332,48.5298,48.65292,1434942
2016-07-15,48.38616,49.042801,48.13992,48.81708,1852827
2016-07-18,48.85812,49.3506,48.75552,49.22748,3150828
2016-07-19,48.5298,49.30956,48.28356,49.022282,3320224
2016-07-20,49.30956,49.57632,48.8376,49.248,3272856
2016-07-21,49.083839,50.13036,48.96072,49.18644,4259942
2016-07-22,49.18644,49.98672,48.96072,49.94568,3713548
2016-07-25,49.88412,50.10984,49.06332,49.12488,3072612
2016-07-26,49.042801,49.30956,48.87864,48.98124,4405214
2016-07-27,48.6324,48.8376,47.46276,47.54484,8082115
2016-07-28,47.38068,47.4012,46.41624,46.97028,5283236
2016-07-29,46.80612,47.64744,46.70352,47.58588,5408869
2016-08-01,47.5038,47.95524,47.23704,47.85264,2403314
2016-08-02,47.56536,47.97576,46.35468,46.92924,2429971
2016-08-03,46.72404,47.46276,46.29312,46.84716,3318470
2016-08-04,46.84716,47.44224,46.683,47.36016,2374756
2016-08-05,47.66796,48.30408,47.54484,48.1194,1965058
2016-08-08,48.222,49.20696,48.13992,48.87864,3835624
2016-08-09,48.75552,49.28904,48.40668,48.59136,6379971
2016-08-10,48.67344,48.9402,48.037319,48.34512,3879337
2016-08-11,48.57084,49.0017586,48.40668,48.55032,4978558
2016-08-12,48.36564,49.10436,48.28356,49.06332,3507456
2016-08-15,49.22748,49.51476,48.85812,49.49424,2933772
2016-08-16,49.43268,50.10984,49.20696,50.0072403,3383967
2016-08-17,49.8636,49.9662,49.51476,49.82256,7279483
2016-08-18,49.71996,49.94568,49.53528,49.5558,6605166
2016-08-19,49.3506,49.61736,49.22748,49.59684,2358187
2016-08-22,49.49424,49.69944,49.30956,49.5558,1300341
2016-08-23,49.6584,49.92516,49.49424,49.51476,1938548
2016-08-24,49.51476,49.88412,49.12488,49.59684,2204678
2016-08-25,49.49424,49.67892,49.22748,49.6584,1580214
2016-08-26,49.57632,49.90464,48.98124,49.28904,2453363
2016-08-29,49.26852,49.61736,49.20696,49.248,1917300
2016-08-30,49.37112,49.47372,48.57084,48.79656,4598635
2016-08-31,48.30408,49.20696,48.30408,48.98124,2733382
2016-09-01,49.37112,49.37112,48.4272,48.77604,4685673
2016-09-02,48.50928,49.1454,48.48876,48.71448,1457359
2016-09-06,48.71448,48.79656,48.13992,48.48876,1354045
2016-09-07,48.50928,48.75552,48.38616,48.5298,1443860
2016-09-08,48.44772,48.65292,47.93472,48.037319,1987232
2016-09-09,47.6064,47.79108,46.5804,46.64196,4347173
2016-09-12,46.2726,47.5038,46.17,47.2986,3783138
2016-09-13,46.80612,47.31912,46.74456,47.052361,2821637
2016-09-14,47.031841,47.66796,46.62144,47.46276,2957212
2016-09-15,47.27808,47.77056,47.27808,47.4012,2129483
2016-09-16,47.23704,47.56536,47.093399,47.25756,2340741
2016-09-19,47.44224,47.709,47.11392,47.23704,1670029
2016-09-20,47.46276,48.13992,47.42172,47.83212,2565302
2016-09-21,47.8116,47.89368,47.011318,47.83212,4356238
2016-09-22,48.057838,48.57084,48.0168,48.36564,2025195
2016-09-23,48.098881,48.6324,48.057838,48.4272,1511501
2016-09-26,47.99628,48.16044,47.031841,47.093399,3066423
2016-09-27,47.17548,47.5038,47.093399,47.31912,1780409
2016-09-28,47.48328,47.62692,46.66248,46.90872,6334211
2016-09-29,46.7856,47.4012,46.49832,46.82664,4898928
2016-09-30,46.8882,47.44224,46.7856,47.052361,2799464
2016-10-03,47.07288,47.38068,46.82664,46.94976,1738548
2016-10-04,47.15496,47.27808,46.62144,46.84716,3495565
2016-10-05,46.80612,47.031841,46.53936,46.66248,2435770
2016-10-06,46.683,46.82664,46.0058403,46.23156,3090692
2016-10-07,46.25208,46.51884,45.82116,46.02636,1582164
2016-10-10,46.29312,47.093399,46.23156,46.84716,3368129
2016-10-11,46.72404,46.84716,46.17,46.2726,3558187
2016-10-12,46.31364,46.80612,46.17,46.683,3019688
2016-10-13,46.12896,46.92924,45.63648,46.62144,3303119
2016-10-14,46.7856,47.36016,46.72404,46.97028,4657895
2016-10-17,46.80612,47.23704,46.64196,46.683,2450828
2016-10-18,47.11392,47.44224,46.84716,47.25756,2298002
2016-10-19,47.46276,47.87316,47.25756,47.4012,1922271
2016-10-20,47.4012,47.54484,46.84716,47.196,3499123
2016-10-21,46.9908,47.42172,46.683,47.011318,2714035
2016-10-24,48.26304,48.75552,46.9908,47.07288,9890984
2016-10-25,46.76508,47.011318,46.43676,46.64196,3552534
2016-10-26,45.36972,46.0058403,45.144,45.80064,7565497
2016-10-27,44.7336,45.88272,44.7336,45.657,5190448
2016-10-28,45.69804,46.0058403,45.32868,45.657,3663694
2016-10-31,46.3752,46.5804,46.10844,46.3752,5513158
2016-11-01,46.683,46.683,45.4518,46.046879,3070712
2016-11-02,46.046879,46.55988,45.69804,45.7596,3854435
2016-11-03,45.98532,46.683,45.657,45.71856,3421637
2016-11-04,45.67752,46.72404,45.67752,46.35468,4480263
2016-11-07,46.8882,47.07288,46.66248,47.011318,3188986
2016-11-08,46.29312,48.16044,46.02636,47.8116,4341423
2016-11-09,47.36016,48.69396,46.53936,48.44772,4268616
2016-11-10,48.40668,48.55032,47.93472,48.13992,10535575
2016-11-11,48.24252,48.69396,48.078362,48.65292,3630799
2016-11-14,48.81708,50.274,48.5298,49.90464,6655848
2016-11-15,49.90464,50.35608,49.78152,50.25348,3906140
2016-11-16,50.089321,50.82804,50.089321,50.3766,4199854
2016-11-17,50.3766,50.64336,49.92516,50.41764,5008528
2016-11-18,50.43816,50.56128,49.9662,50.10984,3329435
2016-11-21,50.33556,50.5818,50.1714,50.54076,3861062
2016-11-22,50.66388,51.033241,50.56128,50.9922,3022417
2016-11-23,50.97168,51.42312,50.62284,51.36156,3400926
2016-11-25,51.5052,52.2234,51.44364,51.93612,1087622
2016-11-28,51.64884,51.85404,50.8896,50.91012,5419396
2016-11-29,51.07428,51.56676,50.82804,50.91012,5103850
2016-11-30,50.8896,51.58728,50.56128,51.44364,5181579
2016-12-01,51.68988,52.079762,51.25896,51.73092,8746540
2016-12-02,51.62832,52.059238,51.52572,51.83352,4477290
2016-12-05,52.96212,53.63928,52.51068,53.53668,8980263
2016-12-06,53.70084,54.049679,53.37252,53.98812,7967593
2016-12-07,54.090721,55.97856,53.88552,55.48608,8609211
2016-12-08,55.5066,56.060638,53.74188,53.84448,5862232
2016-12-09,54.13176,55.055161,53.88552,54.41904,3599561
2016-12-12,53.98812,54.1728,52.79796,53.33148,6675049
2016-12-13,53.57772,54.25488,53.4546,54.13176,4144103
2016-12-14,54.23436,55.17828,53.9676,54.74736,7132943
2016-12-15,55.36296,56.20428,55.014118,56.040119,7545760
2016-12-16,56.18376,56.57364,55.77336,56.49156,8102242
2016-12-19,56.5326,57.18924,56.36844,56.8404,10293177
2016-12-20,56.96352,57.3534,56.69676,56.92248,6540741
2016-12-21,57.10716,57.3534,56.81988,56.90196,5141423
2016-12-22,56.98404,57.20976,56.1222,56.3274,3401462
2016-12-23,56.20428,56.43,56.0196,56.16324,1534990
2016-12-27,56.45052,56.65572,56.1222,56.28636,3147368
2016-12-28,56.47104,56.55312,55.44504,55.5066,5389474
2016-12-29,55.67076,55.99908,55.3014,55.917,1376170
2016-12-30,55.917,56.1222,55.46556,55.8144,2213255
2017-01-03,56.57364,56.67624,55.404,56.20428,3328021
2017-01-04,57.3,59.76,57.3,58.0,5614500
2017-01-05,58.060001,58.42,56.84,57.32,5122200
2017-01-06,57.18,57.56,56.23,57.47,3359000
2017-01-09,57.3,57.3,56.48,56.96,3921800
2017-01-10,56.96,57.0,55.78,56.02,3384700
2017-01-11,55.76,56.31,55.71,56.0,2781500
2017-01-12,56.11,56.3,55.0,55.4,7378600
2017-01-13,55.57,56.25,55.48,56.22,3058600
2017-01-17,56.32,56.32,55.68,56.09,2828900
2017-01-18,56.13,56.95,56.02,56.95,2854600
2017-01-19,57.49,57.91,57.28,57.5,4200900
2017-01-20,57.54,58.080002,57.54,57.7,2350500
2017-01-23,57.71,57.84,57.19,57.75,2315200
2017-01-24,58.0099983,58.3,57.71,58.099998,1857100
2017-01-25,58.099998,58.94,58.099998,58.78,1993100
2017-01-26,59.049999,59.27,58.68,58.75,2989000
2017-01-27,58.87,59.0,58.47,58.55,1336000
2017-01-30,58.24,58.38,57.63,58.040001,1719500
2017-01-31,57.77,57.96,57.57,57.58,2273900
2017-02-01,57.93,58.11,57.23,57.35,3689900
2017-02-02,57.53,57.69,57.13,57.3,2620000
2017-02-03,57.33,57.82,57.3,57.8,1353200
2017-02-06,57.56,58.23,57.39,57.72,1710400
2017-02-07,57.98,58.24,57.63,57.81,2061400
2017-02-08,57.72,58.43,57.47,58.26,1024900
2017-02-09,58.26,58.92,58.19,58.64,1476800
2017-02-10,58.84,58.84,58.48,58.69,1191000
2017-02-13,58.87,59.17,58.64,58.85,1915300
2017-02-14,58.79,58.91,58.42,58.47,2317300
2017-02-15,58.42,59.84,57.5,59.46,4716200
2017-02-16,59.54,60.49,59.14,59.24,3145300
2017-02-17,59.029999,59.029999,58.060001,58.5,2778200
2017-02-21,58.65,58.65,57.98,58.02,2058800
2017-02-22,57.87,58.14,57.6,57.85,2581000
2017-02-23,58.09,58.21,57.12,57.21,1614900
2017-02-24,57.32,58.0099983,57.18,57.78,1511300
2017-02-27,57.77,58.099998,57.41,58.02,1396000
2017-02-28,58.040001,58.18,57.049999,57.2,2634800
2017-03-01,57.89,58.19,57.52,57.7,2753700
2017-03-02,57.52,58.34,57.34,58.17,2835800
2017-03-03,57.72,57.79,56.47,57.75,3303400
2017-03-06,57.44,57.6,56.97,57.31,1804300
2017-03-07,57.22,57.22,56.3,56.64,2394200
2017-03-08,56.93,56.99,56.27,56.29,2710800
2017-03-09,56.31,56.61,55.79,55.84,1606800
2017-03-10,56.07,56.5,55.94,56.48,2443200
2017-03-13,56.5,57.52,56.42,57.51,1811900
2017-03-14,57.34,57.5,57.07,57.29,1818300
2017-03-15,57.45,58.37,57.38,58.15,1993500
2017-03-16,58.21,58.8,58.07,58.21,1580700
2017-03-17,58.59,58.65,57.84,57.92,1267500
2017-03-20,57.92,58.09,57.31,57.5,999800
2017-03-21,57.89,58.35,56.63,56.69,2149600
2017-03-22,56.62,57.83,56.39,57.7,1514500
2017-03-23,57.81,58.81,57.7,58.32,1996900
2017-03-24,58.37,58.79,58.040001,58.31,1066700
2017-03-27,57.96,58.029999,57.33,57.85,2572000
2017-03-28,57.92,59.099998,57.55,58.67,1871500
2017-03-29,58.44,58.96,58.35,58.61,1549100
2017-03-30,58.62,59.44,58.6,58.77,1965400
2017-03-31,58.66,59.18,58.36,58.46,2283900
2017-04-03,57.87,58.45,57.049999,57.62,3273200
2017-04-04,57.41,57.53,56.76,57.07,2188500
2017-04-05,57.31,57.69,56.69,56.75,2314200
2017-04-06,56.99,57.12,56.54,57.099998,1107200
2017-04-07,57.080002,57.080002,55.91,56.6,3066200
2017-04-10,57.35,57.55,56.88,57.18,2651000
2017-04-11,57.35,57.54,56.94,57.48,1369500
2017-04-12,57.62,57.63,57.16,57.42,1929600
2017-04-13,57.39,57.76,57.099998,57.11,2129200
2017-04-17,57.34,57.48,56.95,57.33,1965800
2017-04-18,57.099998,57.4,56.24,56.86,1730100
2017-04-19,57.17,57.36,56.66,56.92,1939800
2017-04-20,57.09,57.85,56.28,57.59,5217200
2017-04-21,57.64,57.64,57.15,57.35,1197800
2017-04-24,58.0,58.17,57.77,58.040001,2150700
2017-04-25,58.2,58.73,58.12,58.54,1330000
2017-04-26,58.38,61.02,58.28,60.6,4502400
2017-04-27,60.74,60.74,59.88,60.24,1695400
2017-04-28,60.36,60.37,58.41,58.97,3223000
2017-05-01,59.4,60.049999,58.9,59.32,2957200
2017-05-02,61.46,61.82,59.96,61.49,4208800
2017-05-03,61.45,61.87,60.76,61.0,2471700
2017-05-04,61.15,61.29,60.12,60.5,2316300
2017-05-05,60.68,61.12,60.67,61.07,2605500
2017-05-08,61.07,61.4,60.51,60.68,2005800
2017-05-09,61.8,63.41,61.64,62.33,3562100
2017-05-10,62.16,62.4,61.59,62.12,1954500
2017-05-11,61.8,62.36,61.51,62.21,1348800
2017-05-12,62.099998,62.31,61.85,62.099998,1163800
2017-05-15,62.24,62.75,62.11,62.62,2124900
2017-05-16,62.69,62.87,62.16,62.43,2114800
2017-05-17,61.82,61.88,61.02,61.3,1765200
2017-05-18,61.3,62.81,60.96,62.44,2239500
2017-05-19,62.8,64.050003,62.62,63.85,2605400
2017-05-22,63.78,65.32,63.67,65.25,3643600
2017-05-23,65.5,66.39,64.91,65.49,4021800
2017-05-24,65.77,66.29,65.099998,65.48,3024100
2017-05-25,65.76,66.11,65.13,65.13,2766600
2017-05-26,65.16,65.55,64.94,65.34,1445800
2017-05-30,65.26,65.7,65.13,65.54,1104500
2017-05-31,65.85,66.58,65.35,66.47,3402000
2017-06-01,66.71,67.5,66.32,66.64,2001900
2017-06-02,66.97,67.54,66.53,67.41,1590400
2017-06-05,67.67,67.79,66.97,66.99,1599200
2017-06-06,66.58,66.71,65.55,65.76,1999400
2017-06-07,65.76,66.27,65.42,66.15,2661200
2017-06-08,65.26,65.5,64.66,65.019997,8180400
2017-06-09,65.35,65.86,64.019997,64.75,7990900
2017-06-12,66.31,66.46,65.25,65.85,10162800
2017-06-13,66.14,66.69,66.019997,66.45,5087200
2017-06-14,66.62,66.86,65.88,66.25,7387200
2017-06-15,65.81,66.99,65.53,66.85,4511100
2017-06-16,67.27,67.29,66.4,66.41,33236400
2017-06-19,66.59,67.31,66.3,66.84,4391000
2017-06-20,67.040001,67.07,65.69,65.88,4031600
2017-06-21,66.3,66.35,65.28,65.6,3997000
2017-06-22,65.45,65.47,64.89,65.2,2623500
2017-06-23,65.099998,65.56,64.76,65.4,3110900
2017-06-26,65.38,65.55,64.98,65.23,1736200
2017-06-27,65.050003,65.099998,63.42,63.45,3272200
2017-06-28,63.8,64.07,63.17,63.36,2607000
2017-06-29,63.25,63.34,61.66,62.25,3666800
2017-06-30,62.65,62.91,61.82,61.85,3556000
2017-07-03,61.98,62.080002,61.3,61.31,1967400
2017-07-05,61.31,61.8,60.74,61.51,3681400
2017-07-06,61.02,61.54,60.62,61.080002,2926200
2017-07-07,61.21,62.0099983,61.02,61.76,4443300
2017-07-10,61.76,62.29,61.63,62.2,4126300
2017-07-11,61.89,62.61,61.82,62.46,5848800
2017-07-12,62.8,62.97,61.84,61.93,2444000
2017-07-13,62.040001,62.38,61.78,62.080002,1780200
2017-07-14,61.96,62.54,61.75,62.45,3466500
2017-07-17,62.4,62.88,62.18,62.62,1403100
2017-07-18,62.56,62.9,62.33,62.49,2219600
2017-07-19,62.44,62.65,62.09,62.12,1810300
2017-07-20,62.11,62.23,61.51,62.0099983,2172100
2017-07-21,61.88,62.49,61.84,62.47,1871200
2017-07-24,62.5,62.79,61.99,62.0099983,1923400
2017-07-25,62.32,63.13,61.72,63.080002,3711500
2017-07-26,63.9,64.66,62.029999,62.52,6574700
2017-07-27,62.83,62.83,61.75,62.56,2882500
2017-07-28,62.23,62.75,62.23,62.46,1184800
2017-07-31,62.81,62.87,62.29,62.53,2068100
2017-08-01,62.88,63.35,62.44,62.77,2659200
2017-08-02,62.69,63.58,61.28,61.98,2185900
2017-08-03,62.099998,62.65,62.0,62.13,1957400
2017-08-04,62.31,63.13,62.14,62.98,2891400
2017-08-07,63.34,63.87,63.02,63.77,3245100
2017-08-08,62.84,63.18,61.74,62.080002,2852100
2017-08-09,61.76,61.8,60.99,61.37,2983200
2017-08-10,60.99,61.41,60.65,61.0,2226600
2017-08-11,60.92,61.56,60.77,61.3,1682900
2017-08-14,61.87,61.94,61.32,61.75,2410300
2017-08-15,61.97,62.4,61.62,62.21,2022800
2017-08-16,62.3,62.76,62.099998,62.44,2149400
2017-08-17,62.029999,62.39,60.68,60.82,2701800
2017-08-18,60.72,61.53,60.54,61.060001,2654300
2017-08-21,61.21,61.9,61.099998,61.78,1689200
2017-08-22,61.88,63.37,61.8,63.32,1820200
2017-08-23,62.89,63.4,62.72,63.12,1286000
2017-08-24,63.47,63.72,62.84,62.91,1445800
2017-08-25,63.16,63.71,63.0099983,63.48,1365000
2017-08-28,63.72,63.77,62.92,63.17,1517800
2017-08-29,62.82,63.0,62.53,62.89,1795400
2017-08-30,62.93,64.8,62.81,64.32,2070500
2017-08-31,64.33,64.76,64.029999,64.33,2797900
2017-09-01,64.7,64.87,64.28,64.59,1273100
2017-09-05,64.42,64.46,62.9,63.6,2696600
2017-09-06,63.8,64.0,63.29,63.67,1495600
2017-09-07,63.88,64.17,63.53,63.89,1518000
2017-09-08,63.89,65.34,63.74,65.14,2551700
2017-09-11,65.67,66.3,65.59,65.95,2604400
2017-09-12,65.98,66.25,65.66,66.07,1213100
2017-09-13,65.87,66.86,65.83,66.68,1863500
2017-09-14,66.6,66.72,65.91,66.52,1726800
2017-09-15,66.46,66.89,66.07,66.63,2449200
2017-09-18,66.59,66.81,66.33,66.56,2207000
2017-09-19,66.56,67.07,66.21,66.89,1977200
2017-09-20,67.019997,67.36,66.64,67.040001,1440800
2017-09-21,66.99,67.52,66.82,67.34,1184600
2017-09-22,67.34,68.37,67.18,68.19,2072700
2017-09-25,68.19,69.35,67.98,68.71,2245600
2017-09-26,69.080002,69.52,68.8,69.5,2773200
2017-09-27,69.69,69.74,68.69,69.11,1930400
2017-09-28,69.029999,69.55,68.97,69.36,1485200
2017-09-29,68.95,69.45,68.44,69.45,7072200
2017-10-02,69.25,69.69,69.16,69.43,2902500
2017-10-03,69.49,69.51,68.72,68.86,2494000
2017-10-04,68.87,69.029999,68.6,68.91,1905900
2017-10-05,68.94,69.61,68.8,69.37,2302300
2017-10-06,69.36,69.7,69.2,69.48,1987600
2017-10-09,69.5,69.97,69.46,69.66,1358300
2017-10-10,69.8,69.97,69.51,69.92,1799700
2017-10-11,70.0,70.35,69.83,70.22,3004100
2017-10-12,70.15,70.5,69.84,70.38,2080900
2017-10-13,70.58,71.38,70.4,71.16,2326200
2017-10-16,71.089996,71.26,70.62,71.13,1904000
2017-10-17,71.040001,71.22,70.72,71.22,1549200
2017-10-18,71.54,71.54,70.88,71.059998,2171600
2017-10-19,70.95,71.12,70.33,71.099998,2170400
2017-10-20,71.37,71.41,70.52,71.040001,1726400
2017-10-23,71.27,71.27,70.39,70.42,1402300
2017-10-24,70.79,71.16,70.53,71.14,3208200
2017-10-25,71.16,71.41,70.81,71.32,2611800
2017-10-26,72.099998,72.93,70.9,72.48,3318400
2017-10-27,71.8,72.81,71.59,71.91,2916400
2017-10-30,71.76,72.82,71.7,72.65,2571500
2017-10-31,72.65,72.85,72.25,72.28,2688300
2017-11-01,72.93,73.080002,72.37,72.44,1871000
2017-11-02,72.97,73.31,71.89,72.44,1924600
2017-11-03,72.38,73.17,72.33,73.16,1653400
2017-11-06,72.59,73.45,72.59,73.39,1352500
2017-11-07,73.4,73.76,72.55,72.61,1809000
2017-11-08,72.67,73.45,72.36,72.9,1473500
2017-11-09,72.4,72.76,71.7,72.050003,2326400
2017-11-10,72.22,72.83,71.63,72.69,2117700
2017-11-13,72.45,72.72,72.25,72.62,1819800
2017-11-14,71.93,72.97,71.87,72.91,1810500
2017-11-15,72.53,73.68,72.19,73.38,2939000
2017-11-16,73.75,74.31,73.28,74.019997,1829100
2017-11-17,74.050003,74.44,73.96,74.11,2443900
2017-11-20,74.17,74.63,74.050003,74.31,1152800
2017-11-21,74.76,76.22,74.75,75.64,2922700
2017-11-22,75.71,76.13,75.19,75.68,1404200
2017-11-24,75.78,75.9,75.47,75.76,470400
2017-11-27,75.76,76.16,75.67,76.0,1407000
2017-11-28,76.050003,76.53,75.75,76.13,1887600
2017-11-29,76.13,76.9,76.029999,76.56,1874500
2017-11-30,76.57,77.79,76.13,77.56,2553700
2017-12-01,77.27,77.92,76.25,77.25,2164600
2017-12-04,78.029999,78.62,77.52,77.66,2348600
2017-12-05,77.7,78.31,77.61,77.63,1493500
2017-12-06,77.75,77.86,76.63,76.75,1435000
2017-12-07,76.83,77.39,76.6,77.28,2254400
2017-12-08,77.61,78.4,77.5,78.38,2142500
2017-12-11,78.16,78.3,77.25,77.47,1589800
2017-12-12,77.57,77.58,76.93,77.0,2246600
2017-12-13,77.22,77.62,76.74,76.75,2245600
2017-12-14,77.089996,77.089996,76.010002,76.019997,1739500
2017-12-15,76.44,77.37,76.28,77.089996,3694500
2017-12-18,77.49,78.57,77.38,78.089996,2275100
2017-12-19,78.39,78.46,77.63,77.81,1449000
2017-12-20,77.92,78.63,77.56,78.35,1327500
2017-12-21,78.49,79.95,78.49,79.37,2047100
2017-12-22,79.38,79.7,79.25,79.35,1415700
2017-12-26,79.4,79.96,79.26,79.37,909600
2017-12-27,79.46,80.38,79.32,80.15,939200
2017-12-28,80.18,80.54,80.0,80.45,828900
2017-12-29,80.79,80.94,79.84,79.86,1539700
2018-01-02,80.28,80.34,78.93,79.68,1701500
2018-01-03,79.81,80.9,79.62,80.85,1425600
2018-01-04,80.86,81.23,80.23,80.25,1548200
2018-01-05,80.24,80.24,78.91,79.29,2273600
2018-01-08,80.3,81.059998,79.53,80.94,2483100
2018-01-09,81.11,82.07,80.97,81.93,1354800
2018-01-10,81.66,82.11,81.39,81.65,1745500
2018-01-11,81.98,83.22,81.64,83.07,3886400
2018-01-12,83.25,84.71,83.099998,83.95,1870000
2018-01-16,84.57,84.99,82.98,83.4,1530600
2018-01-17,82.9,84.51,82.9,84.029999,1440300
2018-01-18,84.18,84.82,83.91,83.95,1314400
2018-01-19,84.64,86.050003,84.48,85.49,2206800
2018-01-22,85.42,85.79,85.019997,85.77,1541400
2018-01-23,85.69,86.98,85.57,86.53,1632600
2018-01-24,86.8,86.99,85.13,85.79,2134200
2018-01-25,86.040001,86.75,85.4,86.63,1467800
2018-01-26,86.94,87.69,86.33,87.69,944700
2018-01-29,87.44,88.11,87.029999,87.28,1599100
2018-01-30,86.5,87.43,86.36,86.41,1678600
2018-01-31,86.52,87.0,85.63,85.65,1857400
2018-02-01,85.33,86.29,85.099998,85.76,2139900
2018-02-02,85.55,85.8,82.31,82.65,2718400
2018-02-05,82.13,83.010002,79.82,79.91,2386200
2018-02-06,78.58,80.97,77.78,80.69,4634700
2018-02-07,80.99,83.28,80.54,82.019997,3526600
2018-02-08,81.95,82.37,78.64,78.66,5065800
2018-02-09,79.23,81.23,77.56,80.43,3239100
2018-02-12,80.91,82.16,80.59,81.82,2435900
2018-02-13,81.74,83.57,81.66,83.21,2515600
2018-02-14,82.12,87.11,82.010002,85.97,3946800
2018-02-15,86.089996,86.31,84.33,84.56,3023900
2018-02-16,84.46,84.72,83.26,83.27,2543100
2018-02-20,82.73,84.7,82.73,84.31,1977800
2018-02-21,84.43,86.44,84.26,84.29,1772100
2018-02-22,84.74,84.9,83.12,83.38,1863500
2018-02-23,83.75,83.97,83.080002,83.81,1565700
2018-02-26,84.029999,84.29,82.13,82.14,2888400
2018-02-27,82.36,82.62,79.81,79.84,3865900
2018-02-28,80.4,82.080002,79.78,80.79,4025700
2018-03-01,80.51,80.66,78.79,79.35,2515200
2018-03-02,78.73,79.12,77.23,78.9,2814000
2018-03-05,78.29,78.69,77.080002,78.22,2719000
2018-03-06,78.62,79.37,78.41,78.94,2230600
2018-03-07,78.25,79.32,78.13,79.2,1459500
2018-03-08,79.53,79.89,79.0,79.21,2322800
2018-03-09,80.010002,81.8,79.71,81.47,2912800
2018-03-12,81.52,81.71,80.69,81.13,1836800
2018-03-13,81.42,81.82,81.059998,81.25,1641600
2018-03-14,81.47,81.54,81.050003,81.24,1594300
2018-03-15,81.4,82.25,81.050003,81.89,2285800
2018-03-16,82.0,82.54,81.44,81.51,2204400
2018-03-19,81.31,81.76,80.88,81.3,2027200
2018-03-20,81.61,82.13,81.27,81.35,1028300
2018-03-21,81.3,82.22,81.19,81.84,1233200
2018-03-22,81.25,81.6,80.41,80.44,3031600
2018-03-23,80.49,80.56,78.059998,78.17,1682800
2018-03-26,79.040001,80.080002,78.45,79.98,1278200
2018-03-27,80.16,80.55,78.48,78.79,1585700
2018-03-28,78.74,78.96,77.79,78.31,2199000
2018-03-29,78.77,79.53,78.47,78.76,2481600
2018-04-02,78.72,79.040001,75.66,77.07,2722000
2018-04-03,77.5,77.94,76.61,77.53,2575600
2018-04-04,76.37,78.33,76.33,78.029999,3074700
2018-04-05,77.23,79.37,75.95,79.040001,6840100
2018-04-06,78.69,79.29,76.68,77.51,3295400
2018-04-09,76.84,79.49,76.0,76.15,7557400
2018-04-10,76.74,76.79,74.61,75.010002,11745800
2018-04-11,77.39,80.35,77.040001,79.61,52096400
2018-04-12,80.39,80.94,79.34,79.95,10665700
2018-04-13,80.49,81.33,78.25,79.61,14439600
2018-04-16,80.089996,80.67,79.6,80.53,4265300
2018-04-17,81.45,82.41,80.69,81.16,3876700
2018-04-18,81.67,82.99,81.53,82.18,3523800
2018-04-19,82.0,82.8,81.69,81.98,2552100
2018-04-20,82.050003,82.67,81.66,82.33,2257600
2018-04-23,82.28,82.53,81.82,82.089996,1795400
2018-04-24,82.6,83.12,80.88,82.040001,4170200
2018-04-25,81.72,82.35,81.35,81.83,2865400
2018-04-26,81.93,82.79,80.48,81.93,5691200
2018-04-27,82.35,82.57,79.99,80.17,4380100
2018-04-30,80.3,80.74,78.79,78.84,3476400
2018-05-01,78.76,80.31,78.66,80.24,3243800
2018-05-02,79.96,80.66,79.26,79.45,2916700
2018-05-03,79.24,80.18,78.44,79.87,3083100
2018-05-04,79.6,81.52,79.080002,81.16,2639600
2018-05-07,81.6,81.6,80.85,81.35,2087600
2018-05-08,81.47,82.65,80.92,82.43,3219600
2018-05-09,82.97,83.2,81.61,82.85,2410400
2018-05-10,83.16,83.23,82.31,82.76,2207800
2018-05-11,82.83,83.74,82.47,83.51,1750400
2018-05-14,83.49,83.73,82.73,82.97,2590500
2018-05-15,82.82,83.25,82.59,83.019997,1908600
2018-05-16,83.12,84.42,82.63,84.2,2379200
2018-05-17,84.39,84.4,83.13,83.3,1309300
2018-05-18,83.63,84.68,82.4,83.84,8072300
2018-05-21,84.46,84.58,83.24,83.92,2129700
2018-05-22,84.089996,84.25,82.62,82.76,1645200
2018-05-23,82.69,82.8,81.99,82.33,2283800
2018-05-24,82.48,82.94,81.99,82.029999,2888700
2018-05-25,81.85,82.39,81.43,81.83,1892700
2018-05-29,80.97,81.57,80.010002,80.33,2184800
2018-05-30,80.85,82.029999,80.85,81.73,2049800
2018-05-31,81.6,81.64,80.57,80.71,2874200
2018-06-01,81.089996,83.11,81.089996,82.65,2495200
2018-06-04,83.18,83.31,82.28,83.19,1716200
2018-06-05,82.9,83.83,82.72,83.07,1911400
2018-06-06,83.040001,84.73,82.88,84.68,3572900
2018-06-07,84.88,84.88,83.7,84.17,1772700
2018-06-08,84.089996,84.41,83.4,84.14,1677800
2018-06-11,84.23,84.5,83.8,83.99,1792300
2018-06-12,84.5,84.88,82.67,83.81,3559300
2018-06-13,84.0,84.029999,82.32,82.73,3605200
2018-06-14,83.12,83.44,82.73,82.93,2126300
2018-06-15,82.75,84.019997,82.33,83.84,2953200
2018-06-18,83.089996,84.42,83.089996,84.33,1854400
2018-06-19,83.68,83.84,82.050003,82.98,2104500
2018-06-20,83.19,83.92,81.98,82.010002,3178800
2018-06-21,81.92,82.31,80.78,81.019997,3822800
2018-06-22,81.62,81.72,80.53,80.87,2755900
2018-06-25,80.059998,80.55,78.68,79.27,3203000
2018-06-26,79.29,79.72,78.95,79.19,3457300
2018-06-27,79.55,79.9,78.2,78.26,3220400
2018-06-28,78.12,78.25,76.79,78.25,5142900
2018-06-29,78.38,79.99,78.13,79.16,3544900
2018-07-02,78.49,79.31,77.52,79.3,3065800
2018-07-03,79.42,79.82,79.010002,79.45,1719600
2018-07-05,79.65,79.94,78.85,79.69,3350600
2018-07-06,79.53,81.0,79.4,80.56,2278500
2018-07-09,81.010002,81.68,80.56,80.94,2949900
2018-07-10,80.94,82.29,80.88,81.28,2915100
2018-07-11,80.5,81.0,80.019997,80.61,3803800
2018-07-12,81.0,81.13,80.35,81.0,3367900
2018-07-13,80.99,81.16,80.67,80.97,2124700
2018-07-16,81.18,81.18,79.79,80.080002,2285600
2018-07-17,80.22,81.17,79.8,81.07,3353300
2018-07-18,81.21,83.25,81.21,82.96,5303800
2018-07-19,83.0,83.49,81.97,82.14,2773400
2018-07-20,81.95,82.71,81.58,81.96,2435600
2018-07-23,82.0,82.26,81.54,81.61,3686800
2018-07-24,81.65,81.84,79.68,80.49,4260700
2018-07-25,80.07,80.55,77.64,80.37,5891600
2018-07-26,79.92,80.69,79.27,79.61,2774500
2018-07-27,79.91,80.21,78.19,78.45,2683400
2018-07-30,78.13,78.6,77.07,77.28,3132200
2018-07-31,77.42,78.83,77.41,78.66,2744000
2018-08-01,79.2,79.47,78.23,78.54,2667200
2018-08-02,77.86,78.44,77.12,78.44,3687600
2018-08-03,78.48,78.59,77.88,78.18,1969100
2018-08-06,78.059998,78.26,77.57,78.13,3835100
2018-08-07,77.66,78.11,76.94,77.6,3777900
2018-08-08,77.66,78.099998,76.17,76.89,2935100
2018-08-09,76.84,77.080002,75.97,76.15,3906400
2018-08-10,76.089996,76.42,75.39,75.65,3268300
2018-08-13,75.64,76.080002,74.84,75.31,3066500
2018-08-14,75.62,76.74,75.040001,76.54,2763700
2018-08-15,75.92,76.39,75.49,76.22,2919400
2018-08-16,76.92,77.92,76.58,77.24,3373600
2018-08-17,76.53,77.3,75.97,77.2,1964800
2018-08-20,77.19,77.54,76.12,76.29,2430700
2018-08-21,76.22,77.25,76.22,76.73,2324900
2018-08-22,76.54,77.41,76.38,77.2,2540500
2018-08-23,77.22,77.42,76.5,76.77,3009600
2018-08-24,76.77,77.6,76.77,77.11,2149200
2018-08-27,77.64,78.16,77.47,77.76,1865300
2018-08-28,77.93,78.010002,77.17,77.47,1241700
2018-08-29,77.55,78.36,77.38,78.18,1831600
2018-08-30,78.18,78.19,77.27,77.58,1398100
2018-08-31,77.34,78.040001,77.34,77.62,2496900
2018-09-04,77.63,77.7,76.67,77.16,1887000
2018-09-05,76.84,76.97,75.68,75.72,3076600
2018-09-06,75.9,76.24,75.16,75.69,4244200
2018-09-07,75.39,76.62,75.39,76.44,2974000
2018-09-10,76.79,77.029999,76.16,76.59,2029700
2018-09-11,76.29,77.46,76.24,77.41,2774900
2018-09-12,77.25,78.07,77.059998,77.96,3110900
2018-09-13,78.43,79.92,78.36,78.94,3745600
2018-09-14,79.050003,80.22,79.040001,80.059998,3229500
2018-09-17,80.17,80.25,79.050003,79.099998,3395000
2018-09-18,79.2,79.64,78.95,79.39,2703400
2018-09-19,79.52,80.54,79.52,80.43,2327500
2018-09-20,80.66,81.34,80.17,81.080002,3516900
2018-09-21,81.55,82.0,80.82,80.96,6804400
2018-09-24,80.69,80.72,79.55,80.16,2265300
2018-09-25,80.4,80.51,79.87,80.11,2533300
2018-09-26,80.28,81.099998,79.92,80.66,2168200
2018-09-27,80.37,82.18,80.33,82.040001,2654100
2018-09-28,81.77,81.81,80.69,80.78,4263000
2018-10-01,81.34,81.34,78.38,78.39,4116900
2018-10-02,78.33,78.89,77.050003,77.080002,4398400
2018-10-03,77.39,77.57,76.5,76.55,4619600
2018-10-04,76.57,76.76,74.57,75.41,4779400
2018-10-05,75.46,75.79,73.52,74.38,3622200
2018-10-08,74.23,75.029999,73.62,74.95,5211700
2018-10-09,75.0,75.66,74.78,75.23,6063700
2018-10-10,74.66,75.2,73.3,73.4,7380600
2018-10-11,73.2,73.54,72.07,73.099998,5937600
2018-10-12,74.24,74.35,72.72,73.62,3676400
2018-10-15,73.34,73.61,72.97,72.99,2994000
2018-10-16,73.55,74.69,73.010002,74.63,1927400
2018-10-17,74.48,74.96,73.69,74.52,1777700
2018-10-18,74.53,74.53,71.94,72.050003,3723200
2018-10-19,71.8,72.010002,70.5,70.66,7482000
2018-10-22,70.62,70.97,70.019997,70.16,4126100
2018-10-23,68.87,69.45,66.87,68.87,8984600
2018-10-24,69.18,70.63,63.76,63.82,13473000
2018-10-25,66.75,68.22,66.010002,67.55,11014300
2018-10-26,67.17,69.58,66.36,68.27,5634300
2018-10-29,68.92,70.019997,67.68,68.6,6077500
2018-10-30,68.6,69.63,67.86,68.7,3200500
2018-10-31,69.93,72.42,69.69,71.17,5039300
2018-11-01,71.48,72.96,71.23,72.65,3044300
2018-11-02,73.16,74.12,72.13,72.82,2982300
2018-11-05,72.48,72.65,71.76,72.4,2633100
2018-11-06,71.31,71.75,69.55,70.59,3991600
2018-11-07,71.13,72.99,71.050003,72.97,2263300
2018-11-08,72.49,72.76,71.54,72.019997,2369400
2018-11-09,71.71,72.14,70.76,71.16,3249400
2018-11-12,71.16,71.4,70.040001,70.19,4186300
2018-11-13,70.66,71.8,70.22,70.86,2346600
2018-11-14,71.56,72.28,70.79,71.080002,3790700
2018-11-15,70.53,72.99,70.35,72.89,4069800
2018-11-16,72.32,73.34,72.2,73.040001,4737900
2018-11-19,72.93,73.18,70.63,71.2,4401500
2018-11-20,70.17,71.8,69.81,71.49,5740100
2018-11-21,71.97,73.27,71.57,72.57,2499500
2018-11-23,72.2,73.45,72.2,73.12,1095300
2018-11-26,73.86,75.24,73.78,75.089996,3508400
2018-11-27,74.52,75.88,74.52,75.17,5549600
2018-11-28,75.25,77.080002,75.010002,76.95,4285900
2018-11-29,76.83,76.99,75.84,76.46,1970300
2018-11-30,75.75,76.37,74.69,75.54,4767500
2018-12-03,76.99,78.17,76.65,77.97,2836500
2018-12-04,77.58,77.8,74.89,75.15,4194200
2018-12-06,73.67,75.63,73.31,75.59,2342900
2018-12-07,75.24,75.94,72.38,72.86,3067700
2018-12-10,73.010002,73.73,71.5,72.67,3278000
2018-12-11,74.11,74.42,71.99,72.4,3296400
2018-12-12,73.39,74.56,72.71,72.78,2004500
2018-12-13,73.23,73.32,72.059998,72.22,1785200
2018-12-14,71.44,73.010002,71.44,71.86,2524300
2018-12-17,71.75,72.99,69.86,70.27,4462400
2018-12-18,70.79,71.44,70.080002,70.49,2402000
2018-12-19,70.76,72.11,68.94,69.66,4020800
2018-12-20,68.58,69.080002,66.52,67.5,4862900
2018-12-21,67.89,68.53,65.75,66.47,5417300
2018-12-24,66.059998,67.8,65.64,66.51,2015800
2018-12-26,66.79,69.58,66.28,69.51,2606200
2018-12-27,68.62,70.35,67.78,70.33,2203300
2018-12-28,70.92,71.82,70.38,70.95,2165800
2018-12-31,71.41,72.040001,70.77,71.8,2138700
2019-01-02,70.69,71.44,70.15,70.94,3629500
2019-01-03,70.45,70.62,67.18,67.3,5629200
2019-01-04,68.41,70.050003,68.25,69.94,4110700
2019-01-07,69.7,71.36,69.12,70.74,3171200
2019-01-08,71.76,72.13,70.83,71.86,6213000
2019-01-09,71.91,72.34,70.92,71.040001,1760900
2019-01-10,70.5,72.51,70.23,72.07,2409600
2019-01-11,71.49,72.21,71.25,71.89,2191200
2019-01-14,71.4,71.76,70.59,70.99,2943300
2019-01-15,71.19,72.51,70.96,72.5,2376300
2019-01-16,72.72,73.2,72.010002,72.040001,3326000
2019-01-17,71.61,72.44,71.41,72.0,2579300
2019-01-18,72.51,73.31,72.19,73.080002,2561400
2019-01-22,72.72,73.11,70.74,71.010002,3260500
2019-01-23,71.35,71.86,70.16,70.73,3359500
2019-01-24,70.85,71.24,70.31,71.059998,2560200
2019-01-25,71.81,72.059998,70.89,71.76,3155900
2019-01-28,71.2,72.99,71.2,72.31,1919500
2019-01-29,72.3,73.27,71.79,73.15,1766200
2019-01-30,73.64,74.66,73.34,74.13,3939200
2019-01-31,74.14,75.19,73.81,74.48,2533900
2019-02-01,74.41,75.040001,73.95,74.42,3478200
2019-02-04,74.5,74.94,74.14,74.73,3136600
2019-02-05,74.8,75.16,74.42,74.62,2088800
2019-02-06,74.63,75.75,74.63,75.57,2061400
2019-02-07,74.79,75.010002,73.5,74.68,2444900
2019-02-08,74.07,74.72,73.48,73.91,2723500
2019-02-11,74.11,75.080002,74.080002,74.4,3526900
2019-02-12,74.66,75.23,73.93,74.32,3117400
2019-02-13,77.6,79.71,77.24,79.37,5722900
2019-02-14,79.68,80.27,78.59,80.16,3729900
2019-02-15,81.0,82.14,80.75,81.75,3387400
2019-02-19,81.13,82.18,80.93,81.39,3863800
2019-02-20,81.86,83.48,81.089996,83.34,4124100
2019-02-21,83.23,83.78,82.39,83.25,2199600
2019-02-22,83.52,85.37,83.22,85.029999,2639200
2019-02-25,85.65,85.87,83.42,83.55,2244800
2019-02-26,83.56,84.84,83.34,83.49,2368600
2019-02-27,83.15,83.83,83.029999,83.49,2241400
2019-02-28,82.93,83.55,82.76,83.099998,1796800
2019-03-01,83.93,84.35,83.21,83.78,1972000
2019-03-04,84.28,84.4,82.49,83.38,2265100
2019-03-05,83.61,84.14,83.14,84.010002,1773500
2019-03-06,84.13,84.49,83.68,83.96,1713400
2019-03-07,83.63,83.77,82.3,82.92,2269500
2019-03-08,82.27,82.59,81.66,82.45,1970000
2019-03-11,82.77,82.98,82.11,82.8,2246300
2019-03-12,83.13,83.6,82.35,83.41,2266900
2019-03-13,83.82,84.73,83.43,83.67,2345300
2019-03-14,84.51,85.07,83.76,85.0,2363100
2019-03-15,85.0,86.080002,84.99,85.76,3775200
2019-03-18,86.13,87.089996,85.89,86.21,1983500
2019-03-19,86.4,86.9,85.57,85.7,1433000
2019-03-20,85.77,85.77,84.34,84.92,2879700
2019-03-21,84.49,85.82,84.37,85.79,2076200
2019-03-22,85.37,85.58,84.23,84.57,3209500
2019-03-25,84.65,84.72,83.64,84.019997,1488500
2019-03-26,84.16,84.16,82.89,83.5,3342400
2019-03-27,83.5,83.81,81.72,82.45,3627200
2019-03-28,82.6,83.38,82.54,83.21,1965800
2019-03-29,82.92,83.85,82.88,83.11,2857100
2019-04-01,83.94,84.87,83.53,84.15,3434400
2019-04-02,84.099998,85.22,83.86,85.040001,3389100
2019-04-03,85.62,87.029999,85.33,86.79,2853800
2019-04-04,87.16,87.64,86.82,87.31,2016100
2019-04-05,87.45,88.089996,87.2,87.44,2618400
2019-04-08,87.73,88.25,87.089996,88.18,1561400
2019-04-09,87.86,88.13,86.93,87.099998,2480400
2019-04-10,87.19,88.089996,87.050003,87.99,1039600
2019-04-11,88.28,88.69,87.96,88.53,1696600
2019-04-12,88.9,89.34,88.24,88.73,1337400
2019-04-15,88.93,89.010002,87.74,88.17,1371900
2019-04-16,88.39,88.62,88.089996,88.15,1619400
2019-04-17,88.51,88.75,87.7,87.76,2058900
2019-04-18,87.68,87.72,86.010002,87.23,1717600
2019-04-22,86.75,88.040001,86.34,87.91,2225000
2019-04-23,87.87,88.53,87.54,87.91,2799300
2019-04-24,87.12,88.0,86.85,87.5,3268700
2019-04-25,87.33,88.050003,87.22,87.63,1156000
2019-04-26,87.94,88.51,87.44,88.010002,2292300
2019-04-29,88.46,88.46,87.12,87.25,3069400
2019-04-30,87.51,87.92,86.6,86.99,4313400
2019-05-01,90.86,93.72,90.23,92.6,5930600
2019-05-02,92.45,92.73,90.48,91.23,2553900
2019-05-03,91.62,93.46,91.43,93.33,2559100
2019-05-06,91.29,92.68,91.019997,92.3,2378800
2019-05-07,91.34,92.029999,89.94,90.49,1894000
2019-05-08,90.18,91.07,89.94,90.7,2273000
2019-05-09,90.040001,91.44,89.76,91.14,1773700
2019-05-10,90.38,91.88,89.72,91.53,1782300
2019-05-13,89.99,90.23,88.9,89.37,1929200
2019-05-14,89.94,92.37,89.94,91.74,2260200
2019-05-15,91.5,94.0,91.089996,93.65,2264700
2019-05-16,93.82,94.64,93.66,94.050003,1600700
2019-05-17,92.78,93.44,92.62,92.93,1710200
2019-05-20,92.12,92.3,91.099998,91.47,2462800
2019-05-21,92.12,92.56,91.98,92.11,2499700
2019-05-22,91.54,92.59,91.54,92.019997,1380700
2019-05-23,91.37,92.51,90.45,90.66,5317800
2019-05-24,91.19,91.56,89.48,89.91,2685200
2019-05-28,90.32,90.5,89.059998,89.2,1923800
2019-05-29,89.0,89.099998,87.96,88.91,2052100
2019-05-30,89.21,90.5,89.14,89.66,1598100
2019-05-31,88.8,90.12,88.43,89.44,1954200
2019-06-03,89.15,89.5,87.91,88.43,2651300
2019-06-04,89.48,90.34,88.92,90.32,2278200
2019-06-05,90.46,90.99,89.62,90.0,1777200
2019-06-06,90.27,91.080002,90.17,91.0,1376200
2019-06-07,91.39,93.38,91.39,92.51,1783000
2019-06-10,92.92,94.18,92.84,93.029999,1845300
2019-06-11,93.84,94.82,93.19,93.93,1108700
2019-06-12,93.99,94.65,93.24,93.35,894500
2019-06-13,93.56,93.76,92.65,93.029999,1124100
2019-06-14,92.94,93.62,92.41,93.42,887000
2019-06-17,93.31,93.67,92.71,93.21,950400
2019-06-18,93.82,95.29,93.54,95.099998,1642200
2019-06-19,94.9,96.059998,94.56,95.76,1561900
2019-06-20,95.71,97.099998,95.57,96.87,2170700
2019-06-21,96.56,97.029999,96.080002,96.14,2108000
2019-06-24,96.3,96.44,95.080002,95.51,1289100
2019-06-25,95.5,95.78,93.010002,93.25,2320900
2019-06-26,93.69,94.87,93.26,94.52,1636600
2019-06-27,94.88,96.88,94.72,96.53,1568500
2019-06-28,96.66,97.74,96.56,97.74,3600300
2019-07-01,99.0,99.34,98.12,99.3,2954100
2019-07-02,99.3,100.44,98.67,100.39,2873200
2019-07-03,100.53,101.14,100.16,100.64,1150700
2019-07-05,100.32,100.66,99.59,100.6,1203200
2019-07-08,100.27,100.43,99.3,100.19,1782000
2019-07-09,99.040001,99.42,98.51,99.0,2068100
2019-07-10,99.27,99.52,98.18,99.19,2222200
2019-07-11,99.26,100.84,98.8,100.7,1477200
2019-07-12,99.3,100.73,99.07,99.54,2715700
2019-07-15,99.69,99.69,98.81,99.2,1975500
2019-07-16,98.95,100.0,98.69,99.88,3338700
2019-07-17,99.62,99.9,97.63,97.77,1847900
2019-07-18,97.58,97.63,96.43,97.099998,1670700
2019-07-19,96.78,96.89,94.48,94.53,3074300
2019-07-22,94.76,94.86,92.75,93.24,3080700
2019-07-23,93.58,95.26,93.14,95.12,3851400
2019-07-24,95.6,96.21,92.49,95.31,2982600
2019-07-25,94.49,96.89,94.49,96.4,2059300
2019-07-26,97.19,97.47,96.34,97.21,1914900
2019-07-29,97.25,97.81,97.16,97.4,1868500
2019-07-30,97.050003,97.62,96.76,97.31,984300
2019-07-31,97.35,97.93,95.67,96.55,2279400
2019-08-01,96.44,97.28,94.83,95.25,1874000
2019-08-02,94.94,95.32,93.6,93.91,1756000
2019-08-05,92.19,92.27,90.19,91.35,3022500
2019-08-06,91.82,93.42,91.019997,92.56,3267600
2019-08-07,91.3,93.79,90.73,93.4,2550000
2019-08-08,93.53,95.91,93.52,95.77,1947000
2019-08-09,95.51,96.080002,94.54,95.58,1459500
2019-08-12,95.0,95.26,93.64,93.88,958400
2019-08-13,93.82,96.31,93.66,95.26,1970800
2019-08-14,93.86,93.96,91.16,92.010002,2561500
2019-08-15,92.34,92.82,90.95,91.61,2171300
2019-08-16,92.5,93.42,92.2,93.010002,1433900
2019-08-19,94.41,94.87,93.45,93.46,1057000
2019-08-20,93.22,93.74,92.6,92.73,2397500
2019-08-21,93.6,93.6,91.27,91.62,1750300
2019-08-22,92.019997,92.8,91.34,92.41,1616900
2019-08-23,92.15,93.19,90.63,91.080002,2188000
2019-08-26,91.9,92.050003,90.82,91.65,1336300
2019-08-27,92.23,92.35,90.96,91.13,2376900
2019-08-28,91.0,92.14,90.61,91.91,1171700
2019-08-29,92.72,93.56,92.46,92.54,945500
2019-08-30,93.23,93.68,92.07,92.37,1165000
2019-09-03,91.16,91.67,90.72,91.31,1507600
2019-09-04,92.029999,92.57,91.81,92.3,997600
2019-09-05,93.22,93.82,92.9,93.47,1075200
2019-09-06,93.4,94.24,93.23,93.74,1061600
2019-09-09,93.97,94.11,92.050003,92.53,1375800
2019-09-10,91.76,93.59,90.91,93.58,1880200
2019-09-11,94.14,95.61,93.61,95.18,2139900
2019-09-12,95.46,96.14,94.65,94.77,1365800
2019-09-13,95.29,97.49,94.89,96.050003,1567400
2019-09-16,95.059998,95.099998,93.35,93.66,1896100
2019-09-17,93.63,95.77,93.63,94.86,944300
2019-09-18,94.5,95.42,94.28,95.35,1010400
2019-09-19,95.74,96.040001,95.45,95.78,1185100
2019-09-20,95.96,96.23,95.019997,95.22,3093500
2019-09-23,94.88,95.74,94.23,94.25,1456200
2019-09-24,94.65,94.69,91.88,92.22,2320900
2019-09-25,92.050003,93.2,91.52,92.77,1191600
2019-09-26,92.45,92.84,91.31,92.010002,1658800
2019-09-27,92.54,92.94,90.98,91.45,1349500
2019-09-30,91.8,93.16,91.059998,93.11,2007400
2019-10-01,93.45,94.34,92.07,92.15,2008900
2019-10-02,91.62,91.71,90.6,90.94,1962900
2019-10-03,91.13,92.050003,90.64,91.99,1827500
2019-10-04,92.3,93.77,92.07,93.35,1606300
2019-10-07,93.029999,93.12,90.95,91.0,2088300
2019-10-08,90.19,91.7,88.97,90.7,2141400
2019-10-09,91.47,91.76,90.59,91.5,1680600
2019-10-10,91.39,92.97,91.3,91.55,1953200
2019-10-11,92.96,94.66,92.96,93.43,2760900
2019-10-14,93.010002,93.12,91.0,91.53,1274700
2019-10-15,91.61,92.4,90.81,91.66,1664900
2019-10-16,91.79,92.65,91.62,92.2,1098100
2019-10-17,92.42,94.79,91.83,92.2,1687900
2019-10-18,90.89,91.74,90.5,91.15,2708700
2019-10-21,91.76,92.43,91.52,92.39,1743700
2019-10-22,92.25,92.7,90.73,90.73,2205800
2019-10-23,91.5,95.95,89.85,95.77,4029200
2019-10-24,95.56,97.36,94.81,96.91,2809600
2019-10-25,96.73,98.62,96.49,97.69,1542400
2019-10-28,97.87,98.54,96.36,97.19,1267100
2019-10-29,97.099998,97.81,96.55,97.31,1067300
2019-10-30,97.35,97.35,95.89,97.32,1087000
2019-10-31,96.9,97.63,96.54,96.96,1498400
2019-11-01,97.85,98.5,96.15,96.31,1714400
2019-11-04,96.81,98.69,96.45,97.99,1311800
2019-11-05,97.8,100.47,97.37,100.15,1703200
2019-11-06,100.44,100.44,99.13,99.57,1135200
2019-11-07,100.0,100.73,98.6,98.93,1261800
2019-11-08,98.62,99.099998,97.86,99.089996,938800
2019-11-11,98.26,98.88,97.85,98.13,861900
2019-11-12,98.29,99.34,97.95,98.089996,856600
2019-11-13,97.85,98.089996,96.78,97.76,2305000
2019-11-14,97.9,99.0,97.5,98.85,970300
2019-11-15,99.49,100.5,99.17,99.69,2089900
2019-11-18,99.52,100.52,99.52,100.17,1613700
2019-11-19,100.58,100.82,100.11,100.21,833300
2019-11-20,99.61,100.11,98.7,99.26,983400
2019-11-21,98.92,99.51,98.26,99.080002,954900
2019-11-22,99.45,101.47,99.12,101.22,2138800
2019-11-25,101.86,103.49,101.85,103.089996,1799000
2019-11-26,103.2,105.42,102.85,105.32,1955800
2019-11-27,105.56,106.42,105.040001,106.37,1656600
2019-11-29,105.82,106.25,104.77,105.0,764600
2019-12-02,105.059998,105.080002,103.75,104.75,1781500
2019-12-03,103.26,104.18,102.76,103.95,1449600
2019-12-04,104.099998,104.77,103.86,104.18,1114200
2019-12-05,104.62,105.3,104.28,104.91,1096800
2019-12-06,105.86,106.25,105.31,105.47,1026000
2019-12-09,105.6,106.11,104.75,104.75,1404600
2019-12-10,104.92,105.58,104.52,104.7,1329100
2019-12-11,105.11,105.95,104.8,105.7,1453700
2019-12-12,105.67,107.23,105.37,106.52,1421800
2019-12-13,106.54,107.44,106.17,107.2,1286600
2019-12-16,108.040001,109.3,107.7,108.48,2516700
2019-12-17,108.32,108.9,107.74,108.8,2109000
2019-12-18,109.040001,109.66,108.51,109.25,2524300
2019-12-19,109.27,110.67,109.15,110.34,1935700
2019-12-20,111.18,111.72,110.31,111.42,3343700
2019-12-23,111.059998,111.68,111.040001,111.28,1495800
2019-12-24,111.43,111.92,111.080002,111.37,436700
2019-12-26,111.43,111.98,111.3,111.94,1268300
2019-12-27,112.32,112.79,111.76,112.39,890200
2019-12-30,112.5,112.69,110.97,111.37,953200
2019-12-31,111.080002,111.53,110.61,110.91,1327800
2020-01-02,111.15,111.62,110.46,111.45,2014600
2020-01-03,110.0,110.41,108.64,109.99,1854500
2020-01-06,109.019997,109.45,108.59,109.42,1821800
2020-01-07,109.27,109.49,108.16,108.29,1498900
2020-01-08,108.14,110.040001,107.89,109.21,2741600
2020-01-09,109.89,110.2,109.050003,109.089996,1596200
2020-01-10,109.45,109.45,108.39,108.6,1296300
2020-01-13,108.94,109.33,108.21,109.29,1573900
2020-01-14,109.14,109.5,108.59,109.089996,1233200
2020-01-15,108.94,109.86,108.59,109.63,1316100
2020-01-16,110.32,111.65,110.19,111.6,1217100
2020-01-17,112.17,113.96,111.98,113.92,2512600
2020-01-21,112.49,112.62,109.93,110.62,4031800
2020-01-22,110.98,112.61,110.54,110.85,1716600
2020-01-23,109.19,111.15,107.65,110.96,1607100
2020-01-24,111.45,111.45,107.48,108.49,2105300
2020-01-27,104.3,105.97,103.53,104.94,4149700
2020-01-28,106.0,108.040001,105.56,107.86,2062400
2020-01-29,108.13,110.13,108.13,110.010002,1854200
2020-01-30,108.3,109.45,107.22,109.07,2389300
2020-01-31,108.81,108.89,107.010002,107.8,3606700
2020-02-03,108.54,109.89,107.82,107.85,2097700
2020-02-04,109.92,111.99,109.39,110.94,1689500
2020-02-05,112.44,113.58,112.15,113.26,2144000
2020-02-06,113.7,113.88,111.8,112.7,1477600
2020-02-07,111.42,111.64,110.42,110.84,1371200
2020-02-10,110.42,111.37,110.15,111.37,2028600
2020-02-11,110.44,115.059998,109.019997,112.94,2388600
2020-02-12,113.49,115.48,113.2,113.7,1891100
2020-02-13,112.66,113.54,111.17,112.96,1396000
2020-02-14,113.089996,113.63,112.13,113.23,948900
2020-02-18,112.98,113.3,111.85,111.93,1805100
2020-02-19,112.050003,113.45,112.050003,112.67,1543300
2020-02-20,112.32,113.83,111.77,112.0,1165300
2020-02-21,111.14,111.21,109.32,109.57,1716100
2020-02-24,104.62,105.35,103.49,104.019997,4565200
2020-02-25,104.82,104.89,98.31,98.88,5490900
2020-02-26,99.64,100.82,96.3,97.9,6110500
2020-02-27,95.53,100.69,93.22,95.83,7692700
2020-02-28,92.95,98.34,92.7,97.2,6128600
2020-03-02,97.040001,97.7,92.58,96.46,4791400
2020-03-03,96.58,96.79,92.24,93.33,6433300
2020-03-04,94.7,98.52,92.0,98.39,7065200
2020-03-05,94.099998,95.14,91.29,91.5,9044900
2020-03-06,89.019997,94.21,88.32,90.45,6450400
2020-03-09,83.4,87.54,83.4,86.18,7335700
2020-03-10,89.99,91.53,85.68,90.32,5472100
2020-03-11,88.22,88.22,79.17,81.089996,9833200
2020-03-12,71.41,79.57,71.4,76.72,11501200
2020-03-13,80.85,81.98,76.64,78.63,8068300
2020-03-16,69.42,75.89,63.83,69.54,8647000
2020-03-17,70.57,71.0,61.85,64.83,10971800
2020-03-18,58.0099983,58.46,44.3,56.68,18610500
2020-03-19,55.0,62.82,51.040001,58.029999,13086300
2020-03-20,61.29,71.48,56.5,61.6,11377400
2020-03-23,61.25,67.78,60.049999,63.33,11003500
2020-03-24,68.43,75.67,67.51,69.39,9956100
2020-03-25,75.31,76.73,67.35,72.25,7695500
2020-03-26,75.6,78.76,70.24,73.2,7410400
2020-03-27,69.0,71.7,66.2,69.15,5784100
2020-03-30,66.79,69.83,64.58,68.68,5064200
2020-03-31,68.75,71.83,67.89,68.24,5160600
2020-04-01,65.0,66.4,62.36,63.040001,5743000
2020-04-02,62.33,65.99,57.0,57.86,7930200
2020-04-03,58.0,59.48,53.7,55.94,7232900
2020-04-06,60.87,64.33,60.11,63.8,9128500
2020-04-07,70.18,73.48,65.31,65.83,7903000
2020-04-08,67.31,70.19,66.33,70.089996,8521200
2020-04-09,70.22,73.21,68.11,68.45,7537400
2020-04-13,68.53,68.9,64.32,66.64,4020700
2020-04-14,68.25,71.3,68.25,70.010002,4575800
2020-04-15,66.040001,71.28,65.61,69.87,5803000
2020-04-16,69.81,70.7,67.77,70.15,4772000
2020-04-17,74.67,75.85,72.73,75.62,4952800
2020-04-20,73.5,75.54,71.45,72.28,4815400
2020-04-21,70.33,72.48,70.099998,71.35,3139100
2020-04-22,72.51,73.6,69.59,70.79,2708700
2020-04-23,71.59,73.79,70.7,71.94,2246100
2020-04-24,72.46,72.6,70.050003,71.37,1954000
2020-04-27,73.15,75.99,72.75,75.19,2558000
2020-04-28,77.0,77.8,74.38,75.75,3003500
2020-04-29,77.019997,81.74,77.019997,79.28,6174000
2020-04-30,77.79,78.39,74.78,75.71,4382500
2020-05-01,73.11,73.75,71.42,72.029999,3693400
2020-05-04,70.0,72.58,69.080002,71.41,4295300
2020-05-05,72.76,73.68,71.41,71.74,3066900
2020-05-06,72.49,72.85,70.62,70.79,3838800
2020-05-07,71.97,73.46,71.29,71.9,4737500
2020-05-08,72.78,74.029999,71.72,72.19,8488800
2020-05-11,71.11,71.26,68.26,68.3,5532600
2020-05-12,68.94,69.34,66.56,67.0,3176800
2020-05-13,67.0,67.2,64.059998,64.85,4944400
2020-05-14,63.36,68.21,62.47,68.17,6036700
2020-05-15,67.28,68.83,66.51,68.54,2331000
2020-05-18,72.17,74.67,72.080002,73.07,6424200
2020-05-19,73.040001,77.080002,71.83,75.29,3955000
2020-05-20,76.86,78.32,75.94,77.72,3522000
2020-05-21,77.15,78.86,75.83,77.66,4794500
2020-05-22,78.0,78.79,76.69,78.39,2822700
2020-05-26,85.13,85.58,81.43,81.69,3879800
2020-05-27,84.14,84.52,80.76,83.15,5166800
2020-05-28,83.98,84.54,80.44,80.62,3368600
2020-05-29,79.54,80.25,78.38,79.31,3919600
2020-06-01,79.65,82.73,79.36,81.91,2374600
2020-06-02,83.0,83.65,81.24,83.6,3138800
2020-06-03,84.49,87.42,83.79,86.11,3624900
2020-06-04,86.19,87.44,84.36,86.34,3503000
2020-06-05,90.42,93.72,86.65,87.2,6686200
2020-06-08,89.86,90.78,88.54,89.7,4554100
2020-06-09,87.8,87.83,85.25,86.13,3086700
2020-06-10,85.38,85.92,82.35,82.83,3943100
2020-06-11,78.0,80.61,76.73,77.59,5266500
2020-06-12,80.93,81.0,76.16,77.45,4733600
2020-06-15,74.54,78.43,73.85,77.48,3402900
2020-06-16,81.29,81.74,76.72,78.25,3103900
2020-06-17,77.86,78.47,75.85,76.42,3457400
2020-06-18,75.74,79.14,75.43,78.16,3899000
2020-06-19,79.23,79.26,75.39,76.17,4260900
2020-06-22,75.95,76.81,74.83,76.080002,1949500
2020-06-23,76.74,76.95,75.16,75.68,3956900
2020-06-24,75.0,75.0,71.59,73.19,3776700
2020-06-25,72.49,72.73,70.81,72.51,3999700
2020-06-26,72.19,72.3,69.83,71.16,9989300
2020-06-29,71.52,73.92,70.11,73.92,3244000
2020-06-30,73.55,73.94,72.019997,73.45,4377300
2020-07-01,74.68,76.53,74.12,74.44,3177000
2020-07-02,76.79,76.98,74.13,74.52,1766300
2020-07-06,76.080002,76.35,74.98,76.24,2942700
2020-07-07,75.26,75.46,73.75,74.17,2761100
2020-07-08,74.3,75.089996,73.4,75.089996,3596800
2020-07-09,75.41,75.59,72.52,74.13,2809600
2020-07-10,73.83,75.27,73.5,75.24,2168300
2020-07-13,75.55,76.26,73.55,73.58,2984900
2020-07-14,73.21,73.54,71.86,73.51,2452000
2020-07-15,76.6,81.48,76.010002,80.92,4597000
2020-07-16,79.8,81.22,78.96,80.89,2863200
2020-07-17,80.67,80.69,78.51,79.9,2268600
2020-07-20,79.44,80.32,77.53,78.17,2103400
2020-07-21,79.31,80.4,78.54,80.12,2086800
2020-07-22,79.61,80.35,78.79,79.62,2583900
2020-07-23,78.72,79.23,77.11,78.86,2150100
2020-07-24,78.42,78.5,76.93,77.43,1257400
2020-07-27,76.55,77.45,75.36,77.34,2389700
2020-07-28,77.019997,77.58,76.5,76.67,2194800
2020-07-29,77.25,78.010002,76.93,77.39,1605100
2020-07-30,76.5,76.96,75.38,76.14,2288600
2020-07-31,75.68,75.76,74.019997,75.050003,4115100
2020-08-03,74.4,75.62,73.5,74.74,1965600
2020-08-04,74.8,78.42,74.47,78.32,2856700
2020-08-05,79.61,80.029999,77.83,80.0,3917600
2020-08-06,79.3,83.6,78.029999,82.7,5000300
2020-08-07,82.35,83.86,81.21,83.7,3257100
2020-08-10,84.53,87.22,84.2,86.2,3588500
2020-08-11,87.55,88.46,86.45,87.019997,5012200
2020-08-12,88.61,88.7,85.36,85.89,2169600
2020-08-13,85.25,87.050003,84.26,85.5,1721100
2020-08-14,85.89,86.84,85.25,86.0,1899400
2020-08-17,86.07,86.2,84.2,84.98,2360900
2020-08-18,85.010002,85.22,83.36,84.07,1806600
2020-08-19,84.6,85.4,83.88,84.49,2010600
2020-08-20,83.47,85.71,83.12,85.099998,2274300
2020-08-21,85.5,87.44,85.16,87.35,2318500
2020-08-24,87.85,89.21,86.8,88.4,2468500
2020-08-25,89.72,90.61,88.27,88.44,2053300
2020-08-26,88.21,88.21,86.7,86.8,2210300
2020-08-27,87.66,89.29,87.59,88.8,3372800
2020-08-28,89.21,92.059998,89.11,91.73,4251500
2020-08-31,91.61,91.69,89.48,90.36,3461700
2020-09-01,89.52,92.16,89.010002,91.71,1712600
2020-09-02,91.89,91.97,90.38,91.34,3952700
2020-09-03,91.93,93.85,90.31,91.3,2541000
2020-09-04,92.68,93.39,90.75,90.94,3775700
2020-09-08,90.12,93.42,89.68,91.9,2781300
2020-09-09,91.7,91.88,90.13,90.39,2237900
2020-09-10,90.9,93.14,89.27,89.36,1774100
2020-09-11,89.61,89.64,86.21,87.37,1974200
2020-09-14,88.18,92.57,88.18,92.31,2139200
2020-09-15,92.45,93.78,91.79,91.94,1945300
2020-09-16,92.46,95.080002,91.64,94.029999,3831400
2020-09-17,92.68,93.099998,90.62,91.17,3427500
2020-09-18,90.34,91.34,89.27,89.64,5451500
2020-09-21,87.2,87.3,83.52,85.48,5031400
2020-09-22,85.07,85.83,83.95,85.24,3816000
2020-09-23,85.69,87.33,83.68,83.86,2540900
2020-09-24,83.37,84.75,81.48,83.07,5307100
2020-09-25,83.059998,86.059998,82.83,85.93,3255600
2020-09-28,87.82,89.44,86.8,89.059998,2289100
2020-09-29,88.9,88.98,86.43,86.6,2977600
2020-09-30,87.54,88.88,85.17,85.32,3127500
2020-10-01,85.92,87.24,85.55,87.22,1779400
2020-10-02,84.91,88.019997,84.61,87.96,1644000
2020-10-05,88.45,90.010002,87.86,89.3,1342600
2020-10-06,90.28,92.39,89.38,89.6,2128000
2020-10-07,90.41,92.15,90.41,91.72,2108500
2020-10-08,92.28,92.93,91.14,92.54,2202500
2020-10-09,93.0,94.099998,91.26,91.37,1654800
2020-10-12,91.44,91.78,90.39,91.35,1411700
2020-10-13,90.8,91.3,88.19,88.64,2085700
2020-10-14,89.0,90.23,87.8,88.3,2230200
2020-10-15,87.36,88.7,86.42,88.68,1330100
2020-10-16,88.88,90.099998,88.52,89.5,1901800
2020-10-19,89.65,90.84,86.97,87.55,1557500
2020-10-20,88.53,90.47,87.77,89.57,2279200
2020-10-21,89.33,89.63,88.2,88.97,3418900
2020-10-22,90.21,94.43,89.71,94.39,4377300
2020-10-23,94.8,95.67,94.16,94.61,2407400
2020-10-26,92.92,93.0,88.47,90.38,2002800
2020-10-27,90.25,90.46,87.47,87.67,1667000
2020-10-28,85.98,86.65,83.84,84.019997,2279500
2020-10-29,84.019997,87.45,83.62,86.51,2546300
2020-10-30,85.76,88.080002,84.78,87.81,2336000
2020-11-02,88.0,88.51,86.52,88.0,2352800
2020-11-03,88.75,91.95,88.75,90.65,3040800
2020-11-04,91.27,96.62,90.58,93.089996,2985200
2020-11-05,93.33,96.080002,93.07,94.080002,2397600
2020-11-06,93.65,95.059998,92.28,92.84,2858900
2020-11-09,112.39,116.73,102.6,104.19,9584600
2020-11-10,105.0,106.45,102.74,104.24,4420000
2020-11-11,104.65,104.76,101.45,103.75,3696100
2020-11-12,102.33,103.27,100.83,102.050003,2702600
2020-11-13,102.91,105.92,102.65,105.8,2637000
2020-11-16,109.47,109.71,106.26,106.58,4475400
2020-11-17,104.56,105.21,102.54,103.34,2732800
2020-11-18,103.37,105.63,102.9,103.35,1901600
2020-11-19,102.33,103.58,102.010002,102.8,3284000
2020-11-20,102.85,103.37,101.45,101.76,2302700
2020-11-23,102.89,105.050003,102.41,105.050003,3428200
2020-11-24,107.97,109.62,107.029999,108.94,2827100
2020-11-25,108.0,108.15,106.22,106.3,1847300
2020-11-27,106.62,107.0,104.17,104.41,1008700
2020-11-30,104.040001,104.28,101.77,103.63,2952700
2020-12-01,105.26,105.64,103.87,104.84,1946700
2020-12-02,104.3,107.19,103.8,106.75,2069100
2020-12-03,107.13,111.54,107.13,109.16,3119200
2020-12-04,109.87,111.24,108.63,110.85,1261700
2020-12-07,110.28,110.41,108.33,109.83,1622600
2020-12-08,108.64,110.76,108.61,109.050003,1838500
2020-12-09,109.5,109.96,105.7,106.7,2165100
2020-12-10,106.25,107.85,105.2,107.36,2360100
2020-12-11,106.81,107.61,104.3,104.74,2302600
2020-12-14,106.39,106.39,102.98,103.040001,2034900
2020-12-15,105.55,105.9,102.91,104.97,1923400
2020-12-16,104.97,105.36,103.3,104.41,1955900
2020-12-17,105.040001,105.35,103.55,104.7,2410700
2020-12-18,105.010002,106.92,104.42,104.61,5231600
2020-12-21,101.95,104.86,101.33,103.99,3331300
2020-12-22,104.040001,104.56,102.65,102.95,2393000
2020-12-23,104.019997,106.83,103.32,106.51,2196200
2020-12-24,106.56,106.89,105.65,106.89,822400
2020-12-28,107.99,109.4,107.12,107.38,1575100
2020-12-29,108.18,109.65,107.51,107.95,1428000
2020-12-30,108.099998,110.84,108.099998,110.18,1405100
2020-12-31,109.68,111.61,108.69,111.26,1571400
2021-01-04,110.97,111.31,106.010002,107.46,2759300
2021-01-05,107.0,109.080002,106.88,107.95,2564200
2021-01-06,108.07,112.080002,108.059998,110.77,1868200
2021-01-07,111.45,113.89,111.25,113.29,2640400
2021-01-08,113.92,115.67,113.029999,114.16,4065100
2021-01-11,112.49,113.71,111.32,113.18,1527600
2021-01-12,113.18,114.089996,112.13,112.33,1792900
2021-01-13,112.28,113.18,110.65,111.87,2041800
2021-01-14,112.56,113.68,111.11,112.11,2360600
2021-01-15,111.43,111.64,108.07,108.41,2169400
2021-01-19,108.41,109.51,107.59,107.93,1839600
2021-01-20,108.019997,108.59,105.81,107.7,2771500
2021-01-21,107.68,109.92,107.14,108.82,1799700
2021-01-22,107.51,107.89,104.67,104.96,2894100
2021-01-25,104.099998,105.73,102.59,105.12,5310200
2021-01-26,105.73,106.27,104.61,104.67,2800900
2021-01-27,102.95,103.82,98.57,98.67,4592600
2021-01-28,100.88,104.84,100.88,104.0,6544200
2021-01-29,103.23,103.24,99.019997,101.39,4844100
2021-02-01,102.38,103.82,101.84,101.92,2860800
2021-02-02,103.18,107.050003,102.73,105.79,2556300
2021-02-03,105.81,108.32,105.7,106.6,2373600
2021-02-04,107.39,110.53,107.34,110.52,2091400
2021-02-05,111.3,112.6,110.34,111.67,2279900
2021-02-08,112.69,113.16,110.62,112.32,2061000
2021-02-09,112.24,112.51,110.18,110.35,1590500
2021-02-10,110.17,110.49,108.81,109.34,2750400
2021-02-11,110.14,111.17,108.72,109.5,1792200
2021-02-12,109.12,112.41,108.87,112.14,2128300
2021-02-16,112.83,114.019997,112.0,113.61,2927800
2021-02-17,110.83,115.33,108.81,111.43,3816200
2021-02-18,108.97,115.21,108.5,114.12,2695900
2021-02-19,114.96,117.79,114.51,116.91,3463300
2021-02-22,118.75,122.13,117.54,119.96,4374200
2021-02-23,121.58,122.31,118.29,121.95,3703300
2021-02-24,123.35,127.48,122.38,127.26,4486200
2021-02-25,127.76,128.16,121.089996,122.98,5262900
2021-02-26,123.59,124.58,120.14,123.68,3615400
2021-03-01,125.72,125.85,122.8,123.76,2614900
2021-03-02,123.9,125.089996,122.5,124.25,3325600
2021-03-03,124.25,125.84,123.13,123.13,2108300
2021-03-04,123.25,123.32,117.0,120.72,3555500
2021-03-05,121.9,122.93,116.44,122.87,3696600
2021-03-08,123.52,126.76,122.019997,125.41,2573200
2021-03-09,126.97,126.97,123.61,124.12,2560500
2021-03-10,124.39,125.98,122.8,124.51,1846700
2021-03-11,124.56,126.2,123.32,124.66,1711000
2021-03-12,125.32,126.58,124.34,126.099998,1588800
2021-03-15,126.96,128.92,125.07,127.26,1773000
2021-03-16,127.39,127.78,123.77,123.96,1819400
2021-03-17,123.5,127.62,123.45,127.14,3831700
2021-03-18,126.57,128.67999,125.099998,125.64,2550000
2021-03-19,125.0,125.92,122.14,124.39,2810800
2021-03-22,124.51,124.83,122.4,122.92,2031200
2021-03-23,122.16,122.6,118.2,118.9,2659000
2021-03-24,119.83,121.65,118.47,118.5,2035000
2021-03-25,117.54,120.78,116.15,120.4,2680800
2021-03-26,121.080002,121.61,118.92,121.12,2149800
2021-03-29,120.93,121.34,118.11,119.050003,2135300
2021-03-30,118.95,122.61,118.69,122.059998,2548900
2021-03-31,122.31,122.82,120.84,120.92,2031500
2021-04-01,121.9,122.099998,120.38,121.65,1696900
2021-04-05,123.12,126.099998,122.99,125.4,2261100
2021-04-06,125.55,127.54,125.5,126.66,1719500
2021-04-07,126.97,127.32,124.26,124.52,1803800
2021-04-08,124.37,126.13,122.81,124.75,1847100
2021-04-09,124.4,124.46,122.37,124.35,921500
2021-04-12,124.48,125.44,122.47,125.28,2057800
2021-04-13,123.78,126.87,122.43,126.11,3377700
2021-04-14,126.0,128.28,125.64,126.52,2461100
2021-04-15,127.37,127.85,125.78,127.28,1193000
2021-04-16,128.52,129.050003,127.55,128.050003,1721300
2021-04-19,127.49,127.73,125.26,125.93,1451000
2021-04-20,124.95,125.3,120.67,122.22,2328500
2021-04-21,122.51,123.97,121.31,123.91,1329400
2021-04-22,123.44,126.77,122.85,125.5,2235300
2021-04-23,125.94,127.43,125.56,127.4,1394600
2021-04-26,128.60001,130.19,127.12,127.57,1357400
2021-04-27,127.72,130.35001,127.59,130.0099945,1712900
2021-04-28,129.82001,130.25,128.96001,129.11,1328800
2021-04-29,130.88,132.69,128.45,130.39,1597000
2021-04-30,129.71001,130.059998,127.58,128.7,1263900
2021-05-03,129.64,130.17,128.39,128.67,1375300
2021-05-04,128.17,128.85001,125.69,128.25,2574900
2021-05-05,127.11,128.11,122.32,122.62,3767400
2021-05-06,122.15,122.73,119.47,120.77,3108500
2021-05-07,121.2,123.54,119.8,123.44,2097100
2021-05-10,122.47,123.7,121.080002,121.58,2219000
2021-05-11,119.26,122.16,118.16,121.83,1640400
2021-05-12,121.029999,122.26,117.54,118.29,1984200
2021-05-13,118.84,121.16,118.23,120.16,1648500
2021-05-14,121.29,124.43,120.45,123.61,1470700
2021-05-17,123.43,123.43,120.39,121.71,1428900
2021-05-18,122.15,123.37,120.72,120.79,2237100
2021-05-19,118.24,120.66,117.89,120.57,1511900
2021-05-20,120.71,121.2,119.050003,120.58,1484400
2021-05-21,121.32,122.22,120.7,120.98,1429500
2021-05-24,122.089996,123.9,121.32,123.59,2057700
2021-05-25,124.63,125.31,123.35,123.8,1374200
2021-05-26,124.42,126.4,123.92,126.22,1523000
2021-05-27,127.0,127.68,125.11,126.27,2395700
2021-05-28,125.9,126.32,124.39,125.27,893700
2021-06-01,127.6,127.6,125.8,126.61,1489100
2021-06-02,126.88,127.0,124.56,125.17,1462100
2021-06-03,124.13,124.5,122.19,123.13,1331400
2021-06-04,123.75,124.82,122.93,124.75,1657100
2021-06-07,125.53,125.81,124.53,124.9,1353900
2021-06-08,125.17,128.16,124.76,127.84,1978500
2021-06-09,128.35001,128.77,126.38,126.45,1508900
2021-06-10,126.79,127.27,125.26,126.59,1741800
2021-06-11,126.79,128.74001,126.61,128.61,1590000
2021-06-14,128.35001,129.85001,127.59,128.61,1571100
2021-06-15,128.37,129.97,128.13,129.25,2571100
2021-06-16,129.48,129.81,126.5,126.93,1970600
2021-06-17,127.010002,128.23,125.26,126.24,1857900
2021-06-18,124.49,125.21,123.39,123.72,2006600
2021-06-21,124.57,126.87,123.57,126.74,2280900
2021-06-22,126.86,126.92,125.35,126.099998,1394200
2021-06-23,125.8,126.41,125.4,125.68,1007500
2021-06-24,126.77,126.82,124.25,124.51,1645200
2021-06-25,125.040001,125.49,124.19,124.48,5399400
2021-06-28,124.059998,124.059998,119.51,120.72,2031400
2021-06-29,120.76,121.21,118.66,118.95,1728400
2021-06-30,119.059998,120.8,118.9,120.62,2656800
2021-07-01,120.63,123.84,120.62,123.62,2466900
2021-07-02,124.49,127.029999,123.76,126.81,2291500
2021-07-06,127.059998,128.0,124.13,125.83,1854700
2021-07-07,124.63,126.39,121.83,124.45,1958000
2021-07-08,122.19,124.12,120.68,123.13,2458700
2021-07-09,124.23,126.23,123.39,126.050003,1335800
2021-07-12,125.0,126.38,124.44,125.85,2030500
2021-07-13,125.18,125.5,123.32,123.46,1550700
2021-07-14,123.72,125.32,123.23,123.87,1525100
2021-07-15,123.0,123.84,121.89,122.9,1986700
2021-07-16,124.17,125.0,119.41,119.75,3002400
2021-07-19,116.0,119.46,114.7,117.010002,5226900
2021-07-20,117.34,121.42,116.7,120.9,1715000
2021-07-21,121.89,125.32,121.66,124.93,2022300
2021-07-22,124.080002,124.55,122.32,123.21,1561700
2021-07-23,124.6,125.62,123.62,125.26,2485600
2021-07-26,124.73,127.29,123.31,126.67,2676500
2021-07-27,125.79,128.57001,124.79,128.5,2487500
2021-07-28,129.23,129.91,126.6,129.53,2225300
2021-07-29,130.0,136.89,127.5,134.5,3619700
2021-07-30,133.37,133.81,131.0099945,131.45,1849500
2021-08-02,132.47,132.89,127.019997,127.87,2154700
2021-08-03,128.14999,128.14999,123.47,126.080002,3137300
2021-08-04,124.56,125.84,123.11,124.39,2249500
2021-08-05,125.34,127.35,124.84,126.4,1881300
2021-08-06,126.77,127.33,125.4,126.66,1717100
2021-08-09,125.99,126.0,122.81,124.61,1774600
2021-08-10,124.69,127.25,124.15,126.35,1637500
2021-08-11,125.55,126.34,124.16,125.029999,2218200
2021-08-12,124.47,124.87,122.55,123.43,2069800
2021-08-13,123.080002,123.43,121.32,122.21,1951400
2021-08-16,121.13,122.58,120.18,121.49,2464400
2021-08-17,120.11,120.79,119.36,119.99,2233300
2021-08-18,119.39,120.42,118.080002,119.0,2360000
2021-08-19,118.8,119.47,117.53,119.23,2692200
2021-08-20,118.5,122.34,118.34,121.77,2554900
2021-08-23,122.69,123.71,121.93,123.029999,1799500
2021-08-24,124.16,127.95,124.14,126.86,2182700
2021-08-25,126.87,127.92,125.44,127.32,1392700
2021-08-26,126.69,126.74,124.59,125.62,1038000
2021-08-27,125.48,127.97,125.48,127.56,1149700
2021-08-30,127.9,127.9,125.23,125.72,1136800
2021-08-31,125.72,126.17,124.029999,124.86,2698000
2021-09-01,125.61,125.97,124.17,125.32,2127500
2021-09-02,124.72,125.53,123.78,124.39,1991000
2021-09-03,123.91,124.16,120.85,123.080002,1697300
2021-09-07,122.5,123.99,121.88,123.37,1132200
2021-09-08,123.89,124.19,121.42,122.76,2288400
2021-09-09,122.68,126.96,122.52,125.75,1933900
2021-09-10,126.7,128.86,125.35,127.4,2287700
2021-09-13,128.25999,130.25,126.73,130.21001,1459800
2021-09-14,130.60001,132.11,129.52,131.82001,1767300
2021-09-15,131.12,131.86,128.83,131.39999,1697200
2021-09-16,131.12,132.56,130.85001,132.020004,972700
2021-09-17,132.12,133.44,130.84,131.21001,1748600
2021-09-20,129.2,130.16,126.98,128.83,1976400
2021-09-21,130.11,130.85001,127.69,127.82,1520700
2021-09-22,128.39,130.070007,128.24001,129.19,1851700
2021-09-23,129.89999,135.10001,129.66,134.49001,2505800
2021-09-24,134.36,136.31,133.99001,135.48,2311800
2021-09-27,137.33,139.37,136.45,138.8,2323600
2021-09-28,138.23,140.21001,136.070007,136.55,2342900
2021-09-29,137.31,137.36,133.56,135.16,2152600
2021-09-30,135.029999,135.029999,131.75,132.11,2415900
2021-10-01,134.77,138.58,134.13,138.14999,4563100
2021-10-04,138.46001,141.44,136.92,138.50999,3687400
2021-10-05,138.75,140.83,137.78999,139.75,2028500
2021-10-06,137.95,139.63,135.7,139.36,1751600
2021-10-07,140.86,143.31,140.13,141.17,1503400
2021-10-08,141.37,142.5,140.89,141.50999,1653900
2021-10-11,141.42999,143.81,141.19,142.85001,1494900
2021-10-12,143.22,145.11,142.95,144.7,2336500
2021-10-13,145.0,145.25,140.71001,140.83,2195100
2021-10-14,142.28999,142.56,141.24001,141.58,1218200
2021-10-15,143.21001,145.45,143.12,144.52,1674700
2021-10-18,143.37,144.75,142.72,144.059998,1074500
2021-10-19,144.98,144.98,140.78999,140.95,3772100
2021-10-20,140.53,141.91,139.49001,140.24001,1501200
2021-10-21,140.089996,141.63,139.75999,141.5,1306800
2021-10-22,140.57001,142.75999,140.47,141.66,1091000
2021-10-25,141.77,143.029999,139.85001,142.17,1412300
2021-10-26,143.46001,145.25,143.020004,144.45,2642300
2021-10-27,141.080002,149.039993,140.41,147.22,3504700
2021-10-28,148.35001,148.73,145.59,146.039993,1620600
2021-10-29,145.58,146.5,142.84,143.95,2566000
2021-11-01,144.3,145.50999,143.2,144.78,4249400
2021-11-02,144.50999,144.96001,140.62,141.34,2592200
2021-11-03,140.49001,146.81,139.87,145.24001,2336200
2021-11-04,145.99001,148.089996,145.84,147.44,1284900
2021-11-05,152.19,153.84,148.69,151.84,3035100
2021-11-08,152.25999,154.39999,150.48,151.17,1893700
2021-11-09,150.87,151.98,146.63,148.46001,1354600
2021-11-10,147.42999,149.19,145.23,146.53,1255900
2021-11-11,145.81,147.14999,143.39999,143.58,1634100
2021-11-12,143.7,145.46001,142.8,143.47,1872500
2021-11-15,144.25,144.41,142.42,142.91,955600
2021-11-16,142.87,144.28999,140.32001,141.74001,2396700
2021-11-17,140.81,144.73,139.85001,144.53,2306000
2021-11-18,145.089996,145.89,142.50999,143.59,1313400
2021-11-19,140.73,145.14,137.089996,144.37,3014500
2021-11-22,145.55,145.67999,141.86,143.87,2180600
2021-11-23,145.55,146.83,144.59,145.73,1405600
2021-11-24,143.98,146.37,142.95,145.28999,1066900
2021-11-26,135.8,136.60001,132.12,136.21001,3513600
2021-11-29,138.47,140.39999,137.89999,138.070007,2558000
2021-11-30,135.99001,137.42999,133.78999,135.070007,2992400
2021-12-01,137.56,138.60001,129.88,129.96001,3570800
2021-12-02,131.66,140.57001,130.97,139.59,3150700
2021-12-03,139.58,140.39999,135.53999,138.74001,2732500
2021-12-06,141.52,146.0,141.24001,144.31,1709900
2021-12-07,145.88,148.75,142.13,143.14999,1980100
2021-12-08,144.42,145.61,142.020004,144.39,1508300
2021-12-09,143.21001,145.029999,142.33,144.31,881900
2021-12-10,145.0,146.62,142.41,146.13,1443600
2021-12-13,144.55,144.64999,140.88,142.41,1567900
2021-12-14,142.12,145.16,141.39,141.98,1581300
2021-12-15,141.82001,142.36,137.88,140.28999,1795600
2021-12-16,141.10001,142.14,138.96001,139.0,1852100
2021-12-17,138.5,141.75999,137.60001,140.94,3068300
2021-12-20,139.0,141.25999,137.37,140.37,2067200
2021-12-21,142.55,148.64999,142.32001,148.55,2214100
2021-12-22,148.22,153.47,148.22,152.74001,3098700
2021-12-23,154.0099945,155.22,152.50999,154.71001,1384900
2021-12-27,153.71001,155.44,152.32001,155.28999,906000
2021-12-28,154.92999,156.0099945,153.91,155.020004,965700
2021-12-29,154.42999,155.81,154.050003,155.37,893400
2021-12-30,155.38,156.69,154.42999,154.98,1474200
2021-12-31,154.83,156.97,154.58,155.99001,1187300
2022-01-03,155.95,157.14999,152.75,154.48,1712700
2022-01-04,157.49001,159.21001,155.95,155.96001,2043100
2022-01-05,156.22,156.46001,151.78,151.8,1339900
2022-01-06,152.24001,153.60001,150.91,152.17999,1782200
2022-01-07,152.57001,155.029999,151.97,152.0,2040200
2022-01-10,150.84,152.039993,146.039993,148.61,2652300
2022-01-11,149.19,153.50999,147.75,152.5,3488300
2022-01-12,153.92999,154.14,149.71001,150.0,2010200
2022-01-13,150.59,152.089996,149.059998,149.89999,2234300
2022-01-14,149.14999,149.42999,146.45,147.98,2718500
2022-01-18,146.3,146.53999,143.78,144.52,2852600
2022-01-19,144.96001,145.56,141.82001,142.21001,3131300
2022-01-20,143.059998,146.75,141.84,142.24001,2576400
2022-01-21,142.25,145.17999,141.13,142.25999,3607400
2022-01-24,138.24001,140.60001,134.56,140.48,5057500
2022-01-25,138.14,143.5,134.53,142.39,3976200
2022-01-26,144.57001,148.82001,143.10001,144.82001,2824300
2022-01-27,145.75999,147.020004,136.89,137.25,3533500
2022-01-28,138.22,143.56,136.72,143.39,2367900
2022-01-31,142.19,145.44,141.39999,145.11,1615300
2022-02-01,145.92999,146.24001,143.58,145.72,2772800
2022-02-02,145.99001,145.99001,142.74001,144.59,2740300
2022-02-03,144.17,145.86,142.64999,144.14999,2838500
2022-02-04,143.42,147.14,142.47,145.5,3169500
2022-02-07,146.48,149.47,145.75999,148.64,2526200
2022-02-08,149.25,153.7,148.64999,153.38,3102300
2022-02-09,154.85001,157.49001,152.89,153.14,2709300
2022-02-10,151.96001,156.49001,150.84,154.2,2551100
2022-02-11,154.69,155.8,149.25,149.53,2798400
2022-02-14,149.75999,154.5,149.75999,151.42999,4412100
2022-02-15,153.99001,159.089996,153.99001,158.0,4976700
2022-02-16,157.89999,160.96001,155.0,156.34,4808600
2022-02-17,154.13,155.67999,150.029999,153.039993,3131100
2022-02-18,153.16,154.49001,149.92999,150.41,2318000
2022-02-22,150.0,150.60001,145.89,147.16,2991400
2022-02-23,148.33,148.48,143.070007,143.37,3147600
2022-02-24,138.97,146.66,138.029999,146.089996,3350000
2022-02-25,147.0,150.67999,145.0099945,150.67,1949000
2022-02-28,147.22,150.14999,144.88,148.86,3213000
2022-03-01,147.37,148.22,141.050003,142.17,3158400
2022-03-02,143.8,147.0,143.8,145.91,2066600
2022-03-03,148.13,148.84,141.0,142.0099945,2685700
2022-03-04,139.92999,141.10001,133.25999,137.67,4509900
2022-03-07,137.84,138.0,128.77,129.089996,4207900
2022-03-08,130.97,138.19,128.87,133.92,5031700
2022-03-09,138.5,140.67,137.46001,138.52,3171000
2022-03-10,135.49001,144.33,135.2,142.94,3309500
2022-03-11,144.58,145.8,141.53,141.77,1684700
2022-03-14,143.19,143.91,140.25,141.56,1586700
2022-03-15,143.49001,145.72,142.42,144.24001,1581600
2022-03-16,146.22,151.089996,145.71001,150.78999,4292600
2022-03-17,147.64,151.23,147.64,151.14,1668200
2022-03-18,150.21001,153.25,149.22,151.78999,3060200
2022-03-21,150.56,151.10001,148.020004,150.35001,1855900
2022-03-22,151.71001,153.49001,149.71001,151.42,2190600
2022-03-23,149.57001,150.85001,148.37,148.41,1267500
2022-03-24,148.41,152.050003,147.75999,151.89,1179900
2022-03-25,152.21001,153.84,150.96001,151.5,1074600
2022-03-28,152.0,152.12,149.0099945,150.67999,1250800
2022-03-29,153.60001,156.070007,153.080002,155.31,2518400
2022-03-30,153.82001,155.77,152.52,153.14999,1709600
2022-03-31,152.74001,155.10001,151.53,151.74001,1814800
2022-04-01,153.11,153.84,149.85001,150.71001,1465100
2022-04-04,150.0,152.91,148.98,152.34,1775200
2022-04-05,152.66,153.64999,150.21001,151.55,1595700
2022-04-06,150.0099945,150.0099945,144.81,145.61,2031600
2022-04-07,145.3,146.44,142.14999,145.55,3278700
2022-04-08,144.71001,147.050003,143.84,145.48,1646700
2022-04-11,144.3,147.19,143.63,143.7,1165000
2022-04-12,145.0,146.95,143.85001,144.88,1698100
2022-04-13,146.41,154.28,145.67,153.92999,2502500
2022-04-14,154.46001,157.33,153.89999,155.58,2351200
2022-04-18,155.74001,160.020004,155.059998,156.57001,1463700
2022-04-19,157.38,163.35001,156.67999,163.14,2204000
2022-04-20,163.8,166.22,162.77,162.91,2113100
2022-04-21,166.71001,167.99001,156.81,156.96001,2268000
2022-04-22,156.0,157.49001,152.92999,153.35001,1694100
2022-04-25,152.96001,156.28,150.60001,155.94,2331000
2022-04-26,155.11,156.85001,151.28999,151.72,1847200
2022-04-27,151.69,157.75,150.92,157.059998,2516000
2022-04-28,158.83,162.55,156.7,161.22,1777700
2022-04-29,161.039993,162.059998,154.92999,155.28999,2194400
2022-05-02,158.029999,158.78,150.83,155.41,3287800
2022-05-03,153.12,154.7,145.66,148.96001,5154900
2022-05-04,148.99001,151.64,143.74001,151.39,3773900
2022-05-05,149.57001,153.14,148.23,149.89,3921800
2022-05-06,149.75,150.0,142.16,143.48,3611500
2022-05-09,142.55,142.56,132.5,133.31,4418900
2022-05-10,135.86,139.8,135.059998,137.78999,3207800
2022-05-11,137.97,140.91,133.99001,134.50999,2720600
2022-05-12,134.28,135.77,129.27,132.42999,2247500
2022-05-13,134.92,137.28,134.33,136.59,2087400
2022-05-16,135.46001,136.2,132.53999,132.85001,2266100
2022-05-17,136.050003,136.86,133.0,135.080002,2306500
2022-05-18,133.11,134.28999,126.92,128.66,3520600
2022-05-19,127.49,133.89999,127.35,131.71001,2469000
2022-05-20,133.62,134.28999,128.36,130.28,2677900
2022-05-23,131.49001,132.95,128.73,132.35001,1813100
2022-05-24,130.67,130.99001,126.28,128.28,1814400
2022-05-25,128.32001,132.39,127.21,131.74001,2557300
2022-05-26,133.47,139.64999,132.95,138.47,2623500
2022-05-27,139.34,144.61,139.34,142.25,1860600
2022-05-31,140.63,141.77,139.23,140.86,3310700
2022-06-01,141.11,142.53999,136.50999,138.42,1455600
2022-06-02,138.25,142.39999,138.17,142.28999,1302700
2022-06-03,140.34,143.080002,139.96001,142.17,1067900
2022-06-06,143.73,145.7,141.95,144.42,1579500
2022-06-07,142.32001,144.13,140.57001,143.82001,1162000
2022-06-08,141.83,142.88,140.28,140.71001,1479100
2022-06-09,140.050003,140.050003,135.78999,135.8,1714900
2022-06-10,132.39999,134.45,127.41,127.47,2931900
2022-06-13,123.65,123.82,119.35,120.85,3183900
2022-06-14,120.79,122.029999,117.97,119.14,2469400
2022-06-15,121.31,123.62,120.26,121.89,2472300
2022-06-16,118.46,119.010002,114.65,115.42,2640500
2022-06-17,116.3,117.34,113.65,116.28,2680900
2022-06-21,118.36,118.36,114.14,114.44,2046700
2022-06-22,113.16,114.44,111.17,112.019997,3303100
2022-06-23,112.69,112.79,108.71,110.52,3705800
2022-06-24,112.41,117.94,111.88,116.71,2588300
2022-06-27,116.68,119.0,115.37,117.029999,2210300
2022-06-28,117.87,121.31,115.2,115.28,1870800
2022-06-29,114.7,115.42,111.75,113.059998,2794200
2022-06-30,111.040001,113.2,109.14,111.44,3915700
2022-07-01,111.089996,113.050003,110.37,112.99,1827800
2022-07-05,110.25,112.24,109.27,112.029999,2421000
2022-07-06,112.18,113.31,108.41,109.75,2153800
2022-07-07,111.4,114.77,110.78,113.9,2718600
2022-07-08,113.36,113.55,110.6,111.59,1918300
2022-07-11,111.099998,111.91,109.57,111.59,1725400
2022-07-12,112.3,114.47,111.99,112.64,2678400
2022-07-13,110.010002,115.2,109.61,114.12,2965500
2022-07-14,112.18,114.12,111.11,113.31,2966000
2022-07-15,115.17,117.089996,114.080002,116.34,2191600
2022-07-18,117.72,120.33,116.87,117.42,2267700
2022-07-19,119.53,122.26,119.53,121.41,1830600
2022-07-20,120.52,123.61,120.17,122.69,1528600
2022-07-21,120.54,122.64,119.059998,121.97,1685000
2022-07-22,122.54,125.099998,120.3,120.83,2109900
2022-07-25,121.31,122.38,119.58,122.19,1553100
2022-07-26,121.29,121.89,120.080002,120.22,2204000
2022-07-27,126.34,130.27,125.099998,129.25,4455700
2022-07-28,129.22,130.17,125.72,128.0,2608600
2022-07-29,127.9,128.53999,126.41,128.070007,1782000
2022-08-01,127.099998,129.2,126.059998,128.69,1802500
2022-08-02,127.76,130.53,126.75,128.67999,2099200
2022-08-03,129.33,131.91,129.33,130.97,1628500
2022-08-04,130.41,131.11,129.2,131.050003,1358000
2022-08-05,129.52,131.91,129.37,130.32001,1149600
2022-08-08,131.75,132.96001,130.62,130.72,1170700
2022-08-09,130.58,131.47,128.86,131.45,1219100
2022-08-10,134.78999,135.17999,133.32001,133.66,1069200
2022-08-11,135.81,136.67,134.080002,134.69,1051100
2022-08-12,135.39,137.50999,134.55,137.44,1195900
2022-08-15,136.28,138.46001,136.28,137.020004,940700
2022-08-16,136.22,139.24001,136.22,139.020004,1159500
2022-08-17,136.92,137.97,136.28999,137.46001,1292700
2022-08-18,137.11,138.85001,136.89999,138.77,943900
2022-08-19,136.75999,137.66,135.17,135.48,1718600
2022-08-22,132.2,133.82001,131.23,131.58,1472900
2022-08-23,132.27,133.98,132.080002,132.28,1242000
2022-08-24,132.039993,134.3,132.039993,133.3,1030200
2022-08-25,134.33,136.2,134.14999,136.080002,1046400
2022-08-26,136.020004,136.59,131.020004,131.089996,1232500
2022-08-29,129.78,131.059998,129.070007,129.47,1458500
2022-08-30,130.36,131.33,126.47,126.83,2416400
2022-08-31,127.14,129.37,126.77,127.36,2305500
2022-09-01,126.010002,127.79,124.040001,127.67,1670800
2022-09-02,129.78,130.49001,126.91,127.49,1398100
2022-09-06,127.84,129.25,125.0,126.87,1594600
2022-09-07,127.050003,131.5,127.050003,131.17999,1364500
2022-09-08,129.78999,133.020004,129.0,132.97,2323000
2022-09-09,134.14,136.73,133.71001,135.91,1993200
2022-09-12,137.37,137.97,136.039993,136.64999,1235300
2022-09-13,132.56,133.96001,129.82001,130.46001,2134000
2022-09-14,131.089996,134.95,129.38,134.83,1820300
2022-09-15,135.58,137.97,134.69,135.24001,2251300
2022-09-16,134.020004,134.020004,129.16,130.8,3409600
2022-09-19,128.88,132.95,128.8,132.3,1503800
2022-09-20,131.59,133.28999,130.25,131.67999,1349600
2022-09-21,131.58,131.60001,124.63,124.63,2325900
2022-09-22,124.63,124.63,118.43,119.42,3680000
2022-09-23,118.029999,118.78,116.39,118.33,4408100
2022-09-26,118.83,119.9,116.9,117.48,1984200
2022-09-27,120.16,120.94,116.89,118.17,2605900
2022-09-28,118.53,124.35,117.94,123.67,1948800
2022-09-29,121.69,123.089996,119.91,121.86,1783100
2022-09-30,120.53,123.72,120.019997,120.62,1834700
2022-10-03,123.32,123.32,119.54,121.77,2054800
2022-10-04,124.019997,127.54,124.019997,125.97,1573400
2022-10-05,124.22,126.44,123.31,125.92,1651700
2022-10-06,125.55,126.89,122.95,123.35,1448700
2022-10-07,121.45,121.97,119.2,121.37,1587500
2022-10-10,122.029999,122.84,118.82,120.33,1350200
2022-10-11,120.66,120.96,116.59,117.88,1783600
2022-10-12,117.31,122.019997,116.63,121.0,1638600
2022-10-13,118.32,123.6,117.25,123.099998,1813100
2022-10-14,125.3,126.83,122.22,122.58,1410100
2022-10-17,124.7,127.48,124.68,126.41,1648600
2022-10-18,130.0,131.64999,127.42,128.60001,1649700
2022-10-19,127.8,130.44,127.3,128.7,1409300
2022-10-20,129.24001,131.42999,126.2,126.55,1867100
2022-10-21,126.59,132.12,126.13,131.23,2223100
2022-10-24,131.94,133.64999,128.96001,130.63,2639600
2022-10-25,130.50999,132.41,129.13,130.64,2648500
2022-10-26,131.58,134.89,127.71,129.99001,3590500
2022-10-27,131.14999,134.61,131.14999,133.39999,2598200
2022-10-28,133.62,135.28999,131.72,134.64,1671800
2022-10-31,134.77,138.0,134.27,135.25999,2701800
2022-11-01,136.64999,137.49001,133.61,133.74001,1785900
2022-11-02,133.0,134.44,129.63,129.73,1926600
2022-11-03,128.029999,129.87,126.28,128.5,2162400
2022-11-04,131.39,133.89,128.99001,130.0099945,3185600
2022-11-07,130.14,130.75999,126.39,128.87,3028000
2022-11-08,129.42,132.42999,128.89999,130.83,1641400
2022-11-09,129.23,132.21001,128.94,129.89,1894800
2022-11-10,135.089996,137.28999,135.089996,136.62,1803100
2022-11-11,138.5,142.42,137.75999,140.63,2808200
2022-11-14,140.039993,141.5,138.67,138.75999,1973800
2022-11-15,140.5,142.31,137.78,138.53999,2612500
2022-11-16,137.39,139.25999,136.41,138.38,1498400
2022-11-17,135.85001,138.10001,135.38,137.96001,1393400
2022-11-18,139.98,140.82001,138.37,139.50999,1095900
2022-11-21,139.11,140.059998,137.059998,137.91,1123600
2022-11-22,138.63,140.32001,137.89999,139.99001,1233000
2022-11-23,140.089996,141.020004,138.35001,138.53999,1184700
2022-11-25,138.3,139.3,137.089996,138.25,977600
2022-11-28,136.39999,137.73,135.41,137.0,1760600
2022-11-29,137.19,139.28999,137.020004,138.75,1630300
2022-11-30,139.2,142.66,138.38,142.62,2455000
2022-12-01,143.12,143.77,141.82001,142.3,1136700
2022-12-02,140.3,141.77,140.2,141.42,1010600
2022-12-05,140.81,141.50999,138.97,139.14,1266200
2022-12-06,139.10001,139.89,136.059998,137.57001,1216600
2022-12-07,136.10001,136.7,133.84,134.32001,2192700
2022-12-08,135.31,137.49001,135.31,137.16,1468800
2022-12-09,136.83,138.13,136.60001,137.42999,1419600
2022-12-12,137.46001,139.089996,136.36,138.75,1398600
2022-12-13,140.69,142.44,137.19,138.11,2071000
2022-12-14,137.10001,138.039993,134.42,136.050003,2032800
2022-12-15,134.59,134.84,131.77,133.25,1681900
2022-12-16,132.16,132.72,130.39999,130.99001,2956800
2022-12-19,131.070007,131.59,128.67,129.89999,1770500
2022-12-20,129.89999,130.74001,128.50999,129.49001,1613600
2022-12-21,130.070007,130.63,126.099998,127.25,3103600
2022-12-22,126.32,127.13,124.39,125.94,1718800
2022-12-23,125.53,127.089996,125.040001,126.43,1005200
2022-12-27,126.5,127.39,125.67,125.74,1042600
2022-12-28,125.75,126.26,123.74,124.019997,1155600
2022-12-29,124.49,126.7,124.49,126.040001,1251900
2022-12-30,125.040001,126.5,124.85,126.36,1079400
2023-01-03,127.77,128.49001,124.5,125.029999,1611900
2023-01-04,126.47,128.5,126.14,127.84,1884100
2023-01-05,127.13,128.32001,126.24,126.84,1265200
2023-01-06,127.85,130.64,127.29,130.25,2337400
2023-01-09,128.89,130.86,128.87,129.080002,2005900
2023-01-10,128.89,129.64,127.75,129.46001,983600
2023-01-11,130.58,135.059998,130.039993,134.44,1892300
2023-01-12,134.22,136.029999,133.23,135.0,2492100
2023-01-13,134.47,136.89,134.19,136.88,1601600
2023-01-17,136.67999,138.080002,135.92999,136.19,1533900
2023-01-18,137.61,138.22,134.41,134.53,1291900
2023-01-19,133.17,135.92,133.14999,135.059998,1279500
2023-01-20,135.50999,139.0,134.69,138.72,1588200
2023-01-23,138.86,140.34,138.11,140.0,1597600
2023-01-24,140.0,140.77,138.8,140.24001,1188600
2023-01-25,138.64999,142.35001,138.0099945,142.27,1218800
2023-01-26,143.12,144.27,142.41,144.059998,1076200
2023-01-27,144.059998,145.72,143.88,144.71001,1111600
2023-01-30,143.19,143.94,142.37,142.92,1616600
2023-01-31,142.91,145.22,142.41,145.089996,1585700
2023-02-01,144.53,148.24001,144.14,147.38,1766000
2023-02-02,148.48,148.7,146.10001,147.089996,1484200
2023-02-03,145.0,147.67999,145.0,146.82001,1248400
2023-02-06,145.53,147.50999,145.53,146.23,1899800
2023-02-07,145.50999,148.87,145.0099945,148.19,1530200
2023-02-08,147.039993,148.67999,146.44,147.28,1852700
2023-02-09,149.75,152.86,149.2,150.8,3027100
2023-02-10,150.5,151.82001,145.58,147.17,2641700
2023-02-13,147.92999,149.81,147.14,149.0,1930500
2023-02-14,148.55,152.080002,147.41,151.37,1950000
2023-02-15,151.2,152.89,150.89999,152.75999,1475000
2023-02-16,150.28999,150.84,148.14,148.28,1497900
2023-02-17,147.57001,147.60001,145.19,146.34,1337900
2023-02-21,144.58,145.71001,143.91,144.080002,1202600
2023-02-22,144.24001,144.91,142.98,143.91,1126300
2023-02-23,144.77,146.14999,143.050003,145.39,1524000
2023-02-24,143.71001,145.039993,143.21001,144.78999,950700
2023-02-27,145.95,146.84,144.45,145.089996,1009700
2023-02-28,144.91,146.039993,144.47,144.50999,1547300
2023-03-01,144.27,146.020004,143.72,145.5,2188800
2023-03-02,145.089996,147.0099945,144.35001,146.19,1289700
2023-03-03,147.64,148.28999,146.83,147.58,1304900
2023-03-06,147.86,150.070007,147.78999,148.64,1041300
2023-03-07,149.020004,150.24001,146.8,146.99001,1176300
2023-03-08,146.78999,148.13,146.66,147.44,1382900
2023-03-09,148.71001,148.78999,142.14,142.41,1964000
2023-03-10,141.66,144.42,139.28,140.55,2692300
2023-03-13,139.22,139.42,136.24001,137.53999,2832300
2023-03-14,140.10001,140.63,137.7,139.070007,1607300
2023-03-15,135.71001,136.62,133.64,135.83,1952500
2023-03-16,134.87,138.88,134.69,138.33,1936600
2023-03-17,137.94,137.96001,134.92,136.53999,2830100
2023-03-20,136.94,138.86,136.42,138.029999,1246400
2023-03-21,140.16,141.94,139.57001,140.86,1562700
2023-03-22,140.75999,140.75999,137.60001,137.64,1878300
2023-03-23,138.2,140.059998,134.28,135.67,1622100
2023-03-24,134.22,134.55,129.86,131.83,2925400
2023-03-27,133.45,134.45,131.73,132.3,1939600
2023-03-28,132.0,132.95,131.64,132.50999,1665500
2023-03-29,134.039993,136.14,133.75999,135.91,1553700
2023-03-30,137.56,138.7,136.97,137.46001,1353400
2023-03-31,139.0099945,141.22,138.92,140.87,1815800
2023-04-03,140.62,141.12,138.96001,139.57001,1283700
2023-04-04,140.059998,140.25999,138.63,139.0,1169300
2023-04-05,138.3,139.75,137.52,139.49001,1718300
2023-04-06,139.82001,140.77,139.089996,140.63,1294300
2023-04-10,139.89999,142.39,139.89999,141.0,1516200
2023-04-11,141.62,142.67999,140.75,141.75,1367700
2023-04-12,142.71001,143.0099945,138.029999,138.36,1638500
2023-04-13,139.44,142.64,138.64999,142.41,1930300
2023-04-14,142.41,144.64,142.41,144.31,1349000
2023-04-17,144.78,145.98,144.17,145.14999,1278800
2023-04-18,146.23,148.12,146.0,147.020004,1708200
2023-04-19,146.62,147.67,145.67999,146.99001,1479500
2023-04-20,146.72,147.78,146.16,147.0099945,1171800
2023-04-21,147.3,148.42999,146.32001,148.020004,1233100
2023-04-24,148.58,148.91,147.0,148.45,1387800
2023-04-25,148.0,148.59,145.95,146.33,1671500
2023-04-26,147.5,148.0,138.89999,141.34,4415100
2023-04-27,142.21001,142.25999,139.17,141.74001,2937300
2023-04-28,141.37,145.039993,141.34,144.020004,2050000
2023-05-01,143.46001,147.10001,143.46001,144.45,1793500
2023-05-02,145.089996,146.55,142.52,145.96001,2140300
2023-05-03,146.38,149.0,145.53999,145.73,1692300
2023-05-04,145.25,145.28,141.8,142.62,1555000
2023-05-05,144.66,145.17999,142.83,144.61,1130100
2023-05-08,145.0,145.83,144.37,145.55,731700
2023-05-09,145.63,146.5,143.86,145.72,1074000
2023-05-10,146.25999,146.62,139.59,142.41,2136200
2023-05-11,141.45,142.059998,140.42999,141.7,1368400
2023-05-12,141.55,142.44,140.69,141.58,1245400
2023-05-15,141.98,143.31,141.14999,143.25999,1377500
2023-05-16,143.020004,143.48,142.0099945,142.47,1707300
2023-05-17,143.78999,146.089996,142.64,144.2,1501500
2023-05-18,143.72,146.87,143.14,146.25,1130600
2023-05-19,145.78,146.17999,143.49001,144.17999,1218000
2023-05-22,144.039993,144.3,142.74001,143.55,1731400
2023-05-23,141.98,142.84,136.95,137.71001,2178400
2023-05-24,136.66,137.53999,135.49001,136.85001,1712100
2023-05-25,137.8,140.13,136.91,139.92999,1339000
2023-05-26,140.0,140.94,138.0099945,138.089996,1187800
2023-05-30,138.16,139.42999,135.84,136.080002,1367400
2023-05-31,136.32001,136.95,134.42999,136.12,3337700
2023-06-01,136.58,138.42,134.78,137.67,1896700
2023-06-02,138.61,143.2,138.60001,142.8,1608700
2023-06-05,142.37,143.35001,141.32001,142.57001,1181000
2023-06-06,142.73,145.67,142.73,144.60001,1283200
2023-06-07,144.95,146.53,142.39999,142.63,1385900
2023-06-08,142.35001,143.0,141.0,142.88,1266000
2023-06-09,142.94,143.7,141.25,141.53,1253100
2023-06-12,142.72,142.72,140.84,142.67,1095700
2023-06-13,143.37,144.0,142.56,143.28999,1210700
2023-06-14,143.72,144.39999,141.67,143.55,1304300
2023-06-15,142.14999,142.14999,138.66,140.67,2970900
2023-06-16,142.24001,142.46001,139.94,140.81,2669800
2023-06-20,139.97,141.050003,138.75,139.63,1541700
2023-06-21,139.57001,142.14999,139.17999,141.14999,2040300
2023-06-22,141.14999,142.0,139.91,141.070007,1155300
2023-06-23,138.83,139.0,136.75999,137.11,4640700
2023-06-26,137.10001,140.039993,136.99001,138.34,1504000
2023-06-27,138.96001,141.49001,137.74001,141.35001,1492500
2023-06-28,141.34,142.17999,140.69,141.92,2038500
2023-06-29,140.99001,144.64,140.99001,143.92,2027100
2023-06-30,144.5,146.31,143.96001,145.55,1723300
2023-07-03,144.49001,146.029999,144.16,145.48,915500
2023-07-05,145.080002,145.36,143.49001,145.0,1579800
2023-07-06,142.89,145.81,142.5,145.7,1937400
2023-07-07,145.83,149.37,145.0099945,148.32001,1963400
2023-07-10,148.25,152.16,148.25,152.14,2431800
2023-07-11,152.97,155.020004,151.58,152.16,2069000
2023-07-12,153.55,154.12,150.89999,151.029999,1678200
2023-07-13,152.12,152.77,151.39,151.89,1479300
2023-07-14,151.82001,151.82001,147.53,147.78,2492300
2023-07-17,147.029999,150.070007,147.029999,149.0,1689100
2023-07-18,148.16,150.62,148.16,149.97,1754600
2023-07-19,149.77,149.97,148.61,148.92,1501800
2023-07-20,148.7,150.46001,148.57001,149.28999,1411100
2023-07-21,150.48,152.77,150.48,151.84,1466700
2023-07-24,151.53999,151.75,149.37,150.46001,1583300
2023-07-25,147.67999,151.42,147.21001,151.13,3998600
2023-07-26,151.7,153.21001,147.94,150.25999,4503900
2023-07-27,152.10001,154.19,151.089996,152.64,2377400
2023-07-28,153.89,155.16,153.27,154.17,2309500
2023-07-31,154.87,156.3,154.0099945,155.49001,1571700
2023-08-01,154.7,156.44,153.81,154.57001,1414400
2023-08-02,153.39999,155.67999,153.089996,153.24001,1174500
2023-08-03,150.81,151.28,148.25999,150.66,2219400
2023-08-04,151.99001,154.11,150.62,151.35001,1210200
2023-08-07,151.53,153.57001,151.53,153.48,1125400
2023-08-08,152.39999,154.080002,152.0,153.73,1392200
2023-08-09,154.28999,155.25999,153.080002,154.19,1201800
2023-08-10,155.73,157.14,154.92999,155.38,1569100
2023-08-11,154.47,155.35001,153.67,154.84,1492600
2023-08-14,154.42,155.50999,153.83,155.32001,1171100
2023-08-15,154.63,155.32001,153.37,153.66,1211500
2023-08-16,152.97,154.64999,152.87,153.7,1620400
2023-08-17,154.5,154.5,149.67999,149.78999,2094600
2023-08-18,148.69,151.50999,148.31,150.8,1261200
2023-08-21,150.8,151.85001,148.28999,149.0,1478800
2023-08-22,149.38,150.28999,148.83,149.99001,1225800
2023-08-23,149.94,150.53999,149.16,149.87,1238400
2023-08-24,148.92,150.50999,146.87,147.11,1176600
2023-08-25,147.34,148.029999,146.42,147.020004,1195300
2023-08-28,147.53999,149.45,146.85001,148.72,858900
2023-08-29,148.32001,150.12,147.28999,149.83,1482200
2023-08-30,149.83,151.58,149.42999,150.42,1215700
2023-08-31,150.69,151.25999,148.57001,148.64999,2654100
2023-09-01,150.050003,151.7,149.77,151.0,1202400
2023-09-05,150.61,150.61,147.69,148.58,1342100
2023-09-06,147.86,150.020004,147.86,149.2,1647600
2023-09-07,148.60001,148.82001,147.25,148.36,1550200
2023-09-08,149.0099945,154.25999,148.75999,154.12,2586000
2023-09-11,155.0,156.57001,153.83,154.74001,2295900
2023-09-12,154.53999,156.5,154.41,155.74001,1643400
2023-09-13,155.28999,155.56,152.89,153.39,2287800
2023-09-14,154.41,156.41,153.82001,156.14999,1562000
2023-09-15,155.95,156.69,153.89,154.41,2782600
2023-09-18,154.020004,155.2,153.23,153.36,1142200
2023-09-19,152.99001,153.23,151.5,152.14999,1757900
2023-09-20,153.029999,154.35001,152.50999,152.74001,1051600
2023-09-21,150.85001,151.17999,147.64,147.71001,1951600
2023-09-22,147.75,149.96001,147.47,147.59,1648800
2023-09-25,146.53999,148.67999,146.0,147.81,1539600
2023-09-26,147.11,149.38,147.0,147.34,1625200
2023-09-27,148.050003,150.039993,147.28999,149.36,2651700
2023-09-28,149.72,154.19,149.72,153.67,2494700
2023-09-29,154.0099945,154.42,148.88,150.17999,1853000
2023-10-02,148.97,149.62,147.45,149.22,1501100
2023-10-03,148.17,149.070007,146.41,146.77,1630800
2023-10-04,147.14,151.53999,147.14,151.0,1809700
2023-10-05,151.31,152.080002,148.39,149.83,1473200
2023-10-06,149.0,152.14,148.53,151.39,1417500
2023-10-09,149.28999,150.080002,146.35001,149.67999,1693000
2023-10-10,151.52,154.38,151.28999,153.070007,1605900
2023-10-11,153.60001,154.039993,151.56,153.69,1340500
2023-10-12,154.28999,154.28999,151.84,153.0,1365900
2023-10-13,152.55,154.0,149.67,149.98,1422900
2023-10-16,151.88,154.35001,150.83,153.8,1677000
2023-10-17,153.61,155.73,152.75999,154.83,2177500
2023-10-18,153.78999,154.7,151.73,152.28,2161300
2023-10-19,152.75999,153.74001,150.21001,150.31,1464500
2023-10-20,149.41,150.14999,147.5,147.57001,2028100
2023-10-23,148.27,149.39999,146.36,147.86,1699800
2023-10-24,148.87,150.24001,147.64999,149.64999,2077600
2023-10-25,149.0,152.78,147.58,150.75,2635100
2023-10-26,151.92,151.99001,148.45,148.47,2151200
2023-10-27,149.78,152.039993,148.42,149.17,1702400
2023-10-30,151.17,152.16,150.21001,151.28,1347300
2023-10-31,150.56,152.58,150.3,151.53,1343600
2023-11-01,152.2,152.2,149.74001,151.13,1439600
2023-11-02,151.059998,152.75,148.25,152.62,1785900
2023-11-03,154.12,156.96001,153.97,156.81,1430200
2023-11-06,157.50999,157.64999,155.41,156.32001,1603700
2023-11-07,155.81,158.60001,154.82001,158.050003,978100
2023-11-08,158.41,158.67999,156.059998,156.91,1132900
2023-11-09,157.37,158.78,156.28,158.25999,1575000
2023-11-10,158.37,162.27,157.64,161.8,1580900
2023-11-13,161.089996,163.89999,161.089996,162.67,1802500
2023-11-14,164.89999,167.50999,164.25,167.029999,1788900
2023-11-15,167.39,168.23,165.45,165.57001,1504800
2023-11-16,165.23,167.21001,164.92999,167.17,1015700
2023-11-17,168.25,168.89999,167.53999,168.28999,1134900
2023-11-20,168.61,169.41,167.47,169.17,1135600
2023-11-21,168.5,170.33,168.5,169.86,1465400
2023-11-22,171.34,172.39999,170.73,171.050003,1114200
2023-11-24,170.83,171.46001,169.82001,169.82001,777500
2023-11-27,169.47,170.67,168.45,168.77,1942000
2023-11-28,168.63,168.96001,167.31,167.37,1391300
2023-11-29,168.24001,168.47,166.38,166.66,1353600
2023-11-30,166.66,167.7,165.25,167.52,2010500
2023-12-01,167.72,171.52,167.72,170.84,1497800
2023-12-04,170.61,174.10001,170.61,171.57001,1363200
2023-12-05,169.73,170.60001,166.92,167.42999,2003600
2023-12-06,169.089996,169.86,167.95,168.059998,1401900
2023-12-07,168.28999,170.47,168.28999,170.42999,1425700
2023-12-08,170.82001,171.64999,170.25999,171.33,1597900
2023-12-11,172.62,178.12,172.62,177.0099945,2494800
2023-12-12,177.11,178.91,176.89,178.58,2050800
2023-12-13,178.67,179.32001,177.33,178.089996,1578100
2023-12-14,179.10001,179.78,175.8,176.75999,2297300
2023-12-15,175.95,177.75,175.87,177.23,3920600
2023-12-18,177.50999,178.5,176.89,178.49001,1409400
2023-12-19,179.059998,180.48,178.96001,179.74001,1448200
2023-12-20,178.62,179.63,177.33,177.67,1540500
2023-12-21,179.0,181.57001,179.0,181.52,1198900
2023-12-22,181.84,182.92,180.53,181.50999,888600
2023-12-26,181.0,181.7,180.39999,181.21001,818400
2023-12-27,181.2,181.7,180.34,181.52,892500
2023-12-28,181.53999,182.14999,181.22,181.74001,796700
2023-12-29,182.34,183.50999,181.32001,182.089996,1726500
2024-01-02,181.3,183.42999,179.2,180.070007,1546700
2024-01-03,179.35001,180.38,178.46001,178.92,1476100
2024-01-04,179.92999,180.73,178.67999,178.75,1211000
2024-01-05,178.23,181.64,178.23,180.5,1406800
2024-01-08,180.67999,182.53999,179.64,182.2,1543500
2024-01-09,179.77,181.92999,179.77,181.64999,1334700
2024-01-10,181.71001,183.22,181.62,182.52,1230800
2024-01-11,182.72,183.42,181.52,182.14999,1358600
2024-01-12,182.53999,182.8,180.62,182.16,1213500
2024-01-16,181.0,182.64,180.96001,182.39,1429200
2024-01-17,181.19,183.75999,181.19,183.52,1090600
2024-01-18,184.19,186.0099945,182.86,185.71001,1497100
2024-01-19,186.25,187.60001,185.020004,187.38,1685300
2024-01-22,187.99001,189.84,187.85001,188.45,1305100
2024-01-23,188.35001,189.32001,187.080002,187.38,1342000
2024-01-24,188.42999,189.0099945,187.19,187.57001,1462600
2024-01-25,189.42999,192.039993,189.42999,191.77,1755300
2024-01-26,191.49001,193.14999,191.050003,192.63,1677900
2024-01-29,192.42,193.19,191.14999,193.17,1418100
2024-01-30,192.57001,195.12,192.49001,194.17999,1221000
2024-01-31,194.0,194.0099945,190.8,190.96001,1976500
2024-02-01,191.8,193.74001,190.25999,193.72,1541800
2024-02-02,193.60001,196.17999,192.44,195.0099945,1625700
2024-02-05,194.19,194.33,192.0,193.67,1483400
2024-02-06,193.92999,194.8,191.92999,194.62,1887900
2024-02-07,192.5,198.14999,191.28999,196.029999,1777300
2024-02-08,197.63,197.94,191.95,194.55,1625200
2024-02-09,193.74001,194.020004,191.67999,192.16,1602900
2024-02-12,191.97,193.84,191.67,193.57001,1373800
2024-02-13,190.21001,190.81,186.83,190.11,2392300
2024-02-14,190.85001,192.77,189.77,192.7,1643800
2024-02-15,193.5,196.56,193.42999,196.16,1749500
2024-02-16,195.49001,198.050003,194.86,197.57001,1735200
2024-02-20,198.10001,198.92999,196.72,197.089996,1535300
2024-02-21,196.99001,199.35001,196.67999,199.039993,1160500
2024-02-22,200.73,203.91,200.0,202.45,1697800
2024-02-23,202.11,204.84,202.0099945,204.53999,1584900
2024-02-26,204.53999,204.87,202.5,203.0099945,1038300
2024-02-27,203.0099945,204.14,202.66,203.59,1035200
2024-02-28,202.89999,205.5,202.89999,203.96001,1490400
2024-02-29,203.75,205.039993,202.53,204.32001,3012400
2024-03-01,203.95,205.38,202.5,204.88,1272600
2024-03-04,204.53,204.91,202.029999,202.41,1170000
2024-03-05,202.11,203.95,200.85001,203.81,1396400
2024-03-06,204.11,206.64999,203.48,203.61,1277900
2024-03-07,204.78,205.24001,203.3,204.94,1115400
2024-03-08,204.28,206.64,204.029999,205.71001,932300
2024-03-11,205.39999,205.64,202.78,204.19,840700
2024-03-12,205.2,207.94,204.91,207.029999,973600
2024-03-13,207.34,209.13,206.56,208.53,1272500
2024-03-14,209.56,209.71001,206.14999,206.92,1742000
2024-03-15,204.71001,207.19,203.91,204.66,3029500
2024-03-18,206.089996,207.96001,205.0099945,206.5,2349400
2024-03-19,207.28999,208.77,207.059998,208.12,1038500
2024-03-20,208.59,211.53,207.97,210.50999,1340300
2024-03-21,211.44,211.86,210.25,210.55,1462600
2024-03-22,210.53,211.7,210.46001,211.3,1045700
2024-03-25,210.75,211.22,208.85001,210.12,1176400
2024-03-26,212.82001,213.74001,212.25999,213.039993,1482700
2024-03-27,214.17,215.14,212.34,214.34,1225100
2024-03-28,214.63,215.78999,213.050003,213.31,1247500
2024-04-01,213.31,214.57001,212.2,212.7,1038900
2024-04-02,211.17,211.67999,210.23,210.37,1412800
2024-04-03,210.89,213.020004,210.74001,212.17,1163400
2024-04-04,214.070007,214.72,207.69,208.78999,1233800
2024-04-05,209.25999,212.19,208.39999,211.69,1379700
2024-04-08,211.57001,212.63,211.14999,211.58,1086300
2024-04-09,212.21001,212.73,208.11,209.91,935900
2024-04-10,209.14999,209.94,208.039993,209.59,1149300
2024-04-11,208.89,212.14999,207.78999,210.75999,1288600
2024-04-12,208.67999,209.12,204.23,205.10001,1638100
2024-04-15,209.19,210.10001,204.39,204.42999,1202000
2024-04-16,203.75999,205.49001,202.28,202.5,1023000
2024-04-17,202.63,203.61,199.62,200.48,1936000
2024-04-18,201.22,202.10001,197.92999,198.82001,1273600
2024-04-19,198.94,200.050003,193.86,194.47,2581100
2024-04-22,196.089996,197.059998,194.12,195.14,1898700
2024-04-23,195.24001,197.72,194.71001,197.039993,2142700
2024-04-24,205.56,210.34,204.23,204.7,3141300
2024-04-25,203.080002,204.86,202.039993,203.92999,2083900
2024-04-26,203.31,205.10001,201.97,202.12,1573000
2024-04-29,202.33,204.47,201.39999,202.16,1134600
2024-04-30,201.61,202.14999,197.029999,197.28,1756300
2024-05-01,196.69,200.64,196.0,197.74001,1694100
2024-05-02,198.75999,198.75999,196.72,197.53,1466200
2024-05-03,198.64999,200.28,197.34,197.53999,1853100
2024-05-06,198.58,200.28,198.27,200.10001,903900
2024-05-07,200.3,201.47,199.089996,199.71001,902100
2024-05-08,199.0,200.64,198.49001,200.39,990900
2024-05-09,198.73,203.73,197.17,203.48,1476900
2024-05-10,204.8,208.33,204.48,208.080002,2431300
2024-05-13,208.63,209.0,205.0099945,206.089996,1912500
2024-05-14,205.96001,206.49001,203.029999,205.3,2096700
2024-05-15,205.17,207.66,204.0099945,204.57001,2111900
2024-05-16,204.77,206.84,204.080002,205.78999,1511300
2024-05-17,206.5,206.91,204.13,204.19,899700
2024-05-20,204.42999,207.14999,204.42999,205.57001,1131500
2024-05-21,205.31,206.27,203.57001,205.8,1699600
2024-05-22,205.34,207.59,202.52,204.42999,3077400
2024-05-23,204.86,204.86,199.31,200.029999,1916200
2024-05-24,200.86,203.36,200.35001,203.24001,1429900
2024-05-28,202.71001,203.83,199.38,200.0,1133800
2024-05-29,198.39,198.39,195.42,196.48,1864900
2024-05-30,197.050003,197.91,194.92999,196.53,1603600
2024-05-31,197.35001,200.81,196.28999,200.60001,3477200
2024-06-03,200.71001,201.39999,195.97,198.16,1761100
2024-06-04,197.020004,201.75,197.020004,200.44,2258600
2024-06-05,201.39999,202.78999,199.050003,202.58,1406300
2024-06-06,202.60001,204.52,200.050003,201.17,1466600
2024-06-07,200.67,202.25,200.28999,202.17999,1303100
2024-06-10,201.57001,205.34,201.50999,204.82001,1535200
2024-06-11,204.029999,206.059998,202.48,205.88,1394300
2024-06-12,207.22,211.059998,207.14,210.71001,1609500
2024-06-13,210.3,211.92999,208.11,211.64,1266600
2024-06-14,210.14,210.61,207.81,210.32001,1192400
2024-06-17,209.96001,214.85001,209.16,214.62,1636200
2024-06-18,215.0,216.89999,213.88,216.0,1689300
2024-06-20,215.71001,218.45,215.45,217.81,2265500
2024-06-21,217.5,217.60001,213.98,215.88,2129400
2024-06-24,216.0,217.39,214.33,217.039993,1727100
2024-06-25,217.71001,218.42,214.2,215.080002,1367800
2024-06-26,214.19,215.0,211.98,213.050003,1327500
2024-06-27,213.53,215.52,212.7,215.070007,1728700
2024-06-28,215.11,218.58,215.11,218.2,3934300
2024-07-01,218.73,218.83,212.44,214.23,1573800
2024-07-02,214.36,215.95,213.22,215.60001,999500
2024-07-03,216.28999,217.25999,215.35001,216.12,734400
2024-07-05,216.52,216.52,213.039993,214.41,1193500
2024-07-08,215.39999,216.34,213.19,214.57001,1172100
2024-07-09,214.53,218.21001,214.39999,215.25,1541100
2024-07-10,214.23,220.0,214.23,219.85001,1777700
2024-07-11,220.0,220.10001,216.45,216.86,1644000
2024-07-12,217.88,222.42,216.53999,220.72,1794900
2024-07-15,221.28,223.12,220.41,222.99001,1500000
2024-07-16,224.0,229.029999,224.0,228.19,1648100
2024-07-17,226.5,227.0099945,219.28999,219.78999,2044700
2024-07-18,219.27,221.38,217.50999,219.0,1287200
2024-07-19,219.19,220.16,216.88,219.19,1594800
2024-07-22,218.91,220.69,215.56,220.14999,1189500
2024-07-23,219.59,222.89,218.97,220.66,1046500
2024-07-24,219.3,219.66,214.21001,214.60001,1365300
2024-07-25,214.14999,216.78999,211.10001,213.17999,1887200
2024-07-26,215.059998,217.089996,213.78,215.61,1615600
2024-07-29,215.8,218.27,215.23,217.82001,1171200
2024-07-30,218.67999,221.42,218.089996,218.75999,1230900
2024-07-31,215.25,217.039993,211.86,214.67,2871800
2024-08-01,214.66,215.16,206.61,208.71001,2863400
2024-08-02,203.95,205.64999,200.0,204.96001,2507700
2024-08-05,199.67,202.84,197.64999,201.82001,2470500
2024-08-06,204.070007,209.23,203.17,207.12,2313500
2024-08-07,207.64,208.64,201.11,203.52,3470000
2024-08-08,203.17,206.5,203.17,205.039993,1967300
2024-08-09,205.2,208.25999,204.50999,206.32001,1210600
2024-08-12,206.41,207.0,204.89999,205.59,1383300
2024-08-13,206.52,206.67,204.55,205.16,1528400
2024-08-14,204.28,207.92999,204.020004,207.78999,1562800
2024-08-15,209.44,211.25999,209.089996,210.59,1951100
2024-08-16,210.42,213.020004,209.94,212.46001,2628200
2024-08-19,212.7,215.44,212.33,214.55,1118400
2024-08-20,214.14,214.81,212.17,212.41,805900
2024-08-21,213.46001,216.56,213.0099945,216.42999,1323700
2024-08-22,216.61,217.83,215.36,215.83,875600
2024-08-23,216.25,218.57001,216.25,217.089996,976300
2024-08-26,218.0,219.3,214.24001,215.28999,1224900
2024-08-27,215.25,219.25,214.22,218.34,1005300
2024-08-28,217.85001,218.39999,216.28999,217.080002,1637400
2024-08-29,219.42,220.46001,217.31,217.66,1196000
2024-08-30,218.66,220.14999,217.0,219.64,1582400
2024-09-03,219.070007,220.0099945,214.46001,215.64999,1581400
2024-09-04,214.84,215.12,212.98,214.25,1043000
2024-09-05,214.81,216.48,213.28,216.0,1273900
2024-09-06,216.56,219.48,212.89,213.10001,1492800
2024-09-09,214.75,217.42999,214.48,214.94,1654300
2024-09-10,215.039993,215.31,209.78999,210.64999,2052400
2024-09-11,210.21001,211.97,207.059998,211.58,2262100
2024-09-12,213.96001,216.59,213.39999,216.13,1811300
2024-09-13,216.7,217.89,215.75,216.82001,1241500
2024-09-16,218.14999,220.81,217.28999,218.10001,1845200
2024-09-17,219.5,220.78999,218.020004,220.38,1403100
2024-09-18,222.0,223.47,220.089996,220.98,1982100
2024-09-19,225.029999,225.82001,223.16,225.53999,1599100
2024-09-20,225.17,225.62,223.57001,224.64,3133300
2024-09-23,224.73,225.33,222.0099945,224.66,912000
2024-09-24,226.25999,228.55,225.64,228.47,975600
2024-09-25,228.67999,228.94,226.52,227.39,1030000
2024-09-26,228.92999,233.17999,228.21001,232.91,1660100
2024-09-27,233.72,235.67,232.99001,234.36,1419200
2024-09-30,233.64,234.35001,229.28999,230.5,2158300
2024-10-01,231.56,231.83,226.56,229.83,1948300
2024-10-02,228.50999,231.62,227.92,231.46001,1044000
2024-10-03,230.11,231.13,228.87,230.88,1088300
2024-10-04,233.45,234.71001,232.22,233.72,1217800
2024-10-07,233.55,234.96001,231.28,232.5,1359900
2024-10-08,233.84,234.66,232.28999,234.19,1108100
2024-10-09,234.48,237.53999,234.48,236.98,1343000
2024-10-10,236.27,237.070007,235.11,235.95,1035100
2024-10-11,236.0,239.25,236.0,238.13,954300
2024-10-14,237.14,238.5,236.25999,237.75999,1117400
2024-10-15,237.89,238.94,235.74001,236.12,1247100
2024-10-16,236.49001,238.089996,236.17,237.49001,1019900
2024-10-17,238.77,239.53,237.81,238.47,1129300
2024-10-18,240.0,240.0,237.39999,238.81,1238300
2024-10-21,237.95,238.8,235.96001,236.95,1141400
2024-10-22,238.14,239.059998,236.78,238.13,1842600
2024-10-23,237.5,237.5,231.13,233.5,2598800
2024-10-24,233.10001,236.60001,232.25999,235.21001,1601000
2024-10-25,237.32001,237.34,235.029999,236.11,1055800
2024-10-28,237.91,237.92,235.56,237.17,1417100
2024-10-29,236.5,239.96001,236.5,239.14999,1060300
2024-10-30,238.59,240.82001,237.89,238.41,1772800
2024-10-31,238.47,241.24001,234.53999,234.85001,1761900
2024-11-01,234.85001,238.89,234.85001,236.47,1043100
2024-11-04,235.28,235.71001,232.7,233.39999,1431000
2024-11-05,233.82001,236.53999,233.42999,235.64999,1109500
2024-11-06,244.86,249.36,243.21001,246.42999,2506900
2024-11-07,246.42999,247.73,244.75,246.23,1471100
2024-11-08,246.53999,249.16,246.3,247.64999,2392600
2024-11-11,249.59,252.35001,249.080002,250.36,1229700
2024-11-12,249.69,251.44,249.13,250.60001,963900
2024-11-13,250.13,254.059998,249.92,252.64999,1480300
2024-11-14,254.41,255.86,249.96001,250.039993,1443200
2024-11-15,249.28999,250.8,246.96001,248.41,1851500
2024-11-18,248.14,249.85001,247.48,249.039993,1003900
2024-11-19,246.3,250.17999,245.74001,249.75999,941600
2024-11-20,250.0,250.60001,248.13,250.14,787500
2024-11-21,251.020004,252.41,249.78,251.83,1174400
2024-11-22,251.86,253.81,251.28,253.0,1290400
2024-11-25,255.0099945,255.48,253.10001,253.63,2023800
2024-11-26,253.73,254.50999,251.94,253.0,1108100
2024-11-27,250.96001,252.64999,249.72,250.42,1489000
2024-11-29,251.46001,254.75,251.14,253.44,869400
2024-12-02,253.44,254.42,249.61,250.47,1264800
2024-12-03,251.73,251.87,249.58,251.020004,1306400
2024-12-04,250.78,254.029999,249.77,254.0099945,1192700
2024-12-05,254.47,256.73999,253.95,255.39,1430600
2024-12-06,255.62,259.01001,255.62,258.45999,1676900
2024-12-09,258.34,259.0,249.91,250.0,2133300
2024-12-10,252.32001,254.48,249.53,253.72,1164900
2024-12-11,256.32001,257.75,255.13,256.95001,1260800
2024-12-12,257.62,258.63,255.61,255.89999,1145900
2024-12-13,256.42001,256.47,251.55,252.75999,1183400
2024-12-16,251.66,255.33,251.59,253.0,1170700
2024-12-17,252.070007,252.89999,249.7,250.27,1580900
2024-12-18,250.5,252.24001,242.39,242.53,1232400
2024-12-19,245.23,247.080002,243.57001,245.75,1432900
2024-12-20,245.28,252.059998,244.0,249.42,3064000
2024-12-23,247.75,251.34,247.080002,250.71001,1041700
2024-12-24,250.86,253.27,250.14,253.25999,460700
2024-12-26,251.0,252.89,251.0,251.75999,651300
2024-12-27,249.2,251.85001,247.69,249.94,1288200
2024-12-30,246.66,249.56,245.0099945,248.2,1146500
2024-12-31,248.64,250.039993,246.67,247.16,876700
2025-01-02,248.56,248.75,244.14,245.12,1120800
2025-01-03,246.0,246.87,243.66,246.52,827800
2025-01-06,246.60001,246.94,242.61,243.55,1334800
2025-01-07,243.34,244.28,240.080002,241.38,1167800
2025-01-08,241.56,244.27,241.56,243.3,1124900
2025-01-10,242.28,244.87,240.0099945,240.69,1387400
2025-01-13,238.98,242.34,238.71001,241.47,1179700
2025-01-14,244.029999,245.74001,241.86,244.97,1032400
2025-01-15,248.99001,249.45,242.82001,243.92,1815100
2025-01-16,244.46001,248.19,244.46001,246.64999,2289700
2025-01-17,248.31,248.60001,246.48,246.61,1369200
2025-01-21,247.61,248.96001,244.8,247.5,2011700
2025-01-22,247.75,249.99001,246.8,248.0,1347000
2025-01-23,248.059998,250.58,246.39999,250.11,1221900
2025-01-24,250.12,250.39,247.0,247.73,1061700
2025-01-27,245.35001,249.97,245.33,249.72,1175500
2025-01-28,250.11,254.85001,249.55,253.66,1578800
2025-01-29,254.14999,255.73,252.47,253.92999,1442900
2025-01-30,255.38,258.079987,255.38,256.79001,1019500
2025-01-31,257.35001,258.31,255.50999,256.070007,1888300
2025-02-03,251.95,257.39999,250.66,256.26999,1167200
2025-02-04,257.10999,259.20999,256.079987,258.73999,1187300
2025-02-05,258.73999,260.79001,256.82999,257.85001,2105800
2025-02-06,257.67999,273.78,257.67999,270.39001,3757900
2025-02-07,270.070007,274.17999,268.20999,269.69,1639600
2025-02-10,271.10999,271.47,265.44,267.48001,1392900
2025-02-11,263.5,270.89001,263.0,269.12,2045000
2025-02-12,268.17999,274.53,268.17001,273.45001,1841700
2025-02-13,275.22,275.22,267.76999,269.51999,1546900
2025-02-14,270.78,271.0,264.70999,265.87,1699300
2025-02-18,265.78,269.29999,262.98001,268.87,1791100
2025-02-19,267.73001,270.87,266.48001,269.51001,1551600
2025-02-20,269.70001,269.81,265.13,267.81,1111700
2025-02-21,268.56,269.84,256.79999,259.48999,1797400
2025-02-24,262.079987,264.67001,258.10001,258.89999,1423400
2025-02-25,259.95001,259.95001,254.17,257.95001,1304900
2025-02-26,260.14001,262.79999,259.17001,259.95999,1235100
2025-02-27,260.95999,263.62,258.37,259.10001,1004100
2025-02-28,260.17999,265.26001,259.95001,264.95999,1715000
2025-03-03,264.89999,267.89001,260.98999,263.57999,1119300
2025-03-04,259.69,262.81,255.59,259.56,1950100
2025-03-05,259.54999,260.73999,255.72,259.48999,1284500
2025-03-06,255.080002,256.20999,250.32001,251.12,1704600
2025-03-07,250.11,250.11,242.23,247.14,2219300
2025-03-10,242.63,243.27,237.10001,238.89999,3351600
2025-03-11,236.75999,238.46001,229.16,231.83,4283200
2025-03-12,234.87,235.35001,225.17999,228.39999,3361500
2025-03-13,227.42999,227.87,220.69,221.78,4308000
2025-03-14,224.7,230.17,224.44,229.37,2766500
2025-03-17,228.36,235.5,228.36,234.64999,2486600
2025-03-18,234.029999,234.039993,226.56,227.050003,1693700
2025-03-19,228.35001,234.92,227.67,232.95,1454300
2025-03-20,230.74001,233.78,230.71001,231.91,1413200
2025-03-21,227.25999,229.42999,219.50999,229.33,4380600
2025-03-24,232.46001,233.059998,229.0099945,232.56,2097800
2025-03-25,234.0,235.0,231.87,234.67,1882900
2025-03-26,235.0,236.5,232.97,234.86,1735400
2025-03-27,233.41,233.94,229.42,232.050003,2225000
2025-03-28,230.92999,231.99001,224.32001,225.71001,1942400
2025-03-31,222.16,228.39,219.21001,227.55,3838200
2025-04-01,226.24001,228.0099945,223.35001,227.28,2005600
2025-04-02,224.39,232.039993,224.2,231.38,1508100
2025-04-03,219.85001,223.32001,215.99001,217.38,4213300
2025-04-04,212.17999,216.16,207.21001,208.85001,5071300
2025-04-07,202.16,214.38,199.67999,204.14,6159100
2025-04-08,211.0099945,211.49001,197.94,201.28,4003300
2025-04-09,199.7,219.17999,196.039993,218.64999,6665600
2025-04-10,213.69,214.13,204.25999,209.92,3213900
2025-04-11,208.53,213.89999,205.029999,212.41,2751800
2025-04-14,211.75,213.24001,206.66,210.13,2872600
2025-04-15,211.32001,213.050003,210.37,211.32001,2606000
2025-04-16,209.27,213.029999,206.86,209.089996,2300000
2025-04-17,210.8,212.45,208.89,210.45,2144500
2025-04-21,209.0,209.10001,201.14999,204.59,2519400
2025-04-22,206.60001,211.089996,206.60001,210.64,1683800
2025-04-23,217.17,221.99001,213.82001,215.36,2181200
2025-04-24,214.5,220.24001,214.039993,219.36,1786700
2025-04-25,219.56,221.27,217.24001,219.62,1591600
2025-04-28,220.91,225.17999,219.23,221.60001,2705100
2025-04-29,224.60001,227.64,221.60001,226.41,3078900
2025-04-30,223.039993,225.83,217.050003,225.48,2455000
2025-05-01,226.91,235.78999,226.91,234.089996,3868900
2025-05-02,235.2,241.52,235.2,240.89999,2992400
2025-05-05,238.41,241.37,237.53999,238.96001,1593200
2025-05-06,238.0,239.92999,235.99001,236.59,1777600
2025-05-07,238.070007,244.38,237.57001,241.64999,2099900
2025-05-08,242.89999,246.10001,241.49001,243.17999,1787800
2025-05-09,242.55,243.62,240.75999,243.0099945,1300600
2025-05-12,256.01001,259.56,249.84,252.42,2988600
2025-05-13,253.92,258.20999,253.11,256.01001,2030900
2025-05-14,255.5,257.16,252.78,253.0,2098100
2025-05-15,251.72,253.53,251.039993,252.49001,1550300
2025-05-16,252.35001,255.87,250.47,255.77,1706400
2025-05-19,252.82001,257.23999,252.0,256.45001,1072800
2025-05-20,254.83,255.63,252.52,253.41,1627200
2025-05-21,250.11,251.24001,246.49001,246.75999,2065000
2025-05-22,246.67999,248.17,245.24001,246.64,1463600
2025-05-23,243.12,245.77,243.070007,244.77,1058300
2025-05-27,247.97,253.47,247.97,253.080002,2112400
2025-05-28,253.0,253.78,250.3,250.78,1725300
2025-05-29,250.99001,252.67,246.81,248.25999,1501400
2025-05-30,247.75999,249.47,246.14999,248.44,2149700
2025-06-02,247.66,249.48,243.53999,249.13,1878900
2025-06-03,248.82001,252.78999,248.8,251.10001,1676200
2025-06-04,251.12,252.13,249.24001,249.42999,1255900
2025-06-05,249.0,250.91,247.28,248.47,1024400
2025-06-06,250.98,253.32001,249.50999,252.81,1708200
2025-06-09,252.82001,254.12,251.28,252.070007,1081000
2025-06-10,252.53,253.94,251.55,253.53999,1503300
2025-06-11,254.32001,256.66,252.34,253.53999,1624500
2025-06-12,251.89999,253.14999,249.5,250.55,1609100
2025-06-13,245.83,248.64,241.45,243.88,2254900
2025-06-16,246.7,248.81,246.13,247.35001,1420600
2025-06-17,245.64999,249.42999,245.64999,246.97,1648400
2025-06-18,247.75,250.53999,246.59,247.56,1526900
2025-06-20,249.28999,250.8,246.62,248.86,3576600
2025-06-23,248.78999,252.44,243.53,252.34,1828400
2025-06-24,254.37,257.42001,253.070007,255.92999,2349900
2025-06-25,256.76001,256.76001,251.57001,253.72,1785300
2025-06-26,254.55,258.049988,253.72,257.48999,1584700
2025-06-27,257.69,266.23999,257.69,265.5,8694900
2025-06-30,265.60999,266.69,262.73999,266.34,3011400
2025-07-01,265.42001,270.45001,264.70001,268.95999,2207000
2025-07-02,268.69,270.78,268.01001,270.10999,1292900
2025-07-03,271.32001,274.29001,271.32001,273.42001,928200
2025-07-07,272.10001,274.32999,268.17001,270.85001,1492400
2025-07-08,271.85001,274.81,271.049988,272.95999,1676500
2025-07-09,274.56,274.81,270.019989,272.53,1274000
2025-07-10,273.89999,277.76999,273.01001,277.48001,1349400
2025-07-11,275.98999,277.85999,275.14999,277.31,1327400
2025-07-14,277.26999,279.29001,274.049988,278.64999,2033400
2025-07-15,278.64999,279.45999,273.54999,274.34,1756300
2025-07-16,275.26001,275.94,271.67999,273.47,1490000
2025-07-17,273.26999,274.48001,270.040009,272.20999,1503800
2025-07-18,273.39001,273.85999,271.12,272.67999,2352500
2025-07-21,273.85001,274.51001,270.85001,270.85001,2139900
2025-07-22,272.51001,275.26999,270.70999,273.84,2930000
2025-07-23,264.89999,271.51999,264.0,266.85001,3727200
2025-07-24,266.42999,271.31,266.31,267.57001,2397800
2025-07-25,269.19,274.35999,267.70999,273.64999,1735700
2025-07-28,273.16,273.89999,270.049988,270.57001,1753800
2025-07-29,271.51999,273.14999,269.82999,273.059998,1810600
2025-07-30,273.64001,275.98001,272.10999,273.29001,1558800
2025-07-31,273.059998,274.25,267.35001,268.079987,2313800
2025-08-01,264.70001,264.70001,257.60999,260.84,1965500
2025-08-04,261.48999,262.76999,260.29001,262.42001,1129200
2025-08-05,261.62,262.39999,257.5,260.14999,1370600
2025-08-06,259.73001,262.0,258.10001,260.95001,1200500
2025-08-07,264.42001,265.029999,259.19,260.92001,1277800
2025-08-08,261.20999,265.22,258.57001,262.29999,1957900
2025-08-11,260.89999,263.45001,260.01001,261.049988,1523300
2025-08-12,262.66,269.019989,262.32999,268.76999,1408400
2025-08-13,268.45001,273.47,267.57001,272.85001,1762900
2025-08-14,271.35999,271.63,269.42001,270.34,1065100
2025-08-15,271.12,271.12,267.59,267.73001,1699100
2025-08-18,267.35999,270.76999,266.42999,269.14999,1586800
2025-08-19,268.53,273.82001,268.32999,271.73001,1604300
2025-08-20,269.85001,272.32999,268.85999,269.89999,1303800
2025-08-21,268.66,270.79001,267.64001,269.19,1259800
2025-08-22,271.01001,278.64001,270.049988,277.5,1578600
2025-08-25,277.54999,278.01001,272.94,274.070007,1242200
2025-08-26,274.35999,276.95999,273.5,275.34,1366000
2025-08-27,275.12,277.62,274.54999,276.39999,1294900
2025-08-28,277.62,277.64999,275.82001,276.29999,1728900
2025-08-29,274.39999,277.59,273.040009,276.059998,1108700
2025-09-02,273.10001,276.26001,271.059998,276.01001,1856000
2025-09-03,275.78,279.73001,274.63,275.0,1244700
2025-09-04,275.73999,279.26001,274.67999,278.059998,2003600
2025-09-05,278.20001,279.81,270.23001,272.29999,1578800
2025-09-08,272.45001,277.89999,271.87,277.79999,1544700
2025-09-09,277.079987,277.41,274.70999,274.97,863200
2025-09-10,274.31,275.67999,271.60999,273.10001,1131800
2025-09-11,273.48999,278.78,272.54001,278.22,958700
2025-09-12,277.82999,277.89001,274.69,274.73001,703600
2025-09-15,274.81,275.17999,271.17999,271.25,1442800
2025-09-16,271.73999,274.25,270.54999,273.88,1126700
2025-09-17,274.42999,274.42999,263.89999,266.41,2551500
2025-09-18,266.78,268.85001,265.59,266.29999,1683400
2025-09-19,267.81,269.57001,266.0,268.60999,3686500
2025-09-22,266.20001,267.97,265.29999,266.57999,1245900
2025-09-23,267.26999,268.72,263.63,263.70001,1233600
2025-09-24,264.019989,266.10001,260.049988,263.17001,2465800
2025-09-25,262.76001,262.76001,260.23999,261.28,2826000
2025-09-26,263.029999,264.73999,261.34,261.75,1895100
2025-09-29,263.029999,264.34,260.95999,262.28,1506500
2025-09-30,260.89001,263.0,257.89001,259.44,2525500
2025-10-01,257.81,259.41,255.050003,256.75,2225300
2025-10-02,256.64001,259.53,255.39999,258.91,1856300
2025-10-03,258.89999,259.48999,256.89001,258.42999,1677500
2025-10-06,258.23001,261.92001,257.48001,260.17999,2937800
2025-10-07,260.59,261.20001,256.39001,258.64001,2114600
2025-10-08,258.56,262.23999,256.17999,260.059998,1468400
2025-10-09,261.059998,264.14999,260.029999,260.10001,1644000
2025-10-10,260.87,264.14001,257.62,259.53,1857700
2025-10-13,260.54001,265.51001,259.79999,263.35999,1342300
2025-10-14,261.54001,268.64999,261.39001,268.39999,1040300
2025-10-15,268.39999,270.63,263.23999,265.10999,1416500
2025-10-16,265.51999,266.31,256.70001,257.47,2502000
2025-10-17,257.42999,261.94,257.42999,260.26999,1519400
2025-10-20,260.53,263.98999,260.14001,261.040009,1762600
2025-10-21,260.0,267.25,259.45999,265.95999,2082100
2025-10-22,274.0,279.60001,272.12,275.059998,3310100
2025-10-23,274.12,275.85999,266.59,267.63,2173800
2025-10-24,269.53,270.39001,266.76001,267.76999,1196100
2025-10-27,268.98999,271.13,265.13,266.22,1577100
2025-10-28,265.22,266.29999,260.44,260.89999,1690800
2025-10-29,260.37,263.69,257.48001,260.39001,2098500
2025-10-30,260.01001,263.31,258.13,260.17999,1697300
2025-10-31,259.95001,260.59,254.27,256.95999,1903100
2025-11-03,255.75999,259.63,253.53999,259.089996,1740900
2025-11-04,257.23999,260.89001,256.23999,258.64001,1720400
2025-11-05,259.31,265.45999,257.040009,264.45999,1697200
2025-11-06,264.29999,268.53,263.66,265.26999,1598800
2025-11-07,266.47,273.88,265.45001,273.32001,1904100
2025-11-10,274.23001,277.35001,272.070007,274.54001,1587200
2025-11-11,273.98999,275.16,272.81,273.60999,1636000
2025-11-12,273.22,277.67999,272.79001,274.79999,1274300
2025-11-13,274.79001,277.37,269.79999,269.89001,1410700
2025-11-14,268.5,270.5,265.88,269.67001,1276800
2025-11-17,270.26001,270.26001,264.87,266.049988,1374500
2025-11-18,264.91,270.32001,264.91,267.94,1623100
2025-11-19,268.019989,269.16,265.54001,267.01001,1234500
2025-11-20,268.01001,269.98999,263.95001,264.32001,1108400
2025-11-21,266.39001,277.029999,264.32001,274.48001,2148400
2025-11-24,274.84,276.0,271.92999,274.32999,2097300
2025-11-25,275.85001,285.97,274.92999,284.73001,2364000
2025-11-26,284.79999,287.31,283.63,285.76999,1870700
2025-11-28,285.0,287.39999,284.20999,285.029999,756100
2025-12-01,283.95001,285.64999,282.41,283.040009,1917600
2025-12-02,283.67001,283.67001,277.57001,281.17999,2039100
2025-12-03,280.82999,283.60001,278.81,280.23999,1279100
2025-12-04,276.049988,278.42001,272.14999,273.45001,1529900
2025-12-05,273.31,274.62,271.23001,272.25,1314600
2025-12-08,271.45999,273.040009,268.54999,269.82001,1137100
2025-12-09,269.35999,271.60001,268.94,269.25,1346000
2025-12-10,270.44,271.42999,267.19,271.23001,1574000
2025-12-11,272.16,279.42999,269.98999,278.17999,1563000
2025-12-12,280.070007,282.56,279.5,280.23999,1235300
2025-12-15,284.63,287.35999,282.97,285.85001,1998300
2025-12-16,285.85001,287.040009,283.25,285.82999,1893800
2025-12-17,285.79999,294.70001,285.059998,293.0,3696100
2025-12-18,292.85999,294.92001,285.79999,287.67001,2173000
2025-12-19,288.48999,293.63,287.62,292.25,3236900
2025-12-22,292.67001,294.53,291.56,292.54999,1103600
2025-12-23,292.22,293.84,290.98001,291.38,1084800
2025-12-24,291.28,293.59,290.51001,293.29999,485800
2025-12-26,292.81,294.69,292.51001,293.48001,601700
2025-12-29,292.51999,292.64001,290.51999,292.35999,982500
2025-12-30,291.39999,292.29999,289.95001,290.42999,1201900
2025-12-31,289.76999,290.39001,287.14999,287.25,1254100
2026-01-02,286.87,293.73999,286.70999,292.98001,1831900
2026-01-05,291.23001,292.63,285.60999,285.76999,2595800
2026-01-06,286.029999,293.88,285.10999,293.28,1808200
2026-01-07,291.98999,296.51999,291.0,293.5,1694400
2026-01-08,292.92999,298.85999,292.5,298.32999,1593400
2026-01-09,300.0,303.39999,299.17001,300.35999,2016900
2026-01-12,298.079987,300.95001,296.48001,300.39999,1622800
2026-01-13,300.45001,301.22,298.12,300.62,1398800
2026-01-14,299.84,301.049988,295.019989,300.13,1527600
2026-01-15,302.75,306.28,300.48001,301.85999,2218600
2026-01-16,301.0,301.95999,298.53,300.85001,1680400
2026-01-20,298.17999,299.32999,287.69,289.98001,2269200
2026-01-21,292.079987,297.60001,291.049988,296.45999,1679800
2026-01-22,297.48999,301.089996,295.12,295.92001,1625300
2026-01-23,295.87,298.26999,294.14001,298.10999,3033900
2026-01-26,298.73001,300.32001,293.35001,297.12,1775600
2026-01-27,297.88,298.67001,293.39999,296.17001,1370200
2026-01-28,294.98999,298.97,294.67999,296.31,1274900
2026-01-29,298.82001,301.82001,297.53,299.28,2848100
2026-01-30,299.29999,300.049988,295.10999,298.51001,1945800
2026-02-02,299.92001,303.57001,298.51001,302.92999,2862600
2026-02-03,303.31,306.029999,300.98001,304.60001,2784200
2026-02-04,305.64001,310.39999,305.20999,308.81,2249700
2026-02-05,308.0,310.079987,305.019989,308.72,1521500
2026-02-06,309.059998,314.95999,307.67999,314.38,1718600
2026-02-09,312.88,314.69,311.25,314.029999,2086400
2026-02-10,318.049988,325.079987,316.95001,323.70001,3133100
2026-02-11,321.76001,330.98001,320.95001,325.13,3828300
2026-02-12,325.51001,333.85999,320.35001,322.17001,2868000
2026-02-13,324.32001,324.97,313.60001,314.62,2403600
2026-02-17,316.70001,320.98001,315.85001,317.82001,2235900
2026-02-18,316.23999,319.69,313.78,315.88,1929900
2026-02-19,315.35999,316.66,309.75,312.73001,2015000
2026-02-20,311.12,315.97,310.35001,315.95999,1315400
2026-02-23,315.12,315.12,304.13,311.79999,1807400
2026-02-24,309.75,314.54999,309.67001,312.78,1419900
2026-02-25,313.72,314.92999,310.01001,313.35001,1437800
2026-02-26,315.32001,319.60999,314.56,317.82999,1160800
2026-02-27,314.029999,314.029999,307.69,311.78,2140100
2026-03-02,301.14999,308.79999,298.17999,304.79999,2511000
2026-03-03,298.0,307.66,295.88,305.94,1915000
2026-03-04,307.95001,309.5,304.56,304.91,1886000
2026-03-05,302.019989,308.059998,297.62,307.35999,2746100
2026-03-06,303.35001,303.35001,291.040009,298.64001,2381300
2026-03-09,294.079987,304.45001,290.0,303.45999,3226900
2026-03-10,302.29999,303.14001,297.84,298.37,1958200
2026-03-11,298.019989,298.39001,292.59,296.85001,1716800
2026-03-12,292.42001,296.34,289.51999,294.26001,2118000
2026-03-13,295.64001,299.79001,290.94,291.54999,1530700
2026-03-16,295.72,298.82999,294.0,296.0,1216300
2026-03-17,299.78,305.16,298.51001,301.31,1872900
2026-03-18,299.0,301.62,294.32001,294.56,1917700
2026-03-19,294.26001,298.75,292.76001,297.82999,1687900
2026-03-20,296.95001,299.059998,290.67001,292.57999,3093900
2026-03-23,298.10001,305.39999,298.10001,300.67001,1913100
2026-03-24,298.92999,300.89001,296.64001,299.91,1470200
2026-03-25,302.53,304.85001,300.48001,303.16,1447800
2026-03-26,301.81,304.70001,300.35001,301.70001,1287200
2026-03-27,300.26999,300.67999,292.37,294.040009,1524000
2026-03-30,296.87,299.29001,295.040009,295.87,1492000
2026-03-31,299.17999,305.28,296.89999,304.079987,1532900
2026-04-01,304.35001,309.049988,300.81,308.26001,1531500
2026-04-02,303.26999,309.0,300.62,304.95001,1429800
2026-04-06,302.85001,307.5,302.35999,306.88,1122600
2026-04-07,306.57999,307.72,299.059998,302.16,1500100
2026-04-08,314.13,319.29999,314.13,317.20001,1942200
2026-04-09,315.95001,323.70001,315.20001,322.51001,1630200
2026-04-10,322.98999,324.22,320.87,323.42999,1270400
2026-04-13,323.42999,327.35001,320.20001,327.26001,1367400
2026-04-14,327.26999,331.53,325.81,331.38,1746400
2026-04-15,330.70999,331.67001,325.79999,328.91,1197100
2026-04-16,330.85001,332.41,328.37,330.38,1127000
2026-04-17,334.70001,344.75,334.51001,341.029999,1874700
2026-04-20,339.85999,343.75,339.85999,342.89001,1042000
2026-04-21,342.059998,343.98001,339.38,340.20999,1414500
2026-04-22,342.53,342.53,333.47,333.67001,1542500
2026-04-23,332.53,337.62,330.32999,334.28,1152400
2026-04-24,335.20001,338.070007,332.37,335.63,1510100
2026-04-27,334.44,337.44,329.64001,332.45001,2203700
2026-04-28,323.42001,336.79999,323.049988,323.35999,2850000
2026-04-29,321.54999,323.35999,311.32999,314.5,3313500
2026-04-30,317.69,325.70001,316.76999,324.070007,2143000
2026-05-01,325.73999,327.70999,316.70999,318.60999,1732900
2026-05-04,314.75,315.64999,308.059998,311.38,1430000
2026-05-05,311.39001,315.20999,310.85999,312.76999,1712900
2026-05-06,317.95999,322.92001,315.10999,321.51001,1799100
2026-05-07,321.079987,324.0,319.14001,320.29999,1433300
2026-05-08,321.70999,323.45001,316.38,316.78,1450100
2026-05-11,314.57999,317.01001,312.54001,315.53,1632300
2026-05-12,316.70999,319.14999,313.14999,313.57001,1274100
2026-05-13,312.88,315.39001,308.76001,311.41,1844600
2026-05-14,314.38,318.48999,314.38,316.51999,1185700
2026-05-15,314.91,318.73001,314.79999,316.17001,1952500
2026-05-18,314.98999,322.88,314.98001,318.14001,1194100
2026-05-19,317.57001,318.17001,313.0,315.39001,973600
2026-05-20,317.17001,325.089996,314.54999,323.87,1292100
2026-05-21,320.59,323.91,316.48999,322.76001,981700
2026-05-22,325.85001,325.85001,318.41,321.079987,1053700
2026-05-26,322.029999,324.84,321.70999,323.81,1228200
2026-05-27,328.10999,337.64001,325.53,336.72,2365400
2026-05-28,335.25,338.28,333.73999,337.54999,2039900
2026-05-29,337.26001,337.81,327.54999,327.66,2836700
2026-06-01,323.45999,333.67999,323.23999,332.64999,1954900
2026-06-02,331.57001,333.42999,329.98999,332.85001,1331200
2026-06-03,331.20001,335.37,330.81,331.37,1331600
2026-06-04,335.16,339.78,334.35001,338.14999,1969200
2026-06-05,338.98999,346.85001,338.98999,343.10001,1291700
2026-06-08,340.94,344.53,338.39999,340.63,1313300
2026-06-09,343.64001,347.26999,339.20999,342.57001,1318000
2026-06-10,342.56,345.38,328.29999,338.22,1377500
2026-06-11,341.10001,343.57999,336.019989,341.85999,1399800
2026-06-12,346.040009,349.029999,344.26001,345.95001,1344500
2026-06-15,350.0,351.70001,345.22,347.10999,1146100
2026-06-16,346.0,352.079987,342.32001,350.22,1481000
2026-06-17,348.48999,358.0,348.10999,349.29999,1694500
2026-06-18,350.17001,356.14999,346.97,348.84,3007700
2026-06-22,347.0,348.95999,341.72,342.92999,1700300
2026-06-23,341.54999,346.85001,339.01001,343.82999,2199200
2026-06-24,343.81,350.37,342.67001,343.42001,2884300
2026-06-25,342.22,348.23001,339.88,340.54999,3175800
2026-06-26,341.29001,342.35999,331.12,332.85999,13389700
2026-06-29,337.85001,340.60001,332.53,332.54001,2657400
2026-06-30,332.48999,333.42999,329.66,330.45999,1667500
2026-07-01,329.78,335.13,329.029999,332.12,2092100
2026-07-02,333.84,338.88,331.63,338.12,1720300
2026-07-06,337.54001,339.47,332.97,339.41,1340700
2026-07-07,340.42001,342.98001,338.0,341.12,1564100
2026-07-08,337.51999,338.44,332.66,333.13,1382800
2026-07-09,333.0,338.35001,330.31,337.64999,1407000
2026-07-10,337.81,340.20001,335.20001,335.48001,938300
2026-07-13,335.69,338.98999,319.10999,322.45001,4051500
2026-07-14,322.85999,326.85999,319.76999,325.85999,1918500
2026-07-15,327.53,329.69,325.91,328.48001,1984200
2026-07-16,329.76001,332.97,322.0,323.20001,4174800
2026-07-17,322.47,323.75,318.97,321.32001,1999100
2026-07-20,323.54001,325.29001,321.38,323.42999,1695300
2026-07-21,327.78,328.070007,320.040009,323.94,1695200
2026-07-22,324.35999,326.81,322.47,324.23001,1530600
2026-07-23,318.01001,321.56,316.35001,320.17999,1613000
2026-07-24,320.51001,328.20001,320.51001,324.97,1473600
2026-07-27,328.029999,333.78,326.040009,330.85001,1987700
2026-07-28,320.62,324.79999,311.67001,322.42999,3757900
2026-07-29,317.59,325.87,317.59,321.72,2667600
2026-07-30,321.070007,324.44,316.19,322.019989,2123900
2026-07-31,322.63,324.97,317.79999,320.48999,2285500
2026-08-03,320.0,320.98999,312.51001,314.34,2997300
2026-08-04,316.69,318.040009,311.42999,312.070007,2249500
2026-08-05,313.20001,324.85999,312.070007,324.56,2043100
2026-08-06,324.66,326.5,321.59,321.98001,948100
2026-08-07,322.20001,322.67001,316.66,317.60001,1447700
2026-08-10,316.73001,316.98999,310.45001,311.0,1786600
2026-08-11,312.37,315.78,311.81,314.66,2471000
2026-08-12,321.85999,324.39999,319.29999,322.53,2486600
2026-08-13,324.95001,325.95999,319.73999,320.82001,2304600
2026-08-14,321.84,328.66,319.98999,327.20999,1879300
2026-08-17,327.45001,330.0,326.01001,326.12,2701600
2026-08-18,326.29999,332.72,325.079987,327.73999,1881800
2026-08-19,329.92999,335.79999,328.34,334.73001,2696600
2026-08-20,333.079987,333.54001,327.44,329.60999,2119500
2026-08-21,330.42001,331.98999,325.26001,326.63,1719800
2026-08-24,327.92001,332.79999,327.51001,330.070007,995700
2026-08-25,333.92001,334.42001,328.69,329.31,1248100
2026-08-26,330.34,333.089996,327.37,332.56,1731500
2026-08-27,330.45001,332.14999,325.37,325.67999,1367400
2026-08-28,327.78,327.79001,321.72,321.85001,1220100
2026-08-31,320.019989,320.76001,314.95001,316.28,2467000
2026-09-01,317.26001,319.0,310.92999,311.98999,1072400
2026-09-02,313.25,315.59,311.42999,311.51001,1276100
2026-09-03,312.13,315.91,309.085,314.355,99227
