date,open,high,low,close,volume
2006-10-18,23.7675,23.875,23.6025,23.75,1279600
2006-10-19,23.655,23.75,23.5925,23.6475,533600
2006-10-20,23.635,23.7375,23.6125,23.6125,452000
2006-10-23,23.5875,23.7275,23.5,23.5975,885200
2006-10-24,23.6175,23.65,23.4375,23.5,662400
2006-10-25,23.535,23.535,23.2975,23.365,445200
2006-10-26,23.335,23.8825,23.3125,23.775,765600
2006-10-27,22.8125,23.25,21.525,22.1175,2308400
2006-10-30,22.1075,22.125,21.32,21.3725,1691200
2006-10-31,21.27,21.3725,20.6925,20.8025,1709200
2006-11-01,20.875,21.075001,20.8025,20.8225,754000
2006-11-02,20.7575,20.9175,20.485,20.6175,1044400
2006-11-03,20.695,20.7925,20.5075,20.5975,1030000
2006-11-06,20.59,20.8475,20.51,20.75,643200
2006-11-07,20.8425,20.92,20.6975,20.83,743200
2006-11-08,20.885,21.3,20.8775,21.2225,880400
2006-11-09,21.2525,21.27,21.077499,21.1,1042800
2006-11-10,21.16,21.1825,20.9475,21.077499,454800
2006-11-13,21.1075,21.1075,20.3275,20.4325,1572400
2006-11-14,20.5525,20.7975,20.2075,20.77,950400
2006-11-15,20.755,21.115,20.735,21.055,601200
2006-11-16,21.045,21.3175,21.040001,21.195,528000
2006-11-17,21.19,21.19,21.01,21.11,298800
2006-11-20,21.15,21.18,20.9875,21.045,658400
2006-11-21,21.025,21.255,20.9025,21.18,712000
2006-11-22,21.1475,21.2075,21.0525,21.1825,631200
2006-11-24,21.105,21.2,21.0725,21.1675,425200
2006-11-27,21.07,21.245,21.067499,21.1275,1114800
2006-11-28,21.0425,21.2875,20.955,21.2825,860800
2006-11-29,21.2425,21.3775,21.22,21.2325,546400
2006-11-30,21.3125,21.3125,21.0525,21.1625,535200
2006-12-01,21.1825,21.1825,21.0,21.065001,1313600
2006-12-04,21.125,21.24,20.9225,21.155,1121600
2006-12-05,21.1125,21.2425,20.9875,21.022499,1070400
2006-12-06,20.955,21.012501,20.9025,20.9575,876800
2006-12-07,20.925,21.1225,20.92,20.9775,416400
2006-12-08,21.084999,21.092501,20.8125,20.92,619200
2006-12-11,20.9125,20.9125,20.68,20.7325,698800
2006-12-12,20.675,20.8,20.6675,20.6925,302400
2006-12-13,20.66,20.8,20.66,20.705,375200
2006-12-14,20.665,20.765,20.65,20.6875,308400
2006-12-15,20.74,20.74,20.445,20.45,441600
2006-12-18,20.5525,20.58,20.205,20.3225,624800
2006-12-19,20.23,20.23,20.1025,20.13,739200
2006-12-20,20.13,20.13,20.040001,20.045,500000
2006-12-21,20.040001,20.1875,19.8925,19.96,411200
2006-12-22,19.95,20.012501,19.875,19.9025,346000
2006-12-26,19.8875,19.9975,19.82,19.9625,551200
2006-12-27,19.95,20.059999,19.54,19.7975,979200
2006-12-28,19.7775,20.014999,19.735,19.82,1209200
2006-12-29,19.795,20.075001,19.665,19.825,410800
2007-01-03,19.89,20.077499,19.425,19.5525,1590400
2007-01-04,19.5975,19.87,19.53,19.845,823600
2007-01-05,19.87,20.56,19.845,20.2475,1828000
2007-01-08,20.2025,20.4375,20.1825,20.435,921600
2007-01-09,20.485,20.5325,20.3275,20.41,1306800
2007-01-10,20.3975,20.3975,20.15,20.2825,567200
2007-01-11,20.25,20.795,20.19,20.7775,719600
2007-01-12,20.8075,20.83,20.69,20.82,580800
2007-01-16,20.82,21.0025005,20.78,20.92,576400
2007-01-17,20.8675,20.9275,20.83,20.9075,1066000
2007-01-18,20.8325,20.92,20.795,20.9125,577600
2007-01-19,20.9625,21.1175,20.8825,21.014999,608800
2007-01-22,21.057501,21.15,21.022499,21.1375,609600
2007-01-23,21.105,21.29,21.030001,21.2125,534000
2007-01-24,21.2575,21.36,21.195,21.3475,344400
2007-01-25,21.3475,21.3525,21.07,21.2075,572000
2007-01-26,21.9,22.375,21.375,22.040001,1500800
2007-01-29,22.022499,22.1625,20.5875,20.8625,2116000
2007-01-30,20.835,21.0625,20.59,21.0375,1101200
2007-01-31,20.88,21.4825,20.88,21.4525,744400
2007-02-01,21.4075,21.7025,21.315,21.6975,940400
2007-02-02,21.7225,21.7475,21.49,21.6,476000
2007-02-05,21.525,21.5275,21.265,21.3075,537200
2007-02-06,21.265,21.2675,21.084999,21.2125,486800
2007-02-07,21.27,21.27,21.11,21.235,641600
2007-02-08,21.1425,21.2275,21.105,21.175,264000
2007-02-09,21.11,21.1675,21.065001,21.12,299600
2007-02-12,21.105,21.165,20.825,20.9025,732400
2007-02-13,20.86,20.945,20.75,20.8875,1025200
2007-02-14,20.925,20.995,20.8175,20.9675,624400
2007-02-15,20.885,21.1775,20.8525,21.065001,680800
2007-02-16,20.98,21.4125,20.98,21.4025,1208400
2007-02-20,21.435,21.49,21.3175,21.4525,854000
2007-02-21,21.3525,21.655,21.3525,21.655,525200
2007-02-22,21.725,21.87,21.67,21.8525,760800
2007-02-23,21.775,21.83,21.6975,21.775,480400
2007-02-26,21.775,21.8075,21.6875,21.775,852000
2007-02-27,21.685,21.7375,21.25,21.3,1174800
2007-02-28,21.255,21.5575,21.225,21.545,840400
2007-03-01,21.3575,21.63,21.2025,21.49,627600
2007-03-02,21.445,21.5325,21.225,21.285,425200
2007-03-05,21.355,21.5125,21.2375,21.245,528000
2007-03-06,21.29,21.305,20.9675,21.2125,1310000
2007-03-07,21.13,21.4125,21.092501,21.2875,744000
2007-03-08,21.375,21.6425,21.375,21.535,534800
2007-03-09,21.4975,21.795,21.4525,21.6325,668800
2007-03-12,21.5525,21.74,21.525,21.58,825600
2007-03-13,21.545,21.6125,21.25,21.27,667200
2007-03-14,21.255,21.335,21.105,21.31,558400
2007-03-15,21.3625,21.49,21.2625,21.4375,415600
2007-03-16,21.4475,21.5125,21.3575,21.495,398800
2007-03-19,21.515,21.7025,21.43,21.7025,229200
2007-03-20,21.715,21.715,21.3625,21.495,372800
2007-03-21,21.56,21.5625,21.2975,21.5,591200
2007-03-22,21.495,21.63,21.47,21.63,434000
2007-03-23,21.6375,21.8525,21.6375,21.8325,524000
2007-03-26,21.735,21.825,21.6275,21.75,344000
2007-03-27,21.75,21.8075,21.5275,21.6575,244000
2007-03-28,21.65,21.65,21.475,21.55,549200
2007-03-29,21.595,21.675,21.4675,21.625,491200
2007-03-30,21.5425,21.9125,21.5425,21.9075,861600
2007-04-02,21.875,22.022499,21.7425,21.9625,782000
2007-04-03,21.8925,22.094999,21.8925,22.012501,505200
2007-04-04,22.022499,22.045,21.8475,21.9625,354800
2007-04-05,21.875,22.059999,21.85,22.0049992,374800
2007-04-09,21.95,22.084999,21.935,21.9775,216000
2007-04-10,22.047501,22.17,21.905,21.965,300400
2007-04-11,21.9,21.98,21.685,21.745,303200
2007-04-12,21.6675,21.8875,21.63,21.8725,302000
2007-04-13,21.815,21.9,21.675,21.9,325200
2007-04-16,21.9175,22.055,21.8975,21.925,431600
2007-04-17,21.875,22.067499,21.875,21.9125,392800
2007-04-18,21.9125,21.9125,21.6025,21.735,326000
2007-04-19,21.6475,21.8175,21.5775,21.75,261200
2007-04-20,21.8525,21.885,21.69,21.8125,458800
2007-04-23,21.8125,22.2225,21.8125,22.030001,804400
2007-04-24,21.9925,22.1175,21.8475,22.030001,996400
2007-04-25,22.1025,22.34,21.9125,22.23,592400
2007-04-26,22.32,22.5425,22.18,22.25,978800
2007-04-27,23.5,24.225,22.9175,22.9175,2166400
2007-04-30,23.01,23.175,22.5225,22.5425,1202800
2007-05-01,22.5025,22.6175,22.34,22.425,873600
2007-05-02,22.4625,22.7275,22.44,22.6525,847200
2007-05-03,22.515,22.7275,22.3925,22.42,567600
2007-05-04,22.5025,22.5025,22.2425,22.4025,514400
2007-05-07,22.4025,22.5025,22.2325,22.34,553200
2007-05-08,22.32,22.39,22.145,22.2675,489600
2007-05-09,22.2375,22.345,22.15,22.2725,379200
2007-05-10,22.3,22.33,21.9525,21.99,447600
2007-05-11,22.2175,22.235,21.93,22.21,445600
2007-05-14,22.26,22.3325,21.9975,22.1125,290400
2007-05-15,22.049999,22.2125,21.77,21.8225,492800
2007-05-16,21.785,22.032499,21.7025,22.0025005,392400
2007-05-17,22.0375,22.0375,21.4325,21.7225,822400
2007-05-18,21.7025,21.9225,21.515,21.9125,478800
2007-05-21,21.825,22.01,21.785,21.995,482800
2007-05-22,21.945,22.235,21.925,22.23,506000
2007-05-23,22.2225,22.405,22.195,22.2375,557200
2007-05-24,22.175,22.2575,21.8275,21.9025,474000
2007-05-25,21.8825,22.084999,21.8375,21.935,377600
2007-05-29,21.895,22.125,21.8825,22.075001,311200
2007-05-30,22.1175,22.13,21.89,22.0375,564800
2007-05-31,22.075001,22.1275,21.9925,22.0725,520800
2007-06-01,22.07,22.2825,22.0625,22.23,391600
2007-06-04,22.25,22.5,22.084999,22.5,669200
2007-06-05,22.41,22.625,22.175,22.2675,573600
2007-06-06,22.2025,22.27,22.0625,22.15,569200
2007-06-07,22.1625,22.1625,21.625,21.75,930400
2007-06-08,21.6825,21.905,21.64,21.7525,600800
2007-06-11,21.7825,21.82,21.5125,21.6375,594000
2007-06-12,21.52,21.6475,21.4125,21.4775,574400
2007-06-13,21.5,21.765,21.4275,21.685,481200
2007-06-14,21.7475,22.014999,21.7,21.9525,518400
2007-06-15,21.9775,22.2275,21.9675,22.0975,608400
2007-06-18,22.02,22.065001,21.8625,21.9525,417600
2007-06-19,21.92,22.1875,21.7,22.1775,726400
2007-06-20,22.1925,22.75,22.175,22.6525,1342000
2007-06-21,22.6375,22.8225,22.6375,22.7875,746400
2007-06-22,22.7025,22.785,22.66,22.715,1024800
2007-06-25,22.7325,22.82,22.5975,22.695,966000
2007-06-26,22.7425,22.99,22.58,22.7,1176400
2007-06-27,22.75,23.6825,22.74,23.65,1197200
2007-06-28,23.685,24.1175,23.515,23.9875,1559200
2007-06-29,24.0,24.02,23.53,23.6575,1148400
2007-07-02,23.715,23.735,23.4775,23.6925,642800
2007-07-03,23.65,23.84,23.65,23.7425,261200
2007-07-05,23.8375,23.9825,23.69,23.77,643200
2007-07-06,23.8475,24.0,23.72,23.8025,469600
2007-07-09,23.725,23.93,23.725,23.915,657600
2007-07-10,23.8975,23.9425,23.74,23.8275,562000
2007-07-11,23.9075,24.075001,23.6275,24.045,509200
2007-07-12,24.030001,24.1575,23.9125,24.0175,467600
2007-07-13,24.0,24.14,23.875,24.11,228800
2007-07-16,24.032499,24.084999,23.8125,23.8475,306800
2007-07-17,23.7825,24.1175,23.77,23.8575,410800
2007-07-18,23.86,24.2225,23.835,24.13,608400
2007-07-19,24.1275,24.3375,23.975,24.27,557200
2007-07-20,24.1525,24.625,24.0074997,24.425,870400
2007-07-23,24.38,24.4875,24.13,24.3625,431200
2007-07-24,24.255,24.5625,24.255,24.5,652400
2007-07-25,24.5,24.645,24.3075,24.585,509600
2007-07-26,24.345,24.6075,24.1225,24.435,554800
2007-07-27,24.75,25.022499,24.1175,24.745,1322000
2007-07-30,24.9275,25.175,24.505,24.865,805600
2007-07-31,25.0,25.3675,24.9,25.065001,1269600
2007-08-01,24.9725,25.4625,24.5625,25.3475,937200
2007-08-02,25.495,26.2425,25.4475,25.535,1525600
2007-08-03,25.4725,27.0,25.4725,26.655,1903200
2007-08-06,26.48,27.1925,26.2375,27.1425,1398400
2007-08-07,27.14,27.3725,26.9675,27.245,1581200
2007-08-08,27.25,28.86,26.7625,27.5475,2139600
2007-08-09,27.1625,28.2225,26.975,27.29,2077200
2007-08-10,27.0375,27.7925,26.6275,26.96,1132000
2007-08-13,27.0025005,27.0025005,26.17,26.38,1095600
2007-08-14,26.4925,26.82,26.3425,26.655,569200
2007-08-15,26.535,26.9775,26.29,26.5,756800
2007-08-16,26.3325,26.5,25.9175,26.2575,1019600
2007-08-17,26.365,26.7525,26.1375,26.305,711600
2007-08-20,26.445,27.375,26.365,27.2425,824400
2007-08-21,27.2425,27.2425,26.6625,26.8975,695600
2007-08-22,26.99,27.02,26.56,26.8075,638400
2007-08-23,26.8125,27.215,26.605,26.875,514400
2007-08-24,26.975,27.077499,26.7425,27.0,433200
2007-08-27,27.067499,27.365,27.02,27.275,812000
2007-08-28,27.24,28.2025,27.205,27.7525,905200
2007-08-29,27.8125,27.955,27.5875,27.8925,655600
2007-08-30,27.795,27.9875,27.505,27.6375,513200
2007-08-31,27.79,28.055,27.5,27.9375,465600
2007-09-04,28.1225,28.75,27.9775,28.1225,771600
2007-09-05,28.0825,28.375,27.95,28.3125,484000
2007-09-06,28.185,28.3525,28.040001,28.1425,549600
2007-09-07,28.012501,28.835,28.012501,28.6525,665200
2007-09-10,28.5825,28.6225,28.17,28.335,464000
2007-09-11,28.3875,28.8975,28.2675,28.8,415600
2007-09-12,28.89,28.89,28.4825,28.69,411200
2007-09-13,28.75,28.8325,28.3875,28.64,352400
2007-09-14,28.625,28.7475,28.3525,28.6825,358000
2007-09-17,28.71,28.815,28.3,28.4675,242000
2007-09-18,28.5075,28.9375,28.275,28.67,549200
2007-09-19,28.875,28.985,28.62,28.755,710400
2007-09-20,28.7525,29.6225,28.61,28.9725,598000
2007-09-21,28.9875,29.077499,28.83,28.8725,278800
2007-09-24,28.865,28.975,28.75,28.8525,232800
2007-09-25,28.8525,28.8675,28.5,28.655,294000
2007-09-26,28.6475,28.7775,27.9075,28.145,879600
2007-09-27,28.1375,28.4125,27.375,27.725,2291600
2007-09-28,27.8,28.295,27.3975,27.3975,2105200
2007-10-01,27.3925,28.36,26.855,26.855,2352400
2007-10-02,26.79,27.825,26.79,27.345,1126400
2007-10-03,27.225,27.645,27.225,27.6,667200
2007-10-04,27.5125,28.235,27.5125,28.115,579600
2007-10-05,28.17,28.385,27.925,28.1,385200
2007-10-08,28.012501,28.4775,27.875,28.2425,653200
2007-10-09,28.1975,28.8175,28.045,28.4775,1150400
2007-10-10,28.49,28.785,28.195,28.5325,534400
2007-10-11,28.5275,28.8075,28.27,28.3125,202000
2007-10-12,28.6175,29.057501,28.3175,28.695,522000
2007-10-15,28.6125,29.0625,28.6125,29.0,652400
2007-10-16,28.905,29.1,28.8375,29.075001,450000
2007-10-17,29.115,29.79,29.092501,29.265,544000
2007-10-18,29.265,29.44,29.0175,29.25,387200
2007-10-19,29.25,29.6225,28.8925,28.9125,368400
2007-10-22,28.8175,28.935,28.0074997,28.1025,673200
2007-10-23,27.935,28.805,27.8825,28.6725,465200
2007-10-24,28.53,29.047501,28.5125,29.012501,372800
2007-10-25,29.0175,29.0175,28.375,28.5625,549200
2007-10-26,29.115,31.4225,29.0,30.025,1733200
2007-10-29,30.3625,30.3625,28.9125,29.115,1016800
2007-10-30,29.0,29.7975,29.0,29.46,819200
2007-10-31,29.6675,30.4975,29.6125,30.445,780000
2007-11-01,30.165,31.0875,29.9175,30.2625,599200
2007-11-02,30.1975,31.25,30.1975,30.65,628400
2007-11-05,30.040001,30.37,29.825,29.9175,810800
2007-11-06,30.0175,31.1975,30.0175,31.15,1179200
2007-11-07,31.15,31.68,30.9175,31.265,847600
2007-11-08,31.23,32.125,31.1375,32.067501,1288800
2007-11-09,32.067501,32.067501,31.3925,31.66,775200
2007-11-12,32.1275,32.1275,31.032499,31.235,1102800
2007-11-13,31.6975,31.6975,31.040001,31.4675,480400
2007-11-14,31.65,32.040001,31.2625,31.67,351600
2007-11-15,31.5725,32.23,31.5,32.1125,650800
2007-11-16,32.017502,32.3375,31.7175,31.88,861600
2007-11-19,31.53,31.9975,31.3225,31.5375,502000
2007-11-20,31.475,31.67,30.88,31.415,469600
2007-11-21,31.325,31.4525,29.825,29.9725,1064000
2007-11-23,30.07,30.2825,30.07,30.1675,308400
2007-11-26,29.9575,30.3975,29.9575,30.215,868000
2007-11-27,30.49,30.575,29.24,29.815,773000
2007-11-28,29.925,30.525,29.675,30.455,749400
2007-11-29,30.5,30.5,29.985,30.15,365200
2007-11-30,30.235,30.375,29.945,30.25,611200
2007-12-03,30.25,30.275,29.785,29.875,443000
2007-12-04,29.775,30.1,29.55,29.975,544600
2007-12-05,30.15,30.175,29.565,29.785,549400
2007-12-06,29.515,29.925,29.495,29.75,429600
2007-12-07,29.795,29.85,29.47,29.6,341000
2007-12-10,29.6,30.035,29.049999,29.9,626800
2007-12-11,30.049999,30.375,29.905,29.985,510600
2007-12-12,30.21,30.295,29.97,30.195,345000
2007-12-13,29.905,30.53,29.905,30.515,443600
2007-12-14,30.965,31.030001,30.335,30.485,532000
2007-12-17,30.215,30.39,29.5,29.505,417800
2007-12-18,29.565,29.59,27.88,28.35,938400
2007-12-19,28.030001,29.825,28.030001,29.315,778800
2007-12-20,29.295,29.875,28.915,29.01,540600
2007-12-21,29.07,29.74,28.9,29.335,1045600
2007-12-24,29.45,29.815,29.28,29.74,129800
2007-12-26,29.885,29.955,29.28,29.64,257800
2007-12-27,29.635,29.865,29.08,29.76,408200
2007-12-28,29.75,29.75,28.99,29.22,358600
2007-12-31,28.93,29.6,28.93,29.315,329000
2008-01-02,29.11,29.55,28.75,29.09,515600
2008-01-03,29.265,29.52,29.185,29.5,406200
2008-01-04,29.5,29.995,28.625,28.68,653600
2008-01-07,28.725,29.52,28.725,29.445,495800
2008-01-08,29.31,30.375,29.31,29.75,803200
2008-01-09,29.795,30.19,29.625,29.825,853200
2008-01-10,29.45,30.5,29.41,30.195,636600
2008-01-11,30.07,30.24,29.485,29.91,868000
2008-01-14,29.91,30.34,29.7,30.225,581000
2008-01-15,30.165,30.825,29.675,30.695,680400
2008-01-16,30.755,30.93,29.94,30.084999,1019400
2008-01-17,30.455,30.455,29.049999,29.27,522800
2008-01-18,29.27,29.44,28.445,28.715,802400
2008-01-22,27.325,28.37,26.125,27.13,1216000
2008-01-23,26.56,27.51,25.68,26.945,945000
2008-01-24,27.135,28.545,26.83,27.8,1117600
2008-01-25,27.64,27.64,25.65,26.675,1870600
2008-01-28,26.515,26.96,25.94,26.875,856000
2008-01-29,26.875,28.155,26.625,27.875,1544200
2008-01-30,28.0,28.215,27.69,27.81,641200
2008-01-31,27.565,28.35,27.385,28.185,677000
2008-02-01,28.185,29.0,28.014999,28.9,683400
2008-02-04,28.7,28.975,28.345,28.475,460800
2008-02-05,27.82,27.82,26.925,27.415,1101400
2008-02-06,27.5,27.9,27.25,27.555,533600
2008-02-07,27.615,28.15,27.275,28.09,630400
2008-02-08,27.83,28.115,27.34,27.59,618200
2008-02-11,27.78,28.475,27.275,28.365,617000
2008-02-12,28.15,28.615,28.045,28.47,369200
2008-02-13,28.8,28.875,28.405,28.555,385400
2008-02-14,28.7,28.75,28.46,28.475,340800
2008-02-15,28.26,28.55,27.755,27.915,438200
2008-02-19,28.07,28.94,28.0,28.375,490200
2008-02-20,28.084999,28.185,27.505,27.67,682400
2008-02-21,27.81,28.09,27.56,27.76,567000
2008-02-22,27.615,27.785,27.155,27.525,430800
2008-02-25,27.685,28.275,27.545,27.875,549200
2008-02-26,27.845,28.11,27.465,28.049999,502600
2008-02-27,28.175,28.175,27.625,27.945,293000
2008-02-28,27.835,28.67,27.615,28.605,786800
2008-02-29,28.25,28.305,27.625,27.735,576000
2008-03-03,27.565,27.575,26.88,27.084999,662000
2008-03-04,26.87,27.33,26.47,26.82,948400
2008-03-05,26.63,27.02,26.385,26.52,477000
2008-03-06,26.32,26.675,26.105,26.18,401600
2008-03-07,26.18,26.28,25.91,26.21,385200
2008-03-10,25.95,26.065001,24.255,24.86,1982600
2008-03-11,25.18,25.41,24.73,25.235,732800
2008-03-12,25.075001,26.0,24.865,25.46,788000
2008-03-13,25.375,25.99,25.01,25.83,441400
2008-03-14,25.725,25.98,24.885,24.9,872400
2008-03-17,24.51,24.965,24.24,24.36,598600
2008-03-18,24.45,24.94,24.38,24.715,619200
2008-03-19,24.71,25.014999,24.235,24.24,815000
2008-03-20,24.07,24.43,23.725,24.125,855600
2008-03-24,24.15,25.735,24.125,25.525,767800
2008-03-25,25.645,25.655,25.175,25.235,554600
2008-03-26,25.255,25.48,25.0049992,25.1,490000
2008-03-27,25.1,25.69,25.1,25.465,506800
2008-03-28,25.565,25.94,25.165,25.245,766200
2008-03-31,25.084999,25.24,24.62,24.63,793400
2008-04-01,24.805,24.945,24.55,24.625,1170800
2008-04-02,24.525,26.075001,24.505,25.345,1726400
2008-04-03,24.925,25.055,24.335,24.92,671400
2008-04-04,25.0,25.215,24.875,24.905,434400
2008-04-07,25.275,25.575,24.695,24.745,486000
2008-04-08,24.645,25.055,24.58,24.95,481400
2008-04-09,24.775,25.24,24.74,25.24,864200
2008-04-10,25.125,25.42,25.07,25.305,481400
2008-04-11,25.01,25.225,24.645,24.66,607600
2008-04-14,24.795,24.845,24.235,24.265,369200
2008-04-15,24.275,24.275,23.725,23.735,593200
2008-04-16,23.85,24.4,23.85,24.24,818200
2008-04-17,24.15,24.23,23.78,24.0,879000
2008-04-18,24.125,24.4,24.025,24.215,741600
2008-04-21,24.01,24.08,23.765,23.765,1023800
2008-04-22,23.75,23.95,23.37,23.49,874600
2008-04-23,23.435,23.855,23.355,23.8,920600
2008-04-24,23.8,25.83,23.505,25.13,1999000
2008-04-25,26.5,27.935,26.5,27.094999,2167200
2008-04-28,27.22,27.315,26.265,26.555,804000
2008-04-29,26.425,26.95,26.21,26.315,1178600
2008-04-30,26.5,26.825,26.075001,26.6,811400
2008-05-01,26.795,26.945,26.33,26.76,796400
2008-05-02,26.985,26.985,26.21,26.685,691000
2008-05-05,26.575,26.73,25.885,26.059999,1202400
2008-05-06,26.0,26.555,25.575,26.29,1050800
2008-05-07,26.395,26.56,25.785,25.845,609000
2008-05-08,25.795,26.09,25.66,25.8,614400
2008-05-09,25.77,25.77,25.175,25.535,595800
2008-05-12,25.505,26.040001,25.215,25.765,727000
2008-05-13,25.825,25.95,25.34,25.86,797000
2008-05-14,25.86,26.059999,25.37,25.765,761400
2008-05-15,25.695,26.07,25.34,25.945,679600
2008-05-16,26.07,26.295,25.75,26.285,614200
2008-05-19,26.145,26.145,25.77,26.045,738000
2008-05-20,26.145,26.145,25.735,25.92,615000
2008-05-21,25.735,25.915,25.09,25.09,838600
2008-05-22,25.059999,25.165,24.795,25.09,653400
2008-05-23,24.995,25.07,24.66,24.895,371800
2008-05-27,24.995,25.22,24.78,25.15,836000
2008-05-28,25.275,25.395,25.035,25.22,593400
2008-05-29,25.34,25.575,25.25,25.455,381600
2008-05-30,25.44,25.44,24.99,25.25,825600
2008-06-02,25.025,25.255,24.755,24.965,585800
2008-06-03,25.0,25.255,24.865,24.99,371800
2008-06-04,24.93,25.35,24.85,25.225,354400
2008-06-05,25.235,25.615,25.195,25.58,529400
2008-06-06,25.4,25.795,25.29,25.29,549800
2008-06-09,25.295,25.475,24.8,25.12,332400
2008-06-10,25.115,25.24,24.93,25.15,333200
2008-06-11,25.014999,25.225,24.855,24.995,463000
2008-06-12,24.74,25.125,24.74,24.85,427600
2008-06-13,25.0,25.21,24.8,24.89,301600
2008-06-16,24.885,25.725,24.825,25.65,669200
2008-06-17,25.65,27.3,25.58,26.995,1384600
2008-06-18,26.97,27.33,25.975,26.215,994800
2008-06-19,26.075001,26.63,25.865,26.595,502200
2008-06-20,26.59,26.59,25.94,26.205,1108400
2008-06-23,26.13,26.455,25.89,25.945,659400
2008-06-24,25.68,25.86,25.175,25.71,946600
2008-06-25,25.78,26.1,25.485,25.755,742400
2008-06-26,25.065001,25.815,25.065001,25.585,650800
2008-06-27,25.615,25.645,25.135,25.14,869400
2008-06-30,25.0,25.62,24.37,24.37,1442800
2008-07-01,24.845,25.16,24.38,24.69,2264200
2008-07-02,24.98,25.225,23.94,24.63,13043800
2008-07-03,24.82,25.040001,24.375,24.585,1212200
2008-07-07,24.315,24.945,24.265,24.8,1370600
2008-07-08,24.785,25.51,24.785,25.305,1424200
2008-07-09,25.41,25.675,25.07,25.15,1388800
2008-07-10,25.22,25.6,24.725,25.2,1131400
2008-07-11,24.76,25.22,24.38,25.030001,2244800
2008-07-14,25.030001,25.035,24.19,24.655,1419400
2008-07-15,24.4,25.355,24.16,25.030001,1430600
2008-07-16,25.0049992,25.97,24.825,25.795,1034000
2008-07-17,25.89,26.795,25.72,26.62,1323000
2008-07-18,26.75,26.935,26.455,26.59,578400
2008-07-21,26.58,26.85,25.835,25.935,901600
2008-07-22,25.82,26.18,25.685,26.09,1270000
2008-07-23,26.059999,26.575,26.0049992,26.094999,818000
2008-07-24,26.405,27.39,26.084999,27.125,1560200
2008-07-25,25.059999,26.775,24.825,25.2,2548600
2008-07-28,25.37,26.11,25.059999,25.96,1410600
2008-07-29,26.094999,26.285,25.685,26.13,1095200
2008-07-30,25.935,26.64,25.9,26.105,809400
2008-07-31,26.105,26.92,26.014999,26.75,942000
2008-08-01,26.855,27.2,26.485,27.01,1188600
2008-08-04,26.8,27.12,26.595,26.625,614600
2008-08-05,26.645,27.18,26.615,27.075001,731800
2008-08-06,26.995,27.265,26.93,27.15,498600
2008-08-07,27.01,27.45,26.66,26.96,542600
2008-08-08,27.07,27.845,27.02,27.5,653600
2008-08-11,27.58,28.19,27.42,28.084999,729000
2008-08-12,27.985,28.475,27.76,28.3,788600
2008-08-13,28.175,28.89,28.035,28.78,1041800
2008-08-14,28.65,28.85,28.315,28.495,570600
2008-08-15,28.515,28.85,28.105,28.815,782800
2008-08-18,28.87,29.205,28.6,28.81,822000
2008-08-19,28.795,29.1,28.525,28.63,652000
2008-08-20,28.57,28.79,28.375,28.43,526800
2008-08-21,28.4,28.565,27.945,28.22,690200
2008-08-22,28.335,28.95,28.335,28.795,718800
2008-08-25,28.955,29.0,28.32,28.715,743000
2008-08-26,28.56,28.97,28.11,28.35,799000
2008-08-27,28.47,28.59,28.045,28.35,363200
2008-08-28,28.52,28.7,28.17,28.685,358800
2008-08-29,28.565,28.715,27.85,28.15,553800
2008-09-02,28.425,29.045,28.059999,28.135,653000
2008-09-03,28.0,28.38,27.77,28.27,712600
2008-09-04,28.115,28.495,27.375,27.375,474000
2008-09-05,27.36,27.59,26.755,27.48,509400
2008-09-08,27.765,28.365,27.625,27.995,441200
2008-09-09,27.995,28.575,27.76,28.155,679400
2008-09-10,28.115,28.225,27.28,27.595,840200
2008-09-11,27.435,27.8,27.245,27.8,405600
2008-09-12,27.72,28.18,27.385,28.18,882200
2008-09-15,27.25,28.44,27.225,27.915,594400
2008-09-16,27.635,28.935,27.63,28.68,1093000
2008-09-17,28.45,28.905,27.615,28.11,775600
2008-09-18,28.485,30.135,27.865,29.725,1892800
2008-09-19,30.74,31.79,30.0,30.295,2043000
2008-09-22,30.15,30.585,29.57,29.75,519800
2008-09-23,29.69,30.5,29.415,29.56,1293000
2008-09-24,29.755,29.77,28.63,28.775,812600
2008-09-25,28.905,29.094999,28.335,29.01,1052400
2008-09-26,28.73,29.0049992,28.35,28.66,688400
2008-09-29,28.125,28.45,26.765,27.014999,638800
2008-09-30,27.705,27.835,26.455,27.4,1139200
2008-10-01,26.755,27.225,26.64,27.075001,934600
2008-10-02,27.065001,27.065001,26.245,26.395,747200
2008-10-03,26.545,26.885,25.56,25.78,947800
2008-10-06,25.545,25.565,23.16,24.030001,2045600
2008-10-07,25.165,25.165,23.505,23.71,1186200
2008-10-08,23.055,24.045,22.065001,23.29,2113400
2008-10-09,23.505,24.855,22.105,22.105,1564200
2008-10-10,21.445,21.595,18.86,20.265,3216600
2008-10-13,20.865,22.094999,20.575,22.0,1020200
2008-10-14,22.02,22.795,21.47,21.665,1477800
2008-10-15,21.455,22.24,19.875,19.935,1266200
2008-10-16,19.825,20.6,18.85,19.985,2241800
2008-10-17,19.65,21.315,19.01,20.665,1470400
2008-10-20,21.0,21.55,20.7,21.465,662200
2008-10-21,21.25,21.395,20.355,20.475,1464200
2008-10-22,20.094999,20.15,19.14,19.385,1100600
2008-10-23,19.075001,19.75,17.72,18.615,2267600
2008-10-24,13.775,17.605,12.055,15.91,7662800
2008-10-27,15.75,15.8,14.705,14.83,3952600
2008-10-28,15.09,16.945,14.95,16.885,5740000
2008-10-29,16.83,17.98,16.475,17.56,2272400
2008-10-30,17.995,17.995,17.34,17.58,1832400
2008-10-31,17.555,18.055,17.19,17.595,1794800
2008-11-03,17.38,18.25,17.225,18.059999,1000000
2008-11-04,18.275,19.235,18.07,18.825,1506800
2008-11-05,18.6,19.09,18.07,18.12,1170400
2008-11-06,18.030001,18.52,17.42,17.455,1432800
2008-11-07,17.615,18.040001,17.36,18.0,753400
2008-11-10,18.014999,18.405,17.23,17.38,842600
2008-11-11,17.2,17.2,16.29,16.595,1085800
2008-11-12,16.315,16.8,15.95,15.995,1565600
2008-11-13,16.02,17.275,15.875,17.27,2082200
2008-11-14,17.040001,17.625,16.125,16.465,1819400
2008-11-17,16.32,16.9,15.79,15.805,1953400
2008-11-18,15.82,16.035,15.49,15.925,1598800
2008-11-19,15.89,16.495,15.36,15.365,1673000
2008-11-20,15.25,15.405,13.585,13.72,3269400
2008-11-21,14.015,14.425,13.41,14.27,2267600
2008-11-24,14.41,15.125,14.41,14.96,1262200
2008-11-25,15.175,15.175,14.305,14.67,1517200
2008-11-26,14.44,15.275,14.28,15.23,1312000
2008-11-28,15.105,15.455,14.75,15.455,594800
2008-12-01,14.5,14.58,13.975,14.0050001,1763400
2008-12-02,14.18,14.71,13.975,14.68,1774800
2008-12-03,14.4,14.86,13.97,14.68,1467800
2008-12-04,14.4,14.755,13.55,13.81,1731400
2008-12-05,13.585,14.43,13.37,14.415,2118200
2008-12-08,14.65,15.25,14.625,15.2,1355400
2008-12-09,15.22,15.71,14.955,15.165,1946000
2008-12-10,15.255,15.985,15.02,15.755,1116200
2008-12-11,15.51,16.084999,15.4,15.61,1553400
2008-12-12,15.215,15.73,14.7,15.655,1475800
2008-12-15,15.675,15.84,15.25,15.46,1301600
2008-12-16,15.475,16.54,15.45,16.5,1149400
2008-12-17,16.45,17.43,16.045,17.355,1915800
2008-12-18,17.445,17.655,17.045,17.35,1243800
2008-12-19,17.555,17.915,17.049999,17.17,1237400
2008-12-22,17.21,17.535,16.525,16.885,856000
2008-12-23,16.89,17.185,16.505,16.895,694600
2008-12-24,16.91,17.08,16.745,17.01,165400
2008-12-26,17.049999,17.34,16.855,17.21,198000
2008-12-29,17.265,17.265,16.6,16.96,421600
2008-12-30,17.025,17.9,16.565,17.845,795000
2008-12-31,17.835,18.23,17.39,18.040001,1064000
2009-01-02,18.12,18.38,17.62,18.295,771200
2009-01-05,18.25,18.335,17.29,17.395,1241000
2009-01-06,15.9,16.685,15.54,16.495,2865000
2009-01-07,16.535,16.655,15.895,16.12,1752800
2009-01-08,16.25,16.43,15.55,15.75,1582000
2009-01-09,15.79,15.845,15.27,15.35,1216800
2009-01-12,15.245,15.46,14.83,15.025,1693200
2009-01-13,15.045,15.485,14.855,15.35,1598000
2009-01-14,15.115,15.17,14.805,14.98,1750600
2009-01-15,15.0,15.58,14.875,15.475,1908800
2009-01-16,15.5,15.86,15.225,15.745,1428600
2009-01-20,15.68,16.115,15.655,15.69,2778000
2009-01-21,15.835,16.16,15.75,16.09,1905200
2009-01-22,15.96,16.045,15.55,15.765,1340000
2009-01-23,15.585,15.76,15.295,15.6,956000
2009-01-26,15.595,16.265,15.55,15.625,1507600
2009-01-27,15.75,15.945,15.54,15.76,1369200
2009-01-28,16.045,16.225,15.935,16.059999,1248200
2009-01-29,15.925,16.075001,15.59,15.67,1810000
2009-01-30,15.945,16.75,15.7,16.4,4220800
2009-02-02,16.24,16.345,16.075001,16.285,1939200
2009-02-03,16.275,16.36,16.055,16.295,1817400
2009-02-04,16.275,16.625,16.135,16.405,1232200
2009-02-05,16.335,16.815,16.265,16.62,1024200
2009-02-06,16.71,17.48,16.67,17.35,2007800
2009-02-09,17.235,17.53,17.235,17.295,1303000
2009-02-10,17.265,17.46,16.74,16.78,921200
2009-02-11,16.93,17.115,16.75,17.0,647200
2009-02-12,16.83,17.33,16.595,17.295,925200
2009-02-13,17.375,17.46,17.13,17.185,953600
2009-02-17,16.785,16.875,16.405,16.615,1424200
2009-02-18,16.785,16.875,16.425,16.5,914000
2009-02-19,16.62,16.715,16.26,16.285,838800
2009-02-20,16.23,16.39,16.0,16.18,1347200
2009-02-23,16.245,16.325,15.105,15.205,1900200
2009-02-24,15.375,16.07,15.36,15.925,1121600
2009-02-25,15.795,15.93,15.45,15.675,961400
2009-02-26,15.865,15.895,15.24,15.31,1328400
2009-02-27,15.145,15.42,14.845,15.05,1405800
2009-03-02,14.94,15.115,13.86,13.925,1465000
2009-03-03,13.97,14.49,13.84,14.36,2029800
2009-03-04,14.465,15.06,14.27,14.895,1502000
2009-03-05,14.625,14.92,14.375,14.54,1072200
2009-03-06,14.585,14.71,14.26,14.615,1471400
2009-03-09,14.445,14.855,14.15,14.295,1181000
2009-03-10,14.54,15.045,14.305,15.025,1345200
2009-03-11,15.02,15.32,14.725,14.83,834800
2009-03-12,14.87,15.785,14.635,15.685,945000
2009-03-13,15.685,15.925,15.56,15.85,626000
2009-03-16,15.96,16.33,15.835,15.88,671000
2009-03-17,15.92,16.545,15.785,16.545,730800
2009-03-18,16.45,17.205,16.385,16.98,618400
2009-03-19,17.035,17.175,16.405,16.725,688400
2009-03-20,16.77,17.025,16.115,16.28,914200
2009-03-23,16.33,17.19,16.31,17.125,695400
2009-03-24,16.85,17.755,16.655,17.525,1060400
2009-03-25,17.5,18.3,17.5,18.094999,1347200
2009-03-26,17.905,18.445,17.715,18.02,1760000
2009-03-27,17.905,18.045,17.62,17.735,783200
2009-03-30,17.675,17.675,17.045,17.315,1584400
2009-03-31,17.535,18.305,17.23,17.29,1408000
2009-04-01,17.094999,17.545,16.535,17.355,1635200
2009-04-02,17.485,17.77,17.485,17.58,2310800
2009-04-03,17.63,18.125,17.24,18.12,1200600
2009-04-06,18.035,18.69,18.035,18.34,644200
2009-04-07,18.014999,18.35,17.825,18.13,656600
2009-04-08,18.475,18.475,18.115,18.295,797800
2009-04-09,18.655,19.0049992,18.62,18.965,525600
2009-04-13,18.74,19.0,18.58,18.81,763600
2009-04-14,18.685,18.985,18.66,18.815,880600
2009-04-15,18.845,18.945,18.33,18.645,1282400
2009-04-16,18.845,19.425,18.845,19.335,960800
2009-04-17,19.395,19.575,19.11,19.385,1253600
2009-04-20,19.125,19.34,18.96,18.965,1010800
2009-04-21,18.96,19.205,18.63,18.755,798200
2009-04-22,18.565,19.395,18.52,19.23,1103800
2009-04-23,19.375,19.395,18.59,19.125,1387400
2009-04-24,19.014999,20.32,19.014999,19.91,3172200
2009-04-27,19.675,20.245,19.675,19.795,1168600
2009-04-28,19.625,20.145,19.615,19.745,1255600
2009-04-29,19.95,20.1,19.68,19.88,1111200
2009-04-30,20.049999,20.235,19.645,19.65,1188600
2009-05-01,19.69,20.040001,19.075001,19.7,1131800
2009-05-04,19.675,19.935,19.555,19.935,851400
2009-05-05,19.75,20.5,19.745,20.47,895400
2009-05-06,20.6,20.765,20.15,20.665,1046800
2009-05-07,20.715,21.675,20.715,21.445,1722200
2009-05-08,21.745,22.055,21.63,21.89,1070000
2009-05-11,21.55,21.84,21.065001,21.125,1123600
2009-05-12,21.735,21.735,21.19,21.37,765600
2009-05-13,21.185,21.19,20.335,20.425,1079400
2009-05-14,20.54,20.67,20.08,20.505,886400
2009-05-15,20.485,20.72,20.255,20.4,915400
2009-05-18,20.49,20.685,20.245,20.57,778200
2009-05-19,20.605,20.975,20.455,20.88,744200
2009-05-20,20.915,21.245,20.735,20.765,486000
2009-05-21,20.765,20.815,19.985,20.11,919400
2009-05-22,20.265,20.48,20.11,20.17,309000
2009-05-26,20.0,20.97,20.0,20.96,761600
2009-05-27,20.84,21.485,20.715,20.995,703000
2009-05-28,21.11,21.475,21.035,21.15,870400
2009-05-29,21.055,21.115,20.765,21.0,2207200
2009-06-01,21.17,22.07,21.17,21.905,966000
2009-06-02,21.68,23.25,21.68,23.030001,1385200
2009-06-03,22.685,23.45,22.685,23.425,1193800
2009-06-04,23.24,23.41,22.47,22.625,990200
2009-06-05,22.76,23.094999,22.29,22.535,630000
2009-06-08,22.295,22.555,22.094999,22.23,827000
2009-06-09,22.315,22.59,22.15,22.4,608400
2009-06-10,22.47,22.595,22.175,22.29,820400
2009-06-11,22.305,22.91,22.305,22.81,376800
2009-06-12,22.64,23.405,22.63,23.255,615000
2009-06-15,22.67,22.835,21.61,22.655,1031400
2009-06-16,22.745,23.014999,22.26,22.285,691200
2009-06-17,22.33,22.865,22.33,22.545,469200
2009-06-18,22.49,22.76,22.455,22.655,379800
2009-06-19,22.92,22.92,22.34,22.435,821600
2009-06-22,22.325,22.465,21.88,21.97,884600
2009-06-23,21.83,21.98,21.69,21.82,531400
2009-06-24,21.95,22.135,21.645,22.045,457400
2009-06-25,21.885,23.094999,21.86,23.045,916800
2009-06-26,23.0049992,23.225,22.605,23.059999,718800
2009-06-29,23.059999,23.225,22.78,23.065001,271800
2009-06-30,23.15,23.305,22.935,23.1,727800
2009-07-01,23.275,23.375,22.825,22.895,611000
2009-07-02,22.725,23.055,22.16,22.395,632600
2009-07-06,22.2,22.71,22.2,22.5,592800
2009-07-07,22.275,23.13,22.275,22.94,1503800
2009-07-08,23.02,23.645,22.76,22.99,1310200
2009-07-09,23.0,23.13,22.345,22.46,374200
2009-07-10,22.425,22.68,21.995,22.084999,755400
2009-07-13,22.165,22.445,21.735,22.155,642000
2009-07-14,22.21,22.375,21.94,22.040001,596600
2009-07-15,22.355,22.64,22.094999,22.495,607200
2009-07-16,22.37,23.035,22.37,22.97,574200
2009-07-17,22.965,23.18,22.59,22.955,869200
2009-07-20,22.96,23.1,22.705,23.025,500200
2009-07-21,23.08,23.325,23.035,23.18,875000
2009-07-22,23.030001,23.48,22.61,22.72,914200
2009-07-23,22.77,24.0,22.76,23.995,1479400
2009-07-24,22.8,25.205,22.8,25.15,2171800
2009-07-27,25.09,25.395,24.63,24.995,687400
2009-07-28,24.685,25.25,24.465,24.595,647200
2009-07-29,24.395,25.035,24.285,24.9,714000
2009-07-30,24.9,25.265,24.645,25.145,787200
2009-07-31,25.0,25.455,24.815,24.91,680200
2009-08-03,25.19,25.19,24.5,24.79,914000
2009-08-04,24.75,25.4,24.75,25.395,474200
2009-08-05,25.36,25.72,24.935,25.375,696400
2009-08-06,25.38,25.495,24.96,25.1,443600
2009-08-07,25.47,25.75,25.035,25.485,273400
2009-08-10,25.29,25.615,25.21,25.475,295600
2009-08-11,25.23,25.445,25.0,25.19,376400
2009-08-12,25.19,25.7,25.0049992,25.22,738400
2009-08-13,25.395,25.415,25.15,25.35,334400
2009-08-14,25.195,25.595,24.82,25.215,361400
2009-08-17,25.014999,25.385,24.775,24.855,367600
2009-08-18,25.02,25.17,24.65,24.965,493800
2009-08-19,24.815,25.255,24.75,25.225,294600
2009-08-20,25.07,25.37,24.9,25.29,341000
2009-08-21,25.535,25.72,25.295,25.365,487200
2009-08-24,25.36,25.49,25.28,25.425,511400
2009-08-25,25.465,26.0,25.3,25.58,798800
2009-08-26,25.63,26.0,25.46,25.53,491800
2009-08-27,25.395,25.97,25.255,25.72,351000
2009-08-28,25.945,25.99,25.26,25.5,333800
2009-08-31,25.47,25.65,25.09,25.38,423800
2009-09-01,25.19,25.755,24.67,24.705,780800
2009-09-02,24.605,25.01,24.605,24.675,405000
2009-09-03,24.71,24.825,24.345,24.71,374600
2009-09-04,24.71,25.145,24.55,25.045,153400
2009-09-08,25.02,25.18,24.685,25.059999,229800
2009-09-09,24.98,25.995,24.98,25.655,284400
2009-09-10,25.72,25.915,25.455,25.9,222200
2009-09-11,25.865,26.235,25.795,26.08,240000
2009-09-14,25.79,26.495,25.76,26.435,297000
2009-09-15,26.355,26.58,26.225,26.5,230200
2009-09-16,26.505,27.025,26.495,27.025,276800
2009-09-17,26.915,27.17,26.595,26.925,282600
2009-09-18,26.975,27.105,26.845,26.9,758400
2009-09-21,26.755,27.56,26.67,27.475,421200
2009-09-22,27.45,27.45,26.635,26.705,478000
2009-09-23,26.835,26.835,25.885,25.885,480200
2009-09-24,25.925,26.02,25.11,25.25,539000
2009-09-25,25.175,25.245,24.935,25.02,288600
2009-09-28,25.17,25.89,25.13,25.8,357600
2009-09-29,25.905,25.975,25.4,25.7,471400
2009-09-30,25.595,25.71,24.84,25.0,672800
2009-10-01,24.835,24.99,24.065001,24.16,685000
2009-10-02,24.08,24.465,23.9,24.02,366200
2009-10-05,24.165,24.55,23.76,24.285,488600
2009-10-06,24.365,24.88,24.075001,24.81,240400
2009-10-07,24.685,25.040001,24.405,25.014999,348200
2009-10-08,25.040001,25.26,24.58,25.195,467000
2009-10-09,25.08,25.27,25.08,25.245,159200
2009-10-12,25.3,25.36,24.875,25.0,217200
2009-10-13,24.895,25.025,24.645,24.77,406200
2009-10-14,24.925,25.335,24.71,25.2,689200
2009-10-15,25.075001,25.475,25.0049992,25.425,419600
2009-10-16,25.32,25.705,25.22,25.575,348400
2009-10-19,25.68,26.16,25.605,26.035,480400
2009-10-20,25.985,26.145,25.795,25.9,492800
2009-10-21,25.78,26.31,25.78,25.795,507600
2009-10-22,25.71,26.5,25.485,26.3,491600
2009-10-23,27.375,27.375,25.98,27.19,1526000
2009-10-26,27.155,27.845,26.76,27.075001,1284200
2009-10-27,27.059999,27.4,26.77,26.985,565200
2009-10-28,27.059999,27.084999,26.68,26.81,729000
2009-10-29,26.86,26.86,26.38,26.39,595400
2009-10-30,26.32,26.435,25.56,25.56,557000
2009-11-02,25.73,25.73,25.125,25.45,663800
2009-11-03,25.395,25.67,25.24,25.475,578200
2009-11-04,25.625,25.83,25.3,25.32,353400
2009-11-05,25.605,25.825,25.475,25.825,442600
2009-11-06,25.72,26.0,25.46,25.9,203000
2009-11-09,26.0049992,26.36,26.0049992,26.165,294800
2009-11-10,25.98,26.665,25.745,26.405,593000
2009-11-11,26.425,26.525,26.02,26.24,314200
2009-11-12,26.185,26.215,25.65,25.805,295800
2009-11-13,25.96,26.36,25.75,26.125,184400
2009-11-16,26.055,26.735,25.94,26.575,273600
2009-11-17,26.33,26.66,26.195,26.66,253600
2009-11-18,26.58,26.665,26.22,26.425,291600
2009-11-19,26.19,26.32,25.29,25.75,469600
2009-11-20,25.51,25.585,25.155,25.365,271600
2009-11-23,25.545,26.094999,25.46,25.62,360000
2009-11-24,25.675,25.915,25.285,25.29,731600
2009-11-25,25.325,25.5,25.135,25.455,957600
2009-11-27,25.035,25.475,24.63,25.46,522600
2009-11-30,25.4,25.485,24.825,25.025,858600
2009-12-01,25.24,25.64,24.98,25.37,826200
2009-12-02,25.065001,25.775,24.735,25.7,650000
2009-12-03,25.705,26.030001,25.62,25.715,745000
2009-12-04,25.85,26.46,25.85,26.21,728200
2009-12-07,26.084999,26.475,26.0,26.08,505000
2009-12-08,25.915,26.14,25.5,25.915,618600
2009-12-09,25.865,26.155,25.68,25.76,485600
2009-12-10,25.95,26.325,25.88,26.01,378600
2009-12-11,26.195,26.195,25.65,26.08,273200
2009-12-14,26.040001,26.3,25.705,26.26,302600
2009-12-15,26.175,26.485,25.99,26.48,472400
2009-12-16,26.36,26.745,26.094999,26.155,391400
2009-12-17,26.025,26.22,25.95,26.01,292600
2009-12-18,26.045,26.185,25.845,25.985,475400
2009-12-21,26.075001,26.39,26.059999,26.16,232400
2009-12-22,26.14,26.59,26.0,26.57,252800
2009-12-23,26.59,27.01,26.42,26.93,652000
2009-12-24,26.92,26.93,26.795,26.86,97200
2009-12-28,26.925,27.18,26.375,27.09,210400
2009-12-29,27.165,27.21,27.0,27.205,193200
2009-12-30,27.19,27.335,27.155,27.305,303200
2009-12-31,27.335,27.345,26.715,26.725,494400
2010-01-04,26.85,27.175,26.715,27.040001,325200
2010-01-05,26.88,27.084999,26.775,27.084999,223600
2010-01-06,27.014999,27.37,27.014999,27.15,262400
2010-01-07,27.035,28.325,26.97,28.18,748200
2010-01-08,28.21,28.45,27.905,27.955,642800
2010-01-11,28.014999,28.955,28.014999,28.885,697200
2010-01-12,28.85,28.885,28.59,28.84,492800
2010-01-13,28.82,29.655,28.82,29.575,1040000
2010-01-14,29.6,29.975,29.6,29.815,506000
2010-01-15,29.75,29.815,29.265,29.55,422600
2010-01-19,29.505,29.875,29.3,29.675,582800
2010-01-20,29.56,29.755,29.235,29.535,353400
2010-01-21,29.485,29.545,29.125,29.18,349800
2010-01-22,29.23,29.275,28.53,28.595,501000
2010-01-25,28.84,28.84,28.23,28.375,584200
2010-01-26,28.375,28.55,28.3,28.46,248200
2010-01-27,28.315,28.53,28.09,28.35,469400
2010-01-28,28.295,29.01,28.02,28.985,691400
2010-01-29,28.41,29.049999,26.245,26.245,3663600
2010-02-01,26.375,26.65,24.515,24.965,3685000
2010-02-02,25.055,25.59,24.76,25.46,2079600
2010-02-03,25.375,25.48,25.17,25.44,720800
2010-02-04,25.23,25.555,25.049999,25.245,1428000
2010-02-05,25.18,25.415,24.63,25.025,1161200
2010-02-08,24.8,25.13,24.625,24.995,730800
2010-02-09,24.955,25.315,24.875,25.28,574600
2010-02-10,25.35,25.5,24.965,25.205,600800
2010-02-11,25.275,26.07,25.13,26.0,844800
2010-02-12,25.66,26.715,25.66,26.655,856000
2010-02-16,26.52,26.79,26.28,26.79,766200
2010-02-17,26.77,27.185,26.58,26.815,481400
2010-02-18,26.89,27.094999,26.645,26.945,406000
2010-02-19,26.85,27.075001,26.45,26.475,733000
2010-02-22,26.455,26.595,26.25,26.345,752800
2010-02-23,26.325,26.81,26.2,26.25,607800
2010-02-24,26.375,26.6,26.34,26.525,307200
2010-02-25,26.35,26.725,26.035,26.25,613600
2010-02-26,26.185,26.735,26.17,26.4,556000
2010-03-01,26.46,27.16,26.075001,27.11,810400
2010-03-02,27.035,27.8,26.99,27.71,664200
2010-03-03,27.775,28.1,27.725,27.95,564000
2010-03-04,28.02,28.275,27.665,27.72,385600
2010-03-05,27.725,28.25,27.6,28.225,386800
2010-03-08,28.28,28.35,28.040001,28.285,445200
2010-03-09,28.2,28.35,28.0,28.075001,428000
2010-03-10,28.0,28.265,27.88,27.975,455000
2010-03-11,27.79,28.01,27.65,27.935,401200
2010-03-12,27.925,28.13,27.505,28.13,400800
2010-03-15,27.895,28.32,27.895,28.31,459200
2010-03-16,28.35,28.63,28.17,28.255,970400
2010-03-17,28.365,28.445,28.27,28.375,292600
2010-03-18,28.265,28.785,28.265,28.785,277200
2010-03-19,28.955,29.040001,28.6,28.925,721600
2010-03-22,28.735,29.51,28.715,29.38,467400
2010-03-23,29.315,29.605,29.2,29.58,311200
2010-03-24,29.57,29.645,28.655,28.655,843200
2010-03-25,28.87,29.13,28.615,28.615,379200
2010-03-26,28.615,28.7,27.87,27.94,684600
2010-03-29,28.0,28.865,27.63,28.775,458600
2010-03-30,28.75,29.030001,28.645,28.825,378200
2010-03-31,28.76,28.96,28.68,28.775,307600
2010-04-01,28.935,29.185,28.8,29.035,396400
2010-04-05,29.0049992,29.11,28.81,28.975,451000
2010-04-06,28.8,28.965,28.795,28.835,351400
2010-04-07,29.055,29.3,28.96,29.084999,468000
2010-04-08,29.084999,29.26,28.655,29.17,361000
2010-04-09,29.125,29.5,29.075001,29.5,216000
2010-04-12,29.43,29.755,29.43,29.725,385600
2010-04-13,29.745,29.75,29.52,29.75,191200
2010-04-14,29.75,29.995,29.57,29.97,269200
2010-04-15,29.905,30.435,29.825,30.435,496800
2010-04-16,30.27,30.655,30.11,30.155,659000
2010-04-19,30.105,30.4,29.875,29.96,998000
2010-04-20,30.12,30.12,29.85,30.045,1103800
2010-04-21,30.09,30.105,29.8,29.87,576200
2010-04-22,29.735,30.285,29.255,30.2,777800
2010-04-23,30.305,34.285,30.21,33.43,5843600
2010-04-26,33.315,33.34,32.77,33.175,1248600
2010-04-27,33.165,33.54,32.845,33.060001,979200
2010-04-28,33.12,33.5,32.78,32.83,1413000
2010-04-29,33.075001,33.48,32.945,33.13,1034000
2010-04-30,33.24,33.62,33.014999,33.07,615200
2010-05-03,33.245,33.6,33.080002,33.575,443200
2010-05-04,33.175,33.4,32.885,33.125,764800
2010-05-05,32.965,33.73,32.615,32.87,694800
2010-05-06,32.665,33.02,30.505,31.94,1160200
2010-05-07,32.014999,32.014999,30.715,30.785,1141200
2010-05-10,31.5,32.465,31.495,32.33,461800
2010-05-11,32.0099983,33.47,31.65,32.77,616200
2010-05-12,32.685,33.415,32.685,33.325,475000
2010-05-13,33.15,33.5,33.014999,33.29,457400
2010-05-14,33.055,33.265,31.995,32.28,413400
2010-05-17,32.47,32.94,31.565,32.34,343000
2010-05-18,32.72,32.72,31.845,31.925,404600
2010-05-19,31.745,32.055,31.5,31.83,442000
2010-05-20,31.185,31.4,30.265,30.265,655800
2010-05-21,30.345,31.175,30.059999,31.01,643600
2010-05-24,30.855,31.25,30.53,30.535,306600
2010-05-25,29.88,30.395,29.285,30.335,424000
2010-05-26,30.355,31.035,30.040001,30.245,597800
2010-05-27,30.76,31.395,30.62,31.105,481800
2010-05-28,30.98,31.83,30.98,31.62,572000
2010-06-01,31.615,31.925,31.1,31.155,358800
2010-06-02,31.35,32.135,30.945,32.125,411800
2010-06-03,32.014999,32.44,31.635,32.17,196600
2010-06-04,31.71,32.3,31.0,31.09,406000
2010-06-07,31.175,31.555,30.36,30.435,333800
2010-06-08,30.43,30.725,30.075001,30.645,319800
2010-06-09,30.885,31.38,30.8,31.09,504200
2010-06-10,31.5,31.935,31.105,31.86,314200
2010-06-11,31.46,32.36,31.46,32.295,227200
2010-06-14,32.35,32.625,32.0,32.075001,307000
2010-06-15,32.13,32.405,31.61,32.305,477600
2010-06-16,32.060001,32.53,32.060001,32.35,277800
2010-06-17,32.305,32.61,32.285,32.515,339200
2010-06-18,32.47,32.695,32.0050011,32.425,722000
2010-06-21,32.685,33.0099983,32.285,32.425,275600
2010-06-22,32.38,32.9,31.62,31.705,400600
2010-06-23,31.78,32.145,31.225,31.43,173800
2010-06-24,31.26,31.5,30.965,31.0,271000
2010-06-25,31.145,31.47,30.69,31.425,895800
2010-06-28,31.53,31.98,31.155,31.67,187600
2010-06-29,31.31,31.435,30.375,30.585,467400
2010-06-30,30.595,31.175,30.315,30.45,365800
2010-07-01,30.4,30.595,29.39,30.38,697800
2010-07-02,30.53,30.75,30.285,30.44,176000
2010-07-06,30.92,31.065001,30.0049992,30.155,499400
2010-07-07,30.275,31.715,30.275,31.645,503200
2010-07-08,31.825,31.985,31.0,31.365,499400
2010-07-09,31.33,31.9,31.33,31.865,329000
2010-07-12,31.71,32.0,31.48,31.705,296200
2010-07-13,31.915,32.0,31.73,31.87,426200
2010-07-14,31.72,32.0,31.5,31.665,380800
2010-07-15,31.705,31.87,30.87,31.29,559000
2010-07-16,31.135,31.185,30.435,30.445,629200
2010-07-19,30.425,30.425,29.75,29.825,1225800
2010-07-20,29.52,30.58,29.25,30.48,1053200
2010-07-21,30.705,30.705,29.725,29.74,700200
2010-07-22,30.0,31.094999,29.91,31.025,1254200
2010-07-23,30.665,30.665,29.265,29.945,1486600
2010-07-26,30.0,30.34,29.75,30.19,882200
2010-07-27,30.28,30.79,30.25,30.35,791200
2010-07-28,30.41,30.61,29.47,29.54,1044800
2010-07-29,29.95,30.049999,28.91,29.215,639200
2010-07-30,28.945,29.425,28.745,29.37,391200
2010-08-02,29.82,29.98,29.515,29.83,509400
2010-08-03,29.745,29.85,29.51,29.635,756200
2010-08-04,29.75,30.065001,29.705,30.065001,544800
2010-08-05,29.825,30.075001,29.65,29.78,511400
2010-08-06,29.435,29.705,29.28,29.605,422000
2010-08-09,29.685,30.08,29.685,29.895,292800
2010-08-10,29.765,29.81,29.33,29.345,695400
2010-08-11,29.02,29.28,28.29,28.51,640000
2010-08-12,28.195,28.51,27.85,28.27,347800
2010-08-13,28.135,28.47,28.025,28.14,340200
2010-08-16,27.93,28.3,27.895,28.09,520800
2010-08-17,28.275,28.745,28.215,28.46,357200
2010-08-18,28.4,28.825,28.0,28.575,249000
2010-08-19,28.385,28.595,28.13,28.455,574000
2010-08-20,28.26,28.555,28.145,28.525,391200
2010-08-23,28.575,28.83,28.375,28.4,347000
2010-08-24,28.035,28.21,27.4,27.845,724200
2010-08-25,27.595,28.16,27.545,28.02,682800
2010-08-26,28.17,28.22,27.86,27.925,356600
2010-08-27,28.115,28.645,27.76,28.495,388600
2010-08-30,28.355,28.525,27.75,27.75,403800
2010-08-31,27.65,27.975,27.515,27.635,527400
2010-09-01,28.025,28.595,27.77,28.57,467000
2010-09-02,28.48,29.07,28.48,29.02,245800
2010-09-03,29.26,29.67,28.97,29.15,447200
2010-09-07,29.73,29.73,28.565,28.725,334400
2010-09-08,28.7,29.08,28.65,28.82,257200
2010-09-09,29.105,29.275,28.645,28.67,325000
2010-09-10,28.67,28.935,28.46,28.74,210600
2010-09-13,28.875,29.1,28.775,28.86,485000
2010-09-14,28.84,29.31,28.775,29.13,324600
2010-09-15,28.985,29.615,28.785,29.505,445600
2010-09-16,29.45,29.665,29.27,29.53,258400
2010-09-17,29.615,30.075001,29.55,29.965,556800
2010-09-20,30.0,30.5,29.84,30.43,368400
2010-09-21,30.32,30.445,29.605,29.635,563800
2010-09-22,29.545,30.0049992,29.265,29.68,296800
2010-09-23,29.445,30.094999,29.38,29.88,445600
2010-09-24,30.25,30.525,29.91,30.28,331600
2010-09-27,30.25,30.29,29.82,30.15,472400
2010-09-28,30.16,30.455,29.915,30.38,184400
2010-09-29,30.36,30.495,30.18,30.46,252200
2010-09-30,30.525,31.205,30.525,30.86,823600
2010-10-01,31.030001,31.25,30.7,31.145,548200
2010-10-04,31.030001,31.25,30.78,30.935,368400
2010-10-05,31.145,31.575,31.040001,31.42,339200
2010-10-06,31.425,31.585,30.995,31.115,444000
2010-10-07,31.23,31.27,30.88,30.975,547200
2010-10-08,30.89,31.255,30.765,30.93,397600
2010-10-11,30.905,31.115,30.835,30.925,163000
2010-10-12,30.805,30.89,30.46,30.76,238000
2010-10-13,30.99,31.24,30.78,31.07,301600
2010-10-14,31.065001,31.5,30.975,31.065001,406400
2010-10-15,31.205,31.32,30.855,31.135,309000
2010-10-18,31.09,31.87,31.09,31.865,333000
2010-10-19,31.43,31.7,31.105,31.195,697800
2010-10-20,31.25,31.45,31.17,31.25,450400
2010-10-21,31.25,31.53,31.084999,31.23,605600
2010-10-22,31.395,31.745,30.995,31.57,596800
2010-10-25,31.5,31.525,30.75,30.785,837600
2010-10-26,30.57,31.014999,30.5,30.5,679000
2010-10-27,30.35,30.54,30.049999,30.17,547800
2010-10-28,30.375,30.495,30.075001,30.245,245400
2010-10-29,30.059999,30.235,29.915,29.98,383200
2010-11-01,30.08,30.325,29.825,30.094999,531000
2010-11-02,30.235,30.495,30.014999,30.014999,440600
2010-11-03,30.02,30.54,30.02,30.435,328000
2010-11-04,30.805,31.45,30.625,30.88,706800
2010-11-05,30.79,30.92,30.5,30.905,430600
2010-11-08,30.69,31.34,30.675,31.34,474200
2010-11-09,31.4,31.55,31.295,31.47,615800
2010-11-10,31.34,32.185,31.27,32.175,627000
2010-11-11,31.85,32.17,31.8,31.98,361400
2010-11-12,31.75,31.935,31.46,31.55,415000
2010-11-15,31.62,32.075001,31.43,31.8,310000
2010-11-16,31.595,31.66,31.32,31.605,643200
2010-11-17,31.58,31.925,31.3,31.745,580600
2010-11-18,32.11,32.585,32.029999,32.24,255200
2010-11-19,32.25,32.42,32.055,32.275,230800
2010-11-22,32.055,32.285,31.75,32.12,352800
2010-11-23,31.95,32.585,31.75,32.48,581600
2010-11-24,32.625,32.98,32.405,32.915,381400
2010-11-26,32.63,32.775,32.36,32.465,173800
2010-11-29,32.2,32.27,31.7,32.145,512600
2010-11-30,31.92,32.305,31.905,32.105,424800
2010-12-01,32.44,33.0,32.37,32.825,392600
2010-12-02,32.515,33.25,32.515,33.125,289200
2010-12-03,32.845,33.46,32.845,33.37,357000
2010-12-06,33.38,33.46,32.985,33.12,331000
2010-12-07,33.435,33.705,33.365,33.515,374000
2010-12-08,33.5,34.080002,33.35,33.58,464400
2010-12-09,33.795,33.94,33.59,33.7,213200
2010-12-10,33.725,34.9,33.725,34.87,583200
2010-12-13,34.87,35.365,34.7,35.049999,491600
2010-12-14,35.0099983,35.835,35.0099983,35.53,496600
2010-12-15,35.525,36.2,35.525,35.745,625000
2010-12-16,35.52,35.66,35.33,35.5,603400
2010-12-17,35.615,35.96,35.365,35.92,703800
2010-12-20,35.89,36.12,35.75,35.845,294600
2010-12-21,35.875,35.925,35.505,35.59,260000
2010-12-22,35.505,35.94,35.505,35.67,257400
2010-12-23,35.64,35.84,35.505,35.51,129000
2010-12-27,35.365,35.965,35.325,35.73,391000
2010-12-28,35.625,35.75,35.47,35.61,327600
2010-12-29,35.625,35.78,35.23,35.23,302200
2010-12-30,35.14,35.475,34.94,35.099998,264200
2010-12-31,35.080002,35.12,34.565,34.61,356200
2011-01-03,34.92,35.54,34.815,34.875,927000
2011-01-04,34.825,34.965,34.235,34.44,487200
2011-01-05,34.14,34.915,33.65,34.55,668600
2011-01-06,34.515,34.765,34.395,34.5,287000
2011-01-07,34.625,34.63,33.985,34.24,267200
2011-01-10,34.0099983,34.46,33.74,34.25,658000
2011-01-11,34.245,34.51,33.96,34.47,797400
2011-01-12,34.45,34.745,34.45,34.68,498800
2011-01-13,34.57,34.72,34.17,34.25,747600
2011-01-14,34.245,34.775,34.165,34.665,529000
2011-01-18,34.585,35.3,34.55,35.275,1003200
2011-01-19,35.125,35.595,35.0,35.055,1092400
2011-01-20,35.0,35.225,34.95,35.025002,724400
2011-01-21,35.165,35.25,35.0,35.105,455400
2011-01-24,35.105,35.875,35.105,35.65,573600
2011-01-25,35.5,36.044998,35.285,36.029999,402600
2011-01-26,36.185,36.9,36.17,36.535,918600
2011-01-27,36.6,36.7,36.405,36.55,633000
2011-01-28,36.7,37.0,35.27,35.43,1208800
2011-01-31,35.345,36.0,35.29,35.85,506600
2011-02-01,36.029999,36.405,35.145,36.27,453200
2011-02-02,36.12,36.535,35.96,36.31,324600
2011-02-03,36.235,37.049999,36.235,36.915,425000
2011-02-04,37.0,37.335,36.655,37.21,325800
2011-02-07,37.255,37.77,37.014999,37.535,358800
2011-02-08,37.615,37.835,37.465,37.5,341000
2011-02-09,37.475,37.73,37.345,37.52,570800
2011-02-10,37.38,37.885,37.235,37.775,498400
2011-02-11,37.595,38.355,37.335,38.355,228200
2011-02-14,38.105,38.8,38.105,38.795,380000
2011-02-15,38.62,39.425,38.62,39.084999,474400
2011-02-16,39.22,39.425,38.91,39.060001,396000
2011-02-17,38.9,39.125,38.74,38.94,658200
2011-02-18,38.975,39.665,38.91,39.665,760400
2011-02-22,39.485,39.57,38.72,38.75,636000
2011-02-23,38.76,38.815,37.625,38.125,619600
2011-02-24,38.099998,38.34,37.695,37.87,575400
2011-02-25,37.985,38.825,36.77,38.825,581000
2011-02-28,39.0099983,39.39,38.79,38.85,582000
2011-03-01,39.0050011,39.45,38.63,38.82,480800
2011-03-02,38.855,39.395,38.66,39.28,431000
2011-03-03,39.505,39.945,39.39,39.565,602600
2011-03-04,39.375,39.61,38.85,39.080002,606600
2011-03-07,39.044998,39.080002,38.02,38.45,599600
2011-03-08,38.45,38.97,38.35,38.81,658200
2011-03-09,38.685,38.96,38.565,38.785,400200
2011-03-10,38.315,38.72,38.025002,38.345,439600
2011-03-11,38.14,38.58,38.125,38.455,337200
2011-03-14,38.040001,38.565,37.975,38.235,548800
2011-03-15,37.5,38.0,37.42,37.69,483400
2011-03-16,37.725,38.084999,37.39,37.39,490200
2011-03-17,37.485,37.765,37.335,37.605,337600
2011-03-18,37.88,38.31,37.755,37.88,434000
2011-03-21,38.34,38.845,38.24,38.3,351800
2011-03-22,38.375,38.47,38.040001,38.185,286400
2011-03-23,38.175,38.23,37.87,38.145,209000
2011-03-24,38.365,38.43,38.0099983,38.34,337200
2011-03-25,38.375,38.715,38.335,38.49,432000
2011-03-28,38.38,38.495,38.105,38.185,760600
2011-03-29,38.060001,38.47,38.060001,38.425,248400
2011-03-30,38.425,38.615,38.31,38.515,348800
2011-03-31,38.375,38.74,38.265,38.61,556000
2011-04-01,38.72,39.735,38.63,39.68,567600
2011-04-04,39.665,39.95,39.585,39.705,517800
2011-04-05,39.565,39.695,39.255,39.48,537200
2011-04-06,39.5,39.585,39.19,39.2,413000
2011-04-07,39.135,39.355,38.73,38.85,370000
2011-04-08,39.07,39.12,38.655,38.87,239000
2011-04-11,38.82,38.905,38.575,38.72,293000
2011-04-12,38.585,39.4,38.495,38.65,471400
2011-04-13,38.76,38.845,38.43,38.745,326000
2011-04-14,38.7,39.115,38.565,39.049999,210400
2011-04-15,39.18,39.775,39.0,39.77,575200
2011-04-18,39.17,39.405,38.66,38.825,416200
2011-04-19,38.905,39.095001,38.76,39.07,221600
2011-04-20,39.6,40.0,39.485,39.94,376000
2011-04-21,39.7,40.255,39.65,40.064999,531200
2011-04-25,39.88,40.5,39.88,39.95,460000
2011-04-26,39.71,40.3,39.71,40.205,519800
2011-04-27,40.155,40.53,40.029999,40.515,366000
2011-04-28,40.405,40.58,40.175,40.55,278000
2011-04-29,40.52,41.12,40.385,40.715,380000
2011-05-02,40.75,40.995,40.525,40.62,296000
2011-05-03,40.445,40.69,39.97,40.145,482000
2011-05-04,40.13,40.425,39.635,39.95,646600
2011-05-05,39.79,40.71,39.5,40.335,420200
2011-05-06,40.635,40.93,40.3,40.62,346000
2011-05-09,40.535,40.9,40.285,40.875,300000
2011-05-10,40.875,41.295,40.875,41.2,341600
2011-05-11,41.2,41.455,40.625,41.125,466400
2011-05-12,40.96,41.34,40.66,41.195,422400
2011-05-13,41.095001,41.205,40.5,40.57,540000
2011-05-16,40.355,40.56,40.2,40.27,490600
2011-05-17,40.035,40.18,39.495,39.83,297800
2011-05-18,39.97,40.875,39.76,40.775,400000
2011-05-19,40.79,41.055,40.45,40.685,393800
2011-05-20,40.545,40.765,39.87,40.029999,351400
2011-05-23,39.465,40.0050011,38.975,39.0,630000
2011-05-24,39.09,39.185,38.585,38.8,424200
2011-05-25,38.75,39.095001,38.455,38.98,538800
2011-05-26,38.84,39.47,38.66,39.41,399600
2011-05-27,39.41,39.51,39.07,39.155,280400
2011-05-31,39.4,39.585,39.055,39.36,862600
2011-06-01,39.16,39.36,38.445,38.49,661000
2011-06-02,38.8,38.8,37.86,37.895,1066800
2011-06-03,37.5,38.225,37.285,37.345,626400
2011-06-06,37.24,37.355,36.675,36.69,479400
2011-06-07,36.91,37.17,36.535,36.875,448200
2011-06-08,36.875,36.875,36.425,36.44,574800
2011-06-09,36.46,37.084999,36.4,36.775,465200
2011-06-10,36.67,36.735,36.135,36.315,468000
2011-06-13,36.325,36.45,35.995,36.21,448000
2011-06-14,36.52,37.3,36.475,37.099998,448000
2011-06-15,36.745,37.19,36.445,36.55,525400
2011-06-16,36.495,36.9,36.255,36.485,375600
2011-06-17,36.755,37.075001,36.565,36.615,817200
2011-06-20,36.625,37.145,36.625,37.12,313400
2011-06-21,37.4,38.0,37.155,37.8,669200
2011-06-22,37.715,37.88,37.465,37.7,939200
2011-06-23,37.35,37.74,36.5,37.66,585000
2011-06-24,37.655,37.655,37.18,37.38,738600
2011-06-27,37.42,37.695,37.17,37.495,586600
2011-06-28,37.68,38.86,37.68,38.555,848000
2011-06-29,38.63,39.02,38.35,38.885,508800
2011-06-30,39.0,39.315,38.78,38.78,522000
2011-07-01,38.71,39.38,38.71,39.335,564800
2011-07-05,39.255,39.45,38.92,39.225,439400
2011-07-06,39.24,39.775,39.155,39.76,505400
2011-07-07,39.84,40.335,39.835,40.2,353600
2011-07-08,39.865,39.98,39.555,39.755,613600
2011-07-11,39.415,39.61,38.93,38.99,271400
2011-07-12,39.07,39.49,39.07,39.26,378800
2011-07-13,39.6,40.36,39.395,39.635,526600
2011-07-14,39.725,39.945,39.105,39.2,615600
2011-07-15,39.34,39.675,38.93,39.245,332200
2011-07-18,39.13,39.355,38.44,38.715,227800
2011-07-19,38.985,39.865,38.985,39.56,608200
2011-07-20,39.545,39.975,39.39,39.8,311400
2011-07-21,40.035,40.87,39.875,40.74,698800
2011-07-22,40.615,43.645,40.49,43.485,2248600
2011-07-25,42.95,43.565,42.505,43.305,1961000
2011-07-26,43.18,43.245,42.675,42.675,676800
2011-07-27,42.455,42.665,41.18,41.285,982400
2011-07-28,41.15,42.115,41.02,41.585,958000
2011-07-29,41.28,41.665,40.84,41.47,587000
2011-08-01,41.695,41.75,40.435,40.895,509600
2011-08-02,40.645,41.0099983,39.19,39.605,817400
2011-08-03,39.75,39.75,38.625,39.62,1026000
2011-08-04,39.15,39.44,37.835,37.87,951600
2011-08-05,38.084999,38.165,36.58,37.225,1417000
2011-08-08,36.29,37.105,35.355,35.565,2002400
2011-08-09,35.905,38.145,35.325,38.025002,1782600
2011-08-10,37.325,37.985,36.27,36.3,1115200
2011-08-11,36.49,38.55,36.055,38.11,1141400
2011-08-12,38.41,39.080002,38.07,38.945,590000
2011-08-15,39.235,39.645,38.77,39.080002,698200
2011-08-16,38.8,39.0,38.064999,38.655,993800
2011-08-17,38.845,39.59,38.635,38.695,603600
2011-08-18,38.0,38.064999,36.455,37.084999,1231600
2011-08-19,36.64,38.17,36.64,36.75,962800
2011-08-22,37.505,37.68,36.485,36.535,1144400
2011-08-23,36.69,37.89,36.5,37.86,1231200
2011-08-24,37.655,38.025002,37.18,37.83,1418200
2011-08-25,37.995,38.175,36.745,37.215,469200
2011-08-26,36.915,38.31,36.5,38.16,493400
2011-08-29,38.6,40.48,38.58,40.285,718400
2011-08-30,40.07,40.85,39.675,40.185,604000
2011-08-31,40.45,41.23,39.8,39.89,674800
2011-09-01,39.82,40.24,38.7,38.895,774600
2011-09-02,38.21,38.865,37.655,37.765,423000
2011-09-06,36.705,37.755,36.59,37.65,466000
2011-09-07,38.235,38.835,37.815,38.795,806800
2011-09-08,37.79,38.86,37.79,38.305,580800
2011-09-09,38.0,38.105,36.17,36.495,1208000
2011-09-12,36.040001,36.915,36.040001,36.79,586800
2011-09-13,36.935,37.34,36.65,37.09,416200
2011-09-14,37.125,38.025002,36.75,37.55,617000
2011-09-15,37.79,37.855,36.925,37.395,680000
2011-09-16,37.415,37.755,37.084999,37.38,837000
2011-09-19,36.77,37.22,36.465,36.86,528400
2011-09-20,37.035,37.67,36.755,37.24,851000
2011-09-21,37.16,37.38,36.605,36.62,1052000
2011-09-22,35.51,36.295,34.575,36.115,1539000
2011-09-23,35.775,36.555,35.735,36.275,1274800
2011-09-26,36.605,36.605,35.905,36.115,780200
2011-09-27,36.895,37.85,36.66,36.955,660000
2011-09-28,37.14,37.545,35.51,35.565,386800
2011-09-29,36.155,36.25,34.895,35.635,536600
2011-09-30,35.14,35.6,34.455,34.485,828400
2011-10-03,34.305,35.044998,33.029999,33.064999,843600
2011-10-04,32.68,33.58,31.915,33.48,1349800
2011-10-05,33.52,34.375,32.82,34.22,856000
2011-10-06,34.215,34.985,33.965,34.915,474200
2011-10-07,35.014999,35.335,34.63,34.805,553400
2011-10-10,35.29,36.02,35.0099983,35.765,542600
2011-10-11,35.555,36.07,35.48,35.705,292600
2011-10-12,35.865,36.555,35.795,35.86,482200
2011-10-13,35.615,36.07,35.51,36.014999,566200
2011-10-14,36.335,36.425,35.92,36.029999,362200
2011-10-17,35.875,35.875,34.69,34.82,529200
2011-10-18,34.945,35.54,34.5,35.215,618000
2011-10-19,35.25,35.98,35.145,35.535,682200
2011-10-20,35.65,36.495,35.315,36.435,1332600
2011-10-21,36.76,38.225,35.099998,36.855,2141600
2011-10-24,37.15,37.735,36.705,37.59,706600
2011-10-25,37.39,37.68,36.27,36.34,908800
2011-10-26,36.96,37.225,35.855,35.92,810400
2011-10-27,36.645,37.4,36.395,37.02,1011200
2011-10-28,36.955,37.42,36.765,37.0050011,718000
2011-10-31,36.69,36.69,35.975,35.995,787800
2011-11-01,35.28,35.42,34.475,34.785,570400
2011-11-02,35.115,35.825,34.98,35.56,457600
2011-11-03,35.78,36.505,35.45,36.26,386800
2011-11-04,36.075001,36.57,35.645,36.345,361400
2011-11-07,36.21,36.64,35.75,36.595,332600
2011-11-08,36.74,37.185,36.435,37.055,370200
2011-11-09,36.35,36.615,35.565,35.695,293400
2011-11-10,36.0,36.21,35.7,35.885,275800
2011-11-11,35.785,36.89,35.785,36.525,253000
2011-11-14,36.455,36.605,36.0,36.12,182800
2011-11-15,36.115,36.85,35.965,36.46,380600
2011-11-16,36.255,36.99,35.965,36.07,340600
2011-11-17,36.135,38.985,36.135,37.155,3510600
2011-11-18,37.215,37.215,35.935,36.095001,700800
2011-11-21,35.62,35.925,35.27,35.285,423000
2011-11-22,35.36,35.93,35.13,35.59,422000
2011-11-23,35.345,35.43,34.48,34.745,506600
2011-11-25,34.67,35.19,34.615,34.635,185600
2011-11-28,35.15,36.099998,34.895,36.0,491400
2011-11-29,36.295,36.58,35.93,36.235,614800
2011-11-30,37.16,37.73,36.92,37.595,628600
2011-12-01,37.335,38.0,37.27,37.385,373200
2011-12-02,37.575,37.83,36.405,36.49,704200
2011-12-05,36.89,37.64,36.805,37.135,584000
2011-12-06,37.12,37.44,36.84,37.135,594200
2011-12-07,36.92,37.315,36.285,37.135,339400
2011-12-08,36.97,37.060001,35.865,35.94,488000
2011-12-09,36.049999,37.345,36.049999,37.27,520800
2011-12-12,36.98,37.495,36.73,37.455,575600
2011-12-13,37.71,37.9,37.060001,37.245,591800
2011-12-14,37.014999,37.31,36.78,37.0099983,541800
2011-12-15,37.49,37.54,36.73,36.925,400000
2011-12-16,37.035,37.48,36.85,37.0050011,680600
2011-12-19,37.0050011,37.33,36.525,36.605,392400
2011-12-20,37.17,37.51,36.97,37.28,877400
2011-12-21,37.2,37.695,37.15,37.575,373800
2011-12-22,37.58,38.895,37.54,38.59,547400
2011-12-23,38.63,38.955,38.215,38.555,201000
2011-12-27,38.39,39.645,38.39,39.32,559200
2011-12-28,39.545,39.545,38.42,38.48,325800
2011-12-29,38.44,39.26,38.44,38.995,270800
2011-12-30,38.985,39.145,38.46,38.48,405200
2012-01-03,38.945,39.57,38.905,39.545,641400
2012-01-04,39.36,39.655,39.064999,39.49,625200
2012-01-05,39.34,39.89,39.17,39.685,604800
2012-01-06,39.66,39.91,39.385,39.63,329400
2012-01-09,39.715,40.155,39.51,39.93,460800
2012-01-10,40.205,40.355,39.945,40.12,154800
2012-01-11,40.14,40.595,39.945,40.505,254600
2012-01-12,40.58,40.67,40.17,40.58,308400
2012-01-13,40.285,41.45,39.89,41.31,459400
2012-01-17,41.595,41.655,41.215,41.36,253600
2012-01-18,41.35,42.105,41.21,42.049999,305400
2012-01-19,42.02,42.77,41.965,42.45,527400
2012-01-20,42.47,42.96,42.27,42.64,443600
2012-01-23,42.34,43.0099983,42.34,42.945,352600
2012-01-24,42.82,43.55,42.605,43.28,618600
2012-01-25,43.36,43.685,42.7,43.485,907400
2012-01-26,43.615,43.845,43.19,43.655,599800
2012-01-27,43.17,43.29,40.955,41.73,2271600
2012-01-30,41.625,42.49,41.055,42.345,802000
2012-01-31,42.32,42.785,42.044998,42.295,565800
2012-02-01,42.44,43.23,42.32,43.185,490800
2012-02-02,43.044998,43.62,43.025002,43.395,605200
2012-02-03,43.7,43.805,43.21,43.27,353800
2012-02-06,43.145,43.16,42.635,42.865,435000
2012-02-07,42.805,43.185,42.46,42.925,295200
2012-02-08,42.92,43.195,42.41,43.029999,224200
2012-02-09,43.135,43.24,42.455,43.029999,255400
2012-02-10,42.655,43.09,42.38,42.84,364000
2012-02-13,43.29,43.555,42.875,43.47,454200
2012-02-14,43.335,43.71,43.23,43.71,210400
2012-02-15,43.695,43.965,43.4,43.955,482600
2012-02-16,43.75,44.615,43.74,44.515,572000
2012-02-17,44.375,44.75,44.115,44.245,386800
2012-02-21,44.25,44.345,43.91,44.295,383000
2012-02-22,44.145,44.515,43.805,44.36,502800
2012-02-23,44.365,44.54,43.96,44.049999,487400
2012-02-24,44.0050011,44.235,43.915,43.995,806600
2012-02-27,43.755,44.044998,43.425,43.7,739000
2012-02-28,43.775,43.955,43.385,43.57,342000
2012-02-29,43.63,43.815,42.85,42.875,475000
2012-03-01,42.815,43.315,42.815,43.064999,421200
2012-03-02,43.055,43.235,42.47,42.57,290400
2012-03-05,42.27,42.61,42.265,42.44,256000
2012-03-06,42.155,42.225,41.49,41.51,382400
2012-03-07,41.53,41.815,41.45,41.62,417600
2012-03-08,41.95,42.205,41.49,41.95,774400
2012-03-09,41.99,43.455,41.99,42.545,619800
2012-03-12,42.5,42.52,41.28,41.5,1056600
2012-03-13,41.755,42.19,41.56,42.19,580000
2012-03-14,42.02,42.34,41.68,42.0,566800
2012-03-15,41.89,42.525,41.89,42.435,355000
2012-03-16,42.4,42.4,42.049999,42.27,732600
2012-03-19,42.21,42.365,41.78,41.945,608600
2012-03-20,41.71,42.375,41.71,42.205,401600
2012-03-21,42.175,42.525,41.97,42.265,296600
2012-03-22,42.075001,42.175,41.46,41.815,218600
2012-03-23,41.855,42.245,41.63,42.225,317600
2012-03-26,42.54,43.31,42.54,43.049999,462200
2012-03-27,42.995,43.335,42.725,43.080002,336600
2012-03-28,43.0099983,43.63,43.0099983,43.405,584600
2012-03-29,43.3,43.64,43.049999,43.325,410200
2012-03-30,43.325,43.935,43.31,43.725,591200
2012-04-02,43.575,43.97,43.415,43.555,536600
2012-04-03,43.52,43.9,43.32,43.75,456400
2012-04-04,43.375,43.655,43.075001,43.465,493000
2012-04-05,43.375,43.555,43.235,43.485,210200
2012-04-09,42.85,43.27,42.665,43.035,386400
2012-04-10,42.94,42.975,42.14,42.185,394200
2012-04-11,42.615,42.615,42.26,42.455,365400
2012-04-12,42.545,43.285,42.295,43.115,311000
2012-04-13,43.060001,43.14,42.46,42.51,179600
2012-04-16,42.73,43.0,41.945,42.195,519000
2012-04-17,42.5,43.545,42.5,43.325,519000
2012-04-18,43.28,43.875,43.28,43.845,690800
2012-04-19,43.805,44.49,43.625,44.09,696000
2012-04-20,44.33,44.385,41.35,43.22,2379600
2012-04-23,43.645,44.084999,42.475,42.58,1192400
2012-04-24,42.54,42.895,42.435,42.745,616000
2012-04-25,43.0,43.5,42.815,43.125,377200
2012-04-26,43.19,43.585,42.915,43.415,300200
2012-04-27,43.625,44.5,43.365,44.099998,480400
2012-04-30,44.14,44.25,43.835,43.965,376000
2012-05-01,43.91,44.81,43.65,44.395,540000
2012-05-02,43.875,44.57,43.875,44.49,445400
2012-05-03,44.525,44.75,44.145,44.37,434200
2012-05-04,44.064999,44.225,43.33,43.585,546000
2012-05-07,43.68,44.515,43.305,44.45,821600
2012-05-08,44.215,44.575,43.82,44.55,931800
2012-05-09,44.16,44.24,43.735,44.044998,384000
2012-05-10,44.385,44.49,43.975,44.105,270000
2012-05-11,43.745,44.5,43.625,44.060001,495600
2012-05-14,43.65,44.0099983,43.255,43.34,637200
2012-05-15,43.3,43.76,43.035,43.435,494000
2012-05-16,43.625,43.625,42.92,42.965,499600
2012-05-17,43.0,43.185,42.055,42.07,354000
2012-05-18,42.3,42.415,40.975,41.060001,666000
2012-05-21,41.049999,42.25,40.955,42.18,683200
2012-05-22,42.255,42.91,41.97,42.22,600000
2012-05-23,41.94,42.5,41.55,42.4,406000
2012-05-24,42.59,43.185,42.5,43.12,640400
2012-05-25,43.060001,43.315,42.69,43.060001,268200
2012-05-29,43.475,43.81,43.27,43.51,190000
2012-05-30,43.16,43.4,42.7,42.72,344600
2012-05-31,42.645,42.7,41.895,42.42,903800
2012-06-01,41.65,42.0099983,40.92,40.96,549800
2012-06-04,41.11,41.355,40.655,41.255,808600
2012-06-05,41.175,41.9,40.925,41.87,479800
2012-06-06,42.23,42.71,42.165,42.65,189800
2012-06-07,42.975,43.225,42.375,42.465,292600
2012-06-08,42.285,42.985,42.195,42.81,149600
2012-06-11,43.0050011,43.195,42.485,42.53,354400
2012-06-12,42.74,42.855,42.325,42.745,237600
2012-06-13,42.62,43.135,42.47,42.705,343400
2012-06-14,42.67,44.32,42.67,43.995,742000
2012-06-15,44.335,44.56,43.875,44.19,929000
2012-06-18,43.87,45.46,43.705,45.45,514800
2012-06-19,45.625,47.33,45.45,47.075001,1019800
2012-06-20,46.98,47.5,46.485,47.43,739800
2012-06-21,47.37,47.975,45.715,45.77,1092200
2012-06-22,45.76,46.725,45.635,46.615,723200
2012-06-25,46.19,46.415,45.68,46.295,327000
2012-06-26,46.435,46.96,46.060001,46.875,548600
2012-06-27,47.0,47.735,46.875,47.64,772800
2012-06-28,47.41,47.875,46.3,46.79,921800
2012-06-29,47.785,48.4,47.4,48.064999,916200
2012-07-02,48.055,49.155,47.855,49.0099983,559400
2012-07-03,48.84,49.19,48.67,48.77,343200
2012-07-05,48.18,48.845,47.95,48.11,1174800
2012-07-06,47.795,48.029999,47.555,47.755,371800
2012-07-09,47.87,48.049999,47.665,47.91,747000
2012-07-10,48.31,48.505,46.805,46.975,774200
2012-07-11,47.225,47.715,46.86,47.66,899600
2012-07-12,47.29,47.43,46.79,46.82,668600
2012-07-13,46.5,46.64,46.075001,46.19,1109800
2012-07-16,46.075001,46.105,45.135,45.35,1147000
2012-07-17,45.63,46.115,45.18,46.0050011,806600
2012-07-18,45.9,46.44,45.685,46.029999,691600
2012-07-19,46.0,46.57,45.95,46.355,772400
2012-07-20,44.75,45.125,43.825,44.92,2189000
2012-07-23,43.18,44.0099983,43.18,43.905,830800
2012-07-24,43.905,44.15,43.255,43.605,898400
2012-07-25,43.73,44.064999,43.18,43.82,801000
2012-07-26,44.35,44.5,43.585,43.955,601600
2012-07-27,44.39,45.21,44.275,44.765,757800
2012-07-30,44.095001,44.625,44.044998,44.565,506200
2012-07-31,44.465,44.74,43.98,44.084999,519000
2012-08-01,43.92,44.35,43.75,43.96,457000
2012-08-02,43.72,44.14,43.375,43.75,475000
2012-08-03,44.615,45.395,44.565,45.0099983,486200
2012-08-06,44.97,45.26,44.795,44.885,581200
2012-08-07,44.96,45.465,44.515,44.605,535400
2012-08-08,44.37,45.064999,44.014999,44.965,1338800
2012-08-09,44.86,45.040001,44.4,44.805,549800
2012-08-10,45.165,46.305,45.145,46.27,910600
2012-08-13,46.029999,46.215,45.215,45.6,492800
2012-08-14,45.71,45.965,45.505,45.725,278200
2012-08-15,45.665,46.47,45.495,46.385,285800
2012-08-16,46.57,47.0,46.36,46.885,535400
2012-08-17,47.0,47.445,46.66,47.18,507600
2012-08-20,46.895,47.275,46.85,47.14,420600
2012-08-21,47.12,47.635,46.925,46.955,617600
2012-08-22,46.995,47.115,46.57,46.65,351600
2012-08-23,46.55,47.125,46.38,47.0,449200
2012-08-24,46.92,47.43,46.92,47.0,244800
2012-08-27,47.23,47.73,47.0,47.064999,635200
2012-08-28,46.85,47.665,46.85,47.55,392800
2012-08-29,47.49,47.845,47.235,47.435,444600
2012-08-30,47.099998,47.495,46.875,47.3,378400
2012-08-31,47.7,47.905,47.12,47.53,332400
2012-09-04,47.635,48.5,47.325,48.355,560400
2012-09-05,48.3,48.765,48.040001,48.46,784600
2012-09-06,48.76,49.7,48.48,49.385,760600
2012-09-07,49.375,49.8,49.22,49.26,444400
2012-09-10,48.835,49.575,48.835,49.125,273600
2012-09-11,48.95,49.335,48.8,48.915,339200
2012-09-12,49.115,49.615,47.16,49.585,392600
2012-09-13,49.77,49.875,49.255,49.695,826400
2012-09-14,49.725,50.0,49.385,50.0,460000
2012-09-17,49.8,49.8,48.475,48.74,1040000
2012-09-18,48.78,49.049999,48.45,48.815,728000
2012-09-19,48.675,48.98,48.445,48.81,469400
2012-09-20,48.475,49.31,48.475,49.225,329200
2012-09-21,49.525,50.0,49.39,49.515,938200
2012-09-24,49.36,50.11,49.175,50.075001,538800
2012-09-25,50.335,50.59,49.795,49.965,870600
2012-09-26,49.94,50.205,49.25,49.495,573800
2012-09-27,49.61,49.955,49.46,49.795,467000
2012-09-28,49.57,49.845,49.175,49.675,396600
2012-10-01,49.855,49.855,48.22,48.83,1209800
2012-10-02,48.915,49.18,48.605,48.85,452000
2012-10-03,49.044998,49.465,48.765,49.09,462000
2012-10-04,49.19,49.605,49.19,49.5,271400
2012-10-05,49.64,50.025002,49.3,49.395,358600
2012-10-08,49.395,49.85,49.21,49.445,262200
2012-10-09,49.295,49.62,47.83,47.865,306200
2012-10-10,47.96,48.185,47.705,47.84,394200
2012-10-11,48.22,48.63,48.0099983,48.45,245400
2012-10-12,48.48,48.725,47.885,47.97,230000
2012-10-15,48.21,48.79,47.89,48.52,368400
2012-10-16,48.9,49.095001,48.66,49.014999,233400
2012-10-17,49.040001,49.475,48.74,49.245,328600
2012-10-18,49.064999,49.6,48.375,49.48,835400
2012-10-19,49.11,49.5,47.64,48.795,1138200
2012-10-22,48.66,49.07,48.315,48.945,430200
2012-10-23,48.575,49.040001,48.0,48.495,306000
2012-10-24,48.75,48.775,47.945,48.025002,344400
2012-10-25,48.23,48.5,47.85,48.12,538600
2012-10-26,48.0,48.73,47.61,47.88,571200
2012-10-31,47.835,49.205,47.65,48.099998,421800
2012-11-01,47.945,48.22,47.605,47.715,1060800
2012-11-02,47.995,48.11,47.225,47.32,547600
2012-11-05,47.345,47.345,46.82,46.95,791600
2012-11-06,47.255,47.425,46.865,46.945,970400
2012-11-07,46.625,46.82,46.099998,46.445,758200
2012-11-08,46.205,46.405,44.945,44.955,1051600
2012-11-09,44.89,45.105,44.6,44.775,1044000
2012-11-12,44.775,44.98,44.47,44.855,508800
2012-11-13,44.665,45.245,44.45,44.995,625000
2012-11-14,45.025002,45.56,44.56,44.66,757600
2012-11-15,44.74,45.11,43.755,44.88,893400
2012-11-16,44.925,45.4,44.825,45.16,754000
2012-11-19,45.38,46.32,45.33,46.31,747600
2012-11-20,46.215,46.33,45.545,45.975,442000
2012-11-21,46.0,46.235,45.565,45.935,414000
2012-11-23,45.9,47.084999,45.9,47.025002,245400
2012-11-26,46.81,47.13,46.705,46.965,374600
2012-11-27,46.66,47.15,46.035,46.15,693200
2012-11-28,45.85,46.025002,45.11,45.71,785600
2012-11-29,46.060001,46.89,46.044998,46.63,520600
2012-11-30,46.59,46.925,46.49,46.735,1495400
2012-12-03,46.815,46.985,45.9,46.080002,605400
2012-12-04,46.064999,46.3,45.73,46.16,606200
2012-12-05,46.225,46.48,45.905,46.34,427600
2012-12-06,46.33,46.64,46.265,46.55,278400
2012-12-07,46.625,46.95,46.445,46.755,331800
2012-12-10,46.65,47.215,46.525,46.91,379600
2012-12-11,46.91,47.44,46.9,47.25,363200
2012-12-12,47.27,48.37,47.095001,47.795,639400
2012-12-13,47.735,47.905,47.4,47.52,393800
2012-12-14,47.19,48.385,47.014999,47.84,473200
2012-12-17,47.8,48.215,47.78,47.96,512400
2012-12-18,47.885,48.16,47.81,48.02,406000
2012-12-19,48.235,48.455,47.78,47.795,496400
2012-12-20,47.665,48.19,47.665,48.12,330600
2012-12-21,47.33,48.57,47.33,47.62,1578600
2012-12-24,47.81,48.355,47.195,47.63,264000
2012-12-26,47.815,47.83,46.275,46.28,642400
2012-12-27,46.35,46.625,45.955,46.46,496200
2012-12-28,46.165,46.48,45.795,45.855,314800
2012-12-31,45.75,46.5,45.545,46.4,572400
2013-01-02,47.295,47.405,46.695,47.025002,447000
2013-01-03,46.835,47.375,46.69,47.0,492000
2013-01-04,47.16,47.965,46.945,47.44,519400
2013-01-07,47.325,47.94,47.255,47.72,394200
2013-01-08,47.8,48.29,47.56,48.0050011,525000
2013-01-09,48.25,48.945,48.07,48.57,511800
2013-01-10,48.845,49.0099983,48.45,48.63,302000
2013-01-11,48.71,48.955,48.36,48.55,256000
2013-01-14,48.585,48.7,47.97,47.98,349600
2013-01-15,47.875,48.33,47.46,47.475,554200
2013-01-16,47.375,47.94,46.715,47.195,721800
2013-01-17,47.365,47.65,47.125,47.165,427400
2013-01-18,47.125,47.335,46.6,46.625,735400
2013-01-22,46.715,47.78,46.715,47.745,1147000
2013-01-23,47.625,47.67,47.41,47.62,1344000
2013-01-24,47.625,48.32,47.515,48.315,2059400
2013-01-25,48.425,49.875,48.32,49.73,1505800
2013-01-28,49.4,50.405,49.4,49.825,1128600
2013-01-29,46.745,49.07,46.745,48.71,1682000
2013-01-30,48.705,49.135,47.97,48.080002,785000
2013-01-31,47.765,48.060001,47.41,47.605,807000
2013-02-01,47.82,48.115,47.105,47.23,1259600
2013-02-04,47.035,47.23,46.605,46.81,720200
2013-02-05,46.985,47.080002,46.81,46.9,726200
2013-02-06,46.845,47.0,46.635,46.95,611200
2013-02-07,47.0,47.0,46.68,46.95,372200
2013-02-08,46.95,47.07,46.74,46.785,491600
2013-02-11,46.9,46.985,46.525,46.78,319000
2013-02-12,46.935,47.014999,46.35,46.465,658600
2013-02-13,46.595,46.605,45.795,46.040001,1646800
2013-02-14,46.029999,46.255,45.75,45.84,477600
2013-02-15,45.8,45.825,45.375,45.6,666200
2013-02-19,45.61,46.13,45.51,45.98,621000
2013-02-20,45.865,46.345,45.85,46.035,809800
2013-02-21,45.855,45.93,45.535,45.605,526200
2013-02-22,45.835,46.175,45.635,46.099998,442800
2013-02-25,46.205,46.45,46.0050011,46.099998,1187000
2013-02-26,46.14,46.485,45.6,45.65,844200
2013-02-27,45.66,46.695,45.61,46.275,640800
2013-02-28,46.385,46.615,45.985,46.060001,764600
2013-03-01,45.915,46.029999,45.39,45.625,1301600
2013-03-04,45.52,45.665,45.095001,45.575,662000
2013-03-05,45.85,46.685,45.75,46.625,609800
2013-03-06,46.78,47.135,45.97,46.064999,657000
2013-03-07,46.0,46.19,45.285,45.51,491400
2013-03-08,45.53,46.025002,45.12,45.73,1221600
2013-03-11,45.755,46.31,45.69,45.915,339000
2013-03-12,45.79,45.9,45.495,45.755,348800
2013-03-13,45.78,46.0050011,45.51,45.83,373800
2013-03-14,45.82,46.575,45.815,46.36,902600
2013-03-15,46.29,46.425,46.0099983,46.225,927600
2013-03-18,45.725,46.175,45.52,45.595,380800
2013-03-19,45.71,46.07,45.165,45.68,413600
2013-03-20,45.745,46.21,45.69,45.785,271000
2013-03-21,45.6,46.0099983,45.355,45.8,441000
2013-03-22,45.86,46.215,45.86,46.035,586200
2013-03-25,46.2,46.215,45.47,45.63,386600
2013-03-26,45.885,46.17,45.7,46.14,230400
2013-03-27,45.985,46.61,45.865,46.445,549400
2013-03-28,46.435,46.505,45.885,46.195,452200
2013-04-01,46.029999,46.2,45.145,45.415,727400
2013-04-02,45.47,45.9,45.375,45.5,339600
2013-04-03,45.405,45.53,44.405,44.535,582800
2013-04-04,44.675,44.825,43.945,44.815,889000
2013-04-05,44.48,44.975,44.225,44.865,543600
2013-04-08,44.855,45.275,44.7,45.195,369000
2013-04-09,45.25,45.57,44.95,45.255,463000
2013-04-10,45.565,45.565,45.014999,45.445,667400
2013-04-11,45.4,45.795,45.39,45.48,862800
2013-04-12,45.35,45.47,43.95,44.315,1007400
2013-04-15,44.099998,44.52,43.8,43.86,627800
2013-04-16,44.17,44.855,43.625,44.82,756400
2013-04-17,44.545,44.635,44.07,44.48,990800
2013-04-18,44.505,44.8,44.325,44.66,764400
2013-04-19,44.75,45.32,44.51,45.28,613200
2013-04-22,45.41,45.485,44.775,45.0,1069200
2013-04-23,41.92,44.105,41.525,43.325,6353200
2013-04-24,43.225,43.3,42.014999,42.135,2763200
2013-04-25,42.29,43.765,42.225,43.515,1782200
2013-04-26,43.53,43.975,43.35,43.965,1006800
2013-04-29,44.115,44.535,44.07,44.18,1481200
2013-04-30,44.29,44.475,43.745,43.98,1522600
2013-05-01,43.76,43.99,42.575,42.62,1502600
2013-05-02,42.755,42.88,42.049999,42.2,1177800
2013-05-03,42.545,42.745,42.33,42.655,1099600
2013-05-06,42.795,43.0,42.705,42.9,497400
2013-05-07,42.995,43.165,42.795,42.95,575400
2013-05-08,42.87,43.755,42.87,43.68,510000
2013-05-09,43.5,43.75,43.27,43.41,568000
2013-05-10,43.47,43.97,43.295,43.88,491400
2013-05-13,43.86,44.035,43.48,43.5,402800
2013-05-14,43.77,44.52,43.565,44.385,630200
2013-05-15,44.25,44.475,43.605,43.765,924800
2013-05-16,43.79,44.064999,43.25,43.3,505000
2013-05-17,43.47,43.47,43.02,43.2,686200
2013-05-20,43.075001,43.42,42.75,42.825,562800
2013-05-21,42.825,43.084999,42.655,42.78,676400
2013-05-22,42.78,43.125,41.67,41.685,948000
2013-05-23,41.535,42.485,41.2,42.24,1193600
2013-05-24,42.12,42.135,41.745,41.905,503200
2013-05-28,42.225,42.495,42.185,42.235,1211600
2013-05-29,42.0,42.2,41.54,41.85,1003800
2013-05-30,41.995,41.995,40.785,41.605,1266400
2013-05-31,41.48,41.8,41.0050011,41.22,932800
2013-06-03,41.39,41.7,41.11,41.465,876000
2013-06-04,41.58,42.165,41.48,41.845,1044200
2013-06-05,41.885,42.095001,41.695,41.79,654800
2013-06-06,41.855,42.36,41.81,42.025002,959800
2013-06-07,42.33,42.33,41.81,41.94,808800
2013-06-10,42.064999,42.44,41.75,41.99,745000
2013-06-11,42.885,42.89,41.735,42.53,1268200
2013-06-12,42.815,43.044998,42.39,42.965,1013800
2013-06-13,43.014999,44.82,42.755,44.68,1378000
2013-06-14,44.75,44.865,44.535,44.64,1039200
2013-06-17,45.044998,46.3,45.044998,45.44,2211800
2013-06-18,45.465,45.94,45.064999,45.245,1050000
2013-06-19,45.31,45.475,44.51,44.525,1424400
2013-06-20,44.125,44.435,43.895,44.09,1098000
2013-06-21,44.385,45.52,44.12,44.95,1556400
2013-06-24,44.505,45.16,44.205,44.735,848600
2013-06-25,44.97,45.29,44.405,45.13,547800
2013-06-26,45.54,45.615,45.215,45.355,734600
2013-06-27,45.455,45.97,45.36,45.36,412000
2013-06-28,45.36,45.63,44.825,44.845,1122000
2013-07-01,45.22,46.095001,44.755,45.365,844200
2013-07-02,45.425,45.79,44.82,44.925,669400
2013-07-03,44.95,44.95,43.995,44.365,934000
2013-07-05,44.735,45.695,44.5,45.53,988200
2013-07-08,45.52,45.865,45.155,45.55,721800
2013-07-09,45.8,46.425,45.595,46.27,892200
2013-07-10,46.13,46.27,45.48,45.735,959200
2013-07-11,46.33,46.71,45.865,46.63,905400
2013-07-12,46.63,47.0,46.345,46.945,500200
2013-07-15,47.8,48.485,47.8,48.040001,1284200
2013-07-16,48.205,48.21,47.695,47.78,455800
2013-07-17,48.0,48.105,47.62,48.025002,530800
2013-07-18,47.975,48.24,47.725,47.8,485800
2013-07-19,47.69,48.25,47.6,48.0099983,490400
2013-07-22,47.895,48.9,47.8,48.71,1441000
2013-07-23,48.0,48.52,45.515,48.185,3181800
2013-07-24,48.495,49.35,48.26,48.395,988400
2013-07-25,48.215,49.0099983,48.215,48.685,595400
2013-07-26,48.64,48.7,48.02,48.3,480400
2013-07-29,48.0099983,48.91,48.0099983,48.865,454400
2013-07-30,48.875,49.31,48.655,48.925,589600
2013-07-31,49.055,49.45,48.805,48.995,637400
2013-08-01,49.145,50.185,49.145,49.595,946000
2013-08-02,49.44,49.795,49.205,49.455,448800
2013-08-05,49.345,49.68,49.044998,49.325,362200
2013-08-06,49.21,49.43,48.59,48.745,696400
2013-08-07,48.61,48.83,48.365,48.385,425000
2013-08-08,48.5,48.685,48.395,48.5,543000
2013-08-09,48.51,48.655,48.27,48.42,533800
2013-08-12,48.28,48.575,48.155,48.525,456000
2013-08-13,48.5,48.57,48.095001,48.5,510000
2013-08-14,48.555,48.595,48.14,48.265,389200
2013-08-15,47.875,48.080002,47.43,47.83,402200
2013-08-16,47.71,48.0099983,47.525,47.88,324200
2013-08-19,47.74,48.22,47.74,48.0,265600
2013-08-20,48.060001,48.465,47.77,48.255,405400
2013-08-21,48.029999,48.365,47.905,47.935,385800
2013-08-22,48.155,48.985,48.044998,48.57,195400
2013-08-23,48.755,48.865,48.285,48.645,313200
2013-08-26,48.595,49.175,48.595,48.82,251200
2013-08-27,48.41,48.45,47.475,47.77,422400
2013-08-28,47.67,48.13,47.34,47.64,265000
2013-08-29,47.65,47.905,47.25,47.585,315400
2013-08-30,47.425,47.74,46.85,46.91,427200
2013-09-03,47.13,47.45,46.044998,46.595,910000
2013-09-04,46.545,47.805,46.42,47.67,644000
2013-09-05,47.0,47.86,47.0,47.625,328400
2013-09-06,47.81,48.125,47.245,47.7,338200
2013-09-09,47.88,48.325,47.68,48.205,402200
2013-09-10,48.305,48.645,48.245,48.595,447200
2013-09-11,48.4,48.66,48.16,48.615,325400
2013-09-12,48.6,49.0,48.099998,48.18,258400
2013-09-13,48.175,48.58,47.925,48.37,451200
2013-09-16,48.545,48.78,48.305,48.52,322400
2013-09-17,48.6,49.17,48.325,49.035,279800
2013-09-18,49.02,49.375,48.405,49.175,312000
2013-09-19,49.275,49.46,48.815,49.040001,233000
2013-09-20,49.13,49.475,48.805,49.23,966400
2013-09-23,49.025002,49.775,48.96,49.595,532800
2013-09-24,49.71,49.72,48.97,49.0050011,547800
2013-09-25,48.925,49.12,48.73,48.845,513200
2013-09-26,48.97,49.195,48.82,49.13,256600
2013-09-27,48.84,49.4,48.64,49.285,341200
2013-09-30,48.975,50.175,48.395,49.825,996600
2013-10-01,49.835,51.405,49.565,51.37,1366200
2013-10-02,50.895,51.755,50.535,51.39,933000
2013-10-03,51.145,51.385,50.225,50.63,545800
2013-10-04,50.54,51.36,50.54,50.995,334400
2013-10-07,50.61,51.135,50.45,50.8,334000
2013-10-08,50.905,51.11,50.485,50.605,545600
2013-10-09,50.905,51.155,50.605,50.675,624000
2013-10-10,51.165,51.605,51.02,51.575,539600
2013-10-11,51.59,52.09,51.305,52.084999,368400
2013-10-14,51.86,53.14,51.735,53.09,476400
2013-10-15,52.84,53.435,52.46,52.59,589800
2013-10-16,52.775,53.315,52.57,52.9,491200
2013-10-17,52.62,53.185,52.62,53.12,465200
2013-10-18,53.18,53.395,52.835,53.235,521400
2013-10-21,53.16,53.32,52.84,52.985,1185600
2013-10-22,52.92,53.4,51.040001,51.615,1463400
2013-10-23,51.175,52.7,51.175,52.47,728000
2013-10-24,52.355,52.625,51.92,51.975,583400
2013-10-25,51.95,52.46,51.74,52.3,429200
2013-10-28,52.185,53.705,52.029999,53.705,841200
2013-10-29,53.77,54.385,53.46,54.15,964400
2013-10-30,54.084999,54.39,53.715,53.915,364000
2013-10-31,53.815,54.335,53.455,53.93,530800
2013-11-01,54.0,54.3,53.465,54.099998,457800
2013-11-04,56.555,56.555,53.725,54.415,471800
2013-11-05,54.060001,54.51,53.6,54.34,499800
2013-11-06,54.685,54.685,53.815,54.32,230600
2013-11-07,54.635,54.91,54.205,54.28,557600
2013-11-08,54.4,54.86,54.025002,54.805,311600
2013-11-11,54.52,54.52,54.105,54.24,315800
2013-11-12,54.0,54.055,53.285,53.35,843200
2013-11-13,53.315,53.315,52.58,52.96,1670600
2013-11-14,53.13,53.815,53.0,53.225,881200
2013-11-15,53.465,54.265,53.305,53.5,1209600
2013-11-18,53.7,53.855,52.885,53.044998,497600
2013-11-19,53.014999,53.755,52.785,53.535,282000
2013-11-20,53.475,54.09,53.32,53.675,504000
2013-11-21,53.895,54.415,53.5,53.755,450600
2013-11-22,53.92,54.215,52.735,52.745,902600
2013-11-25,53.0099983,53.295,52.45,52.695,589800
2013-11-26,52.665,52.805,52.105,52.265,747800
2013-11-27,52.49,52.54,52.025002,52.24,557600
2013-11-29,52.42,52.61,51.89,52.080002,416200
2013-12-02,51.98,52.74,51.555,52.51,1466600
2013-12-03,52.285,52.66,52.205,52.48,334200
2013-12-04,52.16,52.61,51.725,52.19,324600
2013-12-05,52.135,52.44,51.63,52.0,306400
2013-12-06,52.335,52.71,51.875,52.0,478400
2013-12-09,52.0,52.82,51.51,52.060001,562600
2013-12-10,51.945,52.25,51.51,51.75,709600
2013-12-11,51.875,51.97,50.98,51.075001,760600
2013-12-12,51.155,51.615,50.665,50.795,938200
2013-12-13,50.705,51.385,50.705,51.135,752000
2013-12-16,51.46,52.395,51.345,51.715,2050800
2013-12-17,51.83,52.345,51.53,52.17,2697400
2013-12-18,52.37,52.655,51.77,52.0,1183800
2013-12-19,51.715,52.385,51.35,51.905,1546400
2013-12-20,51.91,53.07,51.91,52.605,2206800
2013-12-23,52.875,52.875,52.135,52.67,423200
2013-12-24,52.595,53.22,52.099998,53.0,174800
2013-12-26,53.080002,53.255,52.83,52.86,411600
2013-12-27,53.0099983,53.53,52.855,53.385,411000
2013-12-30,53.28,53.475,52.8,53.345,378400
2013-12-31,53.59,53.59,52.78,53.185,739800
2014-01-02,52.995,53.735,52.32,52.515,855200
2014-01-03,52.795,53.28,52.53,53.145,583800
2014-01-06,53.3,53.465,52.505,52.66,695600
2014-01-07,52.835,53.95,52.525,53.93,504400
2014-01-08,53.98,54.45,53.575,54.155,500800
2014-01-09,54.175,54.545,53.735,54.49,329400
2014-01-10,54.5,54.995,54.115,54.525,464800
2014-01-13,54.26,54.75,53.875,54.19,408600
2014-01-14,54.44,55.29,54.0050011,55.0050011,468000
2014-01-15,54.995,56.28,54.995,56.055,819600
2014-01-16,56.0050011,56.375,55.685,56.255,577800
2014-01-17,56.11,56.86,55.97,56.79,649800
2014-01-21,56.915,57.5,56.675,57.09,842400
2014-01-22,57.17,57.49,56.81,57.29,544200
2014-01-23,56.98,57.465,56.805,57.3,528400
2014-01-24,57.18,57.18,55.85,56.64,607000
2014-01-27,56.715,57.345,56.215,56.455,551800
2014-01-28,56.615,56.805,56.385,56.555,684800
2014-01-29,56.035,56.94,56.035,56.725,428800
2014-01-30,56.155,57.075001,55.66,56.88,877200
2014-01-31,56.135,57.195,55.475,57.13,1340200
2014-02-03,56.845,56.845,54.29,54.545,1568600
2014-02-04,57.5,58.44,55.425,57.55,1704600
2014-02-05,57.25,58.235,56.515,58.115,1014600
2014-02-06,58.4,58.9,57.695,58.525,860800
2014-02-07,58.9,59.565,58.425,59.445,664400
2014-02-10,59.555,60.49,59.375,60.44,968400
2014-02-11,60.375,61.535,59.915,61.14,684200
2014-02-12,61.02,61.93,60.305,61.34,599200
2014-02-13,60.895,62.115,59.54,62.035,410600
2014-02-14,61.74,62.15,61.255,62.0,620600
2014-02-18,62.0,62.85,61.72,62.8,630800
2014-02-19,62.325,62.895,62.029999,62.545,360000
2014-02-20,62.61,63.415,62.11,63.165,522800
2014-02-21,63.11,63.215,62.19,62.32,613000
2014-02-24,62.655,63.095001,62.325,62.72,390200
2014-02-25,62.855,63.18,62.54,62.77,517200
2014-02-26,63.0,63.36,62.82,63.064999,384200
2014-02-27,63.099998,63.425,62.465,63.175,489000
2014-02-28,63.060001,63.495,62.54,62.95,531200
2014-03-03,62.345,62.78,62.035,62.29,529600
2014-03-04,63.025002,63.41,62.66,63.044998,656000
2014-03-05,63.215,63.38,62.615,63.0,399200
2014-03-06,63.19,63.725,62.885,63.335,703600
2014-03-07,63.53,63.69,63.0,63.365,420000
2014-03-10,63.080002,64.125,63.080002,63.775,491000
2014-03-11,64.010002,64.635,63.72,63.795,406600
2014-03-12,63.405,64.235,63.11,64.13,497000
2014-03-13,64.28,64.28,63.014999,63.044998,435200
2014-03-14,62.795,64.025002,62.795,63.955,576800
2014-03-17,63.995,64.585,61.82,61.84,1255000
2014-03-18,62.044998,62.81,61.57,62.47,559600
2014-03-19,62.355,62.355,61.48,61.87,622600
2014-03-20,61.945,62.075001,61.435,61.77,526200
2014-03-21,61.995,62.41,60.745,60.875,1084600
2014-03-24,61.16,61.19,60.025002,60.865,830400
2014-03-25,60.975,61.725,60.815,61.09,610800
2014-03-26,61.49,61.55,60.75,60.775,404000
2014-03-27,60.84,61.26,60.095001,60.775,424000
2014-03-28,61.044998,61.36,60.48,60.795,290600
2014-03-31,60.97,61.175,60.635,60.7,1048200
2014-04-01,61.0,61.0,60.405,60.825,878600
2014-04-02,61.0,61.18,60.6,61.16,684800
2014-04-03,61.245,62.325,60.655,62.099998,1703000
2014-04-04,62.495,62.6,60.89,60.975,459200
2014-04-07,60.72,61.365,59.79,60.0099983,817800
2014-04-08,60.105,60.6,59.46,60.485,656200
2014-04-09,60.74,61.315,60.335,61.27,481400
2014-04-10,61.255,61.915,59.59,59.82,348000
2014-04-11,59.415,60.084999,58.69,58.75,401800
2014-04-14,59.435,59.77,58.055,59.195,468000
2014-04-15,59.315,59.63,57.92,59.07,341000
2014-04-16,59.36,59.76,58.945,59.12,439800
2014-04-17,59.21,59.865,58.93,58.97,303400
2014-04-21,59.15,59.58,59.014999,59.165,565200
2014-04-22,59.175,59.74,58.575,59.375,498600
2014-04-23,59.38,59.95,58.865,59.94,406400
2014-04-24,60.275,60.575,59.31,60.325,624800
2014-04-25,61.099998,62.665,60.0050011,61.875,932000
2014-04-28,62.175,62.735,61.12,62.044998,428800
2014-04-29,62.105,63.365,62.105,63.255,802800
2014-04-30,63.025002,63.415,62.88,63.22,575000
2014-05-01,63.225,64.099998,62.835,63.86,605800
2014-05-02,63.795,64.415,63.545,64.19,507200
2014-05-05,64.405,64.99,63.515,64.94,703000
2014-05-06,64.7,65.074997,64.135,64.965,697200
2014-05-07,65.11,65.5,63.845,64.69,966600
2014-05-08,64.805,65.96,64.475,65.425,673400
2014-05-09,65.275,65.72,64.83,65.65,523800
2014-05-12,66.105,66.7,65.97,66.23,402400
2014-05-13,66.155,66.155,64.19,64.44,846200
2014-05-14,64.205,64.395,63.795,63.99,674800
2014-05-15,63.885,64.47,63.02,63.395,495200
2014-05-16,63.5,63.73,63.064999,63.545,514200
2014-05-19,63.365,64.285,62.98,63.855,475800
2014-05-20,63.72,64.24,63.099998,63.78,358800
2014-05-21,63.88,64.27,63.385,63.82,369600
2014-05-22,63.815,64.535,63.785,64.12,279000
2014-05-23,64.11,64.49,63.75,64.295,396200
2014-05-27,64.345,65.035004,64.19,64.6,323000
2014-05-28,64.48,64.5,63.5,63.775,580600
2014-05-29,64.014999,64.050003,63.355,64.050003,352600
2014-05-30,64.19,64.475,63.925,64.24,630400
2014-06-02,64.25,64.735,63.76,64.585,306200
2014-06-03,64.385,65.115,64.265,64.915,373800
2014-06-04,64.755,65.52,64.525,65.385,286600
2014-06-05,65.605,65.965,65.165,65.485,278800
2014-06-06,65.5,66.040001,65.21,65.675,290600
2014-06-09,65.625,65.625,65.17,65.395,268200
2014-06-10,65.195,65.46,64.655,65.34,321000
2014-06-11,65.18,66.415,65.089996,65.97,488200
2014-06-12,66.019997,66.135,65.465,65.51,434400
2014-06-13,65.515,65.88,65.080002,65.49,243200
2014-06-16,65.255,65.83,64.92,65.145,431800
2014-06-17,65.22,66.15,64.765,65.36,478200
2014-06-18,65.365,66.089996,65.285,65.675,313200
2014-06-19,65.85,65.85,65.195,65.35,430600
2014-06-20,65.33,66.035004,65.315,65.97,915600
2014-06-23,65.84,66.635,65.405,66.31,408400
2014-06-24,67.080002,68.065002,67.080002,67.19,815600
2014-06-25,67.465,67.985,67.265,67.44,389800
2014-06-26,67.225,67.875,66.68,67.084999,399000
2014-06-27,66.81,67.19,66.48,66.855,547000
2014-06-30,66.89,67.21,66.13,66.785,501200
2014-07-01,66.785,68.505,66.36,68.355,821600
2014-07-02,68.255,68.84,67.595,67.755,329800
2014-07-03,67.88,68.36,67.68,68.205,240400
2014-07-07,68.065002,68.155,67.41,67.505,315200
2014-07-08,67.34,67.55,66.715,66.985,419800
2014-07-09,67.265,67.51,66.495,67.15,327200
2014-07-10,66.4,66.95,65.87,66.695,384400
2014-07-11,66.87,67.11,66.29,66.805,268200
2014-07-14,67.28,67.78,66.82,67.645,523600
2014-07-15,67.5,67.715,66.36,66.405,465400
2014-07-16,66.5,67.0,65.19,65.715,874400
2014-07-17,65.38,65.74,64.98,65.099998,490200
2014-07-18,65.125,66.575,64.725,65.625,940400
2014-07-21,65.575,65.575,64.845,64.98,712800
2014-07-22,65.425,66.345,65.345,65.775,891400
2014-07-23,65.94,66.905,65.94,66.755,873400
2014-07-24,67.044998,67.16,66.285,66.525,1154800
2014-07-25,70.0,70.0,64.089996,64.53,2871400
2014-07-28,64.91,65.385,64.425,64.7,981800
2014-07-29,64.545,64.85,64.13,64.135,744600
2014-07-30,64.575,64.995,62.79,63.355,1176200
2014-07-31,63.07,63.255,62.22,62.24,842200
2014-08-01,62.215,62.74,61.83,62.335,1378200
2014-08-04,62.595,63.315,62.15,63.16,703400
2014-08-05,62.795,63.33,62.595,62.88,970800
2014-08-06,62.735,63.465,62.69,63.105,632600
2014-08-07,63.275,63.72,62.97,63.135,786800
2014-08-08,63.29,63.975,63.165,63.94,583800
2014-08-11,64.435,64.545,62.86,62.95,931400
2014-08-12,62.95,63.42,62.705,63.325,807400
2014-08-13,63.42,64.07,63.31,63.795,549400
2014-08-14,63.975,64.33,63.2,63.65,654400
2014-08-15,63.96,64.065002,62.79,63.17,488200
2014-08-18,63.625,63.91,63.185,63.685,595200
2014-08-19,63.84,64.4,63.36,64.39,508600
2014-08-20,63.45,63.535,62.084999,62.42,2213200
2014-08-21,62.38,62.495,61.040001,61.195,1404600
2014-08-22,61.075001,61.825,60.77,61.55,851000
2014-08-25,61.96,62.54,61.675,62.255,725600
2014-08-26,62.225,62.56,62.02,62.435,570000
2014-08-27,62.38,62.72,61.96,62.0,436000
2014-08-28,61.92,61.97,61.575,61.855,427800
2014-08-29,62.0,62.060001,61.42,61.985,673400
2014-09-02,62.15,62.55,61.685,62.0099983,712800
2014-09-03,62.5,63.88,62.5,63.36,1341000
2014-09-04,63.285,63.81,62.925,63.255,988400
2014-09-05,63.22,63.255,62.465,62.785,419800
2014-09-08,62.805,63.12,61.875,62.465,816000
2014-09-09,62.26,62.96,62.26,62.445,760600
2014-09-10,62.335,62.64,62.084999,62.325,732400
2014-09-11,62.12,62.59,61.97,62.060001,658200
2014-09-12,61.925,62.635,61.805,61.84,767600
2014-09-15,61.45,61.835,60.345,60.89,811400
2014-09-16,60.715,61.46,60.515,61.355,623200
2014-09-17,61.17,61.455,60.355,60.45,816400
2014-09-18,60.635,60.635,59.84,59.895,1182400
2014-09-19,59.885,60.56,58.24,58.39,2747200
2014-09-22,58.27,58.27,57.26,57.335,1873800
2014-09-23,56.995,58.055,56.745,57.625,1800600
2014-09-24,57.765,59.52,57.705,59.355,1495000
2014-09-25,59.315,59.915,58.655,58.655,1265200
2014-09-26,58.655,59.185,58.52,58.88,899800
2014-09-29,58.33,59.885,58.295,59.76,875200
2014-09-30,59.76,59.885,58.895,58.915,1425400
2014-10-01,58.695,61.049999,58.0050011,60.48,2721000
2014-10-02,60.31,60.95,60.18,60.78,1377200
2014-10-03,61.305,61.305,60.245,60.975,2072800
2014-10-06,61.145,61.66,60.85,61.025002,840000
2014-10-07,60.91,61.345,60.555,60.75,919600
2014-10-08,60.695,61.595,60.215,61.49,760600
2014-10-09,61.345,61.575,60.245,60.42,1339200
2014-10-10,60.47,61.084999,59.98,59.995,1223000
2014-10-13,60.099998,60.36,59.16,59.23,908000
2014-10-14,59.375,59.695,58.685,58.905,663400
2014-10-15,58.165,59.235,57.56,58.835,888000
2014-10-16,57.99,59.3,57.915,59.095001,1106800
2014-10-17,59.5,59.995,59.049999,59.675,745800
2014-10-20,59.425,60.3,59.095001,60.29,844400
2014-10-21,60.77,62.235,60.28,62.2,852600
2014-10-22,62.195,62.69,61.65,62.37,1118400
2014-10-23,62.935,63.21,61.96,63.175,1152400
2014-10-24,66.5,70.21,65.029999,67.6,3559600
2014-10-27,67.665,69.495,67.665,69.38,1252800
2014-10-28,69.83,71.565,69.135,71.295,1313200
2014-10-29,71.084999,71.84,70.31,70.975,1126400
2014-10-30,70.575,71.555,69.835,71.43,636000
2014-10-31,72.255,72.255,70.77,70.835,1042200
2014-11-03,71.044998,71.495,69.99,71.415,1137000
2014-11-04,71.42,72.225,70.915,72.145,971800
2014-11-05,72.465,72.81,71.074997,72.055,1202600
2014-11-06,72.215,72.97,71.52,72.955,939600
2014-11-07,72.805,73.0,71.93,72.58,1990200
2014-11-10,72.875,73.835,72.095001,73.59,1120200
2014-11-11,73.545,76.115,73.31,76.095001,1778000
2014-11-12,75.7,76.58,75.48,76.44,859800
2014-11-13,76.74,76.945,76.059998,76.25,1027000
2014-11-14,76.040001,76.055,74.76,75.11,957400
2014-11-17,75.0049973,75.5,74.7,74.705,1338000
2014-11-18,74.68,75.475,74.625,74.985,935400
2014-11-19,74.995,75.035004,73.97,74.29,670000
2014-11-20,73.86,74.525,73.35,73.93,781000
2014-11-21,74.675,74.755,73.73,73.875,554400
2014-11-24,74.13,74.875,73.75,74.795,678600
2014-11-25,74.74,75.0,73.425,74.059998,790600
2014-11-26,74.010002,74.84,73.605,74.47,498800
2014-11-28,74.43,75.225,73.905,74.675,416600
2014-12-01,74.56,75.14,73.555,73.775,800200
2014-12-02,73.915,74.995,73.565,74.535,615600
2014-12-03,74.5,74.525,73.685,74.325,578400
2014-12-04,74.050003,75.07,73.75,74.36,677400
2014-12-05,74.425,74.925,74.089996,74.31,611800
2014-12-08,74.11,74.11,73.105,73.92,859200
2014-12-09,73.205,74.745,72.505,74.63,656000
2014-12-10,74.775,74.865,73.445,73.52,500400
2014-12-11,74.029999,75.080002,73.575,74.545,715200
2014-12-12,74.040001,75.185,73.875,74.43,627200
2014-12-15,74.645,75.225,73.235,73.25,982600
2014-12-16,73.175,73.585,71.63,71.685,952000
2014-12-17,71.99,72.565,71.315,72.25,690800
2014-12-18,73.055,74.0049973,72.31,73.99,578000
2014-12-19,73.965,75.099998,73.965,74.12,1589000
2014-12-22,73.945,74.83,73.535,74.24,495400
2014-12-23,74.725,74.82,73.13,73.615,460000
2014-12-24,73.595,75.095001,73.35,74.34,197000
2014-12-26,74.425,75.07,74.084999,74.32,418000
2014-12-29,74.11,75.355,73.76,75.125,586200
2014-12-30,75.0,75.495,74.71,74.85,338600
2014-12-31,75.0,75.3,74.055,74.135,619000
2015-01-02,74.315,75.074997,73.145,73.665,514200
2015-01-05,73.76,73.98,72.735,73.155,622400
2015-01-06,73.31,73.905,72.38,73.39,1301000
2015-01-07,73.94,74.9,73.195,74.87,572200
2015-01-08,75.125,75.715,74.845,75.415,959600
2015-01-09,75.32,75.755,74.665,74.995,709800
2015-01-12,75.22,76.125,75.0,75.635,590800
2015-01-13,76.21,78.025002,75.645,78.0,922600
2015-01-14,77.63,81.23,76.85,80.225,1881000
2015-01-15,80.225,80.76,78.955,79.165,930600
2015-01-16,79.66,82.43,78.355,79.745,749800
2015-01-20,80.175,80.44,78.805,80.0,733400
2015-01-21,80.225,80.545,79.345,79.915,561400
2015-01-22,80.0,83.27,79.385,82.67,1009200
2015-01-23,82.75,84.255,82.24,83.53,786200
2015-01-26,83.815,84.14,82.31,83.050003,938400
2015-01-27,82.205,83.040001,81.77,82.44,879200
2015-01-28,83.13,83.165,80.795,81.065002,1050600
2015-01-29,81.65,82.115,80.6,81.66,900000
2015-01-30,81.13,82.115,78.96,79.21,1687200
2015-02-02,79.535,80.46,77.805,79.13,1306600
2015-02-03,79.13,79.92,77.305,78.455,813200
2015-02-04,78.315,78.815,77.34,77.685,611400
2015-02-05,78.050003,78.7,77.8,77.99,599400
2015-02-06,77.875,78.86,76.72,77.37,800000
2015-02-09,76.885,77.585,76.16,76.435,763400
2015-02-10,77.135,77.765,76.44,77.15,605800
2015-02-11,76.885,79.080002,76.66,78.635,1161600
2015-02-12,78.745,79.16,77.685,78.68,698600
2015-02-13,79.41,79.855,78.69,79.54,775400
2015-02-17,78.81,79.99,77.605,78.0049973,936600
2015-02-18,77.785,78.54,77.265,78.34,624600
2015-02-19,77.95,78.72,77.73,78.27,425800
2015-02-20,77.975,79.36,77.87,79.074997,481800
2015-02-23,78.98,79.79,78.74,79.23,485400
2015-02-24,79.155,79.59,78.135,78.495,428800
2015-02-25,78.6,78.905,78.0049973,78.545,449000
2015-02-26,78.665,79.215,78.074997,79.014999,459400
2015-02-27,79.099998,79.5,78.36,78.415,568800
2015-03-02,78.265,79.93,78.265,79.73,619000
2015-03-03,79.41,79.54,77.925,78.615,499600
2015-03-04,78.505,79.445,78.115,78.785,695400
2015-03-05,78.8,79.855,78.32,78.945,718200
2015-03-06,78.555,78.83,76.95,77.265,593000
2015-03-09,77.14,77.155,76.010002,76.21,897400
2015-03-10,76.0,76.025002,74.64,75.24,862400
2015-03-11,75.43,75.43,74.56,74.985,587200
2015-03-12,75.010002,75.32,74.315,75.16,479400
2015-03-13,74.775,75.165,74.37,74.5,509400
2015-03-16,75.12,76.84,75.0,76.215,660000
2015-03-17,76.245,76.315,75.53,75.84,359800
2015-03-18,75.53,76.42,75.225,75.825,591600
2015-03-19,75.7,77.86,75.21,77.225,638600
2015-03-20,77.62,78.185,75.42,76.4,1099600
2015-03-23,76.28,77.325,75.715,77.215,651000
2015-03-24,77.465,77.87,76.255,76.285,470800
2015-03-25,76.21,76.745,74.845,75.050003,410000
2015-03-26,74.48,75.66,74.019997,75.074997,343400
2015-03-27,75.084999,76.725,74.75,76.585,454400
2015-03-30,77.15,78.6,76.71,78.055,662600
2015-03-31,77.58,78.66,77.19,77.24,670600
2015-04-01,76.885,76.885,75.025002,75.88,650600
2015-04-02,76.025002,76.825,75.74,76.54,399000
2015-04-06,76.080002,77.305,76.029999,76.54,729200
2015-04-07,76.47,76.95,75.435,75.535,427800
2015-04-08,75.5,77.305,75.285,76.705,587000
2015-04-09,77.019997,77.029999,75.69,76.39,232200
2015-04-10,76.63,77.26,76.57,76.78,214000
2015-04-13,76.58,77.35,76.325,76.405,220600
2015-04-14,76.46,76.52,75.089996,75.905,354400
2015-04-15,76.0049973,76.555,75.33,75.495,209400
2015-04-16,75.095001,76.11,74.89,75.995,324200
2015-04-17,75.455,75.66,74.175,74.71,384000
2015-04-20,75.040001,77.074997,74.68,76.059998,503800
2015-04-21,76.43,77.87,76.185,77.61,390000
2015-04-22,77.85,78.055,76.715,77.985,490600
2015-04-23,77.505,81.0,77.505,79.7,833600
2015-04-24,80.0,82.24,79.41,82.025002,1067800
2015-04-27,81.92,81.97,80.295,80.53,1062000
2015-04-28,73.505,74.75,66.73,66.78,4908000
2015-04-29,64.885,65.955,61.37,65.29,3964600
2015-04-30,65.025002,65.3,62.495,62.685,1908000
2015-05-01,62.5,66.53,62.5,66.465,1930200
2015-05-04,66.495,66.95,65.099998,65.26,1315200
2015-05-05,65.705,65.75,63.084999,63.48,1132200
2015-05-06,65.91,66.825,63.22,63.95,1350000
2015-05-07,64.25,65.975,64.125,65.13,1209200
2015-05-08,65.795,66.535,64.815,65.099998,810200
2015-05-11,65.0,65.515,64.64,65.27,708400
2015-05-12,65.0,66.245,64.785,65.845,792600
2015-05-13,66.0,66.68,65.165,65.37,1237000
2015-05-14,65.945,66.91,65.059998,66.64,560000
2015-05-15,66.865,68.084999,66.11,67.62,938400
2015-05-18,67.51,68.24,67.089996,67.77,503800
2015-05-19,67.98,68.31,66.805,67.675,661600
2015-05-20,68.014999,69.625,67.895,68.57,975400
2015-05-21,68.4,69.059998,67.48,69.014999,673400
2015-05-22,69.235,69.815,68.66,69.36,703400
2015-05-26,68.92,69.6,68.145,68.905,748600
2015-05-27,68.805,68.875,67.845,68.67,748800
2015-05-28,68.74,68.84,66.905,68.025002,1145800
2015-05-29,68.17,68.685,67.45,67.8,966000
2015-06-01,67.89,68.515,67.084999,67.765,670600
2015-06-02,67.28,68.17,66.89,67.035004,742000
2015-06-03,67.49,67.49,65.5,66.084999,1631600
2015-06-04,66.019997,66.675,65.58,66.205,829000
2015-06-05,65.945,66.175,65.315,65.6,1018200
2015-06-08,65.42,66.115,65.195,65.495,775600
2015-06-09,65.24,65.585,64.39,64.63,723800
2015-06-10,64.66,65.35,64.065002,65.145,829600
2015-06-11,65.18,65.885,64.805,65.4,704000
2015-06-12,64.965,65.39,64.76,64.815,733600
2015-06-15,64.5,66.22,64.0,66.22,965400
2015-06-16,66.4,66.97,66.010002,66.44,409300
2015-06-17,66.34,67.16,66.2,66.4,424900
2015-06-18,66.47,67.95,66.47,67.26,611200
2015-06-19,67.47,67.78,66.4,66.5,853000
2015-06-22,66.5,66.73,66.080002,66.51,675600
2015-06-23,66.37,66.48,65.53,65.77,533200
2015-06-24,65.83,65.91,64.57,64.78,460300
2015-06-25,65.12,65.63,64.26,64.38,608800
2015-06-26,64.35,64.72,63.47,63.69,1250700
2015-06-29,63.5,65.85,63.39,63.52,1282800
2015-06-30,64.17,64.63,63.37,64.14,1181800
2015-07-01,64.97,65.25,62.9,63.13,985200
2015-07-02,62.96,63.48,62.09,62.4,768100
2015-07-06,62.0,63.07,61.91,62.59,1941900
2015-07-07,62.9,63.12,61.58,62.64,641600
2015-07-08,62.11,63.33,61.77,61.96,655500
2015-07-09,62.51,63.45,62.31,62.87,688200
2015-07-10,63.5,64.39,62.97,64.089996,561100
2015-07-13,64.57,65.050003,64.059998,64.9,387400
2015-07-14,64.86,65.24,64.57,64.72,486500
2015-07-15,64.64,65.36,63.54,64.12,690700
2015-07-16,64.76,64.89,63.0099983,63.83,718600
2015-07-17,63.92,64.14,63.049999,63.25,508300
2015-07-20,63.14,63.58,62.63,63.4,762700
2015-07-21,63.47,64.39,63.47,63.99,775800
2015-07-22,63.89,70.36,63.89,70.36,2239900
2015-07-23,70.88,71.17,66.79,67.050003,2217600
2015-07-24,66.6,66.8,65.54,66.27,848000
2015-07-27,66.25,67.11,65.61,66.3,607300
2015-07-28,66.27,66.34,65.28,65.84,765200
2015-07-29,65.84,66.84,65.56,66.46,1168800
2015-07-30,66.0,73.47,65.059998,71.34,2015600
2015-07-31,71.95,73.77,71.62,72.73,1565200
2015-08-03,73.19,74.27,72.88,74.17,1239100
2015-08-04,74.31,74.8,73.080002,73.45,717400
2015-08-05,73.44,75.21,73.44,75.12,988700
2015-08-06,75.98,77.7,74.87,75.21,1514200
2015-08-07,75.34,76.68,74.55,76.55,842500
2015-08-10,76.92,78.19,76.76,77.47,967200
2015-08-11,76.95,78.059998,76.5,77.23,651000
2015-08-12,76.73,77.2,75.8,77.13,465800
2015-08-13,77.21,77.76,76.51,77.16,360200
2015-08-14,77.35,77.8,76.75,77.61,327100
2015-08-17,77.22,78.86,76.86,78.66,592800
2015-08-18,78.14,79.62,78.14,78.4,502900
2015-08-19,78.47,78.81,77.29,78.21,507600
2015-08-20,77.17,77.34,75.77,75.83,555400
2015-08-21,75.29,75.8,73.96,74.2,695300
2015-08-24,71.28,72.91,69.9,70.86,1224500
2015-08-25,72.96,73.78,69.88,69.94,894300
2015-08-26,71.23,72.059998,69.77,71.93,474800
2015-08-27,73.019997,73.48,71.61,73.42,406600
2015-08-28,71.95,73.68,71.17,73.21,564300
2015-08-31,73.059998,73.86,71.25,71.47,526100
2015-09-01,69.94,71.41,69.46,70.54,1015400
2015-09-02,71.62,72.91,71.080002,72.91,615000
2015-09-03,72.95,73.68,72.2,72.97,563300
2015-09-04,71.97,72.92,71.89,72.56,320000
2015-09-08,73.5,74.97,73.010002,74.76,506900
2015-09-09,75.21,75.48,74.21,74.35,478200
2015-09-10,74.48,75.93,74.19,75.33,536100
2015-09-11,75.13,76.58,74.56,76.35,308800
2015-09-14,76.4,76.4,74.66,75.7,509500
2015-09-15,75.76,77.12,74.96,76.94,370600
2015-09-16,76.55,77.24,76.040001,76.96,349400
2015-09-17,77.17,79.11,76.82,77.92,534300
2015-09-18,76.8,77.54,76.47,76.64,1075400
2015-09-21,77.029999,78.32,76.12,76.45,517800
2015-09-22,75.63,76.36,75.4,76.16,521200
2015-09-23,76.13,77.52,75.98,76.65,414000
2015-09-24,76.050003,76.53,75.14,76.080002,384200
2015-09-25,76.9,76.91,73.93,74.54,357700
2015-09-28,74.26,74.57,71.81,72.45,639100
2015-09-29,72.58,72.94,71.29,72.029999,667200
2015-09-30,72.77,74.42,71.9,74.25,883600
2015-10-01,74.080002,74.47,72.19,73.68,901500
2015-10-02,73.080002,75.59,72.17,75.56,614300
2015-10-05,75.83,77.27,74.55,75.010002,1577200
2015-10-06,75.07,75.07,70.93,71.7,1062800
2015-10-07,71.74,74.25,71.14,72.64,758900
2015-10-08,72.35,73.44,70.97,73.2,464200
2015-10-09,73.62,74.65,72.74,74.050003,391200
2015-10-12,73.9,75.41,73.73,75.21,292700
2015-10-13,74.74,75.14,72.65,72.74,559200
2015-10-14,72.99,73.75,71.059998,71.57,597900
2015-10-15,71.25,73.55,71.18,73.36,406500
2015-10-16,73.69,74.41,72.41,73.7,527900
2015-10-19,73.75,74.91,73.33,74.22,464300
2015-10-20,73.91,74.86,73.49,74.27,491000
2015-10-21,74.93,75.48,73.66,74.68,462700
2015-10-22,75.029999,75.099998,71.67,73.3,647900
2015-10-23,74.010002,75.12,73.15,75.019997,705300
2015-10-26,74.8,76.2,74.45,75.94,638100
2015-10-27,75.78,77.080002,73.68,76.74,1385400
2015-10-28,68.75,69.13,65.029999,68.92,3941700
2015-10-29,67.92,71.9,66.89,69.96,2245300
2015-10-30,70.27,70.3,67.85,68.62,1067100
2015-11-02,68.66,69.61,68.56,69.6,654700
2015-11-03,69.2,70.44,68.29,70.029999,623100
2015-11-04,70.26,71.44,68.96,70.42,692000
2015-11-05,70.12,70.91,69.2,70.7,409100
2015-11-06,70.6,70.99,69.91,70.54,425000
2015-11-09,70.010002,70.92,69.25,70.68,508600
2015-11-10,70.45,71.16,69.43,70.85,425900
2015-11-11,71.34,71.34,69.0,69.74,556700
2015-11-12,69.64,69.77,67.13,67.21,754800
2015-11-13,68.019997,68.019997,66.080002,66.96,750200
2015-11-16,66.98,68.15,66.51,67.92,522300
2015-11-17,68.17,68.55,67.43,68.18,603700
2015-11-18,68.32,68.59,67.7,68.37,881600
2015-11-19,68.59,69.38,68.029999,69.059998,425900
2015-11-20,69.5,70.53,68.94,69.23,373600
2015-11-23,68.66,69.99,68.010002,69.080002,569000
2015-11-24,68.59,69.16,68.16,69.010002,427700
2015-11-25,69.15,70.47,68.87,70.24,312300
2015-11-27,70.28,71.2,69.98,70.67,162000
2015-11-30,70.86,71.35,69.53,70.82,525100
2015-12-01,70.25,71.87,69.16,71.54,500600
2015-12-02,71.54,72.8,71.050003,71.88,620000
2015-12-03,71.96,72.57,69.85,70.019997,465000
2015-12-04,70.0,71.18,69.69,70.4,459400
2015-12-07,70.52,70.71,69.71,70.19,399400
2015-12-08,69.75,70.95,68.61,69.54,476200
2015-12-09,69.34,69.89,68.12,69.010002,653500
2015-12-10,69.16,69.61,68.0,69.050003,370500
2015-12-11,68.32,69.58,68.18,68.45,352500
2015-12-14,68.29,69.45,68.050003,68.82,433000
2015-12-15,69.33,69.74,68.55,69.2,492500
2015-12-16,69.75,70.27,68.25,69.82,539400
2015-12-17,70.040001,70.19,69.41,69.83,377900
2015-12-18,69.82,70.56,68.84,69.96,1061800
2015-12-21,70.24,71.37,70.050003,71.34,494300
2015-12-22,71.52,72.34,71.3,72.2,475700
2015-12-23,72.53,73.59,72.17,72.47,353600
2015-12-24,72.48,73.24,71.91,72.95,204000
2015-12-28,72.79,74.36,72.48,74.16,440700
2015-12-29,74.32,74.97,73.75,74.3,303200
2015-12-30,74.33,74.99,73.7,73.97,336100
2015-12-31,73.53,74.17,72.9,72.92,361600
2016-01-04,72.35,72.66,70.6,71.12,765700
2016-01-05,71.23,72.82,70.95,71.83,548800
2016-01-06,71.5,72.74,70.58,71.32,1645700
2016-01-07,70.49,70.74,69.6,69.81,665300
2016-01-08,70.35,70.95,69.050003,69.099998,640000
2016-01-11,69.3,69.78,67.93,68.47,504900
2016-01-12,68.95,69.78,68.65,69.26,454400
2016-01-13,69.5,69.72,67.33,67.4,914100
2016-01-14,67.48,68.36,66.7,68.099998,876400
2016-01-15,66.87,68.0,66.18,67.12,778000
2016-01-19,67.67,68.38,66.42,66.95,886000
2016-01-20,66.2,67.0,63.84,66.43,1142900
2016-01-21,66.71,67.24,65.39,65.58,1005900
2016-01-22,66.010002,66.47,63.66,66.36,1599900
2016-01-25,66.18,66.73,65.57,65.87,761000
2016-01-26,66.040001,66.49,65.26,65.79,755500
2016-01-27,65.62,66.54,64.84,65.19,883400
2016-01-28,65.61,65.68,63.48,64.67,847000
2016-01-29,67.7,70.44,67.5,70.14,1915800
2016-02-01,69.85,71.89,68.56,71.4,1373100
2016-02-02,70.29,72.010002,70.29,71.44,1143400
2016-02-03,71.68,71.95,70.42,71.46,1153000
2016-02-04,71.59,72.37,70.72,70.92,722300
2016-02-05,70.76,71.83,69.7,71.040001,1404300
2016-02-08,70.27,70.46,68.44,69.58,2260000
2016-02-09,67.74,70.07,67.22,68.49,938000
2016-02-10,69.050003,71.050003,68.96,69.66,541600
2016-02-11,68.66,69.55,67.0,67.27,679800
2016-02-12,68.089996,68.86,66.82,67.85,1039100
2016-02-16,68.39,69.93,68.16,69.41,489900
2016-02-17,69.7,71.6,69.53,71.52,531600
2016-02-18,71.52,71.52,70.029999,70.63,436100
2016-02-19,70.11,71.61,70.080002,71.34,400500
2016-02-22,71.84,72.49,71.050003,71.42,301200
2016-02-23,71.17,71.97,70.43,71.7,436100
2016-02-24,71.089996,72.26,70.26,72.059998,337600
2016-02-25,71.73,73.21,71.58,73.16,470800
2016-02-26,73.51,74.12,73.040001,73.48,432800
2016-02-29,73.31,74.4,72.82,73.16,477700
2016-03-01,73.42,75.76,72.6,75.48,731100
2016-03-02,75.23,75.94,74.72,75.59,546000
2016-03-03,75.21,75.88,74.37,75.5,570200
2016-03-04,75.7,76.6,75.24,76.43,769500
2016-03-07,76.22,77.94,76.22,77.77,617700
2016-03-08,77.8,77.82,76.19,77.18,554700
2016-03-09,77.18,78.040001,75.080002,77.91,598000
2016-03-10,78.38,78.38,76.66,77.41,535200
2016-03-11,78.0,78.49,77.61,78.15,352700
2016-03-14,78.13,78.38,76.84,78.18,328400
2016-03-15,77.49,78.17,76.79,77.040001,845700
2016-03-16,76.26,76.41,72.88,74.36,1192100
2016-03-17,74.099998,74.87,72.29,74.62,649100
2016-03-18,74.23,75.57,74.16,75.45,924600
2016-03-21,75.9,76.68,75.45,76.16,497300
2016-03-22,75.67,76.91,75.67,76.6,547600
2016-03-23,76.37,76.53,75.3,75.46,434500
2016-03-24,75.4,75.74,74.48,75.59,416400
2016-03-28,76.0,76.35,75.39,75.86,345800
2016-03-29,75.71,78.34,75.55,78.13,488700
2016-03-30,78.43,78.95,77.56,77.75,403000
2016-03-31,77.5,79.029999,75.029999,78.32,625800
2016-04-01,77.53,79.43,76.55,79.37,683100
2016-04-04,79.27,80.19,78.58,79.75,654400
2016-04-05,79.23,79.84,78.82,79.19,847300
2016-04-06,79.080002,80.23,76.98,80.16,433700
2016-04-07,80.0,80.56,78.9,80.48,923900
2016-04-08,80.92,81.19,79.029999,80.54,400300
2016-04-11,81.019997,81.2,80.07,80.33,392200
2016-04-12,80.29,80.88,79.75,80.34,682000
2016-04-13,80.99,80.99,79.97,80.45,729500
2016-04-14,80.36,80.77,79.29,79.82,1025300
2016-04-15,79.62,79.96,78.87,79.73,930600
2016-04-18,79.73,80.35,79.3,79.93,925700
2016-04-19,80.42,80.42,79.86,80.32,816100
2016-04-20,80.44,81.43,80.11,80.99,883600
2016-04-21,80.82,81.23,80.17,80.73,812200
2016-04-22,80.48,81.64,80.33,81.11,599700
2016-04-25,80.91,81.49,80.53,81.22,770000
2016-04-26,81.29,81.99,81.050003,81.84,747700
2016-04-27,81.61,82.41,80.61,81.93,776200
2016-04-28,81.52,82.059998,80.57,80.79,803400
2016-04-29,84.0,84.5,81.39,84.35,2620600
2016-05-02,85.0,85.43,84.35,85.28,1034900
2016-05-03,84.48,85.29,84.4,85.15,614500
2016-05-04,84.72,85.46,83.65,85.0,601900
2016-05-05,84.48,86.61,84.48,86.13,750400
2016-05-06,85.63,87.19,85.63,86.59,702200
2016-05-09,86.23,87.37,86.23,87.2,628700
2016-05-10,87.67,87.85,87.089996,87.81,939600
2016-05-11,87.82,87.87,87.080002,87.12,502700
2016-05-12,87.52,87.76,86.52,87.15,703300
2016-05-13,87.029999,87.53,86.52,86.67,1043400
2016-05-16,87.059998,88.54,86.97,88.46,1075100
2016-05-17,88.019997,88.62,86.74,87.23,1051500
2016-05-18,87.23,88.88,87.21,88.33,940400
2016-05-19,87.75,88.39,87.22,88.18,542600
2016-05-20,88.29,89.24,88.29,88.97,1099100
2016-05-23,89.27,89.38,87.9,88.12,729300
2016-05-24,88.71,90.33,88.39,90.22,893200
2016-05-25,90.8,91.38,89.7,90.080002,593400
2016-05-26,89.99,91.94,89.5,89.74,740000
2016-05-27,89.63,90.45,89.42,90.07,907000
2016-05-31,89.96,90.48,87.3,87.57,5798900
2016-06-01,87.56,88.23,87.14,88.18,1124900
2016-06-02,87.42,88.89,87.42,88.89,632300
2016-06-03,89.040001,89.040001,88.029999,88.099998,500100
2016-06-06,88.059998,88.47,87.0,88.040001,508400
2016-06-07,88.38,89.32,88.040001,88.81,735700
2016-06-08,88.63,89.34,87.68,88.88,637900
2016-06-09,88.52,90.25,88.52,90.25,746800
2016-06-10,89.76,89.98,88.65,88.88,526100
2016-06-13,88.6,89.43,88.56,88.92,521700
2016-06-14,89.029999,89.62,88.36,89.57,561700
2016-06-15,89.92,89.92,88.77,88.99,553300
2016-06-16,88.24,89.019997,87.81,89.010002,568200
2016-06-17,88.71,89.42,87.050003,87.66,873300
2016-06-20,88.71,90.24,88.44,89.13,687400
2016-06-21,89.13,89.82,88.83,89.66,584200
2016-06-22,89.81,90.57,89.2,90.040001,412100
2016-06-23,90.59,91.74,89.25,91.67,526900
2016-06-24,88.88,89.77,87.68,87.76,944200
2016-06-27,87.52,88.63,85.98,86.62,593100
2016-06-28,87.83,88.55,86.84,88.53,570800
2016-06-29,89.5,91.15,89.099998,91.11,615900
2016-06-30,91.6,92.87,90.7,92.86,805000
2016-07-01,93.16,93.66,92.58,93.07,409400
2016-07-05,93.099998,93.69,92.73,93.38,461800
2016-07-06,93.5,93.7,92.72,93.57,502900
2016-07-07,93.86,94.15,93.44,93.86,403500
2016-07-08,94.2,95.0,93.68,94.96,562100
2016-07-11,94.97,95.3,94.45,94.6,480600
2016-07-12,94.8,95.5,94.080002,94.22,353100
2016-07-13,94.23,94.68,93.44,93.65,383500
2016-07-14,93.81,94.019997,93.029999,93.21,473700
2016-07-15,93.22,93.56,92.93,93.49,401600
2016-07-18,93.69,94.24,93.51,93.76,283100
2016-07-19,93.51,94.16,93.0,94.059998,394300
2016-07-20,94.63,95.47,94.33,95.25,334900
2016-07-21,95.0,95.55,93.96,94.26,235700
2016-07-22,94.55,94.57,93.33,94.44,266000
2016-07-25,94.51,94.51,92.9,93.07,429100
2016-07-26,93.0,93.83,93.0,93.7,368400
2016-07-27,93.75,94.16,92.54,92.77,677200
2016-07-28,92.77,93.79,92.52,93.21,598600
2016-07-29,93.010002,94.46,93.010002,93.79,362600
2016-08-01,93.43,94.46,93.14,93.51,588100
2016-08-02,103.76,108.64,103.13,105.88,2737600
2016-08-03,105.0,109.93,104.019997,107.97,1488200
2016-08-04,107.18,108.5,107.019997,107.98,974900
2016-08-05,108.57,109.49,108.11,109.050003,421500
2016-08-08,108.8,109.37,108.27,108.62,504700
2016-08-09,108.87,111.37,108.72,110.98,580600
2016-08-10,110.75,110.75,109.059998,109.89,512900
2016-08-11,110.0,111.13,109.74,110.96,596800
2016-08-12,110.9,111.2,110.38,110.78,255500
2016-08-15,111.48,112.26,111.07,111.92,430900
2016-08-16,111.75,111.98,110.87,110.94,446700
2016-08-17,111.41,111.41,110.36,110.81,306700
2016-08-18,110.87,111.15,110.36,110.84,290200
2016-08-19,111.0,111.77,110.27,111.17,320800
2016-08-22,111.43,111.88,110.050003,110.46,558700
2016-08-23,110.36,111.38,110.35,110.68,379400
2016-08-24,110.34,110.79,109.5,109.76,323200
2016-08-25,109.48,110.56,109.43,109.91,337200
2016-08-26,109.74,111.27,109.48,110.15,433500
2016-08-29,110.15,112.78,110.019997,112.089996,447800
2016-08-30,112.35,113.48,112.21,113.059998,697700
2016-08-31,112.6,113.07,111.75,112.68,422800
2016-09-01,113.010002,113.89,112.26,113.16,385700
2016-09-02,113.3,114.19,113.3,114.089996,313400
2016-09-06,114.21,114.51,113.080002,113.95,435600
2016-09-07,114.07,115.059998,113.8,114.76,435800
2016-09-08,114.61,114.83,113.82,114.2,339200
2016-09-09,113.35,113.39,109.92,109.97,421900
2016-09-12,109.6,111.75,109.17,111.64,431000
2016-09-13,111.0,111.0,108.16,108.17,601600
2016-09-14,108.18,109.040001,107.71,108.57,376700
2016-09-15,108.48,109.84,108.31,109.56,392100
2016-09-16,108.89,110.0,108.11,109.54,816200
2016-09-19,109.53,111.26,109.5,110.64,323900
2016-09-20,111.7,112.22,111.07,111.83,390500
2016-09-21,111.85,112.49,110.42,112.07,508500
2016-09-22,112.89,114.099998,112.45,113.089996,442200
2016-09-23,112.51,112.87,111.13,111.36,353400
2016-09-26,111.55,111.7,110.87,110.96,203600
2016-09-27,111.29,113.98,110.51,113.27,423100
2016-09-28,113.36,113.52,112.32,113.41,272400
2016-09-29,112.94,113.29,111.27,111.87,368900
2016-09-30,111.98,113.22,111.57,112.73,404700
2016-10-03,112.37,113.27,112.07,113.12,412700
2016-10-04,112.92,113.81,112.22,112.93,579300
2016-10-05,112.95,113.69,112.57,112.92,501000
2016-10-06,112.9,114.07,112.65,113.11,529500
2016-10-07,113.33,115.52,112.77,115.32,794600
2016-10-10,115.47,117.84,115.46,117.040001,270900
2016-10-11,117.029999,117.029999,112.45,112.84,371100
2016-10-12,113.14,113.73,111.57,111.73,464100
2016-10-13,111.010002,111.71,110.47,110.73,515000
2016-10-14,111.61,111.73,110.65,111.099998,405200
2016-10-17,111.0,111.73,110.57,111.27,549700
2016-10-18,112.6,113.12,111.7,112.57,344100
2016-10-19,112.39,113.3,112.21,112.78,363800
2016-10-20,112.42,113.26,111.6,112.059998,299700
2016-10-21,111.31,111.31,110.24,110.48,294800
2016-10-24,111.28,113.64,110.65,113.38,417100
2016-10-25,113.68,114.11,110.83,110.98,287600
2016-10-26,109.5,110.43,105.89,106.67,909000
2016-10-27,107.21,107.27,104.55,104.91,695100
2016-10-28,104.32,106.47,104.22,105.050003,505800
2016-10-31,104.9,107.65,103.77,107.14,777800
2016-11-01,110.050003,110.45,102.45,103.98,1162900
2016-11-02,103.71,105.89,103.26,105.44,816800
2016-11-03,105.4,106.44,104.93,105.07,533900
2016-11-04,105.49,107.65,105.49,106.21,593600
2016-11-07,107.9,109.66,107.57,108.53,469800
2016-11-08,108.31,110.97,107.97,109.45,346300
2016-11-09,107.35,109.27,104.21,109.11,540100
2016-11-10,110.13,111.029999,106.55,108.76,594600
2016-11-11,108.46,109.64,107.59,109.17,441000
2016-11-14,109.91,110.35,108.99,109.3,472900
2016-11-15,109.35,113.43,109.35,113.089996,648300
2016-11-16,112.41,114.17,112.41,112.75,471300
2016-11-17,112.76,115.41,112.67,115.19,552200
2016-11-18,115.53,116.5,114.72,116.13,490300
2016-11-21,119.64,119.86,118.12,118.54,798800
2016-11-22,118.74,120.080002,117.78,119.88,823700
2016-11-23,119.9,120.78,119.089996,120.16,520500
2016-11-25,120.16,120.8,119.78,120.27,217600
2016-11-28,120.15,120.79,118.82,119.48,449500
2016-11-29,119.75,121.059998,119.44,120.34,490200
2016-11-30,120.53,120.81,117.65,117.65,708200
2016-12-01,118.19,120.94,113.47,114.17,897500
2016-12-02,114.17,115.81,114.11,114.58,624900
2016-12-05,114.8,115.87,113.74,114.099998,757400
2016-12-06,114.71,115.76,113.71,115.72,577700
2016-12-07,115.73,118.47,115.040001,118.019997,456000
2016-12-08,118.11,118.84,117.050003,118.79,400800
2016-12-09,119.21,119.79,118.099998,118.24,483000
2016-12-12,118.36,120.48,117.77,120.29,514800
2016-12-13,120.75,121.77,119.85,120.83,414200
2016-12-14,121.059998,121.6,119.2,119.77,582000
2016-12-15,119.64,120.77,119.3,119.91,450800
2016-12-16,119.2,120.47,119.12,119.43,1208300
2016-12-19,120.21,120.48,118.82,119.029999,445800
2016-12-20,119.13,119.55,118.12,118.4,440300
2016-12-21,118.66,120.099998,118.66,119.56,350100
2016-12-22,119.59,120.0,118.92,119.089996,280800
2016-12-23,119.34,120.33,119.0,119.88,250500
2016-12-27,120.12,120.85,119.64,119.75,268000
2016-12-28,119.79,120.9,117.59,117.75,301600
2016-12-29,117.73,118.68,117.53,118.080002,430900
2016-12-30,118.61,118.94,117.15,117.27,535100
2017-01-03,118.29,119.18,117.17,117.6,569500
2017-01-04,118.019997,118.26,113.92,115.95,20606500
2017-01-05,116.15,118.36,115.9,115.96,1312200
2017-01-06,115.99,118.91,115.3,118.36,946400
2017-01-09,120.26,120.86,118.07,119.019997,1038900
2017-01-10,119.14,121.81,119.11,120.71,958300
2017-01-11,120.99,121.69,119.83,121.12,699600
2017-01-12,120.83,120.83,118.71,120.64,706500
2017-01-13,120.44,121.72,120.029999,120.8,651600
2017-01-17,120.88,121.54,119.43,120.010002,813300
2017-01-18,120.16,120.42,118.24,118.9,730200
2017-01-19,119.24,120.49,118.4,120.28,546900
2017-01-20,120.43,120.79,118.69,118.88,605400
2017-01-23,119.019997,119.22,116.54,117.74,611500
2017-01-24,118.07,118.98,117.4,118.51,466400
2017-01-25,118.84,121.47,118.65,121.4,550200
2017-01-26,120.88,121.39,118.8,119.61,762000
2017-01-27,120.019997,121.78,119.65,121.66,531500
2017-01-30,121.57,121.57,119.84,120.5,789400
2017-01-31,120.51,122.47,120.23,122.33,869800
2017-02-01,122.4,123.26,121.19,122.8,944400
2017-02-02,125.5,139.89999,125.019997,139.070007,2796700
2017-02-03,139.53,142.86,138.52,142.020004,1758100
2017-02-06,142.0,142.32001,140.21001,142.0099945,1145000
2017-02-07,142.23,143.47,141.78999,143.13,864800
2017-02-08,142.83,143.089996,141.0,141.11,1358700
2017-02-09,141.48,142.53999,140.86,142.11,776600
2017-02-10,142.070007,142.50999,141.49001,141.83,435200
2017-02-13,142.73,142.89999,141.32001,141.7,570600
2017-02-14,141.11,142.0,140.63,141.60001,682800
2017-02-15,140.89,142.089996,140.64999,141.74001,859400
2017-02-16,141.92999,142.38,140.99001,141.95,407300
2017-02-17,141.71001,142.7,141.12,142.23,426900
2017-02-21,142.3,143.059998,141.52,142.39999,539700
2017-02-22,142.16,143.050003,141.8,142.25,584500
2017-02-23,142.63,143.56,141.83,143.020004,510500
2017-02-24,142.81,143.92,141.020004,143.059998,571700
2017-02-27,143.35001,144.33,142.5,143.61,573400
2017-02-28,143.94,146.17,143.8,144.94,744200
2017-03-01,145.84,148.22,145.37,147.0099945,796900
2017-03-02,147.0,147.25999,145.75,146.10001,523100
2017-03-03,146.66,147.67,146.22,147.13,658900
2017-03-06,146.36,147.75,145.52,147.080002,638100
2017-03-07,146.74001,147.7,145.24001,147.029999,752000
2017-03-08,147.35001,147.7,146.50999,146.88,412600
2017-03-09,146.77,149.57001,146.42,149.41,628400
2017-03-10,150.33,151.99001,149.10001,150.28,725100
2017-03-13,150.66,151.97,150.19,151.60001,500900
2017-03-14,151.73,151.89,150.45,151.21001,388700
2017-03-15,151.45,153.87,151.070007,153.67999,583600
2017-03-16,153.94,153.95,151.28,151.62,1033500
2017-03-17,151.77,152.42999,151.3,151.95,3389100
2017-03-20,152.17999,152.42,150.49001,151.53999,764500
2017-03-21,151.89999,152.34,148.61,150.11,680300
2017-03-22,152.22,153.94,150.56,152.88,618100
2017-03-23,152.44,153.69,151.64999,152.89,522100
2017-03-24,153.22,154.57001,152.87,153.74001,538400
2017-03-27,152.98,154.49001,151.8,153.96001,460100
2017-03-28,153.50999,154.41,152.34,153.81,422400
2017-03-29,153.57001,154.89999,153.57001,154.72,397800
2017-03-30,154.45,154.99001,153.89999,154.52,244400
2017-03-31,154.0,155.64999,153.69,154.61,466500
2017-04-03,155.070007,155.74001,153.59,155.28,481200
2017-04-04,156.53999,156.53999,153.88,155.12,508500
2017-04-05,155.080002,157.029999,154.10001,154.72,617600
2017-04-06,154.59,155.13,153.33,154.56,579600
2017-04-07,154.84,156.14,154.75,155.48,530700
2017-04-10,155.47,156.36,153.99001,154.58,374400
2017-04-11,154.24001,154.95,153.75,154.69,470900
2017-04-12,155.27,155.35001,153.84,154.2,437300
2017-04-13,153.75,155.19,153.38,153.60001,369300
2017-04-17,154.28,155.78,153.24001,155.28,492200
2017-04-18,155.10001,155.99001,154.2,155.67999,552400
2017-04-19,156.55,157.64999,155.86,157.080002,477300
2017-04-20,157.81,159.77,156.75,159.52,492500
2017-04-21,159.61,159.92,158.23,159.12,455100
2017-04-24,161.92,162.99001,161.17999,161.87,739900
2017-04-25,162.39,163.28999,162.21001,162.42999,470600
2017-04-26,162.7,163.37,161.36,162.82001,660700
2017-04-27,162.8,163.39,161.19,162.75999,799500
2017-04-28,166.020004,172.0,165.25,167.73,1710100
2017-05-01,168.3,168.3,162.25,163.73,1230900
2017-05-02,164.2,164.2,162.39,163.73,834100
2017-05-03,163.73,164.86,160.17999,160.28,794000
2017-05-04,160.47,161.020004,158.83,160.46001,789100
2017-05-05,161.020004,162.75999,160.11,162.47,771100
2017-05-08,161.89,162.64999,160.56,161.66,418200
2017-05-09,160.8,162.25,160.8,162.059998,475500
2017-05-10,162.080002,163.63,161.55,163.0099945,678700
2017-05-11,162.070007,163.27,161.83,163.17,383500
2017-05-12,163.17,164.0,162.59,163.22,377200
2017-05-15,163.14999,164.56,162.71001,164.48,375200
2017-05-16,164.89999,164.97,163.71001,164.72,370300
2017-05-17,163.92,164.059998,160.91,161.039993,488600
2017-05-18,161.2,162.75999,160.50999,161.59,627300
2017-05-19,161.75,162.39,160.98,161.63,470400
2017-05-22,161.13,163.25,161.050003,162.97,430100
2017-05-23,163.37,164.45,162.67999,164.2,419800
2017-05-24,164.57001,165.0,163.2,164.60001,382900
2017-05-25,165.050003,168.42999,164.75,167.39999,466200
2017-05-26,166.97,168.12,166.58,167.56,383500
2017-05-30,167.44,168.91,167.31,167.92999,299400
2017-05-31,168.13,169.23,166.77,168.39,744700
2017-06-01,166.88,169.059998,165.19,168.25,1058100
2017-06-02,168.56,170.17999,168.0,169.86,548400
2017-06-05,170.55,171.50999,169.53,169.99001,412500
2017-06-06,170.089996,172.25,169.34,170.88,472600
2017-06-07,171.24001,173.0099945,170.89999,171.94,591400
2017-06-08,172.020004,172.86,170.32001,171.34,476400
2017-06-09,171.71001,172.17999,164.23,164.56,873000
2017-06-12,164.35001,164.56,156.020004,158.22,1422400
2017-06-13,159.35001,161.63,158.22,161.3,942300
2017-06-14,162.31,164.25999,160.25,160.63,659800
2017-06-15,159.77,160.99001,157.88,160.57001,769300
2017-06-16,160.21001,162.75,159.50999,160.71001,1120900
2017-06-19,161.39999,164.62,161.19,164.38,611800
2017-06-20,163.89999,167.28999,163.84,166.020004,699000
2017-06-21,166.020004,167.070007,165.83,166.61,473200
2017-06-22,166.5,167.98,165.44,166.52,436600
2017-06-23,166.5,168.60001,165.98,167.35001,1315400
2017-06-26,168.28,168.63,165.78999,165.97,559200
2017-06-27,165.57001,165.78999,162.28,162.44,447100
2017-06-28,162.92,164.92999,162.44,164.64999,557200
2017-06-29,164.22,164.22,159.0,160.53999,584200
2017-06-30,161.47,162.85001,160.58,161.42,595600
2017-07-03,162.39,163.75999,159.17,159.32001,325200
2017-07-05,159.50999,161.97,159.45,161.38,759600
2017-07-06,160.23,160.99001,157.77,159.25999,670200
2017-07-07,159.82001,162.36,159.55,161.42999,411500
2017-07-10,161.020004,162.74001,160.42,161.50999,821900
2017-07-11,161.75999,162.36,160.0,161.72,1165300
2017-07-12,162.89,165.25,162.0099945,164.63,570800
2017-07-13,164.92,165.059998,162.53,163.59,495500
2017-07-14,164.020004,167.58,163.85001,166.5,444100
2017-07-17,166.53999,167.42,165.17,166.029999,757000
2017-07-18,165.84,166.96001,164.77,165.53,367500
2017-07-19,165.85001,168.2,165.080002,167.78,359100
2017-07-20,168.2,168.2,166.73,167.28999,267200
2017-07-21,166.59,168.24001,166.25,166.62,357300
2017-07-24,166.78,170.56,166.73,170.17999,394100
2017-07-25,170.56,171.37,166.11,166.55,582400
2017-07-26,165.92999,167.64,165.92999,166.83,330900
2017-07-27,166.81,167.39999,162.5,164.39999,378400
2017-07-28,165.60001,168.0,164.56,167.52,482300
2017-07-31,168.070007,169.24001,165.81,166.46001,575100
2017-08-01,163.84,165.41,153.39,154.67999,1380300
2017-08-02,154.52,156.57001,150.49001,151.21001,1104900
2017-08-03,151.44,155.33,151.19,154.089996,759300
2017-08-04,154.73,155.2,151.56,152.60001,464900
2017-08-07,152.89999,155.56,152.59,155.49001,489000
2017-08-08,154.83,156.47,153.66,154.77,518700
2017-08-09,154.33,155.39,153.52,154.50999,389200
2017-08-10,154.28,154.69,150.35001,151.059998,912700
2017-08-11,151.71001,153.92,151.39999,153.020004,502100
2017-08-14,152.98,155.83,152.98,155.32001,832400
2017-08-15,156.14999,157.089996,154.22,154.67,613700
2017-08-16,154.99001,156.27,154.78,155.21001,871000
2017-08-17,155.0,155.5,151.83,151.89999,540800
2017-08-18,151.25999,152.88,150.25,150.44,566900
2017-08-21,151.28,151.28,148.8,150.41,664800
2017-08-22,151.0,153.020004,150.77,152.82001,437100
2017-08-23,155.0,155.14999,152.83,153.61,576300
2017-08-24,153.5,154.55,152.28999,152.57001,424600
2017-08-25,153.0,153.0,150.95,151.080002,526000
2017-08-28,151.28,152.12,149.45,150.44,528000
2017-08-29,149.32001,150.94,149.32001,150.32001,451300
2017-08-30,150.10001,154.23,150.10001,152.71001,553000
2017-08-31,153.46001,155.99001,152.31,155.42999,642400
2017-09-01,155.72,155.8,153.60001,154.98,265100
2017-09-05,154.16,156.46001,152.96001,155.81,463300
2017-09-06,156.71001,157.22,154.87,156.87,489900
2017-09-07,157.17999,159.32001,155.87,157.95,553800
2017-09-08,157.64,159.039993,156.89999,157.49001,331200
2017-09-11,158.2,160.55,157.61,160.23,409200
2017-09-12,160.13,160.36,158.28999,158.98,234500
2017-09-13,158.97,159.36,157.0,159.0,369500
2017-09-14,158.19,159.71001,157.89,158.8,384900
2017-09-15,159.070007,159.34,157.36,158.97,774100
2017-09-18,159.37,162.49001,159.050003,162.10001,630300
2017-09-19,162.089996,162.2,160.13,160.53,443400
2017-09-20,160.89,161.63,157.77,158.48,395000
2017-09-21,158.50999,158.67999,154.82001,155.75999,547300
2017-09-22,155.75,157.75999,155.39,157.5,362100
2017-09-25,157.14,157.57001,154.12,154.52,445800
2017-09-26,154.5,154.94,153.089996,153.24001,562300
2017-09-27,153.41,156.82001,153.25,156.45,387300
2017-09-28,156.020004,156.10001,153.50999,154.37,382800
2017-09-29,154.35001,155.60001,153.97,155.49001,392800
2017-10-02,156.13,157.83,155.98,157.17,310700
2017-10-03,157.14999,157.8,153.45,154.39999,510600
2017-10-04,153.96001,157.52,153.96001,157.41,386700
2017-10-05,157.81,158.55,156.67999,158.11,316200
2017-10-06,158.16,159.84,157.39999,158.97,544500
2017-10-09,158.8,159.7,158.070007,158.28999,304300
2017-10-10,158.5,158.91,156.89999,157.33,259900
2017-10-11,156.89999,158.25,156.8,158.080002,277500
2017-10-12,157.53,163.089996,157.53,161.75999,485000
2017-10-13,161.25999,162.64,159.19,159.60001,374200
2017-10-16,159.97,160.42999,158.24001,158.55,368600
2017-10-17,158.089996,160.070007,158.089996,160.0,272200
2017-10-18,159.83,163.27,159.28,163.050003,454900
2017-10-19,162.98,162.98,160.84,161.58,318200
2017-10-20,162.3,165.78999,161.45,164.71001,409600
2017-10-23,165.53999,167.55,163.91,164.42999,283200
2017-10-24,163.66,164.61,161.62,162.7,354900
2017-10-25,162.029999,162.94,160.24001,162.039993,407000
2017-10-26,162.78,164.46001,162.21001,164.25,351700
2017-10-27,163.61,168.66,162.89999,168.37,447700
2017-10-30,167.75999,168.63,163.23,164.41,543100
2017-10-31,163.75999,168.089996,161.0099945,166.17,909800
2017-11-01,167.78999,167.78999,159.14999,159.24001,535600
2017-11-02,159.23,159.23,151.13,151.83,1447100
2017-11-03,150.69,155.82001,150.60001,155.49001,809800
2017-11-06,154.81,154.95,149.0,151.49001,1032400
2017-11-07,149.81,151.48,147.050003,150.080002,835700
2017-11-08,149.83,151.41,149.13,150.070007,526100
2017-11-09,149.45,150.74001,149.0,150.19,462500
2017-11-10,149.14999,149.83,146.75999,147.67999,525100
2017-11-13,146.91,148.039993,146.089996,147.78999,680700
2017-11-14,146.91,149.73,146.91,149.53999,668300
2017-11-15,149.49001,151.91,148.5,151.39999,660300
2017-11-16,151.77,154.78999,151.53,154.080002,746300
2017-11-17,153.8,155.66,153.36,154.88,512800
2017-11-20,154.7,155.84,154.24001,155.39999,395400
2017-11-21,156.48,156.48,154.41,155.59,404100
2017-11-22,155.92999,157.070007,153.95,154.059998,285400
2017-11-24,153.72,155.19,153.7,154.81,148800
2017-11-27,154.75,156.53999,153.87,155.42999,375400
2017-11-28,156.059998,156.45,154.17999,155.020004,394600
2017-11-29,155.25,155.67999,153.42,154.0,398800
2017-11-30,154.0099945,156.78,152.89,156.41,842100
2017-12-01,156.14,156.88,151.74001,155.0,466900
2017-12-04,155.74001,160.0,155.61,159.3,958200
2017-12-05,159.92,165.77,158.60001,159.78,1093600
2017-12-06,160.36,162.21001,158.95,159.99001,624300
2017-12-07,159.69,160.71001,158.029999,159.78,417500
2017-12-08,160.57001,161.19,159.2,160.57001,273300
2017-12-11,160.5,160.57001,157.85001,159.7,379500
2017-12-12,159.75999,159.97,157.11,159.27,351000
2017-12-13,159.53999,160.24001,158.080002,158.2,462200
2017-12-14,158.35001,158.41,155.14,155.25,396800
2017-12-15,156.50999,157.99001,155.16,156.60001,1046500
2017-12-18,157.53,158.12,156.32001,157.3,414500
2017-12-19,157.28999,158.94,156.13,157.39,442500
2017-12-20,157.57001,159.089996,156.059998,158.67999,322000
2017-12-21,159.58,159.95,157.0099945,157.28,239900
2017-12-22,156.81,158.070007,154.88,157.64999,261300
2017-12-26,157.28,157.64999,156.12,157.070007,256700
2017-12-27,157.47,158.55,156.39,156.69,317200
2017-12-28,156.78999,158.99001,155.33,158.78999,286600
2017-12-29,158.87,159.64999,156.25,156.38,366800
2018-01-02,157.59,160.53,157.53,157.81,398500
2018-01-03,157.89999,162.37,157.85001,162.050003,404300
2018-01-04,162.91,165.7,162.50999,163.96001,519800
2018-01-05,165.050003,166.74001,163.25999,166.60001,515300
2018-01-08,166.5,167.71001,164.78,165.080002,449200
2018-01-09,165.38,166.080002,164.070007,165.73,397400
2018-01-10,165.53,166.42,163.46001,166.14,503200
2018-01-11,166.69,171.55,166.25999,171.50999,526300
2018-01-12,171.35001,173.82001,170.039993,173.24001,632900
2018-01-16,174.5,177.25,173.41,176.10001,727600
2018-01-17,177.14,180.2,175.99001,179.36,548100
2018-01-18,178.7,180.3,177.44,179.0,564800
2018-01-19,179.5,180.88,179.12,180.63,602700
2018-01-22,181.0,181.37,179.21001,180.95,445000
2018-01-23,180.64999,183.13,179.49001,182.23,427000
2018-01-24,183.23,185.75999,181.77,184.080002,522600
2018-01-25,184.7,187.11,183.89999,185.73,396300
2018-01-26,186.39999,187.24001,184.34,187.029999,373600
2018-01-29,186.7,187.42999,185.5,186.78,412300
2018-01-30,186.25999,187.66,185.37,186.59,481400
2018-01-31,186.66,188.55,185.10001,187.039993,659000
2018-02-01,189.53,198.73,185.7,193.95,859200
2018-02-02,193.53,195.66,186.23,186.36,770600
2018-02-05,182.5,184.39999,179.56,180.36,1240100
2018-02-06,177.3,180.44,173.39999,180.050003,1381600
2018-02-07,179.58,180.42999,175.71001,176.83,681500
2018-02-08,175.7,176.52,169.2,169.28,828700
2018-02-09,170.41,174.42999,166.7,172.95,726200
2018-02-12,174.42,177.0099945,172.50999,175.059998,421300
2018-02-13,173.92999,176.46001,172.37,175.39,1205000
2018-02-14,174.35001,179.87,173.63,178.25999,1004000
2018-02-15,179.22,181.52,178.039993,181.45,591200
2018-02-16,181.13,183.78,180.84,182.48,427500
2018-02-20,182.42999,185.17,182.42999,183.16,426900
2018-02-21,183.36,187.67999,183.36,183.94,349400
2018-02-22,184.14999,187.13,183.25,183.86,548600
2018-02-23,185.12,187.63,183.48,187.61,461500
2018-02-26,187.60001,188.78,185.50999,186.089996,480100
2018-02-27,186.38,188.81,186.21001,187.98,422100
2018-02-28,188.8,191.89999,187.19,187.23,730700
2018-03-01,187.39,188.45,181.059998,182.50999,683500
2018-03-02,181.34,186.12,180.33,185.77,540100
2018-03-05,184.37,191.63,183.39,191.14,644000
2018-03-06,191.14,191.94,187.64999,190.59,648200
2018-03-07,189.64,194.92999,184.53999,194.42,474200
2018-03-08,195.0,198.71001,193.67,197.45,496900
2018-03-09,198.32001,203.25999,197.81,203.17,631100
2018-03-12,203.44,205.89999,202.32001,204.35001,468200
2018-03-13,205.14,206.49001,202.56,204.53,443200
2018-03-14,205.74001,205.74001,202.50999,203.58,422000
2018-03-15,203.38,205.78999,201.7,203.37,445000
2018-03-16,203.75999,207.14,203.32001,204.73,785300
2018-03-19,203.47,204.12,197.82001,199.059998,627400
2018-03-20,199.96001,201.45,198.72,200.72,325400
2018-03-21,200.49001,201.82001,198.3,200.23,415300
2018-03-22,198.21001,199.050003,193.7,193.88,537000
2018-03-23,194.020004,196.69,190.16,190.31,603300
2018-03-26,192.92999,197.48,191.59,197.3,563300
2018-03-27,199.17999,199.42,189.73,190.89999,492300
2018-03-28,191.25999,192.55,187.92999,188.78999,616600
2018-03-29,189.7,193.63,188.37,191.39,723000
2018-04-02,191.28999,191.95,184.48,186.62,479200
2018-04-03,187.61,189.35001,186.039993,188.71001,604600
2018-04-04,186.39999,191.59,185.50999,190.83,421200
2018-04-05,192.3,192.99001,189.75,190.88,363600
2018-04-06,189.75999,191.10001,183.86,185.56,403600
2018-04-09,186.37,190.17999,185.67,187.13,352700
2018-04-10,189.3,194.56,189.070007,193.25999,397200
2018-04-11,191.25999,193.87,190.92,192.41,275400
2018-04-12,193.13,195.50999,192.89,194.21001,297200
2018-04-13,194.75999,195.020004,190.74001,191.78,301000
2018-04-16,193.44,197.0,191.32001,195.62,291700
2018-04-17,196.92,200.50999,196.19,199.62,441800
2018-04-18,199.66,202.25999,199.0,200.84,260100
2018-04-19,200.38,200.52,196.42999,197.82001,340100
2018-04-20,198.27,199.71001,195.81,196.75,350800
2018-04-23,197.7,200.35001,196.78,197.63,212200
2018-04-24,199.080002,201.14999,192.34,193.85001,430600
2018-04-25,193.69,195.25,191.53999,194.61,324500
2018-04-26,195.14999,199.55,194.74001,199.059998,401000
2018-04-27,199.59,199.75,195.78,197.19,289100
2018-04-30,197.82001,198.34,194.089996,194.49001,425500
2018-05-01,194.020004,195.48,193.36,195.059998,447700
2018-05-02,194.69,195.87,192.070007,193.17,617100
2018-05-03,191.97,195.97,189.42,195.78,553100
2018-05-04,200.0,212.47,198.31,212.2,939700
2018-05-07,215.75,217.89,206.0,207.53,804500
2018-05-08,205.48,207.0,203.14999,204.96001,544400
2018-05-09,205.82001,207.95,203.83,206.62,293000
2018-05-10,206.78999,209.98,206.14999,209.10001,427600
2018-05-11,209.60001,211.8,209.37,211.38,328700
2018-05-14,211.0,212.7,209.89,210.88,230500
2018-05-15,209.28,209.57001,205.63,208.92,361200
2018-05-16,206.0,206.0,196.0,199.42,1559100
2018-05-17,199.3,200.0,194.039993,195.59,887400
2018-05-18,195.87,201.25,195.14999,200.75999,539100
2018-05-21,202.42999,203.39,200.49001,201.19,432000
2018-05-22,201.50999,201.97,199.73,199.99001,375100
2018-05-23,199.44,204.56,199.44,204.16,516300
2018-05-24,203.92999,205.0,202.039993,202.37,267200
2018-05-25,202.42,204.0099945,202.42,203.7,360300
2018-05-29,201.94,205.48,201.53999,205.25,496200
2018-05-30,206.050003,212.27,206.0,209.080002,595900
2018-05-31,208.53,211.92,207.83,208.21001,633100
2018-06-01,210.50999,216.96001,210.50999,215.36,608700
2018-06-04,215.89,219.35001,215.89,218.81,531000
2018-06-05,219.96001,220.89999,217.3,217.45,452800
2018-06-06,217.44,219.62,216.25,219.50999,387800
2018-06-07,220.13,221.10001,214.070007,218.039993,401900
2018-06-08,218.23,219.82001,216.99001,219.72,262800
2018-06-11,219.72,222.33,218.66,221.070007,211100
2018-06-12,221.17,223.88,220.64,222.34,397100
2018-06-13,222.74001,224.5,221.52,222.58,410100
2018-06-14,224.2,226.2,222.42999,226.080002,346700
2018-06-15,227.25,229.0099945,225.47,227.89999,637900
2018-06-18,226.17,227.0,224.7,226.25,500900
2018-06-19,224.50999,226.64,223.56,225.38,393600
2018-06-20,225.55,227.39,224.5,224.98,245500
2018-06-21,225.11,226.53999,220.71001,221.91,255800
2018-06-22,222.48,224.17,220.64,222.89999,520100
2018-06-25,222.029999,223.75,216.11,217.49001,401800
2018-06-26,217.78,219.78,216.75999,217.34,428700
2018-06-27,218.31,219.42999,211.66,212.74001,416300
2018-06-28,212.33,218.7,212.33,217.47,314400
2018-06-29,217.94,220.86,217.33,217.94,475400
2018-07-02,216.83,221.5,215.28,221.28,325500
2018-07-03,222.089996,222.73,218.029999,218.82001,234000
2018-07-05,220.25999,222.36,217.25,221.84,407300
2018-07-06,222.17999,225.94,222.17999,225.53,346300
2018-07-09,226.42999,229.98,226.42999,229.50999,540200
2018-07-10,236.88,237.94,230.35001,234.10001,684400
2018-07-11,232.95,235.92999,231.56,234.16,416500
2018-07-12,235.31,237.52,234.59,237.46001,329600
2018-07-13,237.46001,238.72,236.11,238.14999,198700
2018-07-16,238.98,239.67,236.53999,237.92,253700
2018-07-17,236.63,240.5,236.63,239.78999,340800
2018-07-18,239.81,241.61,238.41,239.10001,300800
2018-07-19,239.14999,243.74001,238.14999,242.82001,380600
2018-07-20,243.17999,248.64999,242.27,248.14,539500
2018-07-23,248.28999,248.72,243.44,248.55,369300
2018-07-24,249.8,252.39999,247.020004,248.070007,474600
2018-07-25,247.67,251.41,247.53999,251.13,484000
2018-07-26,252.49001,252.49001,247.62,247.98,331800
2018-07-27,248.72,249.0,239.35001,241.27,513800
2018-07-30,240.64,242.49001,235.67,237.75999,619100
2018-07-31,238.17,245.25,237.0,244.92999,537300
2018-08-01,244.92999,244.92999,227.78999,236.14999,1092300
2018-08-02,234.69,243.039993,234.25,240.8,521700
2018-08-03,241.0,243.37,238.38,242.64,440800
2018-08-06,242.059998,244.31,240.56,242.91,357900
2018-08-07,243.99001,246.21001,243.78,245.52,515500
2018-08-08,243.99001,246.77,243.49001,246.22,545600
2018-08-09,246.73,249.17999,244.27,244.63,380300
2018-08-10,242.92,245.83,242.039993,243.52,299000
2018-08-13,243.64999,245.47,240.32001,240.57001,384300
2018-08-14,242.050003,244.91,239.88,243.37,316200
2018-08-15,241.48,242.81,238.44,241.57001,286300
2018-08-16,242.99001,244.039993,241.61,243.25999,302900
2018-08-17,242.98,243.89,240.89,243.5,309300
2018-08-20,244.83,245.57001,240.73,242.48,480100
2018-08-21,242.7,245.41,242.33,242.52,392000
2018-08-22,242.0,246.53999,241.31,245.89,304000
2018-08-23,245.86,248.99001,245.34,245.97,408700
2018-08-24,246.71001,251.3,245.74001,249.5,497100
2018-08-27,250.67,255.089996,248.64,251.34,492400
2018-08-28,251.62,253.46001,250.84,251.7,309200
2018-08-29,251.7,256.22,251.7,254.46001,449900
2018-08-30,253.75,254.77,252.11,253.48,307400
2018-08-31,253.37,255.14999,252.21001,254.039993,374800
2018-09-04,253.37,254.28,249.64,251.0,526300
2018-09-05,251.089996,251.7,243.64,245.64999,734400
2018-09-06,245.42999,247.3,242.84,244.25999,511500
2018-09-07,244.17,246.39999,241.92,242.55,379200
2018-09-10,244.5,247.99001,243.55,246.11,508200
2018-09-11,246.48,248.089996,241.32001,242.42999,641000
2018-09-12,242.39999,246.059998,241.7,245.64999,343500
2018-09-13,246.14,249.75,245.71001,249.28999,362700
2018-09-14,248.94,249.89,247.070007,247.94,320300
2018-09-17,247.72,248.86,242.11,242.94,377500
2018-09-18,243.67,247.7,242.0,245.22,543000
2018-09-19,244.92999,245.73,240.020004,240.89999,509200
2018-09-20,241.96001,243.72,239.25999,242.020004,713800
2018-09-21,243.5,244.13,240.78999,241.13,668700
2018-09-24,239.66,243.21001,239.0099945,242.71001,345700
2018-09-25,243.37,245.97,242.73,245.84,293700
2018-09-26,246.69,247.98,243.48,244.39,309700
2018-09-27,244.28,249.83,244.28,248.67999,411200
2018-09-28,248.46001,250.67999,248.14,249.66,383100
2018-10-01,250.0,252.69,247.78,248.92,272900
2018-10-02,249.11,249.92,241.63,242.38,473800
2018-10-03,243.60001,245.14999,238.81,239.36,434100
2018-10-04,237.89999,238.2,229.82001,231.11,643300
2018-10-05,231.11,233.5,226.28,229.24001,496500
2018-10-08,228.44,229.94,220.50999,224.28999,667700
2018-10-09,223.69,227.12,222.0,223.89999,567900
2018-10-10,223.60001,224.91,216.64,217.21001,591400
2018-10-11,216.41,219.99001,212.55,214.11,531300
2018-10-12,219.60001,223.33,216.41,222.42,850100
2018-10-15,221.89999,222.039993,216.86,216.89999,390300
2018-10-16,219.3,226.25,219.3,225.78999,335900
2018-10-17,225.039993,229.10001,223.62,228.49001,486900
2018-10-18,228.3,228.71001,223.039993,224.33,518700
2018-10-19,226.39999,227.97,217.35001,218.39999,486900
2018-10-22,218.3,220.99001,214.39999,219.78,428200
2018-10-23,216.64,219.53999,211.0099945,218.12,498900
2018-10-24,218.0,220.63,206.39999,206.95,655100
2018-10-25,208.25,213.67,205.57001,210.78,580100
2018-10-26,204.56,207.99001,200.85001,203.45,1205600
2018-10-29,206.75,209.10001,199.86,203.91,688400
2018-10-30,204.21001,210.46001,203.75,210.22,683500
2018-10-31,213.49001,216.11,210.89,212.12,831300
2018-11-01,196.88,207.8,190.0,205.059998,1582400
2018-11-02,206.0,209.87,195.0099945,204.91,1044500
2018-11-05,205.44,205.53,198.39999,201.45,626300
2018-11-06,201.83,204.089996,200.13,202.27,572300
2018-11-07,203.98,210.14999,203.12,209.78999,551300
2018-11-08,209.64999,212.17999,208.35001,209.67,508000
2018-11-09,208.72,209.39999,203.42,207.17,464300
2018-11-12,206.24001,207.23,198.0,198.82001,463500
2018-11-13,198.0,202.25,196.5,198.84,533000
2018-11-14,200.5,202.24001,195.17,196.69,390500
2018-11-15,195.63,200.97,193.37,200.57001,449100
2018-11-16,199.91,203.12,198.45,201.37,530000
2018-11-19,201.3,201.3,191.059998,193.52,576900
2018-11-20,190.62,194.33,188.75,192.16,535800
2018-11-21,193.17999,195.47,190.080002,193.49001,438400
2018-11-23,192.17999,195.83,192.16,192.64999,152400
2018-11-26,194.050003,196.99001,192.59,196.7,427100
2018-11-27,196.25999,198.0099945,193.17,194.39999,406500
2018-11-28,194.55,202.73,194.55,202.41,487300
2018-11-29,200.7,202.41,198.99001,201.12,408200
2018-11-30,201.36,204.37,200.49001,203.75999,516100
2018-12-03,206.25,207.28,204.37,206.36,519900
2018-12-04,206.67999,207.75,194.64,196.8,822300
2018-12-06,194.070007,199.97,189.46001,199.69,860300
2018-12-07,198.39999,199.55,188.56,190.0099945,621700
2018-12-10,190.17,196.24001,188.99001,196.0,591800
2018-12-11,198.39999,199.66,195.0099945,196.47,500300
2018-12-12,199.72,202.8,198.88,199.73,430400
2018-12-13,200.74001,201.020004,193.19,194.97,444700
2018-12-14,192.98,193.75,189.58,190.27,545500
2018-12-17,189.47,189.66,182.42,183.78999,800500
2018-12-18,185.60001,190.020004,183.77,187.57001,617600
2018-12-19,188.34,192.98,181.53,183.89999,621800
2018-12-20,182.5,187.82001,180.0,185.039993,1102900
2018-12-21,184.89999,188.98,182.89999,184.94,1351100
2018-12-24,183.82001,184.38,176.17,176.17999,445900
2018-12-26,176.14999,185.63,176.14999,185.60001,455100
2018-12-27,182.75999,187.95,180.5,187.95,647800
2018-12-28,189.059998,189.35001,182.92,185.88,542800
2018-12-31,187.45,187.97,183.38,186.020004,680500
2019-01-02,182.49001,184.17,180.75,182.46001,550200
2019-01-03,181.31,181.91,176.11,178.020004,560300
2019-01-04,180.71001,188.99001,180.71001,187.42999,892200
2019-01-07,187.92,190.0,185.25,186.89,648700
2019-01-08,188.84,189.61,184.52,189.28999,544400
2019-01-09,190.27,194.5,190.24001,192.22,575000
2019-01-10,191.42,193.12,190.10001,192.72,303300
2019-01-11,191.86,193.0099945,190.77,192.91,355600
2019-01-14,191.89,192.60001,189.69,189.78999,509700
2019-01-15,190.59,196.28999,190.52,196.0099945,586600
2019-01-16,196.080002,199.67999,195.070007,197.24001,995200
2019-01-17,196.27,199.21001,196.080002,196.89999,472100
2019-01-18,198.89999,200.98,196.28999,200.87,796300
2019-01-22,199.64,201.42999,198.82001,201.31,473100
2019-01-23,201.89,204.039993,198.47,201.64,369700
2019-01-24,202.10001,206.45,200.49001,206.16,617900
2019-01-25,207.88,209.49001,206.86,208.85001,483800
2019-01-28,207.85001,207.87,204.050003,205.7,424100
2019-01-29,205.17999,207.11,203.37,204.28999,475100
2019-01-30,204.84,209.53,204.25,207.67999,515600
2019-01-31,208.11,213.0,207.11,212.78,674800
2019-02-01,214.029999,214.5,201.59,205.38,1292700
2019-02-04,205.5,207.85001,202.17999,203.16,533900
2019-02-05,203.50999,209.0,203.28,207.98,673500
2019-02-06,207.72,209.75,207.19,208.83,504400
2019-02-07,207.27,207.64999,204.28999,206.81,435300
2019-02-08,206.020004,207.89999,204.81,207.74001,374700
2019-02-11,208.41,209.89,206.41,206.64,343000
2019-02-12,208.039993,210.059998,206.78,209.5,348000
2019-02-13,210.32001,211.47,209.10001,210.39,382700
2019-02-14,209.49001,209.86,205.21001,206.94,613700
2019-02-15,208.58,210.32001,207.0099945,210.25999,438600
2019-02-19,210.089996,211.89,209.0,211.32001,484200
2019-02-20,211.38,212.5,210.64999,211.44,515000
2019-02-21,210.77,210.77,204.78,205.99001,651600
2019-02-22,206.49001,209.50999,206.28,209.17999,420500
2019-02-25,210.44,212.75,209.94,210.10001,492800
2019-02-26,210.070007,210.070007,207.029999,207.74001,427100
2019-02-27,207.080002,209.23,206.36,208.97,279000
2019-02-28,208.85001,212.14,208.0,211.029999,630100
2019-03-01,213.25,216.85001,213.16,215.92999,520200
2019-03-04,217.75,217.89,212.14999,213.41,637600
2019-03-05,213.10001,213.86,210.25999,210.8,609700
2019-03-06,211.67,212.28999,207.3,207.81,506800
2019-03-07,207.35001,207.71001,203.24001,203.89,432600
2019-03-08,202.63,203.39999,198.75,201.74001,712200
2019-03-11,202.92999,205.96001,201.67,204.72,506400
2019-03-12,205.77,205.99001,203.61,205.97,417900
2019-03-13,206.62,211.070007,206.31,209.89,480600
2019-03-14,209.82001,210.96001,208.020004,210.87,473400
2019-03-15,211.3,216.35001,211.3,216.21001,941400
2019-03-18,216.64999,217.97,213.34,215.74001,551600
2019-03-19,216.99001,219.0,216.48,218.3,405100
2019-03-20,217.35001,220.81,216.44,219.27,406900
2019-03-21,219.039993,226.14999,219.039993,225.69,620000
2019-03-22,225.23,225.58,219.32001,219.42999,496200
2019-03-25,219.31,220.81,217.89,219.24001,398300
2019-03-26,221.059998,222.59,219.089996,220.0,327200
2019-03-27,220.71001,220.71001,215.39,218.84,375700
2019-03-28,218.92,220.77,217.59,220.56,341300
2019-03-29,221.92999,224.2,220.82001,223.60001,420100
2019-04-01,225.52,228.17999,222.7,225.12,428500
2019-04-02,225.49001,225.95,223.50999,224.92,485700
2019-04-03,226.72,228.21001,225.2,227.58,480600
2019-04-04,227.78,227.8,222.84,225.92999,429800
2019-04-05,226.45,228.98,226.39,227.77,341900
2019-04-08,226.83,228.0,224.38,227.75,788800
2019-04-09,227.13,228.59,224.14999,224.78,425600
2019-04-10,224.67999,226.14,223.67999,224.52,526400
2019-04-11,225.48,225.89,221.5,223.75999,444600
2019-04-12,225.22,227.34,223.71001,225.32001,332000
2019-04-15,225.84,226.27,223.83,225.22,251400
2019-04-16,227.10001,228.2,221.0,222.17,341800
2019-04-17,223.42999,223.83,214.82001,215.53,508800
2019-04-18,216.89,219.080002,214.25,218.49001,515000
2019-04-22,216.82001,222.78999,216.82001,221.59,321200
2019-04-23,221.0,226.3,220.66,224.45,560600
2019-04-24,225.0099945,226.48,223.47,224.58,414900
2019-04-25,223.98,228.32001,222.25,227.67,412300
2019-04-26,227.78999,233.059998,227.050003,232.47,413700
2019-04-29,231.67,233.21001,229.0099945,230.67999,390200
2019-04-30,230.99001,232.94,230.039993,232.0,518300
2019-05-01,231.63,240.87,230.0,234.059998,713200
2019-05-02,234.63,242.50999,234.13,242.34,680500
2019-05-03,242.42,251.38,242.42,250.47,852600
2019-05-06,245.33,252.34,244.050003,251.88,513900
2019-05-07,248.44,250.22,243.59,245.45,645100
2019-05-08,243.92999,247.41,242.5,245.78999,456300
2019-05-09,243.57001,246.71001,241.78999,246.22,550800
2019-05-10,245.41,248.92999,240.84,247.83,630400
2019-05-13,242.89999,244.55,240.56,242.62,497900
2019-05-14,243.24001,247.57001,243.0,246.17999,426600
2019-05-15,243.78999,250.35001,243.78999,249.55,357900
2019-05-16,250.53999,255.3,249.78,251.97,547900
2019-05-17,249.85001,252.13,248.67999,249.56,507900
2019-05-20,247.92,250.27,245.84,248.53999,268100
2019-05-21,250.56,252.75,249.16,249.33,336000
2019-05-22,249.12,251.089996,247.52,250.38,358300
2019-05-23,252.58,253.64,248.029999,253.57001,461800
2019-05-24,254.47,258.42001,254.47,256.10999,372500
2019-05-28,256.10001,258.45001,246.72,246.85001,644100
2019-05-29,245.78999,249.10001,243.86,247.45,650500
2019-05-30,248.070007,251.32001,247.48,249.7,258300
2019-05-31,247.64,251.87,245.86,249.77,308200
2019-06-03,250.050003,252.67,245.0,245.59,418300
2019-06-04,249.64999,253.21001,248.029999,252.88,469500
2019-06-05,253.64,257.63,253.64,256.60001,329700
2019-06-06,256.76001,261.37,256.39001,259.67999,320400
2019-06-07,261.29999,265.89999,261.29999,264.92001,369600
2019-06-10,266.040009,269.51999,266.040009,268.47,300400
2019-06-11,269.85999,271.34,261.54999,263.92999,358100
2019-06-12,264.47,266.22,262.35999,265.049988,321700
2019-06-13,265.82001,267.32001,262.53,267.16,253700
2019-06-14,267.12,268.85001,266.059998,267.73999,284200
2019-06-17,267.85001,270.5,265.5,268.25,261400
2019-06-18,271.45001,272.25,268.029999,269.72,342200
2019-06-19,269.20001,275.19,268.17001,274.28,262100
2019-06-20,277.57001,278.60999,272.48001,272.88,405200
2019-06-21,272.73999,275.0,270.20001,273.92999,557500
2019-06-24,274.81,275.94,272.82001,275.01001,274100
2019-06-25,275.59,276.0,270.67999,271.31,299300
2019-06-26,272.32999,272.67001,268.53,269.89001,301500
2019-06-27,270.45999,273.82999,270.01001,272.049988,243200
2019-06-28,272.01001,275.97,270.59,275.32999,646300
2019-07-01,278.25,281.29999,276.45001,280.16,518100
2019-07-02,279.91,280.70001,275.45999,277.01001,417800
2019-07-03,278.44,279.91,276.72,278.87,280700
2019-07-05,276.57001,278.73999,273.39001,278.48999,256500
2019-07-08,277.57999,277.67999,274.82001,276.75,298300
2019-07-09,275.41,280.17999,274.54001,279.54999,489100
2019-07-10,280.51001,284.37,280.29999,282.53,518100
2019-07-11,283.070007,285.85999,280.56,285.45999,304200
2019-07-12,283.51001,285.32999,282.87,284.23999,324300
2019-07-15,284.47,284.47,282.17999,284.079987,286800
2019-07-16,284.079987,285.39999,282.59,283.66,248900
2019-07-17,283.76001,286.79001,283.76001,284.73001,237200
2019-07-18,283.35999,290.39001,283.35999,289.85001,360000
2019-07-19,291.16,292.17001,284.26999,284.69,384400
2019-07-22,285.88,289.82999,285.51999,287.070007,274800
2019-07-23,288.059998,288.70001,284.94,286.82001,208400
2019-07-24,288.64001,289.47,283.64999,285.39999,388700
2019-07-25,284.20999,285.14999,282.20001,283.56,285300
2019-07-26,285.22,285.64999,282.67999,283.94,239000
2019-07-29,284.32999,285.070007,281.040009,284.91,335900
2019-07-30,283.44,286.41,283.19,286.049988,285300
2019-07-31,286.48999,286.88,278.67999,282.049988,448800
2019-08-01,268.51001,281.28,259.73001,268.29999,1091100
2019-08-02,268.89001,272.51999,265.019989,268.70999,452700
2019-08-05,264.13,266.20999,256.26999,260.070007,624400
2019-08-06,262.20999,270.89999,262.20001,270.38,625000
2019-08-07,267.34,269.75,262.91,267.87,390800
2019-08-08,269.89001,276.029999,269.89001,275.57001,384200
2019-08-09,274.44,280.54999,274.13,278.85999,430200
2019-08-12,278.12,279.48001,274.10999,275.78,296200
2019-08-13,274.29001,281.13,274.079987,280.91,381500
2019-08-14,276.97,278.38,269.76001,269.81,426400
2019-08-15,272.35999,276.56,270.51001,273.070007,321800
2019-08-16,276.29001,279.23999,274.23001,275.41,375600
2019-08-19,278.76999,280.22,276.26001,279.53,246600
2019-08-20,279.92001,283.41,277.31,281.41,337600
2019-08-21,282.88,284.14999,280.13,280.95999,180800
2019-08-22,282.26001,282.26001,276.089996,279.88,190600
2019-08-23,279.25,281.92999,269.23001,270.44,427800
2019-08-26,273.84,277.28,272.5,277.13,529200
2019-08-27,279.040009,285.14001,277.070007,284.76999,612700
2019-08-28,282.62,287.079987,281.01001,285.56,456400
2019-08-29,288.10001,290.85001,286.34,289.29001,331500
2019-08-30,291.049988,291.049988,287.22,289.73999,300600
2019-09-03,288.89001,290.42001,283.53,286.079987,326100
2019-09-04,288.20999,289.23999,284.73001,288.89999,408600
2019-09-05,291.20999,291.64001,287.76999,289.92999,353700
2019-09-06,289.95001,290.98001,288.20999,288.47,273100
2019-09-09,289.049988,289.049988,266.29999,267.20001,648600
2019-09-10,265.040009,267.76001,257.01001,267.63,531600
2019-09-11,270.040009,274.54999,268.42001,270.98999,439000
2019-09-12,272.60001,274.47,270.87,271.049988,382800
2019-09-13,270.59,271.69,264.95001,265.47,465100
2019-09-16,262.91,267.35001,261.85999,265.64001,308900
2019-09-17,266.26999,272.47,266.26999,271.85999,379400
2019-09-18,271.57999,275.35001,269.01001,272.73001,362700
2019-09-19,273.63,276.37,273.23001,273.79001,237100
2019-09-20,272.42001,276.54001,272.23001,274.17001,524500
2019-09-23,272.39999,277.059998,271.20999,275.79001,477100
2019-09-24,277.76001,279.44,271.34,272.13,670500
2019-09-25,272.5,275.70001,270.42001,274.79999,323200
2019-09-26,274.63,277.23999,272.019989,275.059998,281500
2019-09-27,276.38,276.38,270.57001,272.48001,263400
2019-09-30,272.48001,274.79001,270.20999,271.92999,459300
2019-10-01,273.39999,275.45001,265.79001,268.98001,390800
2019-10-02,266.84,270.079987,264.070007,268.70999,726400
2019-10-03,267.53,271.48999,265.17999,270.029999,327600
2019-10-04,272.089996,277.17999,272.089996,276.60001,275600
2019-10-07,274.92001,276.42001,271.39999,272.049988,359900
2019-10-08,270.69,271.60001,265.89999,267.72,272000
2019-10-09,268.91,273.079987,268.91,271.91,214000
2019-10-10,270.28,274.079987,268.45001,272.23999,178900
2019-10-11,276.38,279.040009,275.0,276.79999,262100
2019-10-14,277.35001,279.20001,275.019989,275.67999,165700
2019-10-15,277.57999,282.60001,276.82001,282.26001,236300
2019-10-16,280.059998,281.45999,277.049988,279.57001,279600
2019-10-17,281.049988,282.82001,278.60999,282.13,187400
2019-10-18,282.45001,283.44,280.48001,282.82999,294900
2019-10-21,285.44,285.45001,278.10001,278.88,239200
2019-10-22,279.070007,280.019989,270.72,270.84,230900
2019-10-23,270.76001,273.64999,266.72,267.92999,372000
2019-10-24,267.98999,271.85999,266.70999,268.32999,411800
2019-10-25,268.63,271.13,268.10999,268.29001,370600
2019-10-28,267.91,269.23999,265.31,266.42001,513300
2019-10-29,265.56,273.45999,264.48001,270.87,763100
2019-10-30,270.88,274.059998,270.0,273.85001,332500
2019-10-31,272.25,294.57001,270.5,285.01001,730900
2019-11-01,285.56,287.92001,276.5,276.87,572900
2019-11-04,278.85999,282.29001,277.51999,278.66,544200
2019-11-05,277.95001,278.39001,263.22,264.14999,956100
2019-11-06,263.73999,266.0,261.23999,261.45001,551200
2019-11-07,261.85999,264.98999,261.82001,263.14001,411400
2019-11-08,263.0,264.20001,254.42,254.74001,771800
2019-11-11,253.58,256.25,251.60001,252.67999,426500
2019-11-12,252.25,258.95999,252.25,257.51001,534500
2019-11-13,258.019989,260.19,257.089996,259.31,380400
2019-11-14,258.53,262.070007,256.01001,257.35999,437600
2019-11-15,258.0,261.10999,256.48999,259.78,637300
2019-11-18,259.79001,262.34,258.41,260.53,577100
2019-11-19,261.66,265.95999,259.95001,264.60001,460000
2019-11-20,264.13,266.45001,257.54999,260.5,653000
2019-11-21,260.37,261.54001,257.78,260.69,462000
2019-11-22,260.88,261.0,255.36,257.019989,443100
2019-11-25,256.87,259.089996,251.14,251.87,635700
2019-11-26,251.0,255.64,250.5,252.85001,1295600
2019-11-27,254.3,255.37,249.81,250.7,498500
2019-11-29,249.36,254.28,249.36,251.58,354600
2019-12-02,251.33,252.63,248.0099945,251.3,415300
2019-12-03,250.080002,255.71001,246.74001,248.66,520800
2019-12-04,249.98,253.24001,248.13,251.86,634800
2019-12-05,251.8,253.3,250.88,251.86,349100
2019-12-06,253.91,254.52,251.050003,251.37,293800
2019-12-09,251.10001,253.020004,248.55,249.020004,412800
2019-12-10,249.62,252.94,249.52,252.84,515000
2019-12-11,252.28,254.71001,249.72,250.45,412700
2019-12-12,250.87,252.95,249.53,251.88,536500
2019-12-13,251.77,256.35001,251.12,252.89999,487800
2019-12-16,253.82001,257.48001,253.32001,255.47,406900
2019-12-17,255.31,257.89999,253.25,257.17001,457800
2019-12-18,257.38,258.59,252.52,253.089996,494500
2019-12-19,255.0,256.62,252.59,256.19,425300
2019-12-20,257.57999,261.92001,253.64999,261.54999,1079400
2019-12-23,263.34,265.31,260.57999,263.98001,515000
2019-12-24,265.13,265.92999,261.45999,263.26001,196700
2019-12-26,263.10001,263.10001,259.78,261.42999,205900
2019-12-27,261.89999,264.29001,259.67001,263.98001,303900
2019-12-30,264.12,265.54001,260.51999,261.60001,318100
2019-12-31,262.070007,262.92999,259.89999,261.13,400700
2020-01-02,261.53,265.26001,260.48999,265.019989,445500
2020-01-03,260.87,266.39001,259.98999,264.76999,399100
2020-01-06,263.89999,267.17999,261.32001,266.92999,579000
2020-01-07,267.29001,269.45999,265.37,266.12,418400
2020-01-08,267.89001,274.64999,266.10999,271.67999,717500
2020-01-09,273.94,278.19,271.98999,277.94,567600
2020-01-10,279.53,283.73999,277.32999,281.64001,578000
2020-01-13,281.75,284.35001,280.019989,282.29001,478900
2020-01-14,281.54999,285.45001,279.82999,284.019989,468500
2020-01-15,285.13,288.92001,282.66,288.48999,501900
2020-01-16,289.029999,291.5,287.19,289.92001,363900
2020-01-17,290.88,291.040009,285.20999,285.79999,608100
2020-01-21,284.64001,287.42999,283.70999,284.84,654500
2020-01-22,285.14999,290.14001,285.14999,287.62,401800
2020-01-23,287.85999,287.98999,283.45001,285.89999,454300
2020-01-24,288.20999,289.25,279.17999,280.76999,345100
2020-01-27,277.14999,279.25,275.019989,277.31,368700
2020-01-28,277.35001,279.81,276.48001,278.64001,578900
2020-01-29,279.79999,283.14001,276.98999,280.79999,363300
2020-01-30,278.79999,283.98999,276.51999,283.73001,497700
2020-01-31,280.14001,289.95999,269.48999,271.01001,910200
2020-02-03,276.079987,281.51999,274.25,275.76999,569600
2020-02-04,280.57999,285.95999,277.82001,279.12,492200
2020-02-05,281.87,282.16,272.81,274.39999,510500
2020-02-06,275.26999,281.37,274.42999,280.67001,542800
2020-02-07,280.59,281.079987,277.70001,278.39999,239700
2020-02-10,277.94,279.64999,276.94,279.14999,348200
2020-02-11,280.32999,284.35999,280.040009,283.38,293100
2020-02-12,284.20999,285.88,280.34,283.28,314500
2020-02-13,283.16,286.5,281.85001,285.049988,283900
2020-02-14,285.26999,289.01001,283.39999,288.78,286800
2020-02-18,288.38,289.35001,285.76001,286.75,455300
2020-02-19,288.0,296.25,288.0,290.97,734100
2020-02-20,290.22,292.97,278.5,281.45001,696500
2020-02-21,280.64001,281.48999,276.79001,278.10999,443300
2020-02-24,274.47,275.60999,267.35999,269.81,595400
2020-02-25,270.22,272.019989,255.35001,256.70999,649000
2020-02-26,258.64999,265.76999,258.23999,259.45001,583900
2020-02-27,255.94,261.72,250.0,250.14999,610100
2020-02-28,242.22,254.94,238.039993,254.50999,1614600
2020-03-02,254.92999,262.32999,247.67,261.98999,700700
2020-03-03,259.25,263.73001,247.63,251.25,728900
2020-03-04,256.070007,263.34,251.0,263.029999,602600
2020-03-05,258.17001,260.01001,250.97,255.16,524400
2020-03-06,245.44,250.83,242.75,249.89,559200
2020-03-09,236.10001,246.34,230.56,242.83,909800
2020-03-10,251.99001,256.0,241.35001,255.36,605500
2020-03-11,245.59,252.64,243.37,245.58,694300
2020-03-12,230.16,246.67,225.75,241.0,1405500
2020-03-13,243.50999,255.53999,230.33,254.17,1371000
2020-03-16,231.94,240.23,223.71001,223.83,1332000
2020-03-17,228.92999,236.88,208.41,215.88,1271000
2020-03-18,204.34,213.28999,199.17999,205.13,1569300
2020-03-19,204.020004,207.95,185.029999,193.17999,1852300
2020-03-20,193.95,196.94,180.19,183.28999,1539200
2020-03-23,181.96001,187.25,168.64999,182.94,1386200
2020-03-24,190.38,207.059998,186.73,204.99001,1065900
2020-03-25,204.78,223.85001,200.66,214.23,892300
2020-03-26,213.059998,232.48,212.2,230.38,740500
2020-03-27,223.53999,237.050003,223.53999,231.75,857900
2020-03-30,235.89999,244.28,230.50999,241.020004,805200
2020-03-31,239.37,256.64999,239.16,242.24001,1175500
2020-04-01,237.81,239.28,227.7,230.66,940600
2020-04-02,226.020004,240.75999,226.020004,239.7,786700
2020-04-03,237.88,244.0,233.25,234.55,946400
2020-04-06,246.25999,255.64,243.37,254.42999,743300
2020-04-07,260.66,264.98999,247.64,251.74001,723700
2020-04-08,249.42,256.25,244.98,254.73,820200
2020-04-09,256.019989,261.059998,252.87,258.57999,633300
2020-04-13,254.73,257.14999,246.39999,254.39,402700
2020-04-14,256.23999,264.98001,254.39999,263.01001,486500
2020-04-15,255.020004,260.97,251.22,257.82001,443900
2020-04-16,261.13,266.32999,258.0,261.12,421300
2020-04-17,268.29001,268.29001,260.63,265.16,416300
2020-04-20,263.38,273.28,262.01001,267.34,471500
2020-04-21,263.0,265.38,256.42999,259.23001,428400
2020-04-22,261.72,269.87,261.19,268.12,521300
2020-04-23,268.14001,274.60001,267.23001,268.41,422800
2020-04-24,271.54999,274.32001,268.17999,271.79999,416100
2020-04-27,271.97,278.85001,269.029999,275.85001,559100
2020-04-28,275.0,276.95001,263.95001,264.25,582600
2020-04-29,267.76001,274.67001,265.040009,272.73999,627500
2020-04-30,276.98001,289.0,272.73999,277.60001,760900
2020-05-01,277.51001,278.94,268.57001,270.75,547000
2020-05-04,269.10999,274.89999,266.0,273.76001,484500
2020-05-05,272.91,284.95001,271.01001,282.079987,459600
2020-05-06,283.67001,288.54001,282.10001,283.59,562700
2020-05-07,288.0,295.60001,286.64999,294.26001,693000
2020-05-08,296.28,298.64001,287.51999,287.89999,538800
2020-05-11,287.0,300.57999,286.89999,299.45001,592500
2020-05-12,298.62,299.67001,289.10001,289.14999,480200
2020-05-13,288.57999,292.75,282.63,285.98999,453000
2020-05-14,281.54999,295.97,280.53,294.98999,603000
2020-05-15,290.01001,297.92999,290.0,294.38,871200
2020-05-18,297.17999,302.98999,294.22,295.92999,453200
2020-05-19,296.54999,299.25,292.60001,294.84,446300
2020-05-20,295.040009,297.91,292.59,295.54001,469500
2020-05-21,292.23999,294.91,288.5,292.66,364100
2020-05-22,290.44,295.040009,289.10001,294.72,337400
2020-05-26,298.63,298.63,290.17999,290.84,503400
2020-05-27,291.17001,301.10999,291.0,300.92001,655600
2020-05-28,302.56,311.97,301.29001,306.13,647500
2020-05-29,307.76001,310.54999,303.049988,308.88,1514700
2020-06-01,308.64999,314.98999,307.19,312.19,420000
2020-06-02,313.82999,316.89999,309.41,316.48001,533500
2020-06-03,315.44,319.0,314.59,318.029999,481400
2020-06-04,318.14999,319.28,308.32001,310.079987,614000
2020-06-05,310.62,317.66,306.69,311.70999,597700
2020-06-08,308.57001,312.73001,306.26001,309.67001,594200
2020-06-09,309.32001,311.070007,302.41,303.0,460900
2020-06-10,305.45999,324.29999,304.98001,321.89001,688000
2020-06-11,320.20001,320.89001,294.37,298.81,726100
2020-06-12,304.95999,311.64999,298.040009,302.82999,493700
2020-06-15,296.62,310.29999,294.17001,309.22,439900
2020-06-16,315.14999,315.73001,307.79999,312.48999,370700
2020-06-17,314.85999,318.73999,313.10999,316.20999,373200
2020-06-18,313.69,316.59,311.85999,313.019989,413400
2020-06-19,315.5,320.31,310.10001,314.67001,916400
2020-06-22,314.92001,327.0,311.48999,325.29001,713900
2020-06-23,326.89001,330.29001,323.45999,327.69,497000
2020-06-24,323.29999,328.60999,315.51999,319.38,543800
2020-06-25,319.70999,327.79001,314.57001,327.39001,518300
2020-06-26,328.45001,331.01001,323.0,324.85999,738500
2020-06-29,328.19,328.35001,322.0,327.89999,387700
2020-06-30,327.60999,332.67999,324.38,330.16,777500
2020-07-01,331.73999,337.16,329.89999,334.54001,374400
2020-07-02,338.76001,339.81,333.019989,334.76001,460300
2020-07-06,339.45001,344.81,337.63,339.47,401700
2020-07-07,338.28,343.0,336.84,337.29999,235600
2020-07-08,337.92999,339.64999,333.54999,336.12,314600
2020-07-09,337.56,343.73001,333.70001,341.17001,335100
2020-07-10,341.01001,341.54999,334.42001,338.25,293400
2020-07-13,340.73999,345.39999,333.67001,335.14001,416400
2020-07-14,332.82001,339.070007,329.69,338.47,360300
2020-07-15,340.56,342.98999,336.62,340.73999,274800
2020-07-16,339.37,340.67999,334.59,339.20001,277500
2020-07-17,339.78,352.72,339.13,349.85001,382200
2020-07-20,353.51001,363.0,352.57999,361.0,413200
2020-07-21,364.16,366.040009,360.41,363.32001,329100
2020-07-22,366.82001,372.32999,362.37,365.23001,350300
2020-07-23,366.32001,368.70999,358.19,360.84,409600
2020-07-24,359.54001,361.23001,353.17001,359.23001,279700
2020-07-27,359.0,368.64001,359.0,366.67001,358700
2020-07-28,365.84,368.0,360.64999,361.64999,289000
2020-07-29,363.35001,369.69,361.94,366.91,352700
2020-07-30,363.79999,375.48001,361.26001,374.10001,468900
2020-07-31,382.92001,407.85999,382.5,397.75,783200
2020-08-03,398.019989,399.84,390.17001,391.98999,651700
2020-08-04,393.76999,394.70999,385.22,390.25,661200
2020-08-05,393.12,396.41,388.82001,395.70999,579700
2020-08-06,394.01001,395.73999,384.19,389.78,431900
2020-08-07,387.95999,392.31,377.72,381.76001,567000
2020-08-10,380.82999,382.29001,376.16,377.19,621900
2020-08-11,376.20001,379.39001,372.17999,374.029999,528200
2020-08-12,375.019989,387.84,375.019989,384.82999,444200
2020-08-13,385.98001,389.5,382.70001,385.25,415600
2020-08-14,384.78,386.0,377.39999,379.39999,476700
2020-08-17,381.91,385.47,381.67001,384.39001,508400
2020-08-18,384.01001,387.75,381.56,386.64999,338000
2020-08-19,389.32001,390.079987,380.91,381.5,341600
2020-08-20,381.5,385.28,379.5,383.32999,294000
2020-08-21,382.70001,384.029999,377.01001,383.45999,740100
2020-08-24,384.23001,386.67999,378.10001,380.62,386400
2020-08-25,380.0,386.35001,377.60999,383.92999,346700
2020-08-26,382.41,386.78,376.60999,386.019989,295400
2020-08-27,387.62,389.35001,379.75,386.28,291600
2020-08-28,387.79001,389.059998,381.070007,383.98001,357800
2020-08-31,382.67999,393.39999,382.53,391.059998,411000
2020-09-01,393.95001,398.59,391.25,398.48999,400600
2020-09-02,399.0,407.45001,398.38,406.31,508500
2020-09-03,406.10001,406.10001,377.19,381.28,484900
2020-09-04,382.10999,383.029999,363.82999,370.66,550700
2020-09-08,367.89999,370.22,361.48001,364.19,400900
2020-09-09,366.37,376.28,365.049988,374.16,457700
2020-09-10,375.049988,378.69,365.67001,367.76001,288900
2020-09-11,369.44,371.78,360.26999,364.82001,359100
2020-09-14,370.25,370.25,364.26999,365.56,381200
2020-09-15,367.0,372.60999,366.95001,369.23999,291400
2020-09-16,372.75,372.79999,360.32001,362.35999,627700
2020-09-17,357.57999,360.45999,350.64001,354.20001,702900
2020-09-18,355.34,359.32999,347.54001,354.76001,1108100
2020-09-21,351.32999,365.23999,348.69,364.70001,532100
2020-09-22,364.89999,369.67999,359.20999,368.32001,440800
2020-09-23,367.78,372.29999,362.64999,363.87,340500
2020-09-24,363.10001,368.79999,361.17001,365.47,279600
2020-09-25,364.95001,380.64999,364.57999,377.82999,381000
2020-09-28,381.81,387.67999,380.16,386.37,446100
2020-09-29,388.22,395.20999,385.0,385.059998,308300
2020-09-30,383.45001,397.26001,383.45001,393.10999,533500
2020-10-01,396.29001,398.16,391.88,394.78,382900
2020-10-02,389.70001,393.82001,382.67999,383.85001,318800
2020-10-05,385.26999,392.82999,385.26999,392.37,295100
2020-10-06,391.88,393.54001,383.12,384.31,298600
2020-10-07,388.019989,391.54999,385.26001,386.23001,287900
2020-10-08,388.94,394.39001,385.81,393.51001,205900
2020-10-09,395.0,401.95999,393.019989,400.64999,283000
2020-10-12,404.88,424.87,404.88,419.39001,469500
2020-10-13,421.81,424.79999,415.029999,421.42001,408600
2020-10-14,420.82001,430.85999,416.029999,420.51001,314300
2020-10-15,416.42001,423.94,414.67999,422.72,251900
2020-10-16,423.76001,429.70001,420.81,423.75,269500
2020-10-19,424.10999,431.14999,417.54001,419.26999,418400
2020-10-20,423.81,426.42001,419.87,420.089996,193700
2020-10-21,421.47,426.42001,416.48001,419.73001,237100
2020-10-22,421.34,427.82999,417.57001,423.59,357200
2020-10-23,429.67001,429.73001,423.54999,429.66,227000
2020-10-26,427.67001,434.92999,426.23001,428.95999,394800
2020-10-27,430.26999,444.95999,430.26999,443.16,385800
2020-10-28,434.5,441.48001,422.10999,422.89001,475500
2020-10-29,440.0,453.20001,433.089996,441.79999,557800
2020-10-30,438.47,441.72,419.12,424.82001,611100
2020-11-02,430.48001,446.73999,428.079987,431.049988,552200
2020-11-03,437.32001,448.29001,437.32001,444.10001,382300
2020-11-04,455.26001,482.5,451.57999,469.35999,734200
2020-11-05,473.98999,480.19,462.67999,467.97,440500
2020-11-06,469.98999,479.14999,466.35999,478.10001,519800
2020-11-09,485.0,485.0,435.57999,436.45001,822900
2020-11-10,431.89001,443.72,421.14999,441.23001,865500
2020-11-11,443.69,455.73999,443.69,455.059998,432200
2020-11-12,459.62,462.56,445.059998,449.22,396400
2020-11-13,452.98999,458.35001,448.67001,453.64001,254300
2020-11-16,452.089996,459.42999,448.82001,455.37,499900
2020-11-17,454.62,457.0,450.54001,455.85001,315400
2020-11-18,451.35999,455.0,443.64999,444.059998,347400
2020-11-19,444.76999,457.81,444.76999,457.19,318500
2020-11-20,456.23001,469.13,455.0,464.29001,411400
2020-11-23,467.26001,467.26001,449.70999,459.79001,440300
2020-11-24,459.48999,466.76999,446.45999,446.82999,494800
2020-11-25,449.23999,454.82001,443.14001,446.48001,338900
2020-11-27,452.049988,455.97,446.67999,454.23001,173900
2020-11-30,454.76999,461.089996,451.31,460.98001,589700
2020-12-01,461.98999,468.98001,452.22,467.85999,386700
2020-12-02,465.51001,467.5,461.5,462.59,352000
2020-12-03,463.85001,467.82999,458.38,460.070007,352600
2020-12-04,462.95999,463.26001,455.87,457.14999,387600
2020-12-07,455.92001,462.70001,454.20001,459.35999,320400
2020-12-08,461.92001,461.92001,453.23999,460.69,436200
2020-12-09,458.91,462.45001,449.10999,449.88,436100
2020-12-10,450.48999,456.049988,449.040009,454.26999,592500
2020-12-11,455.57001,457.62,447.82001,456.23001,327200
2020-12-14,458.84,477.37,457.28,458.17001,460800
2020-12-15,460.66,467.39999,453.79999,464.95999,287700
2020-12-16,466.53,474.29999,463.45999,467.57999,466600
2020-12-17,471.69,477.79999,468.35001,477.79999,369400
2020-12-18,478.48999,486.98999,474.0,485.51999,898800
2020-12-21,480.059998,490.44,470.26001,489.67999,383300
2020-12-22,488.01001,499.62,487.76001,499.14999,331500
2020-12-23,499.059998,502.0,492.82001,493.67999,253100
2020-12-24,495.82001,499.12,493.16,497.14001,69500
2020-12-28,503.63,503.82999,490.25,494.70001,216600
2020-12-29,497.97,501.040009,490.049988,494.070007,247600
2020-12-30,497.70001,501.29001,494.51001,496.95999,195400
2020-12-31,495.51001,500.41,492.0,499.87,228400
2021-01-04,503.0,504.66,483.13,491.76999,472300
2021-01-05,488.91,498.92999,487.51001,497.26001,356000
2021-01-06,489.049988,491.67001,479.35999,483.60001,634000
2021-01-07,483.48999,497.48999,483.48999,495.19,499500
2021-01-08,499.79001,513.56,499.29001,513.20001,401400
2021-01-11,515.57001,516.87,503.82999,506.54999,441000
2021-01-12,507.089996,509.47,491.22,496.73001,353200
2021-01-13,496.17999,501.56,494.22,497.57999,299600
2021-01-14,497.31,499.75,487.89001,488.89999,333900
2021-01-15,487.92999,494.23999,480.92999,489.45999,340900
2021-01-19,489.23999,489.29999,481.35001,484.92999,327200
2021-01-20,486.41,496.78,485.84,495.040009,285300
2021-01-21,493.0,498.56,487.48999,496.44,254600
2021-01-22,490.73001,498.98001,490.0,492.85999,329400
2021-01-25,492.47,495.97,482.089996,489.20999,349600
2021-01-26,488.35001,488.35001,476.32999,478.10001,346900
2021-01-27,474.85999,475.81,455.23001,465.17999,583100
2021-01-28,465.31,492.81,465.31,482.26999,493500
2021-01-29,481.049988,491.88,471.75,478.67999,493600
2021-02-01,483.019989,497.64999,479.37,492.42001,573000
2021-02-02,504.34,522.90002,502.0,506.64999,702000
2021-02-03,504.17001,507.63,484.14999,485.35999,605200
2021-02-04,487.91,495.12,486.029999,494.0,440600
2021-02-05,496.29001,506.0,495.01001,502.64001,299200
2021-02-08,504.31,510.25,491.44,495.76001,427600
2021-02-09,497.31,506.28,493.29999,505.049988,442200
2021-02-10,509.26001,521.48999,505.31,516.53998,540900
2021-02-11,519.29999,529.45001,515.17999,528.46997,411800
2021-02-12,530.73999,545.84998,528.0,544.080017,325000
2021-02-16,545.0,548.58002,531.19,538.15997,406200
2021-02-17,535.90002,544.56,532.059998,540.34998,371900
2021-02-18,537.039978,573.98999,535.16998,551.78998,1574200
2021-02-19,561.21002,563.56,542.76001,544.13,655000
2021-02-22,547.12,547.12,534.01001,536.90997,461400
2021-02-23,534.82001,535.090027,508.10999,525.21997,591100
2021-02-24,526.22998,534.75,517.27002,532.88,440200
2021-02-25,530.080017,535.38,509.45001,518.28003,427800
2021-02-26,522.90002,526.37,507.34,520.16998,593900
2021-03-01,529.67999,541.28998,521.34998,538.16998,415900
2021-03-02,542.080017,543.28003,527.16998,529.46997,312000
2021-03-03,524.76001,526.29999,495.57999,498.019989,531100
2021-03-04,494.89999,497.53,480.51001,485.85001,676100
2021-03-05,486.0,504.53,478.20001,499.70001,725000
2021-03-08,498.53,504.37,481.29001,482.60001,605100
2021-03-09,500.32999,507.16,493.089996,493.57001,643800
2021-03-10,494.01001,505.20001,488.28,488.78,484700
2021-03-11,495.70001,505.0,493.01001,502.94,364700
2021-03-12,498.91,498.91,486.73999,497.75,361200
2021-03-15,499.89001,513.22998,498.60999,512.76001,317400
2021-03-16,520.0,521.10999,502.47,506.92001,318100
2021-03-17,503.57001,509.14001,497.48001,504.89999,403700
2021-03-18,493.51999,499.16,483.42001,484.47,490900
2021-03-19,482.57999,487.22,479.28,484.88,945900
2021-03-22,486.34,493.94,485.60999,491.37,620400
2021-03-23,490.089996,492.45001,485.12,487.66,416400
2021-03-24,489.10001,489.10001,471.35001,472.97,451400
2021-03-25,471.5,474.16,462.0,472.10999,471900
2021-03-26,473.029999,481.13,465.23001,480.22,546300
2021-03-29,480.019989,482.79001,469.41,479.17999,471700
2021-03-30,474.37,477.57001,469.10001,475.95001,483600
2021-03-31,481.51999,495.19,479.67999,489.31,576700
2021-04-01,487.48999,495.20001,484.37,486.35999,440000
2021-04-05,488.0,492.60999,482.89999,491.31,359900
2021-04-06,493.20999,499.070007,489.67001,492.89999,335300
2021-04-07,492.54001,493.79001,487.0,489.26999,239000
2021-04-08,494.87,500.0,493.23999,499.66,250900
2021-04-09,500.079987,504.16,496.56,502.88,335600
2021-04-12,499.82001,509.97,498.13,506.42999,433400
2021-04-13,509.0,517.67999,508.51001,516.94,406400
2021-04-14,519.98999,523.20001,512.83002,514.15997,273600
2021-04-15,520.0,530.27002,518.46997,528.46002,438700
2021-04-16,532.42999,536.030029,526.0,535.0,345400
2021-04-19,533.28003,535.40002,526.67999,528.58002,316900
2021-04-20,529.31,538.19,528.23999,532.27002,256500
2021-04-21,531.53003,546.29999,530.92999,541.080017,365400
2021-04-22,539.22998,554.32001,538.65002,546.26001,388700
2021-04-23,551.22998,561.070007,549.32001,559.099976,301700
2021-04-26,557.98999,561.52002,554.12,558.41998,293300
2021-04-27,556.84998,559.66998,552.56,557.53998,209400
2021-04-28,554.29999,560.0,551.97998,557.81,213000
2021-04-29,560.42999,561.21997,548.0,552.63,271700
2021-04-30,549.10999,552.5,544.75,548.98999,345900
2021-05-03,552.77002,558.53998,546.78998,549.88,428800
2021-05-04,559.21997,559.41998,517.5,526.88,610200
2021-05-05,532.59998,538.96002,527.98999,529.91998,420800
2021-05-06,524.31,535.080017,522.89001,533.17999,433000
2021-05-07,540.0,553.75,538.10999,544.26001,361100
2021-05-10,541.01001,542.25,525.25,525.26001,476700
2021-05-11,520.73999,534.37,517.78003,528.19,433100
2021-05-12,520.0,520.71997,507.66,512.31,440100
2021-05-13,515.42999,522.19,513.29999,518.070007,287100
2021-05-14,521.10999,532.40002,517.030029,530.070007,305200
2021-05-17,526.67999,527.91998,520.79999,523.62,258800
2021-05-18,525.20001,531.34003,519.47998,524.85999,269300
2021-05-19,517.75,528.85999,514.34998,528.14001,288700
2021-05-20,528.46002,541.60999,528.10999,539.23999,274000
2021-05-21,542.41998,547.46002,538.31,539.34003,248500
2021-05-24,545.0,551.26001,544.26001,549.71002,327800
2021-05-25,549.45001,556.01001,548.28003,555.19,336000
2021-05-26,556.059998,561.33002,552.51001,557.33002,454800
2021-05-27,557.59003,558.53998,545.90997,554.039978,903100
2021-05-28,556.77002,565.92999,555.53003,558.10999,321800
2021-06-01,565.64001,565.95001,548.32001,550.59003,294100
2021-06-02,547.16998,557.17999,545.46002,547.56,299400
2021-06-03,542.31,552.95001,539.48999,550.29999,252600
2021-06-04,557.65997,561.65997,555.39001,558.35999,333700
2021-06-07,556.59998,565.58002,556.17999,560.34998,260500
2021-06-08,560.77002,567.039978,556.26001,561.31,277700
2021-06-09,564.96002,567.88,561.95001,566.65997,230300
2021-06-10,567.28003,581.17999,564.59998,580.53003,302900
2021-06-11,580.35999,584.52002,576.59998,584.46997,246500
2021-06-14,582.54999,592.92999,580.0,592.35999,227400
2021-06-15,593.84003,594.42999,587.41998,592.26001,308100
2021-06-16,593.25,597.47998,587.97998,593.52002,408500
2021-06-17,591.45001,606.5,591.45001,604.20001,336300
2021-06-18,605.049988,609.21997,599.94,601.049988,723500
2021-06-21,601.049988,608.83002,592.40002,606.63,299200
2021-06-22,605.25,612.46997,602.15997,611.64001,395900
2021-06-23,612.60999,617.46002,606.67999,615.88,332000
2021-06-24,617.40997,622.78003,605.37,614.92999,396000
2021-06-25,618.88,621.87,614.84003,620.64001,465300
2021-06-28,621.92999,633.73999,621.62,631.90002,357100
2021-06-29,629.65997,639.65002,627.22998,637.080017,348400
2021-06-30,635.56,637.54999,628.21997,631.54999,372700
2021-07-01,628.81,640.46002,627.22998,638.95001,316400
2021-07-02,643.31,649.54999,639.53998,648.20001,287900
2021-07-06,650.0,660.29999,644.66998,658.98999,352600
2021-07-07,661.90002,667.0,658.54999,665.31,420900
2021-07-08,657.84003,662.59003,647.65997,659.94,391600
2021-07-09,657.53998,669.20001,653.34003,667.030029,332800
2021-07-12,661.63,666.17999,655.53003,659.53998,422600
2021-07-13,661.45001,664.91998,658.28003,662.58002,244600
2021-07-14,664.78998,666.98999,657.96002,659.84998,342400
2021-07-15,659.070007,659.57001,649.39001,657.41998,450900
2021-07-16,659.54999,670.73999,658.44,667.76001,351700
2021-07-19,661.58002,670.84003,659.34003,669.40002,335500
2021-07-20,670.91998,675.090027,663.080017,669.39001,591800
2021-07-21,667.84003,671.34998,652.0,670.51001,380700
2021-07-22,673.13,683.46997,673.090027,683.030029,305300
2021-07-23,680.59998,696.34998,679.91998,693.73999,243900
2021-07-26,691.14001,691.14001,677.76001,685.66998,253500
2021-07-27,688.79999,692.059998,681.16998,686.95001,272700
2021-07-28,684.13,698.16998,684.13,695.58002,280900
2021-07-29,692.45001,706.95001,692.28998,704.15997,465800
2021-07-30,666.31,681.16998,655.5,678.53003,697200
2021-08-02,687.40997,688.69,666.84998,678.71997,354600
2021-08-03,682.19,698.44,681.21997,695.66998,468600
2021-08-04,696.12,706.51001,694.96997,698.47998,358400
2021-08-05,698.87,706.14001,692.84003,705.76001,265800
2021-08-06,695.69,698.90002,673.090027,685.20001,388900
2021-08-09,685.20001,688.77002,680.28998,686.40997,240500
2021-08-10,688.14001,688.14001,669.26001,671.53003,349700
2021-08-11,672.64001,676.28998,657.12,665.32001,342700
2021-08-12,663.049988,676.89001,663.049988,675.66998,266400
2021-08-13,671.46002,678.0,665.75,672.099976,215900
2021-08-16,673.77002,676.34003,668.090027,675.47998,334100
2021-08-17,669.84003,679.73999,668.21002,678.12,264800
2021-08-18,677.02002,684.31,676.60999,676.94,267700
2021-08-19,674.88,690.0,673.099976,681.71002,397900
2021-08-20,681.71002,685.22998,672.53003,682.14001,378500
2021-08-23,683.15002,683.15002,669.31,671.10999,472200
2021-08-24,671.71997,673.53998,667.25,672.53998,398400
2021-08-25,675.41998,678.40002,665.94,676.41998,357800
2021-08-26,676.92999,681.90997,670.039978,673.35999,292600
2021-08-27,673.90002,681.25,667.54999,668.27002,316100
2021-08-30,667.27002,690.10999,666.91998,686.96997,410300
2021-08-31,689.059998,689.059998,667.32001,673.76001,557500
2021-09-01,671.64001,678.41998,659.27002,676.90002,394900
2021-09-02,677.38,687.69,676.96997,685.44,331900
2021-09-03,682.099976,692.15997,680.19,688.33002,294300
2021-09-07,684.039978,686.20001,667.080017,681.66998,459000
2021-09-08,681.84003,695.17999,677.51001,687.70001,344900
2021-09-09,690.030029,692.32001,675.65997,676.57001,340300
2021-09-10,679.85999,686.13,675.53003,681.60999,293700
2021-09-13,687.030029,687.030029,646.46997,655.049988,514400
2021-09-14,663.21997,669.53998,659.47998,661.39001,401900
2021-09-15,660.62,668.91998,658.95001,661.65002,663100
2021-09-16,664.45001,666.15997,651.48999,663.45001,671000
2021-09-17,661.45001,664.79999,655.10999,661.71002,967600
2021-09-20,657.099976,668.69,651.53998,659.78003,725200
2021-09-21,663.95001,668.51001,659.29999,666.87,739100
2021-09-22,670.20001,672.42999,660.039978,671.46997,320100
2021-09-23,674.98999,689.95001,670.65997,682.58002,369800
2021-09-24,678.73999,684.21002,671.34003,679.64001,255700
2021-09-27,672.96997,674.45001,640.21002,650.02002,558800
2021-09-28,644.40002,644.78998,621.65002,626.84998,555400
2021-09-29,631.38,637.44,627.51001,629.54999,281300
2021-09-30,633.71997,638.15002,620.85999,621.90002,381500
2021-10-01,623.15002,626.080017,608.37,623.97998,439100
2021-10-04,619.28003,621.62,597.69,614.19,472900
2021-10-05,617.65997,625.77002,614.090027,614.79999,467200
2021-10-06,612.5,618.13,601.17999,617.16998,586100
2021-10-07,621.40002,637.83002,621.40002,623.01001,261500
2021-10-08,623.72998,631.92999,611.44,617.02002,213700
2021-10-11,617.0,621.42999,612.19,612.77002,182100
2021-10-12,619.5,621.22998,613.33002,615.90997,287400
2021-10-13,622.20001,625.34003,618.15997,623.12,255200
2021-10-14,630.87,641.65002,628.35999,629.71997,456300
2021-10-15,631.76001,637.37,631.76001,635.15002,262000
2021-10-18,630.95001,638.90002,621.72998,638.28998,254400
2021-10-19,643.48999,650.46997,639.35999,640.98999,225400
2021-10-20,646.29999,651.59003,640.75,642.20001,211500
2021-10-21,643.16998,647.81,634.95001,645.23999,235700
2021-10-22,648.63,655.73999,647.59998,651.84998,164500
2021-10-25,651.23999,655.92999,647.53998,652.52002,189600
2021-10-26,654.60999,657.28998,648.90002,651.96002,236800
2021-10-27,651.96002,652.40002,636.92999,640.5,255400
2021-10-28,645.94,654.54999,640.98999,653.02002,279900
2021-10-29,650.15997,672.92999,645.71997,666.14001,472600
2021-11-01,665.080017,670.92999,656.17999,666.47998,453000
2021-11-02,654.62,654.96997,620.0,627.34998,738400
2021-11-03,624.90002,627.17999,597.84003,625.65997,610500
2021-11-04,628.46002,642.01001,621.96997,639.96002,411100
2021-11-05,639.65002,655.0,634.33002,637.40002,338900
2021-11-08,638.0,642.37,624.23999,634.21002,300200
2021-11-09,630.71997,633.95001,624.44,629.26001,244600
2021-11-10,626.87,631.0,620.38,622.42999,278800
2021-11-11,623.71997,627.31,612.63,615.049988,268200
2021-11-12,618.5,629.71002,618.5,628.17999,288000
2021-11-15,627.56,628.71002,618.79999,618.96002,238400
2021-11-16,620.25,638.40002,620.25,633.21997,327400
2021-11-17,632.46002,636.01001,622.25,627.98999,311700
2021-11-18,633.75,641.85999,625.39001,634.0,289700
2021-11-19,638.88,649.94,632.59003,647.27002,293300
2021-11-22,644.65997,656.38,634.23999,634.67999,345800
2021-11-23,631.059998,631.65002,612.34003,619.97998,390000
2021-11-24,619.13,622.75,613.78003,622.45001,442800
2021-11-26,619.59003,632.84003,604.0,607.52002,260600
2021-11-29,613.27002,636.42999,609.10999,631.29999,370400
2021-11-30,628.15002,639.51001,603.0,608.070007,754200
2021-12-01,612.98999,621.17999,598.73999,599.45001,363300
2021-12-02,594.91998,603.0,583.96002,599.01001,638300
2021-12-03,603.35999,608.10999,575.59003,586.53998,451900
2021-12-06,586.81,595.40997,579.53003,592.21002,566500
2021-12-07,597.27002,615.28003,595.90997,611.42999,368200
2021-12-08,612.83002,619.35999,609.62,618.54999,211000
2021-12-09,618.54999,623.90002,607.54999,607.58002,260200
2021-12-10,612.52002,620.059998,605.75,607.90002,294800
2021-12-13,608.82001,614.84003,601.92999,605.34003,367400
2021-12-14,602.46002,603.96002,586.64001,596.34998,351500
2021-12-15,598.099976,612.0,596.78998,611.56,426000
2021-12-16,613.25,619.28003,606.65002,607.56,429700
2021-12-17,604.070007,624.0,604.030029,616.88,738300
2021-12-20,611.62,614.039978,595.23999,604.10999,345900
2021-12-21,607.87,624.98999,606.51001,624.059998,328900
2021-12-22,624.059998,641.049988,624.059998,640.030029,339100
2021-12-23,641.58002,649.76001,640.51001,645.02002,266200
2021-12-27,648.0,656.34003,646.77002,654.84003,177900
2021-12-28,659.46997,659.94,649.34998,651.28003,172800
2021-12-29,652.52002,660.15002,648.40002,655.69,247900
2021-12-30,655.40002,664.70001,655.13,661.32001,206000
2021-12-31,659.84003,664.65002,656.41998,658.46002,217000
2022-01-03,655.65997,656.31,625.28003,631.01001,418200
2022-01-04,629.98999,629.98999,597.15997,605.41998,605200
2022-01-05,612.45001,612.45001,583.29999,583.46002,518600
2022-01-06,577.89001,588.95001,572.75,576.35999,484900
2022-01-07,568.77002,571.5,549.90997,550.29999,603600
2022-01-10,537.48999,559.46997,535.72998,558.65002,577000
2022-01-11,556.38,558.82001,544.75,555.059998,609100
2022-01-12,558.58002,565.97998,550.41998,554.63,383000
2022-01-13,556.46002,556.53003,533.44,534.20001,400500
2022-01-14,527.22998,534.96002,520.0,529.34998,570400
2022-01-18,514.59998,524.85999,512.0,518.16998,594900
2022-01-19,521.67999,532.71002,518.62,519.13,394000
2022-01-20,523.62,535.31,510.14999,511.14999,400200
2022-01-21,509.0,514.34003,500.01001,501.95999,582000
2022-01-24,495.79999,513.049988,484.67001,511.64999,803600
2022-01-25,501.029999,505.89001,476.01001,478.19,787500
2022-01-26,479.75,484.87,460.35999,466.51999,724700
2022-01-27,470.01001,482.41,466.70001,471.079987,1024000
2022-01-28,471.79001,489.23001,463.94,489.049988,561400
2022-01-31,489.049988,509.57999,488.98999,507.29999,788700
2022-02-01,512.15002,514.78003,502.32999,513.51001,685600
2022-02-02,538.0,574.33002,527.34003,534.22998,999700
2022-02-03,525.16998,543.049988,522.72998,538.95001,959300
2022-02-04,534.14001,538.28998,520.65997,526.44,510000
2022-02-07,523.65997,531.73999,514.29999,517.76001,438300
2022-02-08,518.84003,526.91998,513.22998,521.60999,396000
2022-02-09,528.89001,539.0,522.039978,531.81,364800
2022-02-10,520.58002,537.15002,519.79999,526.20001,430200
2022-02-11,527.21002,532.099976,512.01001,515.049988,328900
2022-02-14,514.88,518.0,500.72,505.53,404700
2022-02-15,513.77002,520.0,506.81,510.87,475300
2022-02-16,509.0,511.20001,495.5,508.01001,409000
2022-02-17,503.94,507.66,492.89999,493.35001,519900
2022-02-18,495.040009,497.20001,486.10999,489.45001,497300
2022-02-22,488.35001,499.92999,485.5,488.64001,569100
2022-02-23,490.0,492.26001,473.17001,474.67999,448200
2022-02-24,470.31,511.67999,468.53,509.76999,705400
2022-02-25,509.78,524.02002,503.64999,522.45001,476500
2022-02-28,516.20001,534.099976,516.20001,532.34998,757600
2022-03-01,527.65997,540.53003,527.65997,535.14001,619600
2022-03-02,537.31,545.96997,536.90997,539.96997,467500
2022-03-03,545.23999,553.10999,534.049988,538.52002,375400
2022-03-04,537.53998,539.54999,527.81,535.71002,438200
2022-03-07,535.23999,538.26001,516.38,517.28003,521500
2022-03-08,510.63,524.71002,501.35999,507.78,804500
2022-03-09,521.20001,532.71997,518.42999,529.91998,558500
2022-03-10,518.95001,525.87,511.41,524.44,525300
2022-03-11,530.70001,532.02002,497.64001,498.079987,334100
2022-03-14,498.019989,509.13,484.57001,486.32999,368000
2022-03-15,492.42001,505.079987,488.089996,502.92999,390100
2022-03-16,511.040009,528.080017,500.85001,520.19,373200
2022-03-17,517.14001,529.37,515.0,527.090027,349300
2022-03-18,527.039978,546.84998,522.26001,542.46002,690400
2022-03-21,535.53998,544.56,528.34003,539.59003,558500
2022-03-22,538.57001,554.16998,536.60999,552.46002,528600
2022-03-23,548.56,548.73999,535.0,536.059998,582700
2022-03-24,537.76001,540.40997,529.65002,540.39001,336600
2022-03-25,544.46997,546.53003,528.87,538.92999,446300
2022-03-28,541.070007,547.059998,527.76001,539.53998,461800
2022-03-29,549.14001,560.91998,545.54999,551.76001,462000
2022-03-30,549.58002,551.73999,543.37,548.67999,437800
2022-03-31,551.0,558.54999,547.049988,547.059998,760400
2022-04-01,546.53998,553.46002,542.75,553.44,430600
2022-04-04,553.44,558.01001,543.71002,548.080017,379100
2022-04-05,547.54999,551.46997,540.14001,545.039978,354000
2022-04-06,537.97998,538.45001,526.40002,534.91998,539700
2022-04-07,532.22998,554.96997,532.22998,551.26001,438500
2022-04-08,548.59003,553.33002,546.31,547.12,367700
2022-04-11,538.14001,543.81,513.65002,514.47998,490100
2022-04-12,517.95001,525.90002,492.51999,497.23999,497600
2022-04-13,500.73001,511.76999,496.17001,508.60999,451500
2022-04-14,510.29999,511.14999,496.39999,496.78,432400
2022-04-18,492.79999,495.53,483.45999,486.81,432100
2022-04-19,485.10999,503.89001,485.10999,500.85001,367100
2022-04-20,505.79001,517.039978,498.84,513.39001,372900
2022-04-21,516.40997,517.90997,491.20999,492.51999,327300
2022-04-22,489.79001,494.41,472.67001,473.64001,503800
2022-04-25,471.60001,475.39999,464.67999,472.26999,629500
2022-04-26,467.91,470.47,455.34,455.56,749800
2022-04-27,455.69,461.38,445.72,447.17999,770600
2022-04-28,451.73001,453.089996,440.31,448.35001,1019400
2022-04-29,446.47,454.59,429.13,430.48001,713500
2022-05-02,429.37,437.26999,420.62,432.45999,835600
2022-05-03,436.53,441.01001,429.59,435.95999,912800
2022-05-04,382.0,419.20001,381.10999,411.31,2104500
2022-05-05,400.0,402.67001,377.42999,385.10999,1505100
2022-05-06,380.17001,383.87,358.17999,366.64001,1527800
2022-05-09,362.95999,365.26999,343.62,345.019989,1151900
2022-05-10,354.60999,358.75,334.75,340.17999,1249300
2022-05-11,337.97,346.32001,332.0,333.89999,889200
2022-05-12,330.66,348.41,330.66,347.95001,1019100
2022-05-13,352.95001,367.54999,351.98999,362.17999,833800
2022-05-16,359.60001,362.98001,354.48999,360.20001,579600
2022-05-17,363.92999,368.85999,356.54999,366.35999,591500
2022-05-18,361.59,361.73001,350.88,357.32999,1010300
2022-05-19,357.17999,369.35999,356.10001,364.82999,851900
2022-05-20,370.60999,375.13,362.73999,372.23001,768200
2022-05-23,371.62,371.91,359.0,368.32999,591500
2022-05-24,366.98001,366.98001,357.28,362.16,505900
2022-05-25,360.079987,369.98999,359.10999,367.85999,501300
2022-05-26,370.92999,386.54999,370.019989,384.92001,842000
2022-05-27,388.48999,398.95999,388.48999,398.60999,627900
2022-05-31,397.64999,397.64999,388.070007,391.62,897200
2022-06-01,390.31,393.48999,369.26999,369.63,705300
2022-06-02,369.42999,386.73001,368.89999,386.34,590300
2022-06-03,382.019989,382.019989,371.85999,372.63,394900
2022-06-06,376.31,378.64001,368.32001,372.22,557100
2022-06-07,368.67001,377.84,367.14999,376.79001,357700
2022-06-08,376.45001,380.10999,370.76999,371.97,353400
2022-06-09,368.45001,370.089996,359.67999,359.70001,410100
2022-06-10,351.62,353.10001,345.60001,345.89001,688000
2022-06-13,332.89001,339.92001,331.54001,336.20001,882400
2022-06-14,336.20001,338.01001,322.78,328.98999,729200
2022-06-15,333.45001,339.059998,325.76999,333.94,640800
2022-06-16,326.34,329.14999,318.5,327.37,811700
2022-06-17,331.57999,336.31,327.38,328.049988,1419200
2022-06-21,331.26001,334.84,329.53,332.029999,544700
2022-06-22,330.39001,337.73001,328.5,333.10999,473700
2022-06-23,337.94,355.94,337.45001,355.62,676300
2022-06-24,358.67001,366.54999,357.76999,361.48001,854000
2022-06-27,359.57999,364.29999,354.78,359.029999,516000
2022-06-28,360.23001,363.85001,347.92001,349.20999,430800
2022-06-29,346.10999,361.92001,342.69,358.22,683900
2022-06-30,355.41,357.51001,342.51001,350.73001,607100
2022-07-01,352.32999,359.53,348.57001,358.44,369100
2022-07-05,356.70001,366.97,351.78,366.87,734200
2022-07-06,369.56,380.78,366.98001,375.22,696000
2022-07-07,371.79999,383.20001,370.73001,382.51999,724700
2022-07-08,380.42999,383.38,375.70999,378.45001,403500
2022-07-11,373.79999,375.20001,366.82001,369.66,559400
2022-07-12,372.75,379.59,360.39001,362.45999,478400
2022-07-13,354.049988,366.59,350.39001,363.32999,368400
2022-07-14,361.47,367.20001,356.35001,366.059998,495100
2022-07-15,372.59,376.34,368.42001,370.14001,470800
2022-07-18,371.20001,373.54001,359.54999,360.60001,382000
2022-07-19,369.41,379.70001,366.29999,377.10001,645500
2022-07-20,376.59,386.73001,374.39001,383.81,546900
2022-07-21,388.0,398.91,387.37,398.35001,673300
2022-07-22,397.75,408.60001,389.62,393.51001,576000
2022-07-25,381.32999,383.85999,371.89999,375.56,681400
2022-07-26,378.98001,381.60001,373.049988,377.0,514300
2022-07-27,376.85001,387.48001,376.85001,385.95999,542300
2022-07-28,388.59,399.040009,383.62,398.56,591900
2022-07-29,397.82001,403.20001,391.92001,399.17999,544200
2022-08-01,393.51001,401.97,392.59,398.13,634200
2022-08-02,390.10999,410.0,380.38,398.92999,1097900
2022-08-03,399.070007,410.51999,396.60999,406.87,587200
2022-08-04,407.23001,410.17001,401.31,405.019989,475300
2022-08-05,397.34,409.73999,394.51001,407.78,441900
2022-08-08,411.079987,417.76999,406.32999,407.0,473400
2022-08-09,404.049988,407.01001,388.35999,388.60001,574600
2022-08-10,399.73999,401.57001,394.41,400.29001,594800
2022-08-11,401.85001,409.95001,395.14001,396.67999,477000
2022-08-12,398.29999,407.089996,393.88,396.42999,553000
2022-08-15,398.63,398.63,387.87,390.85001,542700
2022-08-16,387.89999,387.89999,370.95999,382.23999,641100
2022-08-17,377.73001,379.34,368.17001,374.01001,561500
2022-08-18,374.01001,376.10001,366.25,374.75,671100
2022-08-19,373.070007,376.67001,369.78,373.73999,698700
2022-08-22,368.16,369.0,356.13,358.39999,600200
2022-08-23,356.059998,359.12,352.29999,356.91,316400
2022-08-24,358.16,362.75,355.5,360.54999,549400
2022-08-25,362.64001,371.87,360.89999,371.20999,398700
2022-08-26,371.5,374.5,349.13,349.89999,603300
2022-08-29,346.97,351.85001,345.75,349.049988,435000
2022-08-30,350.64001,353.69,345.66,348.84,393700
2022-08-31,353.97,356.070007,346.25,347.62,604900
2022-09-01,345.01001,350.5,337.89999,349.92999,480600
2022-09-02,354.57001,355.59,341.13,343.82999,374000
2022-09-06,343.79001,346.89999,340.01001,341.73001,470500
2022-09-07,343.63,355.70999,341.39999,354.67999,365300
2022-09-08,349.38,365.059998,349.22,364.95001,433100
2022-09-09,365.79001,376.44,365.20001,374.13,604500
2022-09-12,375.10001,379.60999,373.47,376.59,410800
2022-09-13,363.72,364.0,348.14999,350.42999,904500
2022-09-14,349.82001,353.94,347.73001,350.47,414100
2022-09-15,350.88,363.79999,348.87,349.84,525500
2022-09-16,346.070007,346.070007,337.60999,342.56,815800
2022-09-19,340.51001,342.35001,333.84,339.67001,369700
2022-09-20,336.73001,339.48999,330.57001,338.0,461400
2022-09-21,339.48999,348.95001,333.089996,333.48001,655700
2022-09-22,331.39001,331.67999,325.73999,326.079987,605100
2022-09-23,325.41,334.76001,321.79001,334.20001,688600
2022-09-26,334.39001,341.94,329.57999,331.22,690100
2022-09-27,335.64001,337.82001,328.39999,329.73001,548500
2022-09-28,333.070007,337.10999,329.29999,334.029999,690400
2022-09-29,330.0,334.25,326.57001,331.81,375700
2022-09-30,333.59,342.41,325.57001,325.79999,563500
2022-10-03,328.0,338.82999,322.45001,336.67999,468000
2022-10-04,343.54001,352.39001,343.10001,348.59,539400
2022-10-05,343.31,352.20001,339.84,350.12,430600
2022-10-06,349.20001,353.95001,345.0,346.019989,274200
2022-10-07,341.39999,342.53,331.57001,333.23999,593900
2022-10-10,337.79999,337.79999,319.38,324.72,503700
2022-10-11,324.79999,331.10999,319.019989,325.70999,417100
2022-10-12,329.53,330.87,325.19,328.12,353100
2022-10-13,318.29999,339.66,317.059998,335.22,525400
2022-10-14,340.38,342.28,324.079987,324.64001,480600
2022-10-17,332.39999,343.64001,331.32999,339.48999,546200
2022-10-18,350.85999,359.26001,339.57999,342.16,440000
2022-10-19,340.48999,342.64001,330.75,335.48999,317600
2022-10-20,334.67999,339.59,330.70999,331.20001,369700
2022-10-21,331.13,338.45999,320.81,337.64999,440800
2022-10-24,339.97,345.38,336.029999,344.94,322500
2022-10-25,345.88,356.19,345.88,352.35001,543200
2022-10-26,353.67999,365.78,352.26001,358.29999,488100
2022-10-27,360.059998,362.76001,352.76999,356.14001,491800
2022-10-28,355.0,365.20999,352.79001,364.28,454500
2022-10-31,361.029999,367.42001,356.28,359.67999,675500
2022-11-01,375.059998,400.64001,375.0,394.92999,956500
2022-11-02,390.32001,394.67001,371.39001,372.64001,914800
2022-11-03,366.44,375.85001,354.81,369.19,853800
2022-11-04,370.92001,372.10999,357.57001,371.79001,560200
2022-11-07,375.14999,385.44,373.0,385.20001,437800
2022-11-08,386.25,393.29999,379.19,382.89999,496500
2022-11-09,378.48001,383.29001,375.44,379.88,431100
2022-11-10,400.87,417.47,399.88,416.059998,664400
2022-11-11,416.70001,442.20001,416.70001,441.26999,872900
2022-11-14,443.049988,446.73999,427.79001,428.029999,504400
2022-11-15,436.97,442.5,428.70999,434.38,546700
2022-11-16,435.20001,437.20001,425.26999,426.079987,366600
2022-11-17,420.31,420.31,407.20999,410.44,592800
2022-11-18,414.089996,416.62,408.45999,413.89001,344000
2022-11-21,410.57001,415.76999,408.95001,412.89001,315000
2022-11-22,413.48001,413.48001,405.32999,412.13,366300
2022-11-23,415.0,417.76999,409.98001,416.53,334900
2022-11-25,412.19,413.85001,407.31,411.35999,188100
2022-11-28,406.57001,407.85999,398.88,400.10001,408300
2022-11-29,397.37,410.040009,396.76001,408.95999,444700
2022-11-30,407.5,427.72,405.22,425.87,839400
2022-12-01,426.10001,440.059998,423.26001,439.17001,533100
2022-12-02,428.54999,437.87,423.0,435.29999,372700
2022-12-05,428.38,429.76999,419.070007,422.29999,345800
2022-12-06,421.44,422.98001,411.94,415.39001,316600
2022-12-07,413.20001,424.5,413.20001,420.10001,302700
2022-12-08,419.64999,431.079987,417.97,428.54001,393800
2022-12-09,427.17001,429.59,420.39001,420.63,300400
2022-12-12,422.35001,423.42001,417.91,423.10999,294600
2022-12-13,446.19,448.01001,433.16,435.35001,620300
2022-12-14,432.089996,439.60001,425.44,430.029999,567300
2022-12-15,420.14001,422.049988,412.91,415.38,447400
2022-12-16,411.019989,413.35001,404.84,407.70999,990700
2022-12-19,406.82999,408.78,400.42001,402.17001,355500
2022-12-20,401.42001,406.89001,395.10001,405.70999,376200
2022-12-21,411.14001,422.14001,407.87,418.059998,367300
2022-12-22,411.25,413.23001,403.22,412.95999,312300
2022-12-23,411.39999,413.029999,407.84,410.57999,191900
2022-12-27,410.60999,412.39001,402.57999,404.79999,273600
2022-12-28,405.32999,413.17999,399.42999,399.92999,323400
2022-12-29,403.17001,412.91,402.67999,410.38,397900
2022-12-30,405.82001,408.12,401.67001,407.95999,297400
2023-01-03,409.92001,420.14001,399.26999,406.01001,394500
2023-01-04,415.17001,424.85999,414.53,422.42999,442200
2023-01-05,416.23999,421.70999,410.39999,419.20001,551000
2023-01-06,426.0,448.98999,412.31,447.76999,1239200
2023-01-09,451.019989,459.48999,444.35001,448.079987,892200
2023-01-10,442.79999,469.32999,442.79999,469.10999,646200
2023-01-11,472.57999,482.31,461.070007,463.019989,766600
2023-01-12,461.32999,470.72,454.51999,469.70999,376700
2023-01-13,466.69,480.73999,464.29999,479.079987,484100
2023-01-17,473.019989,483.62,469.41,480.19,436700
2023-01-18,485.82999,494.39999,480.32999,481.32001,525100
2023-01-19,475.5,479.73999,468.17999,475.13,338200
2023-01-20,475.48001,491.070007,472.26001,488.88,562500
2023-01-23,486.76999,497.48001,485.73999,496.14001,544000
2023-01-24,492.37,493.89001,484.39001,486.70001,420900
2023-01-25,481.089996,485.84,473.57999,485.17999,531800
2023-01-26,490.44,492.97,480.26999,487.0,714900
2023-01-27,483.45001,488.28,479.75,487.0,435700
2023-01-30,483.88,489.019989,480.92999,482.95001,414100
2023-01-31,483.0,486.22,477.35999,480.5,556700
2023-02-01,482.01001,489.37,478.01001,483.20001,1174200
2023-02-02,488.20999,504.47,486.040009,504.22,866100
2023-02-03,497.38,497.38,478.20999,482.41,817300
2023-02-06,491.20001,497.85001,462.60001,485.53,997000
2023-02-07,485.89999,510.39999,481.64001,507.67999,830100
2023-02-08,500.0,504.76999,492.97,497.42999,540100
2023-02-09,500.84,505.76999,484.89001,486.73999,538100
2023-02-10,484.10001,488.89001,481.019989,485.73001,354700
2023-02-13,490.26999,497.19,488.95001,496.67999,367800
2023-02-14,496.0,506.88,493.070007,503.64999,458500
2023-02-15,500.59,514.64001,499.51001,514.59003,442200
2023-02-16,501.14001,515.78998,501.14001,506.39999,511100
2023-02-17,503.76001,503.76001,490.76001,496.45999,472600
2023-02-21,486.63,489.25,476.39999,478.17001,461100
2023-02-22,479.17001,480.32001,468.23001,476.29001,387100
2023-02-23,478.45999,481.76999,472.48001,478.35001,462000
2023-02-24,467.67001,470.67999,462.29001,468.17001,319400
2023-02-27,474.67001,476.19,466.26001,468.17999,277500
2023-02-28,465.28,477.13,465.28,473.23999,365700
2023-03-01,470.85999,472.67001,465.39999,469.10001,275000
2023-03-02,464.79999,477.32001,464.79999,476.13,241600
2023-03-03,477.75,488.95999,476.20999,488.0,366300
2023-03-06,488.17999,493.54999,484.25,486.16,255600
2023-03-07,487.67999,488.62,473.39999,473.98999,267800
2023-03-08,477.97,482.5,474.089996,482.22,336000
2023-03-09,484.39999,488.64999,471.14999,472.28,534300
2023-03-10,471.5,471.5,452.76999,454.85999,456300
2023-03-13,452.84,468.26001,447.56,460.92001,509900
2023-03-14,469.040009,476.47,464.12,471.42001,474700
2023-03-15,462.79999,466.97,453.14999,464.97,401600
2023-03-16,462.32001,477.45999,462.32001,474.10999,386200
2023-03-17,474.57999,477.51999,465.98999,471.35999,731200
2023-03-20,472.29999,484.049988,468.37,483.26001,291700
2023-03-21,486.29001,496.69,486.29001,495.39999,386300
2023-03-22,493.040009,493.040009,474.73999,475.029999,427700
2023-03-23,481.60999,492.45999,473.20999,478.73999,358000
2023-03-24,478.98001,485.70999,471.60999,485.51001,268200
2023-03-27,488.14999,493.45999,485.64001,489.049988,256900
2023-03-28,486.10999,494.97,484.39001,488.14001,252200
2023-03-29,495.20001,495.57001,485.29999,487.62,298100
2023-03-30,494.29999,496.67999,490.95001,493.54999,314600
2023-03-31,496.85999,500.48001,494.69,500.079987,507500
2023-04-03,500.0,501.75,479.070007,489.26999,579200
2023-04-04,489.84,495.85001,481.82999,484.01001,482700
2023-04-05,482.51001,484.84,475.95001,476.69,413200
2023-04-06,474.94,475.19,468.47,472.51999,529700
2023-04-10,469.089996,477.84,461.019989,477.22,367900
2023-04-11,479.63,480.42001,472.89001,478.13,327600
2023-04-12,483.60001,487.19,469.89001,470.89999,483200
2023-04-13,475.72,480.5,472.37,480.01001,403700
2023-04-14,478.79001,482.92999,474.10001,482.48999,322900
2023-04-17,483.32001,485.31,475.29001,481.51999,262600
2023-04-18,485.26001,485.26001,479.23001,482.12,308800
2023-04-19,481.0,488.95999,480.79001,487.70001,339600
2023-04-20,485.22,496.25,484.12,490.60999,424400
2023-04-21,490.82001,496.13,487.25,495.64999,239500
2023-04-24,496.76001,503.89001,495.54001,503.60999,268400
2023-04-25,500.39001,503.5,482.57999,483.23001,417400
2023-04-26,481.67001,484.97,478.019989,481.44,289400
2023-04-27,482.78,486.73001,478.34,484.62,384100
2023-04-28,483.049988,493.13,483.049988,492.16,365600
2023-05-01,492.20001,498.95999,488.0,489.60001,430500
2023-05-02,481.0,481.0,459.51999,467.38,669600
2023-05-03,471.41,489.0,471.41,478.82999,511100
2023-05-04,478.85999,480.39001,467.76001,469.51001,389900
2023-05-05,473.48999,491.01001,473.019989,488.48999,443300
2023-05-08,488.48999,489.29001,482.54999,485.53,359600
2023-05-09,482.16,483.98999,478.53,479.37,220600
2023-05-10,485.0,491.10001,478.78,485.10999,288900
2023-05-11,488.089996,491.0,481.70999,486.73001,228700
2023-05-12,488.019989,488.54001,481.94,487.47,278900
2023-05-15,488.54001,491.60999,485.44,489.88,339600
2023-05-16,488.59,496.22,485.56,491.92999,489800
2023-05-17,493.76001,495.040009,482.070007,487.12,362400
2023-05-18,486.01001,494.39999,482.13,492.059998,352100
2023-05-19,495.81,501.39001,486.76001,488.10001,434700
2023-05-22,490.0,495.34,485.51999,486.25,337500
2023-05-23,481.56,481.56,455.45999,461.079987,596800
2023-05-24,456.66,464.73999,453.59,463.51001,382300
2023-05-25,464.32001,464.32001,457.10999,458.059998,390400
2023-05-26,460.070007,470.01001,458.89001,468.94,376900
2023-05-30,469.35001,475.73999,464.70999,466.22,322000
2023-05-31,466.32999,466.32999,454.29001,464.76999,709600
2023-06-01,464.60999,472.57001,461.16,469.84,380900
2023-06-02,471.85999,478.29999,467.32001,470.82999,384400
2023-06-05,468.95001,469.98999,459.76001,465.28,416800
2023-06-06,464.48999,464.78,456.34,459.53,371700
2023-06-07,456.51001,458.45001,446.0,450.70001,554100
2023-06-08,450.64001,457.0,448.73001,453.0,386900
2023-06-09,451.17999,454.72,449.39001,450.87,359800
2023-06-12,452.20999,460.70001,449.75,460.48001,357000
2023-06-13,461.89001,470.64999,461.89001,468.47,410200
2023-06-14,470.14999,473.5,463.76999,466.97,296300
2023-06-15,467.73999,483.01001,464.97,481.42001,457900
2023-06-16,486.57001,488.47,477.45001,483.029999,707200
2023-06-20,475.94,484.35999,470.42999,482.22,345900
2023-06-21,482.22,490.76001,478.0,485.82001,565600
2023-06-22,485.82001,492.85001,484.19,490.72,305800
2023-06-23,488.01001,489.94,482.42999,487.78,694300
2023-06-26,485.20999,488.38,476.92999,481.82001,403200
2023-06-27,484.44,485.44,475.79001,484.20001,437600
2023-06-28,484.59,498.049988,482.34,491.34,428500
2023-06-29,485.88,495.26999,483.95999,494.48999,369000
2023-06-30,500.0,506.56,495.89001,502.23001,429900
2023-07-03,497.39999,497.39999,485.39999,490.17999,280900
2023-07-05,487.079987,494.72,486.79001,492.45999,334900
2023-07-06,484.51001,492.019989,479.34,491.23001,326700
2023-07-07,491.0,501.75,489.48999,498.01001,452600
2023-07-10,498.85999,521.81,498.85999,521.21002,732000
2023-07-11,521.96997,525.87,511.60001,514.82001,588600
2023-07-12,520.0,527.47998,513.16998,525.67999,613300
2023-07-13,526.38,535.33002,522.20001,532.79999,448000
2023-07-14,530.21002,541.40002,528.32001,536.89001,547300
2023-07-17,535.96997,554.26001,529.58002,551.84003,575900
2023-07-18,547.40997,547.90002,534.21997,547.46997,653900
2023-07-19,548.96002,554.29999,544.66998,547.75,370500
2023-07-20,544.16998,549.64001,540.090027,542.85999,432900
2023-07-21,543.76001,558.76001,541.78998,554.59998,1621900
2023-07-24,553.17999,558.46002,550.40002,554.030029,351100
2023-07-25,551.39001,561.47998,550.17999,556.66998,347600
2023-07-26,550.59003,556.69,547.58002,556.15997,335500
2023-07-27,563.32001,564.73999,544.12,545.96002,483800
2023-07-28,555.45001,557.15997,545.33002,552.78003,373300
2023-07-31,553.71002,556.039978,547.90002,554.72998,501900
2023-08-01,534.59998,545.0,522.71997,532.29999,674200
2023-08-02,527.88,530.28998,510.72,519.17999,764500
2023-08-03,516.84003,519.0,507.029999,507.76999,438100
2023-08-04,508.35001,509.89999,502.95999,504.079987,428300
2023-08-07,504.72,510.0,504.029999,508.34,332300
2023-08-08,504.39001,511.44,500.60999,509.76001,396200
2023-08-09,509.45999,521.62,507.95999,518.75,585400
2023-08-10,521.22998,522.45001,505.37,507.48999,406800
2023-08-11,502.66,508.64001,501.53,505.51001,324800
2023-08-14,509.14001,510.94,506.38,507.70001,295700
2023-08-15,506.01001,512.90997,505.5,509.37,297900
2023-08-16,509.87,511.98999,499.23001,499.54999,264300
2023-08-17,500.0,500.17001,485.38,486.42001,390500
2023-08-18,482.20001,485.78,481.32001,483.73001,334800
2023-08-21,483.67001,485.17999,477.54999,481.97,418200
2023-08-22,482.45999,489.35001,481.94,488.35001,326000
2023-08-23,489.64999,506.29999,489.64999,503.029999,543900
2023-08-24,505.95999,508.44,486.01001,486.019989,390500
2023-08-25,488.040009,494.31,482.82001,492.67999,242800
2023-08-28,498.17001,500.37,491.089996,493.079987,250500
2023-08-29,493.97,512.02002,491.39001,511.48999,334800
2023-08-30,511.5,518.46997,509.60001,510.81,232100
2023-08-31,511.89001,514.38,508.20001,511.41,958400
2023-09-01,516.059998,516.059998,507.059998,511.29001,245100
2023-09-05,507.98999,507.98999,495.76001,496.01001,342200
2023-09-06,490.10001,492.53,483.5,487.95999,440600
2023-09-07,488.25,488.26001,476.13,477.20999,600300
2023-09-08,476.44,478.26999,463.75,465.79001,519200
2023-09-11,469.26001,472.25,466.070007,471.51001,411300
2023-09-12,465.79001,475.22,464.35999,470.12,369700
2023-09-13,469.72,469.72,457.39999,458.29001,470600
2023-09-14,461.85999,462.48001,456.029999,462.079987,279600
2023-09-15,456.45999,459.23001,448.0,450.69,770000
2023-09-18,451.14001,453.81,449.019989,450.26999,294000
2023-09-19,448.01001,457.89001,446.29999,457.38,415000
2023-09-20,463.5,467.92001,455.29999,455.35001,492400
2023-09-21,450.64999,454.92999,438.089996,438.64999,535400
2023-09-22,439.98999,440.72,434.44,435.69,439100
2023-09-25,435.32999,437.32999,431.76999,437.23999,371800
2023-09-26,436.29999,438.089996,430.81,432.42001,351700
2023-09-27,435.51001,441.48001,432.85001,436.85999,452900
2023-09-28,437.98001,441.70001,434.98001,436.98001,396100
2023-09-29,441.42001,442.35999,434.62,437.26999,363200
2023-10-02,435.0,435.0,425.51001,430.95001,413100
2023-10-03,427.57001,430.87,422.10999,425.20999,313300
2023-10-04,428.45999,433.98999,425.70001,433.20999,304000
2023-10-05,432.17001,432.23999,420.22,430.51999,395600
2023-10-06,425.66,448.040009,425.66,445.98001,581200
2023-10-09,444.029999,444.45999,435.91,442.25,372600
2023-10-10,446.92999,453.19,438.12,450.70001,596000
2023-10-11,451.59,456.78,444.82001,445.88,700400
2023-10-12,447.26999,447.26999,427.44,428.31,527500
2023-10-13,429.85999,437.73001,420.32999,426.17999,1031800
2023-10-16,433.82001,436.47,428.82001,429.54999,625400
2023-10-17,425.10999,436.32999,420.78,436.089996,323000
2023-10-18,433.75,433.75,425.16,425.32001,382400
2023-10-19,427.92999,430.94,421.19,425.67999,285100
2023-10-20,425.67999,430.28,423.070007,427.0,439700
2023-10-23,428.14999,431.17001,422.39001,427.72,279200
2023-10-24,427.82001,431.82001,421.34,430.76999,389900
2023-10-25,425.62,425.62,411.25,412.67999,441000
2023-10-26,410.0,410.0,390.059998,397.42999,787800
2023-10-27,398.049988,401.20999,390.51001,391.37,681000
2023-10-30,394.10001,399.88,387.44,396.39001,725300
2023-10-31,397.98999,403.98001,395.72,399.47,668400
2023-11-01,388.37,395.85999,372.5,395.35001,1532000
2023-11-02,401.17001,421.95999,395.37,419.44,879300
2023-11-03,425.040009,435.82999,422.63,429.29999,627600
2023-11-06,430.92001,433.95999,419.54001,423.019989,487600
2023-11-07,423.75,427.25,418.60001,422.47,463500
2023-11-08,426.92999,429.76001,423.01001,427.73001,401200
2023-11-09,428.85999,432.25,417.48999,418.75,414700
2023-11-10,423.45999,431.75,417.94,428.73001,499100
2023-11-13,428.44,436.17001,428.12,432.39001,408300
2023-11-14,445.51001,458.79999,445.51001,454.25,545800
2023-11-15,454.69,466.20001,454.69,460.56,502500
2023-11-16,463.13,469.0,460.64001,466.64001,461100
2023-11-17,469.97,469.97,456.92999,463.69,666900
2023-11-20,462.54999,473.95001,459.53,472.92999,452700
2023-11-21,474.57999,480.0,470.019989,477.70999,316500
2023-11-22,480.97,484.070007,476.70999,478.32999,289700
2023-11-24,480.0,480.0,476.059998,478.17999,142100
2023-11-27,477.23999,480.82999,473.26999,479.63,350200
2023-11-28,477.26999,477.26999,465.10999,470.79999,486100
2023-11-29,475.47,476.39001,465.92001,466.73999,473700
2023-11-30,466.019989,466.47,458.97,465.82001,686100
2023-12-01,464.59,484.059998,464.59,482.60001,485400
2023-12-04,495.070007,517.92999,495.0,516.60999,1154800
2023-12-05,511.56,519.46997,507.92999,518.95001,614400
2023-12-06,521.19,529.56,516.63,521.56,681900
2023-12-07,522.0,524.92999,517.92999,523.080017,378200
2023-12-08,520.16998,532.40997,519.16998,531.34998,540500
2023-12-11,531.59003,541.19,531.59003,536.12,524800
2023-12-12,538.91998,547.75,536.84998,545.039978,431000
2023-12-13,545.13,559.080017,542.0,557.56,568600
2023-12-14,564.37,568.29999,551.63,554.17999,1046600
2023-12-15,545.58002,547.70001,535.53998,541.070007,1316900
2023-12-18,541.5,543.64001,534.28998,539.97998,408100
2023-12-19,543.53003,546.02002,539.87,545.70001,382400
2023-12-20,550.0,554.0,539.02002,539.79999,521100
2023-12-21,546.049988,554.53998,540.90997,552.60999,417800
2023-12-22,554.94,557.13,551.29999,554.039978,310800
2023-12-26,554.090027,557.01001,551.27002,556.01001,195600
2023-12-27,556.01001,557.97998,553.90002,557.10999,177700
2023-12-28,562.89001,562.89001,556.16998,557.02002,194800
2023-12-29,552.94,559.91998,552.94,555.049988,203200
2024-01-02,548.40002,554.91998,542.0,547.69,384500
2024-01-03,546.72998,546.72998,529.25,535.059998,417900
2024-01-04,530.45001,540.89001,530.45001,538.5,377500
2024-01-05,537.97998,541.40002,535.44,537.35999,387500
2024-01-08,540.88,545.63,537.66998,543.96002,442200
2024-01-09,535.96997,555.34003,535.96997,553.039978,409400
2024-01-10,552.080017,555.35999,548.48999,554.23999,424700
2024-01-11,551.58002,559.71002,546.049988,558.71002,463800
2024-01-12,563.0,564.79999,534.83002,535.28998,624900
2024-01-16,533.69,536.5,519.52002,520.0,817100
2024-01-17,516.22998,520.039978,507.60999,515.47998,753500
2024-01-18,515.90997,525.76001,515.5,525.28003,696200
2024-01-19,525.22998,525.51001,513.33002,523.82001,443000
2024-01-22,525.90997,537.84998,525.90997,531.42999,449000
2024-01-23,533.72998,534.97998,524.0,531.52002,293700
2024-01-24,535.37,537.72998,519.98999,520.21002,358000
2024-01-25,525.97998,530.13,519.96002,522.44,325300
2024-01-26,526.59003,529.41998,521.42999,524.97998,385200
2024-01-29,523.71002,532.70001,522.17999,532.059998,316600
2024-01-30,520.79999,527.78998,517.15002,521.030029,467000
2024-01-31,522.66998,524.33002,513.25,515.080017,436100
2024-02-01,519.62,527.96997,510.019989,527.28003,457700
2024-02-02,521.67999,531.37,518.48999,527.14001,607800
2024-02-05,531.51001,573.63,531.51001,572.12,921400
2024-02-06,575.96002,579.67999,561.96997,567.0,576100
2024-02-07,568.78998,576.12,562.10999,572.31,626300
2024-02-08,565.71997,575.95001,562.41998,573.60999,542600
2024-02-09,575.79999,578.34998,565.52002,572.21002,320600
2024-02-12,568.96002,569.84003,561.21997,565.56,302000
2024-02-13,553.14001,558.88,546.40997,555.65997,336000
2024-02-14,558.53998,562.73999,555.52002,560.56,390800
2024-02-15,562.39001,569.26001,558.48999,568.83002,308600
2024-02-16,565.15002,565.37,555.0,555.53998,376900
2024-02-20,553.77002,553.77002,546.95001,551.21002,441400
2024-02-21,552.0,555.21997,545.69,554.77002,413700
2024-02-22,558.51001,574.73999,558.51001,571.31,428800
2024-02-23,568.76001,577.52002,568.76001,576.28998,256600
2024-02-26,576.28998,576.48999,566.38,569.87,348800
2024-02-27,569.60999,576.57001,567.66998,575.070007,292500
2024-02-28,573.19,575.58002,568.71002,571.67999,270100
2024-02-29,573.13,576.84003,568.88,575.22998,551800
2024-03-01,575.22998,583.39001,560.17999,576.87,375700
2024-03-04,578.34003,580.17999,565.01001,571.28003,323500
2024-03-05,571.66998,571.66998,555.91998,558.32001,417800
2024-03-06,563.59003,567.030029,557.28998,557.46002,371800
2024-03-07,565.21002,570.71002,559.48999,563.21997,375000
2024-03-08,564.81,574.94,559.32001,561.40997,299100
2024-03-11,562.25,562.25,544.31,548.31,465000
2024-03-12,549.12,552.20001,543.15997,546.84003,397000
2024-03-13,547.28003,550.23999,537.90997,540.17999,315300
2024-03-14,540.67999,542.42999,531.54999,535.58002,337100
2024-03-15,530.12,536.84998,526.72998,529.77002,829400
2024-03-18,532.83002,535.69,529.0,529.81,379500
2024-03-19,529.099976,536.58002,529.030029,534.41998,335000
2024-03-20,533.27002,535.47998,524.53998,529.5,422500
2024-03-21,535.0,541.84003,530.73999,532.090027,428500
2024-03-22,532.91998,537.78003,526.88,530.71997,251400
2024-03-25,530.19,534.98999,524.52002,529.71002,363900
2024-03-26,528.27002,533.77002,526.15002,530.59998,398100
2024-03-27,537.78003,540.91998,533.98999,539.57001,308800
2024-03-28,542.20001,543.33002,537.39001,539.92999,290100
2024-04-01,541.37,542.40997,528.10999,532.40997,302400
2024-04-02,527.59998,527.59998,518.53998,521.66998,382300
2024-04-03,521.099976,530.76001,521.099976,524.039978,333000
2024-04-04,530.69,532.44,516.81,518.099976,354000
2024-04-05,518.099976,524.059998,516.91998,519.53998,434900
2024-04-08,519.83002,521.039978,512.64001,514.70001,415200
2024-04-09,515.64001,522.39001,510.5,519.81,390100
2024-04-10,510.35001,512.71997,500.67999,504.14001,427900
2024-04-11,504.17999,509.12,502.25,503.10001,388100
2024-04-12,497.5,501.44,492.98999,497.79001,513700
2024-04-15,506.57001,506.57001,489.81,491.29001,495300
2024-04-16,490.62,495.94,488.76999,489.57001,556500
2024-04-17,489.44,490.48999,477.63,478.23999,533300
2024-04-18,478.29001,483.10001,475.56,477.79001,399900
2024-04-19,482.20001,482.20999,471.42001,476.35001,568600
2024-04-22,479.48001,481.94,473.85999,479.57001,419600
2024-04-23,482.60001,494.45001,481.48999,493.79999,558400
2024-04-24,489.23999,497.39999,487.88,494.26001,493000
2024-04-25,494.82001,494.82001,479.88,489.23999,358500
2024-04-26,484.029999,500.48001,484.029999,499.29999,529800
2024-04-29,500.47,508.88,500.47,505.34,414100
2024-04-30,503.37,506.59,491.81,492.76001,754700
2024-05-01,473.0,485.0,462.0,468.040009,1018200
2024-05-02,465.60001,477.67001,465.60001,475.82001,518300
2024-05-03,485.82001,493.98001,478.45001,480.60001,548000
2024-05-06,481.85001,484.98999,473.79999,476.87,298200
2024-05-07,478.41,486.16,478.12,483.67999,368100
2024-05-08,481.79999,487.37,475.97,487.070007,604600
2024-05-09,488.28,505.070007,488.28,500.82001,546600
2024-05-10,502.42001,510.62,501.67999,509.82001,526500
2024-05-13,513.48999,514.62,501.23001,503.019989,374400
2024-05-14,505.76001,522.38,505.38,521.10999,636600
2024-05-15,523.67999,548.88,523.67999,548.53003,823800
2024-05-16,544.77002,547.21997,538.90997,540.94,525200
2024-05-17,540.94,543.84998,538.42999,543.45001,446000
2024-05-20,543.66998,545.42999,528.84003,530.070007,517400
2024-05-21,524.92999,529.17999,518.40002,518.44,486500
2024-05-22,520.58002,522.65002,516.25,517.94,494500
2024-05-23,522.01001,524.82001,511.78,516.099976,503800
2024-05-24,518.90002,524.34998,514.29999,516.5,267200
2024-05-28,514.23999,514.23999,501.81,505.39999,499300
2024-05-29,500.0,507.37,496.079987,498.35001,465600
2024-05-30,500.69,501.92999,495.040009,499.76999,514700
2024-05-31,500.17001,504.72,491.16,496.95001,935400
2024-06-03,495.28,498.42001,486.98999,492.42999,473600
2024-06-04,491.25,492.0,483.019989,491.059998,775900
2024-06-05,495.070007,498.60001,493.0,495.84,428400
2024-06-06,492.48999,502.51001,490.31,497.84,486400
2024-06-07,494.44,501.20001,493.20001,497.51001,380900
2024-06-10,492.73999,511.92001,492.73999,508.26001,564800
2024-06-11,506.54001,508.019989,501.51999,506.20001,348800
2024-06-12,512.0,521.52002,509.47,514.28003,414200
2024-06-13,511.13,512.70001,488.73001,506.12,463000
2024-06-14,504.13,508.89999,500.51999,504.0,386700
2024-06-17,500.16,504.94,495.54001,504.32999,509800
2024-06-18,501.079987,504.76001,497.88,503.60001,621900
2024-06-20,502.13,502.13,493.78,495.95999,752900
2024-06-21,497.72,500.60999,490.0,495.73001,1215400
2024-06-24,494.39999,496.35001,487.91,491.48999,703900
2024-06-25,493.48999,495.35001,487.44,491.079987,717700
2024-06-26,489.42001,492.72,486.92001,488.60999,394900
2024-06-27,487.44,494.16,485.17999,493.95999,350000
2024-06-28,493.76001,496.25,484.92999,487.20001,863800
2024-07-01,486.44,490.70001,474.45001,476.39999,435900
2024-07-02,477.26999,480.81,473.089996,477.23001,414000
2024-07-03,475.91,479.76999,472.67001,477.48999,297200
2024-07-05,476.26001,488.89001,475.31,486.0,381800
2024-07-08,486.45999,487.32001,481.53,483.73001,225000
2024-07-09,482.73001,483.0,476.82999,477.89001,292500
2024-07-10,478.53,483.70001,470.95999,483.39001,328100
2024-07-11,486.17999,494.70001,486.17999,487.78,409400
2024-07-12,490.88,500.23001,488.34,492.73999,351800
2024-07-15,490.79999,491.35999,481.39999,482.70001,418100
2024-07-16,484.029999,502.32001,483.92999,499.51999,795400
2024-07-17,497.81,516.96002,491.76999,496.47,627600
2024-07-18,489.029999,490.0,468.040009,470.73999,748200
2024-07-19,475.56,476.22,462.70999,468.20001,750300
2024-07-22,474.89999,479.29999,466.98001,475.29001,576600
2024-07-23,477.91,479.34,469.92999,470.41,398500
2024-07-24,469.78,478.48001,463.94,471.34,671700
2024-07-25,476.10999,484.23001,469.84,470.67999,591200
2024-07-26,476.23001,476.23001,467.79999,469.70999,588400
2024-07-29,469.70999,473.10999,458.0,472.63,763200
2024-07-30,475.0,481.85999,470.76001,474.69,557700
2024-07-31,477.0,484.41,472.64001,476.12,557600
2024-08-01,475.32999,487.48001,473.92999,477.84,507000
2024-08-02,476.20999,481.85001,457.79999,468.63,827100
2024-08-05,459.0,463.13,446.28,455.079987,1134000
2024-08-06,465.0,489.25,465.0,469.37,1132900
2024-08-07,471.75,486.54001,464.98999,467.070007,648700
2024-08-08,469.26999,484.38,467.019989,483.91,515200
2024-08-09,482.41,486.89999,476.98999,482.84,354000
2024-08-12,481.31,483.89001,477.25,479.92999,326100
2024-08-13,483.0,492.079987,483.0,487.82001,531500
2024-08-14,485.51001,485.73001,466.76001,474.94,542700
2024-08-15,479.85001,491.29999,474.19,485.51999,616200
2024-08-16,483.47,495.63,479.72,492.26001,590400
2024-08-19,493.79999,498.34,489.42001,496.98999,366400
2024-08-20,496.98999,503.60001,492.73001,494.01001,334400
2024-08-21,495.82001,497.22,491.029999,494.98999,303500
2024-08-22,497.39001,497.94,489.51001,491.73001,252500
2024-08-23,495.70999,497.54001,487.60001,488.13,255500
2024-08-26,489.98999,491.51001,482.39999,484.070007,279600
2024-08-27,483.47,485.88,480.26001,482.56,278600
2024-08-28,481.029999,487.32999,480.19,481.48001,276600
2024-08-29,485.45999,492.67001,483.39999,487.28,395400
2024-08-30,489.37,491.20999,476.56,481.32999,406300
2024-09-03,475.91,481.88,467.81,469.01001,437500
2024-09-04,468.29999,473.12,466.10999,471.29001,276000
2024-09-05,471.13,472.41,465.53,469.17999,278700
2024-09-06,469.78,477.53,467.31,472.35001,433000
2024-09-09,476.98001,485.13,475.69,480.34,449500
2024-09-10,481.10999,496.79001,481.10999,495.95001,476700
2024-09-11,494.84,494.84,475.62,490.26001,359300
2024-09-12,490.26001,497.22,481.20001,497.040009,293500
2024-09-13,497.35001,508.070007,495.60001,500.54999,321900
2024-09-16,505.049988,512.099976,503.76001,511.38,296100
2024-09-17,513.27002,519.53998,511.47,512.27002,405900
2024-09-18,512.27002,521.72998,505.72,511.29999,360500
2024-09-19,523.81,530.59998,515.67999,517.059998,333800
2024-09-20,515.32001,515.32001,504.47,506.73999,688900
2024-09-23,509.20001,510.31,502.23999,507.66,364500
2024-09-24,508.070007,511.82999,505.20001,506.38,323800
2024-09-25,508.47,508.95001,496.45001,497.76001,301600
2024-09-26,503.95999,509.23999,500.72,509.029999,366500
2024-09-27,514.76001,518.96997,509.47,511.78,279200
2024-09-30,510.73999,512.62,500.16,505.22,390300
2024-10-01,505.22,505.51999,493.26999,495.42001,339000
2024-10-02,495.01001,495.01001,484.57999,485.97,408100
2024-10-03,481.63,484.01001,477.29001,483.51999,379500
2024-10-04,489.56,492.41,475.0,477.67001,468700
2024-10-07,474.48999,475.45001,468.049988,472.41,395000
2024-10-08,472.66,478.92001,470.26999,475.53,436900
2024-10-09,473.20999,480.64001,470.47,474.64999,347100
2024-10-10,468.0,473.89999,465.16,473.28,344400
2024-10-11,474.92001,484.60999,474.92001,476.26999,490800
2024-10-14,478.0,479.57999,474.32999,478.0,512400
2024-10-15,478.37,486.87,473.019989,473.92001,607200
2024-10-16,474.54001,474.54001,460.35999,463.89001,991100
2024-10-17,466.60001,467.95001,458.049988,460.01001,552200
2024-10-18,458.79999,460.87,453.17001,457.73999,747300
2024-10-21,456.019989,457.5,447.84,453.38,993600
2024-10-22,453.48999,462.59,449.39001,461.48999,646100
2024-10-23,456.89999,460.23999,452.44,457.89999,647400
2024-10-24,458.67001,461.54001,452.12,452.26999,532700
2024-10-25,455.67001,456.23001,450.13,451.41,508400
2024-10-28,455.39001,456.84,447.95999,449.44,616400
2024-10-29,447.73001,452.45001,443.20001,447.82999,702800
2024-10-30,445.42999,456.66,445.42999,451.079987,962100
2024-10-31,430.0,430.0,404.73999,406.92001,2006400
2024-11-01,408.57999,422.089996,408.57999,417.28,994100
2024-11-04,419.35999,422.92001,413.20999,414.51999,923600
2024-11-05,413.82999,418.54001,412.32001,415.98001,533200
2024-11-06,431.85999,432.75,412.60999,423.42001,1074500
2024-11-07,428.20999,435.23999,425.29001,433.0,966300
2024-11-08,430.01001,434.48001,428.75,433.28,655700
2024-11-11,434.48999,444.84,433.91,437.29999,653100
2024-11-12,433.97,436.75,425.64001,426.10999,681600
2024-11-13,426.54001,432.81,425.79001,429.82001,621800
2024-11-14,428.01001,430.10999,423.29001,423.64999,553800
2024-11-15,423.34,424.5,408.95001,420.91,690200
2024-11-18,421.5,424.049988,418.95001,419.82999,437500
2024-11-19,416.64999,421.95999,414.35001,416.34,748600
2024-11-20,413.38,419.41,410.29001,418.60999,650800
2024-11-21,409.54999,419.79001,398.5,418.54999,537100
2024-11-22,420.41,422.98001,415.79999,417.23999,503400
2024-11-25,422.16,430.88,421.76001,428.59,1140900
2024-11-26,429.0,429.059998,414.45999,417.32001,587800
2024-11-27,419.91,423.35999,417.48001,421.76001,486200
2024-11-29,424.029999,426.95999,421.5,421.75,338600
2024-12-02,424.94,431.17001,423.10001,430.76999,711000
2024-12-03,429.82999,436.019989,423.44,432.10999,731900
2024-12-04,432.22,437.95999,425.42999,434.42999,1303300
2024-12-05,431.29001,436.049988,425.16,427.48999,520300
2024-12-06,426.48001,436.20001,426.48001,435.69,551900
2024-12-09,442.13,453.26001,438.01001,450.67999,783800
2024-12-10,450.38,452.20001,442.37,444.72,695200
2024-12-11,449.01001,452.82999,436.85999,437.079987,566700
2024-12-12,437.60999,442.22,433.01001,437.17999,415500
2024-12-13,435.57001,437.029999,430.47,432.10001,353700
2024-12-16,430.019989,438.37,429.5,430.47,497900
2024-12-17,429.87,440.0,426.95001,427.089996,638400
2024-12-18,426.37,427.14001,410.51001,410.76001,579400
2024-12-19,410.76999,415.75,407.51999,409.029999,681500
2024-12-20,406.82999,418.26001,404.35999,412.26001,1122200
2024-12-23,409.92999,413.37,408.39999,413.16,413300
2024-12-24,412.35001,414.25,409.84,413.62,159900
2024-12-26,411.0,417.95999,409.76001,417.10999,333000
2024-12-27,413.73001,417.44,410.42999,414.92999,375000
2024-12-30,410.94,414.70001,406.17001,412.75,388200
2024-12-31,414.67999,418.64999,411.39999,413.44,388200
2025-01-02,417.14999,420.79001,406.51999,408.85001,373900
2025-01-03,410.60001,417.31,407.089996,415.53,341200
2025-01-06,415.53,435.13,415.53,429.16,627100
2025-01-07,428.34,434.85999,424.26999,427.26001,521500
2025-01-08,426.66,437.5,421.82001,432.35999,738200
2025-01-10,427.25,431.01001,417.76001,418.049988,694900
2025-01-13,417.059998,424.019989,412.67999,422.62,647100
2025-01-14,422.48999,423.10999,413.17999,418.63,388000
2025-01-15,424.82001,431.54001,422.35999,422.92001,587300
2025-01-16,422.70999,429.48999,416.32999,428.62,365600
2025-01-17,429.29999,432.95001,418.66,419.26001,798800
2025-01-21,423.44,430.070007,421.45999,427.32999,761700
2025-01-22,425.79001,437.26999,423.64999,430.59,532000
2025-01-23,429.48999,434.56,426.10999,432.34,403900
2025-01-24,429.62,436.57999,429.079987,435.32999,638000
2025-01-27,435.070007,437.62,419.66,427.51999,1876200
2025-01-28,427.32999,427.32999,414.66,417.85999,1333800
2025-01-29,417.95001,422.17001,405.84,418.75,876400
2025-01-30,424.29001,431.38,420.85999,423.98999,518600
2025-01-31,424.60001,427.070007,420.42999,422.049988,912300
2025-02-03,465.0,474.67001,445.0,469.040009,1508800
2025-02-04,464.47,466.26001,458.79001,465.029999,824500
2025-02-05,469.23999,471.82001,457.23001,468.54999,749200
2025-02-06,468.67001,469.98999,458.82001,460.56,646300
2025-02-07,465.0,468.79999,457.35001,459.78,624600
2025-02-10,460.67999,466.53,458.85999,464.91,829900
2025-02-11,460.64999,467.69,460.28,463.73999,516800
2025-02-12,458.70001,460.35999,451.89001,457.35001,634000
2025-02-13,458.17999,462.92001,452.0,459.76001,601100
2025-02-14,463.63,463.63,444.37,444.53,553800
2025-02-18,444.72,452.84,440.98999,449.059998,632100
2025-02-19,448.0,452.39999,444.5,450.98999,578700
2025-02-20,451.62,457.70001,450.39001,452.85999,615700
2025-02-21,454.41,460.38,452.45999,452.76999,773200
2025-02-24,453.95001,465.17999,452.19,463.66,837000
2025-02-25,464.60999,467.019989,451.89999,459.85999,836400
2025-02-26,455.76999,465.040009,455.69,457.81,583100
2025-02-27,457.32999,460.089996,440.57999,441.029999,705600
2025-02-28,442.01001,442.60001,423.82001,437.10999,1055300
2025-03-03,438.81,443.56,434.45001,437.14999,691000
2025-03-04,439.45001,448.69,436.39999,441.60999,1063500
2025-03-05,438.0,447.41,429.26999,437.23001,892700
2025-03-06,433.34,439.41,427.54001,429.029999,661700
2025-03-07,429.029999,434.39001,420.84,430.12,654300
2025-03-10,430.0,447.44,430.0,436.48001,996100
2025-03-11,439.81,439.87,426.51001,426.69,880100
2025-03-12,426.66,428.81,412.20999,412.39999,838700
2025-03-13,411.17001,422.72,404.60001,406.29001,723500
2025-03-14,409.0,418.85999,409.0,415.29999,645200
2025-03-17,415.89001,424.48999,414.72,422.35999,568500
2025-03-18,420.98001,425.81,417.84,419.51999,463800
2025-03-19,418.51999,423.89999,417.079987,422.14999,463300
2025-03-20,421.32999,425.60001,418.98999,420.62,537500
2025-03-21,415.44,421.95001,411.28,420.98999,706600
2025-03-24,424.51001,430.16,420.73001,423.60001,616800
2025-03-25,422.51999,424.28,414.39001,417.66,878000
2025-03-26,418.28,420.20999,415.81,417.70999,760700
2025-03-27,419.17999,424.17001,417.040009,422.54001,998900
2025-03-28,422.54001,423.81,415.22,415.87,470200
2025-03-31,416.57999,421.79999,411.59,419.95001,926100
2025-04-01,417.47,427.089996,415.049988,418.57001,518200
2025-04-02,414.35001,427.20999,413.049988,426.25,532500
2025-04-03,417.41,417.92999,407.070007,410.76001,948400
2025-04-04,404.48001,405.81,393.5,393.73001,1635600
2025-04-07,377.25,395.64999,366.5,378.98999,1818000
2025-04-08,385.19,388.85001,357.81,361.040009,1489600
2025-04-09,356.98001,398.73001,356.14001,397.10001,2190300
2025-04-10,394.14999,397.079987,372.32001,381.82999,1274300
2025-04-11,381.48999,392.57999,375.059998,390.94,1329100
2025-04-14,394.0,405.26999,391.049988,404.64999,926700
2025-04-15,404.89001,407.14999,399.26001,404.019989,985100
2025-04-16,400.70001,408.42999,398.75,402.38,867600
2025-04-17,405.45001,412.62,402.85999,411.48999,965500
2025-04-21,409.47,412.31,402.85001,406.64999,872900
2025-04-22,410.53,423.44,409.10999,421.59,949700
2025-04-23,429.20999,441.079987,426.019989,426.63,1091400
2025-04-24,429.029999,441.87,424.48001,440.98001,746800
2025-04-25,438.63,440.5,432.079987,437.44,939300
2025-04-28,435.53,440.26001,427.70001,433.98999,909600
2025-04-29,433.69,439.01001,429.10999,436.97,718300
2025-04-30,436.38,440.0,428.089996,432.64999,1400300
2025-05-01,468.17999,481.92999,462.049988,471.38,1397500
2025-05-02,478.0,483.91,466.57001,471.89999,1030900
2025-05-05,471.89999,482.28,466.73999,475.070007,1208500
2025-05-06,470.42001,479.72,465.0,473.70999,890200
2025-05-07,473.70999,488.48999,471.73999,486.60999,667500
2025-05-08,487.14001,495.56,485.41,489.98001,865600
2025-05-09,490.32001,493.76999,487.29999,491.70001,668600
2025-05-12,500.0,509.84,498.53,509.53,692600
2025-05-13,508.95999,512.71997,504.20001,509.13,558400
2025-05-14,507.0,510.72,503.72,509.42001,552600
2025-05-15,508.079987,513.33002,505.0,511.98999,469400
2025-05-16,514.049988,518.40997,509.070007,518.099976,524900
2025-05-19,511.82999,521.72998,508.57001,521.67999,427600
2025-05-20,517.88,523.47998,513.92999,517.15997,606900
2025-05-21,513.73999,518.15002,498.78,500.87,664500
2025-05-22,499.23999,508.019989,497.019989,504.82999,555000
2025-05-23,498.0,502.17999,496.60999,501.57001,443600
2025-05-27,507.029999,517.79999,505.81,516.5,636600
2025-05-28,514.90002,516.65002,507.75,514.33002,479100
2025-05-29,518.070007,520.0,510.64001,515.54999,362400
2025-05-30,514.27002,515.91998,506.28,513.35999,1221800
2025-06-02,508.72,514.84998,504.56,514.79999,501700
2025-06-03,513.54999,526.35999,510.98999,525.83002,608800
2025-06-04,526.32001,530.72998,524.71002,524.85999,503300
2025-06-05,524.85999,526.45001,520.95001,522.21002,453200
2025-06-06,525.58002,526.21002,522.28003,524.90997,265300
2025-06-09,523.40002,525.62,513.53998,518.59998,328200
2025-06-10,519.40997,525.92999,517.44,525.92999,402500
2025-06-11,526.31,528.38,520.88,524.17999,374100
2025-06-12,524.17999,528.20001,520.65002,526.91998,379300
2025-06-13,520.96002,526.090027,519.01001,522.70001,411500
2025-06-16,525.90997,530.12,522.41998,528.77002,371800
2025-06-17,526.88,526.88,513.91998,520.59003,430600
2025-06-18,518.62,524.70001,515.0,519.84998,590900
2025-06-20,519.84998,525.17999,517.14001,523.91998,1052500
2025-06-23,523.52002,527.35999,517.52002,524.65002,399800
2025-06-24,526.0,530.73999,520.35999,530.5,391000
2025-06-25,531.69,533.32001,527.28998,530.40002,520400
2025-06-26,528.79999,532.94,524.65002,527.78003,546600
2025-06-27,527.78003,535.20001,526.5,531.32001,624800
2025-06-30,530.39001,537.46997,528.65997,536.34003,471100
2025-07-01,533.88,546.39001,529.51001,542.65002,631400
2025-07-02,541.47998,546.0,538.70001,542.71002,380200
2025-07-03,539.02002,548.53998,537.0,547.01001,339000
2025-07-07,546.46002,549.52002,540.67999,545.56,448600
2025-07-08,544.33002,548.01001,536.54999,538.84003,485900
2025-07-09,541.51001,543.57001,533.90002,540.64001,435100
2025-07-10,540.41998,548.53003,538.19,541.090027,290200
2025-07-11,538.91998,538.91998,527.88,533.37,348300
2025-07-14,530.71002,535.63,529.51001,531.41998,323700
2025-07-15,531.73999,532.77002,525.57001,526.65997,389200
2025-07-16,517.0,521.27002,506.91,520.57001,471800
2025-07-17,518.59998,521.52002,516.059998,518.71002,367700
2025-07-18,523.049988,523.049988,513.25,514.60999,329500
2025-07-21,515.14001,521.12,513.02002,520.87,486800
2025-07-22,523.049988,533.46997,520.15997,532.0,570000
2025-07-23,533.32001,542.0,533.32001,540.67999,489000
2025-07-24,537.81,551.099976,537.53003,549.96997,625300
2025-07-25,552.28003,568.46997,548.78003,565.19,1071500
2025-07-28,563.13,570.35999,560.42999,566.5,613200
2025-07-29,568.90002,575.34998,567.039978,573.070007,887800
2025-07-30,573.79999,579.46997,567.98999,572.090027,704800
2025-07-31,562.57001,562.57001,533.41998,534.31,1033200
2025-08-01,530.38,539.10999,527.81,535.53998,760500
2025-08-04,662.23999,688.12,643.72998,682.78003,3331900
2025-08-05,676.47998,678.96002,636.56,641.94,1870200
2025-08-06,647.01001,647.25,623.40002,624.19,816500
2025-08-07,629.73999,650.5,628.81,650.059998,798800
2025-08-08,651.59998,658.77002,645.78003,658.059998,566300
2025-08-11,662.0,665.52002,646.67999,652.10999,491900
2025-08-12,652.78998,654.35999,647.38,652.27002,506400
2025-08-13,651.15002,665.030029,648.91998,663.91998,566300
2025-08-14,664.10999,664.10999,648.16998,653.95001,504700
2025-08-15,655.53998,661.099976,650.78003,650.84003,418100
2025-08-18,650.45001,652.080017,637.080017,637.85999,437000
2025-08-19,638.0,642.82001,635.53998,636.71002,407200
2025-08-20,637.82001,640.70001,634.15997,639.84998,525200
2025-08-21,637.049988,638.53003,632.57001,633.049988,284100
2025-08-22,635.76001,648.54999,634.69,645.54999,352300
2025-08-25,639.33002,644.13,636.0,641.34998,395600
2025-08-26,641.34998,645.53003,639.75,641.71997,416500
2025-08-27,642.60999,647.0,637.66998,640.85999,521500
2025-08-28,638.28003,647.44,637.049988,647.030029,309200
2025-08-29,647.95001,652.0,642.28998,647.090027,304900
2025-09-02,637.049988,641.21002,630.53998,639.45001,440500
2025-09-03,640.98999,642.01001,626.23999,633.95001,373500
2025-09-04,637.71002,642.46997,629.54999,640.44,440500
2025-09-05,640.0,649.15997,630.87,642.98999,370400
2025-09-08,644.41998,654.049988,640.26001,652.83002,460600
2025-09-09,652.83002,655.77002,647.78998,655.59998,271800
2025-09-10,652.90997,653.66998,631.73999,637.95001,389100
2025-09-11,637.14001,648.28998,637.14001,645.15997,337000
2025-09-12,639.23999,644.85999,625.54999,641.14001,317900
2025-09-15,641.72998,651.33002,641.72998,643.98999,455300
2025-09-16,640.37,648.32001,635.5,645.65002,404500
2025-09-17,644.59003,651.049988,637.0,640.85999,444500
2025-09-18,642.53003,659.16998,635.94,655.51001,474200
2025-09-19,659.58002,661.39001,648.84998,656.15997,981500
2025-09-22,653.16998,657.10999,640.28003,644.099976,386900
2025-09-23,640.34003,649.46997,640.34003,648.38,351200
2025-09-24,645.12,645.12,621.35999,627.16998,464500
2025-09-25,620.92999,621.13,613.28003,618.16998,380000
2025-09-26,619.31,636.0,615.33002,632.21997,344300
2025-09-29,636.34003,636.34003,619.0,630.56,266100
2025-09-30,631.27002,639.53003,629.66998,638.89001,367500
2025-10-01,630.71997,638.23999,600.57001,620.10999,659800
2025-10-02,616.52002,634.87,614.54999,633.84003,415800
2025-10-03,637.01001,642.25,627.96997,631.19,338500
2025-10-06,633.56,634.15002,626.19,627.78003,247600
2025-10-07,639.10999,639.10999,622.15002,627.28003,319800
2025-10-08,634.29999,638.63,626.10999,629.90997,521400
2025-10-09,624.59003,631.78998,619.95001,628.75,384900
2025-10-10,628.75,628.75,615.0,616.15002,410700
2025-10-13,622.65997,634.28998,621.83002,633.32001,376900
2025-10-14,625.65997,642.59003,625.62,636.90997,365400
2025-10-15,640.20001,642.90997,631.78003,639.15002,387100
2025-10-16,643.44,651.5,628.16998,637.34003,524600
2025-10-17,633.88,637.47998,627.42999,635.40002,277000
2025-10-20,638.20001,644.91998,634.90997,643.40997,327300
2025-10-21,641.64001,643.0,630.48999,637.13,408100
2025-10-22,642.40997,642.40997,628.59998,633.78003,465400
2025-10-23,631.25,641.46997,630.70001,638.59998,532600
2025-10-24,641.76001,650.37,639.080017,640.84998,368200
2025-10-27,644.46002,649.070007,639.10999,647.40002,452600
2025-10-28,640.53003,646.0,633.17999,634.35999,396800
2025-10-29,635.40997,635.40997,622.080017,627.65997,489900
2025-10-30,627.65997,632.94,626.87,628.53998,373200
2025-10-31,634.51001,641.29999,628.90002,629.51001,974400
2025-11-03,693.0,735.0,691.72998,722.94,1652800
2025-11-04,717.44,726.5,706.59003,722.12,680700
2025-11-05,724.35999,728.95001,701.60999,720.21002,590700
2025-11-06,712.47998,720.0,694.0,713.73999,1094900
2025-11-07,710.15002,716.71002,700.20001,708.45001,409900
2025-11-10,708.059998,713.030029,699.84998,709.59003,351700
2025-11-11,710.94,718.52002,709.090027,712.46997,292000
2025-11-12,712.46997,719.25,707.53003,713.56,468500
2025-11-13,709.83002,715.89001,698.17999,701.47998,473400
2025-11-14,695.91998,699.65997,688.65997,689.92999,468500
2025-11-17,689.92999,697.92999,666.96997,669.0,495700
2025-11-18,670.17999,681.63,665.25,670.21002,574400
2025-11-19,673.75,701.73999,670.21002,697.099976,1010300
2025-11-20,697.82001,710.71997,688.47998,689.34998,767700
2025-11-21,690.099976,735.59003,688.14001,725.90997,972600
2025-11-24,733.049988,759.33002,726.81,752.14001,1314100
2025-11-25,751.75,769.23999,750.35999,766.67999,660800
2025-11-26,767.81,769.97998,753.60999,755.96002,426200
2025-11-28,756.02002,757.23999,748.0,752.88,209000
2025-12-01,741.57001,746.77002,727.15002,728.96997,805000
2025-12-02,732.40002,738.33002,722.28998,732.72998,761300
2025-12-03,738.69,739.15002,724.73999,725.92999,504800
2025-12-04,725.56,732.030029,714.16998,717.46997,526200
2025-12-05,720.71997,722.71002,710.51001,714.099976,386700
2025-12-08,717.46997,721.5,705.0,706.65002,411700
2025-12-09,710.40997,718.0,698.39001,699.059998,409200
2025-12-10,702.19,707.46002,693.71997,701.83002,529400
2025-12-11,700.94,716.45001,696.88,707.5,417400
2025-12-12,710.46002,715.19,697.26001,704.20001,460700
2025-12-15,711.28998,711.28998,695.56,700.54999,571600
2025-12-16,697.51001,703.71002,687.67999,693.17999,711700
2025-12-17,692.0,705.65997,688.5,695.59998,473500
2025-12-18,699.26001,711.67999,693.37,697.099976,483800
2025-12-19,694.79999,705.95001,689.97998,700.34003,1682500
2025-12-22,701.81,705.89001,695.56,702.12,353900
2025-12-23,695.96002,700.0,676.059998,682.31,586300
2025-12-24,683.96997,689.059998,680.090027,688.17999,219400
2025-12-26,687.15002,689.099976,682.73999,688.47998,206700
2025-12-29,687.71002,690.049988,680.46002,687.89001,289000
2025-12-30,683.90002,687.83002,680.88,682.32001,432400
2025-12-31,680.82001,684.28998,675.88,676.53003,292300
2026-01-02,676.53003,678.89001,661.89001,669.98999,442900
2026-01-05,670.21002,684.96002,667.65997,682.22998,518800
2026-01-06,677.85999,707.53003,675.90002,706.83002,497500
2026-01-07,706.080017,724.98999,704.71997,714.54999,542600
2026-01-08,707.28998,713.98999,694.52002,712.39001,543100
2026-01-09,707.33002,717.33002,706.72998,713.34998,511400
2026-01-12,708.85999,725.53003,702.01001,724.76001,503000
2026-01-13,717.90997,726.40997,707.88,714.039978,336000
2026-01-14,710.21002,712.20001,701.48999,710.47998,369600
2026-01-15,711.0,715.10999,707.41998,712.12,320400
2026-01-16,715.049988,719.95001,710.96002,715.37,532100
2026-01-20,693.78998,699.47998,682.84998,686.02002,560600
2026-01-21,689.15002,709.23999,681.0,696.46002,556500
2026-01-22,697.44,703.53998,688.70001,691.049988,453700
2026-01-23,689.82001,698.28998,687.46002,693.84998,279300
2026-01-26,691.039978,704.71997,690.45001,697.82001,379200
2026-01-27,697.14001,705.82001,692.64001,694.75,416100
2026-01-28,686.90997,694.70001,679.32001,687.73999,426300
2026-01-29,684.059998,687.90997,671.64001,676.71002,553400
2026-01-30,672.78998,682.98999,668.98999,670.46002,762000
2026-02-02,657.01001,658.75,622.37,639.59998,1016200
2026-02-03,635.59003,650.71997,629.27002,632.56,634100
2026-02-04,638.13,647.21002,629.14001,642.94,615000
2026-02-05,643.83002,651.34998,636.35999,643.59003,709800
2026-02-06,642.39001,650.38,639.030029,644.60999,562600
2026-02-09,647.71997,647.71997,629.72998,639.78998,518200
2026-02-10,643.53998,650.65997,638.5,646.53003,491100
2026-02-11,640.91998,649.73999,636.77002,648.72998,400100
2026-02-12,651.48999,651.57001,616.14001,617.20001,628900
2026-02-13,616.77002,636.049988,606.039978,629.34998,544000
2026-02-17,628.35999,632.70001,623.28003,626.16998,440500
2026-02-18,625.89001,639.19,623.41998,634.90002,348200
2026-02-19,634.71002,639.28998,625.78003,630.72998,307500
2026-02-20,626.75,638.14001,625.21997,635.65997,301700
2026-02-23,628.94,631.79999,618.56,623.13,515600
2026-02-24,623.13,652.64001,617.0,649.22998,790900
2026-02-25,650.29999,663.13,650.29999,657.38,504500
2026-02-26,657.57001,666.14001,650.0,660.71002,414300
2026-02-27,650.039978,661.28003,644.53998,656.72998,799000
2026-03-02,639.47998,647.039978,627.39001,636.70001,522300
2026-03-03,627.90997,644.20001,624.95001,635.53998,501600
2026-03-04,633.5,651.059998,630.23999,648.70001,561200
2026-03-05,634.080017,639.38,614.25,618.91998,611000
2026-03-06,607.59003,615.47998,594.94,608.40997,560500
2026-03-09,601.52002,611.62,594.32001,610.45001,477700
2026-03-10,607.96002,610.42999,598.099976,598.84998,463100
2026-03-11,598.42999,603.29999,585.090027,600.52002,409200
2026-03-12,592.87,596.23999,570.34998,571.21002,800600
2026-03-13,576.23999,578.28998,567.62,573.82001,456400
2026-03-16,577.51001,592.59003,576.53998,586.37,510600
2026-03-17,591.84998,599.96997,586.62,586.97998,426800
2026-03-18,581.90997,586.95001,574.84998,577.12,542300
2026-03-19,577.62,586.01001,575.51001,579.84998,482600
2026-03-20,576.78003,581.35999,569.89001,577.26001,765300
2026-03-23,592.59998,594.77002,577.90997,578.51001,415900
2026-03-24,573.40002,576.51001,565.33002,570.21002,361500
2026-03-25,581.099976,581.63,562.34998,575.71997,419900
2026-03-26,575.26001,586.21002,570.97998,573.28998,432400
2026-03-27,576.53998,576.87,557.34998,558.32001,445600
2026-03-30,560.95001,567.71002,555.72998,557.090027,460700
2026-03-31,560.039978,566.57001,548.51001,561.89001,823200
2026-04-01,561.66998,568.75,557.5,564.65997,490500
2026-04-02,552.049988,575.42999,548.56,569.54999,734300
2026-04-06,566.16998,580.90002,565.87,577.44,588600
2026-04-07,577.44,579.92999,569.71997,574.79999,621500
2026-04-08,601.16998,605.82001,588.42999,591.84003,451600
2026-04-09,584.15997,588.58002,580.39001,584.75,448100
2026-04-10,579.66998,582.23999,559.39001,563.0,498600
2026-04-13,559.33002,576.10999,558.31,574.0,458900
2026-04-14,573.15002,585.73999,571.070007,584.049988,455100
2026-04-15,583.039978,585.38,577.37,580.76001,354700
2026-04-16,580.76001,584.84003,569.31,569.95001,337700
2026-04-17,583.10999,594.52002,577.37,589.25,493500
2026-04-20,582.66998,590.25,579.96997,583.059998,638200
2026-04-21,584.46997,592.51001,567.31,569.01001,578000
2026-04-22,570.85999,584.52002,570.85999,578.34998,364700
2026-04-23,577.84998,577.84998,554.48999,560.92999,629600
2026-04-24,556.91998,567.94,552.0,565.92999,598200
2026-04-27,563.46997,579.62,562.48999,574.95001,665600
2026-04-28,575.15997,579.15002,563.90002,568.29999,539000
2026-04-29,561.97998,563.69,544.01001,553.65997,617200
2026-04-30,554.33002,562.71002,548.070007,560.79999,717100
2026-05-01,564.70001,572.28003,555.57001,567.46002,610600
2026-05-04,564.51001,570.63,554.030029,563.12,711800
2026-05-05,569.21002,584.71997,550.0,562.96997,734400
2026-05-06,561.84998,580.65002,550.45001,579.22998,665200
2026-05-07,581.12,585.12,566.02002,572.20001,758900
2026-05-08,572.20001,572.20001,555.19,560.10999,476600
2026-05-11,559.90002,559.90002,524.62,532.0,761400
2026-05-12,534.23999,543.38,532.97998,533.91998,674100
2026-05-13,531.81,533.39001,523.38,528.67999,600900
2026-05-14,528.67999,544.81,528.02002,532.85999,786100
2026-05-15,534.71997,540.95001,527.12,528.78998,659300
2026-05-18,532.15997,551.080017,531.70001,545.78998,644900
2026-05-19,547.98999,561.28003,543.71997,546.48999,719700
2026-05-20,546.14001,554.28003,535.95001,553.58002,619000
2026-05-21,548.059998,556.71997,539.44,553.070007,430700
2026-05-22,551.46002,562.29999,549.75,559.37,466000
2026-05-26,554.71997,559.83002,550.27002,557.21002,425100
2026-05-27,555.54999,560.72998,548.53003,550.98999,504700
2026-05-28,550.98999,570.26001,547.90002,568.030029,725800
2026-05-29,567.40997,573.5,562.89001,563.53003,1417100
2026-06-01,555.96002,571.88,552.25,566.78998,604400
2026-06-02,560.15997,560.15997,548.92999,550.82001,669100
2026-06-03,549.44,562.15997,547.57001,560.72998,891300
2026-06-04,565.89001,577.48999,555.53003,564.73999,631300
2026-06-05,567.070007,569.059998,560.38,562.15997,459100
2026-06-08,560.22998,566.78003,555.0,561.16998,370500
2026-06-09,563.54999,581.46997,559.080017,578.89001,452300
2026-06-10,574.46997,575.42999,555.85999,556.94,591800
2026-06-11,553.31,567.099976,549.97998,557.90997,612200
2026-06-12,558.44,561.73999,552.22998,560.88,516600
2026-06-15,565.16998,572.099976,565.070007,570.0,556800
2026-06-16,573.28003,574.080017,567.35999,573.0,498700
2026-06-17,567.35999,573.0,543.89001,546.090027,619400
2026-06-18,549.28998,563.84998,546.17999,562.090027,1240800
2026-06-22,555.91998,562.73999,540.98999,545.72998,627600
2026-06-23,548.75,552.25,538.44,541.31,652200
2026-06-24,542.57001,560.91998,539.29999,549.15997,643200
2026-06-25,549.98999,570.84003,545.65997,554.94,628900
2026-06-26,554.090027,561.15002,547.19,551.5,1314400
2026-06-29,551.91998,556.23999,534.65997,535.92999,799300
2026-06-30,535.92999,535.92999,518.54999,526.44,763400
2026-07-01,533.60999,539.089722,528.70502,537.58002,663236
2026-07-02,543.71002,559.90997,538.87,557.79999,813900
2026-07-06,561.40002,567.080017,547.92999,564.97998,631600
2026-07-07,571.96997,577.15002,563.34998,570.25,610400
2026-07-08,562.82001,562.82001,549.41998,555.66998,578500
2026-07-09,552.46997,562.02002,547.38,558.59998,992900
2026-07-10,561.92999,573.02002,559.71997,563.57001,612500
2026-07-13,560.35999,571.54999,557.65002,564.21002,522900
2026-07-14,559.59998,559.59998,536.14001,540.67999,780100
2026-07-15,541.71002,568.48999,538.0,557.02002,953300
2026-07-16,560.90997,581.37,558.14001,576.070007,615400
2026-07-17,570.76001,579.40002,561.15002,567.44,535600
2026-07-20,569.95001,569.95001,561.02002,563.81,407900
2026-07-21,553.01001,562.02002,545.57001,552.46002,429100
2026-07-22,554.62,556.96997,543.01001,545.0,478700
2026-07-23,542.16998,547.60999,534.35999,539.37,459400
2026-07-24,539.46997,547.69,535.84998,544.32001,437400
2026-07-27,550.77002,563.85999,548.0,556.20001,512600
2026-07-28,564.94,578.54999,564.94,569.53998,446200
2026-07-29,567.59003,575.20001,562.21002,569.77002,455000
2026-07-30,561.92999,564.59003,554.21002,558.79999,513100
2026-07-31,553.080017,563.049988,549.33002,559.070007,630800
2026-08-03,569.69,581.54999,560.58002,567.84003,1208600
2026-08-04,602.33002,624.15002,584.26001,588.090027,1561700
2026-08-05,590.21997,604.14001,578.5,584.78003,937100
2026-08-06,585.88,591.79999,574.98999,590.0,644200
2026-08-07,587.73999,600.84003,583.44,586.66998,594800
2026-08-10,581.90002,602.0,579.47998,595.76001,579100
2026-08-11,594.59003,598.89001,586.01001,586.64001,425700
2026-08-12,580.0,584.15002,568.21997,570.58002,513900
2026-08-13,576.33002,577.090027,557.39001,566.92999,511600
2026-08-14,569.14001,569.14001,549.19,550.96002,530300
2026-08-17,556.39001,556.39001,538.20001,546.090027,739400
2026-08-18,553.72998,559.46002,549.75,553.32001,570300
2026-08-19,556.78003,575.56,555.0,562.20001,453600
2026-08-20,562.049988,563.13,543.59998,545.85999,610600
2026-08-21,550.14001,557.65997,544.88,556.92999,485700
2026-08-24,559.21002,562.19,554.22998,559.51001,388900
2026-08-25,555.5,558.059998,549.41998,550.01001,385700
2026-08-26,544.13,555.71002,544.13,553.44,349400
2026-08-27,549.72998,553.10999,542.01001,545.080017,340500
2026-08-28,547.81,556.01001,545.47998,554.98999,341000
2026-08-31,547.67999,561.23999,543.59998,556.69,698400
2026-09-01,555.95001,555.95001,541.53003,545.15997,458300
2026-09-02,546.72998,558.41998,537.31,538.98999,655500
2026-09-03,546.03,550.35,528.11,529.175,54089
