date,open,high,low,close,volume
2006-10-18,40.79,41.049999,40.72,40.97,251700
2006-10-19,40.98,41.18,40.6,41.060001,281600
2006-10-20,41.11,41.14,40.5,41.029999,248900
2006-10-23,41.029999,41.69,40.98,41.67,358000
2006-10-24,42.12,42.26,41.76,41.99,940000
2006-10-25,42.099998,42.18,41.76,42.12,378300
2006-10-26,42.25,42.25,41.67,42.040001,299900
2006-10-27,41.85,42.17,41.61,41.7,431600
2006-10-30,41.6,42.35,41.6,42.17,263800
2006-10-31,42.049999,42.6,41.96,42.48,510200
2006-11-01,42.47,42.7,42.21,42.28,250700
2006-11-02,43.25,45.7,42.8,45.53,1068700
2006-11-03,45.35,46.22,45.0,45.26,1396800
2006-11-06,45.4,46.0,45.21,45.5,1090900
2006-11-07,45.4,45.99,45.3,45.5,719600
2006-11-08,45.43,46.36,45.38,46.12,616200
2006-11-09,46.0,46.19,45.72,45.98,954500
2006-11-10,45.6,46.060001,45.6,46.0,649900
2006-11-13,45.9,46.68,45.78,46.47,688200
2006-11-14,46.49,47.0,45.68,46.080002,925300
2006-11-15,46.07,46.85,46.07,46.3,880000
2006-11-16,46.51,47.099998,46.46,46.84,754600
2006-11-17,46.95,47.099998,46.44,46.79,642000
2006-11-20,46.9,47.14,46.4,46.61,714900
2006-11-21,46.66,46.97,46.44,46.75,696000
2006-11-22,46.85,47.56,46.81,47.32,603100
2006-11-24,47.33,47.76,47.26,47.68,243700
2006-11-27,47.68,47.8,46.78,46.95,594100
2006-11-28,46.8,47.22,46.77,47.0,681000
2006-11-29,47.099998,47.52,46.92,47.49,739400
2006-11-30,47.49,47.49,46.91,47.11,720500
2006-12-01,46.92,47.5,46.92,47.4,859800
2006-12-04,47.55,48.029999,47.46,47.71,1019900
2006-12-05,47.73,48.87,47.68,48.61,861600
2006-12-06,48.57,48.66,47.94,47.97,673000
2006-12-07,48.0,48.52,47.7,48.33,506500
2006-12-08,48.22,48.75,48.21,48.47,510000
2006-12-11,48.47,48.47,47.67,47.92,782500
2006-12-12,47.93,48.13,47.57,48.040001,650400
2006-12-13,48.14,48.55,48.14,48.52,527300
2006-12-14,48.51,48.91,48.4,48.8,371100
2006-12-15,49.0,49.0,48.73,48.97,679600
2006-12-18,48.85,48.99,48.57,48.8,446300
2006-12-19,48.45,49.0099983,48.24,48.98,528700
2006-12-20,48.85,49.07,48.82,49.0,420200
2006-12-21,49.15,49.28,48.52,48.8,505900
2006-12-22,48.9,48.98,48.65,48.89,356900
2006-12-26,48.9,49.27,48.58,49.21,334700
2006-12-27,49.22,49.88,49.19,49.8,453600
2006-12-28,49.8,49.81,49.3,49.3,448000
2006-12-29,49.25,49.48,49.11,49.16,269200
2007-01-03,49.89,49.94,48.64,48.92,1291900
2007-01-04,48.85,48.94,48.12,48.39,665800
2007-01-05,48.39,48.94,48.19,48.78,718700
2007-01-08,48.75,48.91,48.58,48.74,513700
2007-01-09,48.73,49.36,48.6,49.27,476600
2007-01-10,49.080002,49.64,48.93,49.59,361900
2007-01-11,49.75,50.27,49.65,49.8,512300
2007-01-12,49.67,50.15,49.65,49.94,344700
2007-01-16,49.99,50.39,49.85,50.040001,238200
2007-01-17,49.87,50.18,49.56,50.15,320300
2007-01-18,50.3,50.4,49.66,49.79,320300
2007-01-19,49.98,50.27,49.86,50.21,383400
2007-01-22,50.0,50.2,49.5,49.78,310700
2007-01-23,49.63,50.77,49.62,50.77,518700
2007-01-24,50.69,50.91,50.35,50.58,401900
2007-01-25,50.68,51.0,49.9,50.029999,359000
2007-01-26,50.040001,50.25,49.83,50.19,428900
2007-01-29,50.35,50.88,50.23,50.61,719200
2007-01-30,50.0099983,50.0099983,47.27,48.12,2711500
2007-01-31,48.12,48.55,47.75,48.48,1146900
2007-02-01,48.6,49.24,48.48,49.23,803500
2007-02-02,49.45,49.45,49.0099983,49.17,613000
2007-02-05,49.18,49.21,48.76,48.93,532400
2007-02-06,49.099998,49.34,48.84,49.24,636300
2007-02-07,49.34,49.37,48.69,48.75,467100
2007-02-08,48.75,48.75,47.88,48.24,848600
2007-02-09,48.38,49.029999,48.38,48.65,646800
2007-02-12,48.6,48.86,48.43,48.45,453000
2007-02-13,48.63,49.0,48.55,48.92,478400
2007-02-14,48.99,49.46,48.47,48.58,729700
2007-02-15,48.67,48.98,48.45,48.89,445300
2007-02-16,48.76,48.94,48.55,48.76,374400
2007-02-20,48.77,49.099998,48.47,49.0,317500
2007-02-21,48.99,49.099998,48.81,48.97,403500
2007-02-22,49.0,49.15,48.51,48.68,347200
2007-02-23,48.7,48.7,48.13,48.23,399800
2007-02-26,48.31,48.77,48.14,48.23,376500
2007-02-27,48.0,48.0,46.29,46.83,584700
2007-02-28,46.8,47.16,46.3,46.8,478300
2007-03-01,46.23,47.18,45.71,46.84,641900
2007-03-02,46.85,46.91,46.02,46.029999,470500
2007-03-05,45.93,46.46,45.78,46.0,446300
2007-03-06,46.25,46.92,46.21,46.65,441200
2007-03-07,46.45,46.94,46.34,46.35,419500
2007-03-08,46.39,46.99,46.39,46.66,420500
2007-03-09,46.75,46.9,46.54,46.72,430600
2007-03-12,46.52,47.029999,46.52,46.9,355500
2007-03-13,46.82,46.96,46.2,46.22,593700
2007-03-14,46.23,46.65,45.77,46.45,618300
2007-03-15,46.33,47.080002,46.33,46.67,527200
2007-03-16,46.73,46.84,46.14,46.22,606600
2007-03-19,45.88,46.35,45.88,46.080002,999500
2007-03-20,46.13,46.9,45.91,46.81,1028200
2007-03-21,46.91,47.7,46.67,47.55,601200
2007-03-22,47.56,47.96,47.49,47.91,595900
2007-03-23,47.96,48.26,47.67,47.92,425700
2007-03-26,47.8,48.16,47.38,48.0099983,444500
2007-03-27,48.0099983,48.0099983,47.46,47.7,403700
2007-03-28,47.7,47.74,47.11,47.26,504100
2007-03-29,47.4,47.71,46.87,47.18,427000
2007-03-30,47.29,47.71,46.77,47.22,491300
2007-04-02,47.07,47.27,46.95,47.14,333000
2007-04-03,47.25,47.91,47.19,47.8,338000
2007-04-04,47.81,48.029999,47.62,47.71,261000
2007-04-05,47.7,47.76,47.43,47.61,171900
2007-04-09,47.61,48.11,47.61,47.93,225700
2007-04-10,47.98,48.040001,47.73,47.77,154300
2007-04-11,47.59,47.65,47.21,47.32,264400
2007-04-12,47.35,47.94,47.19,47.94,313300
2007-04-13,47.94,48.060001,47.6,47.67,224400
2007-04-16,47.8,48.33,47.66,48.33,259600
2007-04-17,48.39,48.63,48.11,48.29,201100
2007-04-18,48.29,48.33,47.85,48.07,268200
2007-04-19,47.85,48.15,47.57,48.02,226000
2007-04-20,48.25,48.56,48.049999,48.44,361600
2007-04-23,49.0,49.0,48.28,48.48,361900
2007-04-24,48.4,48.6,47.88,48.14,317400
2007-04-25,48.2,49.45,48.18,49.36,578700
2007-04-26,49.31,49.36,48.66,48.95,394000
2007-04-27,48.91,48.91,48.37,48.65,665800
2007-04-30,48.78,49.15,48.6,48.67,436900
2007-05-01,48.6,48.84,48.16,48.3,476200
2007-05-02,48.38,48.84,48.33,48.5,742600
2007-05-03,50.48,52.88,50.17,52.75,2622300
2007-05-04,52.99,52.99,51.53,51.86,922000
2007-05-07,51.82,52.63,51.82,52.07,618700
2007-05-08,52.080002,52.19,51.57,51.78,553200
2007-05-09,51.75,52.02,51.32,51.73,611500
2007-05-10,51.68,51.76,50.94,51.07,489900
2007-05-11,50.84,51.24,50.71,51.029999,490500
2007-05-14,51.029999,51.28,50.63,50.89,376700
2007-05-15,50.88,51.57,50.77,51.22,549500
2007-05-16,51.3,51.53,50.85,50.92,404800
2007-05-17,50.8,51.19,50.77,51.0,357200
2007-05-18,51.28,51.44,50.81,50.97,349300
2007-05-21,51.029999,51.79,50.99,51.75,559200
2007-05-22,51.45,51.93,51.42,51.92,640600
2007-05-23,51.92,52.35,51.47,51.54,323900
2007-05-24,51.6,51.83,50.21,50.26,553200
2007-05-25,50.46,51.73,50.45,51.43,498000
2007-05-29,51.43,51.74,51.0099983,51.080002,341900
2007-05-30,51.09,51.27,50.85,51.099998,527200
2007-05-31,51.099998,51.59,50.88,51.33,532100
2007-06-01,51.41,51.69,51.27,51.45,455700
2007-06-04,51.41,51.54,50.99,51.34,317800
2007-06-05,51.25,51.72,51.07,51.43,342300
2007-06-06,51.33,51.35,50.7,50.7,311000
2007-06-07,50.61,50.68,49.65,49.65,540900
2007-06-08,50.0,50.43,49.47,50.42,592600
2007-06-11,50.43,50.8,50.24,50.68,382200
2007-06-12,50.45,51.040001,50.35,50.64,739100
2007-06-13,50.7,51.95,50.56,51.95,827300
2007-06-14,52.34,52.48,51.72,52.12,485600
2007-06-15,52.4,52.49,51.71,51.77,572200
2007-06-18,51.85,52.15,51.74,52.049999,413800
2007-06-19,51.85,52.12,51.6,52.12,310200
2007-06-20,52.2,52.22,51.27,51.27,505900
2007-06-21,51.19,51.49,50.62,51.43,475400
2007-06-22,51.42,51.42,50.57,50.77,712900
2007-06-25,50.72,51.29,50.4,50.5,700900
2007-06-26,50.87,51.13,50.69,50.91,576100
2007-06-27,50.66,51.79,50.29,51.69,920200
2007-06-28,51.69,52.63,51.37,52.24,805300
2007-06-29,52.22,52.98,51.9,52.14,761200
2007-07-02,52.5,52.94,52.42,52.87,384900
2007-07-03,52.88,53.040001,52.68,53.0099983,272300
2007-07-05,53.0,53.049999,52.47,52.51,569800
2007-07-06,52.52,52.91,52.35,52.56,557500
2007-07-09,52.56,52.81,52.22,52.54,393800
2007-07-10,52.15,52.74,51.79,51.95,740600
2007-07-11,51.99,52.69,51.98,52.47,387500
2007-07-12,52.75,53.89,52.47,53.89,641800
2007-07-13,53.9,54.09,53.6,53.93,375300
2007-07-16,53.8,53.89,53.12,53.22,372200
2007-07-17,53.35,53.55,52.83,52.83,465500
2007-07-18,52.8,52.86,52.099998,52.61,543400
2007-07-19,52.74,53.23,52.51,53.2,350200
2007-07-20,53.19,53.26,51.81,51.84,669400
2007-07-23,52.07,52.34,51.9,52.09,338000
2007-07-24,51.92,52.23,50.83,50.88,451000
2007-07-25,51.0,51.0,49.6,50.07,745500
2007-07-26,50.24,50.72,49.67,50.35,1289700
2007-07-27,50.35,50.45,48.85,48.85,1056100
2007-07-30,48.85,49.43,48.64,49.37,807800
2007-07-31,50.75,51.32,50.11,50.11,1028900
2007-08-01,50.11,51.85,49.94,51.72,1213300
2007-08-02,51.8,52.099998,51.35,51.64,750300
2007-08-03,51.74,51.92,49.83,49.83,1010400
2007-08-06,50.2,50.83,49.31,50.68,1074100
2007-08-07,50.52,51.099998,46.89,47.45,1784100
2007-08-08,47.46,51.029999,47.45,50.78,1712700
2007-08-09,50.78,52.32,49.33,49.34,1622900
2007-08-10,49.060001,50.47,48.27,49.2,1031200
2007-08-13,49.85,50.18,49.26,49.93,598600
2007-08-14,50.07,50.27,49.59,49.59,675400
2007-08-15,49.7,50.29,48.5,48.58,646700
2007-08-16,48.83,49.55,47.049999,49.44,1171900
2007-08-17,50.5,50.83,48.63,48.88,736500
2007-08-20,48.89,49.18,47.87,48.59,707000
2007-08-21,47.55,48.97,47.26,48.67,612200
2007-08-22,48.89,49.98,48.76,49.81,379700
2007-08-23,50.14,50.4,49.6,50.23,434000
2007-08-24,50.11,50.18,49.58,50.099998,353300
2007-08-27,49.9,50.18,49.31,49.54,292400
2007-08-28,49.35,49.38,48.3,48.34,421500
2007-08-29,48.48,50.0099983,48.33,50.0,394800
2007-08-30,49.77,50.47,49.59,49.82,352100
2007-08-31,50.099998,50.71,49.84,50.23,357500
2007-09-04,50.44,50.58,49.92,50.28,307100
2007-09-05,49.9,50.34,49.59,50.099998,402800
2007-09-06,50.19,50.59,49.99,50.2,319700
2007-09-07,49.85,49.86,48.71,48.74,654600
2007-09-10,48.87,48.95,47.96,48.6,533800
2007-09-11,48.87,49.58,48.62,48.94,677600
2007-09-12,49.14,49.59,48.55,48.94,640600
2007-09-13,49.11,49.28,47.73,48.35,1119800
2007-09-14,48.099998,48.99,47.9,48.67,600900
2007-09-17,48.9,50.4,48.62,49.9,1066700
2007-09-18,49.96,51.37,49.72,51.37,957300
2007-09-19,51.48,52.72,51.47,52.46,1018600
2007-09-20,52.76,52.91,52.099998,52.64,921000
2007-09-21,53.23,53.24,52.099998,52.3,2339800
2007-09-24,52.18,52.91,51.97,52.36,787800
2007-09-25,52.31,52.56,51.55,51.72,985400
2007-09-26,51.89,52.81,51.8,52.68,701900
2007-09-27,52.74,53.32,52.71,53.14,638900
2007-09-28,52.85,53.11,52.39,52.86,554800
2007-10-01,52.86,53.91,52.83,53.74,568400
2007-10-02,53.85,53.9,53.19,53.42,459100
2007-10-03,53.17,53.31,52.64,52.76,500700
2007-10-04,52.92,53.46,52.56,53.37,467100
2007-10-05,54.75,54.75,53.24,53.87,558900
2007-10-08,54.11,54.11,53.52,53.77,321100
2007-10-09,54.0099983,54.38,53.7,54.2,474800
2007-10-10,54.42,54.42,53.049999,53.19,1135300
2007-10-11,53.060001,53.78,52.5,52.67,561700
2007-10-12,52.8,53.12,52.71,53.0099983,412600
2007-10-15,52.73,53.32,51.7,51.96,763800
2007-10-16,52.19,52.19,51.33,51.74,708200
2007-10-17,51.97,52.21,51.47,51.73,674000
2007-10-18,51.59,52.36,51.28,51.96,450100
2007-10-19,51.92,52.22,50.99,51.0099983,781300
2007-10-22,50.77,51.28,50.2,51.09,870900
2007-10-23,50.86,51.68,50.86,51.47,474400
2007-10-24,51.42,51.98,50.6,51.81,813900
2007-10-25,51.92,51.92,51.16,51.38,737000
2007-10-26,51.83,52.49,51.5,52.02,575200
2007-10-29,52.060001,52.48,51.86,52.23,373000
2007-10-30,52.45,53.099998,51.84,51.88,665400
2007-10-31,53.73,53.73,50.73,52.21,1437200
2007-11-01,51.6,52.080002,50.27,51.049999,943600
2007-11-02,51.42,51.87,50.79,51.4,792200
2007-11-05,51.29,51.29,50.5,50.88,654200
2007-11-06,50.89,51.82,50.87,51.57,644700
2007-11-07,51.17,51.45,50.49,50.49,1049200
2007-11-08,50.65,50.65,48.95,50.07,2305000
2007-11-09,49.31,50.24,49.2,49.5,827900
2007-11-12,49.16,49.8,48.89,49.26,921400
2007-11-13,49.57,49.95,49.23,49.8,709800
2007-11-14,50.049999,50.29,49.46,49.71,628900
2007-11-15,49.57,49.85,48.67,49.2,800100
2007-11-16,49.34,49.51,48.46,48.84,930200
2007-11-19,48.73,48.81,47.76,47.81,1210100
2007-11-20,47.95,48.43,47.47,48.13,874300
2007-11-21,47.64,48.2,47.25,47.74,1064200
2007-11-23,47.78,48.39,47.63,48.28,296000
2007-11-26,47.92,49.46,47.87,47.87,913700
2007-11-27,48.02,49.12,47.92,48.7,1076600
2007-11-28,49.0,49.7,48.75,49.58,968000
2007-11-29,49.62,50.11,49.33,49.43,747200
2007-11-30,50.34,50.34,49.39,50.14,808200
2007-12-03,50.15,50.15,49.51,49.51,719000
2007-12-04,48.96,49.73,48.96,49.17,584500
2007-12-05,49.63,49.83,48.46,48.87,1108300
2007-12-06,48.87,49.51,48.87,49.5,608700
2007-12-07,49.67,49.93,49.5,49.77,510900
2007-12-10,49.77,50.060001,49.64,49.96,403400
2007-12-11,49.83,49.99,48.75,48.77,802600
2007-12-12,49.77,49.77,48.41,49.060001,863400
2007-12-13,48.75,49.099998,48.49,49.0099983,659000
2007-12-14,48.66,48.79,48.34,48.43,606600
2007-12-17,48.23,48.23,47.32,47.33,692200
2007-12-18,47.58,48.040001,47.58,47.82,876300
2007-12-19,47.92,47.92,47.11,47.32,533400
2007-12-20,47.39,47.7,47.17,47.7,528700
2007-12-21,48.12,48.52,47.98,48.27,572200
2007-12-24,48.060001,48.88,48.060001,48.62,169600
2007-12-26,48.47,48.66,48.21,48.47,315500
2007-12-27,48.29,48.69,48.2,48.35,474500
2007-12-28,48.55,48.66,48.15,48.23,452800
2007-12-31,47.99,48.43,47.96,48.13,473600
2008-01-02,48.0,48.0099983,46.97,47.2,673200
2008-01-03,47.26,47.46,46.6,46.75,817500
2008-01-04,46.51,46.6,45.86,46.09,772100
2008-01-07,46.2,46.49,45.56,46.43,978500
2008-01-08,46.53,46.9,45.39,45.39,684000
2008-01-09,45.35,45.56,44.56,45.54,766400
2008-01-10,45.26,45.97,44.99,45.66,914500
2008-01-11,45.57,46.07,45.24,45.72,776400
2008-01-14,46.16,46.16,45.55,45.95,565700
2008-01-15,45.69,45.91,44.63,44.63,874800
2008-01-16,44.4,44.94,44.13,44.32,906500
2008-01-17,44.5,44.55,43.080002,43.11,1042000
2008-01-18,43.26,43.9,42.48,42.81,1165400
2008-01-22,41.0099983,43.46,41.0099983,42.97,975800
2008-01-23,41.9,44.31,41.61,44.23,1346500
2008-01-24,44.060001,44.34,42.69,43.029999,1480400
2008-01-25,43.14,43.46,42.74,42.97,1202200
2008-01-28,42.94,43.48,42.56,43.44,1114900
2008-01-29,43.73,43.96,43.19,43.5,1076700
2008-01-30,43.23,43.23,39.13,39.48,3346300
2008-01-31,38.95,43.060001,38.88,42.55,3735400
2008-02-01,42.19,42.93,41.96,42.68,1467000
2008-02-04,42.64,42.85,42.45,42.57,833400
2008-02-05,42.18,42.69,41.98,41.98,1115300
2008-02-06,42.15,42.8,41.83,42.37,1209300
2008-02-07,42.45,42.78,41.99,42.47,982300
2008-02-08,42.31,42.8,41.96,42.24,700200
2008-02-11,42.14,42.65,41.89,42.44,650600
2008-02-12,42.61,43.13,42.29,42.95,887300
2008-02-13,42.099998,43.47,42.099998,43.14,675900
2008-02-14,43.09,43.44,42.62,42.74,611900
2008-02-15,42.74,42.87,42.02,42.85,485500
2008-02-19,43.23,43.47,42.46,42.79,710600
2008-02-20,42.78,43.25,42.0,43.2,789600
2008-02-21,43.54,43.54,42.63,42.76,669500
2008-02-22,43.0,43.029999,42.029999,42.87,596700
2008-02-25,43.060001,43.37,42.31,43.37,569600
2008-02-26,43.24,43.85,42.9,43.58,661600
2008-02-27,43.41,44.93,43.41,44.64,939100
2008-02-28,44.19,44.58,43.9,44.37,829300
2008-02-29,43.79,44.24,42.94,43.13,1138100
2008-03-03,42.97,43.58,42.66,43.21,632900
2008-03-04,42.9,43.0099983,41.8,42.17,1013600
2008-03-05,42.32,43.13,42.3,42.99,819600
2008-03-06,42.86,42.87,42.060001,42.14,767500
2008-03-07,41.88,42.33,41.28,41.49,745400
2008-03-10,41.31,41.35,40.47,40.65,859800
2008-03-11,41.74,42.35,41.19,42.35,733100
2008-03-12,42.28,42.81,42.060001,42.22,467300
2008-03-13,42.11,42.85,41.59,42.55,614400
2008-03-14,43.029999,43.060001,41.4,42.080002,892600
2008-03-17,41.7,42.45,41.2,41.87,871700
2008-03-18,42.09,44.2,40.86,43.16,848400
2008-03-19,43.64,44.07,42.13,42.13,820500
2008-03-20,42.33,42.6,41.54,42.45,882500
2008-03-24,42.57,43.62,42.46,43.049999,535800
2008-03-25,43.46,43.47,42.79,43.26,566700
2008-03-26,43.07,43.4,42.8,43.0,446600
2008-03-27,43.2,43.73,42.49,43.099998,627600
2008-03-28,43.55,44.13,43.37,43.64,676300
2008-03-31,43.87,44.060001,43.44,44.049999,716900
2008-04-01,44.64,44.87,43.83,44.84,740500
2008-04-02,45.07,45.56,44.92,45.16,649900
2008-04-03,45.0,45.57,44.8,45.29,593200
2008-04-04,45.34,45.76,45.049999,45.5,470700
2008-04-07,45.62,45.81,44.88,45.0099983,662700
2008-04-08,44.84,45.38,44.53,45.25,810300
2008-04-09,45.38,45.74,44.88,45.14,424500
2008-04-10,44.98,45.2,44.64,45.029999,557200
2008-04-11,44.51,44.95,44.13,44.24,625200
2008-04-14,44.27,44.81,44.23,44.44,370200
2008-04-15,44.53,44.88,44.17,44.5,344600
2008-04-16,44.95,46.12,44.74,46.099998,523900
2008-04-17,44.86,45.25,43.94,44.65,1063000
2008-04-18,45.049999,45.94,43.9,45.75,788000
2008-04-21,45.77,46.0099983,45.44,45.77,458600
2008-04-22,45.74,45.74,45.02,45.38,546400
2008-04-23,45.38,45.87,45.21,45.46,531100
2008-04-24,45.65,45.79,44.79,45.42,532200
2008-04-25,45.58,46.42,45.5,46.37,479200
2008-04-28,46.56,46.66,46.21,46.44,708900
2008-04-29,46.38,46.45,45.68,46.040001,546200
2008-04-30,46.23,46.44,45.57,45.61,682300
2008-05-01,45.3,45.4,41.83,42.14,2567000
2008-05-02,42.54,42.86,41.93,42.72,1033000
2008-05-05,42.44,42.67,41.9,42.32,822600
2008-05-06,42.0,42.29,41.67,42.19,743300
2008-05-07,42.35,42.91,42.13,42.25,923700
2008-05-08,42.09,42.65,42.09,42.53,731100
2008-05-09,42.040001,42.4,41.58,42.26,1019900
2008-05-12,42.41,42.72,41.93,42.5,916400
2008-05-13,42.63,42.63,41.63,41.96,676700
2008-05-14,42.26,42.96,41.96,42.36,750700
2008-05-15,42.22,42.52,41.74,42.2,887300
2008-05-16,42.080002,42.18,41.73,42.099998,787600
2008-05-19,41.89,42.33,41.85,41.96,749300
2008-05-20,41.87,42.13,41.56,42.13,521500
2008-05-21,42.13,42.27,41.09,41.23,528300
2008-05-22,41.07,41.38,40.85,41.0099983,810400
2008-05-23,41.0,41.0,40.24,40.47,455900
2008-05-27,40.52,40.9,40.43,40.78,495300
2008-05-28,40.92,41.41,40.71,41.32,435100
2008-05-29,41.32,41.78,40.92,41.52,473900
2008-05-30,41.53,42.11,41.5,41.96,879800
2008-06-02,41.87,42.0099983,41.45,41.66,605400
2008-06-03,41.75,42.12,41.27,41.64,549400
2008-06-04,41.54,42.45,41.54,42.040001,455400
2008-06-05,42.3,42.97,42.24,42.89,624500
2008-06-06,42.31,42.77,41.73,41.73,633100
2008-06-09,41.87,42.099998,41.51,41.72,541800
2008-06-10,41.38,41.63,40.82,41.41,502600
2008-06-11,41.22,41.72,40.72,40.72,435900
2008-06-12,40.99,41.4,40.77,41.060001,318600
2008-06-13,41.44,41.84,41.13,41.19,588900
2008-06-16,40.84,41.47,39.7,41.15,373100
2008-06-17,41.54,41.54,40.76,40.83,425900
2008-06-18,40.58,40.92,40.19,40.37,366800
2008-06-19,40.69,40.97,40.19,40.52,633300
2008-06-20,40.4,40.6,40.040001,40.21,571700
2008-06-23,40.25,40.9,40.07,40.75,467800
2008-06-24,40.43,40.64,39.49,39.79,1009200
2008-06-25,39.83,41.07,39.8,40.76,1281900
2008-06-26,40.55,40.6,39.95,40.13,811100
2008-06-27,40.2,40.42,39.48,39.71,840700
2008-06-30,39.73,39.88,38.96,39.060001,1008000
2008-07-01,38.67,39.38,38.46,39.28,855400
2008-07-02,39.11,39.44,38.27,38.27,729700
2008-07-03,38.27,39.65,38.17,39.63,583500
2008-07-07,39.52,39.77,38.95,39.33,1054400
2008-07-08,39.33,39.88,39.11,39.78,884900
2008-07-09,39.88,40.23,39.24,39.24,763800
2008-07-10,39.14,39.91,39.09,39.58,677100
2008-07-11,39.27,40.060001,38.88,39.73,579100
2008-07-14,39.83,40.25,39.49,39.82,651400
2008-07-15,39.8,40.54,38.94,40.02,766600
2008-07-16,40.14,40.88,39.63,40.84,786300
2008-07-17,41.099998,41.54,40.62,41.4,773600
2008-07-18,41.49,41.89,41.0,41.31,594800
2008-07-21,41.54,41.65,41.02,41.56,484600
2008-07-22,40.36,41.22,40.11,41.12,1237000
2008-07-23,40.95,41.049999,40.14,40.19,845600
2008-07-24,40.27,40.29,39.43,39.43,806500
2008-07-25,39.62,40.040001,39.33,39.72,635800
2008-07-28,39.74,40.07,38.5,39.33,580700
2008-07-29,39.4,40.12,39.31,39.97,486300
2008-07-30,39.86,41.42,39.81,40.93,802000
2008-07-31,40.79,41.029999,38.0,40.22,1327400
2008-08-01,40.16,40.16,39.5,39.7,710600
2008-08-04,39.4,39.7,38.61,38.75,637400
2008-08-05,38.61,39.24,38.61,39.07,858600
2008-08-06,38.87,39.62,38.71,39.44,632200
2008-08-07,39.15,39.27,38.66,38.67,545800
2008-08-08,38.65,39.93,38.5,39.88,618200
2008-08-11,39.9,40.75,39.47,40.63,681200
2008-08-12,40.63,41.96,40.63,41.58,787500
2008-08-13,41.56,41.97,41.02,41.62,587100
2008-08-14,41.63,41.86,41.080002,41.75,545500
2008-08-15,41.85,42.33,41.76,42.07,443300
2008-08-18,42.099998,42.77,41.64,41.76,598100
2008-08-19,41.87,41.87,40.95,41.060001,447800
2008-08-20,40.95,41.099998,40.55,40.96,438300
2008-08-21,40.56,41.099998,40.56,40.9,305100
2008-08-22,41.25,41.53,40.86,41.23,281500
2008-08-25,41.21,41.21,40.14,40.65,407100
2008-08-26,40.73,40.93,40.43,40.87,315800
2008-08-27,40.61,40.91,40.12,40.53,745900
2008-08-28,40.81,41.029999,40.53,41.0099983,880300
2008-08-29,40.66,40.94,39.99,40.21,1060200
2008-09-02,40.37,41.13,39.82,39.97,880100
2008-09-03,40.35,41.15,40.0,41.07,815300
2008-09-04,40.89,40.89,39.79,39.88,676500
2008-09-05,39.44,40.35,39.25,40.22,610300
2008-09-08,40.88,41.58,40.88,41.43,714700
2008-09-09,41.12,42.17,41.12,41.27,1187400
2008-09-10,41.5,42.0,40.96,41.2,1056500
2008-09-11,40.69,41.8,40.69,41.75,618300
2008-09-12,41.63,42.18,41.29,42.080002,654300
2008-09-15,41.31,42.54,41.0,41.33,737500
2008-09-16,40.84,41.94,40.19,41.82,978700
2008-09-17,41.18,41.92,40.69,40.82,897700
2008-09-18,41.35,43.4,40.029999,43.029999,1049600
2008-09-19,44.53,45.21,41.39,44.47,1063000
2008-09-22,44.35,44.55,42.79,42.89,672900
2008-09-23,43.0,43.69,42.18,42.42,653700
2008-09-24,42.43,42.74,41.92,42.12,544100
2008-09-25,42.42,42.82,42.3,42.57,610100
2008-09-26,42.45,42.5,41.53,41.99,624500
2008-09-29,41.37,41.4,38.41,39.0,1338200
2008-09-30,39.84,39.84,38.51,39.46,694000
2008-10-01,39.23,39.87,38.63,39.029999,1033200
2008-10-02,39.0099983,39.040001,38.19,38.37,1186900
2008-10-03,38.85,39.15,37.14,37.85,1316800
2008-10-06,37.029999,39.43,35.91,38.9,1846900
2008-10-07,39.14,39.49,37.62,37.76,1562000
2008-10-08,37.07,40.18,36.72,37.87,1376900
2008-10-09,38.049999,38.63,36.040001,36.040001,1908400
2008-10-10,35.37,37.26,33.56,35.65,1265000
2008-10-13,36.65,39.33,36.45,39.33,299300
2008-10-14,41.99,41.99,36.71,37.33,1215400
2008-10-15,36.84,37.4,35.040001,35.060001,1532500
2008-10-16,35.0099983,37.28,33.0,37.24,1666500
2008-10-17,36.53,37.83,35.56,36.040001,834100
2008-10-20,35.67,37.0,35.67,36.96,1285600
2008-10-21,36.4,37.27,35.76,35.9,625800
2008-10-22,34.62,35.74,32.92,33.79,1076500
2008-10-23,33.57,33.98,31.29,32.54,1616600
2008-10-24,30.66,32.72,30.66,31.95,960700
2008-10-27,31.51,32.54,30.51,30.52,661000
2008-10-28,31.35,33.85,30.48,33.8,967900
2008-10-29,33.92,34.84,33.23,33.97,1155300
2008-10-30,34.7,34.8,30.52,31.61,1749000
2008-10-31,31.45,32.11,30.95,31.88,1461700
2008-11-03,31.94,32.53,31.71,32.41,703800
2008-11-04,32.75,33.11,32.07,32.5,897200
2008-11-05,32.13,32.49,31.1,31.17,772500
2008-11-06,30.6,31.59,28.73,28.76,1288600
2008-11-07,28.84,29.65,28.63,29.55,654200
2008-11-10,30.16,30.74,29.08,29.59,653200
2008-11-11,29.63,29.63,28.13,28.48,637300
2008-11-12,28.030001,28.33,27.57,27.78,908500
2008-11-13,27.9,29.46,27.0,29.46,1124500
2008-11-14,28.83,29.48,27.85,27.86,787500
2008-11-17,27.48,28.62,27.4,28.030001,1048800
2008-11-18,28.0,28.73,27.07,27.66,746600
2008-11-19,27.67,28.19,26.17,26.17,678800
2008-11-20,25.87,27.16,24.72,24.9,1469100
2008-11-21,24.75,27.39,24.75,27.27,1569300
2008-11-24,27.67,29.36,27.5,28.65,1196700
2008-11-25,29.6,30.32,28.46,29.52,840400
2008-11-26,28.91,30.51,28.58,30.49,563000
2008-11-28,30.11,30.62,30.01,30.54,308900
2008-12-01,30.01,30.55,28.19,28.29,1049200
2008-12-02,28.78,29.08,28.2,29.040001,775800
2008-12-03,28.53,29.51,28.52,29.47,709400
2008-12-04,28.96,29.51,28.08,28.47,617200
2008-12-05,28.47,29.74,27.3,29.65,815000
2008-12-08,30.41,31.19,29.98,31.0,825300
2008-12-09,30.76,31.32,30.07,30.3,643600
2008-12-10,30.59,31.18,30.28,30.81,690000
2008-12-11,30.15,31.08,29.030001,29.22,799900
2008-12-12,28.88,30.32,28.58,30.09,784300
2008-12-15,30.1,30.25,29.31,29.53,816500
2008-12-16,30.31,30.58,29.68,30.47,1093900
2008-12-17,30.16,30.28,29.41,29.66,868800
2008-12-18,29.88,30.07,29.040001,29.34,773100
2008-12-19,29.41,29.86,29.07,29.2,814700
2008-12-22,29.059999,29.2,27.74,28.39,811100
2008-12-23,28.96,28.96,27.76,27.88,844800
2008-12-24,27.84,28.040001,27.27,27.78,378800
2008-12-26,27.95,28.14,27.65,28.09,297400
2008-12-29,27.99,28.0,27.42,27.73,477200
2008-12-30,28.07,28.78,27.79,28.74,782800
2008-12-31,28.72,29.87,28.72,29.72,474600
2009-01-02,30.19,30.6,29.44,30.6,554900
2009-01-05,30.33,30.55,29.97,30.36,571900
2009-01-06,30.79,30.92,30.2,30.51,499200
2009-01-07,30.16,30.21,29.38,29.52,622200
2009-01-08,29.33,30.0,29.26,30.0,681300
2009-01-09,29.98,30.18,29.16,29.17,750800
2009-01-12,29.02,29.07,28.51,28.78,616900
2009-01-13,28.71,29.09,28.6,28.88,489800
2009-01-14,28.33,28.65,27.81,28.01,658500
2009-01-15,28.040001,28.68,27.56,28.55,723100
2009-01-16,28.89,29.07,27.24,27.94,2120800
2009-01-20,27.96,28.36,27.29,27.65,2989400
2009-01-21,27.8,28.52,27.28,28.49,1152300
2009-01-22,28.26,28.67,27.73,28.32,1020300
2009-01-23,27.75,28.79,27.55,28.32,838800
2009-01-26,28.51,28.98,28.17,28.4,501600
2009-01-27,28.54,29.059999,28.48,28.89,433600
2009-01-28,29.15,29.55,29.059999,29.45,633700
2009-01-29,29.12,29.64,29.0,29.38,746600
2009-01-30,29.25,29.7,28.47,28.62,821900
2009-02-02,28.24,28.94,28.12,28.24,863300
2009-02-03,28.44,28.49,27.53,27.76,1281300
2009-02-04,27.97,28.28,27.63,27.86,1225700
2009-02-05,29.63,32.86,27.5,32.35,3880500
2009-02-06,31.57,31.93,30.59,30.84,1850700
2009-02-09,30.83,31.07,30.22,30.61,952500
2009-02-10,30.5,31.19,29.49,29.7,1170500
2009-02-11,29.94,30.45,29.23,29.39,839200
2009-02-12,29.030001,29.42,28.31,29.33,793400
2009-02-13,29.24,29.8,29.13,29.19,564600
2009-02-17,28.030001,28.93,27.81,28.45,943500
2009-02-18,28.57,28.67,27.62,27.95,920800
2009-02-19,28.15,28.43,27.31,27.46,787000
2009-02-20,27.11,27.74,26.85,27.26,1340300
2009-02-23,27.59,27.59,26.15,26.22,853100
2009-02-24,26.35,26.81,25.8,26.57,762500
2009-02-25,26.45,26.74,26.15,26.29,887000
2009-02-26,26.3,27.44,26.3,26.59,1032900
2009-02-27,26.18,26.94,26.1,26.31,787600
2009-03-02,25.84,26.27,25.35,25.4,787700
2009-03-03,25.87,26.36,25.49,25.84,1434100
2009-03-04,26.51,26.67,25.6,26.23,1197600
2009-03-05,26.1,26.1,25.01,25.3,1077100
2009-03-06,25.49,25.94,24.96,25.58,1067000
2009-03-09,26.36,27.12,25.72,26.64,1408000
2009-03-10,26.38,28.0,26.12,27.98,1216000
2009-03-11,27.21,27.46,25.87,27.19,1609000
2009-03-12,26.93,28.12,26.85,28.08,832800
2009-03-13,28.059999,28.4,27.68,28.32,672500
2009-03-16,28.5,28.99,28.36,28.44,534200
2009-03-17,28.62,29.0,28.21,29.0,498400
2009-03-18,28.77,29.24,28.01,29.1,651600
2009-03-19,29.3,29.7,29.049999,29.2,666400
2009-03-20,29.31,29.5,28.52,28.65,647200
2009-03-23,29.14,30.66,29.049999,30.66,641000
2009-03-24,30.4,30.93,30.16,30.48,542400
2009-03-25,30.63,31.42,30.2,31.0,684800
2009-03-26,31.31,31.81,31.12,31.69,599600
2009-03-27,31.11,31.34,30.56,30.86,573500
2009-03-30,30.17,30.48,29.59,30.12,559900
2009-03-31,30.3,30.87,29.96,30.46,560400
2009-04-01,29.86,31.14,29.54,31.02,613700
2009-04-02,31.79,32.72,31.51,32.17,603700
2009-04-03,32.13,32.52,31.79,32.35,699600
2009-04-06,31.94,32.26,31.77,32.13,720600
2009-04-07,31.6,31.91,31.28,31.37,528700
2009-04-08,31.43,32.07,31.17,31.95,420600
2009-04-09,32.9,32.9,32.43,32.84,456100
2009-04-13,32.65,32.97,32.22,32.78,286300
2009-04-14,32.5,32.62,31.88,32.099998,450800
2009-04-15,31.81,32.65,31.49,32.53,511100
2009-04-16,32.64,32.94,32.09,32.78,610100
2009-04-17,32.88,32.93,32.21,32.4,908900
2009-04-20,32.0,32.42,31.14,31.22,804400
2009-04-21,30.69,31.77,30.69,31.66,756700
2009-04-22,31.48,32.59,31.16,31.82,620800
2009-04-23,31.6,31.91,31.19,31.68,693600
2009-04-24,31.82,33.19,31.68,33.0099983,957300
2009-04-27,32.28,33.060001,32.19,32.33,646200
2009-04-28,31.95,32.47,31.79,32.099998,691400
2009-04-29,32.36,33.049999,32.36,32.55,986200
2009-04-30,32.81,33.18,30.61,31.2,1616000
2009-05-01,31.34,31.34,29.49,29.84,1422800
2009-05-04,30.08,30.57,29.57,30.57,972500
2009-05-05,30.51,30.6,29.95,30.21,717200
2009-05-06,30.33,30.58,29.78,30.09,640500
2009-05-07,30.94,31.5,30.02,30.14,1069000
2009-05-08,30.2,31.049999,30.19,30.97,857500
2009-05-11,30.62,30.85,30.12,30.48,629700
2009-05-12,30.67,31.049999,30.43,30.87,551600
2009-05-13,30.51,30.54,29.9,29.91,772100
2009-05-14,29.96,30.39,29.77,30.15,481800
2009-05-15,30.059999,30.71,29.8,30.0,615700
2009-05-18,30.28,30.98,30.21,30.85,761600
2009-05-19,30.81,30.97,30.58,30.68,751800
2009-05-20,30.87,31.5,30.65,30.95,981200
2009-05-21,30.66,30.66,30.01,30.42,600800
2009-05-22,30.52,30.89,30.41,30.65,370300
2009-05-26,30.39,31.46,30.2,31.3,597700
2009-05-27,31.17,31.37,30.48,30.48,644600
2009-05-28,30.55,31.17,30.18,31.040001,760900
2009-05-29,31.26,31.9,30.88,31.9,1148500
2009-06-01,32.24,33.17,32.24,32.98,658500
2009-06-02,32.84,33.66,32.62,33.51,939200
2009-06-03,33.26,33.4,32.29,32.69,580000
2009-06-04,32.94,33.049999,32.5,32.97,412100
2009-06-05,33.45,33.45,32.68,33.25,714500
2009-06-08,32.96,33.11,32.42,32.83,407400
2009-06-09,32.73,33.07,32.46,32.96,889200
2009-06-10,33.23,33.38,32.5,32.84,675200
2009-06-11,33.0,33.52,32.99,33.16,737000
2009-06-12,33.0,33.15,32.55,32.96,625300
2009-06-15,32.52,32.64,32.080002,32.46,613100
2009-06-16,32.58,32.65,31.83,31.84,778400
2009-06-17,31.75,32.73,31.7,32.34,808900
2009-06-18,32.15,32.66,32.0,32.33,495800
2009-06-19,32.64,32.67,32.18,32.47,787500
2009-06-22,32.07,32.28,31.79,31.79,686800
2009-06-23,32.17,32.22,31.73,31.97,648400
2009-06-24,32.09,32.24,31.62,31.78,717600
2009-06-25,31.7,32.3,31.33,32.26,722700
2009-06-26,32.23,32.62,31.93,32.39,603000
2009-06-29,32.36,33.060001,32.31,32.86,462000
2009-06-30,32.72,32.91,32.27,32.72,852400
2009-07-01,32.71,33.16,32.58,32.71,444800
2009-07-02,32.4,32.4,31.65,31.65,495300
2009-07-06,31.5,32.38,31.5,32.31,542500
2009-07-07,32.31,32.5,31.62,31.63,830900
2009-07-08,31.61,31.78,31.21,31.42,583500
2009-07-09,31.66,31.66,30.97,31.22,558900
2009-07-10,31.12,31.4,30.71,31.21,694800
2009-07-13,31.12,31.78,30.75,31.78,693700
2009-07-14,31.78,31.97,31.43,31.92,472500
2009-07-15,32.32,32.74,32.25,32.73,531400
2009-07-16,32.69,33.26,32.6,33.19,655200
2009-07-17,33.09,33.35,32.87,33.16,550600
2009-07-20,33.37,33.64,33.0099983,33.6,539700
2009-07-21,33.79,34.099998,33.16,33.71,522400
2009-07-22,33.56,34.21,33.56,33.72,701500
2009-07-23,33.8,34.47,33.66,34.23,751100
2009-07-24,34.09,34.47,33.68,34.47,492000
2009-07-27,34.4,34.51,34.080002,34.37,491600
2009-07-28,34.35,34.53,33.99,34.5,612200
2009-07-29,34.3,34.43,33.95,34.049999,729400
2009-07-30,34.54,35.09,34.46,34.64,575800
2009-07-31,34.59,35.54,34.53,35.26,574300
2009-08-03,35.36,35.94,35.2,35.81,485500
2009-08-04,35.68,36.95,35.52,36.42,868500
2009-08-05,36.66,36.77,34.91,35.89,979000
2009-08-06,35.95,36.5,35.55,36.07,662700
2009-08-07,36.52,37.17,36.16,36.88,771900
2009-08-10,36.82,36.86,36.28,36.36,447900
2009-08-11,36.21,36.5,35.94,36.28,395700
2009-08-12,36.15,37.0,36.11,36.72,310400
2009-08-13,36.85,37.52,36.76,37.33,431800
2009-08-14,37.38,37.4,36.37,36.69,310900
2009-08-17,36.080002,36.16,35.4,35.66,407500
2009-08-18,35.68,35.95,35.41,35.73,370500
2009-08-19,35.39,35.67,35.14,35.36,1105900
2009-08-20,35.31,35.34,34.72,35.23,638600
2009-08-21,35.52,36.31,35.34,36.31,645800
2009-08-24,36.49,36.78,36.040001,36.099998,382800
2009-08-25,36.21,36.53,35.88,35.9,297900
2009-08-26,35.91,36.41,35.75,36.080002,356300
2009-08-27,35.98,36.29,35.54,36.07,267400
2009-08-28,36.22,36.36,35.64,36.14,284300
2009-08-31,35.71,35.93,35.47,35.62,357500
2009-09-01,35.5,35.88,34.82,34.91,478300
2009-09-02,34.91,35.12,34.5,34.86,412400
2009-09-03,34.92,34.97,34.38,34.94,307600
2009-09-04,35.0099983,35.18,34.44,35.18,316700
2009-09-08,35.52,35.94,35.17,35.78,415900
2009-09-09,35.82,36.96,35.82,36.76,715900
2009-09-10,36.79,37.44,36.45,37.36,460900
2009-09-11,37.28,37.5,36.72,37.22,372000
2009-09-14,36.88,38.099998,35.76,37.91,542900
2009-09-15,37.78,38.3,37.46,38.25,298700
2009-09-16,38.44,39.0099983,38.0,39.0099983,299900
2009-09-17,38.7,39.12,38.45,38.52,355300
2009-09-18,38.72,39.5,38.52,39.15,636400
2009-09-21,38.82,39.17,38.55,38.9,342500
2009-09-22,39.18,39.19,38.56,38.89,309100
2009-09-23,38.86,39.21,38.0,38.07,789800
2009-09-24,38.22,38.35,37.24,37.4,499200
2009-09-25,37.33,37.38,36.71,36.93,604400
2009-09-28,37.049999,38.09,36.99,38.09,358900
2009-09-29,38.060001,38.4,37.59,37.76,835100
2009-09-30,37.88,38.4,37.58,37.93,642200
2009-10-01,37.78,37.92,37.23,37.24,944600
2009-10-02,36.67,37.43,36.67,36.85,407500
2009-10-05,36.98,37.12,36.68,37.09,391600
2009-10-06,37.5,37.93,37.21,37.64,304400
2009-10-07,37.47,37.78,37.099998,37.73,266200
2009-10-08,38.24,38.66,38.02,38.6,357200
2009-10-09,38.59,38.78,38.24,38.72,281000
2009-10-12,38.7,39.24,38.65,38.77,674800
2009-10-13,38.64,38.82,38.48,38.68,517100
2009-10-14,39.07,39.12,38.39,39.0,463700
2009-10-15,38.96,39.09,38.73,39.060001,400300
2009-10-16,38.85,39.09,38.58,39.049999,593500
2009-10-19,39.080002,39.080002,38.62,38.97,828300
2009-10-20,38.86,39.2,38.66,39.15,477900
2009-10-21,40.32,40.78,39.68,39.77,699400
2009-10-22,39.69,40.53,39.53,40.24,484500
2009-10-23,40.26,40.27,39.34,39.65,417800
2009-10-26,39.72,40.26,38.97,39.099998,464100
2009-10-27,39.080002,39.58,38.88,38.9,594300
2009-10-28,38.92,38.99,37.74,37.85,487800
2009-10-29,38.19,38.81,38.099998,38.72,636500
2009-10-30,38.56,38.84,38.07,38.09,745400
2009-11-02,38.17,38.57,37.84,38.51,530400
2009-11-03,38.22,39.080002,38.099998,38.86,638000
2009-11-04,39.66,40.25,39.14,39.4,814500
2009-11-05,39.72,40.46,39.72,40.3,852000
2009-11-06,40.099998,40.83,40.029999,40.25,723200
2009-11-09,40.42,41.0,40.42,40.97,748400
2009-11-10,40.9,41.41,40.84,41.23,500700
2009-11-11,41.5,41.5,40.72,40.92,595900
2009-11-12,40.92,41.34,40.48,40.68,559700
2009-11-13,40.8,41.11,40.42,40.87,392500
2009-11-16,41.15,41.61,41.12,41.41,394500
2009-11-17,41.39,41.7,41.31,41.59,311600
2009-11-18,41.51,41.67,41.07,41.33,262000
2009-11-19,40.98,40.98,40.28,40.48,349000
2009-11-20,40.27,40.64,40.2,40.46,391500
2009-11-23,40.91,41.46,40.67,40.86,278900
2009-11-24,40.95,41.12,40.34,40.62,291600
2009-11-25,40.77,41.31,40.55,41.2,295900
2009-11-27,40.32,40.77,40.0,40.32,154300
2009-11-30,40.27,40.77,40.0099983,40.72,491800
2009-12-01,40.87,41.19,40.75,41.02,396300
2009-12-02,41.13,41.52,40.96,41.22,316900
2009-12-03,41.049999,41.48,40.48,40.53,354800
2009-12-04,41.3,42.58,40.51,41.15,671600
2009-12-07,41.28,41.95,41.22,41.66,567600
2009-12-08,41.6,41.68,41.17,41.26,487700
2009-12-09,41.31,41.68,41.029999,41.59,493100
2009-12-10,41.98,42.029999,41.26,41.37,513700
2009-12-11,41.65,41.87,41.099998,41.2,496800
2009-12-14,41.43,41.89,41.17,41.85,415300
2009-12-15,41.57,41.95,41.35,41.46,458500
2009-12-16,41.64,42.0,41.49,41.75,423200
2009-12-17,41.3,41.3,40.69,40.82,478300
2009-12-18,41.02,41.080002,40.12,40.42,694200
2009-12-21,40.58,41.080002,40.43,40.79,325100
2009-12-22,40.79,41.07,40.56,40.77,271200
2009-12-23,40.8,41.24,40.66,41.16,276200
2009-12-24,41.28,41.54,41.18,41.38,56600
2009-12-28,41.46,41.6,41.2,41.36,174700
2009-12-29,41.52,41.57,41.3,41.47,266400
2009-12-30,41.5,41.74,41.43,41.52,216800
2009-12-31,41.65,41.66,41.12,41.14,382800
2010-01-04,41.51,42.02,41.5,42.0099983,286000
2010-01-05,41.86,41.93,41.44,41.7,348900
2010-01-06,41.63,41.97,41.51,41.87,375600
2010-01-07,41.65,41.84,41.07,41.55,402000
2010-01-08,41.33,41.4,40.98,41.4,249000
2010-01-11,41.55,41.62,41.17,41.53,249900
2010-01-12,41.21,41.52,41.0,41.42,331900
2010-01-13,41.43,42.15,41.37,42.11,295900
2010-01-14,41.89,42.2,41.83,42.12,278600
2010-01-15,42.029999,42.22,41.75,42.02,447800
2010-01-19,42.060001,42.76,41.93,42.76,272800
2010-01-20,42.36,42.39,41.39,42.12,757700
2010-01-21,42.35,42.9,41.66,41.68,479800
2010-01-22,41.48,41.76,40.9,40.95,536600
2010-01-25,41.39,41.41,40.72,40.87,287900
2010-01-26,40.65,40.87,40.23,40.3,335900
2010-01-27,40.2,40.57,39.78,40.28,286400
2010-01-28,40.35,40.49,39.28,40.0,560100
2010-01-29,40.16,40.75,39.77,39.77,431000
2010-02-01,40.029999,40.44,39.83,40.41,386200
2010-02-02,40.38,41.15,40.049999,41.080002,569100
2010-02-03,40.8,41.49,40.8,41.36,543400
2010-02-04,41.07,41.11,40.22,40.23,902000
2010-02-05,40.15,40.76,39.32,40.25,803200
2010-02-08,40.17,40.54,39.73,39.85,651900
2010-02-09,40.32,41.4,39.95,41.080002,842400
2010-02-10,41.11,41.65,40.88,41.44,664600
2010-02-11,41.28,41.73,40.86,41.69,671800
2010-02-12,41.2,41.77,41.11,41.68,486400
2010-02-16,41.87,42.029999,41.49,42.0,522500
2010-02-17,42.13,42.61,41.7,42.099998,479600
2010-02-18,42.080002,42.42,41.88,42.38,317100
2010-02-19,42.23,42.7,41.95,42.48,371400
2010-02-22,42.48,42.48,41.95,42.25,242400
2010-02-23,42.19,42.3,41.63,41.74,525400
2010-02-24,41.91,42.13,41.61,41.9,561700
2010-02-25,41.5,41.97,41.0099983,41.97,462200
2010-02-26,42.12,42.23,41.75,42.11,395500
2010-03-01,42.2,42.42,41.86,42.35,395800
2010-03-02,42.5,42.85,42.42,42.84,482200
2010-03-03,42.89,43.32,42.84,42.92,293300
2010-03-04,43.27,43.75,43.040001,43.53,421400
2010-03-05,43.85,44.57,43.83,44.49,469800
2010-03-08,44.45,44.56,44.13,44.27,232100
2010-03-09,44.21,44.36,43.88,44.029999,270600
2010-03-10,43.79,44.11,43.53,43.94,383800
2010-03-11,43.79,44.13,43.49,44.13,214600
2010-03-12,44.38,44.73,44.26,44.73,254400
2010-03-15,44.72,45.0,44.59,44.99,396400
2010-03-16,45.0,45.41,44.75,45.37,357700
2010-03-17,45.43,45.49,45.19,45.4,270100
2010-03-18,45.46,45.7,45.33,45.42,340800
2010-03-19,44.98,45.74,44.84,44.98,465400
2010-03-22,44.49,45.48,44.22,45.48,426600
2010-03-23,45.45,46.09,45.31,46.060001,413100
2010-03-24,46.040001,46.23,45.7,45.8,378400
2010-03-25,45.98,46.57,45.73,45.78,619100
2010-03-26,45.75,46.14,45.26,45.65,595200
2010-03-29,46.81,48.15,46.81,47.96,1132300
2010-03-30,48.080002,48.83,47.63,47.69,1098400
2010-03-31,47.62,47.9,47.58,47.67,695700
2010-04-01,47.99,48.37,47.86,48.23,308000
2010-04-05,48.18,48.87,48.18,48.82,345300
2010-04-06,48.53,49.02,48.38,48.87,413100
2010-04-07,48.89,49.19,48.61,48.87,417000
2010-04-08,48.8,48.95,48.47,48.92,412300
2010-04-09,48.98,49.91,48.98,49.86,508500
2010-04-12,49.94,51.02,49.81,49.99,792800
2010-04-13,49.88,50.57,49.58,50.4,673300
2010-04-14,50.59,50.94,50.27,50.9,598700
2010-04-15,50.74,51.63,50.67,51.53,479200
2010-04-16,51.34,51.41,50.47,50.5,853800
2010-04-19,50.19,50.68,50.09,50.67,602400
2010-04-20,50.8,51.12,50.52,50.61,567300
2010-04-21,50.71,50.84,50.13,50.24,1593700
2010-04-22,49.91,50.69,49.6,50.68,1024900
2010-04-23,50.95,51.76,50.63,51.72,715300
2010-04-26,51.71,51.77,51.39,51.4,430900
2010-04-27,50.93,51.4,50.21,50.32,487700
2010-04-28,50.51,50.73,49.95,50.34,434800
2010-04-29,50.73,51.31,50.56,51.31,303000
2010-04-30,51.39,51.41,50.060001,50.09,573500
2010-05-03,50.15,51.02,50.14,51.02,402200
2010-05-04,50.52,50.52,49.27,49.53,481200
2010-05-05,49.040001,49.53,48.23,48.5,1036700
2010-05-06,48.24,49.5,43.98,46.66,1499600
2010-05-07,46.53,46.8,45.0099983,45.099998,975800
2010-05-10,46.73,47.31,46.39,47.040001,898900
2010-05-11,46.46,47.24,46.36,46.58,948000
2010-05-12,46.67,47.59,46.5,47.52,1389200
2010-05-13,47.46,47.88,47.029999,47.049999,659900
2010-05-14,46.7,46.88,45.81,46.07,644700
2010-05-17,46.23,46.73,45.29,46.18,961400
2010-05-18,46.54,47.18,45.38,45.4,531800
2010-05-19,45.19,45.44,44.39,44.95,724200
2010-05-20,43.9,44.31,43.26,43.26,847800
2010-05-21,42.68,44.2,42.0,44.2,833600
2010-05-24,43.97,44.31,43.52,43.53,484200
2010-05-25,42.42,44.060001,42.07,43.63,871800
2010-05-26,43.78,44.09,43.0,43.27,1068400
2010-05-27,44.09,45.18,43.75,45.18,515500
2010-05-28,45.049999,45.049999,44.24,44.5,670000
2010-06-01,44.099998,44.86,43.73,43.73,773600
2010-06-02,44.0,44.92,43.55,44.92,581800
2010-06-03,44.8,45.11,44.36,44.78,497100
2010-06-04,43.75,44.42,42.94,43.099998,631100
2010-06-07,43.18,43.8,42.97,42.99,1021800
2010-06-08,43.02,43.96,42.77,43.93,898900
2010-06-09,44.54,45.3,43.84,44.080002,1045300
2010-06-10,44.79,45.080002,44.48,45.080002,863700
2010-06-11,44.76,45.74,44.73,45.73,1006900
2010-06-14,46.17,46.17,45.29,45.36,958100
2010-06-15,45.68,46.58,45.56,46.57,782600
2010-06-16,46.33,46.71,46.15,46.5,492900
2010-06-17,46.47,46.62,45.86,46.51,622400
2010-06-18,46.66,46.85,46.31,46.47,513500
2010-06-21,47.029999,47.080002,45.77,46.049999,522500
2010-06-22,46.17,46.61,45.51,45.53,472500
2010-06-23,45.58,45.76,45.060001,45.39,542900
2010-06-24,45.19,45.57,44.43,44.53,388200
2010-06-25,44.58,44.62,43.92,44.33,703500
2010-06-28,44.5,44.53,43.88,44.0,723900
2010-06-29,43.33,43.51,42.83,43.099998,770000
2010-06-30,42.99,43.55,42.34,42.42,578700
2010-07-01,42.48,42.77,41.59,42.3,748200
2010-07-02,42.31,42.5,41.78,41.99,459900
2010-07-06,42.63,42.86,41.78,42.040001,696800
2010-07-07,42.040001,43.77,42.0099983,43.76,616400
2010-07-08,44.080002,44.41,43.77,44.4,511400
2010-07-09,44.48,44.78,44.26,44.63,304900
2010-07-12,44.41,44.58,43.94,44.14,394900
2010-07-13,44.49,45.36,44.44,45.24,389300
2010-07-14,45.0,45.0099983,44.49,45.0099983,566600
2010-07-15,44.93,45.09,44.23,45.0,382400
2010-07-16,44.93,44.93,43.65,43.77,375400
2010-07-19,44.099998,44.099998,43.5,44.049999,312100
2010-07-20,43.46,45.0099983,43.41,45.0,406700
2010-07-21,45.17,45.8,44.78,45.07,720600
2010-07-22,45.56,46.53,45.4,46.22,451100
2010-07-23,46.16,46.73,46.16,46.46,1004300
2010-07-26,46.5,46.82,46.37,46.82,510600
2010-07-27,47.0,47.22,45.61,45.78,1058200
2010-07-28,45.67,46.35,45.65,46.029999,781000
2010-07-29,46.45,46.68,45.47,45.55,734800
2010-07-30,44.9,45.57,44.9,45.38,629500
2010-08-02,46.040001,46.14,45.69,45.92,865100
2010-08-03,45.67,46.0,45.35,45.66,1270200
2010-08-04,45.66,46.13,45.43,45.89,826600
2010-08-05,43.5,47.18,43.5,46.84,1272600
2010-08-06,46.34,46.91,45.55,46.87,1015100
2010-08-09,47.23,47.73,46.93,47.62,700300
2010-08-10,47.09,47.67,46.69,47.34,645500
2010-08-11,46.51,46.61,45.8,46.0,539000
2010-08-12,45.31,45.99,45.31,45.82,674000
2010-08-13,45.67,46.44,45.65,46.35,729000
2010-08-16,45.88,46.21,45.68,45.89,487800
2010-08-17,46.39,47.27,46.37,47.029999,532500
2010-08-18,46.97,47.13,46.4,46.9,396500
2010-08-19,46.64,46.64,45.46,45.66,561600
2010-08-20,45.3,45.85,45.3,45.83,395700
2010-08-23,45.95,46.2,45.44,45.47,366100
2010-08-24,44.91,45.09,44.58,44.67,405700
2010-08-25,44.4,45.11,43.78,44.92,677800
2010-08-26,45.25,45.73,44.95,45.15,488400
2010-08-27,45.41,46.17,44.72,46.15,474100
2010-08-30,46.17,46.38,45.63,45.63,484100
2010-08-31,45.65,46.02,45.32,45.69,568500
2010-09-01,46.28,47.45,46.11,47.39,680300
2010-09-02,47.33,47.74,47.22,47.67,422300
2010-09-03,48.21,48.27,47.64,47.72,664500
2010-09-07,47.67,47.72,46.73,46.93,900300
2010-09-08,46.89,47.27,46.89,47.060001,1018500
2010-09-09,47.54,47.54,46.54,46.9,585900
2010-09-10,47.060001,47.060001,46.54,46.66,633100
2010-09-13,47.099998,47.39,46.76,46.81,451900
2010-09-14,46.73,47.68,46.61,47.48,562900
2010-09-15,47.22,47.91,46.98,47.85,470400
2010-09-16,47.75,47.99,47.6,47.85,352800
2010-09-17,47.96,48.64,47.77,48.39,608000
2010-09-20,48.36,48.93,48.060001,48.92,389500
2010-09-21,48.91,48.92,48.33,48.63,396200
2010-09-22,48.69,49.0,48.33,48.57,296800
2010-09-23,48.23,48.49,47.79,47.92,234200
2010-09-24,48.47,49.0099983,48.33,49.0099983,306000
2010-09-27,49.0,49.2,48.74,48.82,397000
2010-09-28,48.86,49.51,47.97,49.46,488000
2010-09-29,49.21,49.4,48.68,48.71,729500
2010-09-30,49.049999,49.5,48.15,48.52,501400
2010-10-01,49.26,49.26,48.58,48.79,487000
2010-10-04,48.73,49.14,48.31,48.5,649500
2010-10-05,48.99,49.8,48.99,49.55,584800
2010-10-06,49.44,49.87,48.7,49.6,633700
2010-10-07,49.87,49.87,49.21,49.49,412000
2010-10-08,49.64,49.91,49.33,49.7,443900
2010-10-11,49.82,49.85,49.38,49.56,363500
2010-10-12,49.36,49.69,48.86,49.62,339300
2010-10-13,50.17,50.19,49.66,50.07,303100
2010-10-14,50.099998,50.13,49.45,49.7,240100
2010-10-15,50.099998,50.18,49.24,49.8,508600
2010-10-18,49.75,50.0,49.47,49.84,256500
2010-10-19,49.17,49.58,48.7,48.95,386500
2010-10-20,49.029999,50.21,48.85,49.94,390900
2010-10-21,50.24,50.32,49.31,49.86,435300
2010-10-22,49.91,49.92,49.42,49.8,201000
2010-10-25,50.19,50.59,49.9,50.040001,464200
2010-10-26,49.63,50.47,49.47,50.26,408500
2010-10-27,49.84,49.94,49.0099983,49.84,408100
2010-10-28,50.049999,50.36,49.64,49.95,370400
2010-10-29,49.8,50.3,49.62,50.16,296600
2010-11-01,50.37,50.85,50.040001,50.3,311700
2010-11-02,50.94,51.060001,50.42,50.66,535400
2010-11-03,50.69,50.77,49.78,50.72,789700
2010-11-04,51.53,53.37,51.53,53.34,1006400
2010-11-05,53.5,53.65,52.93,53.23,698200
2010-11-08,53.19,53.92,53.09,53.62,551300
2010-11-09,53.71,53.83,52.59,52.88,527500
2010-11-10,52.87,53.33,52.22,53.33,408300
2010-11-11,52.9,53.44,52.71,53.35,374500
2010-11-12,52.93,52.93,51.87,52.46,465000
2010-11-15,52.52,52.56,51.82,51.82,467700
2010-11-16,51.44,51.75,50.47,50.74,534400
2010-11-17,50.81,51.09,50.4,50.65,331100
2010-11-18,51.2,51.81,51.18,51.3,289700
2010-11-19,51.34,51.74,51.11,51.58,461100
2010-11-22,51.26,52.049999,50.98,51.99,300000
2010-11-23,51.41,51.68,51.17,51.53,537900
2010-11-24,52.099998,52.5,51.98,52.48,349100
2010-11-26,52.2,53.12,52.07,52.96,468400
2010-11-29,52.47,52.92,51.94,52.79,494100
2010-11-30,52.42,52.92,52.099998,52.52,534400
2010-12-01,53.27,53.66,52.98,53.55,417300
2010-12-02,53.61,54.29,53.55,54.27,456000
2010-12-03,54.33,55.09,54.11,55.029999,598300
2010-12-06,54.97,54.97,54.4,54.71,407100
2010-12-07,55.27,55.5,54.9,55.17,559300
2010-12-08,55.17,55.33,54.68,55.02,385100
2010-12-09,55.31,55.4,54.77,55.12,302900
2010-12-10,55.38,55.89,55.19,55.77,422800
2010-12-13,55.91,56.099998,55.38,55.45,356400
2010-12-14,55.62,55.87,55.45,55.67,276900
2010-12-15,55.57,55.83,55.2,55.25,381300
2010-12-16,55.43,55.51,54.94,55.25,652700
2010-12-17,55.24,55.27,54.92,55.099998,714300
2010-12-20,55.43,55.68,54.94,55.49,380400
2010-12-21,55.78,56.0,55.41,55.61,348100
2010-12-22,55.73,55.8,55.46,55.76,315200
2010-12-23,55.62,55.85,55.32,55.4,317200
2010-12-27,55.11,55.44,54.86,55.32,117200
2010-12-28,55.49,55.49,55.13,55.38,180900
2010-12-29,55.55,55.64,55.31,55.48,274900
2010-12-30,55.47,55.65,55.25,55.27,252900
2010-12-31,55.22,55.72,55.080002,55.59,247100
2011-01-03,56.060001,56.23,55.49,55.65,499800
2011-01-04,56.040001,56.45,54.97,55.71,721400
2011-01-05,55.26,55.96,55.19,55.86,546700
2011-01-06,55.98,56.29,55.76,55.81,525400
2011-01-07,55.95,56.16,55.66,55.92,558000
2011-01-10,55.73,56.0099983,55.54,55.84,404200
2011-01-11,55.91,55.98,55.55,55.93,473500
2011-01-12,55.46,56.099998,55.34,55.95,1279700
2011-01-13,56.040001,56.67,55.84,55.98,389800
2011-01-14,55.94,56.07,55.56,55.95,336700
2011-01-18,55.88,56.28,55.88,56.21,364800
2011-01-19,56.21,56.21,55.48,55.65,421800
2011-01-20,55.59,55.84,55.44,55.65,602700
2011-01-21,56.14,56.29,55.54,55.63,607000
2011-01-24,55.52,56.51,55.52,56.33,401500
2011-01-25,56.28,56.86,56.0099983,56.84,462900
2011-01-26,56.79,57.72,56.79,57.41,442100
2011-01-27,57.47,57.68,57.0,57.13,398100
2011-01-28,57.3,57.41,56.07,56.12,290000
2011-01-31,56.39,57.21,56.24,57.049999,518400
2011-02-01,57.5,58.64,57.35,58.6,618000
2011-02-02,58.51,59.0,58.47,59.0,1060300
2011-02-03,58.81,59.080002,58.47,58.88,1043600
2011-02-04,58.9,59.02,58.43,58.91,427200
2011-02-07,59.11,59.5,58.92,59.36,390100
2011-02-08,59.45,59.45,58.56,58.81,1112400
2011-02-09,58.75,58.75,58.080002,58.45,994900
2011-02-10,56.99,58.25,54.53,54.8,3239300
2011-02-11,55.049999,56.79,55.0099983,56.45,1978000
2011-02-14,56.51,56.65,55.59,55.61,1142700
2011-02-15,55.6,56.029999,55.49,55.87,486400
2011-02-16,56.060001,56.87,56.040001,56.81,682700
2011-02-17,56.75,57.12,56.75,57.099998,397400
2011-02-18,57.07,57.57,56.88,57.35,538800
2011-02-22,56.83,57.26,55.86,56.24,727900
2011-02-23,56.27,56.46,55.3,55.92,1010000
2011-02-24,55.9,56.25,55.0099983,55.93,945400
2011-02-25,56.0099983,56.98,55.8,56.93,618800
2011-02-28,57.13,57.45,56.52,56.95,586000
2011-03-01,57.07,57.16,56.12,56.29,709100
2011-03-02,56.22,57.099998,56.09,56.57,641500
2011-03-03,56.96,57.71,56.96,57.67,423700
2011-03-04,57.69,57.7,56.44,57.099998,354700
2011-03-07,57.37,57.71,57.060001,57.35,1019300
2011-03-08,57.35,58.060001,56.72,57.92,671400
2011-03-09,57.86,58.24,57.38,58.040001,810400
2011-03-10,57.18,58.060001,56.85,57.47,921200
2011-03-11,57.36,58.22,57.2,58.049999,689400
2011-03-14,57.72,58.47,57.54,57.99,859400
2011-03-15,56.12,58.3,55.8,57.89,1041300
2011-03-16,57.86,58.27,56.39,56.78,1374900
2011-03-17,57.59,58.3,57.54,58.12,1247500
2011-03-18,59.52,59.82,59.18,59.76,1326000
2011-03-21,60.15,60.41,59.66,60.060001,826600
2011-03-22,60.12,60.32,59.71,60.080002,608400
2011-03-23,60.02,60.5,59.9,60.4,494600
2011-03-24,60.79,60.9,60.07,60.8,529600
2011-03-25,60.87,61.66,60.87,61.080002,325900
2011-03-28,61.060001,61.47,60.64,60.67,429200
2011-03-29,60.71,61.46,60.56,61.44,387900
2011-03-30,61.67,62.34,61.4,62.16,485900
2011-03-31,61.98,62.65,61.94,62.3,624100
2011-04-01,62.95,63.45,62.56,62.75,789100
2011-04-04,63.02,63.93,62.92,63.82,637600
2011-04-05,63.7,64.61,63.33,64.22,791000
2011-04-06,64.24,64.58,63.73,64.11,745300
2011-04-07,64.099998,64.53,63.6,63.92,468700
2011-04-08,64.059998,64.19,62.94,63.38,582700
2011-04-11,63.53,64.13,62.96,63.07,644600
2011-04-12,62.75,63.56,62.15,62.3,553600
2011-04-13,62.76,62.9,61.6,62.049999,513900
2011-04-14,61.6,62.09,61.3,61.87,601700
2011-04-15,62.060001,62.43,61.75,62.14,528200
2011-04-18,61.51,61.79,60.88,61.68,699600
2011-04-19,61.76,62.42,61.68,62.32,688800
2011-04-20,63.040001,63.29,62.58,62.96,832200
2011-04-21,63.2,63.52,63.02,63.5,470200
2011-04-25,63.41,63.7,63.22,63.5,427500
2011-04-26,63.5,64.16,63.5,63.64,600400
2011-04-27,63.79,63.82,62.88,63.48,585000
2011-04-28,63.43,63.73,63.18,63.43,455800
2011-04-29,63.6,63.75,63.38,63.52,505000
2011-05-02,63.88,63.97,63.099998,63.31,369700
2011-05-03,63.15,63.49,62.49,63.07,535400
2011-05-04,62.97,63.13,62.46,62.46,684000
2011-05-05,62.22,63.049999,62.11,62.38,770300
2011-05-06,63.21,63.52,62.38,62.74,488100
2011-05-09,62.42,63.94,62.42,63.73,637900
2011-05-10,64.21,66.29,64.15,65.24,2104900
2011-05-11,65.23,65.36,64.38,64.87,1035900
2011-05-12,64.75,64.75,63.65,63.83,1183400
2011-05-13,63.67,63.87,62.77,62.91,1000100
2011-05-16,62.63,63.54,62.36,62.55,843000
2011-05-17,62.5,62.61,61.96,62.31,900600
2011-05-18,62.39,63.75,62.17,63.71,572000
2011-05-19,63.94,64.29,63.49,63.93,714300
2011-05-20,63.93,64.11,63.07,63.33,558300
2011-05-23,62.53,62.89,62.37,62.74,731500
2011-05-24,62.93,63.22,62.4,62.78,618000
2011-05-25,62.32,63.32,62.32,63.13,548200
2011-05-26,62.87,63.34,62.67,63.22,564900
2011-05-27,63.57,64.2,63.49,63.99,334100
2011-05-31,64.68,64.76,63.71,64.059998,885300
2011-06-01,63.95,63.99,62.68,62.73,865000
2011-06-02,62.71,63.2,62.099998,62.13,937700
2011-06-03,61.43,61.71,61.19,61.23,833800
2011-06-06,61.02,61.51,60.54,60.57,671300
2011-06-07,60.99,61.96,60.83,61.46,704600
2011-06-08,61.31,61.69,60.91,61.22,762500
2011-06-09,61.33,62.22,61.3,62.0,689400
2011-06-10,61.66,62.0,61.4,61.48,778600
2011-06-13,61.55,62.040001,61.41,61.66,475600
2011-06-14,62.17,62.43,61.88,61.99,796800
2011-06-15,61.58,61.93,61.15,61.31,1015200
2011-06-16,61.31,61.43,60.38,61.080002,482200
2011-06-17,61.53,62.0,61.2,61.78,776300
2011-06-20,61.46,61.9,61.4,61.82,829000
2011-06-21,62.3,63.11,62.07,63.040001,694600
2011-06-22,62.75,63.43,62.65,62.7,534100
2011-06-23,62.060001,62.55,61.25,62.42,923400
2011-06-24,62.43,62.76,62.049999,62.28,636700
2011-06-27,62.33,62.54,61.8,62.24,482400
2011-06-28,62.39,62.81,62.28,62.81,346400
2011-06-29,63.09,63.54,62.83,63.48,699500
2011-06-30,63.7,64.3,63.4,64.24,583700
2011-07-01,64.35,64.83,64.040001,64.73,403500
2011-07-05,64.54,64.74,64.13,64.3,664500
2011-07-06,64.25,64.56,64.14,64.33,955000
2011-07-07,64.78,65.24,64.72,64.96,668000
2011-07-08,64.28,65.07,64.28,64.95,633800
2011-07-11,64.27,64.34,63.79,64.13,541800
2011-07-12,63.89,64.14,63.5,63.61,800500
2011-07-13,63.77,64.4,63.54,64.010002,743300
2011-07-14,64.050003,64.34,63.26,63.45,629400
2011-07-15,63.71,63.73,63.029999,63.68,847900
2011-07-18,63.43,63.45,62.57,62.74,657400
2011-07-19,63.040001,63.42,62.97,63.35,727400
2011-07-20,63.41,63.48,62.47,62.54,603200
2011-07-21,62.9,63.34,62.76,63.28,809200
2011-07-22,63.43,63.49,63.049999,63.16,543500
2011-07-25,62.58,63.36,62.43,62.82,656000
2011-07-26,62.71,62.77,62.15,62.23,524600
2011-07-27,61.89,62.19,61.14,61.17,634700
2011-07-28,61.24,62.31,61.24,61.37,869400
2011-07-29,60.93,61.44,60.61,61.17,920300
2011-08-01,61.69,62.16,60.8,62.029999,1420800
2011-08-02,61.47,62.0,60.42,60.48,1130500
2011-08-03,60.58,60.71,59.44,60.55,1054500
2011-08-04,58.77,58.8,55.77,56.62,2926400
2011-08-05,57.37,58.080002,55.55,57.66,2427700
2011-08-08,56.23,56.43,52.75,52.82,2625300
2011-08-09,53.84,56.74,53.4,55.95,3721000
2011-08-10,55.0,55.13,53.16,53.27,2449500
2011-08-11,53.59,55.45,53.099998,54.78,2118400
2011-08-12,55.07,56.5,54.88,56.39,1169000
2011-08-15,56.77,56.84,55.77,56.83,844700
2011-08-16,55.97,56.26,55.11,55.56,930600
2011-08-17,56.040001,56.42,55.13,55.29,746500
2011-08-18,53.86,54.16,52.75,53.15,896500
2011-08-19,52.4,54.0,52.21,52.8,888300
2011-08-22,53.81,54.049999,53.2,53.36,1037200
2011-08-23,53.55,55.63,53.36,55.63,1011300
2011-08-24,55.38,55.9,54.7,54.87,1395700
2011-08-25,55.16,55.44,54.040001,54.51,955300
2011-08-26,54.25,56.2,53.5,56.040001,931600
2011-08-29,56.53,57.52,56.49,57.41,433800
2011-08-30,57.02,58.19,57.02,57.6,834700
2011-08-31,57.97,58.51,57.51,58.02,705900
2011-09-01,57.93,58.27,57.3,57.41,658000
2011-09-02,56.14,56.63,55.9,56.09,1019000
2011-09-06,54.22,56.33,53.8,56.040001,952000
2011-09-07,56.95,57.3,56.55,57.27,799700
2011-09-08,57.099998,57.79,56.96,57.3,950500
2011-09-09,56.54,57.060001,55.8,56.060001,1740200
2011-09-12,55.18,56.0099983,54.73,55.89,617300
2011-09-13,55.91,56.7,55.66,56.54,462000
2011-09-14,56.71,58.18,56.0099983,57.55,675500
2011-09-15,57.95,58.97,57.66,58.81,684700
2011-09-16,59.12,60.45,58.89,60.19,1294800
2011-09-19,59.040001,59.97,58.16,59.71,880000
2011-09-20,59.93,60.57,59.31,59.54,614300
2011-09-21,59.77,59.83,58.040001,58.12,930100
2011-09-22,56.3,56.69,55.53,56.21,1547600
2011-09-23,56.0,56.54,55.58,56.29,1236300
2011-09-26,56.9,57.23,55.94,57.21,1029200
2011-09-27,58.69,60.25,58.28,59.049999,953700
2011-09-28,59.14,59.23,56.84,56.84,829700
2011-09-29,57.68,58.14,56.53,57.6,975100
2011-09-30,56.73,57.41,56.21,56.22,785700
2011-10-03,55.71,57.0,55.57,55.77,1214500
2011-10-04,54.95,57.66,54.79,57.63,1300000
2011-10-05,57.68,58.62,57.25,58.28,755100
2011-10-06,58.21,59.02,57.63,58.9,444900
2011-10-07,59.39,59.39,58.0099983,58.48,681000
2011-10-10,59.44,60.25,59.37,60.25,587800
2011-10-11,59.55,60.28,59.51,59.99,414900
2011-10-12,60.35,61.02,59.8,60.54,580300
2011-10-13,60.07,60.18,59.11,59.51,823400
2011-10-14,60.41,61.51,60.049999,61.25,582600
2011-10-17,61.029999,61.25,59.68,59.9,420800
2011-10-18,60.0099983,61.23,58.9,60.56,742900
2011-10-19,60.45,60.92,59.45,59.74,545200
2011-10-20,59.79,60.02,58.82,59.66,686200
2011-10-21,59.96,61.24,59.79,61.24,842300
2011-10-24,60.83,60.87,59.79,60.86,1094900
2011-10-25,60.44,61.040001,59.33,59.38,1101600
2011-10-26,60.080002,61.029999,59.26,60.55,1051900
2011-10-27,62.41,63.78,61.99,63.0099983,876600
2011-10-28,63.07,63.49,62.5,62.93,595500
2011-10-31,62.12,62.39,60.56,60.56,1083100
2011-11-01,58.62,60.029999,58.38,59.040001,976300
2011-11-02,60.0099983,60.61,59.18,60.09,421800
2011-11-03,60.82,61.84,60.31,61.61,844000
2011-11-04,61.28,61.57,60.38,61.07,756700
2011-11-07,60.85,61.48,60.43,61.31,1475000
2011-11-08,57.5,59.040001,54.51,55.029999,5063000
2011-11-09,53.34,54.49,53.26,53.82,2319000
2011-11-10,54.26,54.59,53.29,53.64,1785100
2011-11-11,54.19,54.89,54.09,54.45,1154000
2011-11-14,54.3,54.72,53.88,54.17,756000
2011-11-15,53.91,54.32,53.57,53.78,881700
2011-11-16,53.22,54.040001,53.2,53.31,944400
2011-11-17,53.12,53.25,52.17,52.41,1990400
2011-11-18,52.67,52.85,52.060001,52.53,1101400
2011-11-21,52.63,53.14,52.25,52.66,1498100
2011-11-22,52.57,53.27,52.27,52.38,782200
2011-11-23,51.83,52.24,51.45,51.71,934000
2011-11-25,51.63,52.099998,51.49,51.62,220400
2011-11-28,53.13,53.52,52.69,53.25,1023300
2011-11-29,53.23,53.54,52.28,52.62,1086600
2011-11-30,54.12,54.31,53.66,54.26,912400
2011-12-01,54.040001,54.62,53.59,53.8,727700
2011-12-02,54.33,54.57,53.46,53.66,565900
2011-12-05,54.47,54.57,53.68,54.12,687100
2011-12-06,54.18,54.45,53.76,54.02,708100
2011-12-07,53.96,54.8,53.71,54.46,682900
2011-12-08,54.13,54.2,53.16,53.36,590000
2011-12-09,53.49,54.49,53.25,54.2,531700
2011-12-12,53.63,53.64,52.4,52.84,628300
2011-12-13,53.19,53.56,52.060001,52.35,640900
2011-12-14,52.19,52.54,51.88,52.09,539100
2011-12-15,52.59,52.59,51.7,52.17,677700
2011-12-16,52.64,52.9,51.5,51.89,1571600
2011-12-19,52.07,52.55,51.2,51.31,603200
2011-12-20,52.24,52.45,52.040001,52.25,818300
2011-12-21,52.31,52.57,51.97,52.17,554300
2011-12-22,52.23,52.42,52.029999,52.18,546300
2011-12-23,52.040001,53.13,51.94,53.13,662400
2011-12-27,53.060001,53.56,52.92,53.34,262200
2011-12-28,53.43,53.54,52.0099983,52.07,373100
2011-12-29,52.07,52.76,52.07,52.69,326100
2011-12-30,52.58,52.91,52.36,52.42,250700
2012-01-03,53.39,53.49,52.82,52.88,420700
2012-01-04,52.71,53.02,52.5,52.95,296600
2012-01-05,52.47,53.080002,52.049999,52.9,405000
2012-01-06,52.88,53.31,52.56,53.07,361300
2012-01-09,53.0099983,53.29,52.9,53.22,438800
2012-01-10,53.68,54.25,53.68,54.060001,437200
2012-01-11,53.8,54.24,53.52,54.22,524600
2012-01-12,54.23,55.09,53.93,55.080002,474300
2012-01-13,54.2,54.68,54.02,54.57,413400
2012-01-17,55.31,55.69,54.72,55.080002,685200
2012-01-18,55.09,55.81,54.88,55.7,701100
2012-01-19,55.75,56.09,55.32,56.02,1127000
2012-01-20,56.049999,56.37,55.96,56.15,648200
2012-01-23,56.15,56.55,56.049999,56.46,513200
2012-01-24,56.26,56.59,55.94,56.45,353700
2012-01-25,56.3,56.88,56.14,56.79,370300
2012-01-26,57.0,57.099998,56.58,56.76,430000
2012-01-27,56.61,57.14,56.6,56.94,502900
2012-01-30,56.51,56.61,56.0,56.41,723600
2012-01-31,56.61,56.75,55.71,55.81,839700
2012-02-01,56.33,56.67,56.07,56.28,542000
2012-02-02,56.3,56.59,56.029999,56.040001,578400
2012-02-03,57.32,57.32,56.28,56.39,649600
2012-02-06,56.2,56.51,55.96,56.29,462600
2012-02-07,56.040001,56.13,55.51,55.6,1149200
2012-02-08,55.81,56.49,55.58,56.25,897800
2012-02-09,58.33,58.81,56.41,57.22,1226500
2012-02-10,57.25,57.25,55.5,56.02,830400
2012-02-13,56.43,56.63,56.18,56.3,497100
2012-02-14,56.060001,56.45,55.99,56.4,718500
2012-02-15,56.48,56.76,55.9,55.98,595500
2012-02-16,55.91,56.59,55.71,56.31,494900
2012-02-17,56.5,56.71,56.34,56.66,672900
2012-02-21,56.73,57.52,56.65,57.35,829100
2012-02-22,57.43,57.62,57.029999,57.42,458500
2012-02-23,57.52,57.66,56.94,57.48,378200
2012-02-24,57.56,57.89,57.34,57.63,465600
2012-02-27,57.27,57.8,57.15,57.62,326500
2012-02-28,57.74,58.07,57.35,57.6,536600
2012-02-29,57.66,57.7,56.78,57.029999,711800
2012-03-01,57.36,57.36,56.48,56.48,607300
2012-03-02,56.43,57.29,56.36,56.88,504900
2012-03-05,56.85,56.85,56.07,56.5,510000
2012-03-06,56.049999,56.36,55.34,55.44,626500
2012-03-07,55.38,55.92,55.31,55.78,336500
2012-03-08,56.14,56.39,55.81,56.19,556300
2012-03-09,56.35,56.53,56.060001,56.2,709500
2012-03-12,56.2,56.49,55.94,56.040001,412800
2012-03-13,56.12,56.54,55.87,56.43,579600
2012-03-14,56.37,56.87,56.32,56.57,349100
2012-03-15,56.64,57.22,56.45,57.22,470100
2012-03-16,57.31,57.42,57.0,57.24,484100
2012-03-19,56.64,57.28,56.64,57.13,287400
2012-03-20,56.73,57.099998,56.61,56.95,457600
2012-03-21,56.94,57.26,56.83,57.099998,512400
2012-03-22,56.72,56.8,56.3,56.64,611100
2012-03-23,56.63,57.26,56.5,57.099998,354200
2012-03-26,57.5,57.91,57.43,57.9,494400
2012-03-27,57.9,58.67,57.87,58.62,555400
2012-03-28,58.55,58.76,58.12,58.47,761900
2012-03-29,57.95,58.26,57.7,58.13,626400
2012-03-30,58.38,58.89,58.09,58.6,741600
2012-04-02,58.51,59.7,58.32,59.61,621800
2012-04-03,59.61,59.61,58.75,59.27,663100
2012-04-04,58.63,58.95,58.41,58.66,482200
2012-04-05,58.48,58.83,58.25,58.59,768800
2012-04-09,57.91,58.13,57.62,57.99,602200
2012-04-10,57.87,58.029999,56.77,56.79,751900
2012-04-11,57.44,57.96,57.24,57.51,1592900
2012-04-12,57.66,58.97,57.4,58.53,693400
2012-04-13,58.35,58.47,57.94,58.0099983,479200
2012-04-16,58.36,58.51,57.61,58.32,460200
2012-04-17,58.66,59.19,58.55,58.92,379800
2012-04-18,58.74,59.31,58.61,59.14,444100
2012-04-19,59.15,59.37,58.8,59.23,794700
2012-04-20,59.36,59.84,59.26,59.44,462300
2012-04-23,58.9,59.049999,58.54,58.99,612500
2012-04-24,59.12,59.48,59.0,59.13,430500
2012-04-25,59.69,59.76,59.37,59.55,533400
2012-04-26,59.37,60.33,59.24,60.13,347700
2012-04-27,60.34,60.8,60.12,60.54,496000
2012-04-30,60.4,60.61,60.0,60.21,620400
2012-05-01,60.0,60.91,59.89,60.39,446500
2012-05-02,60.12,60.59,59.99,60.36,531900
2012-05-03,60.21,60.66,59.89,59.98,622300
2012-05-04,59.46,59.63,58.6,58.88,867000
2012-05-07,58.68,59.66,58.68,59.48,724000
2012-05-08,57.51,58.77,57.51,58.67,1008100
2012-05-09,58.049999,58.9,57.72,58.42,878100
2012-05-10,58.86,58.86,58.21,58.32,768400
2012-05-11,58.07,58.52,57.95,57.98,638200
2012-05-14,57.46,57.9,57.32,57.59,524900
2012-05-15,57.64,57.77,57.16,57.4,656200
2012-05-16,57.54,57.79,56.73,57.09,957600
2012-05-17,57.040001,57.19,55.57,55.58,630500
2012-05-18,56.0,56.07,55.18,55.4,856100
2012-05-21,55.5,57.25,55.42,57.2,615200
2012-05-22,57.21,57.47,56.85,57.09,502700
2012-05-23,56.67,57.049999,55.77,56.93,904000
2012-05-24,56.91,57.47,56.63,57.34,495900
2012-05-25,57.28,57.56,56.88,57.029999,253900
2012-05-29,57.59,58.17,57.38,57.78,276000
2012-05-30,57.19,57.37,56.56,56.57,559900
2012-05-31,56.55,56.63,55.9,56.38,707400
2012-06-01,55.64,55.65,54.15,54.35,1132900
2012-06-04,54.47,54.54,53.73,54.31,597600
2012-06-05,54.029999,54.65,53.89,54.51,357300
2012-06-06,54.96,55.82,54.96,55.82,367700
2012-06-07,57.84,57.84,56.0,56.080002,535600
2012-06-08,55.87,56.49,55.53,56.49,261900
2012-06-11,56.96,57.099998,55.85,55.88,503700
2012-06-12,56.12,56.41,55.84,56.41,484800
2012-06-13,56.22,56.23,55.15,55.34,470200
2012-06-14,55.45,55.93,55.2,55.78,492200
2012-06-15,56.11,56.63,56.0,56.44,512100
2012-06-18,56.41,56.77,56.07,56.66,471800
2012-06-19,56.66,57.82,56.66,57.61,403000
2012-06-20,57.54,57.54,56.73,56.99,548000
2012-06-21,57.099998,57.17,55.7,55.78,564700
2012-06-22,55.69,55.84,54.95,55.65,451300
2012-06-25,54.99,55.0,54.24,54.39,431400
2012-06-26,54.55,54.74,53.94,54.31,429300
2012-06-27,54.48,54.61,54.07,54.3,338500
2012-06-28,53.92,54.66,53.77,54.56,389300
2012-06-29,55.21,55.56,54.74,54.8,1011600
2012-07-02,54.57,55.029999,54.21,54.34,725200
2012-07-03,54.35,54.97,54.16,54.95,396400
2012-07-05,54.79,55.34,54.65,55.0,518000
2012-07-06,54.51,54.66,53.84,54.060001,497800
2012-07-09,54.14,54.42,53.69,54.39,852300
2012-07-10,54.68,55.27,53.62,53.9,367000
2012-07-11,53.84,54.24,53.64,54.02,365300
2012-07-12,53.54,54.099998,53.47,53.83,429700
2012-07-13,54.060001,55.17,54.0099983,54.58,414600
2012-07-16,54.74,54.74,53.88,54.17,298100
2012-07-17,54.44,54.81,54.080002,54.79,253000
2012-07-18,54.54,54.88,54.39,54.87,221800
2012-07-19,54.94,55.73,54.91,55.41,296900
2012-07-20,55.080002,55.29,54.85,55.07,412200
2012-07-23,54.16,54.26,53.74,53.95,251600
2012-07-24,53.9,54.029999,53.029999,53.33,281300
2012-07-25,53.62,54.060001,53.32,53.86,449400
2012-07-26,54.71,54.97,53.75,54.080002,411300
2012-07-27,54.5,55.55,54.36,55.43,331000
2012-07-30,55.42,55.99,55.29,55.87,445700
2012-07-31,55.71,56.029999,55.45,55.74,486400
2012-08-01,55.97,56.15,55.32,55.54,465700
2012-08-02,54.41,55.63,53.8,55.080002,459200
2012-08-03,55.75,55.78,54.83,55.48,1000600
2012-08-06,55.65,56.23,55.59,55.83,641700
2012-08-07,56.16,56.53,55.59,56.52,752900
2012-08-08,57.049999,63.23,57.049999,62.0099983,1928600
2012-08-09,61.55,62.049999,60.68,61.060001,939700
2012-08-10,60.73,61.5,60.41,61.43,714200
2012-08-13,61.14,61.64,60.91,61.34,279700
2012-08-14,61.68,61.68,60.96,61.11,307100
2012-08-15,60.91,61.54,60.7,61.43,461500
2012-08-16,61.37,62.46,61.37,62.26,574500
2012-08-17,62.38,62.49,61.73,61.9,423800
2012-08-20,61.89,62.21,61.61,62.11,337900
2012-08-21,62.14,62.41,61.57,61.65,360600
2012-08-22,61.51,61.79,61.17,61.57,531900
2012-08-23,61.42,61.75,60.94,60.99,530700
2012-08-24,61.049999,61.22,60.8,61.040001,394000
2012-08-27,61.25,61.47,60.87,60.93,229800
2012-08-28,60.8,61.09,60.72,60.83,253000
2012-08-29,60.89,61.0099983,60.72,60.8,272600
2012-08-30,60.51,60.85,60.18,60.28,275700
2012-08-31,60.75,61.02,60.36,60.52,330400
2012-09-04,60.55,60.61,59.7,60.02,488800
2012-09-05,60.099998,60.41,59.68,60.13,800600
2012-09-06,60.63,61.5,60.5,61.12,420700
2012-09-07,61.3,61.56,61.12,61.29,405200
2012-09-10,61.23,61.68,60.61,61.13,226200
2012-09-11,61.18,61.32,60.79,60.97,308500
2012-09-12,61.060001,61.16,60.27,60.34,382300
2012-09-13,60.27,61.37,60.0099983,60.86,367600
2012-09-14,61.02,61.71,60.0,60.25,499500
2012-09-17,60.060001,60.14,59.64,60.099998,387800
2012-09-18,60.099998,60.33,59.81,60.16,308600
2012-09-19,60.47,60.67,60.049999,60.48,531800
2012-09-20,60.14,60.63,60.12,60.6,380600
2012-09-21,60.96,61.13,60.45,60.47,591600
2012-09-24,60.17,60.4,59.9,60.14,251900
2012-09-25,60.31,60.41,59.79,59.86,358100
2012-09-26,59.86,59.94,59.33,59.57,327000
2012-09-27,59.78,60.099998,59.33,60.0,259600
2012-09-28,59.71,59.84,59.25,59.58,260400
2012-10-01,59.78,61.07,59.78,60.56,495000
2012-10-02,60.64,60.97,60.11,60.43,300000
2012-10-03,60.5,60.65,60.029999,60.34,197200
2012-10-04,60.65,60.74,60.23,60.6,147600
2012-10-05,60.93,61.59,60.66,60.95,264100
2012-10-08,60.82,60.92,60.25,60.75,171900
2012-10-09,60.79,61.060001,60.39,60.51,219800
2012-10-10,60.52,60.76,60.15,60.45,330600
2012-10-11,60.83,60.93,60.49,60.74,194000
2012-10-12,60.91,61.24,60.48,60.54,265900
2012-10-15,60.68,61.18,60.45,61.099998,139800
2012-10-16,61.48,62.42,61.23,62.23,235100
2012-10-17,62.54,63.11,62.23,62.9,231700
2012-10-18,62.73,62.96,62.34,62.76,249600
2012-10-19,62.52,62.52,61.59,61.69,352300
2012-10-22,63.4,64.99,62.94,64.29,760600
2012-10-23,63.51,63.87,62.9,63.62,501500
2012-10-24,64.0,64.35,63.19,63.29,369700
2012-10-25,63.51,64.080002,63.51,63.88,259600
2012-10-26,63.97,64.18,63.67,63.94,248500
2012-10-31,64.080002,64.66,63.52,64.62,448700
2012-11-01,64.62,65.52,64.11,65.27,364500
2012-11-02,65.72,65.95,64.46,64.47,331000
2012-11-05,63.93,65.32,63.34,65.32,528800
2012-11-06,65.11,66.22,63.02,64.33,830600
2012-11-07,63.91,63.91,62.080002,63.34,704600
2012-11-08,63.64,63.64,62.48,62.54,461300
2012-11-09,62.54,63.38,62.43,62.59,294600
2012-11-12,62.74,63.13,62.58,62.62,217300
2012-11-13,62.64,63.12,62.07,62.16,295200
2012-11-14,62.2,62.79,61.5,61.63,521300
2012-11-15,61.69,62.29,61.49,61.76,348300
2012-11-16,61.73,62.38,60.78,61.57,446100
2012-11-19,62.27,63.29,61.45,63.27,326900
2012-11-20,62.98,63.6,62.71,63.33,231700
2012-11-21,63.34,63.93,63.27,63.71,235400
2012-11-23,64.029999,64.4,63.4,64.33,119200
2012-11-26,63.76,64.74,63.63,64.2,312900
2012-11-27,64.21,64.68,63.78,64.17,273800
2012-11-28,63.9,64.62,63.29,64.57,348700
2012-11-29,64.9,65.089996,64.34,64.95,353500
2012-11-30,64.78,65.11,64.56,65.029999,490800
2012-12-03,65.55,65.71,64.3,64.52,298800
2012-12-04,64.48,64.89,64.26,64.63,265900
2012-12-05,64.59,64.84,64.040001,64.43,238800
2012-12-06,64.45,64.71,64.19,64.69,162000
2012-12-07,65.0,65.0,64.41,64.74,222500
2012-12-10,64.62,65.6,64.52,65.38,462900
2012-12-11,65.66,65.86,65.019997,65.17,416400
2012-12-12,65.72,66.21,65.24,65.46,564000
2012-12-13,65.38,65.62,65.22,65.43,323300
2012-12-14,65.48,65.91,65.42,65.69,297000
2012-12-17,65.79,66.4,65.66,66.38,251500
2012-12-18,66.36,67.19,66.089996,67.059998,369300
2012-12-19,66.86,67.25,66.8,66.83,382800
2012-12-20,66.83,67.42,66.47,67.41,328300
2012-12-21,67.0,67.36,66.76,66.95,1058400
2012-12-24,66.53,67.48,66.059998,67.3,134200
2012-12-26,67.54,67.79,66.99,67.34,309400
2012-12-27,67.3,67.44,66.14,67.059998,289700
2012-12-28,66.62,67.11,65.91,65.96,325000
2012-12-31,65.91,66.61,65.74,66.54,475900
2013-01-02,67.57,68.57,67.5,68.35,310800
2013-01-03,68.49,68.76,67.84,68.099998,270700
2013-01-04,68.2,68.46,67.98,68.23,358300
2013-01-07,67.88,68.27,67.82,68.14,304600
2013-01-08,67.97,68.21,67.73,68.19,455700
2013-01-09,68.41,69.029999,68.41,68.64,351800
2013-01-10,69.029999,69.14,68.26,69.050003,287800
2013-01-11,69.35,69.35,68.55,68.63,310900
2013-01-14,68.54,69.080002,68.24,69.040001,201500
2013-01-15,68.65,69.57,68.62,69.44,286800
2013-01-16,68.91,69.54,68.91,69.46,250100
2013-01-17,69.82,70.27,69.68,70.080002,238300
2013-01-18,69.88,70.58,69.61,70.56,344200
2013-01-22,70.7,70.88,69.84,70.81,337400
2013-01-23,70.65,70.82,70.16,70.29,328300
2013-01-24,70.69,71.21,70.26,70.77,433700
2013-01-25,71.050003,71.37,70.88,71.13,278200
2013-01-28,71.28,71.28,70.31,70.51,312200
2013-01-29,70.53,71.19,70.51,71.17,314100
2013-01-30,71.17,71.42,70.72,70.84,374700
2013-01-31,70.76,71.2,70.4,70.43,1022200
2013-02-01,70.76,71.39,70.32,71.32,398700
2013-02-04,71.019997,71.22,70.54,70.73,317900
2013-02-05,71.41,71.96,70.66,71.17,496000
2013-02-06,70.79,71.44,70.79,71.19,411800
2013-02-07,69.73,72.87,69.25,72.66,937700
2013-02-08,73.2,73.9,72.43,73.6,623700
2013-02-11,73.65,74.040001,72.84,73.33,289400
2013-02-12,73.51,73.79,73.2,73.44,240900
2013-02-13,73.9,74.44,73.58,74.17,292000
2013-02-14,73.86,73.99,73.31,73.8,321100
2013-02-15,73.78,74.25,73.54,73.88,329300
2013-02-19,73.83,74.16,73.49,73.85,345400
2013-02-20,73.69,73.69,72.43,72.44,447200
2013-02-21,72.47,72.55,71.43,71.91,393600
2013-02-22,72.099998,72.51,71.63,72.46,263400
2013-02-25,72.86,72.86,70.73,70.73,324300
2013-02-26,71.07,71.75,70.89,71.63,279600
2013-02-27,71.65,73.029999,71.64,72.8,309200
2013-02-28,72.89,73.34,72.55,72.98,310400
2013-03-01,72.75,73.38,72.040001,73.3,440900
2013-03-04,73.33,73.55,72.7,73.34,331400
2013-03-05,73.63,73.97,73.19,73.42,357200
2013-03-06,73.59,73.99,73.57,73.79,234200
2013-03-07,73.79,73.99,73.39,73.67,182800
2013-03-08,73.86,74.17,73.63,73.99,293700
2013-03-11,73.8,75.19,73.8,75.11,402000
2013-03-12,75.099998,75.099998,74.52,74.79,295800
2013-03-13,74.84,75.54,74.5,75.41,305000
2013-03-14,75.49,75.86,75.15,75.85,308800
2013-03-15,75.48,76.29,75.34,76.14,522500
2013-03-18,75.48,75.85,75.25,75.65,234900
2013-03-19,75.48,75.79,74.65,75.45,397800
2013-03-20,75.85,76.88,75.65,76.86,297900
2013-03-21,76.93,77.4,75.56,75.84,402000
2013-03-22,76.27,76.37,75.040001,75.44,417300
2013-03-25,75.47,76.099998,74.91,75.27,340700
2013-03-26,75.59,75.94,75.089996,75.74,192300
2013-03-27,75.34,75.44,74.8,75.4,224000
2013-03-28,75.45,76.69,75.27,76.67,468500
2013-04-01,76.35,76.69,75.33,75.48,240200
2013-04-02,75.51,75.92,75.010002,75.3,258600
2013-04-03,75.19,75.51,73.9,74.16,299000
2013-04-04,74.35,74.77,73.97,74.61,340200
2013-04-05,73.79,74.07,73.42,73.77,310700
2013-04-08,73.71,73.97,73.089996,73.95,252900
2013-04-09,74.080002,74.2,73.25,73.89,293100
2013-04-10,74.14,75.36,73.84,75.29,335100
2013-04-11,75.29,76.3,74.96,76.059998,272100
2013-04-12,75.74,76.28,75.010002,75.48,254000
2013-04-15,75.07,75.07,73.51,73.52,338700
2013-04-16,74.0,75.19,73.87,75.15,286100
2013-04-17,74.66,74.67,73.74,74.45,231700
2013-04-18,74.57,74.78,73.57,73.85,156400
2013-04-19,74.25,75.19,73.95,75.059998,397200
2013-04-22,75.18,76.32,74.12,76.099998,293400
2013-04-23,76.38,77.2,76.22,77.089996,319700
2013-04-24,77.26,77.3,76.69,76.83,274800
2013-04-25,77.22,77.32,76.56,76.86,229700
2013-04-26,76.88,76.88,75.8,75.89,217700
2013-04-29,76.12,76.77,75.88,76.49,215900
2013-04-30,76.45,77.27,75.94,77.19,428500
2013-05-01,77.0,77.0,76.19,76.21,240900
2013-05-02,76.54,76.9,76.040001,76.81,209300
2013-05-03,77.34,78.029999,77.25,77.94,201000
2013-05-06,77.76,78.31,77.55,78.19,249700
2013-05-07,77.49,79.67,74.88,79.46,276100
2013-05-08,79.45,79.73,78.57,79.72,345200
2013-05-09,79.51,79.77,79.37,79.64,275200
2013-05-10,79.7,80.22,79.5,80.17,263800
2013-05-13,80.27,80.36,79.8,80.07,213800
2013-05-14,80.12,81.67,80.12,81.44,397800
2013-05-15,81.089996,81.98,80.77,81.87,465900
2013-05-16,81.66,81.84,81.12,81.19,209700
2013-05-17,81.27,82.47,81.27,82.42,200800
2013-05-20,82.46,82.7,82.050003,82.13,200100
2013-05-21,82.019997,82.8,81.84,82.32,187500
2013-05-22,82.26,82.66,81.13,81.44,396700
2013-05-23,80.66,82.19,80.39,81.73,261600
2013-05-24,81.36,82.25,80.98,81.98,298100
2013-05-28,82.73,82.75,82.019997,82.37,360700
2013-05-29,81.86,81.98,81.11,81.61,203800
2013-05-30,81.8,81.95,81.099998,81.43,234800
2013-05-31,81.0,81.35,80.28,80.29,347100
2013-06-03,80.59,80.89,79.98,80.29,802000
2013-06-04,80.29,80.71,79.6,80.22,412500
2013-06-05,79.88,80.28,78.32,78.39,382700
2013-06-06,78.44,78.74,77.9,78.65,345300
2013-06-07,78.98,79.96,78.84,79.68,308700
2013-06-10,79.88,79.91,79.3,79.74,199600
2013-06-11,79.28,79.99,78.82,78.93,349400
2013-06-12,79.55,79.66,78.080002,78.22,258700
2013-06-13,78.21,79.17,77.62,79.080002,282700
2013-06-14,78.44,79.23,78.38,78.47,183700
2013-06-17,79.089996,79.76,78.69,79.51,447500
2013-06-18,79.88,80.18,79.71,79.95,225400
2013-06-19,80.050003,80.07,78.94,78.94,370300
2013-06-20,78.089996,78.19,76.3,76.47,363100
2013-06-21,77.16,77.31,76.29,76.6,529000
2013-06-24,75.5,75.7,73.019997,74.93,533600
2013-06-25,75.74,75.79,74.69,75.53,266000
2013-06-26,76.12,76.38,75.29,75.76,246900
2013-06-27,76.49,76.53,75.85,75.9,355100
2013-06-28,75.79,76.29,75.16,75.16,481000
2013-07-01,76.17,78.19,75.86,77.91,454700
2013-07-02,77.74,78.010002,77.029999,77.72,388400
2013-07-03,77.57,77.91,77.21,77.32,237100
2013-07-05,77.77,78.95,77.77,78.87,257200
2013-07-08,79.29,79.5,78.81,79.18,292000
2013-07-09,79.72,79.9,79.25,79.58,308900
2013-07-10,79.65,80.13,79.35,79.99,400200
2013-07-11,81.010002,81.45,80.17,80.4,278400
2013-07-12,80.25,80.49,79.85,80.16,329500
2013-07-15,80.15,80.41,79.79,79.95,197700
2013-07-16,80.14,80.14,79.15,79.57,258700
2013-07-17,80.0,80.25,79.18,79.3,221500
2013-07-18,79.31,79.86,79.18,79.52,248900
2013-07-19,79.5,79.91,79.0,79.9,297400
2013-07-22,80.010002,80.29,79.76,79.96,153500
2013-07-23,80.13,80.19,78.7,78.97,380200
2013-07-24,79.14,79.2,78.51,78.75,336900
2013-07-25,78.64,80.26,78.64,79.7,377100
2013-07-26,79.21,79.49,78.74,79.34,215900
2013-07-29,79.15,80.11,79.14,79.93,264700
2013-07-30,79.88,80.5,79.66,80.29,390700
2013-07-31,80.65,81.42,80.24,80.68,312500
2013-08-01,80.98,82.89,80.98,81.92,333800
2013-08-02,81.74,82.13,81.24,81.68,332600
2013-08-05,81.48,82.8,81.33,82.77,328100
2013-08-06,84.99,84.99,82.29,83.23,386500
2013-08-07,83.2,83.67,82.98,83.22,373800
2013-08-08,83.71,84.53,83.68,84.12,379000
2013-08-09,84.18,84.59,83.28,83.56,267400
2013-08-12,83.29,83.83,83.11,83.58,299800
2013-08-13,83.64,83.76,83.019997,83.6,311400
2013-08-14,83.52,83.93,82.83,83.040001,271900
2013-08-15,82.21,82.36,81.39,82.26,277900
2013-08-16,82.0,82.53,81.65,82.2,304900
2013-08-19,81.96,82.72,81.28,81.39,157400
2013-08-20,81.39,82.43,81.33,82.099998,235900
2013-08-21,81.96,82.28,81.040001,81.15,179100
2013-08-22,81.25,81.95,81.14,81.74,163600
2013-08-23,81.82,82.31,81.0,81.52,239300
2013-08-26,81.62,82.3,81.45,81.56,142600
2013-08-27,80.91,81.3,79.87,79.9,136400
2013-08-28,80.0,80.080002,79.52,79.62,198900
2013-08-29,79.61,79.98,79.3,79.47,258500
2013-08-30,79.66,79.95,78.78,79.010002,299900
2013-09-03,80.019997,81.019997,78.93,79.39,250400
2013-09-04,79.32,80.45,79.29,80.34,176500
2013-09-05,80.26,80.89,79.49,79.8,340000
2013-09-06,79.99,80.42,78.75,78.81,259800
2013-09-09,79.21,80.26,79.0,79.74,215500
2013-09-10,80.099998,80.92,80.040001,80.28,251600
2013-09-11,80.27,80.8,79.8,80.77,285500
2013-09-12,80.87,81.8,80.63,80.87,397800
2013-09-13,80.68,82.24,80.68,81.99,286400
2013-09-16,83.37,83.39,82.54,82.91,202100
2013-09-17,82.91,82.93,82.37,82.65,185900
2013-09-18,82.79,84.21,82.3,84.19,290300
2013-09-19,84.29,84.87,83.58,83.91,213300
2013-09-20,83.69,84.11,83.099998,83.13,292100
2013-09-23,83.22,83.31,82.51,82.51,154500
2013-09-24,82.37,83.58,81.9,82.64,258400
2013-09-25,82.66,83.050003,81.68,82.080002,255800
2013-09-26,82.57,83.059998,81.5,81.95,293900
2013-09-27,81.74,82.13,81.55,81.6,257300
2013-09-30,81.18,82.37,81.13,82.3,248700
2013-10-01,82.32,83.16,81.97,82.62,276500
2013-10-02,82.18,82.41,81.55,82.12,245500
2013-10-03,81.76,82.07,80.89,81.77,395400
2013-10-04,82.089996,83.33,81.76,82.97,254400
2013-10-07,82.32,82.72,81.37,81.41,279500
2013-10-08,81.24,81.43,79.89,79.97,265500
2013-10-09,80.32,80.77,79.59,80.16,182600
2013-10-10,81.22,81.57,80.47,81.15,227300
2013-10-11,81.15,81.67,80.77,81.080002,275300
2013-10-14,80.75,81.54,80.46,81.32,172200
2013-10-15,81.28,81.9,80.040001,80.22,288700
2013-10-16,80.88,81.62,80.6,81.11,236200
2013-10-17,80.93,82.97,80.85,82.82,289200
2013-10-18,83.21,83.31,82.17,82.34,281700
2013-10-21,82.22,82.7,82.050003,82.21,172000
2013-10-22,82.5,82.9,82.42,82.53,358800
2013-10-23,82.28,82.65,82.12,82.29,173500
2013-10-24,82.63,83.21,82.16,82.51,167600
2013-10-25,82.74,82.74,81.57,81.82,332300
2013-10-28,82.0,82.83,81.71,82.72,286100
2013-10-29,82.8,83.63,82.75,83.5,314100
2013-10-30,83.45,84.080002,82.87,83.029999,221800
2013-10-31,82.85,83.32,82.21,82.65,416500
2013-11-01,83.099998,83.18,82.18,82.87,363500
2013-11-04,82.93,83.64,82.79,83.52,356400
2013-11-05,82.89,85.050003,82.07,84.22,583600
2013-11-06,84.69,86.72,84.3,86.7,542400
2013-11-07,86.44,87.050003,85.019997,85.13,365100
2013-11-08,85.25,86.98,84.97,86.94,417300
2013-11-11,86.75,87.41,86.61,87.24,248500
2013-11-12,87.080002,87.68,86.94,87.51,321300
2013-11-13,87.31,88.84,87.3,88.82,349300
2013-11-14,89.14,90.029999,88.81,89.89,548800
2013-11-15,89.91,90.3,88.58,88.58,1315800
2013-11-18,88.91,89.14,88.26,88.56,371400
2013-11-19,88.58,89.07,88.22,88.6,263800
2013-11-20,88.63,89.050003,88.050003,88.21,287600
2013-11-21,88.59,88.9,88.059998,88.33,257800
2013-11-22,88.56,88.81,87.86,88.42,286100
2013-11-25,88.8,88.98,87.73,88.050003,261700
2013-11-26,88.98,88.98,88.059998,88.25,327500
2013-11-27,88.24,88.7,88.0,88.42,219800
2013-11-29,88.82,88.98,88.26,88.35,202500
2013-12-02,88.54,90.089996,87.77,87.87,286800
2013-12-03,87.44,87.77,85.45,86.6,574900
2013-12-04,86.12,86.49,84.58,85.25,380300
2013-12-05,84.7,85.74,84.45,84.75,484600
2013-12-06,85.75,86.33,85.36,86.31,320900
2013-12-09,86.46,86.87,85.99,86.29,255600
2013-12-10,86.22,86.43,85.46,85.96,275900
2013-12-11,86.010002,86.49,84.92,85.07,451200
2013-12-12,84.95,85.41,84.32,84.94,420800
2013-12-13,85.029999,85.59,84.56,84.7,335300
2013-12-16,84.74,85.0,83.69,84.19,616200
2013-12-17,84.14,84.64,83.51,84.050003,475000
2013-12-18,84.059998,85.56,83.050003,85.54,603000
2013-12-19,85.19,85.59,84.78,85.099998,706000
2013-12-20,85.34,85.95,84.85,85.64,1996100
2013-12-23,86.31,86.59,85.68,85.75,270400
2013-12-24,85.62,86.36,85.13,86.07,94300
2013-12-26,86.17,86.4,85.7,86.12,235900
2013-12-27,86.4,86.42,85.83,85.94,180300
2013-12-30,86.019997,86.43,85.9,85.99,368000
2013-12-31,85.9,86.28,85.67,85.98,292900
2014-01-02,85.98,86.5,85.47,85.65,346600
2014-01-03,85.79,86.17,85.54,85.92,390200
2014-01-06,86.21,86.5,85.33,85.37,449100
2014-01-07,85.51,85.99,85.13,85.45,423900
2014-01-08,85.42,85.68,84.67,84.87,489500
2014-01-09,85.28,85.32,84.57,85.07,432100
2014-01-10,85.27,86.040001,85.17,85.71,314800
2014-01-13,85.55,85.88,84.61,84.79,294000
2014-01-14,85.010002,86.0,84.56,85.86,269000
2014-01-15,85.84,86.33,85.77,86.28,297800
2014-01-16,86.19,87.19,85.5,86.87,344000
2014-01-17,87.089996,87.37,86.34,87.019997,408400
2014-01-21,87.46,88.010002,86.74,87.42,367000
2014-01-22,87.46,87.77,87.050003,87.31,397900
2014-01-23,86.56,87.22,85.89,86.35,306800
2014-01-24,85.9,86.14,85.0,85.0,516500
2014-01-27,84.88,85.42,84.51,85.059998,720100
2014-01-28,85.68,87.46,85.68,87.2,512500
2014-01-29,86.54,86.77,85.52,85.84,551300
2014-01-30,86.29,87.8,86.2,87.3,442200
2014-01-31,86.14,87.11,85.8,86.68,443700
2014-02-03,86.43,87.14,83.98,84.040001,402300
2014-02-04,84.33,84.53,83.59,83.84,448800
2014-02-05,83.5,85.0,82.91,84.65,375100
2014-02-06,84.73,86.07,84.59,85.93,317000
2014-02-07,86.39,87.040001,86.23,86.91,259000
2014-02-10,86.81,87.79,86.53,87.77,301500
2014-02-11,88.029999,88.81,87.71,88.57,294400
2014-02-12,88.58,88.91,87.62,88.11,582700
2014-02-13,88.65,90.67,87.57,90.56,630100
2014-02-14,91.089996,92.040001,90.65,91.74,386500
2014-02-18,92.029999,92.6,91.61,92.54,449000
2014-02-19,92.33,93.29,91.45,91.51,384500
2014-02-20,91.65,92.089996,90.95,91.97,405100
2014-02-21,92.25,92.63,91.35,91.39,386300
2014-02-24,91.53,92.15,91.37,91.44,276800
2014-02-25,91.39,92.42,91.24,91.71,422700
2014-02-26,91.94,93.56,91.94,93.31,584600
2014-02-27,93.17,93.5,92.87,93.18,372200
2014-02-28,93.39,94.31,93.099998,93.79,505900
2014-03-03,93.7,97.91,93.21,94.0,602800
2014-03-04,95.0,96.050003,94.11,95.98,571000
2014-03-05,95.79,96.010002,94.94,95.28,496600
2014-03-06,95.58,95.82,94.95,95.23,405800
2014-03-07,95.58,95.63,94.89,95.3,368700
2014-03-10,95.37,95.72,94.66,95.28,299600
2014-03-11,95.64,96.43,94.18,94.28,396300
2014-03-12,93.93,94.34,93.73,94.059998,396400
2014-03-13,94.37,94.82,92.63,92.74,469600
2014-03-14,92.78,93.56,92.7,92.84,484800
2014-03-17,93.31,94.15,93.029999,93.54,350700
2014-03-18,93.73,93.93,93.2,93.57,252100
2014-03-19,93.6,93.81,92.31,92.72,255700
2014-03-20,92.55,93.28,92.28,93.25,517500
2014-03-21,94.059998,94.19,93.41,93.77,769900
2014-03-24,94.31,94.75,92.39,92.81,296900
2014-03-25,92.98,93.46,92.58,93.36,493900
2014-03-26,93.58,93.96,92.59,92.59,398700
2014-03-27,92.69,93.51,92.22,93.2,438500
2014-03-28,93.29,94.5,93.27,94.14,349500
2014-03-31,94.81,95.76,94.7,95.67,513500
2014-04-01,95.73,96.48,95.43,96.41,430000
2014-04-02,96.51,96.6,96.13,96.43,707200
2014-04-03,96.66,97.029999,96.080002,96.78,612000
2014-04-04,97.12,97.41,94.54,94.85,439700
2014-04-07,94.83,95.17,93.21,93.49,746700
2014-04-08,93.23,93.56,92.17,93.099998,619100
2014-04-09,93.2,94.47,92.9,94.33,409300
2014-04-10,94.45,94.5,92.099998,92.099998,339800
2014-04-11,91.64,92.23,91.31,91.55,460500
2014-04-14,92.12,92.7,91.95,92.48,303800
2014-04-15,92.51,93.41,92.099998,93.2,520300
2014-04-16,93.76,94.77,93.54,94.38,375800
2014-04-17,94.67,95.31,94.65,95.14,377300
2014-04-21,95.019997,95.16,94.45,95.15,284800
2014-04-22,95.26,96.21,95.26,95.82,327900
2014-04-23,95.76,96.040001,95.57,95.91,326000
2014-04-24,96.31,96.55,95.37,95.68,269100
2014-04-25,95.27,95.73,94.84,95.22,361200
2014-04-28,95.44,95.77,94.7,95.49,678400
2014-04-29,95.93,96.97,95.93,96.81,435500
2014-04-30,96.53,98.56,96.22,98.52,611200
2014-05-01,98.69,98.98,98.050003,98.28,428700
2014-05-02,98.22,98.62,97.47,97.67,620400
2014-05-05,97.35,97.97,96.9,97.84,385100
2014-05-06,98.099998,98.23,97.14,98.059998,484900
2014-05-07,98.029999,100.0,98.0,100.0,455200
2014-05-08,99.76,100.93,98.56,99.0,378500
2014-05-09,98.85,99.040001,98.15,98.31,472100
2014-05-12,98.88,99.25,98.35,98.7,466600
2014-05-13,98.98,99.22,98.010002,98.2,333400
2014-05-14,98.13,98.19,97.16,97.26,375300
2014-05-15,97.14,97.23,95.51,96.27,470000
2014-05-16,96.37,97.39,96.17,97.35,342000
2014-05-19,97.19,98.099998,97.099998,97.93,234500
2014-05-20,97.93,98.0,96.59,96.94,270800
2014-05-21,97.21,98.42,97.21,98.099998,273600
2014-05-22,97.96,98.55,97.77,98.059998,198700
2014-05-23,98.0,98.92,97.8,98.86,157700
2014-05-27,99.080002,99.38,98.24,98.63,261100
2014-05-28,98.31,98.92,98.29,98.64,242400
2014-05-29,98.79,99.0,98.17,98.95,268700
2014-05-30,98.83,100.23,98.83,99.26,628600
2014-06-02,99.45,100.2,99.21,99.75,416600
2014-06-03,99.75,100.58,99.34,99.75,305200
2014-06-04,99.86,100.7,99.43,100.6,417500
2014-06-05,100.55,100.91,99.79,100.45,229000
2014-06-06,100.5,100.86,100.15,100.86,299700
2014-06-09,100.86,101.73,100.74,101.66,316100
2014-06-10,101.63,101.81,101.31,101.77,236100
2014-06-11,101.42,102.0,101.19,101.85,221000
2014-06-12,101.59,101.83,101.040001,101.12,294300
2014-06-13,101.14,101.29,100.63,100.79,270800
2014-06-16,100.79,101.34,100.11,100.35,525200
2014-06-17,100.55,101.15,99.96,100.94,230900
2014-06-18,101.07,102.97,100.73,102.94,501800
2014-06-19,102.95,103.11,102.27,102.75,315000
2014-06-20,103.46,105.61,101.75,104.81,837900
2014-06-23,104.96,105.33,103.79,104.11,329700
2014-06-24,103.65,103.99,103.099998,103.15,303100
2014-06-25,103.29,104.029999,103.17,103.84,351800
2014-06-26,103.68,103.86,102.8,103.51,192700
2014-06-27,102.84,104.44,102.79,104.37,282600
2014-06-30,104.55,104.76,103.48,104.28,309800
2014-07-01,104.73,105.37,104.19,105.12,331300
2014-07-02,104.91,105.35,104.6,105.050003,263500
2014-07-03,105.24,105.66,105.17,105.43,250900
2014-07-07,105.59,105.84,105.040001,105.28,557800
2014-07-08,105.35,105.37,104.35,104.5,382800
2014-07-09,104.98,105.2,104.16,104.38,313300
2014-07-10,103.51,104.25,103.24,103.93,243500
2014-07-11,103.93,104.43,103.84,104.25,255400
2014-07-14,104.62,104.7,104.28,104.51,259300
2014-07-15,104.79,105.07,104.089996,104.3,289100
2014-07-16,104.59,104.59,103.93,104.24,403400
2014-07-17,103.89,104.4,103.25,103.42,306500
2014-07-18,103.76,104.45,103.23,104.29,306000
2014-07-21,103.98,104.47,103.27,103.81,282400
2014-07-22,104.089996,105.07,103.67,104.089996,618500
2014-07-23,104.15,104.15,103.49,103.91,691000
2014-07-24,104.15,104.45,103.64,103.85,297800
2014-07-25,103.8,104.029999,103.31,103.81,359800
2014-07-28,103.71,104.41,103.2,104.059998,310700
2014-07-29,103.99,104.32,102.94,102.98,289400
2014-07-30,103.44,103.59,102.67,103.21,388900
2014-07-31,102.76,103.21,100.96,100.99,439800
2014-08-01,100.6,101.59,97.51,101.13,446100
2014-08-04,101.56,102.019997,100.49,101.93,372100
2014-08-05,98.0,98.94,96.23,96.48,1082700
2014-08-06,96.21,98.28,96.099998,98.050003,705900
2014-08-07,98.34,98.46,97.19,97.61,653900
2014-08-08,97.9,98.78,97.32,98.73,401000
2014-08-11,98.84,99.37,98.44,98.58,390900
2014-08-12,98.68,99.63,98.39,99.45,407700
2014-08-13,100.26,100.71,99.57,100.55,354800
2014-08-14,100.46,100.94,100.11,100.49,241900
2014-08-15,100.84,100.99,99.36,100.010002,463400
2014-08-18,100.65,101.2,100.26,100.88,310800
2014-08-19,101.35,101.67,101.040001,101.59,346400
2014-08-20,101.59,101.76,100.47,100.87,354300
2014-08-21,101.080002,101.81,100.72,101.27,327800
2014-08-22,101.18,101.62,100.75,100.78,274200
2014-08-25,100.96,101.38,100.61,100.86,461800
2014-08-26,101.16,101.28,100.61,100.71,418600
2014-08-27,101.2,101.22,100.080002,100.72,344000
2014-08-28,100.45,101.56,100.16,101.25,291400
2014-08-29,101.48,102.0,101.080002,101.59,258700
2014-09-02,101.6,102.080002,100.48,101.34,405300
2014-09-03,102.0,102.0,100.44,100.62,571000
2014-09-04,100.62,101.59,100.58,101.18,425000
2014-09-05,101.39,101.41,100.72,101.39,416400
2014-09-08,101.38,102.010002,101.28,101.34,424900
2014-09-09,100.99,101.25,98.85,98.95,640500
2014-09-10,98.93,99.47,98.64,99.019997,560700
2014-09-11,98.47,99.38,98.46,99.12,310900
2014-09-12,99.18,99.56,97.95,98.27,376100
2014-09-15,98.19,98.87,97.92,98.58,267700
2014-09-16,98.48,99.57,98.25,99.24,278100
2014-09-17,99.63,99.92,98.95,99.38,341900
2014-09-18,99.74,100.81,99.69,100.65,492100
2014-09-19,101.080002,101.33,100.22,100.73,903300
2014-09-22,100.6,100.99,99.29,99.45,464300
2014-09-23,98.89,99.07,97.49,97.5,480200
2014-09-24,97.39,97.78,97.029999,97.49,574600
2014-09-25,97.17,97.17,95.53,95.63,462700
2014-09-26,95.71,96.82,95.51,96.79,415500
2014-09-29,95.86,96.98,95.82,96.76,398600
2014-09-30,96.72,97.010002,95.64,95.88,463100
2014-10-01,95.73,95.73,94.089996,94.13,530800
2014-10-02,94.029999,94.83,93.040001,94.7,407500
2014-10-03,95.010002,95.41,94.89,95.11,419100
2014-10-06,95.25,95.73,94.29,94.53,426400
2014-10-07,94.12,94.45,93.18,93.19,492700
2014-10-08,93.35,94.89,92.75,94.86,358000
2014-10-09,94.79,94.85,92.85,93.099998,547700
2014-10-10,92.99,93.47,92.089996,92.93,724000
2014-10-13,93.0,93.39,91.64,92.029999,893100
2014-10-14,92.9,93.88,91.86,93.39,683200
2014-10-15,92.28,94.53,91.65,94.14,658800
2014-10-16,92.61,94.98,92.18,94.64,502000
2014-10-17,95.4,96.65,94.99,95.41,594100
2014-10-20,95.33,96.34,94.88,96.31,334900
2014-10-21,96.72,98.31,96.71,98.31,450400
2014-10-22,98.64,99.37,97.67,97.71,387200
2014-10-23,98.62,98.62,96.019997,96.19,700400
2014-10-24,96.31,97.4,96.059998,97.31,377300
2014-10-27,96.33,96.35,94.93,95.43,539900
2014-10-28,95.61,98.67,95.61,98.67,666700
2014-10-29,98.67,98.74,95.92,96.52,1148000
2014-10-30,96.39,97.4,96.13,97.0,392000
2014-10-31,98.36,99.18,97.8,99.15,667700
2014-11-03,99.51,99.79,97.49,98.17,552100
2014-11-04,96.17,100.44,95.46,95.5,700100
2014-11-05,95.7,97.86,95.65,97.51,661000
2014-11-06,97.7,99.27,97.5,98.94,564300
2014-11-07,99.11,99.65,98.55,98.79,432400
2014-11-10,98.93,99.47,98.86,99.29,364900
2014-11-11,99.42,100.44,99.28,99.79,311600
2014-11-12,99.66,100.17,99.059998,100.080002,266400
2014-11-13,100.3,100.8,99.58,100.080002,280300
2014-11-14,99.7,99.7,97.080002,98.14,673500
2014-11-17,97.75,98.51,97.37,98.040001,420900
2014-11-18,98.040001,98.94,97.57,98.83,463900
2014-11-19,98.84,98.97,98.18,98.62,493400
2014-11-20,98.37,99.68,98.18,99.63,569400
2014-11-21,100.46,101.07,99.94,100.14,1065300
2014-11-24,100.23,100.46,99.23,99.79,328800
2014-11-25,100.029999,100.33,99.34,99.39,548300
2014-11-26,99.41,100.18,98.71,100.12,250200
2014-11-28,100.48,102.080002,100.16,101.17,486200
2014-12-01,100.8,101.93,99.9,101.46,782200
2014-12-02,101.74,102.28,101.36,102.16,480100
2014-12-03,102.2,102.92,101.66,102.76,423100
2014-12-04,102.54,103.23,102.2,103.19,377100
2014-12-05,103.39,103.99,102.93,103.42,404700
2014-12-08,103.24,103.34,102.15,102.55,386600
2014-12-09,102.050003,103.19,102.019997,103.12,326300
2014-12-10,102.87,102.87,101.059998,101.16,463800
2014-12-11,101.34,102.56,101.17,102.25,334900
2014-12-12,101.8,101.95,100.040001,100.07,679300
2014-12-15,100.68,100.74,98.84,99.07,339300
2014-12-16,98.78,100.54,98.080002,98.65,532000
2014-12-17,99.22,100.6,98.57,100.49,529300
2014-12-18,102.17,102.53,101.34,102.53,441000
2014-12-19,103.2,103.2,102.24,102.49,597800
2014-12-22,102.49,103.050003,102.13,102.83,265000
2014-12-23,103.39,103.96,102.89,103.55,290400
2014-12-24,103.61,103.97,103.43,103.73,173900
2014-12-26,103.75,104.0,103.32,103.44,145000
2014-12-29,103.16,103.49,102.79,103.28,211600
2014-12-30,102.82,103.38,102.55,102.95,198600
2014-12-31,102.96,103.2,101.32,101.36,213100
2015-01-02,101.42,101.86,100.17,100.85,287600
2015-01-05,100.45,101.059998,98.87,99.37,381500
2015-01-06,99.79,100.43,97.59,98.15,420200
2015-01-07,98.75,99.23,97.94,99.12,516700
2015-01-08,99.89,101.68,99.8,101.64,333900
2015-01-09,102.059998,102.54,101.34,102.15,455300
2015-01-12,102.13,102.5,100.63,101.099998,288800
2015-01-13,102.0,103.050003,101.62,102.82,604800
2015-01-14,101.86,104.25,101.68,103.96,658900
2015-01-15,104.43,105.98,104.26,105.27,757700
2015-01-16,105.13,107.42,104.86,107.36,728100
2015-01-20,108.46,108.46,106.040001,107.58,507600
2015-01-21,107.24,107.78,106.16,106.83,677800
2015-01-22,107.55,110.97,107.32,110.94,784800
2015-01-23,110.82,110.89,108.059998,109.050003,890600
2015-01-26,108.77,108.88,107.59,108.37,470300
2015-01-27,107.32,107.52,106.3,106.92,521300
2015-01-28,107.52,107.89,105.18,105.26,710900
2015-01-29,105.13,106.94,105.010002,106.8,334800
2015-01-30,105.91,107.39,105.72,106.11,410300
2015-02-02,106.53,107.089996,105.35,106.78,314300
2015-02-03,107.58,108.14,106.74,108.0,476700
2015-02-04,107.69,108.41,107.3,107.71,288500
2015-02-05,108.36,108.8,107.89,108.64,278600
2015-02-06,108.78,109.099998,108.080002,109.07,346200
2015-02-09,108.81,108.88,107.11,107.38,361100
2015-02-10,107.67,108.26,107.23,107.94,371100
2015-02-11,108.089996,108.4,106.71,107.0,1050900
2015-02-12,109.33,116.48,109.33,114.77,1341700
2015-02-13,115.34,118.58,114.83,116.96,761800
2015-02-17,116.88,117.6,115.8,117.2,495500
2015-02-18,116.99,118.37,116.82,118.27,332800
2015-02-19,118.27,120.42,117.57,120.099998,526700
2015-02-20,120.010002,121.54,119.31,121.4,418200
2015-02-23,120.65,122.0,120.49,121.24,432600
2015-02-24,120.99,122.85,120.59,122.63,453000
2015-02-25,122.96,123.080002,121.43,121.87,472900
2015-02-26,122.0,122.4,121.28,121.84,470800
2015-02-27,121.95,122.51,121.12,121.93,371100
2015-03-02,121.93,122.84,117.32,122.77,401400
2015-03-03,122.31,122.64,120.77,121.69,280700
2015-03-04,121.52,121.96,120.3,121.22,346300
2015-03-05,121.25,121.54,120.23,120.88,358600
2015-03-06,120.59,120.71,118.52,119.010002,396100
2015-03-09,119.55,121.36,119.43,120.69,468600
2015-03-10,119.71,119.91,117.6,117.6,744100
2015-03-11,117.6,118.54,116.7,117.18,760600
2015-03-12,118.029999,120.010002,117.74,119.5,457700
2015-03-13,119.43,119.66,117.029999,118.040001,465500
2015-03-16,118.49,119.15,118.2,118.99,298800
2015-03-17,118.34,118.77,116.74,117.9,461700
2015-03-18,117.38,118.96,115.26,118.15,601400
2015-03-19,118.07,120.080002,117.099998,118.49,510700
2015-03-20,118.82,120.4,118.66,119.92,638300
2015-03-23,119.67,120.62,119.35,119.69,490100
2015-03-24,119.41,120.56,119.07,119.51,427500
2015-03-25,119.43,120.96,117.080002,117.080002,482300
2015-03-26,116.84,117.35,116.010002,116.7,528500
2015-03-27,117.059998,117.79,116.55,117.18,354400
2015-03-30,117.84,119.27,117.24,118.5,300800
2015-03-31,118.29,118.5,117.0,117.4,473900
2015-04-01,117.099998,118.11,116.080002,116.97,461900
2015-04-02,116.96,118.81,116.74,117.39,333500
2015-04-06,116.76,118.96,116.76,118.62,316700
2015-04-07,118.38,119.55,118.16,118.19,519000
2015-04-08,118.56,118.96,117.41,118.21,375600
2015-04-09,118.14,118.5,117.34,118.26,297300
2015-04-10,118.54,119.029999,118.21,118.97,296300
2015-04-13,119.13,120.42,118.75,118.77,297700
2015-04-14,118.89,119.45,118.059998,118.91,277200
2015-04-15,119.73,120.14,118.52,118.67,222900
2015-04-16,118.34,119.33,118.010002,118.66,255300
2015-04-17,117.91,118.62,115.89,116.28,437600
2015-04-20,117.089996,117.87,117.089996,117.67,204900
2015-04-21,117.75,118.31,116.64,116.82,237500
2015-04-22,117.0,117.26,115.16,115.99,474700
2015-04-23,116.029999,117.059998,115.44,116.57,222200
2015-04-24,116.62,117.2,115.040001,115.85,378500
2015-04-27,116.35,117.22,115.24,116.18,260900
2015-04-28,115.96,116.98,115.64,116.95,345000
2015-04-29,116.0,116.94,115.6,116.24,297100
2015-04-30,115.66,116.61,114.11,114.75,438800
2015-05-01,115.48,117.55,115.48,117.42,310100
2015-05-04,117.51,118.6,117.24,118.23,345300
2015-05-05,118.019997,118.87,116.19,116.6,267400
2015-05-06,117.36,118.12,115.8,118.099998,410100
2015-05-07,117.66,118.41,116.81,118.22,256100
2015-05-08,119.54,120.61,119.010002,119.44,298200
2015-05-11,119.019997,119.61,118.49,119.3,535900
2015-05-12,115.68,117.32,113.34,114.4,1012800
2015-05-13,114.029999,114.029999,110.57,112.69,971100
2015-05-14,113.31,115.16,112.62,115.050003,467500
2015-05-15,114.99,115.44,114.69,115.43,295400
2015-05-18,115.019997,115.49,114.82,115.28,222500
2015-05-19,115.36,116.31,115.029999,115.89,266700
2015-05-20,116.050003,117.86,115.59,117.53,419100
2015-05-21,117.29,118.46,117.29,118.26,491500
2015-05-22,117.99,118.72,117.78,118.35,364700
2015-05-26,117.47,117.97,116.47,117.099998,419500
2015-05-27,116.92,119.059998,116.85,118.82,382200
2015-05-28,118.87,119.77,118.74,119.27,337200
2015-05-29,119.45,120.2,118.5,119.040001,555700
2015-06-01,119.29,119.29,116.74,117.51,432200
2015-06-02,117.18,118.040001,116.4,116.44,382000
2015-06-03,116.65,117.050003,113.97,114.47,952100
2015-06-04,113.67,114.36,112.34,112.48,856500
2015-06-05,112.15,112.44,111.010002,111.12,627600
2015-06-08,111.2,112.26,110.31,110.34,562400
2015-06-09,110.34,110.44,109.41,109.76,607400
2015-06-10,110.27,111.040001,109.88,110.83,1131100
2015-06-11,110.9,112.07,110.69,111.45,754300
2015-06-12,111.32,111.59,110.080002,110.33,362700
2015-06-15,109.39,109.92,108.82,109.37,420500
2015-06-16,109.43,111.92,109.38,111.24,634500
2015-06-17,111.6,112.57,111.35,111.58,625500
2015-06-18,112.22,113.66,111.46,113.34,552700
2015-06-19,113.48,114.6,112.8,112.82,536400
2015-06-22,113.59,114.089996,113.0,113.53,355600
2015-06-23,113.98,114.040001,113.029999,113.21,376300
2015-06-24,112.64,113.9,112.25,112.65,421600
2015-06-25,112.73,113.53,112.5,112.62,339300
2015-06-26,113.0,113.4,112.45,112.62,401000
2015-06-29,111.6,112.36,109.23,109.29,325600
2015-06-30,110.22,110.56,108.87,109.29,441300
2015-07-01,110.28,110.79,109.66,110.22,361700
2015-07-02,110.77,110.87,109.84,110.33,374500
2015-07-06,109.17,110.64,108.91,109.7,278600
2015-07-07,109.62,110.12,108.2,109.66,410400
2015-07-08,108.67,109.24,108.25,108.45,515200
2015-07-09,109.73,110.31,108.81,108.91,333800
2015-07-10,110.4,111.35,109.58,111.15,278000
2015-07-13,112.15,112.92,111.17,112.65,331200
2015-07-14,112.51,113.33,112.4,113.16,270600
2015-07-15,112.93,113.77,112.57,112.69,315000
2015-07-16,112.98,113.55,112.18,113.35,374100
2015-07-17,113.07,113.44,112.41,112.64,220300
2015-07-20,112.18,112.39,111.42,111.61,403500
2015-07-21,111.93,114.31,111.52,111.6,493600
2015-07-22,112.4,113.99,111.5,112.27,339300
2015-07-23,112.59,113.0,111.85,112.18,380000
2015-07-24,112.040001,112.07,110.0,111.099998,381400
2015-07-27,110.51,111.42,110.11,111.11,365500
2015-07-28,111.56,113.84,110.97,113.7,439900
2015-07-29,113.65,114.82,112.75,114.57,350200
2015-07-30,114.29,116.059998,114.059998,115.51,468100
2015-07-31,116.38,116.87,115.37,115.59,474600
2015-08-03,115.45,115.75,114.68,115.3,258400
2015-08-04,115.51,116.8,115.51,116.0,258400
2015-08-05,117.19,118.080002,116.61,117.24,384500
2015-08-06,117.23,118.089996,115.72,116.42,458900
2015-08-07,116.53,116.93,115.85,116.28,283000
2015-08-10,116.74,118.87,116.33,118.81,390900
2015-08-11,115.54,117.11,112.78,114.050003,887800
2015-08-12,112.99,114.43,112.42,113.74,549900
2015-08-13,113.36,114.089996,112.43,113.22,501800
2015-08-14,113.23,114.69,113.050003,114.36,350100
2015-08-17,113.95,115.2,113.83,114.99,368200
2015-08-18,114.73,115.85,114.73,115.53,324600
2015-08-19,114.21,115.16,113.67,114.11,403300
2015-08-20,113.61,113.88,111.62,112.0,704800
2015-08-21,113.12,114.12,111.92,111.95,1065200
2015-08-24,106.87,109.13,106.2,108.0,1178300
2015-08-25,110.59,110.64,107.0,107.050003,813200
2015-08-26,109.19,109.64,107.16,108.91,553000
2015-08-27,110.16,112.25,108.94,110.7,495400
2015-08-28,110.44,111.010002,109.58,110.96,350200
2015-08-31,110.61,110.61,109.49,109.55,297700
2015-09-01,107.07,107.96,105.83,106.23,546300
2015-09-02,107.93,108.54,106.51,108.5,549800
2015-09-03,109.4,110.43,108.89,109.46,316400
2015-09-04,107.78,108.11,106.65,106.95,493700
2015-09-08,108.99,109.33,108.39,109.25,545100
2015-09-09,110.36,110.81,108.62,108.73,283500
2015-09-10,108.32,109.18,106.85,107.19,591500
2015-09-11,106.53,107.26,105.97,107.13,435900
2015-09-14,107.099998,107.36,105.92,106.12,240300
2015-09-15,106.16,106.56,105.22,106.33,356900
2015-09-16,106.21,107.86,106.17,107.69,338400
2015-09-17,107.41,109.17,107.3,107.58,267600
2015-09-18,106.099998,106.48,104.84,105.17,489900
2015-09-21,105.88,106.73,104.91,106.059998,283500
2015-09-22,105.27,105.47,104.52,105.07,357200
2015-09-23,104.69,105.7,104.23,104.71,562700
2015-09-24,104.15,105.080002,103.39,104.8,437400
2015-09-25,105.17,106.53,105.07,105.76,444300
2015-09-28,104.25,104.35,100.5,100.59,794000
2015-09-29,100.59,101.33,100.019997,101.089996,335800
2015-09-30,101.95,103.33,101.45,103.26,486900
2015-10-01,104.07,104.38,102.46,103.88,657300
2015-10-02,102.47,106.89,102.44,106.81,389000
2015-10-05,107.18,108.28,106.91,108.21,382900
2015-10-06,108.18,108.83,107.13,107.98,338500
2015-10-07,108.47,109.75,108.47,109.75,478000
2015-10-08,109.21,109.91,108.75,109.51,536600
2015-10-09,109.57,110.22,109.040001,109.53,341400
2015-10-12,109.31,110.64,108.83,110.099998,337500
2015-10-13,109.31,111.14,109.18,110.24,387800
2015-10-14,110.059998,111.14,109.86,109.98,208000
2015-10-15,110.7,111.2,110.15,111.07,413500
2015-10-16,112.0,112.56,111.47,112.53,317500
2015-10-19,111.88,113.17,111.88,112.96,389100
2015-10-20,112.9,113.41,112.45,112.78,304800
2015-10-21,113.42,113.79,111.58,111.76,269700
2015-10-22,112.73,113.76,112.49,113.73,485800
2015-10-23,114.81,114.91,113.48,113.52,360200
2015-10-26,113.56,114.92,113.47,114.67,271300
2015-10-27,114.0,114.5,112.91,113.71,340300
2015-10-28,113.65,115.52,113.44,115.050003,397100
2015-10-29,115.040001,115.82,114.2,115.51,288500
2015-10-30,115.67,117.050003,115.07,116.059998,417200
2015-11-02,116.2,116.97,115.23,116.050003,320700
2015-11-03,115.91,116.56,115.69,116.18,414600
2015-11-04,116.29,116.81,115.71,116.18,285500
2015-11-05,116.21,116.36,115.31,115.97,291900
2015-11-06,115.26,115.58,111.98,113.2,881200
2015-11-09,113.4,114.26,112.34,114.11,602600
2015-11-10,112.8,116.86,112.0,113.61,750700
2015-11-11,114.44,116.44,114.21,115.9,390700
2015-11-12,114.46,115.68,113.2,113.28,388900
2015-11-13,113.34,113.86,111.33,111.75,415600
2015-11-16,111.78,114.55,111.78,114.5,360600
2015-11-17,114.050003,116.49,114.0,115.45,437200
2015-11-18,115.67,117.52,115.12,117.44,463200
2015-11-19,117.48,119.4,116.34,117.84,505100
2015-11-20,118.099998,118.29,116.65,117.050003,280600
2015-11-23,117.23,119.099998,116.33,118.56,334800
2015-11-24,118.22,120.48,117.59,120.089996,573400
2015-11-25,120.54,120.76,119.62,120.25,328800
2015-11-27,120.23,120.87,119.15,119.85,170600
2015-11-30,120.34,121.029999,119.46,120.010002,428100
2015-12-01,117.89,122.2,117.89,122.0,673800
2015-12-02,121.56,122.21,120.099998,120.41,396900
2015-12-03,120.42,120.8,118.26,119.14,355900
2015-12-04,119.48,121.53,119.48,121.25,321100
2015-12-07,120.81,121.69,120.080002,121.28,434600
2015-12-08,120.57,121.64,119.71,121.029999,398300
2015-12-09,121.18,122.64,119.72,120.72,559500
2015-12-10,120.57,120.98,118.040001,118.31,503200
2015-12-11,116.69,117.8,115.64,116.12,1034200
2015-12-14,116.23,117.38,115.2,116.32,1146200
2015-12-15,117.64,119.0,117.52,118.18,534300
2015-12-16,119.19,121.16,118.85,120.95,344300
2015-12-17,120.81,121.089996,118.080002,118.089996,356500
2015-12-18,117.75,118.41,115.84,115.88,609500
2015-12-21,116.6,117.41,116.13,117.23,337600
2015-12-22,117.91,119.8,117.080002,119.51,292700
2015-12-23,119.88,120.050003,118.65,119.66,292400
2015-12-24,119.45,120.31,119.24,119.97,82700
2015-12-28,119.080002,120.4,118.88,120.35,189900
2015-12-29,121.34,122.080002,120.47,121.12,156200
2015-12-30,121.029999,122.089996,120.36,120.62,195800
2015-12-31,120.26,121.059998,119.6,119.64,232500
2016-01-04,118.31,118.36,116.94,118.029999,505500
2016-01-05,118.4,119.12,117.73,118.93,268100
2016-01-06,117.15,118.010002,116.37,117.17,450200
2016-01-07,115.61,116.99,114.38,116.59,667600
2016-01-08,116.99,117.35,116.18,116.34,689500
2016-01-11,117.28,118.14,116.6,117.62,457400
2016-01-12,118.67,119.57,117.35,118.33,630500
2016-01-13,118.85,118.92,115.82,116.050003,675100
2016-01-14,116.089996,117.8,115.65,117.2,389000
2016-01-15,114.93,115.73,112.53,115.31,625600
2016-01-19,116.080002,117.3,112.24,113.48,692500
2016-01-20,111.43,112.66,109.73,111.78,695700
2016-01-21,112.099998,113.9,111.099998,111.75,591900
2016-01-22,113.46,114.96,112.87,114.07,411400
2016-01-25,110.14,111.31,108.080002,110.4,1261400
2016-01-26,110.49,112.48,110.49,111.87,615400
2016-01-27,111.69,112.43,110.65,111.52,606000
2016-01-28,112.43,113.040001,110.69,112.19,638600
2016-01-29,113.15,117.0,112.77,116.96,681600
2016-02-01,116.39,119.040001,115.36,118.46,836900
2016-02-02,117.12,117.75,116.23,117.22,445500
2016-02-03,117.76,120.6,116.89,120.6,603800
2016-02-04,119.99,122.38,119.89,121.28,551400
2016-02-05,121.28,121.69,117.75,119.38,694200
2016-02-08,117.96,118.4,115.6,116.61,591900
2016-02-09,115.21,117.29,115.18,116.83,746300
2016-02-10,116.81,119.75,114.32,115.33,1069900
2016-02-11,100.5,105.3,97.24,100.49,4519000
2016-02-12,101.0,107.81,101.0,106.75,1957000
2016-02-16,105.68,108.040001,104.48,106.54,1101800
2016-02-17,107.5,108.84,105.89,106.080002,1026400
2016-02-18,106.3,107.010002,104.35,105.39,721100
2016-02-19,105.34,105.55,104.040001,105.4,768400
2016-02-22,106.27,107.54,105.2,105.28,1020800
2016-02-23,104.36,105.14,102.77,103.42,566100
2016-02-24,102.64,106.82,102.31,106.21,1027800
2016-02-25,106.25,106.73,104.2,105.019997,550800
2016-02-26,105.5,105.75,103.85,104.12,691700
2016-02-29,104.15,105.39,103.26,103.29,598800
2016-03-01,104.32,107.29,104.059998,106.62,664800
2016-03-02,105.81,106.48,104.59,105.82,592300
2016-03-03,105.94,106.089996,104.6,105.15,764300
2016-03-04,105.54,106.85,104.93,106.41,549100
2016-03-07,105.93,107.4,105.7,106.43,695700
2016-03-08,105.27,109.18,104.93,107.17,1129500
2016-03-09,107.26,107.98,106.11,107.5,563500
2016-03-10,108.0,108.99,106.59,107.68,480200
2016-03-11,109.07,110.62,108.27,109.98,435900
2016-03-14,109.36,111.33,109.18,110.33,412700
2016-03-15,110.050003,110.76,109.53,110.3,513700
2016-03-16,109.7,111.96,109.7,111.45,345000
2016-03-17,111.57,113.029999,110.91,112.88,403300
2016-03-18,113.16,115.12,112.84,113.68,962400
2016-03-21,113.68,114.13,112.81,113.94,490300
2016-03-22,113.86,115.33,111.83,114.9,596300
2016-03-23,113.91,114.49,112.81,113.63,405200
2016-03-24,112.59,113.78,111.74,113.24,671800
2016-03-28,113.4,114.12,113.31,113.84,239400
2016-03-29,113.36,114.9,112.91,114.79,361600
2016-03-30,115.42,116.18,114.21,114.58,456600
2016-03-31,114.67,115.11,113.39,113.77,384000
2016-04-01,113.19,116.51,112.95,116.38,480300
2016-04-04,116.44,116.44,114.65,115.85,454400
2016-04-05,115.040001,116.28,114.76,115.34,558700
2016-04-06,115.6,118.14,115.41,118.07,499800
2016-04-07,117.25,118.07,116.37,116.64,611100
2016-04-08,117.75,118.94,117.17,117.7,265300
2016-04-11,118.2,118.47,117.18,117.39,294700
2016-04-12,117.63,118.89,117.38,118.53,553400
2016-04-13,119.36,120.050003,118.78,119.98,757500
2016-04-14,120.13,120.31,119.089996,119.31,487900
2016-04-15,119.31,120.28,119.099998,119.99,723000
2016-04-18,119.23,121.49,118.97,121.24,373700
2016-04-19,121.9,123.43,121.33,122.28,559500
2016-04-20,121.75,122.4,119.32,120.0,787000
2016-04-21,120.44,120.73,119.25,120.15,407600
2016-04-22,120.3,120.96,119.41,120.82,388600
2016-04-25,120.22,120.33,119.32,120.11,403000
2016-04-26,120.17,121.24,119.64,120.37,374500
2016-04-27,120.52,120.91,119.78,120.27,225500
2016-04-28,119.25,120.54,118.92,119.48,289800
2016-04-29,119.28,119.68,118.3,119.47,318200
2016-05-02,119.76,120.35,119.34,119.81,436500
2016-05-03,118.78,119.61,118.27,119.36,338600
2016-05-04,118.92,120.43,118.48,118.64,407800
2016-05-05,119.28,119.85,118.36,118.62,308600
2016-05-06,118.2,118.69,117.07,118.59,614600
2016-05-09,118.68,119.98,118.42,119.89,763800
2016-05-10,122.0,127.53,121.019997,126.24,1845500
2016-05-11,126.019997,126.64,123.57,123.62,807000
2016-05-12,124.24,126.33,123.77,126.16,789400
2016-05-13,125.89,126.79,125.51,126.25,740200
2016-05-16,126.17,128.13,126.16,127.8,747200
2016-05-17,127.089996,127.69,126.38,127.5,1130700
2016-05-18,127.0,127.81,126.21,126.63,1042100
2016-05-19,126.5,128.13,125.76,128.0,442300
2016-05-20,128.64,129.17999,127.46,128.029999,584200
2016-05-23,127.79,128.089996,126.8,127.92,329200
2016-05-24,128.14999,128.47,126.54,128.25,404800
2016-05-25,128.31,129.34,128.31,129.0,275100
2016-05-26,129.050003,129.3,128.64,128.92999,450900
2016-05-27,128.92,129.37,128.16,129.34,254500
2016-05-31,129.21001,129.45,128.029999,129.0,513900
2016-06-01,129.0,129.42,128.21001,128.92,616400
2016-06-02,128.82001,128.82001,127.68,128.71001,446800
2016-06-03,128.49001,128.71001,127.28,128.33,580800
2016-06-06,128.88,129.64,128.28,128.84,495100
2016-06-07,129.10001,130.17,128.57001,129.53,314800
2016-06-08,129.75999,131.3,128.84,131.0099945,380700
2016-06-09,130.16,130.60001,129.5,129.8,482300
2016-06-10,129.020004,129.23,127.5,128.75999,726100
2016-06-13,128.49001,128.58,127.29,127.34,403000
2016-06-14,126.55,127.7,124.48,127.37,785500
2016-06-15,128.089996,128.089996,126.099998,126.21,511300
2016-06-16,125.82,126.18,124.42,125.93,767700
2016-06-17,125.95,126.0,124.26,125.5,568900
2016-06-20,126.21,127.53,126.16,127.0,692600
2016-06-21,127.59,127.93,127.050003,127.28,431900
2016-06-22,127.54,127.75,126.42,126.86,723800
2016-06-23,127.49,128.47,126.77,127.23,569200
2016-06-24,123.74,126.2,121.69,122.14,1237200
2016-06-27,121.11,121.55,117.82,119.56,1452900
2016-06-28,120.0,121.23,119.11,121.15,613000
2016-06-29,122.41,124.14,122.13,123.81,845600
2016-06-30,124.5,126.099998,123.77,126.07,676500
2016-07-01,126.47,128.10001,125.67,126.029999,374700
2016-07-05,125.67,126.18,124.77,125.69,389500
2016-07-06,125.45,127.080002,125.14,126.99,604300
2016-07-07,126.96,128.47,126.75,127.55,445800
2016-07-08,128.53,129.75,128.42,129.53,462900
2016-07-11,130.0,130.34,129.19,129.38,218000
2016-07-12,130.32001,131.48,129.17999,131.2,416700
2016-07-13,131.46001,132.36,131.25999,132.24001,384400
2016-07-14,133.070007,133.34,131.5,131.75,335900
2016-07-15,132.16,132.71001,131.81,132.10001,353800
2016-07-18,131.87,132.74001,131.28,132.22,262500
2016-07-19,131.66,133.14,131.62,132.50999,325200
2016-07-20,132.98,134.50999,131.89999,133.92,317700
2016-07-21,133.53,133.75,132.36,132.87,216800
2016-07-22,133.059998,134.42999,132.64999,134.029999,252500
2016-07-25,134.13,135.25999,133.85001,135.25,336300
2016-07-26,135.55,135.55,133.92,134.41,296600
2016-07-27,134.37,134.37,132.35001,133.2,335900
2016-07-28,132.92999,133.61,132.75999,133.25999,243700
2016-07-29,133.21001,133.55,132.42,133.25,354700
2016-08-01,133.35001,133.59,132.50999,133.39,316300
2016-08-02,133.2,133.24001,132.27,132.87,288700
2016-08-03,133.17,134.039993,132.25999,134.039993,273600
2016-08-04,134.27,136.75,134.089996,135.75999,484700
2016-08-05,136.039993,136.16,132.64,134.0099945,636700
2016-08-08,133.66,133.94,132.14999,132.71001,769500
2016-08-09,136.37,139.81,135.16,136.38,1327100
2016-08-10,136.49001,136.78,134.46001,135.53999,420600
2016-08-11,135.77,136.59,135.50999,136.039993,214200
2016-08-12,135.46001,136.45,135.17,135.59,330800
2016-08-15,136.0,136.020004,135.28999,135.89,292600
2016-08-16,135.84,135.84,133.78999,134.039993,394600
2016-08-17,134.22,134.50999,133.33,134.22,236300
2016-08-18,134.38,136.37,134.38,136.2,322400
2016-08-19,135.78,137.74001,135.23,137.53,328200
2016-08-22,137.41,137.60001,136.60001,137.59,156000
2016-08-23,138.53999,139.070007,137.39,138.089996,205000
2016-08-24,138.059998,138.64999,137.61,137.86,279800
2016-08-25,137.63,138.73,137.17,138.53999,171500
2016-08-26,138.77,139.16,135.71001,136.42,310800
2016-08-29,136.50999,137.74001,136.50999,137.45,259700
2016-08-30,137.85001,139.21001,137.47,138.45,417400
2016-08-31,138.21001,138.95,138.14999,138.58,358500
2016-09-01,138.24001,138.81,137.52,138.37,334300
2016-09-02,139.039993,139.27,138.23,138.99001,280500
2016-09-06,139.39999,139.55,138.14,138.77,245200
2016-09-07,139.11,139.34,138.020004,139.33,330800
2016-09-08,139.25999,139.27,138.52,138.63,331200
2016-09-09,137.60001,137.82001,134.74001,134.75,517400
2016-09-12,133.96001,135.23,133.58,135.0,662900
2016-09-13,135.36,137.94,134.62,135.020004,602500
2016-09-14,135.21001,135.21001,133.97,134.58,306000
2016-09-15,134.44,135.60001,133.96001,135.28,269700
2016-09-16,135.19,136.17,134.21001,135.85001,453700
2016-09-19,136.42,137.91,136.42,137.78999,305500
2016-09-20,138.88,138.92999,138.039993,138.24001,381800
2016-09-21,138.81,141.19,138.81,141.10001,480300
2016-09-22,141.52,142.089996,140.94,141.89,341900
2016-09-23,141.7,141.91,140.89999,140.89999,575800
2016-09-26,140.089996,140.89,140.080002,140.19,308100
2016-09-27,140.089996,141.3,139.5,141.27,215300
2016-09-28,141.64999,142.12,140.60001,142.0,357600
2016-09-29,141.89999,142.74001,141.19,141.98,476400
2016-09-30,142.11,143.42999,141.72,142.97,369000
2016-10-03,142.92999,143.64,141.85001,141.96001,432900
2016-10-04,141.89999,142.77,140.22,140.42,269400
2016-10-05,140.69,140.89,138.50999,138.55,643600
2016-10-06,137.83,138.8,137.0099945,138.22,710100
2016-10-07,138.46001,138.46001,136.25999,137.42999,367000
2016-10-10,138.33,138.69,137.31,137.7,269500
2016-10-11,137.53,137.53,135.039993,135.48,227800
2016-10-12,135.11,135.11,131.31,131.35001,836400
2016-10-13,130.0,130.78,128.37,130.21001,851000
2016-10-14,131.0,131.0,129.28,129.31,451800
2016-10-17,129.69,130.070007,128.63,129.10001,442800
2016-10-18,130.12,130.14,128.52,130.0,357100
2016-10-19,130.13,130.61,128.73,129.42999,426000
2016-10-20,129.32001,130.21001,129.039993,129.21001,269800
2016-10-21,128.60001,129.89,128.14999,129.75,259100
2016-10-24,130.24001,130.89999,129.86,130.52,367700
2016-10-25,130.10001,130.50999,128.85001,130.5,358200
2016-10-26,130.35001,132.64,130.14999,132.059998,743800
2016-10-27,132.3,133.67999,132.0,133.38,720900
2016-10-28,133.60001,134.96001,133.60001,134.53999,812900
2016-10-31,134.89,134.89,130.67,130.78,726400
2016-11-01,130.89999,133.99001,130.89999,133.84,785000
2016-11-02,133.8,133.97,130.5,130.64999,493900
2016-11-03,130.66,130.98,129.22,129.28999,380200
2016-11-04,129.57001,130.39999,127.91,128.66,715400
2016-11-07,130.029999,131.97,129.39999,131.12,715500
2016-11-08,124.39,127.55,119.71,126.059998,2196700
2016-11-09,123.71,125.050003,122.0,124.029999,1540100
2016-11-10,124.41,124.59,118.010002,118.47,2154400
2016-11-11,118.41,119.64,118.010002,118.4,680700
2016-11-14,118.48,119.050003,116.73,117.52,837700
2016-11-15,117.56,119.050003,117.36,118.059998,596000
2016-11-16,118.059998,121.050003,117.82,120.83,644000
2016-11-17,121.19,121.52,119.26,119.45,693600
2016-11-18,119.14,120.22,117.31,119.78,608900
2016-11-21,119.56,120.97,119.56,120.050003,413900
2016-11-22,119.95,120.85,119.67,120.34,747200
2016-11-23,119.99,121.22,119.89,120.33,623900
2016-11-25,120.32,121.9,120.27,120.38,365100
2016-11-28,120.61,121.13,119.77,120.35,452900
2016-11-29,120.41,121.9,120.0,121.25,345200
2016-11-30,121.15,121.59,120.51,121.050003,564200
2016-12-01,121.07,121.44,118.080002,118.51,772100
2016-12-02,118.99,120.17,118.36,120.07,607300
2016-12-05,120.63,121.25,119.13,121.010002,631100
2016-12-06,121.040001,122.12,120.34,121.79,535100
2016-12-07,121.53,125.07,121.53,124.66,547600
2016-12-08,124.66,126.18,124.019997,125.76,657900
2016-12-09,125.76,126.26,124.12,125.3,485500
2016-12-12,125.78,126.080002,122.91,123.2,446500
2016-12-13,123.21,123.73,121.24,121.75,738000
2016-12-14,122.22,122.69,118.31,118.43,800400
2016-12-15,118.36,120.21,118.0,120.17,636500
2016-12-16,119.29,120.0,116.64,118.010002,1460400
2016-12-19,118.35,118.65,117.31,117.87,620400
2016-12-20,117.86,118.36,117.0,117.79,373900
2016-12-21,118.12,119.27,117.23,118.24,535000
2016-12-22,117.9,119.35,117.75,119.35,466600
2016-12-23,118.7,119.14,117.98,118.24,606000
2016-12-27,118.64,119.42,118.38,119.019997,561300
2016-12-28,119.040001,119.56,118.6,118.8,407900
2016-12-29,118.82,119.21,118.65,118.9,416300
2016-12-30,118.86,119.3,117.53,117.83,504500
2017-01-03,118.45,119.67,116.73,117.17,531300
2017-01-04,117.0,118.18,115.51,117.39,705900
2017-01-05,116.94,117.44,115.12,116.099998,1010200
2017-01-06,115.67,116.53,113.16,116.019997,1013900
2017-01-09,115.25,116.2,113.5,115.56,712000
2017-01-10,116.029999,116.58,115.39,115.48,491500
2017-01-11,115.28,116.53,114.77,116.3,608100
2017-01-12,116.080002,116.73,114.95,115.26,548900
2017-01-13,115.58,117.18,115.58,116.66,427700
2017-01-17,116.72,117.78,116.39,116.81,464500
2017-01-18,117.21,117.92,116.72,117.83,501000
2017-01-19,117.67,118.029999,116.64,117.51,465800
2017-01-20,117.7,119.44,117.59,118.13,456200
2017-01-23,117.81,117.91,116.83,117.37,315600
2017-01-24,117.62,119.66,116.79,119.54,373700
2017-01-25,120.059998,120.29,119.59,119.82,416600
2017-01-26,120.040001,120.36,119.48,119.7,261500
2017-01-27,119.42,119.92,118.52,119.85,284800
2017-01-30,119.42,119.69,118.49,119.0,415900
2017-01-31,118.66,118.88,115.97,117.21,798400
2017-02-01,117.4,117.63,115.78,116.54,929800
2017-02-02,116.57,118.13,114.81,116.84,1771100
2017-02-03,117.17,118.45,116.11,117.98,699300
2017-02-06,117.55,118.040001,116.53,117.47,364800
2017-02-07,117.76,117.88,116.32,116.75,670600
2017-02-08,116.74,118.54,116.3,117.92,639500
2017-02-09,117.92,119.31,117.51,117.74,1313500
2017-02-10,118.26,119.089996,117.57,117.91,1347100
2017-02-13,118.43,120.029999,117.56,120.029999,732700
2017-02-14,119.54,119.96,117.089996,117.9,1004800
2017-02-15,117.36,119.27,117.07,119.16,669100
2017-02-16,120.83,126.34,120.0,124.029999,1933900
2017-02-17,123.68,123.86,122.099998,122.37,881600
2017-02-21,122.14,123.19,121.089996,121.62,668400
2017-02-22,121.59,122.83,121.029999,122.63,563300
2017-02-23,125.040001,128.33,123.94,125.14,1083600
2017-02-24,125.059998,125.3,124.0,125.0,516800
2017-02-27,125.11,125.15,124.13,124.81,462900
2017-02-28,124.82,126.2,124.74,125.7,506200
2017-03-01,126.12,128.38,126.019997,127.099998,624500
2017-03-02,126.94,127.47,125.5,126.13,556700
2017-03-03,126.07,126.67,124.54,125.13,345300
2017-03-06,124.41,125.13,124.21,124.39,567500
2017-03-07,124.18,125.099998,123.35,123.89,439000
2017-03-08,123.79,125.46,123.79,124.28,607600
2017-03-09,124.26,124.26,123.15,123.66,504000
2017-03-10,124.55,125.39,124.33,125.33,474500
2017-03-13,125.42,126.76,124.62,126.6,617800
2017-03-14,126.11,126.77,125.53,126.22,491400
2017-03-15,126.5,128.42999,126.019997,128.10001,571600
2017-03-16,128.28,129.089996,127.78,128.94,571200
2017-03-17,129.61,132.24001,129.32001,132.10001,1223000
2017-03-20,132.050003,135.49001,131.69,135.39999,1545500
2017-03-21,135.45,137.039993,134.48,135.10001,961500
2017-03-22,135.020004,136.98,134.5,136.89,770000
2017-03-23,135.39999,136.83,134.94,135.070007,808300
2017-03-24,135.16,135.28999,132.78999,133.19,667300
2017-03-27,132.73,133.46001,131.77,132.56,1124800
2017-03-28,131.98,132.35001,130.61,131.55,843400
2017-03-29,131.42,132.21001,130.98,131.96001,972900
2017-03-30,131.81,133.42,131.64,132.37,405100
2017-03-31,132.45,133.42999,132.020004,132.53,498100
2017-04-03,132.74001,132.78,131.25,131.59,389400
2017-04-04,131.97,132.45,130.99001,131.45,320900
2017-04-05,131.38,132.89,131.38,131.77,608700
2017-04-06,131.88,133.36,131.42,133.039993,589300
2017-04-07,132.31,133.2,132.080002,132.25,347300
2017-04-10,132.080002,133.089996,131.77,132.85001,374500
2017-04-11,132.89,133.81,132.36,133.39999,318200
2017-04-12,133.17999,133.17999,132.080002,132.56,498700
2017-04-13,132.49001,133.36,131.91,131.94,230600
2017-04-17,132.31,133.14999,131.86,133.020004,339500
2017-04-18,132.45,134.78,132.10001,134.070007,331300
2017-04-19,134.080002,135.2,133.75999,134.53,366200
2017-04-20,134.83,136.10001,134.39999,135.8,268100
2017-04-21,135.99001,136.57001,135.74001,136.12,283100
2017-04-24,137.059998,138.42999,136.82001,138.029999,398100
2017-04-25,138.89,139.87,137.72,139.089996,377400
2017-04-26,139.039993,139.8,138.59,138.8,378000
2017-04-27,139.14,140.2,138.81,139.73,382300
2017-04-28,139.58,139.58,138.36,138.59,301200
2017-05-01,139.19,139.3,138.10001,138.98,195400
2017-05-02,138.87,138.92999,136.41,138.22,305200
2017-05-03,138.48,139.0,137.50999,138.83,269800
2017-05-04,138.89999,139.75,137.67999,138.47,550100
2017-05-05,138.95,139.87,138.81,139.27,567800
2017-05-08,139.27,139.47,136.88,137.38,882100
2017-05-09,133.75,133.75,128.5,128.98,1749000
2017-05-10,128.42,130.45,128.42,130.33,609300
2017-05-11,130.28,131.0,129.55,130.85001,348900
2017-05-12,130.7,130.92,129.97,130.71001,360000
2017-05-15,130.97,132.92999,130.53,132.49001,449400
2017-05-16,132.47,133.52,132.0099945,133.16,367700
2017-05-17,133.16,134.89999,132.089996,133.14999,649900
2017-05-18,132.28999,135.089996,131.35001,134.25999,407400
2017-05-19,134.52,135.39999,134.17,134.81,336500
2017-05-22,135.61,136.080002,135.0099945,135.85001,290500
2017-05-23,135.91,137.039993,135.64,136.52,301700
2017-05-24,136.12,138.50999,136.12,137.89999,439900
2017-05-25,137.89999,138.89999,137.57001,138.41,1105500
2017-05-26,138.46001,138.85001,138.029999,138.44,243900
2017-05-30,137.94,138.14,136.59,136.99001,458500
2017-05-31,137.19,138.070007,136.45,137.89,429000
2017-06-01,137.72,139.77,137.59,138.17999,411500
2017-06-02,138.22,139.34,138.020004,139.24001,279700
2017-06-05,139.42,140.44,138.95,139.45,326900
2017-06-06,138.87,139.69,138.21001,138.8,347000
2017-06-07,138.22,139.67999,137.74001,137.87,362600
2017-06-08,137.87,137.87,135.12,135.69,521000
2017-06-09,136.12,137.23,135.86,137.2,482900
2017-06-12,137.37,137.67,136.25,136.44,297100
2017-06-13,136.12,136.97,134.47,136.5,441200
2017-06-14,136.64999,137.28999,135.0099945,136.50999,485100
2017-06-15,135.88,136.41,134.050003,135.089996,709600
2017-06-16,135.12,135.59,134.0099945,134.58,1135200
2017-06-19,135.10001,136.64999,134.53999,136.14,389100
2017-06-20,136.21001,137.33,136.029999,136.19,373700
2017-06-21,136.82001,137.37,135.71001,136.080002,454300
2017-06-22,135.83,135.83,134.33,135.13,310000
2017-06-23,135.23,136.71001,134.82001,136.14999,402200
2017-06-26,136.46001,138.0,135.75,137.070007,398800
2017-06-27,137.070007,137.11,135.28999,135.37,296300
2017-06-28,136.25,136.94,135.67,135.91,376600
2017-06-29,136.039993,136.039993,132.39,133.48,422900
2017-06-30,133.86,135.94,133.86,135.0,420000
2017-07-03,135.60001,136.059998,134.83,134.89999,149100
2017-07-05,134.99001,135.41,133.85001,134.21001,401700
2017-07-06,133.28,133.47,132.029999,132.16,275900
2017-07-07,132.21001,132.61,131.48,131.88,420300
2017-07-10,131.83,132.50999,131.13,131.69,325700
2017-07-11,131.82001,132.37,130.94,131.98,288700
2017-07-12,132.71001,133.72,132.42,133.56,354100
2017-07-13,133.55,133.58,132.029999,132.73,516500
2017-07-14,132.95,134.36,132.46001,133.73,392100
2017-07-17,133.75999,134.39999,133.13,133.88,385600
2017-07-18,133.77,135.69,133.77,135.059998,303500
2017-07-19,135.38,136.27,134.63,135.23,370000
2017-07-20,135.13,135.13,132.66,133.37,396300
2017-07-21,133.17999,133.17999,131.39,133.0099945,406100
2017-07-24,132.88,132.88,131.27,132.50999,372200
2017-07-25,133.17,134.86,132.85001,132.98,527600
2017-07-26,133.039993,133.94,132.75999,133.38,505700
2017-07-27,133.37,134.25,133.089996,133.58,449900
2017-07-28,133.64,133.81,132.59,133.14999,340600
2017-07-31,133.36,133.99001,132.86,133.17999,438700
2017-08-01,133.67999,135.13,133.46001,134.57001,445800
2017-08-02,134.36,135.61,133.56,133.84,636800
2017-08-03,134.020004,134.85001,133.25,134.33,672000
2017-08-04,134.61,135.0099945,134.27,134.8,354700
2017-08-07,134.75999,135.48,134.53,134.81,439700
2017-08-08,134.67999,136.0099945,134.37,134.64,667500
2017-08-09,136.22,140.0,134.61,139.67999,1016600
2017-08-10,139.19,139.53,136.53,136.85001,728700
2017-08-11,137.19,137.19,134.47,135.38,372000
2017-08-14,136.21001,137.39999,135.89,137.059998,280700
2017-08-15,137.22,138.0,136.63,137.070007,362400
2017-08-16,137.39,138.7,136.92,138.53999,265500
2017-08-17,137.94,138.32001,135.23,135.28,252000
2017-08-18,135.059998,135.84,134.11,134.83,352100
2017-08-21,134.85001,135.3,134.14999,134.88,271300
2017-08-22,134.94,136.039993,134.83,135.86,179700
2017-08-23,134.78999,135.66,134.62,135.12,284600
2017-08-24,135.61,135.87,135.11,135.23,181400
2017-08-25,135.42,136.61,135.42,135.92,168800
2017-08-28,136.25,136.50999,135.47,136.14,170700
2017-08-29,135.24001,136.41,134.92999,135.95,224400
2017-08-30,135.67,137.37,135.67,136.22,256600
2017-08-31,136.66,137.059998,136.17,136.85001,282200
2017-09-01,137.10001,138.39,137.10001,137.94,205400
2017-09-05,137.75,139.48,137.53,139.25999,342100
2017-09-06,139.7,139.73,137.97,139.059998,237400
2017-09-07,139.32001,140.74001,139.32001,140.56,296700
2017-09-08,140.53,142.38,140.3,141.83,267900
2017-09-11,142.78,144.029999,142.10001,143.14,318000
2017-09-12,143.37,144.12,142.50999,143.21001,416900
2017-09-13,143.089996,143.69,142.72,143.14,284800
2017-09-14,142.88,143.89999,142.67,143.66,232100
2017-09-15,143.56,144.13,143.22,143.78,393700
2017-09-18,144.029999,144.44,143.25999,144.14,192600
2017-09-19,144.39999,144.72,143.75999,144.62,158900
2017-09-20,144.64,145.52,144.12,145.0099945,267500
2017-09-21,144.84,145.14,143.39999,143.77,371700
2017-09-22,143.13,144.45,142.75999,144.21001,380700
2017-09-25,143.95,144.99001,143.39999,144.89,257400
2017-09-26,145.49001,145.89,143.8,143.83,221400
2017-09-27,144.029999,144.029999,139.67999,141.020004,667900
2017-09-28,140.85001,143.25,140.85001,142.60001,255300
2017-09-29,142.58,143.38,142.48,142.91,266900
2017-10-02,143.27,144.63,142.98,144.47,395300
2017-10-03,144.75999,145.92,144.23,145.91,351900
2017-10-04,145.85001,146.92,145.38,146.64999,267200
2017-10-05,147.17999,147.5,146.46001,147.25,407800
2017-10-06,146.59,146.85001,144.96001,145.63,296900
2017-10-09,145.61,147.059998,145.49001,146.38,436800
2017-10-10,146.39,148.33,146.28,148.25999,415500
2017-10-11,148.21001,148.49001,147.029999,147.73,293700
2017-10-12,147.42,148.28999,147.25,147.59,290800
2017-10-13,148.39999,148.71001,147.37,148.17999,170700
2017-10-16,148.41,149.84,147.83,149.78,223200
2017-10-17,149.59,149.67,148.47,148.58,208300
2017-10-18,148.53,148.99001,147.10001,147.28,311300
2017-10-19,146.96001,148.19,146.13,148.12,157800
2017-10-20,148.78,150.38,148.28,150.36,237000
2017-10-23,150.50999,151.039993,150.0,150.16,264800
2017-10-24,150.3,150.3,148.37,149.050003,218600
2017-10-25,149.070007,150.2,148.14999,149.2,263000
2017-10-26,149.63,150.3,148.7,150.0,171300
2017-10-27,149.67,150.22,148.39999,148.56,228100
2017-10-30,148.089996,148.38,146.42999,146.77,214800
2017-10-31,146.82001,147.48,146.21001,147.42,259800
2017-11-01,147.74001,148.94,147.50999,148.32001,266600
2017-11-02,148.67999,148.92999,147.020004,148.2,299800
2017-11-03,147.96001,149.020004,147.45,148.31,280600
2017-11-06,148.60001,148.60001,146.42999,146.45,342100
2017-11-07,153.0,153.97,149.50999,149.99001,782800
2017-11-08,149.85001,149.87,147.25,147.53,435200
2017-11-09,147.2,147.55,146.31,146.74001,235100
2017-11-10,145.45,147.64999,145.45,146.77,282200
2017-11-13,146.58,149.8,146.48,149.72,202200
2017-11-14,148.95,150.71001,148.34,150.64999,233800
2017-11-15,149.61,149.61,147.87,147.95,192000
2017-11-16,148.63,149.36,148.0,148.59,265200
2017-11-17,148.039993,148.95,147.50999,148.75,210200
2017-11-20,149.13,150.0,148.48,149.94,245600
2017-11-21,150.72,152.22,150.55,151.71001,209400
2017-11-22,151.73,152.17999,150.45,150.98,203600
2017-11-24,151.22,152.64999,151.22,152.38,138600
2017-11-27,152.3,153.28,151.28,151.47,225100
2017-11-28,151.97,154.72,151.97,154.45,225500
2017-11-29,154.61,155.5,153.84,154.56,210900
2017-11-30,154.82001,156.64,154.089996,155.44,542200
2017-12-01,156.2,156.2,152.56,154.7,280900
2017-12-04,155.28999,155.28999,153.88,154.34,411800
2017-12-05,154.52,155.87,153.28,154.97,255900
2017-12-06,154.46001,154.63,153.44,153.8,262900
2017-12-07,154.21001,154.21001,153.0099945,153.25999,203500
2017-12-08,153.88,153.89999,152.82001,153.039993,238300
2017-12-11,153.050003,153.14,151.78999,152.3,253800
2017-12-12,152.31,152.53,151.48,152.25999,186700
2017-12-13,152.56,153.33,150.45,153.039993,361100
2017-12-14,153.23,153.25,151.58,151.63,211200
2017-12-15,152.58,154.39999,152.38,154.17,526000
2017-12-18,154.75999,155.42999,153.99001,154.34,213200
2017-12-19,154.12,154.75999,153.35001,154.39999,244400
2017-12-20,154.75,154.75999,152.99001,153.070007,205000
2017-12-21,153.23,153.48,151.45,151.86,180900
2017-12-22,152.25,152.57001,151.55,152.50999,162800
2017-12-26,152.89,152.89,151.97,152.24001,94100
2017-12-27,152.57001,153.42,151.75999,152.92,175800
2017-12-28,152.67999,153.91,152.089996,153.77,227700
2017-12-29,154.17,154.8,152.59,152.61,189600
2018-01-02,153.039993,154.56,152.53999,154.56,264500
2018-01-03,154.92999,156.59,154.53,155.74001,243900
2018-01-04,156.28,157.22,153.59,153.75999,371300
2018-01-05,154.46001,156.92999,154.32001,156.87,259900
2018-01-08,156.84,156.84,155.45,155.83,208000
2018-01-09,155.92999,156.49001,154.14,154.25999,214200
2018-01-10,154.3,154.75,152.28999,153.78,264600
2018-01-11,154.5,154.5,152.83,153.53,388800
2018-01-12,154.17,154.2,152.22,153.7,366700
2018-01-16,154.7,155.44,152.11,152.53999,252000
2018-01-17,155.53,157.39999,154.92999,156.55,789000
2018-01-18,156.24001,156.88,153.17,155.13,357400
2018-01-19,155.83,155.83,154.49001,155.19,398300
2018-01-22,154.82001,154.82001,152.7,153.059998,443600
2018-01-23,153.0,153.37,151.31,153.0099945,322000
2018-01-24,153.020004,153.75,151.89,152.86,291500
2018-01-25,153.61,155.13,153.080002,154.85001,461200
2018-01-26,155.27,155.27,153.23,153.49001,433800
2018-01-29,153.39999,153.89,150.88,150.89999,338300
2018-01-30,150.23,150.89,148.58,149.91,428100
2018-01-31,150.24001,151.24001,149.0,150.3,445500
2018-02-01,149.48,150.48,146.92,147.99001,542900
2018-02-02,146.94,147.81,146.070007,146.13,382200
2018-02-05,145.35001,146.86,140.94,140.96001,420700
2018-02-06,139.28999,142.53,137.85001,142.41,578500
2018-02-07,141.97,144.86,141.42,142.7,352200
2018-02-08,142.13,142.66,137.92999,138.0,369500
2018-02-09,139.36,141.27,136.85001,140.39999,407500
2018-02-12,141.039993,143.25,140.55,142.42,271000
2018-02-13,141.63,143.39,140.22,143.059998,425200
2018-02-14,141.94,145.12,141.080002,144.85001,680000
2018-02-15,138.92999,145.089996,135.080002,144.020004,761300
2018-02-16,143.58,144.59,141.42999,141.83,447200
2018-02-20,141.36,144.029999,141.10001,142.38,436800
2018-02-21,142.57001,143.41,141.42999,141.44,492200
2018-02-22,142.23,143.97,141.85001,142.66,545800
2018-02-23,143.67,145.89,142.47,145.82001,323700
2018-02-26,145.75999,145.98,143.88,145.42999,232500
2018-02-27,145.75,145.89999,142.58,142.58,315400
2018-02-28,142.67999,143.62,141.19,141.25,388100
2018-03-01,141.41,141.77,138.029999,138.38,380200
2018-03-02,137.86,138.53,136.86,137.84,636400
2018-03-05,137.34,139.27,137.050003,138.57001,943900
2018-03-06,139.48,140.27,138.85001,139.63,928800
2018-03-07,138.57001,140.13,137.99001,139.32001,527400
2018-03-08,139.85001,140.029999,137.92999,139.0,704500
2018-03-09,139.97,141.24001,139.39999,141.0099945,607800
2018-03-12,141.029999,142.81,141.029999,142.050003,819200
2018-03-13,143.0099945,143.47,140.8,141.28999,258000
2018-03-14,141.67,141.69,139.089996,139.28999,338000
2018-03-15,139.17,140.059998,138.83,139.029999,349500
2018-03-16,137.63,139.089996,136.41,138.74001,837200
2018-03-19,138.0099945,139.2,137.059998,137.84,357900
2018-03-20,138.0099945,138.0099945,135.25,135.62,486100
2018-03-21,135.86,137.5,135.37,136.080002,394900
2018-03-22,135.46001,135.86,133.22,133.25,417200
2018-03-23,133.0,135.12,132.49001,132.60001,548200
2018-03-26,133.61,136.14,133.61,135.81,415100
2018-03-27,135.89,137.99001,135.050003,135.39999,386400
2018-03-28,135.71001,136.74001,134.87,135.059998,302400
2018-03-29,135.73,137.89,135.23,136.91,286100
2018-04-02,136.83,136.95,133.14999,134.10001,398700
2018-04-03,134.33,135.88,133.67,135.34,359800
2018-04-04,134.2,137.14999,133.62,137.020004,258800
2018-04-05,137.74001,138.92,137.23,138.28,256900
2018-04-06,137.35001,138.27,134.53,135.33,274100
2018-04-09,135.91,137.39,134.92,135.87,314600
2018-04-10,136.86,138.17,135.44,137.029999,297400
2018-04-11,136.11,137.0,135.58,136.46001,306600
2018-04-12,137.0099945,137.7,136.56,137.34,792000
2018-04-13,137.86,138.21001,136.84,137.67999,562800
2018-04-16,138.56,140.53,137.74001,140.46001,346500
2018-04-17,141.12,142.28999,140.83,142.080002,405300
2018-04-18,142.28,143.48,141.8,143.039993,470300
2018-04-19,142.45,142.96001,140.24001,141.63,442700
2018-04-20,141.99001,142.46001,140.13,141.60001,951800
2018-04-23,141.50999,141.92,140.3,141.0099945,385700
2018-04-24,141.31,141.42,137.8,138.33,414200
2018-04-25,137.88,140.71001,136.96001,140.25,489000
2018-04-26,140.63,142.55,139.45,142.050003,335600
2018-04-27,141.92,143.14,141.37,142.81,336700
2018-04-30,142.96001,143.50999,141.12,141.25999,325900
2018-05-01,140.50999,142.059998,139.45,142.059998,337600
2018-05-02,141.7,142.37,139.60001,140.10001,340700
2018-05-03,139.81,140.92999,139.32001,140.080002,346400
2018-05-04,139.50999,143.080002,139.50999,142.14999,417700
2018-05-07,136.94,137.0,126.080002,126.89,3248600
2018-05-08,126.91,129.69,125.34,126.49,2437700
2018-05-09,127.11,131.14999,126.050003,130.39,1424500
2018-05-10,131.039993,131.039993,126.8,127.44,1117000
2018-05-11,127.97,128.62,127.33,127.62,869000
2018-05-14,125.39,127.31,124.68,126.3,1794300
2018-05-15,125.9,125.96,123.36,123.95,1124900
2018-05-16,123.62,125.0,123.19,124.059998,1086000
2018-05-17,124.44,125.76,123.92,125.07,1037000
2018-05-18,125.33,128.36,125.28,126.36,2375600
2018-05-21,127.25,127.25,124.75,125.029999,676700
2018-05-22,125.62,125.99,124.68,124.97,814600
2018-05-23,125.099998,125.66,124.099998,125.15,898500
2018-05-24,125.2,125.35,123.7,124.96,593900
2018-05-25,124.38,126.25,124.36,125.39,1005300
2018-05-29,124.9,125.49,123.8,124.11,712900
2018-05-30,124.48,125.18,124.11,124.81,702800
2018-05-31,125.28,125.28,122.11,122.13,926800
2018-06-01,123.019997,125.28,122.88,124.019997,1058300
2018-06-04,124.53,124.98,123.29,124.54,747600
2018-06-05,124.92,125.76,124.31,124.43,893200
2018-06-06,124.77,125.61,123.38,125.6,805600
2018-06-07,125.44,127.07,125.11,126.22,675500
2018-06-08,125.0,126.87,124.75,126.41,561400
2018-06-11,125.96,126.35,124.74,125.56,549600
2018-06-12,125.56,125.84,124.11,124.43,1058000
2018-06-13,124.67,124.67,123.19,123.53,800100
2018-06-14,124.23,125.12,123.16,124.51,1086900
2018-06-15,124.69,126.34,124.15,126.21,1137100
2018-06-18,125.059998,125.94,125.059998,125.55,700100
2018-06-19,124.75,125.65,124.41,125.31,735600
2018-06-20,125.0,125.93,124.56,125.52,467300
2018-06-21,125.23,125.71,124.41,124.67,536000
2018-06-22,124.34,125.050003,124.0,124.6,535900
2018-06-25,124.59,124.8,123.15,123.64,549200
2018-06-26,123.81,124.099998,123.099998,123.2,412400
2018-06-27,123.78,125.050003,123.080002,123.12,465800
2018-06-28,123.15,123.97,122.12,123.7,483800
2018-06-29,124.21,124.55,123.53,123.96,472600
2018-07-02,123.72,124.089996,122.94,123.56,440600
2018-07-03,124.089996,124.53,122.72,122.95,283400
2018-07-05,122.93,124.52,122.88,124.5,597600
2018-07-06,123.61,125.49,123.61,125.21,378200
2018-07-09,125.24,125.87,124.92,125.73,470400
2018-07-10,125.81,129.19,125.37,128.94,770500
2018-07-11,127.99,128.78999,127.5,127.77,716900
2018-07-12,128.7,128.7,127.83,128.16,347800
2018-07-13,128.11,128.73,127.85,128.25999,296600
2018-07-16,128.56,128.56,126.98,127.38,476500
2018-07-17,127.39,129.21001,127.17,128.99001,351400
2018-07-18,129.21001,129.95,128.16,128.23,564200
2018-07-19,127.89,130.0099945,126.71,129.89999,709900
2018-07-20,129.92,130.050003,128.22,128.94,639500
2018-07-23,128.5,128.50999,127.019997,127.21,629200
2018-07-24,128.0,129.2,127.07,128.47,572900
2018-07-25,128.42999,129.53,126.79,129.14,508800
2018-07-26,129.39,131.53,129.38,131.27,429900
2018-07-27,131.28,132.49001,130.5,131.22,324800
2018-07-30,131.27,131.91,130.17,130.35001,411100
2018-07-31,130.62,133.070007,130.62,132.75999,511300
2018-08-01,132.5,133.17999,131.85001,132.38,761000
2018-08-02,132.029999,132.78999,131.52,132.17,668200
2018-08-03,132.8,134.46001,132.7,134.2,672400
2018-08-06,133.49001,135.48,132.42,134.10001,772700
2018-08-07,134.48,135.22,133.34,134.23,809200
2018-08-08,134.58,135.69,132.070007,134.25999,769700
2018-08-09,134.89,135.37,134.17999,134.45,535700
2018-08-10,133.75,134.48,132.36,132.41,683700
2018-08-13,132.41,133.2,130.74001,131.25,569800
2018-08-14,131.25999,132.63,131.24001,131.3,459500
2018-08-15,130.83,131.28,129.75999,131.16,501400
2018-08-16,131.78999,132.23,131.41,131.62,431700
2018-08-17,131.87,132.84,131.66,132.16,1591000
2018-08-20,132.75999,133.86,132.41,133.7,490000
2018-08-21,133.86,134.50999,132.71001,133.10001,540300
2018-08-22,133.2,133.2,131.16,131.60001,343800
2018-08-23,131.13,131.34,130.45,130.83,503500
2018-08-24,131.17999,131.75999,130.080002,131.71001,266000
2018-08-27,131.96001,131.98,130.95,131.23,478100
2018-08-28,131.25,131.56,130.059998,130.39999,352500
2018-08-29,130.39,130.44,129.36,130.27,393700
2018-08-30,130.12,130.64999,129.12,129.88,473600
2018-08-31,129.55,130.53,129.24001,130.28999,460800
2018-09-04,129.87,130.070007,128.080002,129.59,761900
2018-09-05,129.31,129.85001,127.58,127.72,936600
2018-09-06,127.8,130.95,127.8,129.88,1487800
2018-09-07,129.22,129.58,126.73,127.059998,634900
2018-09-10,127.5,128.78,127.19,128.64999,599900
2018-09-11,126.45,128.82001,124.63,127.31,1035600
2018-09-12,127.4,132.16,126.95,131.14999,1843600
2018-09-13,135.17,138.66,133.85001,137.23,6844100
2018-09-14,137.95,138.28999,135.57001,136.5,1626400
2018-09-17,136.23,137.44,135.25,136.49001,1683600
2018-09-18,136.67999,138.64999,136.25,138.25,1048500
2018-09-19,138.44,139.2,136.67,137.50999,1177600
2018-09-20,138.63,140.42,137.83,139.91,1996500
2018-09-21,139.87,141.67999,139.5,140.46001,2356500
2018-09-24,139.89999,141.039993,138.5,138.66,1178100
2018-09-25,138.87,139.61,136.78,137.039993,1721600
2018-09-26,136.67999,137.98,135.45,137.0099945,1210100
2018-09-27,136.99001,138.69,136.99001,138.53999,1478000
2018-09-28,138.25,140.56,138.25,139.12,3888300
2018-10-01,139.47,141.050003,137.96001,138.46001,1284900
2018-10-02,138.86,139.77,138.49001,139.39999,1137200
2018-10-03,139.39999,139.53,136.39999,136.46001,1059800
2018-10-04,135.57001,137.42999,132.98,137.39,1953300
2018-10-05,137.029999,138.75,137.029999,138.57001,1200300
2018-10-08,138.57001,139.78999,137.95,139.45,1121000
2018-10-09,138.60001,139.5,137.39,137.49001,2777600
2018-10-10,137.88,137.88,133.8,134.0,1568700
2018-10-11,134.0,134.78999,131.52,132.63,1866300
2018-10-12,134.89999,135.13,129.64999,130.92,1470500
2018-10-15,129.99001,132.97,129.60001,131.63,2001200
2018-10-16,133.0,137.60001,132.74001,137.53,1551600
2018-10-17,137.3,139.19,137.22,138.23,844400
2018-10-18,138.24001,138.3,135.88,136.86,772100
2018-10-19,137.31,139.84,137.14,139.12,1025000
2018-10-22,139.87,140.48,137.89,139.71001,786000
2018-10-23,138.25999,140.81,137.16,139.72,1306700
2018-10-24,139.5,140.49001,137.10001,137.35001,867000
2018-10-25,138.85001,140.52,137.84,139.73,652100
2018-10-26,138.5,141.059998,136.5,140.13,1122500
2018-10-29,142.0099945,142.56,138.55,139.78999,1101000
2018-10-30,140.080002,144.60001,139.17,144.39,1161600
2018-10-31,145.050003,145.95,143.83,144.66,987400
2018-11-01,145.0,146.86,144.10001,146.2,676100
2018-11-02,146.89999,147.19,145.070007,145.98,661700
2018-11-05,145.88,146.32001,143.97,146.029999,965500
2018-11-06,143.99001,150.57001,142.13,148.69,1050100
2018-11-07,149.14999,149.5,142.14999,145.11,1163500
2018-11-08,145.10001,147.22,144.48,147.22,604600
2018-11-09,146.64999,147.039993,144.62,145.85001,587000
2018-11-12,145.67999,146.34,142.89,143.0,912600
2018-11-13,143.17999,144.24001,142.0,142.95,752100
2018-11-14,142.3,143.95,141.029999,141.42999,798300
2018-11-15,140.55,142.75,139.72,142.47,803900
2018-11-16,141.0,143.37,139.0,143.070007,606300
2018-11-19,142.58,143.42999,139.72,140.59,621600
2018-11-20,138.74001,139.67999,137.36,138.21001,1074600
2018-11-21,139.46001,140.73,138.94,139.49001,647200
2018-11-23,138.91,140.33,138.34,139.74001,261300
2018-11-26,140.37,141.070007,138.48,139.85001,603400
2018-11-27,138.82001,140.53999,137.77,140.029999,749700
2018-11-28,140.28999,141.56,138.85001,140.58,1242900
2018-11-29,140.45,142.41,140.10001,141.58,767600
2018-11-30,141.47,142.3,140.92999,141.63,1148800
2018-12-03,142.25999,142.28999,140.28,141.78999,1140300
2018-12-04,141.95,143.69,137.98,138.25,1352600
2018-12-06,138.080002,139.94,135.77,138.75999,1392300
2018-12-07,139.039993,140.81,136.35001,137.0,855100
2018-12-10,136.0,138.28999,134.60001,137.7,984300
2018-12-11,139.48,140.25,137.28,137.77,916100
2018-12-12,139.78999,140.19,136.64999,136.73,619000
2018-12-13,136.86,137.61,134.98,135.53,960600
2018-12-14,134.89,135.86,134.25,135.5,845600
2018-12-17,135.75999,135.95,130.86,132.059998,1451800
2018-12-18,132.96001,134.13,131.91,132.45,1289400
2018-12-19,133.050003,134.78999,130.61,131.36,1013500
2018-12-20,131.029999,131.029999,127.22,128.32001,1354000
2018-12-21,128.24001,131.94,127.34,128.21001,1983000
2018-12-24,128.050003,128.67999,124.88,124.95,498800
2018-12-26,127.96,130.33,125.62,130.28999,850000
2018-12-27,129.17999,132.45,127.83,132.42,823700
2018-12-28,132.83,133.92999,130.71001,132.23,562100
2018-12-31,133.080002,134.27,132.49001,134.27,619700
2019-01-02,133.33,135.35001,132.88,134.58,1067000
2019-01-03,134.28999,135.0,131.14999,131.25999,889900
2019-01-04,133.070007,136.62,131.92999,136.13,694100
2019-01-07,135.72,138.28,135.66,137.69,653500
2019-01-08,138.34,138.74001,136.020004,137.089996,748100
2019-01-09,137.60001,137.60001,135.0099945,136.58,766800
2019-01-10,135.66,136.13,134.62,135.72,737200
2019-01-11,134.39999,136.020004,133.87,134.95,920200
2019-01-14,134.020004,134.55,132.87,133.48,485400
2019-01-15,133.070007,133.61,132.44,133.59,557700
2019-01-16,133.50999,134.41,133.23,134.37,868200
2019-01-17,134.34,135.91,134.31,135.5,543600
2019-01-18,136.14,138.67,135.39999,138.059998,499600
2019-01-22,139.050003,139.50999,137.22,138.070007,550600
2019-01-23,138.48,139.070007,136.16,137.34,483600
2019-01-24,136.89999,137.92999,136.75,137.21001,625300
2019-01-25,138.55,139.37,137.64,137.8,357800
2019-01-28,136.5,137.57001,136.2,136.97,528600
2019-01-29,136.53999,139.020004,136.53999,138.94,524200
2019-01-30,139.69,140.38,138.63,139.57001,420700
2019-01-31,139.050003,142.31,137.73,141.78,917200
2019-02-01,141.92,142.53999,140.99001,141.62,478500
2019-02-04,141.96001,142.35001,141.14999,142.35001,467400
2019-02-05,142.35001,143.86,141.88,143.77,488100
2019-02-06,143.0099945,144.0,142.72,143.33,302200
2019-02-07,142.66,142.85001,140.88,142.28,323700
2019-02-08,141.53999,142.27,140.17,141.77,652900
2019-02-11,142.11,143.3,141.61,143.19,522500
2019-02-12,144.3,146.24001,142.73,145.88,656300
2019-02-13,146.42999,146.67,144.83,145.22,679800
2019-02-14,137.28,138.75,128.059998,132.66,4926100
2019-02-15,133.60001,135.44,131.25,132.0099945,2414000
2019-02-19,131.12,131.53,127.85,128.11,1852400
2019-02-20,128.14999,131.86,128.14999,129.97,1685400
2019-02-21,129.69,129.98,128.070007,128.74001,977100
2019-02-22,129.3,129.69,127.53,128.23,1056700
2019-02-25,128.82001,128.98,126.85,127.29,876700
2019-02-26,126.93,126.94,125.8,126.0,915900
2019-02-27,125.97,127.61,125.27,127.35,1304300
2019-02-28,127.75,128.050003,127.0,127.5,1012300
2019-03-01,128.050003,128.72,126.79,127.87,886600
2019-03-04,128.61,129.089996,126.47,127.96,666700
2019-03-05,128.0,128.32001,126.73,126.91,590000
2019-03-06,127.029999,127.78,126.57,126.77,612100
2019-03-07,126.75,127.010002,123.7,124.51,1237000
2019-03-08,123.7,125.63,123.7,125.4,1127600
2019-03-11,125.7,126.78,125.33,126.34,626500
2019-03-12,126.45,127.72,126.050003,126.18,732700
2019-03-13,126.53,127.22,125.33,125.44,1033400
2019-03-14,125.33,125.54,124.0,124.96,1079200
2019-03-15,125.010002,125.47,124.010002,124.59,1455000
2019-03-18,124.15,124.93,122.3,124.93,1310400
2019-03-19,125.36,125.65,123.29,123.56,1271900
2019-03-20,123.5,123.85,121.85,122.54,1230600
2019-03-21,124.38,127.34,123.76,126.46,1671300
2019-03-22,125.37,125.84,123.9,124.69,1167200
2019-03-25,123.89,124.63,122.64,123.71,1104200
2019-03-26,124.4,125.83,124.38,125.32,880600
2019-03-27,125.32,127.48,125.080002,126.82,1210400
2019-03-28,127.51,129.89999,127.4,129.71001,1312600
2019-03-29,129.87,130.050003,127.83,128.78999,985400
2019-04-01,129.64999,130.89,129.17,130.81,744300
2019-04-02,131.0,132.10001,129.96001,130.53,929500
2019-04-03,131.35001,131.35001,130.12,130.75999,774600
2019-04-04,131.14,132.86,130.92,131.86,1014000
2019-04-05,132.19,132.73,131.5,132.22,693300
2019-04-08,132.22,132.35001,131.17,131.95,534100
2019-04-09,130.74001,132.070007,130.28999,131.19,915000
2019-04-10,131.72,131.72,129.24001,130.49001,962500
2019-04-11,130.47,131.37,130.050003,131.14,821700
2019-04-12,131.64,133.72,131.27,133.50999,1346800
2019-04-15,134.0,134.42999,133.64999,134.0,1402300
2019-04-16,134.78999,135.37,133.080002,135.34,1144600
2019-04-17,136.36,136.36,134.63,134.96001,633700
2019-04-18,134.7,136.050003,134.53999,136.0,890800
2019-04-22,135.32001,136.070007,134.86,135.25,475500
2019-04-23,135.3,137.7,135.3,136.38,714100
2019-04-24,136.39999,137.13,135.53999,136.28999,583300
2019-04-25,135.92,136.59,135.020004,136.42999,750400
2019-04-26,136.64,138.21001,136.37,137.57001,548000
2019-04-29,137.88,137.92,136.78,137.41,499100
2019-04-30,137.73,138.50999,136.78,137.78999,734200
2019-05-01,137.84,138.73,136.75,137.82001,726400
2019-05-02,137.63,138.71001,136.75,138.64999,1024800
2019-05-03,138.92,140.67,138.46001,139.91,1239700
2019-05-06,136.89999,138.0,136.48,137.72,1263900
2019-05-07,138.77,142.88,133.78,135.0,2636600
2019-05-08,134.52,135.63,133.25999,135.14999,1870400
2019-05-09,135.10001,136.34,134.35001,136.0099945,952000
2019-05-10,135.75,136.78,134.020004,136.13,676100
2019-05-13,133.69,134.91,133.14,134.48,1198900
2019-05-14,134.58,137.25999,134.58,136.0099945,1197700
2019-05-15,135.37,135.87,134.73,135.59,878300
2019-05-16,136.050003,138.25999,135.3,136.96001,1013300
2019-05-17,135.82001,137.38,135.53999,136.67,573900
2019-05-20,135.78999,136.38,134.38,134.78999,851800
2019-05-21,135.070007,135.81,134.44,134.8,570900
2019-05-22,134.98,136.22,134.74001,135.89999,521200
2019-05-23,134.75,136.17,134.42999,135.53999,536400
2019-05-24,136.23,136.52,133.87,134.71001,770300
2019-05-28,134.64,136.28,134.58,134.58,1360400
2019-05-29,134.11,134.73,133.60001,134.37,515700
2019-05-30,134.19,135.71001,134.19,135.17,422700
2019-05-31,134.53999,136.11,133.52,135.42,640800
2019-06-03,134.89,139.45,134.89,139.12,1068400
2019-06-04,140.46001,143.45,139.64999,143.45,1196900
2019-06-05,142.19,142.56,134.14999,141.14999,2242400
2019-06-06,141.64999,148.86,141.42999,148.52,1681300
2019-06-07,149.0,152.95,148.98,151.32001,1338600
2019-06-10,151.69,151.69,149.52,151.33,640400
2019-06-11,152.39999,152.59,151.31,152.14999,1016500
2019-06-12,151.57001,152.58,150.75,151.60001,744600
2019-06-13,151.78999,152.75999,148.8,149.91,1007000
2019-06-14,150.039993,150.22,148.25999,148.78999,955200
2019-06-17,148.78999,149.11,147.070007,147.56,1071100
2019-06-18,148.14,149.88,147.25,147.83,1162800
2019-06-19,148.0,149.089996,146.41,148.95,971600
2019-06-20,150.0,151.020004,149.0,150.72,846000
2019-06-21,149.62,149.62,145.49001,145.67,1400700
2019-06-24,145.36,147.22,144.95,146.63,864800
2019-06-25,146.50999,148.039993,145.62,147.53999,730700
2019-06-26,147.75,148.10001,144.72,144.95,843600
2019-06-27,144.0,144.33,143.0,143.57001,721300
2019-06-28,143.89,145.5,142.0099945,145.089996,1904400
2019-07-01,146.59,147.17999,142.41,143.89,998100
2019-07-02,143.75,144.23,142.0,142.78,830600
2019-07-03,143.14999,146.14,142.96001,146.029999,651300
2019-07-05,145.0,145.47,143.74001,145.12,806600
2019-07-08,144.86,145.0,142.53999,142.74001,581100
2019-07-09,142.0099945,142.58,141.25999,142.0,702300
2019-07-10,143.089996,143.50999,141.53,142.53999,829200
2019-07-11,142.12,142.7,140.89999,142.67999,506100
2019-07-12,143.029999,143.66,142.61,143.25999,403300
2019-07-15,143.48,144.75999,143.19,144.74001,432100
2019-07-16,144.69,145.92999,144.5,144.81,605700
2019-07-17,144.73,145.13,142.49001,143.089996,467400
2019-07-18,142.50999,143.96001,140.61,143.10001,741200
2019-07-19,143.66,143.78999,142.16,142.42999,467400
2019-07-22,142.99001,143.23,141.81,142.070007,451300
2019-07-23,142.72,145.24001,141.21001,145.17999,682400
2019-07-24,145.5,146.64999,145.14,145.96001,524900
2019-07-25,145.96001,146.28,144.99001,145.53999,752000
2019-07-26,145.60001,146.36,144.23,146.32001,447900
2019-07-29,146.42999,146.46001,143.27,143.92,452300
2019-07-30,143.75999,145.82001,142.78,145.8,520900
2019-07-31,145.73,147.2,142.53999,143.99001,512800
2019-08-01,144.020004,145.45,142.28999,143.10001,823500
2019-08-02,143.029999,144.37,141.85001,143.82001,821400
2019-08-05,142.49001,143.34,140.3,141.47,1364600
2019-08-06,124.7,130.0,118.26,118.91,6584200
2019-08-07,117.29,122.29,116.87,121.55,4506700
2019-08-08,121.5,126.25,121.040001,122.050003,3173300
2019-08-09,122.4,123.53,121.27,122.54,1217100
2019-08-12,122.79,122.79,119.35,120.080002,1292600
2019-08-13,121.07,121.21,118.48,118.71,1214100
2019-08-14,117.11,117.5,112.28,113.0,1775900
2019-08-15,113.46,113.8,109.63,110.61,1936100
2019-08-16,110.62,113.24,110.59,112.78,1115700
2019-08-19,113.37,113.74,112.64,113.14,841100
2019-08-20,113.14,113.2,109.77,110.040001,1082500
2019-08-21,111.73,112.34,110.21,110.49,648800
2019-08-22,111.059998,111.059998,107.64,107.8,950100
2019-08-23,107.49,107.6,104.86,106.5,1611100
2019-08-26,107.54,108.83,107.18,108.72,1070300
2019-08-27,109.62,109.79,106.91,107.33,1044300
2019-08-28,107.25,109.019997,107.25,108.36,915400
2019-08-29,109.92,110.040001,108.5,108.76,839600
2019-08-30,109.41,110.23,109.17,109.75,858000
2019-09-03,109.099998,109.57,108.52,109.15,985000
2019-09-04,110.57,112.25,110.57,111.9,882000
2019-09-05,112.81,115.019997,112.72,114.5,1418800
2019-09-06,115.040001,118.77,114.68,117.86,2096400
2019-09-09,118.0,120.67,118.0,119.93,1590200
2019-09-10,120.080002,124.27,120.080002,123.86,2225900
2019-09-11,125.089996,127.48,124.12,127.46,1467900
2019-09-12,127.82,128.25,124.59,127.099998,1169800
2019-09-13,127.029999,127.89,125.93,127.3,785900
2019-09-16,126.26,126.57,122.0,122.029999,1039900
2019-09-17,121.95,122.57,119.85,122.23,1114800
2019-09-18,122.68,124.86,121.73,122.99,901700
2019-09-19,122.82,124.37,122.32,122.86,711100
2019-09-20,122.32,122.72,119.97,120.17,1974400
2019-09-23,119.6,123.010002,119.5,122.78,1065100
2019-09-24,123.019997,123.65,120.12,120.69,1112300
2019-09-25,121.18,122.96,120.75,122.11,1382800
2019-09-26,122.080002,122.080002,117.31,119.8,925100
2019-09-27,120.27,121.39,119.8,120.81,492400
2019-09-30,121.25,123.47,121.089996,122.69,914300
2019-10-01,123.050003,123.53,120.63,121.62,817800
2019-10-02,120.74,121.55,116.87,116.99,1463700
2019-10-03,116.65,117.98,114.58,117.92,829700
2019-10-04,117.2,119.27,116.36,119.15,1727600
2019-10-07,118.75,120.28,118.32,118.4,908200
2019-10-08,117.0,117.29,112.87,114.12,1591900
2019-10-09,115.050003,115.78,113.41,115.099998,1070300
2019-10-10,115.089996,116.36,113.88,115.97,1316300
2019-10-11,117.43,119.66,117.25,118.15,798700
2019-10-14,117.99,119.38,117.76,118.33,518900
2019-10-15,118.94,119.98,118.18,119.18,490700
2019-10-16,118.96,120.25,118.45,119.16,786000
2019-10-17,119.73,120.39,118.9,119.45,457100
2019-10-18,119.83,120.18,117.089996,117.84,788000
2019-10-21,118.44,118.95,117.62,118.39,844300
2019-10-22,117.88,119.54,117.22,119.12,604100
2019-10-23,119.41,120.93,119.41,120.019997,725200
2019-10-24,120.45,120.45,118.28,119.71,581400
2019-10-25,119.4,120.52,118.28,119.96,857600
2019-10-28,120.83,120.91,119.8,120.19,895000
2019-10-29,118.95,123.050003,118.92,122.23,1071900
2019-10-30,121.94,123.47,120.37,123.32,738000
2019-10-31,123.12,123.35,120.59,122.010002,940600
2019-11-01,122.58,123.7,121.24,121.74,1104900
2019-11-04,123.24,124.82,122.67,124.010002,1448000
2019-11-05,126.35,136.0,124.43,134.46001,2798400
2019-11-06,134.31,134.72,131.13,133.0099945,1016400
2019-11-07,133.56,135.13,132.92,133.42,693700
2019-11-08,133.48,134.089996,131.82001,132.81,664300
2019-11-11,132.44,132.45,130.78999,131.22,676600
2019-11-12,131.0,131.71001,129.87,130.56,576700
2019-11-13,129.58,133.13,129.22,132.67999,631300
2019-11-14,132.23,133.92,131.89999,133.89999,581400
2019-11-15,134.25999,135.34,133.78,133.92,941200
2019-11-18,133.25999,135.080002,132.61,135.020004,626100
2019-11-19,135.67,137.12,134.50999,136.88,1068100
2019-11-20,135.57001,137.36,135.27,136.39999,1073300
2019-11-21,136.070007,137.3,135.50999,136.88,1050200
2019-11-22,139.0,140.69,137.74001,140.020004,1483000
2019-11-25,139.87,141.56,139.50999,141.41,792000
2019-11-26,141.0099945,142.0099945,140.28,141.88,1313100
2019-11-27,142.53999,142.53999,140.25999,141.42,845700
2019-11-29,141.0,141.86,140.5,141.23,431700
2019-12-02,141.5,142.020004,140.37,140.53999,910100
2019-12-03,138.67999,141.60001,138.35001,141.2,1616800
2019-12-04,141.45,142.10001,139.96001,140.020004,1098600
2019-12-05,140.49001,142.3,140.3,141.77,803100
2019-12-06,142.020004,142.38,141.13,142.039993,1055200
2019-12-09,140.42,140.78999,131.85001,133.81,2722700
2019-12-10,133.72,134.86,133.2,133.99001,2292500
2019-12-11,134.39,135.23,133.64,134.53999,1258300
2019-12-12,134.71001,135.62,133.47,134.60001,1111500
2019-12-13,135.2,135.67999,133.46001,133.98,825200
2019-12-16,125.87,126.63,119.65,120.0,5941700
2019-12-17,119.91,122.0,119.81,121.080002,3505100
2019-12-18,121.31,123.53,119.84,122.48,1727200
2019-12-19,123.38,123.99,122.26,123.34,1169500
2019-12-20,124.75,125.47,122.56,122.8,1720100
2019-12-23,122.49,124.67,121.9,123.95,1160500
2019-12-24,125.13,125.6,124.43,125.089996,548100
2019-12-26,123.49,126.45,123.49,126.28,844200
2019-12-27,127.07,128.88,126.43,127.34,706200
2019-12-30,127.67,127.97,126.81,126.96,572700
2019-12-31,127.51,129.16,127.3,129.020004,831200
2020-01-02,129.39999,129.47,126.83,127.55,881200
2020-01-03,126.31,127.79,125.75,126.35,1072800
2020-01-06,126.3,126.87,125.52,125.52,1170300
2020-01-07,124.5,126.55,124.5,125.31,1244700
2020-01-08,124.84,125.62,124.089996,124.14,756100
2020-01-09,124.059998,124.71,122.31,123.64,1121500
2020-01-10,124.3,126.72,123.93,125.99,1004900
2020-01-13,126.0,127.47,124.91,127.36,839900
2020-01-14,127.029999,129.7,126.58,129.3,1744400
2020-01-15,129.0099945,130.50999,128.61,129.94,1051800
2020-01-16,130.050003,133.39,129.78,133.13,819400
2020-01-17,133.37,135.059998,132.84,134.88,929400
2020-01-21,134.029999,136.029999,133.50999,134.8,912500
2020-01-22,135.089996,136.81,134.61,135.89999,707000
2020-01-23,135.61,136.96001,133.86,136.050003,952100
2020-01-24,136.28999,137.25,135.17999,135.78999,687800
2020-01-27,134.88,135.60001,133.74001,133.98,889900
2020-01-28,134.87,135.81,133.71001,135.45,752100
2020-01-29,136.50999,137.35001,134.84,135.050003,710300
2020-01-30,133.029999,133.11,129.14999,132.97,1869000
2020-01-31,132.57001,133.0099945,129.81,131.11,1367300
2020-02-03,131.48,136.35001,130.89999,135.84,1096500
2020-02-04,137.62,140.61,137.39999,139.99001,1171600
2020-02-05,141.17,143.61,140.53,142.67,1102200
2020-02-06,143.0099945,143.87,142.080002,142.21001,962200
2020-02-07,141.91,142.72,139.64,140.0,1152800
2020-02-10,139.57001,140.080002,138.74001,139.059998,964900
2020-02-11,139.94,140.45,137.83,137.98,941400
2020-02-12,139.41,141.039993,137.96001,139.39,1247900
2020-02-13,130.96001,136.98,128.53,136.74001,3177600
2020-02-14,136.71001,137.53999,135.7,135.87,1028400
2020-02-18,135.5,135.75,132.78,134.84,1072700
2020-02-19,134.98,136.74001,134.029999,134.25999,887300
2020-02-20,133.57001,135.69,131.91,132.69,1478700
2020-02-21,132.14999,133.83,131.28,132.17999,1632300
2020-02-24,129.33,129.50999,125.29,127.91,1994900
2020-02-25,128.42999,128.67,121.98,123.94,1963500
2020-02-26,125.84,127.3,122.83,123.44,1599000
2020-02-27,121.59,126.82,121.040001,122.23,1533000
2020-02-28,119.080002,121.12,115.34,119.78,2332500
2020-03-02,120.37,122.7,118.96,122.56,1295500
2020-03-03,122.11,124.85,119.07,122.31,1427000
2020-03-04,124.21,127.81,123.92,127.75,1422900
2020-03-05,125.029999,127.85,123.72,124.83,1492500
2020-03-06,121.089996,124.31,120.38,122.73,1635400
2020-03-09,116.76,118.56,109.86,112.72,2968100
2020-03-10,116.49,118.76,114.96,118.57,2707700
2020-03-11,115.75,116.040001,109.86,111.28,2622200
2020-03-12,104.099998,106.52,94.98,99.94,2699300
2020-03-13,104.92,109.019997,100.27,109.019997,1621100
2020-03-16,100.33,106.95,98.0,101.49,1836500
2020-03-17,104.0,111.61,100.29,109.48,2271500
2020-03-18,103.53,109.48,98.36,108.41,2105000
2020-03-19,107.4,111.94,103.58,107.42,1796500
2020-03-20,108.17,108.37,100.89,102.41,1538300
2020-03-23,102.050003,102.82,92.14,94.28,2184700
2020-03-24,98.5,106.15,98.11,100.95,1647500
2020-03-25,98.82,108.6,95.82,104.57,2288400
2020-03-26,105.8,114.55,104.38,114.55,1104200
2020-03-27,109.76,113.4,109.040001,110.22,1006800
2020-03-30,110.95,112.45,106.3,108.010002,1099700
2020-03-31,106.07,108.73,101.69,102.080002,1519200
2020-04-01,98.18,102.099998,96.8,100.73,1363600
2020-04-02,99.089996,102.58,98.32,99.18,1094000
2020-04-03,99.55,102.080002,98.72,98.9,1234000
2020-04-06,104.35,109.89,102.72,109.0,1199200
2020-04-07,111.58,118.53,111.040001,114.019997,1629700
2020-04-08,114.57,122.010002,114.040001,121.25,1061800
2020-04-09,120.82,130.47,120.72,127.37,1543900
2020-04-13,124.96,126.019997,118.65,120.07,833500
2020-04-14,123.51,124.99,119.91,122.37,639200
2020-04-15,119.52,119.53,117.059998,117.38,739500
2020-04-16,118.040001,120.37,115.080002,119.89,848200
2020-04-17,122.58,125.45,122.48,125.12,761000
2020-04-20,123.28,126.029999,120.14,120.55,937800
2020-04-21,117.32,122.97,117.14,122.17,710400
2020-04-22,124.55,125.79,122.5,124.28,652500
2020-04-23,125.57,127.99,122.73,123.16,629600
2020-04-24,124.38,126.87,122.45,126.49,567400
2020-04-27,125.82,131.17,125.82,130.53999,530200
2020-04-28,132.0,134.53999,130.92999,131.71001,839600
2020-04-29,135.0,135.89,133.23,133.3,707600
2020-04-30,131.42999,132.83,130.73,131.029999,1131300
2020-05-01,128.96001,129.64,125.0,126.63,568800
2020-05-04,126.92,128.19,124.83,127.9,801200
2020-05-05,129.36,132.88,128.25999,128.89999,970600
2020-05-06,129.24001,133.67,128.35001,131.31,915500
2020-05-07,132.62,133.080002,129.89,130.28,807700
2020-05-08,133.13,135.0,131.42999,134.47,506100
2020-05-11,133.99001,133.99001,131.27,132.63,968500
2020-05-12,139.24001,143.089996,133.12,133.33,2112400
2020-05-13,132.10001,133.23,127.33,129.34,1095600
2020-05-14,127.44,127.69,122.7,126.050003,1893500
2020-05-15,125.040001,130.13,124.64,128.22,1114000
2020-05-18,131.60001,134.67999,131.56,131.89999,1275200
2020-05-19,130.89999,132.12,127.88,128.84,946700
2020-05-20,130.42,131.97,129.25,130.28,834700
2020-05-21,129.42,131.75999,128.83,128.98,932400
2020-05-22,128.42999,129.71001,125.74,129.42,889100
2020-05-26,132.95,136.67999,132.47,133.13,969100
2020-05-27,134.55,137.17,134.21001,136.23,806200
2020-05-28,138.0,138.0,132.73,134.3,891300
2020-05-29,133.97,133.97,131.55,133.19,1589600
2020-06-01,132.36,132.99001,130.95,131.020004,801400
2020-06-02,130.94,135.25999,130.52,133.92999,859400
2020-06-03,135.77,138.0099945,135.73,136.81,737000
2020-06-04,135.96001,137.53,134.37,135.75999,815100
2020-06-05,138.5,139.0,137.10001,137.86,974200
2020-06-08,134.41,136.61,133.35001,135.57001,1031400
2020-06-09,134.25,135.88,131.91,134.57001,1083700
2020-06-10,134.42999,135.089996,132.11,133.52,1379700
2020-06-11,131.39,131.67,125.68,126.25,1321400
2020-06-12,129.83,130.19,124.53,126.85,720600
2020-06-15,123.97,128.039993,123.66,127.34,780000
2020-06-16,131.66,132.78999,127.089996,129.050003,962900
2020-06-17,130.57001,131.14999,128.22,128.64999,470300
2020-06-18,127.81,129.67999,127.33,128.53,666300
2020-06-19,130.86,131.62,125.91,126.089996,1273800
2020-06-22,124.96,126.72,122.85,125.07,1181100
2020-06-23,126.72,126.72,123.07,123.31,886100
2020-06-24,121.17,123.81,119.6,122.07,1121200
2020-06-25,121.9,122.67,120.050003,122.4,693600
2020-06-26,121.88,121.88,118.89,119.050003,858700
2020-06-29,120.080002,123.42,119.73,121.88,686400
2020-06-30,121.6,123.18,120.0,122.46,1085400
2020-07-01,122.0,124.35,121.7,124.17,819400
2020-07-02,125.86,127.49,125.38,126.88,960300
2020-07-06,127.81,128.78,125.83,128.2,876600
2020-07-07,127.2,128.070007,125.89,127.050003,694200
2020-07-08,126.91,128.11,122.080002,123.37,968400
2020-07-09,123.6,123.84,120.16,122.3,1100800
2020-07-10,122.87,125.54,121.83,125.25,520600
2020-07-13,126.32,127.16,124.29,124.52,778100
2020-07-14,124.65,127.41,124.49,127.010002,611000
2020-07-15,128.87,130.36,128.33,129.72,595900
2020-07-16,129.28999,130.64,128.57001,129.61,517600
2020-07-17,130.42999,132.31,129.3,130.99001,774800
2020-07-20,131.0,131.31,127.41,128.72,1306100
2020-07-21,129.25,129.89999,127.71,127.94,542000
2020-07-22,128.48,130.0,127.64,128.55,547900
2020-07-23,128.72,130.56,127.2,128.49001,834500
2020-07-24,128.64,128.78999,125.52,126.82,781400
2020-07-27,127.18,129.16,126.13,128.78999,702100
2020-07-28,128.78,129.81,127.48,128.34,827100
2020-07-29,128.82001,129.98,128.14,128.24001,804500
2020-07-30,126.67,126.91,123.43,124.49,915300
2020-07-31,124.29,126.040001,122.41,125.95,1081400
2020-08-03,126.22,126.22,124.17,124.54,1060100
2020-08-04,123.47,126.8,122.15,125.89,810900
2020-08-05,126.97,128.8,126.33,126.42,947600
2020-08-06,125.98,126.5,125.18,125.38,761400
2020-08-07,125.57,126.96,124.4,126.8,664300
2020-08-10,126.6,130.88,126.6,130.55,1188700
2020-08-11,131.60001,132.75,125.059998,125.29,2052600
2020-08-12,126.93,128.89,126.14,127.0,797300
2020-08-13,125.47,125.71,123.58,123.81,878800
2020-08-14,123.21,124.24,122.55,123.17,530500
2020-08-17,123.62,124.44,122.57,123.29,434300
2020-08-18,123.31,124.6,122.2,122.62,612900
2020-08-19,123.27,123.27,121.69,121.98,417400
2020-08-20,120.94,121.23,119.65,120.69,852900
2020-08-21,120.3,121.099998,118.83,120.55,728900
2020-08-24,121.52,122.96,120.9,122.89,397300
2020-08-25,124.18,124.76,122.64,122.88,588200
2020-08-26,124.47,126.12,124.099998,124.9,794400
2020-08-27,125.12,125.56,122.64,123.58,579500
2020-08-28,123.87,125.089996,122.23,124.47,451900
2020-08-31,124.17,125.52,123.14,123.79,683700
2020-09-01,123.4,124.75,121.5,124.74,930500
2020-09-02,125.25,126.54,124.36,125.96,1165700
2020-09-03,125.18,126.32,122.43,123.88,1094100
2020-09-04,124.66,125.87,122.46,123.12,936000
2020-09-08,121.7,123.41,120.27,121.63,849700
2020-09-09,122.49,125.089996,121.94,122.0,686800
2020-09-10,121.67,122.52,120.31,120.36,900700
2020-09-11,121.32,121.32,119.14,121.029999,941200
2020-09-14,122.0,123.99,121.68,122.98,722300
2020-09-15,124.14,125.17,123.8,124.24,718900
2020-09-16,124.38,126.0,124.14,124.24,786300
2020-09-17,122.49,124.98,121.88,124.18,1216600
2020-09-18,123.96,125.050003,122.029999,122.54,821200
2020-09-21,120.4,120.65,118.75,120.43,867700
2020-09-22,119.63,121.47,119.2,120.61,696500
2020-09-23,119.0,119.26,115.91,116.12,815500
2020-09-24,115.34,117.19,113.54,116.55,698200
2020-09-25,116.24,119.75,115.86,118.97,887300
2020-09-28,120.8,123.18,120.56,121.4,732400
2020-09-29,121.52,123.010002,120.41,121.5,669600
2020-09-30,122.050003,123.89,121.36,122.45,952500
2020-10-01,122.99,124.98,119.57,120.089996,1350800
2020-10-02,119.3,120.94,118.81,119.17,961400
2020-10-05,119.56,121.21,117.73,118.36,906800
2020-10-06,119.19,119.69,114.85,115.31,2389300
2020-10-07,116.43,117.69,115.3,116.51,1150200
2020-10-08,117.69,118.29,114.85,116.2,911300
2020-10-09,117.75,121.72,117.75,119.41,1454500
2020-10-12,120.18,120.18,117.7,118.64,1208000
2020-10-13,118.13,119.46,116.029999,117.17,1045000
2020-10-14,117.64,118.4,116.75,116.91,892900
2020-10-15,115.53,116.92,115.14,116.010002,912900
2020-10-16,116.68,117.63,115.86,116.27,1237900
2020-10-19,116.67,116.67,112.8,113.55,1167700
2020-10-20,114.0,115.64,113.080002,113.6,1028700
2020-10-21,112.5,113.010002,110.15,110.45,1202000
2020-10-22,110.19,112.24,108.51,111.85,1133100
2020-10-23,113.24,113.34,109.95,110.57,1678600
2020-10-26,109.84,110.2,107.66,108.95,1373200
2020-10-27,108.57,109.080002,105.3,105.62,2327300
2020-10-28,103.65,104.75,101.28,101.44,2477000
2020-10-29,101.0,103.56,99.54,102.92,1902000
2020-10-30,102.77,103.35,101.41,102.66,1564100
2020-11-02,104.29,105.55,103.75,105.07,1235100
2020-11-03,106.31,107.9,105.42,107.23,1068600
2020-11-04,107.28,107.44,104.88,105.019997,1362300
2020-11-05,106.22,108.28,105.43,107.55,1571700
2020-11-06,107.81,109.19,107.48,108.56,1415300
2020-11-09,114.12,117.36,112.11,112.38,2060800
2020-11-10,109.25,114.15,107.57,112.44,2536000
2020-11-11,112.8,112.99,108.27,109.2,1328300
2020-11-12,109.25,111.39,108.45,109.87,1362500
2020-11-13,110.95,113.38,110.64,112.17,1306200
2020-11-16,114.15,115.96,112.31,114.76,1441800
2020-11-17,113.33,114.69,111.71,114.51,992800
2020-11-18,115.0,115.36,112.25,112.39,893800
2020-11-19,111.79,112.41,110.55,111.95,813300
2020-11-20,111.66,112.82,111.19,112.059998,1049600
2020-11-23,112.67,113.61,110.76,111.28,1020100
2020-11-24,112.099998,115.44,111.83,115.13,1443000
2020-11-25,115.019997,115.019997,111.83,112.4,884300
2020-11-27,113.72,114.71,112.38,112.87,474100
2020-11-30,112.2,112.68,110.17,112.099998,2359900
2020-12-01,111.7,113.2,111.21,111.62,1375800
2020-12-02,111.95,112.55,110.85,112.51,1177000
2020-12-03,112.050003,114.42,111.74,112.64,1851200
2020-12-04,113.68,116.24,113.22,116.0,2129400
2020-12-07,115.75,116.8,114.42,114.91,1410300
2020-12-08,114.46,115.63,113.93,115.43,1125300
2020-12-09,115.83,116.55,114.019997,115.22,1165400
2020-12-10,114.62,114.73,111.96,112.59,1085200
2020-12-11,112.010002,112.42,109.53,111.040001,1482400
2020-12-14,112.52,112.77,109.019997,109.25,1141200
2020-12-15,109.42,111.57,108.88,110.93,1665800
2020-12-16,111.67,112.73,110.59,112.12,1150800
2020-12-17,112.83,114.12,112.45,113.58,1031800
2020-12-18,113.37,114.95,111.55,114.29,3919000
2020-12-21,113.010002,114.62,112.18,114.29,2067100
2020-12-22,114.82,116.12,114.39,114.96,2100500
2020-12-23,114.46,114.84,110.42,110.53,1539600
2020-12-24,110.040001,110.15,109.26,110.059998,626900
2020-12-28,110.55,110.83,108.83,109.23,1174100
2020-12-29,109.49,111.26,109.43,111.040001,1902800
2020-12-30,110.97,111.66,110.53,111.26,1876300
2020-12-31,110.0,110.050003,107.75,108.84,3795400
2021-01-04,109.55,109.83,103.94,105.080002,5097900
2021-01-05,105.51,108.77,104.71,107.99,5606100
2021-01-06,110.080002,114.43,109.69,112.92,5611700
2021-01-07,114.38,118.75,113.68,118.65,7707700
2021-01-08,119.57,121.0,117.79,119.0,2861900
2021-01-11,117.67,124.11,117.25,122.45,6187500
2021-01-12,126.27,127.13,123.6,125.98,8156400
2021-01-13,124.6,125.12,119.2,121.52,5635000
2021-01-14,120.65,121.16,118.85,119.94,5980300
2021-01-15,119.67,119.67,116.17,117.72,4942000
2021-01-19,118.74,120.39,117.14,120.34,4805300
2021-01-20,121.050003,121.86,118.77,120.080002,4251100
2021-01-21,118.41,119.26,115.46,116.0,7635700
2021-01-22,115.33,115.84,114.0,115.81,7202500
2021-01-25,116.89,117.059998,114.66,116.33,10666200
2021-01-26,117.5,117.93,113.21,113.78,9340800
2021-01-27,111.71,114.2,109.54,110.94,11438700
2021-01-28,112.0,115.74,110.84,115.019997,11222500
2021-01-29,113.56,115.18,110.84,112.38,19974800
2021-02-01,123.0,133.23,117.010002,130.14999,30551300
2021-02-02,129.55,132.99001,124.050003,124.23,30334000
2021-02-03,124.96,128.94,124.76,128.27,15933300
2021-02-04,133.029999,139.62,126.94,126.94,16109900
2021-02-05,126.58,128.41,125.93,127.059998,8794000
2021-02-08,127.87,128.82001,125.32,127.25,7803400
2021-02-09,127.62,128.78999,125.82,127.95,5513900
2021-02-10,128.14,141.52,128.13,135.57001,8140000
2021-02-11,135.60001,140.24001,133.72,136.77,5212000
2021-02-12,136.92,139.50999,132.91,134.059998,3069000
2021-02-16,134.69,138.46001,134.10001,136.89,7615500
2021-02-17,136.32001,138.57001,134.14999,137.67,3203600
2021-02-18,137.7,139.38,136.64999,137.95,3241000
2021-02-19,139.14999,140.31,138.16,139.5,3220600
2021-02-22,139.5,141.42,138.21001,140.56,2181600
2021-02-23,140.49001,140.49001,136.94,138.92,3222800
2021-02-24,139.37,140.13,136.98,138.14999,2612800
2021-02-25,137.45,138.97,134.89,136.63,2425100
2021-02-26,136.34,137.050003,133.8,135.50999,2042500
2021-03-01,137.32001,141.0,137.21001,139.14999,2634500
2021-03-02,138.86,139.44,136.46001,137.14999,2037700
2021-03-03,136.85001,137.029999,131.64,131.73,2804600
2021-03-04,131.50999,132.66,127.73,130.89,2296700
2021-03-05,132.17,134.58,129.56,133.72,2150300
2021-03-08,129.7,134.67,129.7,131.23,3868700
2021-03-09,132.55,134.31,131.13,131.31,2426200
2021-03-10,132.67999,136.64999,132.28,135.28999,2305200
2021-03-11,136.89999,138.3,135.85001,135.87,1408000
2021-03-12,135.91,136.029999,134.35001,134.84,2671700
2021-03-15,134.55,136.96001,134.55,136.78999,5111700
2021-03-16,136.080002,137.38,135.86,136.67999,1314500
2021-03-17,137.029999,138.16,136.48,137.85001,1447000
2021-03-18,137.61,138.69,136.38,137.67999,1706900
2021-03-19,137.34,137.92,135.25999,137.31,5036100
2021-03-22,135.47,137.66,135.13,137.3,1085900
2021-03-23,136.78999,138.0,135.55,136.0,1640200
2021-03-24,136.28999,138.75,136.28999,136.42999,1421300
2021-03-25,137.34,139.89999,135.82001,139.41,1813500
2021-03-26,140.0,140.95,137.69,140.52,2209100
2021-03-29,140.029999,142.080002,139.87,141.31,2981900
2021-03-30,141.44,142.16,138.92,139.75,2186500
2021-03-31,139.94,141.19,139.14999,139.61,4312900
2021-04-01,139.75999,140.44,138.42,138.85001,1181200
2021-04-05,140.38,140.62,138.92,139.0,1687000
2021-04-06,138.63,141.0,138.56,140.92999,1942800
2021-04-07,140.66,140.66,138.080002,138.5,954400
2021-04-08,137.62,138.94,137.2,138.38,874500
2021-04-09,139.089996,140.31,138.42,140.28,1108200
2021-04-12,140.56,140.82001,139.5,140.49001,3669700
2021-04-13,139.82001,141.49001,139.82001,140.78999,1124200
2021-04-14,140.98,141.56,140.17999,140.95,897400
2021-04-15,141.34,142.050003,140.78,141.89,986500
2021-04-16,143.029999,143.029999,141.029999,142.86,2369300
2021-04-19,142.82001,143.17999,141.47,142.92,1649200
2021-04-20,143.0,143.039993,141.11,141.82001,893500
2021-04-21,142.28999,144.029999,142.080002,143.86,575700
2021-04-22,143.73,144.020004,141.87,142.49001,574800
2021-04-23,143.059998,144.85001,142.39999,144.53999,802700
2021-04-26,144.82001,145.53,144.3,144.5,855600
2021-04-27,143.67999,143.81,142.0099945,142.59,1388600
2021-04-28,143.13,144.080002,142.16,143.78,788800
2021-04-29,144.96001,145.52,142.45,144.13,1257000
2021-04-30,143.85001,144.19,141.62,142.17,1087700
2021-05-03,143.38,144.94,142.78999,144.12,969400
2021-05-04,143.13,145.50999,141.89999,145.5,1057500
2021-05-05,146.0,146.0,144.32001,144.67,917100
2021-05-06,144.52,146.53,143.95,146.50999,1183400
2021-05-07,145.63,147.039993,145.50999,146.45,835900
2021-05-10,147.0,147.0,142.48,142.71001,1465100
2021-05-11,141.64999,141.84,136.67999,138.67999,2589800
2021-05-12,138.39,140.92999,135.27,135.28999,1769400
2021-05-13,136.12,139.33,135.67,138.64999,886800
2021-05-14,139.35001,141.85001,139.25999,141.21001,1098100
2021-05-17,140.88,143.52,140.55,142.75,1433200
2021-05-18,143.27,144.0,141.95,142.020004,1929100
2021-05-19,140.92,142.029999,139.83,141.92,1792400
2021-05-20,141.95,142.7,139.17999,139.38,1181400
2021-05-21,140.16,142.0,140.0,140.53999,1308400
2021-05-24,141.52,142.47,140.64,141.86,1044900
2021-05-25,142.070007,142.91,141.059998,141.62,779000
2021-05-26,141.36,142.0099945,140.27,141.7,984400
2021-05-27,142.36,143.25,141.82001,142.84,3640000
2021-05-28,142.039993,143.36,140.96001,141.67,911100
2021-06-01,143.17999,143.60001,140.84,142.31,1973400
2021-06-02,143.0,144.64999,142.0,143.67,1888600
2021-06-03,143.029999,144.16,142.0,142.71001,1092600
2021-06-04,143.33,143.44,141.7,143.0,1415000
2021-06-07,143.44,144.50999,142.24001,143.17999,696100
2021-06-08,143.25999,144.99001,142.7,144.81,994200
2021-06-09,144.82001,147.39,144.66,147.089996,1137900
2021-06-10,148.029999,148.17,147.059998,147.75,1493800
2021-06-11,148.5,148.77,145.63,147.78,1835400
2021-06-14,147.5,148.0099945,146.59,147.77,1303500
2021-06-15,148.029999,148.10001,146.36,147.23,859000
2021-06-16,147.41,148.24001,146.53,147.27,791300
2021-06-17,147.25,148.070007,144.72,145.81,1412200
2021-06-18,143.78,145.63,143.60001,144.86,1842600
2021-06-21,146.28999,148.60001,145.66,148.41,821000
2021-06-22,148.88,149.74001,147.53,149.10001,900300
2021-06-23,149.059998,150.029999,148.38,148.45,927100
2021-06-24,148.5,148.99001,147.25999,148.42,617900
2021-06-25,148.78,149.99001,148.57001,148.96001,827100
2021-06-28,149.13,149.28,147.66,148.78999,1014400
2021-06-29,148.95,150.029999,148.22,148.75999,664500
2021-06-30,148.0099945,149.56,147.48,149.39999,1462700
2021-07-01,149.88,150.16,149.14999,149.39,871500
2021-07-02,149.46001,150.070007,148.36,149.99001,955700
2021-07-06,149.60001,149.99001,147.25999,147.91,1060100
2021-07-07,147.36,149.10001,146.77,148.8,642500
2021-07-08,146.95,147.95,146.25,147.8,1406200
2021-07-09,149.47,149.62,147.059998,147.7,1707900
2021-07-12,147.059998,149.029999,146.92,148.58,2216100
2021-07-13,148.61,148.61,144.53,145.45,1222700
2021-07-14,144.91,145.62,144.14,144.71001,2025500
2021-07-15,144.77,145.67,143.35001,144.0,1083200
2021-07-16,144.039993,145.17,142.67999,143.42,1343500
2021-07-19,142.58,142.91,139.62,140.11,2290300
2021-07-20,140.28999,144.39999,140.089996,143.78999,1260200
2021-07-21,144.39999,145.28,143.61,144.98,656500
2021-07-22,144.72,146.50999,144.10001,146.050003,1298600
2021-07-23,146.88,148.47,145.77,148.33,582700
2021-07-26,148.34,149.2,147.91,148.8,692800
2021-07-27,148.0099945,149.27,147.24001,149.16,1003600
2021-07-28,149.38,149.44,147.56,148.47,774200
2021-07-29,149.35001,150.10001,148.64,149.13,720400
2021-07-30,149.13,150.77,148.75,150.64,738000
2021-08-02,151.49001,151.99001,149.47,149.59,1063600
2021-08-03,149.050003,150.67999,148.35001,150.11,981400
2021-08-04,149.0,150.029999,147.77,147.78999,2313500
2021-08-05,148.69,149.74001,147.78,148.080002,1045500
2021-08-06,148.080002,151.60001,147.17999,151.059998,1697900
2021-08-09,151.60001,153.83,150.53,153.73,1632800
2021-08-10,154.25999,156.5,153.71001,156.35001,1269300
2021-08-11,157.029999,157.080002,155.88,156.78,793500
2021-08-12,156.81,156.81,155.27,156.089996,1197800
2021-08-13,156.39,157.059998,155.60001,156.75,555400
2021-08-16,156.5,156.55,154.75999,155.56,1085700
2021-08-17,154.86,155.92999,153.25999,154.83,793300
2021-08-18,154.070007,154.56,151.42,151.50999,1048000
2021-08-19,150.34,151.35001,149.27,149.39999,1369000
2021-08-20,149.0099945,150.0,148.38,149.75999,930000
2021-08-23,150.16,150.55,148.94,150.24001,1088200
2021-08-24,150.92,152.070007,150.2,151.28999,1395700
2021-08-25,150.87,152.42999,150.020004,151.67,818300
2021-08-26,151.48,151.73,150.31,151.029999,811400
2021-08-27,151.8,152.42,150.56,151.83,686800
2021-08-30,151.94,152.35001,151.029999,151.2,480400
2021-08-31,150.84,151.82001,149.77,151.5,1122800
2021-09-01,151.49001,151.67999,150.059998,150.46001,640800
2021-09-02,151.029999,151.97,150.39,151.42999,583000
2021-09-03,151.080002,152.37,149.7,150.91,1210000
2021-09-07,150.039993,150.84,148.28,150.070007,926400
2021-09-08,149.85001,151.13,148.83,151.020004,800500
2021-09-09,150.32001,152.27,150.25999,150.84,1166100
2021-09-10,150.78,151.070007,147.39,147.59,1062800
2021-09-13,148.94,149.0,145.83,147.59,2561600
2021-09-14,147.53999,147.64,143.089996,143.75,1550400
2021-09-15,143.85001,145.19,143.41,144.31,814300
2021-09-16,144.029999,144.88,142.92,143.12,748700
2021-09-17,141.46001,142.029999,134.66,135.21001,4507400
2021-09-20,134.35001,137.19,132.97,134.97,1720500
2021-09-21,135.11,135.72,131.39999,132.58,1500300
2021-09-22,134.13,134.5,131.089996,132.61,1815500
2021-09-23,132.86,134.91,132.85001,132.89,1266900
2021-09-24,132.44,134.28,131.25,132.64,1504000
2021-09-27,132.53,134.25,131.35001,131.59,1186500
2021-09-28,131.3,134.39999,130.50999,132.92999,2185400
2021-09-29,133.0099945,135.28999,132.67,134.080002,1416200
2021-09-30,134.66,136.28999,133.49001,133.72,1711200
2021-10-01,137.50999,143.75,135.67999,141.10001,4299100
2021-10-04,140.59,141.86,136.89,138.0,2185100
2021-10-05,138.0,138.87,135.17999,135.47,1874700
2021-10-06,134.85001,137.59,134.38,137.50999,1012800
2021-10-07,138.77,139.62,137.7,138.25,805300
2021-10-08,137.83,139.66,137.83,138.039993,660000
2021-10-11,138.81,140.74001,138.11,140.0,1104200
2021-10-12,139.99001,143.56,139.92999,143.44,1265200
2021-10-13,143.41,144.47,141.75,144.35001,1364800
2021-10-14,145.75,149.12,145.23,148.32001,1215000
2021-10-15,149.12,149.2,147.37,147.58,982400
2021-10-18,146.52,147.41,145.16,145.52,935800
2021-10-19,146.2,147.7,145.0099945,147.0099945,759100
2021-10-20,146.81,146.81,144.53,145.77,668200
2021-10-21,145.24001,145.99001,144.64999,145.85001,687500
2021-10-22,146.21001,146.36,145.050003,145.32001,581600
2021-10-25,146.080002,146.49001,145.3,146.34,1068400
2021-10-26,147.020004,148.82001,145.82001,148.089996,959200
2021-10-27,148.25999,149.24001,146.89,148.25999,1549900
2021-10-28,148.62,150.12,148.14999,148.48,929100
2021-10-29,147.67999,148.75999,146.25,147.45,936500
2021-11-01,147.50999,147.98,144.0,144.080002,900900
2021-11-02,143.98,145.62,143.83,144.39999,1286800
2021-11-03,144.82001,146.38,144.53999,145.28999,1801900
2021-11-04,145.21001,145.33,141.28,141.87,1102500
2021-11-05,142.27,144.14999,142.039993,143.60001,1201200
2021-11-08,144.22,147.56,143.96001,147.53,2133900
2021-11-09,146.059998,154.14999,145.17,153.12,2856200
2021-11-10,153.56,154.47,150.83,151.13,1401000
2021-11-11,151.2,151.7,148.89999,150.25,855200
2021-11-12,150.55,155.0,149.92,152.58,894400
2021-11-15,152.38,152.52,150.74001,152.36,1448800
2021-11-16,152.72,154.029999,152.029999,152.95,970100
2021-11-17,152.63,153.17999,150.88,152.83,1151900
2021-11-18,152.44,153.13,149.95,150.050003,790100
2021-11-19,150.37,150.92,149.44,150.029999,1015500
2021-11-22,150.46001,151.92,149.28,149.28,626800
2021-11-23,149.029999,149.35001,146.64999,147.58,883600
2021-11-24,146.64,148.020004,146.60001,147.47,557500
2021-11-26,144.47,145.67,143.67,144.57001,711200
2021-11-29,145.38,147.92999,144.60001,147.19,1735500
2021-11-30,146.73,146.92,141.89,142.17,1812400
2021-12-01,144.0,146.59,141.48,141.5,1181200
2021-12-02,140.86,142.50999,139.87,140.5,1712500
2021-12-03,140.48,142.42999,138.61,140.77,1269000
2021-12-06,142.14,144.17999,141.66,143.029999,1281900
2021-12-07,144.77,146.61,144.19,145.11,1110500
2021-12-08,145.47,148.21001,144.080002,148.16,1204100
2021-12-09,147.99001,148.89,146.59,147.48,1155400
2021-12-10,148.75999,148.75999,146.020004,147.12,1050400
2021-12-13,146.72,148.25,145.94,146.5,1925700
2021-12-14,146.25,147.85001,144.89999,145.71001,1960000
2021-12-15,145.7,145.78999,142.50999,145.0099945,965600
2021-12-16,145.97,147.58,144.8,145.91,1449500
2021-12-17,145.35001,145.35001,142.64999,144.42999,3280500
2021-12-20,142.42,143.059998,139.62,142.28999,1010900
2021-12-21,142.91,144.3,141.48,142.69,1011000
2021-12-22,142.22,142.61,141.66,142.22,677500
2021-12-23,142.42999,143.64,142.21001,143.089996,627000
2021-12-27,143.10001,145.25,142.49001,145.21001,533300
2021-12-28,145.0,147.77,144.61,147.44,694800
2021-12-29,147.47,149.7,147.11,148.99001,1606500
2021-12-30,148.84,149.92999,148.36,148.56,402700
2021-12-31,148.52,151.23,148.39999,150.64999,810100
2022-01-03,150.78,151.86,148.89,149.12,946900
2022-01-04,149.5,151.31,148.69,149.67999,1794600
2022-01-05,149.86,150.69,144.87,144.92,1409700
2022-01-06,145.020004,145.34,142.41,143.82001,682600
2022-01-07,144.0,144.0,141.92999,141.97,1601900
2022-01-10,140.92,141.28999,137.38,140.59,2062400
2022-01-11,140.99001,146.33,140.75,146.16,1030100
2022-01-12,147.24001,148.82001,145.16,146.089996,1023200
2022-01-13,147.080002,147.82001,145.64,145.88,1108000
2022-01-14,144.45,146.2,142.89999,145.78999,925900
2022-01-18,144.52,145.0,140.080002,141.22,1818700
2022-01-19,142.36,142.98,139.25999,139.38,1204800
2022-01-20,139.39,145.64999,138.32001,141.0,3723300
2022-01-21,141.31,143.78999,138.72,139.28999,1253400
2022-01-24,136.36,137.0,130.98,136.62,2030300
2022-01-25,133.88,135.3,131.88,134.029999,1601200
2022-01-26,136.53999,137.32001,131.88,133.23,1354900
2022-01-27,134.98,136.0099945,130.95,131.96001,1041700
2022-01-28,131.83,132.12,128.37,130.71001,2261500
2022-01-31,130.28,132.28999,129.56,131.92,2591700
2022-02-01,132.21001,134.77,132.080002,134.10001,1477100
2022-02-02,133.75,134.28,132.53999,133.39999,2270000
2022-02-03,132.32001,132.58,128.83,128.99001,886600
2022-02-04,127.21,128.53,125.39,127.099998,1898000
2022-02-07,127.28,128.99001,126.5,127.97,2237600
2022-02-08,128.25,129.36,127.7,128.92,1807600
2022-02-09,130.32001,134.78999,130.11,132.60001,2426000
2022-02-10,133.28999,143.14,131.56,136.39999,3659900
2022-02-11,135.7,139.19,133.75999,133.84,1974300
2022-02-14,133.52,133.86,130.34,131.61,1254500
2022-02-15,132.95,135.32001,132.94,135.25999,1251400
2022-02-16,135.25999,137.7,134.17,137.48,1530300
2022-02-17,136.0,137.080002,135.089996,135.7,1816500
2022-02-18,135.89,136.10001,133.97,134.78999,1330300
2022-02-22,135.25,135.39,132.52,133.74001,2811400
2022-02-23,134.83,136.28999,132.71001,133.39,1496700
2022-02-24,130.72,135.74001,129.99001,135.67999,1736600
2022-02-25,135.97,140.12,135.61,139.56,1518900
2022-02-28,138.12,138.67999,132.8,133.0,3178900
2022-03-01,133.0,133.39,127.46,128.41,1631100
2022-03-02,130.36,130.86,127.88,129.72,1524900
2022-03-03,130.86,131.17999,124.42,127.029999,1317200
2022-03-04,125.23,126.28,123.42,123.5,1716700
2022-03-07,122.9,123.21,115.85,116.14,2627400
2022-03-08,116.51,120.7,113.4,119.71,3020300
2022-03-09,122.059998,122.93,119.23,120.82,2257600
2022-03-10,119.35,121.43,118.059998,121.23,1564400
2022-03-11,121.93,123.45,118.059998,118.14,1331600
2022-03-14,119.47,120.39,116.2,116.51,1844700
2022-03-15,116.71,120.85,116.71,120.48,1609200
2022-03-16,121.83,125.4,121.21,124.98,1741700
2022-03-17,123.8,127.87,123.040001,126.56,1403300
2022-03-18,126.47,129.71001,125.52,129.13,2634600
2022-03-21,128.95,129.47,125.43,126.57,1507600
2022-03-22,127.21,128.59,126.57,127.56,1641600
2022-03-23,127.27,127.85,125.39,126.13,851700
2022-03-24,124.56,128.24001,123.75,127.98,1573100
2022-03-25,128.16,129.53,127.19,129.5,1271700
2022-03-28,129.61,130.47,126.94,130.36,1486300
2022-03-29,131.63,134.47,131.53,134.16,1140100
2022-03-30,133.67,134.0,130.46001,131.21001,711400
2022-03-31,131.10001,132.44,130.22,131.33,1406500
2022-04-01,132.089996,134.55,131.62,134.33,1258600
2022-04-04,134.53999,134.57001,130.60001,130.84,1028700
2022-04-05,130.059998,131.53,129.27,129.39999,894400
2022-04-06,128.23,128.81,124.21,125.5,2720700
2022-04-07,124.37,126.99,122.57,125.9,2443500
2022-04-08,125.87,126.9,122.57,124.27,2496900
2022-04-11,123.71,127.39,123.63,125.67,1814000
2022-04-12,126.040001,126.77,123.96,124.43,852800
2022-04-13,124.23,127.82,124.17,127.6,1209800
2022-04-14,128.39,129.0,125.17,125.43,1745500
2022-04-18,125.11,125.7,122.32,122.73,1342200
2022-04-19,122.9,125.57,122.44,124.54,1309600
2022-04-20,124.46,125.98,124.45,125.15,1115900
2022-04-21,126.85,127.75,124.61,124.85,1477600
2022-04-22,124.059998,125.77,124.059998,124.61,1917500
2022-04-25,124.27,124.27,120.67,123.07,1188300
2022-04-26,123.54,124.050003,119.64,119.82,1316100
2022-04-27,120.65,124.77,120.65,123.25,1516100
2022-04-28,124.0,125.73,122.21,125.17,1380400
2022-04-29,125.14,125.88,120.9,121.3,837200
2022-05-02,121.68,122.9,119.81,121.57,1282000
2022-05-03,122.49,123.91,121.35,121.9,867800
2022-05-04,122.19,126.72,121.92,126.49,947900
2022-05-05,124.56,126.19,121.73,122.75,999900
2022-05-06,122.22,122.74,119.7,122.15,1427800
2022-05-09,120.23,121.85,119.080002,119.49,1874900
2022-05-10,124.07,129.45,121.050003,125.5,2900000
2022-05-11,124.82,131.21001,124.82,128.0,2964000
2022-05-12,127.32,129.74001,126.27,128.53,2730200
2022-05-13,129.3,132.41,129.3,132.16,2067300
2022-05-16,131.28,131.97,126.9,127.96,1165500
2022-05-17,130.3,130.3,126.16,129.83,1527000
2022-05-18,128.31,129.35001,126.57,126.95,1416200
2022-05-19,126.26,130.53,126.010002,129.0099945,1057500
2022-05-20,129.83,130.39999,125.8,128.92999,826500
2022-05-23,130.52,130.52,127.49,129.11,777000
2022-05-24,128.7,128.85001,125.93,128.53999,840900
2022-05-25,128.69,130.27,128.42999,129.69,579300
2022-05-26,131.059998,132.38,130.38,131.0,584400
2022-05-27,131.63,132.99001,131.13,132.96001,950000
2022-05-31,131.5,132.73,129.75999,132.17,1408900
2022-06-01,132.59,133.50999,130.070007,132.16,712200
2022-06-02,133.059998,134.11,132.070007,133.81,943400
2022-06-03,132.36,133.74001,132.070007,132.57001,504000
2022-06-06,133.0,134.67999,131.91,132.59,430800
2022-06-07,131.62,134.7,131.53,134.52,822200
2022-06-08,133.34,135.17,132.87,132.92,733800
2022-06-09,131.84,133.23,130.78,130.8,561500
2022-06-10,128.74001,129.19,124.29,124.9,1335700
2022-06-13,122.51,122.51,119.010002,119.56,1133600
2022-06-14,119.73,120.11,116.44,117.17,1300500
2022-06-15,119.27,119.66,114.39,116.43,1287000
2022-06-16,112.22,113.71,108.92,109.56,2788100
2022-06-17,108.74,109.5,105.38,108.31,3948300
2022-06-21,110.52,113.63,110.010002,112.95,2139300
2022-06-22,112.18,117.76,112.18,115.71,2233900
2022-06-23,115.68,116.96,114.8,116.37,1683700
2022-06-24,117.13,121.46,117.13,121.41,1453200
2022-06-27,122.07,122.46,118.98,119.14,1188400
2022-06-28,120.31,120.95,116.64,116.69,979800
2022-06-29,117.12,117.49,114.47,117.38,910500
2022-06-30,116.13,119.41,115.93,119.12,1308500
2022-07-01,118.7,120.52,115.98,119.26,1420600
2022-07-05,117.15,118.94,114.72,118.9,1097700
2022-07-06,119.2,119.9,117.55,119.43,890900
2022-07-07,120.37,120.67,117.29,117.59,1249400
2022-07-08,117.74,117.74,116.13,116.58,803700
2022-07-11,114.91,117.26,114.91,116.22,495100
2022-07-12,115.68,118.63,115.68,117.029999,583200
2022-07-13,113.48,116.18,113.48,114.96,688800
2022-07-14,113.8,113.8,112.010002,113.16,1681800
2022-07-15,115.17,116.25,113.15,115.98,784100
2022-07-18,116.75,117.2,113.95,114.44,703700
2022-07-19,115.83,118.34,115.56,117.7,992400
2022-07-20,118.0,119.69,117.58,119.35,775100
2022-07-21,119.19,122.42,119.050003,122.33,921700
2022-07-22,123.099998,123.95,121.39,122.26,771600
2022-07-25,122.41,123.98,122.12,123.059998,775600
2022-07-26,122.92,123.24,120.27,120.99,859600
2022-07-27,119.91,121.59,117.23,121.26,1432300
2022-07-28,122.21,124.48,121.18,124.31,1206000
2022-07-29,124.6,126.52,123.85,124.050003,1165100
2022-08-01,122.41,125.28,122.040001,125.15,825500
2022-08-02,125.040001,125.98,124.029999,124.24,775500
2022-08-03,124.66,126.96,123.52,126.54,1038600
2022-08-04,127.22,128.77,126.81,126.94,874600
2022-08-05,125.45,127.2,125.33,126.74,877300
2022-08-08,128.16,129.2,127.17,127.66,1058100
2022-08-09,127.0,127.63,119.65,120.13,1867200
2022-08-10,121.49,124.019997,121.13,123.050003,1386900
2022-08-11,124.49,125.11,122.099998,122.23,942100
2022-08-12,122.47,124.45,121.9,124.37,768700
2022-08-15,123.64,125.13,123.35,124.56,972600
2022-08-16,123.86,125.15,123.35,124.55,907400
2022-08-17,123.25,124.07,122.010002,122.88,799900
2022-08-18,123.17,123.73,121.65,122.050003,700600
2022-08-19,121.4,121.7,118.91,119.32,1133900
2022-08-22,117.51,117.85,114.83,115.25,1345000
2022-08-23,115.099998,115.81,113.88,115.55,928300
2022-08-24,116.36,118.38,115.65,117.050003,941700
2022-08-25,117.96,119.14,117.34,119.059998,580600
2022-08-26,119.23,119.41,114.12,114.22,781600
2022-08-29,113.25,114.79,112.93,113.029999,810200
2022-08-30,113.33,113.75,111.11,111.36,1181100
2022-08-31,111.6,112.47,110.28,110.48,1677400
2022-09-01,110.0,110.3,107.78,108.64,1312100
2022-09-02,110.25,111.49,107.4,107.83,1663300
2022-09-06,108.8,110.55,108.37,109.73,1610500
2022-09-07,109.75,113.55,109.75,113.22,1070300
2022-09-08,111.78,114.29,111.58,114.16,1408800
2022-09-09,115.16,115.62,113.91,114.49,1516700
2022-09-12,116.74,118.97,115.76,117.089996,2115700
2022-09-13,113.6,115.0,109.38,109.4,2029600
2022-09-14,108.83,109.15,107.22,107.98,2016000
2022-09-15,107.63,108.88,105.25,105.41,1704300
2022-09-16,103.31,103.53,101.34,102.4,4753100
2022-09-19,101.46,103.15,101.38,102.9,1285500
2022-09-20,101.43,102.74,100.83,101.56,1409000
2022-09-21,102.040001,102.57,99.099998,99.15,1205000
2022-09-22,98.0,98.43,96.73,97.66,1553100
2022-09-23,96.44,97.33,95.39,96.73,1578800
2022-09-26,96.75,98.089996,95.48,96.28,1141500
2022-09-27,97.67,97.96,93.78,94.0,1311300
2022-09-28,94.61,95.71,93.83,95.27,1900500
2022-09-29,93.79,94.0,90.55,91.58,1970600
2022-09-30,91.73,92.67,89.96,90.83,2900700
2022-10-03,92.099998,93.39,91.29,92.81,2100500
2022-10-04,94.57,96.4,94.56,95.59,1937700
2022-10-05,93.44,94.49,91.38,92.6,2437400
2022-10-06,91.77,92.63,90.059998,90.4,2018800
2022-10-07,89.16,89.56,88.010002,88.5,2176300
2022-10-10,88.48,89.42,87.8,89.07,1962800
2022-10-11,87.53,87.53,85.34,86.6,2406900
2022-10-12,86.8,86.8,84.83,84.87,1694900
2022-10-13,83.29,88.82,83.14,87.79,2309000
2022-10-14,88.5,88.73,86.68,87.71,2450700
2022-10-17,89.75,90.31,88.44,89.65,1806500
2022-10-18,91.74,93.76,91.42,92.69,1606400
2022-10-19,92.5,95.15,92.4,92.55,1987700
2022-10-20,93.0,94.0,90.64,91.21,1451100
2022-10-21,90.81,94.3,90.34,94.07,1898700
2022-10-24,94.97,95.66,93.17,94.11,1520100
2022-10-25,94.019997,96.78,93.47,96.16,1790400
2022-10-26,96.38,97.13,95.41,95.81,1030200
2022-10-27,96.77,98.12,95.099998,95.43,1691200
2022-10-28,95.27,97.11,95.27,96.81,1212800
2022-10-31,96.51,97.69,96.16,97.61,2168000
2022-11-01,98.7,98.73,95.37,95.45,1645900
2022-11-02,95.43,98.18,94.24,94.26,2206300
2022-11-03,92.82,93.88,91.8,93.28,1669200
2022-11-04,95.26,95.82,93.83,94.83,1884400
2022-11-07,96.14,96.32,94.4,96.18,1308700
2022-11-08,93.43,96.92,91.27,91.41,2658100
2022-11-09,90.38,93.13,89.65,91.58,1917500
2022-11-10,94.19,96.34,94.040001,96.059998,2220800
2022-11-11,96.83,101.0,96.14,100.54,2152200
2022-11-14,100.029999,101.45,99.33,99.36,1793700
2022-11-15,100.78,100.85,96.62,97.91,1374200
2022-11-16,97.77,98.86,97.2,98.42,1828700
2022-11-17,97.0,98.53,96.88,97.88,1572200
2022-11-18,99.56,100.18,98.17,98.27,1359000
2022-11-21,97.75,99.059998,97.41,98.71,1280700
2022-11-22,99.33,100.029999,98.98,99.82,745000
2022-11-23,100.22,101.25,99.99,100.91,1208700
2022-11-25,100.58,101.45,100.11,101.37,499100
2022-11-28,100.84,101.29,99.83,99.98,1228900
2022-11-29,101.089996,102.85,100.89,102.4,1687700
2022-11-30,101.93,106.55,100.66,105.82,2373000
2022-12-01,106.62,107.82,104.89,106.74,1492200
2022-12-02,105.3,108.18,104.55,107.97,1981000
2022-12-05,106.61,108.19,106.0,106.79,2292300
2022-12-06,106.94,107.69,103.93,104.95,2003400
2022-12-07,105.11,108.57,104.85,108.099998,2520800
2022-12-08,108.65,109.49,107.32,107.7,2165200
2022-12-09,108.010002,109.22,107.11,107.26,2052100
2022-12-12,107.82,108.0,105.33,106.12,1569000
2022-12-13,109.75,110.15,105.67,107.23,3103300
2022-12-14,106.43,107.79,104.79,105.63,3317300
2022-12-15,104.62,105.029999,103.16,103.49,1708600
2022-12-16,102.76,104.19,102.19,103.11,5070900
2022-12-19,102.38,103.44,101.019997,101.66,953600
2022-12-20,101.69,102.99,101.22,102.18,1474200
2022-12-21,102.32,104.59,102.29,104.040001,1327100
2022-12-22,103.56,103.68,101.45,103.31,1067200
2022-12-23,102.88,104.18,102.4,103.9,857700
2022-12-27,102.89,104.080002,102.59,103.8,673700
2022-12-28,104.15,104.83,102.94,103.050003,739900
2022-12-29,103.81,105.58,103.55,105.12,854500
2022-12-30,104.5,105.29,103.57,104.84,877100
2023-01-03,105.43,106.32,103.56,105.64,1598400
2023-01-04,106.9,108.79,106.74,108.16,1114700
2023-01-05,106.9,108.029999,105.91,107.29,1204200
2023-01-06,108.29,110.33,107.66,110.010002,1307500
2023-01-09,110.4,112.36,109.83,111.37,1993600
2023-01-10,112.82,116.17,112.23,115.99,2243200
2023-01-11,115.54,117.080002,114.39,115.29,2004800
2023-01-12,115.52,116.23,114.8,115.6,1941800
2023-01-13,114.44,116.4,114.089996,116.24,1197800
2023-01-17,116.86,117.81,116.28,116.58,2077200
2023-01-18,117.0,118.34,114.63,114.7,1594800
2023-01-19,113.73,113.96,111.73,112.27,1256300
2023-01-20,113.010002,114.080002,111.010002,112.36,2504400
2023-01-23,111.5,113.18,111.040001,112.7,2062600
2023-01-24,110.95,111.79,109.21,110.84,1569600
2023-01-25,109.61,111.82,108.19,111.8,1502500
2023-01-26,111.51,111.94,109.080002,110.62,1982100
2023-01-27,110.76,112.26,109.99,111.85,1234900
2023-01-30,111.34,112.82,110.7,111.23,1157800
2023-01-31,111.43,112.5,110.46,112.46,5658600
2023-02-01,112.099998,114.16,111.29,113.51,1565100
2023-02-02,113.83,116.96,112.92,116.7,2219100
2023-02-03,115.42,115.61,113.019997,113.33,1335300
2023-02-06,112.41,113.19,111.97,112.76,1061600
2023-02-07,112.8,113.63,111.0,112.96,1256600
2023-02-08,112.2,113.7,111.9,112.44,1775300
2023-02-09,104.029999,105.69,89.53,91.36,12568300
2023-02-10,91.86,95.74,91.86,94.82,5487600
2023-02-13,95.0,96.35,94.66,96.27,2876000
2023-02-14,96.5,98.77,95.98,96.029999,3027200
2023-02-15,95.24,97.12,94.78,96.85,2598900
2023-02-16,95.11,97.4,95.11,96.050003,1607600
2023-02-17,96.089996,96.81,95.44,96.5,1207000
2023-02-21,96.080002,96.65,93.19,93.74,2670200
2023-02-22,94.19,96.089996,94.019997,95.36,1335900
2023-02-23,95.37,96.26,93.099998,94.85,1967700
2023-02-24,93.24,94.38,93.24,93.8,1767300
2023-02-27,94.95,95.64,94.31,94.53,1200500
2023-02-28,94.099998,94.36,92.7,93.2,3472300
2023-03-01,92.88,93.24,91.41,91.64,1987800
2023-03-02,91.099998,93.16,90.2,93.019997,2675700
2023-03-03,93.23,94.12,92.34,93.78,1415800
2023-03-06,93.77,94.17,91.77,91.8,1239100
2023-03-07,91.22,91.5,87.87,89.07,2213800
2023-03-08,89.31,89.63,87.87,87.99,1966300
2023-03-09,87.9,88.47,85.58,86.07,1544700
2023-03-10,86.39,86.5,83.79,84.64,1588900
2023-03-13,84.0,84.96,83.040001,83.59,1505000
2023-03-14,85.16,85.81,83.080002,84.21,3166500
2023-03-15,82.92,82.92,81.53,82.72,1807500
2023-03-16,82.25,84.21,81.92,83.71,1753900
2023-03-17,83.44,83.44,81.95,82.76,4735400
2023-03-20,83.35,84.54,83.27,83.88,2536800
2023-03-21,84.85,84.96,83.46,84.66,1805300
2023-03-22,84.39,85.27,82.78,83.029999,2178000
2023-03-23,82.23,83.69,82.13,83.51,1964300
2023-03-24,83.29,84.44,82.25,84.27,1378300
2023-03-27,85.66,90.0,85.0,89.62,2534000
2023-03-28,89.79,89.8,88.16,89.080002,1630800
2023-03-29,90.089996,90.36,89.19,89.41,1555500
2023-03-30,90.41,91.040001,90.059998,90.52,1238400
2023-03-31,91.089996,92.16,91.029999,91.96,1447600
2023-04-03,91.91,92.48,90.55,90.6,1744900
2023-04-04,90.41,90.9,89.68,90.080002,1423000
2023-04-05,89.54,90.37,89.36,90.32,1448200
2023-04-06,90.11,91.63,89.85,91.45,1470900
2023-04-10,90.88,92.33,90.64,92.07,1137700
2023-04-11,92.41,93.089996,92.0,92.83,1057800
2023-04-12,93.77,93.91,92.37,92.55,1051400
2023-04-13,92.96,95.38,92.92,95.010002,1299300
2023-04-14,94.89,95.82,94.050003,94.66,1176500
2023-04-17,95.2,96.52,94.62,96.34,1295000
2023-04-18,96.84,97.13,95.99,96.050003,1545800
2023-04-19,95.91,96.86,95.5,96.54,1110000
2023-04-20,96.43,96.54,95.18,95.42,2158100
2023-04-21,95.82,96.46,94.95,96.38,1383300
2023-04-24,96.54,97.099998,96.31,97.059998,1848100
2023-04-25,96.51,97.0,95.13,95.53,1057900
2023-04-26,94.8,95.71,94.28,94.38,1383000
2023-04-27,95.059998,95.64,93.53,95.2,2077500
2023-04-28,95.0,97.44,94.83,96.96,1764300
2023-05-01,96.75,97.36,96.24,96.72,1018300
2023-05-02,96.089996,96.63,94.28,96.15,1070400
2023-05-03,96.69,96.76,94.029999,94.27,1396700
2023-05-04,94.46,95.4,93.95,95.080002,1200200
2023-05-05,95.6,96.75,95.6,96.45,1428300
2023-05-08,96.5,97.49,96.23,97.14,1406200
2023-05-09,93.35,93.98,87.2,90.31,4413100
2023-05-10,90.36,90.59,86.37,86.75,3212800
2023-05-11,86.35,86.67,85.07,85.36,2048600
2023-05-12,85.2,85.73,82.28,83.16,3059500
2023-05-15,83.0,84.51,82.41,84.36,1890700
2023-05-16,83.81,84.11,81.099998,81.12,2548600
2023-05-17,81.44,82.32,81.019997,82.27,2773600
2023-05-18,82.48,84.85,82.33,84.17,1915500
2023-05-19,84.78,85.43,83.57,83.68,1995100
2023-05-22,83.88,84.41,83.099998,83.4,1180400
2023-05-23,83.18,84.23,82.95,83.029999,1577100
2023-05-24,82.69,83.34,80.3,80.33,1424400
2023-05-25,79.54,80.080002,78.040001,78.26,2667600
2023-05-26,78.74,78.85,76.83,78.26,1706800
2023-05-30,78.71,79.099998,77.040001,78.21,2486300
2023-05-31,78.0,78.47,76.96,77.29,2423600
2023-06-01,77.28,77.81,76.11,76.6,2206700
2023-06-02,78.089996,80.18,77.84,80.050003,1599200
2023-06-05,80.0,80.82,79.51,79.63,1583300
2023-06-06,79.44,81.050003,79.25,80.87,1148500
2023-06-07,80.81,81.99,80.37,81.2,1793700
2023-06-08,81.28,81.92,79.73,79.75,1384800
2023-06-09,77.48,78.64,76.68,78.24,2374000
2023-06-12,78.41,79.46,77.66,77.85,1644400
2023-06-13,78.089996,79.74,78.050003,79.7,1379000
2023-06-14,80.5,80.57,77.93,78.3,1409000
2023-06-15,77.99,79.69,77.63,79.5,1770300
2023-06-16,79.99,80.93,78.96,80.35,5050700
2023-06-20,80.34,80.75,78.71,79.21,2362600
2023-06-21,79.14,79.42,77.69,78.16,2180500
2023-06-22,77.059998,77.8,76.44,77.23,1197200
2023-06-23,76.5,76.9,75.18,75.28,3091100
2023-06-26,75.46,76.87,75.2,76.83,2099100
2023-06-27,77.010002,77.36,76.3,76.65,2926000
2023-06-28,76.75,76.99,75.32,76.72,2519000
2023-06-29,76.75,77.92,76.07,77.81,3805600
2023-06-30,78.48,79.76,77.83,79.59,1965300
2023-07-03,79.5,80.46,79.16,79.73,1233800
2023-07-05,79.089996,79.8,78.12,78.59,2713200
2023-07-06,77.8,78.26,76.83,78.029999,2279400
2023-07-07,78.13,79.85,78.13,78.59,2117100
2023-07-10,78.66,80.29,78.36,78.62,1539600
2023-07-11,78.89,80.54,78.66,80.44,2124000
2023-07-12,81.48,82.27,81.37,81.63,2520100
2023-07-13,81.52,82.059998,80.6,81.059998,2317400
2023-07-14,81.24,81.74,79.24,80.099998,2217800
2023-07-17,80.51,80.51,78.64,79.48,2132600
2023-07-18,79.42,82.35,79.4,82.31,2184100
2023-07-19,83.040001,84.36,82.87,84.07,2716600
2023-07-20,83.79,83.96,82.6,83.43,3041800
2023-07-21,82.93,84.42,81.35,84.0,2139300
2023-07-24,84.22,85.47,84.0,84.97,2867600
2023-07-25,85.29,87.57,84.8,87.019997,3167100
2023-07-26,87.15,88.69,86.52,87.07,2035000
2023-07-27,87.3,87.75,83.83,84.16,1809200
2023-07-28,85.41,85.85,84.65,85.29,2285400
2023-07-31,85.99,86.66,83.86,84.61,4875800
2023-08-01,84.28,84.77,83.67,84.32,1308700
2023-08-02,83.35,83.35,82.18,82.34,1456600
2023-08-03,82.14,82.39,80.15,80.16,2189600
2023-08-04,80.42,81.76,80.42,80.5,1687000
2023-08-07,80.080002,80.63,79.69,80.34,2660800
2023-08-08,62.67,67.53,62.28,64.78,11101100
2023-08-09,64.64,65.029999,62.8,63.78,6099700
2023-08-10,63.67,64.97,63.23,63.26,2777800
2023-08-11,63.02,64.37,63.0099983,64.27,2501800
2023-08-14,63.71,64.99,63.63,64.97,2384100
2023-08-15,64.07,64.91,63.89,64.58,3029400
2023-08-16,64.22,64.38,63.3,63.34,2185900
2023-08-17,63.62,63.83,62.79,62.82,1868000
2023-08-18,62.45,63.71,62.11,63.69,2409700
2023-08-21,63.68,64.69,63.34,64.57,1718800
2023-08-22,65.07,67.089996,65.040001,66.99,3037900
2023-08-23,66.97,68.11,66.96,67.21,2169600
2023-08-24,66.2,67.3,64.61,65.39,1473500
2023-08-25,65.86,66.61,65.44,66.040001,1245100
2023-08-28,66.59,66.95,66.0,66.41,999800
2023-08-29,66.77,68.99,66.71,68.94,1741500
2023-08-30,69.029999,70.32,68.84,69.8,1579500
2023-08-31,70.11,71.52,70.059998,70.45,2457900
2023-09-01,71.040001,72.38,70.25,70.25,1621200
2023-09-05,69.97,71.080002,69.8,70.73,2397000
2023-09-06,70.64,71.26,70.27,70.99,1619600
2023-09-07,70.73,71.79,69.15,69.2,1428800
2023-09-08,68.98,69.26,67.79,68.73,1123300
2023-09-11,69.75,70.35,68.050003,68.34,1640900
2023-09-12,68.019997,68.97,67.8,68.099998,2643600
2023-09-13,68.099998,68.46,67.22,67.53,1291400
2023-09-14,68.24,69.45,68.11,69.099998,1266300
2023-09-15,69.17,70.94,68.79,69.050003,3981100
2023-09-18,68.6,68.83,67.3,67.4,1753300
2023-09-19,67.25,68.32,67.13,67.85,1663800
2023-09-20,69.0,71.92,68.86,70.0,3026500
2023-09-21,68.26,69.82,68.19,68.53,2375500
2023-09-22,68.53,68.63,67.78,67.84,1501100
2023-09-25,67.32,68.37,67.12,68.15,1265400
2023-09-26,67.63,68.33,66.94,67.099998,1503200
2023-09-27,67.79,68.14,66.73,67.2,1740600
2023-09-28,67.48,68.56,66.51,68.18,1480700
2023-09-29,68.48,68.98,67.64,68.17,1089900
2023-10-02,67.51,67.78,65.56,65.97,1566000
2023-10-03,65.24,66.57,64.98,65.07,2008500
2023-10-04,65.92,65.92,64.65,65.42,1822800
2023-10-05,65.019997,65.040001,63.82,64.54,1590700
2023-10-06,64.12,64.26,62.28,62.99,2361800
2023-10-09,62.5,64.059998,62.44,63.72,1419400
2023-10-10,64.080002,65.78,64.040001,65.77,1941100
2023-10-11,65.94,66.19,65.14,65.55,1536700
2023-10-12,65.96,66.0,63.54,64.010002,4268900
2023-10-13,64.35,64.83,63.96,64.8,2103700
2023-10-16,65.45,66.75,64.42,66.39,1287200
2023-10-17,65.77,68.19,65.61,67.56,1400800
2023-10-18,66.74,67.29,66.67,66.99,2143600
2023-10-19,67.050003,67.24,66.040001,66.4,2851600
2023-10-20,66.56,67.010002,65.6,65.64,1272000
2023-10-23,65.080002,65.57,64.3,64.76,2222400
2023-10-24,65.41,66.76,64.91,66.080002,1544100
2023-10-25,65.96,66.4,65.46,66.099998,2601200
2023-10-26,66.34,67.95,66.19,67.17,2139900
2023-10-27,67.38,68.29,66.87,67.85,3680400
2023-10-30,68.53,68.78,63.21,65.26,4522300
2023-10-31,66.040001,68.95,65.81,68.35,3075800
2023-11-01,68.16,68.64,67.07,68.059998,1957900
2023-11-02,68.74,69.72,68.45,69.45,1942700
2023-11-03,70.23,73.2,70.029999,72.71,2609500
2023-11-06,72.13,72.86,71.35,72.34,2930400
2023-11-07,77.98,78.31,70.11,71.59,5036200
2023-11-08,71.62,72.59,70.42,71.019997,2393400
2023-11-09,71.62,71.88,70.77,71.54,2565500
2023-11-10,71.28,72.010002,70.22,71.74,2533100
2023-11-13,70.98,71.75,69.73,71.23,3677100
2023-11-14,72.68,73.93,72.5,73.66,2019500
2023-11-15,73.82,74.79,73.67,74.0,1161000
2023-11-16,73.65,74.69,73.48,74.64,1434400
2023-11-17,75.22,75.22,73.82,73.94,1153200
2023-11-20,73.55,74.12,72.89,73.87,1581500
2023-11-21,73.76,73.97,72.94,73.6,1770400
2023-11-22,74.07,75.0,73.42,74.99,2439700
2023-11-24,74.76,75.38,74.66,74.73,603100
2023-11-27,74.61,74.95,74.17,74.84,2480100
2023-11-28,75.53,75.92,74.84,75.67,1192400
2023-11-29,75.94,76.56,75.19,75.23,1400600
2023-11-30,75.25,75.71,74.88,75.38,1811000
2023-12-01,75.46,76.79,75.46,76.78,1654800
2023-12-04,76.26,77.010002,76.12,76.3,1861200
2023-12-05,76.029999,76.41,75.099998,75.42,1845000
2023-12-06,75.81,76.81,75.62,75.71,987800
2023-12-07,75.93,77.91,75.73,77.0,1157200
2023-12-08,76.97,77.44,76.46,76.82,1104400
2023-12-11,76.57,76.86,76.29,76.67,2234300
2023-12-12,76.9,76.94,75.63,76.46,1805600
2023-12-13,76.12,79.3,75.76,78.73,1514500
2023-12-14,79.98,82.71,79.34,80.19,2914500
2023-12-15,79.86,80.65,79.2,79.62,3711900
2023-12-18,80.050003,80.27,78.59,79.059998,1589400
2023-12-19,79.2,80.28,79.059998,79.99,2187600
2023-12-20,79.83,80.089996,78.99,79.6,1870400
2023-12-21,80.4,80.55,79.029999,80.45,1172100
2023-12-22,81.11,81.95,80.33,80.7,1174100
2023-12-26,80.78,82.5,80.6,82.080002,798900
2023-12-27,81.16,81.69,80.97,81.41,971200
2023-12-28,81.24,82.27,81.24,81.85,938000
2023-12-29,81.32,81.84,80.64,80.97,767700
2024-01-02,80.34,81.49,80.25,81.42,1096300
2024-01-03,80.74,81.25,79.19,79.99,1036000
2024-01-04,79.93,80.21,79.47,79.55,1115700
2024-01-05,79.0,80.95,78.79,79.97,1215000
2024-01-08,79.51,80.62,79.3,80.24,949800
2024-01-09,79.67,80.31,79.47,80.050003,846500
2024-01-10,79.72,80.81,79.46,80.54,872900
2024-01-11,80.69,80.69,79.52,79.78,2048700
2024-01-12,83.0,83.41,79.33,80.25,4072400
2024-01-16,79.95,80.48,79.099998,79.54,5072600
2024-01-17,78.26,79.010002,77.42,78.88,1892300
2024-01-18,78.97,79.050003,77.65,78.35,1880100
2024-01-19,78.55,79.75,77.97,79.52,1564000
2024-01-22,80.83,81.2,79.73,79.76,1609300
2024-01-23,80.12,80.39,79.3,79.48,1244300
2024-01-24,79.51,80.019997,78.73,79.040001,2164500
2024-01-25,79.64,82.39,79.57,82.37,2510800
2024-01-26,82.69,82.95,81.89,82.26,1802600
2024-01-29,81.94,82.25,81.24,82.010002,1176700
2024-01-30,81.47,82.68,80.99,81.0,1146400
2024-01-31,81.38,82.52,80.64,80.68,1672100
2024-02-01,80.7,82.32,80.28,82.18,1209700
2024-02-02,81.53,82.17,80.71,81.27,2411700
2024-02-05,80.19,80.92,79.66,80.18,2064800
2024-02-06,80.2,81.79,80.17,80.77,1276900
2024-02-07,80.94,82.95,80.74,82.34,1539100
2024-02-08,82.5,82.76,80.48,80.51,1436400
2024-02-09,80.0,80.3,78.72,79.94,3152600
2024-02-12,79.87,81.37,79.79,80.32,2008200
2024-02-13,79.28,80.52,78.96,80.49,3263300
2024-02-14,80.84,81.62,79.15,79.38,1629100
2024-02-15,79.75,81.15,79.75,81.040001,1761400
2024-02-16,80.9,81.57,80.58,81.19,1681800
2024-02-20,82.15,82.24,81.080002,82.029999,2654700
2024-02-21,74.5,78.75,73.6,76.78,8752600
2024-02-22,76.78,79.49,76.25,79.46,4770500
2024-02-23,79.029999,81.019997,78.88,80.48,2593000
2024-02-26,80.13,80.13,77.38,77.41,3272200
2024-02-27,77.61,77.75,74.010002,74.44,3561700
2024-02-28,73.86,74.040001,72.94,73.21,2573000
2024-02-29,74.0,76.010002,73.83,75.5,5899300
2024-03-01,75.0,76.089996,74.79,75.88,1905900
2024-03-04,75.56,76.3,75.56,76.040001,2614200
2024-03-05,75.67,77.13,75.57,76.72,2453900
2024-03-06,77.29,77.9,76.31,77.099998,1739300
2024-03-07,77.88,79.54,77.33,78.85,1627600
2024-03-08,78.8,79.79,78.54,78.75,1559200
2024-03-11,78.64,81.37,78.64,81.059998,1864800
2024-03-12,81.34,81.67,80.78,81.2,1980900
2024-03-13,81.5,82.82,81.26,82.6,1543200
2024-03-14,81.99,82.73,81.0,81.6,1541000
2024-03-15,80.89,83.32,80.79,82.85,3253600
2024-03-18,82.5,84.48,82.050003,83.81,2681700
2024-03-19,84.5,84.69,81.77,83.050003,2380700
2024-03-20,83.48,84.31,83.029999,83.92,1912000
2024-03-21,84.089996,84.36,82.83,83.32,1559600
2024-03-22,83.51,83.96,82.46,83.080002,2382600
2024-03-25,81.5,82.96,81.46,82.010002,2060200
2024-03-26,82.28,82.28,80.92,81.44,1956100
2024-03-27,82.26,85.68,81.65,85.64,3319200
2024-03-28,86.0,86.41,84.96,85.99,10232900
2024-04-01,86.27,86.72,85.25,86.37,1580200
2024-04-02,86.16,86.19,83.71,84.25,1653900
2024-04-03,84.35,85.82,84.35,85.5,1694300
2024-04-04,86.0,86.27,83.69,83.86,1106600
2024-04-05,83.44,83.65,82.73,83.34,838600
2024-04-08,83.84,85.12,83.3,85.089996,1832900
2024-04-09,85.86,86.44,85.25,86.38,950100
2024-04-10,85.25,86.39,85.23,86.2,1509500
2024-04-11,87.0,87.6,85.56,86.57,1958300
2024-04-12,86.14,86.22,82.81,83.61,1523500
2024-04-15,84.010002,84.74,81.75,82.59,1237300
2024-04-16,82.07,84.31,81.85,82.96,1656500
2024-04-17,83.74,83.82,82.37,82.85,1071100
2024-04-18,84.18,84.58,82.95,83.6,1000700
2024-04-19,83.56,84.3,83.43,83.97,793100
2024-04-22,83.8,85.5,83.4,84.89,1187000
2024-04-23,84.37,86.019997,84.25,85.43,993900
2024-04-24,84.88,85.52,84.19,85.14,1066100
2024-04-25,84.87,84.9,82.93,84.34,1292700
2024-04-26,84.5,85.49,83.89,84.61,900100
2024-04-29,85.21,86.32,85.21,85.76,1702700
2024-04-30,85.3,85.9,84.5,84.65,1669500
2024-05-01,84.82,85.56,83.96,83.99,1777700
2024-05-02,84.39,86.86,84.33,86.81,2157300
2024-05-03,87.089996,87.71,85.91,86.64,1501800
2024-05-06,87.38,89.15,86.65,88.66,2487400
2024-05-07,92.6,94.75,91.5,94.33,4635200
2024-05-08,95.29,97.35,94.41,97.23,3171500
2024-05-09,97.0,97.48,95.87,97.059998,1640400
2024-05-10,97.34,98.080002,96.37,97.18,1605900
2024-05-13,97.44,98.24,96.34,96.52,1356600
2024-05-14,97.099998,97.83,96.56,96.63,1547800
2024-05-15,97.24,97.42,95.66,96.51,1456600
2024-05-16,96.51,98.34,96.22,97.83,1891200
2024-05-17,98.17,99.83,97.63,99.69,1842500
2024-05-20,99.5,99.91,98.55,98.82,1630600
2024-05-21,98.98,99.059998,97.099998,97.9,2193100
2024-05-22,97.14,97.64,95.76,95.94,1038600
2024-05-23,95.59,96.019997,93.82,94.47,1043000
2024-05-24,95.13,96.63,94.59,96.14,1287200
2024-05-28,96.3,96.72,94.9,95.13,1481700
2024-05-29,94.36,95.18,93.56,94.71,1556600
2024-05-30,95.019997,96.11,94.74,95.54,1253400
2024-05-31,95.58,96.78,95.14,96.18,3135500
2024-06-03,95.94,96.15,94.91,96.089996,1404600
2024-06-04,95.0,96.33,94.81,96.31,1419200
2024-06-05,96.0,98.13,95.7,98.040001,1599700
2024-06-06,97.9,98.31,97.040001,97.9,796300
2024-06-07,97.79,98.93,97.26,98.48,1441100
2024-06-10,98.12,98.41,96.69,96.77,1227700
2024-06-11,96.42,97.32,96.15,97.16,883600
2024-06-12,98.67,98.67,95.99,96.78,1163800
2024-06-13,96.52,96.94,95.010002,95.059998,1248700
2024-06-14,94.14,94.69,93.81,94.54,1569200
2024-06-17,93.75,94.97,92.66,94.8,1849000
2024-06-18,94.64,96.64,94.51,96.14,1702800
2024-06-20,95.9,96.82,95.28,96.17,1343300
2024-06-21,96.040001,96.32,95.25,95.98,4579200
2024-06-24,96.74,98.32,96.24,97.86,1203900
2024-06-25,97.86,98.099998,95.65,95.9,1756800
2024-06-26,95.5,96.55,94.99,96.19,1242200
2024-06-27,96.2,96.63,94.36,95.72,1345200
2024-06-28,95.89,96.92,94.89,95.21,1764100
2024-07-01,95.47,95.68,92.72,93.14,1252100
2024-07-02,93.69,94.82,93.31,94.74,1160700
2024-07-03,94.3,95.73,94.13,95.019997,566900
2024-07-05,94.59,95.42,93.51,95.29,795900
2024-07-08,95.6,97.72,95.54,97.29,1258400
2024-07-09,97.15,97.21,96.19,96.81,1076500
2024-07-10,97.29,97.5,95.29,96.27,1169400
2024-07-11,97.33,98.24,96.41,97.57,978000
2024-07-12,98.0,98.69,97.71,98.32,886500
2024-07-15,98.28,98.6,95.96,96.2,1005500
2024-07-16,96.52,98.41,96.26,98.11,767900
2024-07-17,98.099998,99.2,96.63,96.76,1427600
2024-07-18,96.29,98.66,95.51,96.62,1165400
2024-07-19,96.42,96.62,95.28,95.67,859200
2024-07-22,98.040001,98.49,96.14,98.14,1022400
2024-07-23,98.16,99.56,97.87,99.040001,1006200
2024-07-24,98.94,99.68,97.99,98.080002,1056700
2024-07-25,98.010002,98.74,96.85,97.16,973300
2024-07-26,97.75,99.010002,97.27,98.84,1231300
2024-07-29,99.050003,99.81,98.12,99.56,946300
2024-07-30,99.93,101.89,98.82,99.64,1494100
2024-07-31,100.0,100.97,99.25,99.48,1290400
2024-08-01,100.019997,100.56,98.099998,98.84,1183800
2024-08-02,97.089996,97.33,94.98,96.14,1876300
2024-08-05,94.24,95.72,92.22,94.61,2003100
2024-08-06,94.85,97.94,94.57,96.48,2095600
2024-08-07,99.19,99.41,92.47,94.21,3921600
2024-08-08,94.94,95.7,92.66,95.55,1736200
2024-08-09,95.79,96.91,95.21,96.21,1583200
2024-08-12,96.21,97.34,95.050003,95.78,1387100
2024-08-13,96.23,97.21,95.62,96.61,1480100
2024-08-14,96.54,97.26,95.64,96.71,987600
2024-08-15,97.2,99.089996,97.089996,99.080002,1366600
2024-08-16,99.14,99.41,97.9,98.58,1135000
2024-08-19,98.73,99.39,98.39,98.91,643200
2024-08-20,99.0,99.21,97.86,97.89,637800
2024-08-21,98.12,100.3,97.88,100.25,1183100
2024-08-22,100.3,100.75,99.4,100.39,1098700
2024-08-23,100.93,101.23,99.59,100.080002,1080600
2024-08-26,100.21,101.85,100.07,100.63,794500
2024-08-27,100.6,100.93,99.99,100.82,835100
2024-08-28,100.79,102.76,100.35,102.37,1129700
2024-08-29,102.5,103.39,101.3,102.93,805600
2024-08-30,103.24,104.17,102.21,103.99,1639000
2024-09-03,103.019997,105.3,102.97,103.58,1553600
2024-09-04,103.7,104.76,103.080002,103.11,1006300
2024-09-05,103.37,103.39,101.83,102.67,954400
2024-09-06,102.44,103.69,101.92,103.010002,1499000
2024-09-09,103.41,104.81,102.87,103.46,1211600
2024-09-10,103.59,104.13,101.72,102.81,1060800
2024-09-11,102.74,103.36,100.71,103.28,1173400
2024-09-12,103.13,103.66,102.4,103.44,951500
2024-09-13,103.76,104.38,103.24,103.59,975300
2024-09-16,104.13,104.68,102.9,103.64,898500
2024-09-17,104.050003,104.41,103.46,104.22,945600
2024-09-18,104.5,104.5,102.96,103.46,840100
2024-09-19,104.44,104.44,102.62,103.24,1093100
2024-09-20,102.41,103.39,101.6,102.23,3882900
2024-09-23,102.53,103.49,102.019997,103.49,1117700
2024-09-24,103.57,104.78,103.48,104.59,1112500
2024-09-25,105.16,105.25,103.62,104.0,1121600
2024-09-26,104.21,104.99,103.72,104.72,1441500
2024-09-27,104.99,105.61,104.24,105.12,1326400
2024-09-30,105.28,105.96,104.059998,104.93,1508300
2024-10-01,104.9,105.11,103.07,103.12,1154100
2024-10-02,102.7,104.17,102.7,103.0,1034300
2024-10-03,102.5,102.74,100.22,100.63,897100
2024-10-04,100.87,101.46,100.14,100.47,786900
2024-10-07,100.13,100.88,99.6,100.79,1214400
2024-10-08,100.86,102.59,100.73,102.48,1180100
2024-10-09,102.76,102.79,101.82,102.0,884100
2024-10-10,101.89,102.84,101.37,102.63,835400
2024-10-11,102.88,103.5,102.050003,102.66,724600
2024-10-14,102.69,105.29,102.45,105.14,1087000
2024-10-15,105.51,106.77,104.87,106.07,1083400
2024-10-16,106.12,106.36,105.57,105.71,819000
2024-10-17,105.47,105.5,103.54,104.39,1977100
2024-10-18,104.29,104.52,103.5,104.5,1155200
2024-10-21,104.52,105.029999,103.83,104.07,914100
2024-10-22,103.94,104.23,102.4,103.87,969000
2024-10-23,103.81,104.3,103.26,103.95,619500
2024-10-24,104.6,104.69,102.19,102.45,957700
2024-10-25,102.58,102.59,101.25,101.45,961500
2024-10-28,102.5,103.089996,101.66,102.2,673300
2024-10-29,101.75,102.2,101.27,101.33,1042800
2024-10-30,101.19,101.92,100.84,101.14,911000
2024-10-31,100.79,101.17,97.65,99.43,1278000
2024-11-01,99.21,99.8,98.77,98.93,1162000
2024-11-04,99.65,100.73,98.82,98.97,1348500
2024-11-05,97.98,99.82,97.050003,99.099998,1396600
2024-11-06,94.99,94.99,86.84,87.57,5082100
2024-11-07,88.15,91.16,88.15,90.96,3475000
2024-11-08,91.71,93.080002,90.72,92.28,3112100
2024-11-11,91.76,92.39,90.56,91.21,2131200
2024-11-12,91.64,92.26,89.38,89.43,1387500
2024-11-13,89.6,90.07,89.36,89.85,1081700
2024-11-14,89.85,90.61,89.22,89.37,1471200
2024-11-15,89.19,89.19,86.07,86.14,2602100
2024-11-18,85.95,86.63,85.4,86.61,1786600
2024-11-19,86.5,89.41,86.19,88.93,2232200
2024-11-20,89.39,89.79,87.85,88.84,1576700
2024-11-21,88.39,89.97,87.92,89.78,1165100
2024-11-22,90.010002,90.9,89.27,90.81,1639700
2024-11-25,90.86,91.63,90.36,90.89,2526800
2024-11-26,90.89,91.39,89.95,90.93,1232100
2024-11-27,91.36,91.65,90.57,90.82,1036200
2024-11-29,90.61,91.48,90.059998,91.36,806500
2024-12-02,91.3,91.37,90.15,91.27,1383800
2024-12-03,91.14,91.15,89.56,90.16,1427700
2024-12-04,89.55,89.85,88.56,89.3,1557400
2024-12-05,89.080002,89.51,88.62,89.0,1093900
2024-12-06,89.26,90.0,88.66,88.92,992300
2024-12-09,89.44,90.64,88.91,89.13,1121800
2024-12-10,89.16,89.28,88.14,88.55,939200
2024-12-11,88.54,88.81,87.11,87.84,1998800
2024-12-12,88.0,88.9,87.61,88.099998,1700000
2024-12-13,87.75,87.89,86.47,87.4,1157200
2024-12-16,87.22,87.92,86.37,87.15,1348400
2024-12-17,86.8,87.68,86.68,86.77,1122300
2024-12-18,86.3,87.31,85.33,85.36,1312300
2024-12-19,84.92,87.040001,84.61,85.94,1624700
2024-12-20,85.25,86.82,84.75,85.74,4203000
2024-12-23,85.47,85.61,83.85,84.79,1334600
2024-12-24,85.0,85.53,84.73,85.11,378400
2024-12-26,84.74,85.44,84.61,84.93,592600
2024-12-27,84.3,85.32,84.25,84.59,740700
2024-12-30,84.16,84.54,83.38,83.96,989500
2024-12-31,84.43,84.96,84.019997,84.55,716000
2025-01-02,84.72,85.25,83.010002,83.089996,1461900
2025-01-03,83.5,83.58,82.32,82.52,1265900
2025-01-06,82.69,83.25,81.85,82.11,1893000
2025-01-07,83.11,83.89,81.79,82.56,1855000
2025-01-08,82.080002,82.46,81.5,82.07,1518500
2025-01-10,80.69,81.57,80.36,81.36,1512200
2025-01-13,81.2,83.31,81.010002,83.3,1473500
2025-01-14,83.13,83.83,83.0,83.67,1276800
2025-01-15,84.15,84.51,83.47,84.17,1447500
2025-01-16,84.22,84.51,83.83,84.44,1238800
2025-01-17,84.81,85.36,84.13,84.89,1117000
2025-01-21,85.07,85.98,84.94,85.55,920200
2025-01-22,85.15,85.94,84.75,85.49,1007800
2025-01-23,85.58,86.52,84.94,86.46,1226300
2025-01-24,86.44,86.91,85.53,85.85,1553000
2025-01-27,86.35,88.089996,86.22,87.63,1192200
2025-01-28,87.36,87.88,86.5,86.54,1107600
2025-01-29,86.58,87.43,85.88,86.0,1206500
2025-01-30,86.2,87.82,85.52,87.72,1634800
2025-01-31,86.93,88.0,86.51,87.089996,1170700
2025-02-03,85.38,87.040001,85.029999,86.4,1633500
2025-02-04,86.82,87.16,84.51,85.62,2018100
2025-02-05,85.62,86.33,84.96,86.18,1426000
2025-02-06,86.58,86.64,84.61,85.67,1879600
2025-02-07,85.62,85.64,84.11,84.32,889300
2025-02-10,84.58,84.73,83.82,84.29,1313000
2025-02-11,84.72,85.52,84.07,85.21,1446900
2025-02-12,84.21,85.34,84.010002,84.68,981200
2025-02-13,85.099998,86.3,84.8,86.0,1105900
2025-02-14,86.0,86.96,85.51,85.58,1081600
2025-02-18,85.46,86.45,85.16,86.45,2389100
2025-02-19,80.99,85.25,80.77,81.99,3611600
2025-02-20,81.56,82.029999,78.91,80.14,2626100
2025-02-21,80.16,80.85,79.57,79.89,1571200
2025-02-24,79.73,80.48,79.080002,79.61,2317300
2025-02-25,79.89,80.94,79.5,80.28,1786500
2025-02-26,80.46,81.77,80.12,80.57,1508700
2025-02-27,80.029999,81.41,79.71,81.040001,1552300
2025-02-28,81.59,82.36,81.33,81.81,2175600
2025-03-03,82.41,83.42,80.6,80.92,1821700
2025-03-04,80.9,80.94,79.63,79.79,3212600
2025-03-05,80.28,81.47,79.97,81.25,1605600
2025-03-06,81.74,82.44,80.96,82.059998,1843000
2025-03-07,81.77,83.3,81.5,82.52,1847200
2025-03-10,82.23,83.080002,80.13,80.33,1731100
2025-03-11,80.28,80.41,79.67,79.88,2951900
2025-03-12,79.5,80.31,79.15,79.55,2974700
2025-03-13,79.38,79.94,78.97,79.17,1793200
2025-03-14,79.64,80.099998,79.26,79.65,2029400
2025-03-17,79.95,82.13,79.49,82.040001,1328800
2025-03-18,82.16,82.23,80.73,80.81,1666900
2025-03-19,80.61,80.9,79.95,80.55,1352700
2025-03-20,80.080002,80.64,79.53,79.74,1532000
2025-03-21,78.86,79.63,77.28,77.84,3934100
2025-03-24,78.39,78.72,77.050003,77.53,2224400
2025-03-25,77.6,78.21,76.6,76.92,1441400
2025-03-26,77.18,77.79,76.73,77.66,2156700
2025-03-27,77.69,78.44,77.42,78.18,964600
2025-03-28,78.18,78.49,76.38,76.48,930300
2025-03-31,76.38,78.07,75.73,77.61,1612200
2025-04-01,77.57,77.81,76.53,77.43,1003800
2025-04-02,76.95,78.72,76.49,78.62,1787100
2025-04-03,77.47,78.040001,75.9,76.45,2195600
2025-04-04,75.089996,75.84,72.82,73.12,2726500
2025-04-07,72.080002,74.11,69.53,70.71,3088700
2025-04-08,71.69,72.74,65.85,66.85,3285700
2025-04-09,66.31,73.43,66.029999,72.97,4084300
2025-04-10,72.28,72.56,69.46,71.38,2548800
2025-04-11,70.94,73.38,70.14,73.17,2125100
2025-04-14,73.77,73.85,72.49,73.48,2013500
2025-04-15,73.14,73.42,72.31,72.49,1076300
2025-04-16,72.59,72.84,70.77,71.059998,1980400
2025-04-17,71.58,74.0,71.34,72.5,3005300
2025-04-21,72.88,72.88,71.81,72.71,1574600
2025-04-22,73.51,74.89,73.42,74.64,1165300
2025-04-23,75.78,77.059998,75.31,75.86,2030000
2025-04-24,76.0,76.94,75.37,76.64,994500
2025-04-25,76.0,76.73,75.27,76.24,1349700
2025-04-28,76.4,76.92,75.56,76.29,1015900
2025-04-29,76.55,77.64,76.4,77.55,1182200
2025-04-30,76.76,78.55,76.48,78.46,1829800
2025-05-01,77.61,78.41,77.15,77.85,1728600
2025-05-02,78.92,79.49,78.21,79.059998,1129400
2025-05-05,78.89,79.57,78.64,79.15,1143900
2025-05-06,79.050003,79.37,78.26,79.2,1735500
2025-05-07,77.59,79.84,73.48,73.59,3863700
2025-05-08,74.7,75.77,73.94,74.080002,2448000
2025-05-09,73.94,74.42,73.37,73.43,1856100
2025-05-12,75.95,77.28,75.8,76.35,1891700
2025-05-13,76.5,76.63,75.33,76.5,1918400
2025-05-14,76.27,76.48,74.61,74.63,2098700
2025-05-15,74.81,76.26,74.6,76.13,1484100
2025-05-16,76.36,77.75,76.18,77.72,1384500
2025-05-19,77.22,77.83,77.029999,77.34,1064700
2025-05-20,77.33,78.35,76.65,77.88,1533700
2025-05-21,77.41,78.66,76.81,77.07,1985100
2025-05-22,76.82,77.34,75.56,75.72,2021400
2025-05-23,74.96,75.55,74.26,75.0,1402500
2025-05-27,75.67,77.31,75.41,77.24,1639900
2025-05-28,76.92,77.11,75.0,75.14,1308800
2025-05-29,75.7,76.089996,75.19,76.080002,1026600
2025-05-30,75.76,76.74,75.15,76.56,2754600
2025-06-02,76.11,76.51,75.26,75.71,1557400
2025-06-03,75.47,76.72,75.11,76.66,1159500
2025-06-04,76.87,78.24,76.45,77.47,1410900
2025-06-05,77.77,77.92,76.16,76.46,1272900
2025-06-06,76.9,77.31,76.66,76.9,662800
2025-06-09,77.23,78.83,77.23,78.2,1251100
2025-06-10,78.48,79.99,78.27,79.33,1779000
2025-06-11,79.33,79.42,77.95,78.33,1155800
2025-06-12,77.76,78.82,77.56,78.37,1119600
2025-06-13,77.010002,77.92,76.010002,76.089996,1058300
2025-06-16,76.85,76.96,76.34,76.74,940600
2025-06-17,76.41,76.84,74.71,75.029999,1260900
2025-06-18,74.76,75.38,74.51,74.89,1453300
2025-06-20,74.72,75.23,73.65,73.69,3650500
2025-06-23,73.64,74.18,72.63,73.76,1737400
2025-06-24,74.050003,75.65,73.64,74.72,1834300
2025-06-25,74.029999,74.68,73.65,74.23,1671300
2025-06-26,74.62,75.050003,73.7,73.92,1325400
2025-06-27,74.23,74.65,73.93,74.35,1806900
2025-06-30,73.96,74.32,73.35,73.55,2629600
2025-07-01,73.62,75.73,73.07,75.089996,2618200
2025-07-02,75.73,76.69,74.5,76.63,1954000
2025-07-03,77.2,77.37,76.23,76.33,838200
2025-07-07,75.9,76.089996,74.75,75.0,1158900
2025-07-08,75.12,76.46,74.88,76.18,1417800
2025-07-09,76.44,76.77,75.71,76.55,1224700
2025-07-10,76.55,77.61,76.099998,76.62,1114800
2025-07-11,75.48,76.19,74.95,75.95,1099300
2025-07-14,75.52,75.69,74.62,74.63,1320600
2025-07-15,75.099998,75.099998,73.58,73.65,1473100
2025-07-16,73.65,74.41,73.17,74.22,1065700
2025-07-17,74.14,75.07,73.94,75.029999,1120500
2025-07-18,75.19,76.07,75.029999,76.0,1531400
2025-07-21,76.5,76.78,75.99,76.25,2082900
2025-07-22,76.42,77.79,76.21,76.94,2882300
2025-07-23,77.56,77.93,76.95,77.46,1779300
2025-07-24,76.71,77.26,75.71,75.88,1756200
2025-07-25,76.0,77.0,75.29,76.63,1454300
2025-07-28,75.89,76.37,74.93,75.23,1735600
2025-07-29,75.16,75.53,74.32,74.79,1229400
2025-07-30,74.28,74.43,71.22,71.77,3227600
2025-07-31,71.17,71.84,70.6,71.029999,2483000
2025-08-01,70.69,70.71,69.11,69.48,1489200
2025-08-04,69.9,70.42,69.37,70.15,1483400
2025-08-05,70.73,71.010002,69.76,70.62,2207900
2025-08-06,73.94,74.58,63.71,66.16,5504000
2025-08-07,65.79,66.059998,64.15,64.23,4933400
2025-08-08,64.5,64.84,63.5,63.56,2913100
2025-08-11,63.73,63.91,62.98,63.46,4382500
2025-08-12,63.060001,64.82,62.33,64.54,4273600
2025-08-13,64.59,66.53,63.95,66.51,2765300
2025-08-14,65.61,66.07,65.14,65.72,2029800
2025-08-15,66.17,66.4,65.49,65.82,1389200
2025-08-18,65.71,66.0,65.080002,65.31,1713800
2025-08-19,65.71,66.64,65.36,65.83,1267000
2025-08-20,65.97,66.7,65.57,66.11,1900200
2025-08-21,65.67,66.41,65.54,66.13,1643800
2025-08-22,66.5,68.27,66.32,67.98,2293800
2025-08-25,67.82,67.87,66.91,67.14,1199000
2025-08-26,67.11,67.48,66.44,66.72,2247700
2025-08-27,66.49,66.98,66.35,66.78,2018900
2025-08-28,67.0,67.34,66.16,67.099998,1467600
2025-08-29,67.11,67.66,66.8,67.51,1521800
2025-09-02,66.94,67.5,65.36,66.55,2267200
2025-09-03,66.029999,66.76,65.49,65.71,1815200
2025-09-04,65.79,65.88,64.84,65.53,1958500
2025-09-05,65.61,67.24,65.29,66.029999,1872100
2025-09-08,67.029999,67.029999,65.52,66.17,1901800
2025-09-09,65.55,66.080002,64.91,65.07,1677600
2025-09-10,64.85,65.21,63.97,64.48,1795500
2025-09-11,64.2,66.54,64.2,66.35,2419200
2025-09-12,65.98,66.36,65.42,65.62,1921200
2025-09-15,65.81,65.81,64.34,64.37,3081100
2025-09-16,64.72,64.83,64.3,64.52,1712300
2025-09-17,64.48,65.26,63.25,63.34,2601600
2025-09-18,63.65,64.050003,63.25,63.75,3083600
2025-09-19,63.92,64.53,63.11,63.53,6765700
2025-09-22,63.33,63.33,62.17,62.2,2417300
2025-09-23,62.6,62.95,62.19,62.39,1673800
2025-09-24,62.29,62.85,62.13,62.54,1535800
2025-09-25,62.31,62.47,60.13,60.3,2428200
2025-09-26,60.56,60.99,60.35,60.72,1821600
2025-09-29,60.73,61.12,59.89,60.96,2386800
2025-09-30,60.88,61.79,60.4,61.54,2293800
2025-10-01,61.32,61.72,60.4,60.96,2569500
2025-10-02,60.87,62.0099983,60.77,61.51,1685200
2025-10-03,61.35,62.45,61.35,62.18,1542000
2025-10-06,62.049999,62.38,61.47,61.5,1674100
2025-10-07,61.85,62.15,60.98,61.02,2988700
2025-10-08,61.49,61.65,60.7,61.3,1783800
2025-10-09,61.61,61.78,59.91,60.15,1410800
2025-10-10,60.39,60.59,59.14,59.55,4215400
2025-10-13,59.77,60.49,59.5,60.099998,1385000
2025-10-14,60.0,61.71,59.75,61.67,1596500
2025-10-15,61.86,62.83,61.57,61.93,1482400
2025-10-16,62.28,63.19,62.13,62.6,1983000
2025-10-17,62.78,63.9,62.6,63.75,2751000
2025-10-20,64.029999,64.79,63.91,64.64,1764600
2025-10-21,64.65,65.31,64.010002,65.010002,1660200
2025-10-22,65.28,65.76,64.79,64.82,2281200
2025-10-23,64.97,66.0,64.94,65.77,2072400
2025-10-24,66.27,66.49,65.5,65.91,1828900
2025-10-27,65.91,66.29,65.040001,65.29,1846400
2025-10-28,65.040001,65.49,64.48,64.88,2062600
2025-10-29,64.46,64.7,63.049999,63.28,2377300
2025-10-30,63.02,63.96,62.5,63.13,2785000
2025-10-31,62.57,63.25,62.28,62.97,2487300
2025-11-03,62.41,62.83,61.65,62.080002,4115900
2025-11-04,61.88,62.28,61.3,61.49,2875200
2025-11-05,62.72,65.88,62.72,64.0,4274800
2025-11-06,64.32,64.59,62.69,62.85,2243600
2025-11-07,63.16,63.39,61.79,62.0,3193300
2025-11-10,62.18,63.46,61.73,62.78,2207100
2025-11-11,63.19,65.32,63.19,65.31,2195900
2025-11-12,65.13,66.050003,65.13,65.41,2210500
2025-11-13,65.32,67.75,65.040001,67.43,3638900
2025-11-14,66.73,67.59,65.37,65.88,2221000
2025-11-17,65.61,66.37,65.11,65.13,2618900
2025-11-18,65.050003,66.089996,64.91,66.0,2272400
2025-11-19,65.91,66.33,64.97,65.13,1907100
2025-11-20,65.36,65.68,64.0,64.56,2668700
2025-11-21,64.95,68.07,64.79,67.45,2440000
2025-11-24,67.21,68.16,66.81,67.45,3210600
2025-11-25,68.13,70.11,67.68,69.2,3375000
2025-11-26,68.74,70.010002,68.65,69.78,1351800
2025-11-28,69.73,70.099998,69.43,69.48,877200
2025-12-01,69.28,69.98,69.099998,69.27,1356100
2025-12-02,69.41,69.5,67.89,68.54,1829400
2025-12-03,68.73,69.099998,67.07,67.12,1960100
2025-12-04,67.54,67.7,66.040001,66.49,1807700
2025-12-05,66.47,67.95,66.3,67.18,2046900
2025-12-08,66.98,67.11,65.34,65.36,1663900
2025-12-09,65.33,66.07,64.24,64.54,1796000
2025-12-10,64.77,65.52,64.34,65.39,2909900
2025-12-11,63.5,64.040001,62.060001,63.25,4578700
2025-12-12,63.48,63.56,62.69,63.26,3276100
2025-12-15,63.69,64.28,62.9,64.17,2724800
2025-12-16,64.16,64.99,63.96,64.58,2525900
2025-12-17,64.37,66.28,64.26,65.62,2102500
2025-12-18,65.72,66.52,65.07,65.41,2421800
2025-12-19,64.81,66.17,64.4,65.77,6198800
2025-12-22,65.82,67.050003,65.75,66.57,1883100
2025-12-23,67.0,67.0,66.17,66.37,1697600
2025-12-24,66.37,66.98,66.15,66.92,529200
2025-12-26,66.81,67.52,66.6,67.47,1019300
2025-12-29,67.31,67.89,67.019997,67.76,1102100
2025-12-30,67.64,68.24,67.32,67.93,1300000
2025-12-31,67.61,67.9,67.29,67.39,1182700
2026-01-02,67.53,68.58,66.88,68.029999,1616100
2026-01-05,67.29,68.41,66.84,66.96,1925600
2026-01-06,66.51,68.9,66.2,68.87,1608400
2026-01-07,68.92,69.42,67.2,67.3,1703900
2026-01-08,66.67,69.059998,66.55,68.58,1577500
2026-01-09,68.98,69.23,68.019997,69.099998,1376400
2026-01-12,69.42,69.75,68.63,68.96,1357900
2026-01-13,69.25,70.029999,68.6,69.61,1157700
2026-01-14,69.86,70.72,69.68,70.18,1667000
2026-01-15,70.21,71.050003,69.32,70.83,1164700
2026-01-16,70.5,71.88,70.4,71.68,2073800
2026-01-20,70.94,71.5,69.96,70.86,1695800
2026-01-21,71.5,72.57,71.18,71.3,1806700
2026-01-22,71.51,73.12,71.3,72.16,1960200
2026-01-23,72.16,73.28,71.9,73.23,1461500
2026-01-26,73.59,74.37,73.32,74.029999,1463600
2026-01-27,73.89,74.45,72.58,73.21,1634800
2026-01-28,73.56,73.79,71.56,72.16,1444200
2026-01-29,71.26,71.62,68.37,69.6,2581900
2026-01-30,69.22,69.85,68.69,69.81,1672200
2026-02-02,69.64,70.17,68.93,69.75,1905800
2026-02-03,69.36,71.32,69.36,70.38,1866800
2026-02-04,71.32,74.68,71.32,74.29,2130400
2026-02-05,73.92,74.059998,72.49,73.43,1506800
2026-02-06,73.59,75.010002,73.36,74.82,1333600
2026-02-09,74.97,75.26,73.7,75.18,1265300
2026-02-10,75.5,76.79,74.47,76.76,1804700
2026-02-11,76.22,77.62,76.22,76.97,2306500
2026-02-12,78.88,84.0,77.41,81.5,4172500
2026-02-13,82.5,83.15,80.84,83.0,4068500
2026-02-17,84.0,84.45,82.040001,82.74,1652300
2026-02-18,82.63,83.32,81.62,82.96,1450900
2026-02-19,82.77,83.019997,79.74,81.62,2184600
2026-02-20,81.77,82.46,80.29,81.39,1714900
2026-02-23,81.07,82.36,79.84,82.24,1583500
2026-02-24,82.59,83.75,82.07,82.11,1205000
2026-02-25,81.94,81.99,79.16,79.88,1666900
2026-02-26,80.33,80.94,79.7,80.94,1318600
2026-02-27,80.75,82.31,80.040001,82.23,1406300
2026-03-02,81.86,82.089996,79.36,80.75,1678700
2026-03-03,79.040001,79.72,77.56,79.16,1977400
2026-03-04,79.27,79.65,77.54,78.19,1287600
2026-03-05,77.57,79.07,74.99,75.38,2735000
2026-03-06,75.07,75.07,72.93,73.77,1910500
2026-03-09,72.73,73.49,71.21,73.16,1692400
2026-03-10,72.98,74.3,72.33,72.85,1857200
2026-03-11,72.43,73.35,68.47,68.72,3103600
2026-03-12,68.56,70.61,68.55,70.010002,2296600
2026-03-13,71.010002,71.48,69.39,69.61,1690600
2026-03-16,70.35,70.94,69.51,70.089996,1409500
2026-03-17,72.31,72.91,71.029999,71.28,1629500
2026-03-18,70.68,71.24,68.080002,68.31,1442800
2026-03-19,67.9,68.14,65.49,68.13,2366400
2026-03-20,68.42,68.56,66.19,66.62,2941900
2026-03-23,68.11,69.35,67.8,68.13,1849800
2026-03-24,66.91,69.22,66.6,67.9,1401300
2026-03-25,68.78,71.0,67.99,70.71,2000300
2026-03-26,70.22,71.82,70.22,71.15,1340900
2026-03-27,70.93,71.29,70.44,71.010002,2033000
2026-03-30,71.5,72.87,70.59,70.96,1494400
2026-03-31,71.47,73.0,70.99,72.55,1610700
2026-04-01,72.17,73.79,72.029999,72.57,1517700
2026-04-02,72.029999,72.92,71.3,72.43,1232200
2026-04-06,71.84,72.17,71.019997,71.83,768400
2026-04-07,71.55,71.77,68.34,69.98,1510900
2026-04-08,72.12,74.050003,71.77,73.77,2487600
2026-04-09,72.82,73.75,72.029999,73.13,1386200
2026-04-10,73.64,74.07,72.26,72.52,1262300
2026-04-13,71.97,72.33,70.55,71.7,1391300
2026-04-14,71.5,72.68,71.07,72.59,1192300
2026-04-15,72.64,72.64,71.07,71.53,1382500
2026-04-16,71.93,72.41,71.35,72.059998,1576800
2026-04-17,72.18,76.19,72.18,75.88,2833700
2026-04-20,75.21,75.4,74.099998,74.44,1431300
2026-04-21,74.4,75.07,72.13,72.42,1179400
2026-04-22,72.94,72.94,70.73,71.17,975400
2026-04-23,71.19,71.94,70.19,70.94,903700
2026-04-24,70.53,71.28,70.31,71.14,996400
2026-04-27,71.22,71.93,70.8,70.99,1147000
2026-04-28,71.51,72.0,69.65,70.77,1550000
2026-04-29,70.22,70.86,68.78,68.89,1403600
2026-04-30,69.34,70.35,68.85,70.2,1461500
2026-05-01,70.8,71.22,69.98,70.81,1447400
2026-05-04,70.27,71.080002,69.98,70.089996,1743200
2026-05-05,70.17,71.62,70.080002,70.77,2022400
2026-05-06,80.79,83.89,78.12,82.93,4872600
2026-05-07,82.89,83.75,77.77,78.26,3185000
2026-05-08,78.49,81.32,77.81,81.050003,2276100
2026-05-11,81.040001,81.8,78.21,78.75,1833700
2026-05-12,78.54,79.17,77.07,78.47,1337900
2026-05-13,78.089996,78.64,76.82,77.48,1769500
2026-05-14,77.69,77.84,76.07,76.089996,1606600
2026-05-15,75.29,75.3,72.94,73.099998,1721600
2026-05-18,72.76,75.13,72.72,73.7,1580700
2026-05-19,71.86,72.86,71.52,71.99,2454100
2026-05-20,71.67,75.059998,71.3,74.43,2651500
2026-05-21,73.85,75.62,72.66,75.25,1894500
2026-05-22,76.040001,76.52,74.6,75.28,1298300
2026-05-26,75.88,76.9,75.5,75.87,1392200
2026-05-27,76.75,79.33,76.58,77.0,2587500
2026-05-28,76.48,78.44,76.099998,78.029999,2014600
2026-05-29,80.4,81.17,75.79,76.050003,5549600
2026-06-01,73.96,75.28,72.5,74.26,2376300
2026-06-02,73.72,74.95,72.61,73.24,1889800
2026-06-03,74.22,75.65,73.38,73.56,2659100
2026-06-04,74.19,75.27,72.7,73.23,2523400
2026-06-05,72.97,74.44,72.5,73.010002,1740100
2026-06-08,72.66,73.089996,72.21,72.6,1289100
2026-06-09,74.97,76.18,74.18,75.78,2042400
2026-06-10,75.63,76.26,74.21,74.23,2187700
2026-06-11,74.71,77.73,74.71,77.51,1970900
2026-06-12,78.63,78.93,77.63,78.27,1816600
2026-06-15,79.7,80.46,78.18,78.36,1580500
2026-06-16,78.52,78.89,77.43,77.85,1378100
2026-06-17,77.61,78.41,75.38,76.050003,1428800
2026-06-18,76.3,77.58,76.28,76.72,3415300
2026-06-22,76.25,76.96,75.58,75.95,1526800
2026-06-23,75.57,76.22,74.32,74.71,1848100
2026-06-24,76.010002,77.15,75.58,75.83,1911900
2026-06-25,75.89,77.07,74.71,75.080002,1913700
2026-06-26,74.37,76.37,74.089996,76.35,2280000
2026-06-29,76.23,76.56,75.07,76.5,2234400
2026-06-30,76.66,79.25,75.49,79.22,2946600
2026-07-01,79.24,81.62,78.95,81.15,2236100
2026-07-02,81.97,83.83,81.37,83.83,2179800
2026-07-06,83.34,83.53,81.69,82.77,2183300
2026-07-07,83.47,83.82,81.64,81.83,1856500
2026-07-08,80.0,80.0,77.15,78.94,3463400
2026-07-09,78.4,79.050003,78.17,78.53,1746700
2026-07-10,79.13,79.63,77.029999,77.53,1476100
2026-07-13,77.29,77.81,74.75,75.099998,2270000
2026-07-14,75.99,76.57,74.61,74.67,1901800
2026-07-15,74.86,75.89,74.48,75.31,1331800
2026-07-16,74.98,77.64,74.94,77.6,1134100
2026-07-17,77.72,80.14,77.54,78.2,1677100
2026-07-20,78.19,78.59,76.71,77.27,1184700
2026-07-21,77.17,77.54,76.12,76.26,1302200
2026-07-22,76.97,77.36,76.36,77.2,1297900
2026-07-23,74.93,75.76,72.11,73.77,3739900
2026-07-24,73.86,76.61,73.78,75.94,1460200
2026-07-27,76.62,77.67,76.26,76.4,1740000
2026-07-28,77.7,79.55,76.9,79.25,1667700
2026-07-29,78.74,79.75,77.7,79.63,1926500
2026-07-30,80.099998,80.35,78.48,79.48,1411900
2026-07-31,78.58,79.75,78.13,79.22,1643100
2026-08-03,80.050003,81.63,79.050003,80.58,1659800
2026-08-04,80.58,81.37,79.47,80.89,1811400
2026-08-05,83.83,89.32,83.83,88.07,3440900
2026-08-06,86.88,86.92,83.76,84.55,2589000
2026-08-07,84.73,85.9,84.14,85.89,1420900
2026-08-10,85.0,85.47,83.91,85.089996,1814700
2026-08-11,84.86,86.18,84.57,85.0,1632100
2026-08-12,85.27,85.54,83.62,83.85,1640400
2026-08-13,84.2,84.72,83.7,84.059998,1113200
2026-08-14,83.89,84.24,83.14,84.18,895900
2026-08-17,83.43,83.7,81.73,81.83,1175700
2026-08-18,82.13,82.46,80.87,81.0,1050800
2026-08-19,82.36,83.97,81.48,83.33,1202000
2026-08-20,81.97,84.83,81.45,83.39,1263600
2026-08-21,84.099998,85.21,83.83,84.28,1092300
2026-08-24,84.86,85.97,84.3,85.81,1568900
2026-08-25,85.88,87.35,85.14,87.16,1565900
2026-08-26,87.43,88.56,86.94,87.12,1362100
2026-08-27,86.17,87.27,85.88,86.85,1507300
2026-08-28,87.8,88.64,87.080002,87.95,1162300
2026-08-31,87.46,88.059998,86.14,86.33,1808100
2026-09-01,86.019997,86.85,85.12,85.78,1494100
2026-09-02,86.37,87.92,86.059998,86.94,1288800
2026-09-03,87.225,87.74,85.89,86.42,55724
