date,open,high,low,close,volume
2006-10-18,64.65,64.99,64.2,64.48,138500
2006-10-19,64.23,64.79,63.9,64.29,104600
2006-10-20,64.5,64.5,63.64,63.92,85100
2006-10-23,63.72,64.62,63.6,64.5,99800
2006-10-24,64.43,64.65,63.87,64.0,69200
2006-10-25,63.75,64.4,63.47,64.0,122300
2006-10-26,64.25,65.19,64.0,64.85,146100
2006-10-27,64.7,64.74,63.63,63.73,166700
2006-10-30,63.3,64.2,63.28,63.89,165800
2006-10-31,64.050003,64.050003,63.14,63.65,127000
2006-11-01,63.85,64.010002,62.15,62.22,173600
2006-11-02,61.5,61.8,60.58,60.97,192100
2006-11-03,61.07,61.22,59.51,60.080002,188600
2006-11-06,60.25,60.98,60.25,60.96,84100
2006-11-07,60.8,60.96,59.9,59.9,90200
2006-11-08,59.6,60.3,59.3,60.25,86600
2006-11-09,60.2,60.2,59.48,59.86,72700
2006-11-10,59.72,60.25,59.18,60.22,87500
2006-11-13,60.099998,60.46,59.9,60.45,122800
2006-11-14,60.5,61.47,60.45,61.44,140500
2006-11-15,61.68,61.8,60.9,60.9,91000
2006-11-16,61.15,61.58,60.9,61.58,68100
2006-11-17,61.57,61.61,60.5,60.6,80900
2006-11-20,60.65,62.09,60.55,61.47,194700
2006-11-21,61.4,62.48,61.13,62.4,236100
2006-11-22,62.44,62.6,61.11,61.82,120700
2006-11-24,61.57,62.19,61.45,62.13,63400
2006-11-27,62.02,62.02,59.52,59.6,170500
2006-11-28,59.6,59.95,58.54,59.25,183800
2006-11-29,59.5,60.0,59.049999,59.77,104100
2006-11-30,59.6,60.049999,58.8,60.0,208800
2006-12-01,60.049999,60.28,59.21,59.94,153200
2006-12-04,60.099998,60.4,59.91,60.31,274700
2006-12-05,60.51,61.049999,59.94,60.2,199300
2006-12-06,59.95,60.48,59.58,60.11,122900
2006-12-07,60.17,60.39,59.73,59.86,82000
2006-12-08,59.61,60.4,59.31,59.91,92600
2006-12-11,60.040001,60.23,59.8,60.0099983,77600
2006-12-12,59.9,60.38,59.29,59.91,92500
2006-12-13,60.25,60.41,58.93,59.67,72100
2006-12-14,59.87,60.17,58.95,59.16,118200
2006-12-15,59.16,59.59,58.66,58.81,230000
2006-12-18,58.85,59.71,57.49,57.85,82800
2006-12-19,57.5,57.63,56.4,57.25,225900
2006-12-20,57.24,57.92,57.080002,57.49,203900
2006-12-21,57.45,58.16,57.029999,57.049999,102200
2006-12-22,57.099998,57.13,56.33,57.029999,83200
2006-12-26,56.9,57.7,56.18,56.77,101900
2006-12-27,56.84,57.34,56.0,56.26,221100
2006-12-28,56.31,57.11,56.31,56.35,224000
2006-12-29,56.35,57.45,56.35,57.24,166900
2007-01-03,57.24,57.35,55.8,56.6,230000
2007-01-04,56.6,57.11,56.29,56.81,210100
2007-01-05,55.91,56.79,55.74,55.98,140700
2007-01-08,55.85,56.57,55.53,56.44,141300
2007-01-09,56.56,57.34,56.42,57.27,148700
2007-01-10,56.73,57.25,56.25,57.19,118600
2007-01-11,57.41,59.11,57.32,57.96,155000
2007-01-12,57.0,58.89,56.29,58.42,126900
2007-01-16,58.74,59.38,58.74,59.28,164600
2007-01-17,59.28,59.86,58.78,59.33,163300
2007-01-18,59.37,59.84,58.75,59.11,86600
2007-01-19,59.29,60.18,58.67,59.98,219100
2007-01-22,59.85,60.049999,59.25,59.47,138500
2007-01-23,59.4,60.040001,59.4,59.7,215300
2007-01-24,59.85,60.44,59.69,60.0099983,170800
2007-01-25,60.0,60.49,59.8,60.37,168600
2007-01-26,59.9,60.23,59.31,59.73,357700
2007-01-29,58.83,60.27,58.83,60.0,270400
2007-01-30,60.060001,60.36,59.66,60.23,291000
2007-01-31,60.080002,60.7,59.49,60.12,164700
2007-02-01,60.15,60.24,59.41,60.11,306600
2007-02-02,59.88,60.2,59.049999,59.6,376000
2007-02-05,59.41,59.83,59.049999,59.6,188700
2007-02-06,59.55,60.0,58.81,60.0,223300
2007-02-07,59.85,60.57,59.41,60.48,174600
2007-02-08,60.37,60.74,59.75,60.09,206600
2007-02-09,60.029999,60.28,58.75,59.8,422100
2007-02-12,59.65,59.65,58.51,59.24,169600
2007-02-13,58.99,59.84,58.64,59.71,119900
2007-02-14,59.71,60.24,59.34,59.59,162900
2007-02-15,59.62,59.92,59.11,59.63,154600
2007-02-16,59.61,59.61,58.64,59.07,226000
2007-02-20,58.87,60.080002,58.37,59.84,251700
2007-02-21,59.6,59.61,59.0099983,59.38,114900
2007-02-22,59.38,59.5,58.67,59.02,278700
2007-02-23,58.92,59.0099983,58.21,58.39,121500
2007-02-26,58.5,58.5,56.46,57.76,141500
2007-02-27,56.27,57.29,55.31,55.49,233000
2007-02-28,55.42,55.81,54.040001,55.23,423500
2007-03-01,54.4,55.56,53.060001,54.96,222700
2007-03-02,54.75,54.75,53.64,53.69,189000
2007-03-05,52.0,53.51,51.7,51.78,296300
2007-03-06,52.0,53.73,51.9,53.26,340700
2007-03-07,53.32,53.38,52.24,52.28,248300
2007-03-08,52.74,53.87,52.74,53.080002,248600
2007-03-09,53.31,53.81,52.92,53.45,104200
2007-03-12,53.4,54.29,52.81,53.89,185000
2007-03-13,54.25,54.66,53.099998,53.37,452400
2007-03-14,53.35,54.77,53.09,54.62,383600
2007-03-15,54.59,55.2,54.46,55.2,129600
2007-03-16,55.34,55.4,54.5,54.8,257700
2007-03-19,55.15,55.98,55.13,55.45,124500
2007-03-20,56.0,56.5,55.6,56.39,183500
2007-03-21,56.28,58.0,55.95,57.19,154600
2007-03-22,57.3,58.15,56.62,57.61,134900
2007-03-23,57.44,57.69,57.0,57.19,60500
2007-03-26,57.0099983,57.67,56.31,56.69,106400
2007-03-27,56.5,56.5,55.45,56.099998,136500
2007-03-28,55.97,56.65,55.22,55.98,322800
2007-03-29,56.3,56.46,55.64,56.049999,138200
2007-03-30,56.25,57.34,55.5,56.26,310000
2007-04-02,56.26,56.89,55.93,56.82,155700
2007-04-03,56.95,57.41,56.69,57.35,171800
2007-04-04,57.25,57.61,56.93,57.61,149200
2007-04-05,57.5,57.77,57.29,57.43,137100
2007-04-09,57.3,57.32,56.88,56.93,107100
2007-04-10,57.02,58.099998,57.02,57.34,161000
2007-04-11,56.93,56.93,55.65,56.13,187200
2007-04-12,55.95,55.95,55.060001,55.6,155600
2007-04-13,55.54,56.2,55.34,56.18,340800
2007-04-16,56.41,57.53,55.69,56.17,118800
2007-04-17,56.11,56.73,55.98,56.39,93700
2007-04-18,56.14,56.25,55.17,55.6,204700
2007-04-19,55.25,55.5,54.85,55.17,94700
2007-04-20,56.09,57.35,54.92,55.86,194100
2007-04-23,55.9,56.8,55.9,56.43,107100
2007-04-24,56.47,56.67,55.57,55.85,101000
2007-04-25,56.13,56.25,55.5,55.93,99900
2007-04-26,55.8,56.23,55.36,56.02,87100
2007-04-27,55.77,56.24,55.44,56.080002,181900
2007-04-30,56.060001,56.14,53.81,53.95,182700
2007-05-01,54.15,54.15,52.84,53.33,112500
2007-05-02,53.21,54.58,52.84,53.69,85800
2007-05-03,53.8,54.049999,53.4,53.4,103400
2007-05-04,53.35,53.72,52.61,53.7,160500
2007-05-07,53.55,53.99,53.02,53.44,112000
2007-05-08,53.2,54.67,53.0099983,54.29,290600
2007-05-09,54.2,55.62,54.2,54.7,194300
2007-05-10,54.4,54.79,54.0,54.5,197100
2007-05-11,55.19,56.54,55.19,56.53,445900
2007-05-14,56.13,56.6,55.67,55.77,192500
2007-05-15,56.0,56.35,54.43,55.16,217900
2007-05-16,55.0,55.0099983,53.69,54.57,105200
2007-05-17,54.32,54.59,53.84,53.9,212300
2007-05-18,53.93,53.96,53.040001,53.66,166900
2007-05-21,53.66,54.41,53.31,53.36,322000
2007-05-22,54.14,54.16,53.3,53.75,224400
2007-05-23,53.9,54.89,53.7,53.93,218700
2007-05-24,53.73,54.17,53.41,54.099998,437100
2007-05-25,54.42,56.24,53.89,54.049999,576500
2007-05-29,55.049999,56.91,55.049999,56.56,355200
2007-05-30,56.31,58.84,56.31,58.7,329800
2007-05-31,57.81,59.62,57.81,58.75,430100
2007-06-01,59.02,59.25,58.02,58.75,482200
2007-06-04,58.43,58.9,58.34,58.9,192600
2007-06-05,58.44,58.57,57.41,57.58,275900
2007-06-06,57.37,58.63,56.92,58.35,270100
2007-06-07,57.35,57.69,56.0,56.0,277000
2007-06-08,56.09,56.54,55.53,56.46,174800
2007-06-11,56.3,56.86,55.29,55.66,172000
2007-06-12,55.58,55.63,54.56,54.9,240300
2007-06-13,55.13,56.5,54.83,55.94,177700
2007-06-14,55.86,56.0,54.81,55.12,192100
2007-06-15,56.62,56.62,55.36,55.9,278100
2007-06-18,55.88,55.88,54.74,54.95,171200
2007-06-19,54.61,55.099998,54.02,54.8,201500
2007-06-20,54.83,54.83,52.74,53.02,221700
2007-06-21,52.68,53.61,51.73,53.27,209300
2007-06-22,53.07,53.2,52.27,52.35,389700
2007-06-25,52.15,52.57,50.79,51.17,262700
2007-06-26,51.33,51.41,50.11,50.86,345500
2007-06-27,50.36,53.27,50.27,52.97,237000
2007-06-28,52.43,53.7,52.29,52.75,254000
2007-06-29,52.99,53.54,52.0,52.48,230800
2007-07-02,52.78,54.16,52.13,54.080002,182300
2007-07-03,54.25,54.73,54.0,54.54,155900
2007-07-05,54.73,55.86,54.64,55.75,263200
2007-07-06,55.62,56.0,55.26,55.63,148900
2007-07-09,55.6,55.89,55.25,55.75,224000
2007-07-10,55.36,55.68,54.8,55.040001,324300
2007-07-11,54.71,55.27,54.28,55.049999,250000
2007-07-12,54.59,55.12,53.8,55.0,298700
2007-07-13,55.0,55.02,54.32,55.0,168800
2007-07-16,54.95,55.47,54.42,54.5,140300
2007-07-17,54.6,54.82,53.77,53.89,186500
2007-07-18,53.46,53.79,52.11,53.080002,244100
2007-07-19,53.54,53.77,53.09,53.31,125900
2007-07-20,53.19,53.19,51.25,51.65,226300
2007-07-23,52.49,52.49,50.15,50.15,250100
2007-07-24,49.54,50.19,48.02,48.53,257600
2007-07-25,48.79,48.98,47.15,48.099998,266300
2007-07-26,47.22,47.34,45.79,46.62,312900
2007-07-27,46.37,47.049999,45.029999,45.17,281100
2007-07-30,45.16,45.44,44.11,44.8,245000
2007-07-31,45.4,46.02,44.99,45.13,487100
2007-08-01,45.09,46.55,44.049999,46.19,398400
2007-08-02,45.76,46.86,45.76,46.47,207200
2007-08-03,46.92,46.92,45.24,45.43,394900
2007-08-06,44.58,46.21,43.4,46.12,326700
2007-08-07,46.56,47.78,45.89,47.35,416600
2007-08-08,47.97,49.77,47.07,48.76,480700
2007-08-09,44.86,49.83,44.86,48.85,458800
2007-08-10,47.38,49.53,44.19,47.68,335700
2007-08-13,49.0,49.0,46.43,46.6,224700
2007-08-14,46.35,46.78,44.73,44.73,298600
2007-08-15,44.74,46.93,43.97,44.0,294600
2007-08-16,43.15,46.91,43.15,46.55,481800
2007-08-17,48.63,49.09,46.86,47.43,555300
2007-08-20,47.75,48.8,46.86,48.42,265400
2007-08-21,48.25,49.95,47.99,49.87,178200
2007-08-22,49.9,50.57,49.48,49.59,505700
2007-08-23,49.8,50.72,49.24,49.73,460500
2007-08-24,49.71,49.71,47.72,48.65,233500
2007-08-27,48.46,48.65,47.029999,47.029999,226500
2007-08-28,46.93,46.93,45.73,45.73,168300
2007-08-29,46.59,48.13,46.44,48.029999,275900
2007-08-30,48.049999,48.74,47.29,48.49,197700
2007-08-31,49.099998,50.21,48.69,49.59,252900
2007-09-04,49.58,50.74,49.24,50.18,150900
2007-09-05,49.78,49.85,48.88,49.18,191400
2007-09-06,49.35,49.57,48.54,49.049999,127100
2007-09-07,48.38,48.63,47.74,48.049999,139600
2007-09-10,48.27,48.45,47.39,47.43,251700
2007-09-11,47.59,48.69,47.49,48.69,162100
2007-09-12,48.6,49.43,48.24,48.83,124200
2007-09-13,48.97,50.040001,48.67,49.73,116400
2007-09-14,49.09,49.86,48.56,49.78,103200
2007-09-17,49.67,49.97,49.060001,49.47,147000
2007-09-18,49.82,51.8,49.18,51.8,217500
2007-09-19,51.81,53.81,51.81,53.65,241500
2007-09-20,53.62,54.09,52.27,52.39,151000
2007-09-21,52.53,52.87,51.5,51.5,230500
2007-09-24,51.61,52.09,51.060001,51.71,141100
2007-09-25,51.33,51.33,50.37,50.62,129200
2007-09-26,50.75,51.0,50.33,50.75,113300
2007-09-27,50.88,51.57,50.23,50.46,179800
2007-09-28,50.46,50.46,49.29,49.85,291200
2007-10-01,49.8,50.9,49.71,50.62,185800
2007-10-02,50.78,51.75,50.78,51.59,221800
2007-10-03,51.39,52.18,51.39,51.57,416000
2007-10-04,51.85,52.17,51.0,52.080002,110700
2007-10-05,52.5,53.92,52.35,53.92,192500
2007-10-08,53.61,53.61,52.83,52.94,169700
2007-10-09,53.24,53.33,52.65,53.26,206300
2007-10-10,53.39,54.59,52.9,54.58,430500
2007-10-11,54.42,54.55,53.52,54.080002,315900
2007-10-12,54.080002,54.54,53.9,54.28,280300
2007-10-15,54.13,54.37,52.14,52.76,259500
2007-10-16,52.72,52.72,51.040001,51.040001,149100
2007-10-17,51.35,51.35,48.64,50.6,215500
2007-10-18,50.6,51.34,50.049999,51.12,211700
2007-10-19,51.049999,51.049999,49.7,49.7,457500
2007-10-22,48.99,51.46,48.99,50.72,290800
2007-10-23,51.36,51.7,50.63,51.7,180800
2007-10-24,51.3,51.5,50.22,51.25,200200
2007-10-25,51.51,52.080002,50.71,51.86,373500
2007-10-26,52.39,52.96,51.72,52.96,241000
2007-10-29,53.0099983,53.22,51.32,51.42,260100
2007-10-30,51.4,52.16,51.02,51.71,290600
2007-10-31,52.22,52.88,51.43,52.0,388500
2007-11-01,51.0,51.38,48.35,48.35,289200
2007-11-02,50.0,51.26,48.27,48.74,678800
2007-11-05,47.79,48.45,47.11,47.61,459800
2007-11-06,47.83,48.85,47.09,48.81,249200
2007-11-07,48.099998,48.53,46.73,46.8,300000
2007-11-08,46.8,47.46,46.16,47.16,223500
2007-11-09,46.65,48.42,46.29,47.84,311600
2007-11-12,47.9,49.72,47.58,48.79,305800
2007-11-13,49.37,51.74,49.37,51.5,343400
2007-11-14,51.96,52.22,49.83,50.24,222600
2007-11-15,49.9,50.59,49.07,50.59,275400
2007-11-16,50.8,50.87,49.31,49.61,446300
2007-11-19,48.98,49.94,48.56,48.57,226200
2007-11-20,48.72,49.69,46.83,48.22,235000
2007-11-21,47.49,48.44,47.0,48.099998,253700
2007-11-23,48.7,49.29,48.25,48.9,75400
2007-11-26,48.74,48.74,45.43,45.43,266900
2007-11-27,45.66,46.3,44.69,46.16,392100
2007-11-28,47.040001,48.12,46.56,47.32,370700
2007-11-29,47.14,47.87,46.56,47.45,169500
2007-11-30,48.3,49.16,47.85,48.29,431000
2007-12-03,48.11,48.11,46.35,46.45,319900
2007-12-04,45.95,46.39,45.099998,45.11,237400
2007-12-05,46.15,46.43,45.38,45.93,263900
2007-12-06,45.75,48.19,45.75,47.95,314300
2007-12-07,48.0,49.099998,47.56,48.09,224900
2007-12-10,48.2,48.75,47.55,48.65,147800
2007-12-11,48.74,49.24,45.24,45.24,223100
2007-12-12,46.16,47.32,44.55,45.040001,321400
2007-12-13,44.5,45.16,43.62,44.95,212900
2007-12-14,44.25,45.48,44.0,44.29,280300
2007-12-17,43.93,44.37,43.02,43.02,284100
2007-12-18,42.97,43.74,41.89,43.47,279600
2007-12-19,43.31,44.13,43.080002,43.93,204900
2007-12-20,44.42,44.61,41.95,43.080002,257700
2007-12-21,43.6,43.71,42.76,42.95,489400
2007-12-24,43.5,46.19,43.4,45.75,269000
2007-12-26,45.34,45.45,43.8,44.27,155700
2007-12-27,44.099998,44.34,42.72,42.76,166200
2007-12-28,43.2,44.13,42.69,42.84,205300
2007-12-31,42.44,42.77,41.75,42.75,227100
2008-01-02,42.76,43.75,42.11,43.02,357300
2008-01-03,43.040001,43.59,40.88,40.88,353700
2008-01-04,40.42,40.42,39.46,39.7,242100
2008-01-07,39.82,40.84,39.23,40.37,257200
2008-01-08,40.67,41.84,39.2,39.2,446500
2008-01-09,39.14,41.12,38.28,40.9,659400
2008-01-10,40.26,43.39,39.73,42.11,516700
2008-01-11,41.7,42.82,40.65,41.88,441300
2008-01-14,42.56,42.56,41.0099983,42.25,356400
2008-01-15,42.0,42.02,40.62,41.36,254800
2008-01-16,41.46,43.66,41.46,42.44,266500
2008-01-17,42.24,43.39,41.71,42.34,288700
2008-01-18,43.049999,43.56,41.060001,41.41,373100
2008-01-22,40.38,43.74,40.0,42.59,309500
2008-01-23,42.049999,46.43,41.58,46.15,617300
2008-01-24,46.27,46.27,44.44,45.0099983,284500
2008-01-25,45.86,46.38,44.53,45.0,389100
2008-01-28,45.0,46.91,44.38,46.5,273200
2008-01-29,46.49,46.78,45.6,46.5,266200
2008-01-30,46.2,48.13,45.23,45.55,316500
2008-01-31,44.55,46.35,44.040001,45.81,387200
2008-02-01,45.5,47.68,45.34,47.56,270800
2008-02-04,48.2,48.86,46.9,48.28,442600
2008-02-05,47.029999,49.18,47.029999,47.09,514200
2008-02-06,47.099998,48.24,46.099998,46.099998,253300
2008-02-07,45.76,48.27,45.51,47.97,479400
2008-02-08,46.0099983,48.84,46.0099983,46.44,628900
2008-02-11,46.3,46.61,44.85,45.11,505500
2008-02-12,45.21,46.92,45.13,46.85,400500
2008-02-13,47.39,47.86,46.4,47.83,298600
2008-02-14,47.84,48.060001,47.040001,47.37,371700
2008-02-15,47.2,48.34,46.34,48.33,307500
2008-02-19,48.24,48.5,47.31,48.099998,280100
2008-02-20,48.0,49.060001,47.6,48.67,320300
2008-02-21,49.049999,49.75,47.69,48.15,299200
2008-02-22,47.97,49.32,47.3,49.3,413300
2008-02-25,49.35,50.6,48.63,50.5,505900
2008-02-26,50.18,51.53,49.68,50.78,680900
2008-02-27,50.78,51.61,49.91,50.82,300200
2008-02-28,50.16,50.89,49.16,49.28,400800
2008-02-29,49.12,49.36,48.099998,48.49,333800
2008-03-03,48.42,49.28,47.99,49.28,477400
2008-03-04,48.82,49.44,47.79,48.95,434300
2008-03-05,48.78,49.36,47.58,48.13,441800
2008-03-06,47.57,47.96,46.029999,46.040001,357200
2008-03-07,46.049999,47.98,45.5,47.45,322700
2008-03-10,48.09,48.09,46.31,46.36,369500
2008-03-11,47.93,49.54,47.22,49.54,482000
2008-03-12,48.97,51.19,48.97,49.81,471500
2008-03-13,48.63,50.39,47.75,50.12,344900
2008-03-14,49.84,50.91,47.44,49.66,432500
2008-03-17,48.33,50.44,47.67,49.78,410600
2008-03-18,50.31,51.9,48.89,51.49,714700
2008-03-19,51.7,52.8,50.79,51.77,438400
2008-03-20,52.18,53.049999,51.88,52.85,719100
2008-03-24,52.93,53.86,52.62,53.27,307400
2008-03-25,53.37,54.7,53.040001,54.4,389600
2008-03-26,54.4,54.4,52.39,52.53,276000
2008-03-27,52.67,53.060001,51.54,51.63,304100
2008-03-28,51.62,52.17,50.19,50.47,237700
2008-03-31,48.9,51.71,48.12,49.84,466900
2008-04-01,50.31,53.53,50.31,53.53,389700
2008-04-02,53.26,53.75,52.15,53.5,288600
2008-04-03,53.36,54.32,52.68,54.11,259500
2008-04-04,54.11,54.5,53.28,53.42,293200
2008-04-07,53.9,54.27,52.39,53.24,203600
2008-04-08,53.0099983,53.31,52.58,52.95,207400
2008-04-09,53.28,53.28,51.099998,51.099998,284100
2008-04-10,51.31,51.71,50.8,51.51,296700
2008-04-11,50.62,51.07,49.98,50.15,239300
2008-04-14,50.67,51.26,50.0,50.26,265900
2008-04-15,50.15,51.78,50.15,51.78,210300
2008-04-16,52.84,54.19,52.0,54.19,240600
2008-04-17,53.88,54.55,53.49,53.86,204200
2008-04-18,54.31,54.35,53.0099983,53.68,246600
2008-04-21,53.2,53.8,52.73,52.93,194600
2008-04-22,52.79,52.83,51.15,51.75,292800
2008-04-23,52.0,52.97,51.81,52.82,223100
2008-04-24,52.95,53.86,52.52,53.75,409500
2008-04-25,54.45,54.7,53.26,54.24,404700
2008-04-28,54.5,54.95,53.56,54.83,259900
2008-04-29,55.26,55.26,53.35,53.61,188400
2008-04-30,53.38,54.53,52.34,52.5,324500
2008-05-01,52.84,54.89,52.5,54.54,304200
2008-05-02,55.28,56.79,55.099998,55.28,449100
2008-05-05,54.55,55.52,53.22,55.49,509700
2008-05-06,55.49,55.87,54.84,55.54,366100
2008-05-07,55.92,55.92,54.02,54.39,339600
2008-05-08,54.11,55.029999,53.55,54.13,285200
2008-05-09,53.75,54.6,53.23,54.09,246900
2008-05-12,54.39,55.72,54.37,55.66,401500
2008-05-13,55.63,55.89,55.15,55.79,154100
2008-05-14,55.67,56.34,55.25,55.86,184300
2008-05-15,55.6,55.9,54.47,55.82,156800
2008-05-16,56.19,56.43,54.65,55.51,263100
2008-05-19,54.43,55.69,54.17,55.57,304900
2008-05-20,55.43,55.76,55.0099983,55.47,243900
2008-05-21,55.4,55.74,54.09,54.2,270500
2008-05-22,54.02,54.69,54.0,54.5,384000
2008-05-23,54.46,54.85,54.13,54.65,334800
2008-05-27,54.6,55.94,54.6,55.54,275500
2008-05-28,56.080002,56.09,55.19,55.63,317900
2008-05-29,55.57,56.12,55.4,56.11,349300
2008-05-30,55.84,56.2,55.61,55.98,367000
2008-06-02,56.09,56.2,55.16,56.02,495800
2008-06-03,56.36,57.3,55.54,55.97,471100
2008-06-04,55.56,56.9,55.36,56.0,326900
2008-06-05,55.94,56.94,55.91,56.94,275900
2008-06-06,56.55,57.07,55.049999,55.17,348400
2008-06-09,55.77,55.99,54.32,54.53,368400
2008-06-10,53.71,55.76,53.71,55.16,234500
2008-06-11,55.040001,55.41,54.2,54.2,314400
2008-06-12,54.28,55.69,54.28,55.27,300600
2008-06-13,55.48,56.07,55.040001,56.07,362500
2008-06-16,56.21,57.58,55.88,57.58,313200
2008-06-17,57.69,57.82,56.47,56.49,316800
2008-06-18,56.48,56.66,54.36,54.54,424800
2008-06-19,54.99,55.45,54.39,55.2,286600
2008-06-20,54.7,55.17,53.75,54.18,498500
2008-06-23,54.55,55.22,52.0099983,52.0099983,422800
2008-06-24,51.75,52.99,51.39,52.52,368700
2008-06-25,52.22,53.94,51.82,52.34,418100
2008-06-26,51.28,52.36,50.02,50.25,396900
2008-06-27,50.48,50.75,49.76,49.85,652600
2008-06-30,50.99,51.9,50.38,51.040001,650600
2008-07-01,50.58,52.72,50.58,52.69,463900
2008-07-02,53.099998,53.37,52.36,52.5,299500
2008-07-03,52.86,53.34,51.8,52.74,202700
2008-07-07,53.040001,55.0,51.080002,51.57,295900
2008-07-08,51.45,56.3,51.11,56.3,390300
2008-07-09,56.0,56.2,51.9,51.96,466800
2008-07-10,51.75,54.15,51.34,53.61,297900
2008-07-11,52.44,55.31,51.81,54.040001,441100
2008-07-14,55.0,55.41,52.5,53.060001,435600
2008-07-15,52.87,54.69,52.080002,52.41,421500
2008-07-16,52.53,55.73,51.81,55.66,437900
2008-07-17,56.0,56.09,54.22,55.74,513500
2008-07-18,54.89,56.25,53.42,56.060001,301500
2008-07-21,56.17,57.13,55.55,57.13,266500
2008-07-22,56.79,59.76,56.23,59.6,386800
2008-07-23,59.39,60.66,57.14,58.83,637300
2008-07-24,58.75,58.76,55.27,55.69,418900
2008-07-25,55.7,57.93,55.049999,57.8,367300
2008-07-28,57.12,58.31,56.38,56.82,369900
2008-07-29,57.52,59.31,57.3,59.29,575400
2008-07-30,59.56,59.6,56.73,58.76,358000
2008-07-31,58.91,58.92,56.85,57.47,301700
2008-08-01,55.31,55.31,51.47,52.5,932800
2008-08-04,52.07,52.62,50.18,51.26,473800
2008-08-05,50.7,53.79,50.7,53.45,519600
2008-08-06,53.2,53.2,51.84,52.52,318300
2008-08-07,51.96,53.3,51.6,52.15,374100
2008-08-08,52.080002,54.73,51.33,54.7,357500
2008-08-11,54.25,55.17,53.95,55.0,525600
2008-08-12,54.24,54.77,52.92,53.74,386800
2008-08-13,54.34,54.34,52.27,53.83,242600
2008-08-14,53.46,54.69,52.58,54.16,426500
2008-08-15,54.2,55.39,52.79,53.56,285400
2008-08-18,53.69,53.82,52.12,52.89,313300
2008-08-19,53.57,53.58,51.0099983,51.67,370100
2008-08-20,51.82,52.45,50.049999,51.09,413600
2008-08-21,50.17,50.79,49.47,50.21,363600
2008-08-22,51.0,52.28,50.22,51.69,276000
2008-08-25,51.53,51.69,49.66,49.96,360800
2008-08-26,49.88,50.34,48.69,49.5,489800
2008-08-27,49.26,50.2,49.099998,49.8,220400
2008-08-28,50.3,50.79,49.62,50.7,434200
2008-08-29,50.7,50.98,49.7,50.16,286800
2008-09-02,50.94,51.78,49.12,49.97,218400
2008-09-03,49.7,49.9,48.54,49.9,438100
2008-09-04,49.9,49.9,48.44,48.44,324600
2008-09-05,48.19,48.83,47.69,48.75,241300
2008-09-08,51.5,52.46,49.91,51.18,489900
2008-09-09,51.35,51.36,48.98,49.22,422300
2008-09-10,49.5,50.15,48.16,49.35,287200
2008-09-11,48.65,48.97,47.53,48.6,300900
2008-09-12,47.93,48.83,47.76,48.82,275400
2008-09-15,47.029999,48.23,45.84,45.84,517400
2008-09-16,46.26,48.52,45.21,48.52,781100
2008-09-17,47.13,48.66,46.7,46.7,479300
2008-09-18,47.56,51.83,46.11,50.99,762300
2008-09-19,53.0,53.080002,45.0,51.029999,925000
2008-09-22,50.75,52.53,48.0,48.2,627100
2008-09-23,48.21,50.91,46.6,49.99,301800
2008-09-24,49.99,50.48,49.21,50.080002,211300
2008-09-25,50.79,50.95,49.9,50.4,311400
2008-09-26,48.66,51.39,48.66,51.37,342600
2008-09-29,49.77,52.26,48.86,48.86,247300
2008-09-30,50.84,50.84,48.29,49.14,637500
2008-10-01,48.2,48.68,47.85,48.34,283600
2008-10-02,48.0,48.0,45.060001,45.14,362500
2008-10-03,46.099998,47.38,44.64,45.2,530100
2008-10-06,44.09,44.89,41.83,42.7,363400
2008-10-07,42.73,44.33,40.9,40.9,487200
2008-10-08,40.099998,44.28,39.98,42.07,688300
2008-10-09,43.83,43.86,37.64,37.64,645400
2008-10-10,35.02,43.0,34.54,43.0,1378000
2008-10-13,44.55,48.0,41.78,48.0,727700
2008-10-14,49.56,49.56,42.42,44.48,793600
2008-10-15,45.14,45.2,38.99,39.94,943600
2008-10-16,40.0099983,42.45,38.52,41.97,678500
2008-10-17,40.74,43.91,40.060001,42.17,307800
2008-10-20,41.98,42.76,40.71,42.74,207400
2008-10-21,42.3,42.85,40.92,41.34,260800
2008-10-22,40.02,41.029999,36.72,38.49,516300
2008-10-23,38.71,39.049999,33.85,36.65,538900
2008-10-24,33.45,36.37,33.45,34.61,456400
2008-10-27,34.2,35.24,30.92,31.18,419500
2008-10-28,32.47,36.5,31.09,36.31,558700
2008-10-29,37.0099983,37.0099983,32.82,33.47,909800
2008-10-30,34.42,34.42,31.98,32.97,550600
2008-10-31,32.69,35.36,31.97,35.24,480900
2008-11-03,34.99,36.66,34.44,35.31,314900
2008-11-04,36.0,37.0,34.98,36.71,465900
2008-11-05,35.87,36.39,33.3,33.75,536300
2008-11-06,33.91,33.91,32.34,32.48,368200
2008-11-07,32.4,32.72,30.25,32.55,828300
2008-11-10,33.44,33.44,30.0,30.28,405900
2008-11-11,30.01,32.19,29.02,30.89,470900
2008-11-12,30.040001,31.54,29.62,30.8,544000
2008-11-13,31.3,34.13,30.28,33.25,1232900
2008-11-14,32.64,32.83,29.5,29.52,617400
2008-11-17,29.24,30.9,28.69,28.97,583300
2008-11-18,28.92,30.25,28.5,30.0,642100
2008-11-19,29.66,29.66,26.78,26.93,667800
2008-11-20,26.99,28.37,23.63,24.040001,735800
2008-11-21,24.56,27.11,23.7,26.25,1115300
2008-11-24,27.3,32.67,26.6,32.3,913500
2008-11-25,32.98,35.53,32.22,35.25,938300
2008-11-26,35.0,37.53,33.79,37.3,660200
2008-11-28,37.17,38.46,36.29,37.029999,377900
2008-12-01,36.61,36.61,28.33,28.57,1096100
2008-12-02,29.51,34.31,29.17,33.9,1001300
2008-12-03,32.09,36.63,32.0,35.95,718000
2008-12-04,35.47,37.59,32.64,33.57,722200
2008-12-05,33.0099983,37.92,32.8,37.92,815800
2008-12-08,38.64,39.73,37.060001,39.28,825800
2008-12-09,38.23,39.27,34.64,35.28,747500
2008-12-10,35.92,37.8,34.81,37.78,464300
2008-12-11,36.78,36.87,30.72,31.08,1053000
2008-12-12,29.93,34.11,29.93,34.040001,1144100
2008-12-15,34.049999,34.63,31.0,31.97,495300
2008-12-16,32.76,36.060001,32.099998,35.64,1134500
2008-12-17,35.14,39.29,34.29,38.049999,549700
2008-12-18,38.0099983,38.69,35.049999,35.25,839700
2008-12-19,35.94,37.78,35.52,37.74,832500
2008-12-22,37.7,37.7,34.15,36.18,513200
2008-12-23,36.49,36.96,34.68,34.98,529600
2008-12-24,35.18,35.34,34.33,35.16,222500
2008-12-26,35.5,35.88,34.41,35.49,242200
2008-12-29,35.19,35.19,32.85,33.48,426900
2008-12-30,33.14,35.57,33.14,35.55,464500
2008-12-31,35.09,37.66,34.96,37.16,505100
2009-01-02,37.24,37.48,34.78,34.87,406000
2009-01-05,34.49,35.14,33.37,33.44,646900
2009-01-06,33.76,34.3,31.99,33.94,793600
2009-01-07,33.029999,33.64,32.56,32.73,822000
2009-01-08,32.9,32.9,31.9,32.09,614700
2009-01-09,32.45,32.49,31.02,31.17,727000
2009-01-12,31.18,31.43,29.53,29.9,933600
2009-01-13,29.49,30.07,28.62,29.87,1103200
2009-01-14,28.75,29.85,28.68,29.28,905300
2009-01-15,29.27,30.88,28.29,30.13,734400
2009-01-16,30.65,31.49,29.8,31.25,864400
2009-01-20,30.37,30.81,27.26,27.68,784400
2009-01-21,27.92,30.54,27.64,30.5,844500
2009-01-22,29.65,30.81,28.95,29.32,629100
2009-01-23,28.71,30.11,28.21,30.02,352900
2009-01-26,30.23,30.67,28.99,29.97,218000
2009-01-27,30.27,31.01,29.9,30.95,240300
2009-01-28,31.69,33.68,31.58,33.38,697400
2009-01-29,32.65,32.97,30.13,30.44,581100
2009-01-30,30.8,31.21,29.059999,29.54,587300
2009-02-02,29.040001,30.58,28.32,30.51,622400
2009-02-03,30.78,31.040001,29.29,29.46,704600
2009-02-04,29.38,30.14,28.07,28.2,674200
2009-02-05,27.79,28.059999,26.01,27.049999,740900
2009-02-06,25.93,29.66,25.69,29.31,750500
2009-02-09,29.02,29.8,28.33,29.76,431000
2009-02-10,29.4,29.8,27.64,28.2,941300
2009-02-11,28.42,29.89,27.11,29.61,939400
2009-02-12,28.3,29.3,27.11,28.88,913500
2009-02-13,28.59,29.24,27.48,27.55,886100
2009-02-17,26.42,27.28,25.93,26.059999,951200
2009-02-18,26.43,26.89,25.45,26.049999,631000
2009-02-19,26.59,26.92,24.51,24.73,852400
2009-02-20,24.059999,26.98,23.86,26.92,945700
2009-02-23,27.23,27.23,24.84,25.02,887400
2009-02-24,25.32,27.74,24.86,27.59,936000
2009-02-25,27.030001,29.25,26.45,28.040001,1116600
2009-02-26,28.95,28.95,26.97,27.25,1090900
2009-02-27,26.8,27.89,25.73,25.85,932000
2009-03-02,25.65,26.01,24.0,24.14,970600
2009-03-03,24.68,24.92,23.01,23.37,990700
2009-03-04,23.86,24.81,23.19,24.25,750900
2009-03-05,23.85,24.040001,22.78,22.99,808900
2009-03-06,23.31,23.99,22.22,23.71,928500
2009-03-09,23.28,24.11,22.72,24.030001,595200
2009-03-10,24.81,27.74,24.45,27.68,1224500
2009-03-11,27.99,28.44,26.98,27.45,1097400
2009-03-12,27.17,30.02,26.42,29.88,974700
2009-03-13,30.0,30.09,28.72,29.76,653800
2009-03-16,30.24,31.15,28.56,29.29,1347500
2009-03-17,29.35,30.62,28.98,30.6,1252600
2009-03-18,30.3,31.7,29.030001,31.68,1298700
2009-03-19,32.0,32.28,29.01,29.040001,898500
2009-03-20,29.11,29.88,27.53,27.6,980600
2009-03-23,28.63,32.23,28.63,32.16,1529200
2009-03-24,31.1,31.99,28.79,28.99,1180600
2009-03-25,29.7,30.39,27.43,29.69,1101500
2009-03-26,30.22,30.9,29.01,30.84,1135800
2009-03-27,29.85,30.27,29.08,29.15,790100
2009-03-30,27.97,28.98,27.62,28.46,906500
2009-03-31,29.11,30.98,28.79,30.83,1401300
2009-04-01,29.92,30.53,29.34,30.23,1033000
2009-04-02,30.56,31.74,30.17,31.31,1241900
2009-04-03,31.17,33.82,30.47,33.76,1204700
2009-04-06,33.2,33.5,31.63,33.02,920600
2009-04-07,32.25,32.57,30.39,30.49,992300
2009-04-08,30.71,31.65,30.4,31.36,653200
2009-04-09,32.48,34.84,32.31,34.75,1240800
2009-04-13,33.67,34.6,32.31,33.78,735700
2009-04-14,32.74,33.45,31.13,31.16,1168900
2009-04-15,31.0,33.71,30.68,33.61,993400
2009-04-16,33.97,36.97,32.27,35.55,1203700
2009-04-17,35.49,36.92,34.14,35.95,831900
2009-04-20,34.76,35.37,32.64,32.72,1148200
2009-04-21,30.7,36.89,30.0,36.82,1953400
2009-04-22,35.89,37.86,35.36,35.79,1188700
2009-04-23,35.95,37.099998,34.55,36.79,765600
2009-04-24,36.9,39.51,36.22,38.55,1043800
2009-04-27,37.35,37.86,35.0,35.97,885800
2009-04-28,35.33,38.33,35.23,37.74,793700
2009-04-29,38.15,39.41,37.76,39.11,908900
2009-04-30,39.35,39.44,36.45,36.99,1180500
2009-05-01,36.94,37.040001,35.85,36.13,791700
2009-05-04,36.87,39.71,36.35,39.57,874600
2009-05-05,38.89,39.37,37.5,38.080002,772400
2009-05-06,38.72,39.27,36.79,39.25,862700
2009-05-07,39.85,39.85,36.049999,36.55,856400
2009-05-08,37.47,39.35,37.15,39.2,1210800
2009-05-11,38.19,38.81,37.52,37.62,995000
2009-05-12,37.61,39.37,36.82,38.29,1136600
2009-05-13,37.38,37.7,35.33,35.61,868100
2009-05-14,35.9,38.27,35.47,37.6,952000
2009-05-15,36.13,36.55,34.3,34.62,1129200
2009-05-18,35.19,37.47,34.7,37.23,1110900
2009-05-19,37.11,37.23,35.94,36.47,786100
2009-05-20,37.0,37.74,35.28,35.56,749800
2009-05-21,34.84,36.31,34.51,35.59,607500
2009-05-22,35.8,36.44,34.59,34.75,524100
2009-05-26,34.64,36.38,34.64,36.11,916600
2009-05-27,35.91,36.040001,34.81,35.0,969300
2009-05-28,35.66,35.68,33.67,35.029999,850200
2009-05-29,35.3,36.29,34.85,36.29,648600
2009-06-01,36.82,38.52,36.16,37.21,617300
2009-06-02,37.2,37.82,36.71,37.31,438200
2009-06-03,37.15,37.52,36.5,37.11,500300
2009-06-04,37.040001,37.96,36.87,37.8,502400
2009-06-05,38.19,38.29,36.9,37.18,387800
2009-06-08,37.16,37.56,36.2,37.07,354700
2009-06-09,37.29,37.8,36.18,36.87,251200
2009-06-10,37.2,37.2,35.02,36.15,666200
2009-06-11,36.29,36.78,35.26,35.43,527900
2009-06-12,35.13,36.64,34.88,36.49,412400
2009-06-15,35.82,35.82,34.9,35.16,632500
2009-06-16,35.66,35.79,34.29,34.89,458900
2009-06-17,35.049999,35.91,34.66,34.71,431100
2009-06-18,34.65,35.15,34.42,34.84,491800
2009-06-19,35.45,35.45,34.64,35.11,631000
2009-06-22,34.46,34.94,33.65,33.73,605100
2009-06-23,34.02,34.35,33.46,33.82,673200
2009-06-24,33.99,34.76,33.65,34.42,579700
2009-06-25,34.37,34.93,33.56,34.92,480400
2009-06-26,34.72,35.86,34.58,35.69,510500
2009-06-29,35.75,35.75,34.72,35.36,316200
2009-06-30,35.3,37.049999,35.3,36.71,479700
2009-07-01,37.0,37.47,37.0,37.29,458700
2009-07-02,36.58,36.75,35.29,35.29,416300
2009-07-06,35.34,37.47,34.96,37.4,802900
2009-07-07,37.31,37.31,35.8,35.93,544100
2009-07-08,35.91,36.29,35.0,35.69,757800
2009-07-09,36.16,36.17,35.029999,35.12,258200
2009-07-10,34.9,35.99,34.77,35.75,383500
2009-07-13,35.41,36.4,35.0099983,36.28,580500
2009-07-14,36.080002,36.15,35.33,36.0,275200
2009-07-15,36.12,37.5,36.029999,37.07,553400
2009-07-16,36.61,37.27,35.94,37.02,277900
2009-07-17,37.0,37.09,35.59,35.87,372100
2009-07-20,36.47,37.29,36.41,37.25,252900
2009-07-21,37.27,37.27,35.92,36.78,168800
2009-07-22,36.18,36.86,35.89,36.23,373500
2009-07-23,36.0,37.52,35.95,37.2,521300
2009-07-24,36.88,37.8,36.38,37.71,300600
2009-07-27,37.79,38.029999,37.080002,38.0,297800
2009-07-28,37.49,38.66,37.37,38.47,221700
2009-07-29,38.21,38.79,37.74,38.58,245300
2009-07-30,39.18,40.75,38.79,39.19,587600
2009-07-31,39.19,40.040001,39.0,39.67,380400
2009-08-03,40.4,40.43,39.71,40.080002,363600
2009-08-04,39.71,41.89,39.24,41.43,661000
2009-08-05,41.4,42.89,41.3,42.52,1256100
2009-08-06,42.58,44.14,42.080002,42.8,681000
2009-08-07,43.89,46.72,43.2,45.88,889900
2009-08-10,45.4,45.43,44.040001,44.62,418500
2009-08-11,43.92,43.92,42.0,42.21,503600
2009-08-12,42.43,43.28,42.0,42.5,353700
2009-08-13,43.29,43.56,42.0,42.55,202000
2009-08-14,42.66,42.69,41.28,42.39,226500
2009-08-17,41.16,41.61,40.68,40.76,378300
2009-08-18,41.099998,41.26,40.68,40.88,271200
2009-08-19,40.0099983,40.73,39.96,40.33,237000
2009-08-20,40.31,41.57,40.080002,41.47,466800
2009-08-21,41.9,43.16,41.85,42.37,517500
2009-08-24,42.63,43.07,42.24,42.5,332100
2009-08-25,42.41,43.11,42.33,42.53,203900
2009-08-26,42.42,42.89,42.09,42.82,283000
2009-08-27,42.78,42.94,41.95,42.88,226900
2009-08-28,43.07,43.92,42.63,43.76,515000
2009-08-31,42.98,44.080002,42.98,43.78,388800
2009-09-01,43.39,43.85,41.95,42.02,385200
2009-09-02,41.9,42.57,41.51,41.94,273300
2009-09-03,42.25,42.61,41.26,42.6,193400
2009-09-04,42.43,42.94,41.6,42.91,286700
2009-09-08,43.07,44.16,42.96,44.12,326000
2009-09-09,43.97,44.79,43.5,44.69,186300
2009-09-10,44.56,45.65,43.95,45.35,344200
2009-09-11,45.39,45.76,44.36,44.89,205800
2009-09-14,44.39,46.36,44.39,46.27,201600
2009-09-15,46.6,47.7,46.080002,47.37,224600
2009-09-16,47.55,49.64,47.51,49.61,248100
2009-09-17,49.52,50.58,48.7,49.25,259400
2009-09-18,49.67,49.67,47.18,47.71,620800
2009-09-21,46.45,47.25,46.45,46.67,358400
2009-09-22,46.73,47.52,46.56,47.049999,484200
2009-09-23,47.23,47.42,45.25,45.33,456700
2009-09-24,45.73,45.99,43.79,44.6,409400
2009-09-25,44.56,45.73,43.97,45.28,266500
2009-09-28,45.49,46.91,45.07,46.84,296800
2009-09-29,46.84,47.21,45.67,45.72,213500
2009-09-30,45.91,46.029999,44.48,45.13,292400
2009-10-01,44.82,45.26,43.64,43.69,298100
2009-10-02,43.14,44.83,42.78,43.51,456500
2009-10-05,43.79,44.75,43.78,44.38,208300
2009-10-06,44.79,45.26,43.45,44.26,307500
2009-10-07,43.95,44.48,43.52,43.95,156900
2009-10-08,44.46,45.25,44.2,44.54,340600
2009-10-09,44.37,44.99,43.9,44.25,268600
2009-10-12,44.68,44.75,43.91,44.049999,264900
2009-10-13,43.53,43.58,41.95,42.12,452200
2009-10-14,42.63,43.26,41.95,43.12,450800
2009-10-15,42.6,44.049999,42.27,43.83,367300
2009-10-16,43.38,44.14,42.93,43.41,368700
2009-10-19,43.75,45.080002,43.060001,44.83,396800
2009-10-20,44.79,44.79,43.69,43.83,284900
2009-10-21,43.76,44.76,43.32,43.5,352400
2009-10-22,43.5,44.84,42.62,44.71,307600
2009-10-23,44.79,45.28,44.28,44.53,428300
2009-10-26,44.68,45.46,43.42,43.57,484200
2009-10-27,43.66,44.0099983,42.56,42.75,380400
2009-10-28,42.7,43.86,42.18,42.27,628600
2009-10-29,42.78,44.22,42.51,44.15,427600
2009-10-30,43.71,44.49,43.15,43.82,704400
2009-11-02,44.34,44.96,43.19,44.42,434100
2009-11-03,43.97,44.61,43.26,44.56,513400
2009-11-04,45.0,45.24,43.86,43.95,527400
2009-11-05,44.42,45.17,43.9,45.099998,521000
2009-11-06,44.47,46.23,44.14,45.99,482400
2009-11-09,46.36,46.59,45.86,46.49,533600
2009-11-10,46.34,46.46,44.049999,44.75,690000
2009-11-11,45.25,45.98,45.12,45.87,389900
2009-11-12,45.59,45.97,44.56,44.78,407000
2009-11-13,45.0,45.74,44.56,45.52,378400
2009-11-16,46.25,46.77,45.7,46.44,538500
2009-11-17,46.0,46.65,45.54,45.57,625700
2009-11-18,45.75,46.45,45.57,46.38,397300
2009-11-19,46.17,46.89,45.87,46.13,778700
2009-11-20,45.88,46.19,45.29,45.52,675600
2009-11-23,46.080002,46.75,45.64,46.060001,378600
2009-11-24,46.09,46.19,45.45,45.74,439500
2009-11-25,45.92,46.14,45.3,45.39,199100
2009-11-27,44.2,45.48,44.2,44.76,181300
2009-11-30,44.84,46.67,44.19,46.51,641800
2009-12-01,47.02,47.049999,46.14,46.64,490200
2009-12-02,46.48,47.43,46.45,46.93,437600
2009-12-03,47.27,47.63,45.82,45.97,438500
2009-12-04,47.09,47.49,45.92,46.65,853700
2009-12-07,46.52,46.93,45.85,45.98,472500
2009-12-08,45.65,46.83,45.53,46.38,440100
2009-12-09,46.51,46.64,46.0,46.15,465500
2009-12-10,46.3,46.47,45.2,45.53,230600
2009-12-11,45.75,46.47,45.53,46.43,251400
2009-12-14,46.61,47.16,45.99,47.080002,350300
2009-12-15,46.86,47.13,46.58,46.76,286100
2009-12-16,46.77,47.74,46.77,47.33,397900
2009-12-17,46.9,47.43,46.61,47.32,279400
2009-12-18,47.69,47.99,46.96,47.9,623500
2009-12-21,48.0,48.76,47.65,48.51,285300
2009-12-22,48.65,48.82,48.35,48.68,237700
2009-12-23,48.81,48.91,48.060001,48.29,354300
2009-12-24,48.42,48.98,48.27,48.92,117900
2009-12-28,48.97,49.82,48.71,49.3,368900
2009-12-29,49.39,49.41,48.49,48.52,250700
2009-12-30,48.39,49.029999,48.060001,49.0099983,306900
2009-12-31,49.099998,49.53,48.24,48.28,177600
2010-01-04,48.92,49.060001,47.94,48.19,385800
2010-01-05,48.099998,48.37,47.7,48.15,369900
2010-01-06,48.2,48.48,47.95,48.31,369100
2010-01-07,48.09,48.72,47.6,48.54,647600
2010-01-08,48.3,48.74,48.049999,48.22,366400
2010-01-11,48.48,48.82,48.23,48.47,461400
2010-01-12,48.16,48.55,47.83,48.09,501100
2010-01-13,47.56,48.4,47.47,48.23,301900
2010-01-14,47.94,48.36,47.77,48.12,222400
2010-01-15,48.040001,48.33,47.36,47.48,400500
2010-01-19,47.46,48.13,47.43,48.099998,413700
2010-01-20,47.75,48.0,47.4,47.85,314400
2010-01-21,47.9,48.2,46.56,46.56,289700
2010-01-22,46.56,47.15,45.41,45.58,300900
2010-01-25,46.22,46.3,45.39,45.74,312500
2010-01-26,45.43,46.65,45.4,46.17,276000
2010-01-27,46.0099983,46.72,45.48,46.52,402600
2010-01-28,46.76,46.82,45.58,46.52,340500
2010-01-29,46.82,47.26,46.32,46.92,500500
2010-02-01,47.16,47.51,46.93,47.39,375900
2010-02-02,47.3,48.07,46.97,47.91,352200
2010-02-03,47.8,47.95,47.15,47.36,249100
2010-02-04,47.13,47.45,46.19,46.75,481300
2010-02-05,45.3,47.27,45.3,46.76,534700
2010-02-08,46.93,47.060001,46.15,46.2,300400
2010-02-09,46.74,47.02,45.76,45.98,297100
2010-02-10,45.85,46.41,45.14,45.97,151900
2010-02-11,45.82,46.48,45.46,46.35,169500
2010-02-12,45.91,46.56,45.47,46.48,290000
2010-02-16,46.87,47.76,46.58,47.75,206700
2010-02-17,48.07,49.09,48.0099983,48.74,271900
2010-02-18,48.61,49.97,48.34,49.79,281100
2010-02-19,49.71,50.0,49.36,49.53,423300
2010-02-22,49.55,50.49,49.45,50.33,214100
2010-02-23,50.29,51.13,50.080002,51.049999,647900
2010-02-24,51.12,51.77,50.85,51.7,372400
2010-02-25,51.09,52.66,50.95,52.61,573700
2010-02-26,52.72,52.92,51.86,51.94,619900
2010-03-01,52.37,52.63,51.85,52.21,246700
2010-03-02,52.02,52.38,51.51,52.0099983,333300
2010-03-03,52.27,52.35,50.83,50.98,457400
2010-03-04,51.28,51.5,50.84,51.42,222100
2010-03-05,51.89,53.17,51.61,53.07,409600
2010-03-08,52.91,53.6,52.78,53.38,243900
2010-03-09,53.080002,54.41,52.83,53.78,273400
2010-03-10,53.86,54.41,53.22,53.42,230400
2010-03-11,53.16,53.54,53.099998,53.37,233400
2010-03-12,53.37,53.83,53.0,53.66,177600
2010-03-15,53.66,53.94,53.09,53.52,225600
2010-03-16,53.84,54.51,53.45,54.44,230500
2010-03-17,54.74,54.99,54.12,54.85,318200
2010-03-18,54.58,55.0,54.53,54.62,172900
2010-03-19,54.41,54.93,53.9,54.41,453700
2010-03-22,54.029999,55.0,53.9,54.9,167400
2010-03-23,55.029999,55.029999,54.099998,54.38,414900
2010-03-24,54.24,54.5,53.82,54.12,531300
2010-03-25,54.4,54.48,53.73,53.82,624100
2010-03-26,54.040001,54.22,53.26,53.64,212400
2010-03-29,53.65,54.27,53.65,54.040001,270600
2010-03-30,53.97,54.21,52.95,53.25,537100
2010-03-31,53.22,53.22,51.75,51.79,546200
2010-04-01,52.13,52.18,51.0099983,51.24,806400
2010-04-05,51.23,51.6,51.040001,51.47,757200
2010-04-06,50.88,52.099998,50.39,51.99,954700
2010-04-07,52.02,52.099998,51.17,51.41,345200
2010-04-08,51.17,51.52,50.78,51.15,690500
2010-04-09,51.28,52.25,50.89,52.22,331500
2010-04-12,52.45,52.52,51.91,52.029999,319100
2010-04-13,51.16,52.48,50.69,52.23,670100
2010-04-14,52.48,52.61,51.84,52.23,301800
2010-04-15,52.15,52.17,51.13,51.21,347000
2010-04-16,51.19,51.45,50.46,50.52,429500
2010-04-19,50.34,51.22,50.3,51.19,245700
2010-04-20,51.57,51.69,50.64,51.68,155400
2010-04-21,51.71,53.17,51.71,53.02,596100
2010-04-22,52.56,53.64,52.56,53.42,388200
2010-04-23,53.45,54.18,53.14,53.83,397000
2010-04-26,54.35,54.98,53.82,54.43,548100
2010-04-27,54.23,54.9,53.55,53.7,394300
2010-04-28,53.98,54.89,53.86,54.029999,293400
2010-04-29,54.67,56.18,54.63,56.13,344500
2010-04-30,55.86,56.52,54.96,55.27,486200
2010-05-03,55.58,57.34,55.54,57.22,443200
2010-05-04,56.24,57.0,55.85,56.3,443100
2010-05-05,55.93,57.0099983,55.6,55.84,407600
2010-05-06,55.29,55.99,51.55,54.0,593400
2010-05-07,53.95,54.89,52.24,52.52,446400
2010-05-10,54.51,55.27,53.98,55.24,501600
2010-05-11,54.54,57.080002,54.15,55.97,724100
2010-05-12,55.81,57.17,55.71,56.77,371900
2010-05-13,56.77,56.89,55.77,56.59,771200
2010-05-14,55.98,56.58,55.32,55.86,391100
2010-05-17,56.11,56.96,54.75,56.12,416400
2010-05-18,56.77,57.040001,54.53,54.71,310000
2010-05-19,54.35,55.25,53.28,54.71,563400
2010-05-20,53.67,54.59,51.98,52.049999,538000
2010-05-21,51.6,53.94,50.87,53.47,595700
2010-05-24,53.47,53.5,52.12,52.17,336900
2010-05-25,51.080002,53.84,50.5,53.61,541900
2010-05-26,54.29,54.78,53.19,53.65,616100
2010-05-27,54.81,55.8,54.029999,55.67,521000
2010-05-28,55.35,55.86,54.5,54.63,472900
2010-06-01,54.31,54.63,53.21,53.4,411100
2010-06-02,53.53,53.93,52.34,53.86,538800
2010-06-03,53.7,54.0099983,53.0099983,53.53,220400
2010-06-04,52.24,52.7,50.69,51.07,576500
2010-06-07,51.29,52.07,50.88,50.96,353700
2010-06-08,51.11,51.6,49.74,51.55,433200
2010-06-09,51.91,52.63,50.97,51.37,483400
2010-06-10,52.09,52.93,51.71,52.71,549200
2010-06-11,52.26,53.029999,52.029999,53.0,447800
2010-06-14,53.29,53.82,52.68,53.25,597700
2010-06-15,53.3,53.89,52.92,53.73,475600
2010-06-16,53.26,53.89,53.26,53.6,417600
2010-06-17,53.63,53.78,53.16,53.61,328600
2010-06-18,53.87,53.88,53.22,53.66,495000
2010-06-21,54.24,54.5,52.93,53.07,342800
2010-06-22,53.29,53.55,51.98,52.07,275400
2010-06-23,51.92,52.83,51.35,52.0,200200
2010-06-24,51.79,52.46,51.02,51.72,418900
2010-06-25,51.95,53.23,51.59,53.029999,602900
2010-06-28,53.14,53.14,51.91,52.12,193700
2010-06-29,51.33,52.11,50.98,51.41,686800
2010-06-30,51.5,52.36,51.2,51.47,468900
2010-07-01,51.6,51.6,50.17,51.060001,502100
2010-07-02,51.54,51.59,49.98,50.59,516100
2010-07-06,51.35,51.66,49.71,50.099998,509000
2010-07-07,50.7,52.22,50.63,52.19,595400
2010-07-08,52.91,53.46,52.29,53.060001,531400
2010-07-09,53.060001,53.59,52.53,53.27,272600
2010-07-12,53.4,53.4,52.07,52.75,303700
2010-07-13,52.95,53.5,52.23,53.27,584300
2010-07-14,53.0099983,53.52,52.43,52.91,548500
2010-07-15,52.92,53.09,52.18,52.81,365800
2010-07-16,52.39,52.56,51.23,51.37,510400
2010-07-19,51.39,52.09,50.42,51.91,337400
2010-07-20,51.060001,53.62,50.89,53.46,693400
2010-07-21,53.77,53.8,52.27,52.57,415300
2010-07-22,53.18,54.66,53.049999,54.46,534600
2010-07-23,54.060001,54.69,53.26,54.68,410400
2010-07-26,54.84,56.61,54.51,56.53,448500
2010-07-27,56.81,57.0099983,56.07,56.7,542000
2010-07-28,56.53,56.96,55.97,56.52,391000
2010-07-29,56.94,57.0099983,55.68,56.38,350200
2010-07-30,55.8,57.0,55.55,56.48,370100
2010-08-02,57.24,58.33,57.15,58.060001,251900
2010-08-03,57.69,58.060001,57.15,57.45,233600
2010-08-04,57.61,58.35,57.25,57.83,200300
2010-08-05,57.54,58.14,56.89,57.09,212000
2010-08-06,56.3,56.76,54.92,56.72,240700
2010-08-09,57.029999,57.029999,56.18,56.92,372300
2010-08-10,56.099998,57.07,56.0,56.75,339400
2010-08-11,55.59,56.32,55.37,55.75,492700
2010-08-12,54.92,55.28,54.56,54.88,529700
2010-08-13,54.9,55.15,54.64,54.75,387600
2010-08-16,54.48,55.12,54.3,54.68,343900
2010-08-17,55.07,56.82,54.99,56.07,398600
2010-08-18,56.11,56.59,55.43,56.5,664900
2010-08-19,56.3,56.3,54.98,55.12,404100
2010-08-20,54.81,54.96,54.099998,54.71,291500
2010-08-23,54.91,55.099998,54.19,54.27,155800
2010-08-24,53.6,54.81,52.78,54.45,221800
2010-08-25,54.0,55.81,53.71,55.69,347500
2010-08-26,56.0,56.31,55.41,55.6,348900
2010-08-27,55.89,56.2,54.51,56.14,291000
2010-08-30,55.88,56.67,55.83,55.85,319600
2010-08-31,55.73,56.87,55.49,56.47,603400
2010-09-01,57.39,58.5,56.96,58.5,378700
2010-09-02,58.59,58.59,57.86,58.46,287200
2010-09-03,58.8,58.99,58.0,58.72,258500
2010-09-07,57.75,57.98,57.060001,57.12,354100
2010-09-08,57.3,57.75,56.59,57.0,357100
2010-09-09,57.66,57.71,55.81,56.49,216000
2010-09-10,56.66,57.15,56.34,57.0099983,253400
2010-09-13,57.6,58.19,57.19,58.14,246400
2010-09-14,58.0,58.040001,57.66,57.72,143700
2010-09-15,58.16,58.79,57.72,58.53,307200
2010-09-16,58.52,58.72,58.060001,58.54,186600
2010-09-17,58.89,59.029999,58.23,58.92,342800
2010-09-20,59.18,60.88,58.8,60.74,326400
2010-09-21,60.18,60.2,58.49,58.87,476900
2010-09-22,58.39,59.02,57.85,58.19,218600
2010-09-23,57.71,57.87,56.97,57.0099983,290100
2010-09-24,57.57,58.9,57.57,58.79,226700
2010-09-27,58.81,58.92,57.71,58.29,196800
2010-09-28,58.27,58.66,57.07,58.38,467000
2010-09-29,58.060001,58.27,57.51,58.0099983,237300
2010-09-30,58.28,59.09,57.29,58.28,490700
2010-10-01,58.77,59.080002,57.96,58.64,306700
2010-10-04,58.56,58.91,58.13,58.91,400900
2010-10-05,59.38,60.59,59.15,60.52,723600
2010-10-06,60.26,60.86,60.15,60.39,582800
2010-10-07,60.73,60.89,59.76,60.12,282900
2010-10-08,60.11,60.55,59.76,60.16,188000
2010-10-11,60.28,60.42,59.97,60.060001,169500
2010-10-12,59.95,60.62,59.53,60.43,218800
2010-10-13,60.049999,61.16,59.75,60.5,305800
2010-10-14,60.29,60.87,60.0,60.34,215800
2010-10-15,60.68,61.25,60.33,60.51,238500
2010-10-18,60.48,61.5,60.39,61.49,200900
2010-10-19,60.9,61.72,60.43,60.64,255500
2010-10-20,60.9,62.53,60.9,62.040001,248100
2010-10-21,62.33,62.8,61.24,61.56,210400
2010-10-22,61.82,61.92,61.27,61.76,142600
2010-10-25,62.19,62.3,61.89,61.97,244100
2010-10-26,61.48,61.59,61.11,61.13,184100
2010-10-27,60.83,61.28,60.34,61.040001,288800
2010-10-28,61.41,61.83,60.11,60.44,213400
2010-10-29,60.37,61.21,60.27,61.029999,209400
2010-11-01,61.27,62.07,61.07,61.54,150200
2010-11-02,61.94,62.19,61.27,61.76,213100
2010-11-03,61.81,62.040001,61.19,61.67,158100
2010-11-04,62.47,63.13,61.99,63.099998,206400
2010-11-05,63.040001,64.48,63.040001,63.48,168600
2010-11-08,63.33,63.73,62.21,63.2,346100
2010-11-09,63.48,63.48,60.35,60.81,251500
2010-11-10,61.099998,62.099998,60.99,61.88,243400
2010-11-11,61.5,62.28,61.31,61.52,156600
2010-11-12,61.14,61.77,61.080002,61.37,151200
2010-11-15,61.59,62.049999,60.64,60.7,172700
2010-11-16,60.42,60.59,58.82,59.34,276700
2010-11-17,59.56,60.5,59.07,60.049999,267500
2010-11-18,60.8,60.92,60.37,60.54,201500
2010-11-19,60.23,60.97,59.98,60.79,238300
2010-11-22,60.84,60.99,60.35,60.47,204800
2010-11-23,59.88,60.42,59.8,60.42,195800
2010-11-24,60.87,61.35,60.55,61.35,248100
2010-11-26,60.89,61.22,60.8,61.0,64600
2010-11-29,60.63,61.4,60.32,61.33,281200
2010-11-30,60.7,61.53,60.58,61.37,467000
2010-12-01,62.12,62.12,61.26,61.73,362300
2010-12-02,61.9,62.71,61.68,62.71,291300
2010-12-03,62.37,62.9,62.13,62.79,223400
2010-12-06,62.61,63.0099983,61.76,62.52,167100
2010-12-07,63.060001,63.4,62.8,62.95,232700
2010-12-08,63.0099983,63.31,61.85,62.18,230200
2010-12-09,62.46,62.72,61.87,61.88,141200
2010-12-10,61.92,63.099998,61.62,62.87,192400
2010-12-13,63.13,63.22,62.67,62.69,246600
2010-12-14,62.74,63.23,62.049999,62.28,146100
2010-12-15,62.27,62.7,61.65,61.67,228100
2010-12-16,61.78,62.32,61.46,61.96,189500
2010-12-17,62.080002,62.48,61.76,62.31,543400
2010-12-20,62.48,62.61,62.23,62.45,229700
2010-12-21,62.67,62.92,62.26,62.75,281700
2010-12-22,62.73,63.62,62.73,63.029999,204100
2010-12-23,63.029999,63.040001,62.34,62.7,264600
2010-12-27,62.5,63.9,62.48,63.83,131100
2010-12-28,63.97,64.32,63.32,64.23,112100
2010-12-29,64.39,64.48,63.81,64.019997,113200
2010-12-30,63.9,64.12,63.66,63.97,88900
2010-12-31,63.88,64.15,63.48,63.49,146000
2011-01-03,63.93,64.55,63.49,63.96,494500
2011-01-04,64.089996,64.15,61.96,62.12,389700
2011-01-05,61.99,62.68,61.9,62.13,404700
2011-01-06,62.3,63.09,62.26,62.45,591000
2011-01-07,62.63,63.049999,61.53,61.96,230500
2011-01-10,61.89,61.99,61.31,61.86,240000
2011-01-11,62.37,62.37,61.11,61.79,282600
2011-01-12,61.81,62.040001,61.48,61.73,270100
2011-01-13,61.72,61.98,61.49,61.77,178700
2011-01-14,61.72,61.88,61.29,61.75,227200
2011-01-18,61.77,62.15,61.2,62.15,197900
2011-01-19,61.96,62.080002,60.75,61.0,268900
2011-01-20,60.73,61.43,60.73,61.0,206100
2011-01-21,61.3,61.3,60.73,61.18,249800
2011-01-24,61.27,61.94,61.029999,61.68,199300
2011-01-25,61.53,62.79,61.14,62.79,250000
2011-01-26,62.81,63.02,62.12,62.51,256100
2011-01-27,62.73,63.44,62.3,63.14,348800
2011-01-28,63.09,63.36,62.46,62.72,403200
2011-01-31,63.060001,64.059998,62.92,63.75,176700
2011-02-01,64.059998,64.059998,62.94,63.88,177600
2011-02-02,64.059998,64.12,63.18,63.25,184600
2011-02-03,63.14,63.4,62.81,62.98,315200
2011-02-04,62.85,62.85,61.48,61.54,252900
2011-02-07,61.69,62.31,61.59,62.22,364100
2011-02-08,62.27,62.78,61.99,62.27,548900
2011-02-09,62.37,62.37,61.64,62.099998,326500
2011-02-10,61.71,62.49,61.68,61.88,206100
2011-02-11,61.79,61.9,61.4,61.6,310300
2011-02-14,61.71,62.080002,61.45,61.91,203800
2011-02-15,61.57,61.9,61.35,61.64,208100
2011-02-16,61.89,62.27,61.27,61.77,190400
2011-02-17,61.74,61.98,61.48,61.85,142700
2011-02-18,61.96,62.58,61.96,62.42,287500
2011-02-22,62.0,62.87,61.9,62.62,222400
2011-02-23,62.68,62.82,61.93,62.029999,204700
2011-02-24,62.0099983,62.23,61.35,61.99,186200
2011-02-25,62.15,63.34,62.15,63.33,324600
2011-02-28,63.34,64.97,63.33,64.97,431700
2011-03-01,64.94,65.0,62.72,62.84,408700
2011-03-02,62.58,62.9,62.0,62.24,273500
2011-03-03,62.7,62.98,62.44,62.59,445800
2011-03-04,62.84,62.84,61.29,61.75,228300
2011-03-07,61.77,62.13,60.58,60.92,275400
2011-03-08,60.98,61.96,60.6,61.66,358300
2011-03-09,62.12,62.56,61.69,62.45,412300
2011-03-10,61.94,62.080002,61.48,61.65,197600
2011-03-11,61.57,62.5,61.3,62.35,185100
2011-03-14,61.94,62.19,61.49,61.96,162300
2011-03-15,60.71,62.0099983,60.55,61.59,206600
2011-03-16,61.49,61.91,60.41,60.46,334000
2011-03-17,61.19,61.32,60.48,61.23,257900
2011-03-18,61.7,62.14,61.41,62.080002,561900
2011-03-21,62.58,62.63,62.13,62.2,310700
2011-03-22,62.35,62.4,61.89,61.95,164000
2011-03-23,61.85,62.0,60.9,61.3,304500
2011-03-24,61.64,61.92,60.93,61.73,259800
2011-03-25,61.88,62.81,61.88,62.32,235100
2011-03-28,62.21,62.74,62.0,62.14,292600
2011-03-29,62.040001,62.4,61.28,62.39,230200
2011-03-30,62.68,63.49,62.5,63.26,448700
2011-03-31,63.16,64.31,63.02,64.2,451000
2011-04-01,64.31,64.83,63.87,64.58,261900
2011-04-04,64.7,65.0,64.51,64.92,227400
2011-04-05,64.68,64.92,64.38,64.58,214600
2011-04-06,64.7,64.81,64.34,64.37,128700
2011-04-07,64.36,64.36,63.45,63.46,216900
2011-04-08,63.72,63.82,62.93,63.14,224300
2011-04-11,63.24,63.82,63.24,63.4,268000
2011-04-12,63.28,64.0,63.28,63.5,225400
2011-04-13,63.029999,63.25,62.57,62.66,234000
2011-04-14,62.31,63.43,62.12,63.24,203100
2011-04-15,63.09,63.66,63.0099983,63.62,215800
2011-04-18,62.96,63.19,62.58,63.099998,164700
2011-04-19,63.31,63.6,63.25,63.56,111000
2011-04-20,64.23,64.62,63.62,64.6,235900
2011-04-21,64.91,65.13,64.3,65.010002,125700
2011-04-25,64.96,65.34,64.67,65.26,115600
2011-04-26,65.5,66.33,65.029999,65.95,212400
2011-04-27,66.059998,66.59,65.74,66.52,139100
2011-04-28,66.58,67.37,66.58,67.040001,206000
2011-04-29,67.15,67.15,66.11,66.85,234000
2011-05-02,67.13,67.25,66.16,66.82,218000
2011-05-03,66.51,67.2,65.93,66.53,151000
2011-05-04,66.57,66.97,66.15,66.66,319700
2011-05-05,66.23,67.49,66.22,66.83,192300
2011-05-06,67.75,68.25,67.080002,67.54,333000
2011-05-09,67.45,67.7,67.0,67.17,233000
2011-05-10,67.36,68.44,67.33,68.27,300000
2011-05-11,68.15,68.28,66.8,67.010002,313100
2011-05-12,66.72,66.94,66.3,66.65,256000
2011-05-13,66.87,66.87,66.029999,66.099998,194700
2011-05-16,65.88,66.45,65.75,66.11,219500
2011-05-17,65.91,66.28,65.75,65.98,299400
2011-05-18,66.26,66.73,65.77,66.65,189600
2011-05-19,66.83,67.2,66.37,66.79,139100
2011-05-20,66.5,66.71,65.52,66.040001,398800
2011-05-23,65.24,65.72,64.9,65.29,218500
2011-05-24,65.52,65.63,65.010002,65.29,174600
2011-05-25,65.27,66.029999,64.89,65.81,170900
2011-05-26,65.64,67.23,65.45,67.16,247300
2011-05-27,67.3,67.4,66.86,67.28,155700
2011-05-31,68.19,68.62,67.68,68.55,430000
2011-06-01,68.4,68.4,66.26,66.39,458800
2011-06-02,66.49,67.25,66.36,66.42,290100
2011-06-03,65.64,67.27,65.64,67.18,328900
2011-06-06,67.12,67.42,66.53,66.55,230500
2011-06-07,67.0,67.84,66.88,67.28,204400
2011-06-08,66.92,67.74,66.88,67.15,169000
2011-06-09,67.4,67.4,66.37,66.9,212700
2011-06-10,66.54,66.75,65.29,65.41,229900
2011-06-13,65.46,66.089996,65.28,65.71,232400
2011-06-14,66.16,66.65,65.85,66.6,215800
2011-06-15,66.0,66.47,65.13,65.7,261200
2011-06-16,65.9,66.56,65.080002,66.14,292100
2011-06-17,66.62,67.21,66.14,67.07,709900
2011-06-20,67.019997,67.79,66.75,67.45,204900
2011-06-21,67.93,68.12,67.51,68.07,273500
2011-06-22,67.93,68.010002,66.74,66.82,455700
2011-06-23,65.94,65.95,64.95,65.14,384800
2011-06-24,65.21,65.85,64.76,65.48,637700
2011-06-27,65.56,66.080002,65.43,65.79,277900
2011-06-28,65.82,66.44,65.42,66.43,217800
2011-06-29,66.72,67.18,66.34,67.050003,154900
2011-06-30,67.23,67.81,67.040001,67.47,319000
2011-07-01,67.57,68.89,67.48,68.66,316400
2011-07-05,68.62,69.25,68.099998,69.16,257800
2011-07-06,68.94,70.12,68.94,69.98,169200
2011-07-07,70.4,71.12,70.26,71.07,245900
2011-07-08,70.11,71.24,70.11,71.14,189700
2011-07-11,70.42,70.93,70.24,70.36,327500
2011-07-12,70.13,71.9,70.13,70.83,267700
2011-07-13,70.5,70.72,69.97,70.15,540000
2011-07-14,70.16,70.46,69.080002,69.58,252900
2011-07-15,70.080002,71.13,69.54,70.54,231900
2011-07-18,70.43,70.86,69.7,70.65,280200
2011-07-19,71.099998,72.15,70.96,72.07,254000
2011-07-20,72.010002,72.37,71.68,72.16,216800
2011-07-21,72.47,73.2,72.4,72.89,182400
2011-07-22,72.98,73.36,72.67,73.25,198700
2011-07-25,72.45,73.040001,72.2,72.49,103400
2011-07-26,72.55,72.61,71.93,72.26,173000
2011-07-27,72.07,72.07,70.44,70.47,220500
2011-07-28,70.36,70.9,69.48,70.33,233500
2011-07-29,69.75,70.83,69.18,70.79,244700
2011-08-01,71.84,71.84,70.099998,70.78,243300
2011-08-02,70.33,70.81,69.25,69.37,289800
2011-08-03,69.52,69.52,66.82,68.2,374400
2011-08-04,67.43,67.86,65.39,65.39,459500
2011-08-05,63.21,65.28,60.45,62.11,783800
2011-08-08,59.23,61.19,57.040001,57.060001,659300
2011-08-09,58.35,63.9,57.51,63.71,834000
2011-08-10,62.040001,66.33,61.46,63.22,765600
2011-08-11,63.45,67.07,63.080002,65.81,425500
2011-08-12,66.47,67.53,65.28,66.52,338100
2011-08-15,66.96,68.56,66.78,68.41,401700
2011-08-16,67.76,68.64,67.28,67.69,463400
2011-08-17,68.0,68.81,67.41,68.17,188500
2011-08-18,66.13,67.080002,65.089996,66.29,512500
2011-08-19,64.88,66.54,64.87,65.62,346300
2011-08-22,66.99,67.15,65.6,66.010002,362200
2011-08-23,66.27,68.23,65.089996,68.17,402900
2011-08-24,68.0,69.53,67.71,69.42,518300
2011-08-25,69.73,70.39,66.69,66.82,403600
2011-08-26,66.33,68.010002,65.040001,67.97,272200
2011-08-29,69.0,70.38,68.65,70.27,293600
2011-08-30,69.93,70.96,68.86,70.58,238500
2011-08-31,71.029999,71.8,70.35,71.48,488100
2011-09-01,70.64,71.21,69.25,69.52,572300
2011-09-02,68.019997,69.51,67.84,68.21,308400
2011-09-06,66.39,68.24,66.39,67.83,291200
2011-09-07,68.63,69.93,67.7,69.89,355800
2011-09-08,69.67,70.5,69.18,69.58,338900
2011-09-09,68.89,69.22,66.94,67.23,449800
2011-09-12,66.44,67.75,65.92,67.71,555400
2011-09-13,67.97,68.91,67.12,68.66,484700
2011-09-14,69.19,69.47,67.92,68.69,525800
2011-09-15,69.22,69.6,68.56,68.94,464400
2011-09-16,69.0,69.5,68.13,69.11,538200
2011-09-19,67.78,68.35,66.74,66.74,446300
2011-09-20,66.94,67.38,65.8,65.85,407400
2011-09-21,65.88,66.019997,62.09,62.18,481100
2011-09-22,60.47,61.96,60.029999,60.89,501800
2011-09-23,60.78,61.99,60.55,61.91,295400
2011-09-26,62.29,62.61,61.42,62.33,349600
2011-09-27,63.32,63.92,62.68,63.049999,385100
2011-09-28,62.98,63.2,60.26,60.32,811700
2011-09-29,61.37,61.77,60.56,61.52,564500
2011-09-30,60.9,61.79,60.09,60.22,558800
2011-10-03,59.9,60.32,56.55,56.57,650300
2011-10-04,55.91,59.48,55.099998,59.28,863700
2011-10-05,59.37,59.38,55.75,58.16,487600
2011-10-06,57.95,60.14,57.85,60.040001,465900
2011-10-07,60.33,60.39,57.82,57.9,394400
2011-10-10,59.19,61.16,58.83,61.13,312700
2011-10-11,60.44,60.96,58.56,59.029999,449900
2011-10-12,58.55,59.81,58.35,58.63,627700
2011-10-13,58.34,58.95,57.24,58.4,507800
2011-10-14,59.21,60.0099983,58.8,59.73,265800
2011-10-17,59.14,59.19,57.94,58.17,537200
2011-10-18,58.39,59.89,57.93,59.52,464400
2011-10-19,59.36,59.87,58.35,58.58,417600
2011-10-20,58.71,59.12,57.49,58.45,484400
2011-10-21,59.16,59.29,58.37,59.09,750900
2011-10-24,59.09,60.7,58.72,60.12,601900
2011-10-25,59.74,59.84,59.07,59.4,488400
2011-10-26,60.040001,60.53,59.11,60.19,584900
2011-10-27,62.54,63.28,61.32,62.69,578100
2011-10-28,62.51,63.040001,61.94,62.44,362100
2011-10-31,61.59,62.92,61.23,62.4,377300
2011-11-01,60.53,62.13,59.89,60.27,595300
2011-11-02,61.13,62.31,60.78,61.63,597700
2011-11-03,62.0,62.33,60.52,62.049999,426600
2011-11-04,61.2,62.02,60.76,61.46,274700
2011-11-07,61.4,62.0,60.65,61.23,346200
2011-11-08,61.51,61.82,60.0,61.56,659200
2011-11-09,60.42,61.35,59.080002,59.26,513800
2011-11-10,60.09,60.23,59.38,60.0099983,593900
2011-11-11,60.64,61.45,60.19,61.23,596100
2011-11-14,60.87,60.96,59.8,60.07,374300
2011-11-15,59.8,60.48,59.45,60.040001,371100
2011-11-16,59.48,60.39,59.18,59.62,332600
2011-11-17,59.44,59.56,58.0,58.3,268100
2011-11-18,58.3,58.59,57.74,58.36,407400
2011-11-21,57.3,57.66,56.36,56.84,397300
2011-11-22,56.82,57.76,56.64,57.26,470300
2011-11-23,56.8,56.86,55.45,55.5,320600
2011-11-25,55.46,56.61,55.12,55.35,157500
2011-11-28,56.78,56.93,55.75,56.14,361300
2011-11-29,56.41,56.41,55.45,55.81,353100
2011-11-30,57.040001,57.43,56.64,57.32,931700
2011-12-01,57.27,57.41,56.53,57.099998,312600
2011-12-02,58.63,58.72,57.33,57.82,397300
2011-12-05,58.61,58.87,57.8,58.07,370800
2011-12-06,57.99,58.16,57.36,57.43,196100
2011-12-07,57.37,58.59,56.91,58.37,450500
2011-12-08,57.94,58.27,56.46,56.59,221300
2011-12-09,56.67,57.59,56.41,57.26,448400
2011-12-12,56.64,56.74,56.0099983,56.56,220600
2011-12-13,56.91,57.55,56.57,57.0,428400
2011-12-14,56.66,58.41,56.57,58.029999,821700
2011-12-15,58.67,59.84,58.32,59.78,379800
2011-12-16,60.029999,60.6,59.89,60.21,756000
2011-12-19,60.56,60.6,59.6,59.67,285500
2011-12-20,61.25,62.09,60.88,61.92,434400
2011-12-21,61.84,62.5,61.45,62.41,243300
2011-12-22,62.48,63.44,62.48,62.69,191500
2011-12-23,63.0099983,63.12,62.37,62.91,114600
2011-12-27,62.78,63.59,62.41,63.09,114200
2011-12-28,63.24,63.43,62.38,62.43,209300
2011-12-29,62.47,63.14,62.36,62.87,176900
2011-12-30,62.97,63.62,62.54,62.55,178300
2012-01-03,63.61,64.040001,62.7,62.98,392800
2012-01-04,62.35,62.63,61.92,62.13,333800
2012-01-05,61.97,63.19,61.93,63.060001,341500
2012-01-06,63.049999,63.32,62.41,62.74,228600
2012-01-09,62.7,62.73,61.24,61.31,307400
2012-01-10,61.76,62.099998,60.66,61.18,447700
2012-01-11,60.57,60.95,60.21,60.74,346800
2012-01-12,60.86,60.86,58.74,58.8,429200
2012-01-13,58.46,58.78,57.96,58.49,823400
2012-01-17,58.98,59.49,58.66,58.89,303600
2012-01-18,58.85,59.47,58.85,59.21,374200
2012-01-19,59.17,60.37,59.17,60.15,415600
2012-01-20,60.22,61.0,59.9,60.95,448100
2012-01-23,60.93,61.86,60.69,61.79,390800
2012-01-24,61.48,62.040001,61.21,61.8,313300
2012-01-25,61.67,62.96,61.67,62.66,237000
2012-01-26,63.0,63.76,62.63,63.71,266100
2012-01-27,63.44,64.21,63.31,64.059998,216500
2012-01-30,63.45,63.99,63.29,63.63,289600
2012-01-31,63.99,64.23,63.46,63.92,320500
2012-02-01,64.58,64.74,64.059998,64.61,480900
2012-02-02,64.53,64.75,63.87,64.14,404300
2012-02-03,64.14,65.63,58.4,64.44,532900
2012-02-06,64.47,64.57,63.92,64.15,316100
2012-02-07,64.56,65.4,63.93,64.44,341000
2012-02-08,64.62,64.93,63.71,64.45,221200
2012-02-09,64.45,64.82,63.0,64.46,1693300
2012-02-10,64.059998,65.24,64.029999,64.4,482200
2012-02-13,64.87,65.25,64.010002,64.089996,396000
2012-02-14,64.040001,64.13,62.3,62.61,579700
2012-02-15,62.83,62.96,62.09,62.2,555600
2012-02-16,62.5,63.15,62.25,62.93,307900
2012-02-17,63.060001,63.29,62.74,63.099998,131000
2012-02-21,63.22,63.26,62.12,62.36,279500
2012-02-22,62.3,62.54,61.92,61.93,179600
2012-02-23,62.040001,62.96,61.77,62.95,231200
2012-02-24,63.029999,63.28,62.49,63.13,155000
2012-02-27,62.95,63.53,61.95,63.5,272600
2012-02-28,63.25,63.48,62.33,62.64,1154400
2012-02-29,62.62,62.99,62.060001,62.37,618100
2012-03-01,62.56,62.96,62.47,62.77,314100
2012-03-02,62.78,62.81,62.09,62.33,485400
2012-03-05,62.18,63.6,62.080002,63.35,419600
2012-03-06,62.93,63.46,62.72,63.099998,409200
2012-03-07,63.28,63.41,62.61,63.27,384300
2012-03-08,63.37,63.41,62.83,63.099998,310600
2012-03-09,63.25,64.8,62.97,64.49,553400
2012-03-12,64.5,64.62,64.23,64.39,246900
2012-03-13,64.75,65.050003,64.27,65.019997,418500
2012-03-14,65.11,65.5,64.61,64.85,265700
2012-03-15,65.019997,65.15,64.25,64.59,210100
2012-03-16,64.64,64.94,64.39,64.71,705700
2012-03-19,64.75,65.77,64.45,65.76,315500
2012-03-20,65.34,65.78,65.21,65.46,204500
2012-03-21,65.69,65.7,64.8,64.84,176900
2012-03-22,64.51,64.51,63.87,64.080002,348200
2012-03-23,64.47,64.75,63.91,64.53,242700
2012-03-26,65.3,65.56,64.99,65.53,189800
2012-03-27,65.68,65.84,65.36,65.38,246000
2012-03-28,65.57,65.69,65.050003,65.51,187900
2012-03-29,65.07,65.97,64.76,65.78,190500
2012-03-30,66.22,67.11,66.0,67.029999,641400
2012-04-02,67.019997,67.94,66.56,67.86,369300
2012-04-03,67.27,67.92,67.27,67.78,388400
2012-04-04,67.38,67.85,67.21,67.78,351900
2012-04-05,67.43,67.96,67.27,67.9,443900
2012-04-09,66.94,67.3,66.83,67.12,328800
2012-04-10,67.14,67.56,65.51,65.52,423800
2012-04-11,65.32,65.49,64.93,65.44,344600
2012-04-12,65.62,66.0,65.2,65.91,299600
2012-04-13,65.91,66.3,65.65,65.76,134500
2012-04-16,65.88,67.21,65.88,66.9,246800
2012-04-17,67.49,67.49,66.83,67.040001,230600
2012-04-18,66.99,67.080002,66.49,66.5,190700
2012-04-19,66.46,66.73,66.07,66.37,171400
2012-04-20,66.96,67.44,66.78,67.12,222000
2012-04-23,66.5,66.74,65.96,66.5,159900
2012-04-24,66.78,67.7,66.57,67.66,223300
2012-04-25,68.2,68.64,67.89,68.58,275300
2012-04-26,68.55,68.57,67.59,68.010002,201600
2012-04-27,68.36,68.61,67.53,68.37,152900
2012-04-30,68.43,68.43,67.7,68.07,207000
2012-05-01,68.019997,69.099998,67.74,68.65,382000
2012-05-02,68.25,69.15,67.81,69.15,357100
2012-05-03,69.34,69.5,68.88,69.07,284400
2012-05-04,68.63,68.94,67.58,68.35,367900
2012-05-07,68.16,69.27,68.07,69.07,238000
2012-05-08,68.85,69.32,68.57,68.97,456800
2012-05-09,68.47,70.029999,68.35,69.52,439500
2012-05-10,70.019997,70.099998,69.040001,69.68,290700
2012-05-11,69.2,70.22,68.99,70.2,385800
2012-05-14,69.42,69.84,69.13,69.19,257000
2012-05-15,69.07,69.17,68.43,68.64,156000
2012-05-16,69.0,69.23,68.059998,68.28,196900
2012-05-17,68.16,68.16,66.3,66.31,240800
2012-05-18,66.2,67.13,65.74,65.92,214600
2012-05-21,66.14,67.36,65.86,66.83,253500
2012-05-22,67.099998,67.72,66.81,67.32,268000
2012-05-23,66.89,67.5,66.49,67.42,206000
2012-05-24,67.6,67.95,66.44,67.36,170300
2012-05-25,67.37,67.83,66.75,66.89,122900
2012-05-29,67.41,68.22,66.88,68.0,257200
2012-05-30,67.42,67.51,66.59,66.6,313700
2012-05-31,66.71,68.089996,66.23,67.39,694300
2012-06-01,66.25,67.010002,66.2,66.41,344600
2012-06-04,66.49,66.49,64.67,65.25,304400
2012-06-05,65.050003,66.75,64.69,66.5,273600
2012-06-06,67.26,67.41,66.41,67.41,270400
2012-06-07,68.35,68.35,66.36,66.36,312200
2012-06-08,66.18,67.059998,66.18,66.93,238100
2012-06-11,67.64,67.76,65.59,65.71,347400
2012-06-12,66.050003,66.58,65.3,66.52,233400
2012-06-13,66.18,67.14,65.9,66.54,373100
2012-06-14,66.49,67.8,66.49,67.61,262100
2012-06-15,67.69,68.099998,67.0,68.050003,487500
2012-06-18,67.56,68.4,67.26,67.58,352300
2012-06-19,67.74,67.8,67.13,67.23,315900
2012-06-20,67.37,67.49,66.46,67.0,243900
2012-06-21,67.0,67.16,65.47,65.74,344500
2012-06-22,65.95,66.11,64.79,65.099998,3948000
2012-06-25,64.93,66.029999,64.71,65.77,459300
2012-06-26,65.99,66.43,65.54,65.85,266500
2012-06-27,66.23,66.43,65.59,66.0,198800
2012-06-28,65.75,67.14,65.18,67.0,306700
2012-06-29,67.94,68.24,67.55,68.24,225700
2012-07-02,68.7,69.18,67.88,68.98,316800
2012-07-03,69.2,69.51,68.99,69.42,118800
2012-07-05,69.43,69.65,68.6,69.019997,175300
2012-07-06,68.52,69.37,68.49,69.33,123600
2012-07-09,69.2,69.43,68.67,69.21,264700
2012-07-10,69.64,69.83,68.21,68.52,161200
2012-07-11,68.089996,68.24,67.33,67.78,184800
2012-07-12,67.4,69.35,67.33,69.029999,258500
2012-07-13,69.22,69.98,68.96,69.97,260000
2012-07-16,69.66,70.07,69.53,69.88,207500
2012-07-17,69.99,70.2,69.54,70.050003,286500
2012-07-18,69.94,70.19,69.3,69.85,133300
2012-07-19,70.19,70.19,68.54,69.13,89600
2012-07-20,68.88,69.22,68.47,68.61,375000
2012-07-23,68.21,68.82,67.86,68.66,115100
2012-07-24,69.019997,69.38,68.51,69.17,271700
2012-07-25,69.58,69.61,68.8,69.46,175200
2012-07-26,70.15,70.21,68.7,69.0,167100
2012-07-27,69.31,69.83,69.099998,69.4,175000
2012-07-30,69.45,69.69,69.029999,69.2,196000
2012-07-31,69.2,69.41,68.87,69.23,225000
2012-08-01,69.59,70.0,69.040001,69.059998,288800
2012-08-02,69.019997,69.16,68.44,69.019997,217200
2012-08-03,69.67,70.0,68.27,68.8,208800
2012-08-06,68.95,68.95,68.21,68.46,132100
2012-08-07,68.53,68.73,67.58,67.67,206900
2012-08-08,67.58,67.61,66.59,66.85,243100
2012-08-09,66.9,67.26,66.62,66.76,148500
2012-08-10,66.77,67.029999,66.35,66.63,149800
2012-08-13,66.74,66.84,66.31,66.5,116400
2012-08-14,66.64,66.96,66.29,66.46,144100
2012-08-15,66.29,66.6,66.29,66.5,280800
2012-08-16,66.66,67.35,66.13,67.11,472200
2012-08-17,67.23,68.099998,67.099998,67.71,528200
2012-08-20,67.74,67.94,67.34,67.81,291900
2012-08-21,68.07,68.3,67.6,67.83,103700
2012-08-22,67.8,67.95,67.25,67.94,192600
2012-08-23,67.82,67.95,67.42,67.59,483900
2012-08-24,67.71,68.13,67.34,67.93,171000
2012-08-27,68.19,68.41,67.54,68.31,127700
2012-08-28,68.36,68.91,67.95,68.82,219900
2012-08-29,69.0,69.0,68.57,68.82,190300
2012-08-30,68.57,68.69,68.21,68.32,111600
2012-08-31,68.42,68.49,67.56,68.0,213500
2012-09-04,68.16,68.18,67.42,68.089996,188900
2012-09-05,68.29,68.38,67.75,67.89,155200
2012-09-06,68.3,68.3,67.8,67.89,218300
2012-09-07,67.8,68.07,67.73,68.050003,213500
2012-09-10,68.040001,68.040001,67.25,67.45,129000
2012-09-11,67.56,67.8,67.25,67.79,133800
2012-09-12,68.13,68.23,67.29,67.38,140200
2012-09-13,67.35,68.13,67.32,67.82,162500
2012-09-14,67.8,69.14,67.8,68.66,142600
2012-09-17,68.66,68.96,68.33,68.35,82300
2012-09-18,68.34,68.46,67.37,67.62,118700
2012-09-19,67.73,67.92,67.11,67.11,212400
2012-09-20,66.78,66.78,65.91,66.15,193800
2012-09-21,66.15,66.48,66.010002,66.07,254300
2012-09-24,66.12,66.47,65.83,65.98,237000
2012-09-25,66.13,66.18,65.0,65.010002,188200
2012-09-26,65.089996,65.67,64.89,65.019997,209300
2012-09-27,65.29,66.0,64.81,65.4,642200
2012-09-28,65.3,65.62,65.089996,65.31,276800
2012-10-01,65.25,65.31,63.58,64.14,293700
2012-10-02,63.93,64.87,63.93,64.8,220700
2012-10-03,64.86,65.25,64.43,64.54,148000
2012-10-04,64.74,64.94,63.87,64.16,183400
2012-10-05,64.15,64.44,63.91,64.080002,201000
2012-10-08,64.040001,64.15,63.77,64.12,208100
2012-10-09,64.18,64.31,63.8,63.8,235500
2012-10-10,63.81,64.38,63.71,64.27,129100
2012-10-11,63.91,64.31,63.37,63.37,225000
2012-10-12,63.45,63.6,62.57,62.72,227700
2012-10-15,62.71,63.14,62.09,63.099998,332100
2012-10-16,63.21,63.85,63.17,63.73,272800
2012-10-17,66.68,66.68,63.85,64.41,411100
2012-10-18,64.34,65.28,64.26,65.07,230900
2012-10-19,64.3,65.29,64.080002,64.5,365100
2012-10-22,63.91,64.43,63.83,64.43,372600
2012-10-23,63.91,64.099998,63.07,64.099998,739600
2012-10-24,64.040001,64.36,63.72,64.15,314400
2012-10-25,64.47,64.78,63.36,64.059998,155500
2012-10-26,64.17,64.17,63.15,63.49,179200
2012-10-31,63.46,64.88,63.45,64.71,264300
2012-11-01,65.11,65.22,64.36,64.8,268300
2012-11-02,64.98,65.35,64.35,64.42,360100
2012-11-05,64.32,64.51,63.19,63.96,272000
2012-11-06,64.2,64.55,63.44,64.47,168200
2012-11-07,64.4,64.46,63.72,63.81,267400
2012-11-08,63.67,64.040001,63.12,63.12,127500
2012-11-09,62.84,63.13,62.42,62.46,171700
2012-11-12,62.62,62.95,61.81,62.19,128900
2012-11-13,61.96,62.49,61.82,62.049999,148600
2012-11-14,62.38,62.38,60.71,60.84,203900
2012-11-15,60.65,61.17,60.38,60.82,260900
2012-11-16,60.75,61.26,60.38,61.029999,209400
2012-11-19,61.62,61.88,61.17,61.55,150100
2012-11-20,61.9,61.9,61.14,61.86,251700
2012-11-21,62.029999,62.17,61.46,61.49,220000
2012-11-23,61.77,61.86,61.15,61.57,95200
2012-11-26,61.64,62.4,61.53,62.049999,210300
2012-11-27,62.07,63.37,61.28,62.83,340100
2012-11-28,62.83,62.91,62.080002,62.43,262700
2012-11-29,61.83,62.42,61.71,62.19,338000
2012-11-30,62.3,62.7,62.060001,62.32,198000
2012-12-03,62.63,62.8,62.11,62.29,203000
2012-12-04,62.26,63.049999,62.26,62.8,162700
2012-12-05,63.0099983,63.0099983,62.29,62.75,242800
2012-12-06,62.62,63.25,62.62,62.91,322100
2012-12-07,62.69,63.22,62.61,62.77,199300
2012-12-10,62.76,62.93,62.49,62.76,202900
2012-12-11,62.7,62.93,62.48,62.74,198100
2012-12-12,62.78,63.26,62.45,63.26,216100
2012-12-13,63.36,63.36,62.95,63.049999,353300
2012-12-14,63.060001,63.41,63.02,63.24,345500
2012-12-17,63.3,63.77,62.99,63.23,241300
2012-12-18,63.38,63.87,63.36,63.87,263400
2012-12-19,63.91,64.050003,63.67,63.72,152800
2012-12-20,63.84,64.63,63.67,64.59,173300
2012-12-21,64.099998,64.92,64.099998,64.51,504200
2012-12-24,64.13,64.78,64.029999,64.78,94500
2012-12-26,64.81,64.84,64.11,64.5,157900
2012-12-27,64.39,64.89,64.16,64.64,152000
2012-12-28,64.42,64.97,64.28,64.33,145100
2012-12-31,64.26,64.8,64.059998,64.75,153400
2013-01-02,65.019997,65.73,64.9,65.12,196900
2013-01-03,65.14,65.86,65.14,65.44,275000
2013-01-04,65.52,65.75,65.3,65.71,148200
2013-01-07,65.72,65.98,65.36,65.8,134000
2013-01-08,65.81,66.0,65.37,65.65,123800
2013-01-09,65.73,65.99,65.59,65.73,168000
2013-01-10,65.85,65.85,65.39,65.73,189100
2013-01-11,65.099998,65.14,64.54,65.14,166200
2013-01-14,65.29,65.93,65.010002,65.8,252600
2013-01-15,65.76,66.19,65.64,66.13,176400
2013-01-16,66.010002,66.12,65.69,65.92,209100
2013-01-17,66.15,66.28,65.8,65.94,145800
2013-01-18,65.93,66.010002,65.61,65.82,134600
2013-01-22,65.94,66.18,65.81,65.98,194000
2013-01-23,66.41,66.74,66.11,66.67,220400
2013-01-24,66.9,66.95,66.23,66.5,153700
2013-01-25,66.72,66.76,65.94,66.2,195700
2013-01-28,66.2,66.37,65.86,66.13,196800
2013-01-29,66.32,66.7,66.0,66.69,212500
2013-01-30,66.44,66.57,65.9,66.0,178300
2013-01-31,66.11,66.11,65.050003,65.37,218200
2013-02-01,65.72,66.0,65.5,65.8,263400
2013-02-04,65.72,66.27,65.63,65.81,343800
2013-02-05,65.99,66.050003,65.12,65.15,196000
2013-02-06,65.15,65.94,64.76,65.42,390900
2013-02-07,67.27,67.27,65.43,65.43,362800
2013-02-08,66.22,67.2,65.9,66.48,371600
2013-02-11,66.56,67.67,66.54,67.26,347500
2013-02-12,67.29,67.49,66.92,67.4,146600
2013-02-13,67.7,67.86,67.099998,67.41,128900
2013-02-14,67.23,67.86,67.23,67.56,407000
2013-02-15,67.67,68.18,67.62,67.85,216600
2013-02-19,68.089996,68.8,68.080002,68.8,239900
2013-02-20,68.83,69.41,68.73,68.8,372000
2013-02-21,69.19,69.29,68.66,68.96,472900
2013-02-22,68.91,69.69,68.8,69.39,340200
2013-02-25,69.54,69.6,68.77,68.78,257300
2013-02-26,68.96,69.44,68.54,69.14,225300
2013-02-27,69.36,70.16,69.099998,69.55,282400
2013-02-28,69.5,69.77,69.3,69.44,542100
2013-03-01,69.53,70.059998,68.95,69.89,490400
2013-03-04,69.74,69.86,69.059998,69.18,575300
2013-03-05,69.54,69.61,68.84,69.059998,369500
2013-03-06,69.39,69.39,68.65,68.75,462100
2013-03-07,69.07,69.42,68.28,68.39,363300
2013-03-08,68.58,68.85,68.07,68.21,356100
2013-03-11,68.24,68.36,67.76,68.36,320700
2013-03-12,68.32,68.41,67.7,67.77,223100
2013-03-13,68.0,68.22,67.45,68.13,290600
2013-03-14,68.35,69.56,68.18,69.53,330800
2013-03-15,69.28,70.07,69.089996,70.019997,360200
2013-03-18,69.69,70.84,69.63,70.68,527400
2013-03-19,70.68,70.82,69.89,70.22,423600
2013-03-20,70.38,70.5,69.61,69.77,578400
2013-03-21,69.62,70.16,69.010002,69.019997,383100
2013-03-22,69.33,69.37,68.31,68.75,480400
2013-03-25,68.95,69.34,68.5,68.75,252600
2013-03-26,68.87,69.25,68.82,69.21,252400
2013-03-27,68.99,69.26,68.84,69.019997,155800
2013-03-28,69.11,69.5,68.79,69.059998,280200
2013-04-01,69.059998,69.56,68.96,69.21,574600
2013-04-02,69.64,69.96,69.39,69.45,294600
2013-04-03,69.66,69.84,69.22,69.4,298800
2013-04-04,69.68,70.48,69.43,70.32,341400
2013-04-05,70.010002,71.14,69.76,71.07,371800
2013-04-08,71.07,71.34,70.81,71.28,196400
2013-04-09,71.49,72.040001,70.99,71.57,304500
2013-04-10,71.12,71.59,70.56,70.59,234000
2013-04-11,69.88,70.64,69.76,69.9,468100
2013-04-12,69.83,70.099998,69.67,69.85,301300
2013-04-15,70.0,70.16,68.78,68.78,449000
2013-04-16,69.13,69.45,68.91,69.39,241900
2013-04-17,68.050003,68.81,68.010002,68.27,320500
2013-04-18,68.45,68.64,68.18,68.33,208200
2013-04-19,68.55,68.84,68.34,68.72,210700
2013-04-22,68.87,68.87,68.22,68.6,201800
2013-04-23,68.83,68.88,68.23,68.76,148200
2013-04-24,68.79,69.059998,68.48,68.6,399200
2013-04-25,68.71,68.81,67.93,68.45,165600
2013-04-26,68.46,68.66,67.97,67.97,293800
2013-04-29,68.31,68.84,68.13,68.7,395900
2013-04-30,68.7,69.080002,68.43,68.73,478600
2013-05-01,68.18,68.81,68.029999,68.36,410700
2013-05-02,68.63,68.85,68.15,68.8,476400
2013-05-03,69.27,69.92,69.11,69.83,445500
2013-05-06,69.82,70.86,69.7,70.79,361100
2013-05-07,70.72,71.29,70.61,71.24,235500
2013-05-08,71.23,71.62,70.99,71.61,232700
2013-05-09,71.91,71.91,71.3,71.65,203600
2013-05-10,71.72,72.040001,71.38,71.98,204900
2013-05-13,72.099998,72.53,71.79,72.4,176100
2013-05-14,72.39,73.029999,72.39,73.010002,282700
2013-05-15,72.97,73.32,72.66,73.2,286300
2013-05-16,73.029999,73.68,73.029999,73.59,233700
2013-05-17,73.87,74.19,73.62,73.92,598900
2013-05-20,74.07,74.41,73.86,74.41,357100
2013-05-21,74.6,74.94,74.16,74.29,594800
2013-05-22,74.18,74.7,72.89,73.27,263200
2013-05-23,72.5,72.82,71.74,71.96,319700
2013-05-24,71.82,72.21,71.2,72.059998,132900
2013-05-28,72.45,72.65,70.86,70.94,240500
2013-05-29,70.24,70.46,68.55,69.6,231400
2013-05-30,69.67,70.040001,68.55,68.67,156800
2013-05-31,68.59,69.14,67.92,67.97,306600
2013-06-03,65.76,67.23,65.07,65.89,2435800
2013-06-04,66.029999,67.7,65.7,67.089996,1219400
2013-06-05,67.25,67.25,66.29,66.77,500300
2013-06-06,66.69,67.21,66.080002,67.019997,449300
2013-06-07,67.019997,67.019997,65.059998,65.81,539900
2013-06-10,66.029999,66.11,65.35,65.55,246200
2013-06-11,65.26,65.53,64.56,64.69,545100
2013-06-12,65.11,65.19,64.010002,64.23,1939600
2013-06-13,64.21,65.42,64.059998,65.26,596600
2013-06-14,65.22,65.81,64.48,64.87,993200
2013-06-17,65.28,65.84,64.23,64.9,503300
2013-06-18,64.93,65.7,64.56,65.4,307700
2013-06-19,64.21,65.59,63.32,63.47,419800
2013-06-20,63.09,63.13,61.15,61.39,626700
2013-06-21,61.84,62.73,61.049999,62.5,1088200
2013-06-24,61.84,63.41,60.88,62.88,719400
2013-06-25,63.45,65.35,62.91,65.099998,706800
2013-06-26,65.53,66.5,65.45,66.13,679300
2013-06-27,66.39,67.41,66.099998,67.41,529100
2013-06-28,67.040001,68.3,66.65,67.77,1027100
2013-07-01,67.86,68.22,67.099998,67.37,350200
2013-07-02,67.31,68.33,67.050003,68.010002,597700
2013-07-03,67.73,67.73,66.48,67.3,344500
2013-07-05,67.33,67.85,65.15,66.32,453000
2013-07-08,66.35,67.13,65.99,66.35,287300
2013-07-09,66.39,68.15,66.39,67.85,275200
2013-07-10,67.95,68.010002,66.75,67.18,448500
2013-07-11,67.53,67.85,67.12,67.77,725300
2013-07-12,67.83,67.83,66.95,67.32,272400
2013-07-15,67.35,67.53,66.77,67.47,169700
2013-07-16,67.34,67.89,67.33,67.89,211900
2013-07-17,68.22,68.41,67.64,68.27,258900
2013-07-18,68.4,69.31,68.16,69.25,324900
2013-07-19,69.019997,69.45,68.77,69.19,703100
2013-07-22,69.26,69.99,68.96,69.46,489600
2013-07-23,69.72,69.92,68.9,69.35,227100
2013-07-24,69.27,69.3,67.38,67.89,378700
2013-07-25,67.82,68.31,67.61,68.0,552300
2013-07-26,67.87,68.34,67.57,68.18,285800
2013-07-29,68.11,68.46,67.82,68.11,302700
2013-07-30,68.61,68.68,67.73,68.19,293100
2013-07-31,68.65,68.92,66.78,67.55,394200
2013-08-01,67.6,67.97,65.77,66.25,600700
2013-08-02,66.43,66.75,65.32,65.42,345500
2013-08-05,65.29,66.17,65.29,66.16,263900
2013-08-06,65.92,66.18,64.78,65.080002,441300
2013-08-07,65.089996,65.23,64.14,64.32,737500
2013-08-08,64.62,64.73,63.82,64.59,273700
2013-08-09,64.47,65.83,64.21,65.4,246000
2013-08-12,65.14,65.14,64.029999,64.49,314000
2013-08-13,64.73,64.73,63.18,63.38,193500
2013-08-14,63.0099983,63.54,62.92,63.19,228400
2013-08-15,61.97,62.56,61.76,62.35,339800
2013-08-16,62.11,62.34,61.0099983,61.040001,424900
2013-08-19,61.099998,61.39,60.72,60.8,288600
2013-08-20,60.88,62.49,60.88,62.26,584100
2013-08-21,62.0099983,63.09,61.53,62.26,348500
2013-08-22,62.47,62.55,61.72,62.48,203700
2013-08-23,62.55,62.9,62.029999,62.9,345400
2013-08-26,62.86,63.18,62.45,62.59,302700
2013-08-27,62.14,63.049999,61.91,62.85,369000
2013-08-28,62.64,62.92,61.79,61.98,261600
2013-08-29,61.64,62.02,61.48,61.79,323000
2013-08-30,61.78,62.36,61.56,61.66,215800
2013-09-03,62.14,62.48,60.46,61.040001,290300
2013-09-04,60.94,61.73,60.75,61.34,211800
2013-09-05,61.18,61.42,60.19,60.4,484600
2013-09-06,61.26,62.36,60.98,61.45,532200
2013-09-09,61.6,62.56,61.0,62.51,263900
2013-09-10,62.51,62.8,61.88,62.48,235700
2013-09-11,62.46,62.93,61.78,62.6,181900
2013-09-12,62.76,63.23,62.19,62.5,339500
2013-09-13,62.35,62.91,62.18,62.19,188000
2013-09-16,62.9,63.33,62.26,62.44,311800
2013-09-17,62.4,62.8,61.83,61.97,480100
2013-09-18,61.99,63.52,61.16,63.52,945300
2013-09-19,63.45,65.11,63.0099983,64.45,344100
2013-09-20,64.45,64.55,63.28,63.39,467400
2013-09-23,63.13,63.52,62.37,62.43,212800
2013-09-24,62.41,62.43,61.62,61.71,294200
2013-09-25,61.6,62.16,61.040001,61.48,677000
2013-09-26,61.58,63.21,61.58,62.8,938800
2013-09-27,62.42,63.18,62.2,63.16,507500
2013-09-30,62.72,63.15,62.029999,62.5,468500
2013-10-01,62.56,63.25,61.94,62.28,13313900
2013-10-02,61.82,63.86,61.62,63.72,1385900
2013-10-03,63.56,63.63,61.029999,61.59,1891900
2013-10-04,61.94,62.0,61.02,61.54,972800
2013-10-07,61.25,62.48,60.96,62.17,696500
2013-10-08,62.099998,62.47,61.43,61.48,562500
2013-10-09,61.67,62.31,61.25,61.4,608800
2013-10-10,61.080002,62.53,61.040001,62.5,532500
2013-10-11,62.24,63.41,62.09,63.32,543900
2013-10-14,63.16,63.3,62.25,62.9,801200
2013-10-15,62.59,62.82,62.099998,62.42,385000
2013-10-16,62.45,63.77,62.45,63.69,570700
2013-10-17,63.38,65.2,63.15,65.059998,645200
2013-10-18,64.98,65.38,64.52,65.29,689000
2013-10-21,65.46,65.74,64.77,65.71,615300
2013-10-22,65.79,66.73,65.6,66.52,991200
2013-10-23,66.53,66.68,65.93,66.59,525700
2013-10-24,66.56,66.56,65.33,65.78,561100
2013-10-25,65.84,67.34,65.75,67.31,468400
2013-10-28,67.15,67.63,66.089996,66.97,459500
2013-10-29,66.88,66.88,66.22,66.75,429200
2013-10-30,66.63,66.98,66.24,66.7,295600
2013-10-31,66.66,67.14,66.029999,66.4,655800
2013-11-01,66.45,66.49,64.9,65.92,547900
2013-11-04,65.59,66.28,65.26,65.8,556100
2013-11-05,65.52,65.6,64.059998,64.26,517000
2013-11-06,64.33,65.11,64.16,64.39,383500
2013-11-07,63.5,64.16,62.53,62.63,822600
2013-11-08,62.41,62.9,60.64,61.83,1081900
2013-11-11,61.96,61.99,61.32,61.42,546700
2013-11-12,61.5,61.61,60.67,61.45,675900
2013-11-13,61.27,61.83,60.9,61.54,334300
2013-11-14,61.89,62.72,61.81,62.28,419600
2013-11-15,62.46,62.84,62.2,62.52,516600
2013-11-18,62.5,62.91,61.89,62.4,408600
2013-11-19,62.21,62.86,61.99,62.41,534700
2013-11-20,62.41,62.74,61.16,61.37,439500
2013-11-21,61.61,61.8,61.049999,61.58,453800
2013-11-22,61.62,61.68,60.73,61.44,389500
2013-11-25,61.39,61.6,60.69,60.78,404800
2013-11-26,60.59,60.79,59.98,60.19,602600
2013-11-27,60.18,61.25,60.14,61.0,971200
2013-11-29,60.99,60.99,60.12,60.24,328900
2013-12-02,60.41,60.75,60.0099983,60.27,531100
2013-12-03,60.46,60.79,60.23,60.58,387200
2013-12-04,60.5,62.28,60.3,61.47,744000
2013-12-05,61.33,62.19,60.86,62.15,533700
2013-12-06,62.39,62.66,61.86,61.9,633900
2013-12-09,61.79,62.13,61.4,61.96,520900
2013-12-10,61.8,62.63,61.8,62.43,570200
2013-12-11,62.39,62.39,60.6,60.74,456000
2013-12-12,60.46,60.66,59.81,60.25,733800
2013-12-13,60.55,61.12,59.98,60.2,424700
2013-12-16,60.21,60.7,59.88,60.040001,424900
2013-12-17,60.080002,60.51,59.69,60.35,530400
2013-12-18,60.25,60.96,59.4,60.66,540000
2013-12-19,60.31,60.86,59.23,59.7,754300
2013-12-20,59.55,60.43,59.55,60.22,811500
2013-12-23,60.58,60.93,60.080002,60.28,352800
2013-12-24,60.14,60.88,60.049999,60.68,186700
2013-12-26,60.73,61.21,60.49,60.52,328400
2013-12-27,60.53,60.99,60.4,60.93,244800
2013-12-30,60.81,61.37,60.68,61.19,274200
2013-12-31,61.2,61.43,60.57,60.74,338000
2014-01-02,60.74,61.43,60.47,61.060001,345300
2014-01-03,61.16,61.94,61.07,61.71,282100
2014-01-06,61.8,62.18,61.41,61.84,497400
2014-01-07,61.83,62.24,61.65,61.79,458700
2014-01-08,61.66,61.84,60.57,61.71,586000
2014-01-09,61.77,61.9,61.080002,61.61,338600
2014-01-10,61.8,62.55,61.75,62.44,293400
2014-01-13,61.55,61.89,61.27,61.41,408700
2014-01-14,61.39,62.2,61.2,61.85,516400
2014-01-15,62.24,62.24,61.92,61.95,509600
2014-01-16,61.9,62.25,61.9,62.07,399400
2014-01-17,62.23,62.51,62.11,62.46,524800
2014-01-21,62.69,63.060001,62.22,62.99,289300
2014-01-22,63.080002,63.38,62.85,63.0,400400
2014-01-23,62.8,63.17,62.39,63.040001,449200
2014-01-24,62.94,63.39,62.43,62.64,333800
2014-01-27,62.63,62.88,62.080002,62.22,443100
2014-01-28,62.25,63.0099983,62.21,62.82,447500
2014-01-29,62.49,63.0,62.19,62.26,619400
2014-01-30,62.56,64.040001,62.27,63.84,869700
2014-01-31,63.45,64.84,63.16,64.54,745500
2014-02-03,64.46,64.61,63.17,63.37,1024600
2014-02-04,63.52,64.66,63.18,64.62,1058900
2014-02-05,64.5,65.13,64.21,64.76,947500
2014-02-06,65.97,65.97,63.65,65.44,1017300
2014-02-07,65.49,66.71,64.9,66.63,698400
2014-02-10,66.63,67.18,66.2,66.96,605500
2014-02-11,66.87,67.67,66.47,67.44,732100
2014-02-12,67.36,67.65,67.050003,67.42,616300
2014-02-13,67.010002,67.78,67.010002,67.5,557900
2014-02-14,67.62,67.81,67.34,67.64,382500
2014-02-18,67.63,68.23,67.4,67.95,343900
2014-02-19,67.89,68.72,67.86,68.080002,457000
2014-02-20,68.36,68.81,68.010002,68.07,613100
2014-02-21,68.089996,68.41,67.75,67.79,378300
2014-02-24,67.93,68.28,67.62,67.63,473000
2014-02-25,67.83,68.7,67.43,68.69,551100
2014-02-26,68.73,69.32,68.19,68.39,692800
2014-02-27,68.39,68.52,67.35,67.4,415300
2014-02-28,67.38,67.94,67.16,67.64,982900
2014-03-03,67.38,68.18,67.07,68.12,401700
2014-03-04,68.65,68.92,68.25,68.64,346700
2014-03-05,68.6,68.85,67.74,68.13,399200
2014-03-06,68.089996,68.17,67.41,67.67,446500
2014-03-07,67.52,67.7,66.85,67.26,473900
2014-03-10,67.2,67.31,66.46,66.6,268400
2014-03-11,66.59,67.26,66.57,66.91,328100
2014-03-12,66.73,67.34,66.73,67.3,392600
2014-03-13,67.31,67.31,66.22,67.26,535800
2014-03-14,67.23,67.73,67.099998,67.41,404900
2014-03-17,67.66,68.010002,67.099998,67.64,292300
2014-03-18,67.67,67.9,67.4,67.7,218800
2014-03-19,67.7,68.32,66.059998,66.26,333600
2014-03-20,66.19,67.07,65.62,67.040001,358100
2014-03-21,67.089996,67.89,67.010002,67.22,755300
2014-03-24,67.44,67.61,66.31,67.040001,307400
2014-03-25,67.28,67.98,66.89,67.94,369100
2014-03-26,68.07,68.13,66.59,66.64,458900
2014-03-27,66.63,67.64,66.25,67.45,477600
2014-03-28,67.6,67.79,66.95,67.38,371400
2014-03-31,67.57,68.66,66.99,68.27,467900
2014-04-01,68.35,68.35,67.56,68.15,405200
2014-04-02,68.16,68.46,67.59,68.44,432400
2014-04-03,68.48,68.73,68.19,68.45,399600
2014-04-04,68.6,69.07,68.37,68.74,414900
2014-04-07,68.68,69.34,68.48,68.73,372000
2014-04-08,68.75,69.63,68.46,69.42,569500
2014-04-09,69.39,69.54,68.76,69.22,209100
2014-04-10,69.32,69.6,68.38,68.53,583600
2014-04-11,67.48,68.19,67.12,67.37,783300
2014-04-14,67.5,68.099998,67.099998,68.029999,843600
2014-04-15,68.019997,68.5,67.86,68.25,343200
2014-04-16,68.4,68.54,68.0,68.45,393600
2014-04-17,68.35,68.51,67.87,68.15,435300
2014-04-21,68.13,68.54,67.93,68.47,299600
2014-04-22,68.53,68.96,67.77,68.82,497200
2014-04-23,68.88,69.13,68.47,68.62,709300
2014-04-24,68.66,69.07,68.4,68.99,300700
2014-04-25,68.99,69.36,68.6,68.93,339000
2014-04-28,69.18,69.73,68.95,69.61,463300
2014-04-29,69.61,69.82,69.11,69.41,241100
2014-04-30,69.48,69.72,69.13,69.65,250900
2014-05-01,69.76,69.76,68.69,69.55,692500
2014-05-02,69.42,70.23,68.98,70.21,669000
2014-05-05,69.89,70.7,69.64,70.68,493000
2014-05-06,70.8,70.94,70.41,70.69,378700
2014-05-07,70.75,71.84,70.57,71.82,471600
2014-05-08,71.94,72.28,71.059998,71.64,645500
2014-05-09,71.64,72.07,71.2,72.019997,401800
2014-05-12,72.22,72.25,71.84,72.25,261900
2014-05-13,72.32,72.89,70.98,71.16,447900
2014-05-14,71.11,71.79,70.83,71.32,430900
2014-05-15,71.26,71.71,70.93,71.67,311200
2014-05-16,71.59,72.4,71.47,72.35,290100
2014-05-19,72.31,72.66,71.87,72.33,635400
2014-05-20,72.33,72.69,72.050003,72.58,516100
2014-05-21,72.67,72.8,71.17,71.22,406700
2014-05-22,71.21,71.37,70.77,71.019997,322500
2014-05-23,71.23,71.51,70.89,71.37,376800
2014-05-27,71.45,72.12,71.32,71.96,526800
2014-05-28,71.81,71.86,71.18,71.6,295100
2014-05-29,71.7,71.86,71.52,71.79,274200
2014-05-30,71.79,72.58,71.52,72.35,1056400
2014-06-02,72.44,72.77,72.22,72.71,190300
2014-06-03,72.42,72.77,72.099998,72.7,461400
2014-06-04,72.66,73.0,72.37,72.81,290100
2014-06-05,73.0,73.48,72.67,73.41,513300
2014-06-06,73.41,73.49,72.4,72.5,481300
2014-06-09,72.4,72.71,71.43,71.86,411500
2014-06-10,71.88,71.95,71.12,71.44,271600
2014-06-11,71.45,71.5,70.69,71.059998,493600
2014-06-12,71.019997,71.12,70.28,70.83,527100
2014-06-13,71.0,71.3,70.36,71.16,302000
2014-06-16,71.32,71.45,70.39,70.65,419300
2014-06-17,70.71,71.17,70.42,70.92,476400
2014-06-18,71.040001,71.56,70.73,71.22,601100
2014-06-19,71.35,71.79,70.95,71.78,500600
2014-06-20,71.53,72.19,71.53,72.11,511800
2014-06-23,72.28,72.44,71.84,72.0,584600
2014-06-24,71.89,72.21,71.61,72.029999,485700
2014-06-25,72.12,72.42,72.050003,72.4,682100
2014-06-26,72.41,72.43,72.07,72.3,382900
2014-06-27,72.27,73.32,72.23,73.18,680700
2014-06-30,73.33,73.45,72.69,73.050003,545000
2014-07-01,72.93,73.46,72.71,73.29,696300
2014-07-02,73.16,73.35,72.49,73.13,365000
2014-07-03,72.83,73.099998,72.18,72.55,206600
2014-07-07,72.5,72.98,72.29,72.86,218100
2014-07-08,72.82,73.42,72.79,73.0,284900
2014-07-09,73.19,73.22,72.59,73.089996,150400
2014-07-10,72.36,73.28,72.36,73.050003,591400
2014-07-11,72.47,72.62,71.92,72.47,430500
2014-07-14,72.61,73.0,72.28,72.98,536800
2014-07-15,72.98,73.5,72.94,73.44,401800
2014-07-16,73.71,73.91,73.019997,73.56,453700
2014-07-17,73.31,73.84,73.15,73.56,378200
2014-07-18,73.69,74.38,73.69,73.89,313000
2014-07-21,73.66,74.019997,73.29,73.41,244100
2014-07-22,73.45,73.98,73.41,73.48,456000
2014-07-23,73.91,74.029999,73.57,74.0,344200
2014-07-24,73.98,74.64,73.87,74.38,433100
2014-07-25,74.21,74.5,74.050003,74.2,374500
2014-07-28,74.22,74.92,74.099998,74.63,377700
2014-07-29,74.5,74.99,74.27,74.55,356000
2014-07-30,74.51,75.089996,74.38,74.91,512900
2014-07-31,73.47,73.88,69.81,69.92,1889900
2014-08-01,69.66,70.29,69.53,69.96,1344400
2014-08-04,70.15,71.11,69.67,71.050003,574400
2014-08-05,70.65,71.39,70.45,70.5,494300
2014-08-06,70.32,70.71,70.22,70.54,439700
2014-08-07,70.8,71.019997,70.28,70.6,261500
2014-08-08,70.86,71.019997,70.27,70.48,309800
2014-08-11,70.72,71.0,70.39,70.64,258800
2014-08-12,70.54,70.88,70.28,70.3,312600
2014-08-13,70.6,71.47,70.29,71.2,224700
2014-08-14,71.32,71.51,70.68,70.9,297000
2014-08-15,71.080002,71.25,70.71,70.97,171700
2014-08-18,71.25,72.0,71.18,71.99,271700
2014-08-19,72.0,72.14,71.57,72.080002,241000
2014-08-20,71.97,72.51,71.64,72.35,232900
2014-08-21,72.35,72.67,72.16,72.25,166500
2014-08-22,72.24,72.24,71.37,71.69,363500
2014-08-25,72.24,72.24,71.41,71.74,213200
2014-08-26,71.93,72.18,71.5,71.93,174000
2014-08-27,72.15,72.15,71.69,71.9,219100
2014-08-28,71.89,72.17,71.65,71.87,181300
2014-08-29,71.79,72.38,71.54,72.32,346500
2014-09-02,72.52,72.66,72.040001,72.26,467100
2014-09-03,72.59,72.77,72.28,72.51,402000
2014-09-04,72.36,72.91,71.92,71.99,404000
2014-09-05,72.059998,73.07,71.82,72.97,309600
2014-09-08,72.97,73.24,72.81,73.089996,366200
2014-09-09,72.94,73.040001,72.5,72.73,312600
2014-09-10,72.39,72.41,70.92,71.019997,328900
2014-09-11,70.91,71.2,70.45,70.91,336900
2014-09-12,70.76,71.010002,68.2,68.41,514300
2014-09-15,68.39,68.94,67.71,67.75,362200
2014-09-16,67.76,68.67,67.59,68.43,448000
2014-09-17,68.77,69.050003,67.95,67.97,345400
2014-09-18,68.010002,68.25,67.07,67.14,371200
2014-09-19,67.33,67.65,66.94,67.14,715400
2014-09-22,66.98,67.23,66.41,66.44,356800
2014-09-23,66.33,66.89,65.98,66.0,360400
2014-09-24,66.0,66.73,65.47,65.51,519100
2014-09-25,65.56,65.83,65.12,65.55,521600
2014-09-26,65.52,66.38,65.050003,66.35,389300
2014-09-29,65.93,66.11,65.5,66.040001,483500
2014-09-30,66.080002,66.25,65.24,65.65,1075100
2014-10-01,65.63,66.45,65.54,66.21,591100
2014-10-02,66.21,66.63,65.81,66.29,493100
2014-10-03,66.67,66.81,66.13,66.62,396000
2014-10-06,66.74,67.24,66.55,66.58,351900
2014-10-07,66.44,66.68,66.019997,66.040001,627600
2014-10-08,66.25,67.44,66.050003,67.43,408000
2014-10-09,67.31,67.93,66.97,67.12,458400
2014-10-10,66.58,67.32,66.55,66.6,373900
2014-10-13,66.62,67.26,66.23,66.7,618900
2014-10-14,66.86,68.3,66.86,67.99,479600
2014-10-15,67.45,68.31,67.0,67.85,626200
2014-10-16,67.35,67.78,66.59,67.58,695500
2014-10-17,68.11,68.11,66.76,67.48,365600
2014-10-20,67.5,68.94,67.5,68.87,409000
2014-10-21,69.14,69.53,68.71,69.47,332200
2014-10-22,69.72,70.07,69.34,69.34,343100
2014-10-23,69.78,70.32,69.35,70.07,399100
2014-10-24,70.17,70.55,69.33,69.69,460700
2014-10-27,69.67,70.55,69.34,70.39,338000
2014-10-28,70.39,70.53,70.0,70.35,258300
2014-10-29,70.16,70.52,69.13,70.019997,712500
2014-10-30,70.029999,70.39,69.16,70.21,626600
2014-10-31,70.71,70.86,69.7,70.66,830000
2014-11-03,70.81,71.96,70.42,71.94,520800
2014-11-04,71.8,72.029999,71.28,71.87,523400
2014-11-05,72.12,72.38,71.080002,71.53,323700
2014-11-06,71.48,71.76,70.78,70.85,400700
2014-11-07,70.88,71.26,70.25,70.72,399100
2014-11-10,70.61,71.84,70.58,71.71,619800
2014-11-11,71.7,71.73,71.040001,71.67,292000
2014-11-12,71.6,71.91,70.62,70.8,304600
2014-11-13,71.07,71.71,70.66,71.56,471000
2014-11-14,71.39,71.72,70.65,70.77,456000
2014-11-17,70.67,71.58,70.56,71.54,583900
2014-11-18,71.48,72.67,71.28,72.47,521400
2014-11-19,72.32,72.67,71.48,71.62,353500
2014-11-20,71.65,71.8,71.18,71.8,253300
2014-11-21,72.23,72.42,71.83,72.35,229500
2014-11-24,72.61,72.92,72.39,72.81,286900
2014-11-25,72.85,73.2,72.52,72.97,458300
2014-11-26,73.080002,73.83,72.93,73.45,261100
2014-11-28,73.37,74.16,73.23,73.66,232400
2014-12-01,73.59,73.66,72.41,72.42,457300
2014-12-02,72.36,72.76,71.67,72.56,360700
2014-12-03,72.65,72.81,72.19,72.32,229600
2014-12-04,72.47,72.7,72.0,72.63,458800
2014-12-05,72.33,72.47,71.59,71.96,289100
2014-12-08,71.98,73.21,71.98,72.82,444600
2014-12-09,72.46,73.54,72.44,73.45,349800
2014-12-10,73.36,73.63,73.040001,73.25,233300
2014-12-11,73.85,74.15,73.43,73.82,409600
2014-12-12,73.7,74.2,73.27,73.37,354000
2014-12-15,73.35,73.48,72.22,72.31,482500
2014-12-16,72.41,73.040001,71.66,72.45,389100
2014-12-17,72.56,74.19,72.050003,74.15,428400
2014-12-18,74.51,74.77,73.95,74.51,274800
2014-12-19,74.41,75.019997,74.14,74.69,585300
2014-12-22,74.85,76.22,74.8,76.17,237300
2014-12-23,76.33,76.66,75.62,76.21,303100
2014-12-24,76.2,76.58,75.76,76.0,213300
2014-12-26,76.029999,76.42,75.84,75.93,173900
2014-12-29,75.89,76.83,75.46,76.24,213900
2014-12-30,75.97,76.6,75.68,76.010002,189800
2014-12-31,76.24,76.65,74.61,74.68,264700
2015-01-02,74.47,76.19,74.47,76.15,276200
2015-01-05,75.86,76.34,75.43,75.86,549700
2015-01-06,76.28,77.83,76.27,77.18,833400
2015-01-07,76.48,78.34,76.29,78.14,544700
2015-01-08,78.14,78.46,77.36,78.34,544000
2015-01-09,78.37,79.37,77.99,78.83,481200
2015-01-12,79.61,80.93,79.5,80.86,496700
2015-01-13,80.35,80.65,79.3,79.89,447800
2015-01-14,79.22,80.83,78.98,80.63,545100
2015-01-15,80.7,81.16,80.49,80.64,464000
2015-01-16,80.69,81.54,80.45,81.44,416300
2015-01-20,81.84,82.089996,80.23,80.39,485300
2015-01-21,80.46,81.17,80.059998,81.080002,266900
2015-01-22,81.25,82.14,81.019997,82.050003,383600
2015-01-23,82.11,82.42,81.71,82.11,328400
2015-01-26,82.040001,82.51,81.81,82.49,654300
2015-01-27,82.47,82.81,82.17,82.48,225600
2015-01-28,82.47,83.5,81.66,81.72,543200
2015-01-29,81.58,81.87,80.45,80.72,862400
2015-01-30,80.7,80.71,79.26,79.32,686900
2015-02-02,79.31,79.74,77.77,79.57,549100
2015-02-03,79.17,79.54,78.44,79.27,576300
2015-02-04,79.24,79.55,77.9,78.72,760100
2015-02-05,79.010002,79.26,76.42,77.53,1317600
2015-02-06,77.53,77.65,74.59,74.88,1087500
2015-02-09,75.37,75.53,73.8,73.82,755400
2015-02-10,73.79,74.010002,72.92,73.93,669700
2015-02-11,74.080002,74.31,73.39,73.58,545200
2015-02-12,73.79,74.58,73.26,74.41,667300
2015-02-13,74.31,74.31,73.36,73.82,354100
2015-02-17,73.81,74.74,73.45,73.8,367200
2015-02-18,74.099998,75.14,73.35,75.099998,587500
2015-02-19,74.84,75.010002,73.65,73.7,673200
2015-02-20,73.56,74.67,73.41,74.49,495300
2015-02-23,74.81,75.24,73.89,74.46,572800
2015-02-24,74.13,74.13,72.63,73.15,509800
2015-02-25,73.25,74.12,72.55,73.45,391200
2015-02-26,73.42,73.42,71.87,71.97,511400
2015-02-27,72.099998,72.86,71.72,72.47,595200
2015-03-02,72.61,74.029999,72.61,73.26,519100
2015-03-03,73.21,73.25,72.42,73.099998,367800
2015-03-04,73.26,73.43,72.83,73.24,702300
2015-03-05,73.34,74.16,73.34,73.52,556500
2015-03-06,72.59,72.59,70.67,71.15,544400
2015-03-09,71.64,72.0,71.26,71.77,401000
2015-03-10,71.7,72.39,71.63,71.85,401600
2015-03-11,71.85,72.36,71.63,72.27,575200
2015-03-12,72.74,74.11,72.23,73.94,875800
2015-03-13,74.050003,74.44,73.4,74.15,747900
2015-03-16,74.44,75.94,74.11,75.36,554200
2015-03-17,75.35,76.51,75.3,76.43,979700
2015-03-18,76.63,77.92,75.91,77.72,624000
2015-03-19,77.42,78.35,77.18,77.46,605500
2015-03-20,77.72,79.8,77.72,79.59,971900
2015-03-23,79.59,79.99,79.059998,79.17,566300
2015-03-24,79.18,79.42,78.23,78.29,482800
2015-03-25,78.39,78.68,76.77,76.91,276600
2015-03-26,76.87,77.64,76.34,76.72,274100
2015-03-27,76.78,77.26,76.36,76.73,305600
2015-03-30,77.07,78.029999,76.79,77.87,283100
2015-03-31,77.59,78.25,77.0,77.27,407600
2015-04-01,77.29,77.62,76.48,77.32,463500
2015-04-02,76.87,78.32,76.87,77.97,393600
2015-04-06,78.27,78.99,77.67,78.8,427300
2015-04-07,78.73,78.73,77.43,77.49,317200
2015-04-08,77.78,78.53,77.69,78.15,390500
2015-04-09,78.65,78.65,75.84,76.07,318300
2015-04-10,76.51,76.99,75.38,75.67,432600
2015-04-13,74.72,75.38,74.24,74.79,601700
2015-04-14,75.22,75.82,74.88,75.4,417500
2015-04-15,75.48,75.6,74.24,74.49,364600
2015-04-16,74.17,75.31,73.94,75.13,274900
2015-04-17,74.88,75.36,74.44,74.96,364300
2015-04-20,75.040001,75.58,74.7,75.24,336600
2015-04-21,75.62,76.089996,75.23,75.57,291900
2015-04-22,75.53,76.59,75.11,76.57,295500
2015-04-23,76.38,77.29,76.31,77.059998,312200
2015-04-24,77.15,77.47,76.72,76.73,267100
2015-04-27,77.029999,77.55,76.31,76.6,434900
2015-04-28,76.64,76.99,75.99,76.72,247100
2015-04-29,76.15,76.5,75.39,75.71,343600
2015-04-30,77.11,77.11,74.15,74.61,501500
2015-05-01,74.76,76.7,74.48,76.23,662000
2015-05-04,76.53,77.56,76.53,77.040001,832100
2015-05-05,76.75,77.059998,74.69,74.95,800300
2015-05-06,75.13,75.59,74.68,75.16,594400
2015-05-07,75.33,76.69,75.24,76.32,451800
2015-05-08,77.24,78.34,76.6,77.14,275100
2015-05-11,76.9,77.63,75.24,75.49,329100
2015-05-12,75.010002,76.07,74.39,75.65,244800
2015-05-13,75.32,76.43,74.24,74.49,498800
2015-05-14,75.050003,75.88,74.65,75.85,386500
2015-05-15,76.13,76.96,75.9,76.85,234000
2015-05-18,76.45,76.98,76.059998,76.84,381800
2015-05-19,76.64,77.050003,76.23,76.77,299200
2015-05-20,76.97,77.32,76.54,76.86,238800
2015-05-21,77.089996,77.48,76.44,76.79,430900
2015-05-22,76.55,77.45,76.040001,77.040001,406300
2015-05-26,76.9,76.9,76.0,76.25,222700
2015-05-27,76.41,77.23,75.95,77.089996,303100
2015-05-28,77.15,77.47,76.81,77.33,503200
2015-05-29,77.34,77.43,76.21,76.39,865100
2015-06-01,76.63,77.45,76.099998,77.37,460100
2015-06-02,76.96,77.059998,75.98,76.16,262400
2015-06-03,76.2,76.85,74.56,74.59,340600
2015-06-04,74.55,75.0,74.19,74.75,406600
2015-06-05,74.099998,75.050003,73.63,74.56,604400
2015-06-08,74.71,74.83,73.96,73.96,295300
2015-06-09,74.019997,74.28,73.0,73.17,488900
2015-06-10,73.22,74.31,72.81,73.63,444800
2015-06-11,74.029999,74.62,73.79,74.089996,369200
2015-06-12,74.2,74.77,74.029999,74.22,337100
2015-06-15,74.18,74.18,73.52,73.58,412200
2015-06-16,73.77,74.45,73.14,74.07,463400
2015-06-17,74.24,74.28,73.27,73.98,1020700
2015-06-18,74.11,75.67,73.9,75.15,510900
2015-06-19,74.62,75.59,73.99,75.18,868700
2015-06-22,75.39,75.68,74.54,74.59,315000
2015-06-23,74.47,75.059998,73.58,74.089996,298900
2015-06-24,74.099998,74.65,73.84,73.93,441800
2015-06-25,73.88,74.0,73.23,73.27,329500
2015-06-26,73.32,74.089996,72.8,73.92,334200
2015-06-29,73.9,74.75,73.24,73.29,505000
2015-06-30,73.69,73.69,72.72,72.81,565100
2015-07-01,73.49,74.75,72.51,74.75,988200
2015-07-02,75.37,76.33,74.76,75.38,457800
2015-07-06,75.089996,75.84,75.089996,75.65,521800
2015-07-07,76.26,76.86,76.0,76.46,511800
2015-07-08,76.29,76.57,75.69,75.94,415800
2015-07-09,76.45,77.16,75.78,76.49,721200
2015-07-10,76.68,77.57,76.54,76.65,457800
2015-07-13,76.54,77.27,75.46,75.77,463600
2015-07-14,76.059998,76.64,75.44,76.25,378900
2015-07-15,76.050003,76.61,75.5,76.3,436300
2015-07-16,76.55,77.16,76.44,77.089996,398900
2015-07-17,77.31,77.47,76.61,77.059998,428600
2015-07-20,76.79,78.059998,76.67,77.69,524600
2015-07-21,78.14,78.46,77.47,77.78,471100
2015-07-22,77.72,78.61,77.38,77.69,365300
2015-07-23,77.82,77.86,76.32,76.82,468100
2015-07-24,76.78,77.099998,76.6,76.73,341900
2015-07-27,76.75,77.55,76.54,76.68,381600
2015-07-28,76.7,76.89,75.94,76.31,362400
2015-07-29,76.27,76.45,75.59,76.4,616800
2015-07-30,78.27,79.82,77.34,79.25,1249500
2015-07-31,80.059998,80.95,79.71,80.34,674200
2015-08-03,80.47,81.27,80.22,81.18,616200
2015-08-04,81.07,81.61,80.32,80.43,669100
2015-08-05,80.5,81.29,79.39,79.7,648300
2015-08-06,79.78,80.77,79.07,80.55,647200
2015-08-07,80.47,81.5,79.95,81.2,501700
2015-08-10,81.53,81.89,80.89,81.17,523200
2015-08-11,80.93,82.19,80.65,81.71,670100
2015-08-12,81.69,81.98,80.91,81.63,510200
2015-08-13,81.26,81.86,80.7,81.64,930000
2015-08-14,81.66,82.88,81.19,82.82,480700
2015-08-17,83.19,84.16,82.31,84.13,491100
2015-08-18,83.59,84.42,83.59,84.36,551500
2015-08-19,83.59,84.29,82.76,83.63,1179700
2015-08-20,83.040001,83.62,82.58,82.84,718900
2015-08-21,81.81,82.56,80.97,80.97,940400
2015-08-24,78.65,80.3,77.61,77.65,888000
2015-08-25,79.17,83.16,76.46,76.52,938600
2015-08-26,77.87,78.37,76.56,78.2,559600
2015-08-27,79.010002,80.81,78.18,80.37,805300
2015-08-28,80.36,80.8,79.18,80.63,712100
2015-08-31,80.56,80.62,78.55,78.59,885300
2015-09-01,77.51,78.54,77.059998,77.49,593300
2015-09-02,78.040001,79.13,77.33,78.059998,354300
2015-09-03,78.82,79.059998,77.8,77.86,396000
2015-09-04,77.050003,77.32,75.49,76.059998,354000
2015-09-08,76.73,77.14,75.79,76.35,2218500
2015-09-09,76.84,77.48,75.32,75.43,616300
2015-09-10,75.0,76.84,75.0,76.040001,553400
2015-09-11,76.07,77.67,75.61,77.67,699800
2015-09-14,78.040001,78.040001,77.41,77.83,334400
2015-09-15,77.63,78.73,77.019997,78.65,495300
2015-09-16,78.6,80.07,78.21,79.84,606300
2015-09-17,79.83,82.44,79.57,81.010002,707500
2015-09-18,80.19,82.57,80.19,81.22,990200
2015-09-21,81.6,82.5,81.47,81.67,634800
2015-09-22,81.25,81.65,80.27,80.38,811500
2015-09-23,80.79,82.18,80.57,82.019997,569500
2015-09-24,81.84,82.0,80.55,80.76,489000
2015-09-25,80.8,81.48,80.029999,80.64,560200
2015-09-28,80.51,80.55,78.72,79.32,494800
2015-09-29,79.63,81.07,79.07,80.97,538300
2015-09-30,81.46,82.13,80.93,81.87,667700
2015-10-01,82.089996,82.9,81.81,82.77,531900
2015-10-02,82.54,84.16,81.72,84.16,474600
2015-10-05,83.76,84.42,82.51,84.22,574500
2015-10-06,84.22,84.43,82.75,82.88,498700
2015-10-07,83.18,83.59,82.59,83.59,485700
2015-10-08,83.57,84.099998,83.080002,83.98,317100
2015-10-09,83.99,84.4,83.5,84.25,479500
2015-10-12,84.37,84.91,82.51,84.26,372600
2015-10-13,83.33,83.96,82.099998,82.8,436700
2015-10-14,83.14,83.14,81.72,81.83,354600
2015-10-15,82.17,83.89,82.17,83.89,376000
2015-10-16,83.88,84.52,83.69,83.97,386800
2015-10-19,83.92,85.7,83.84,85.7,430800
2015-10-20,86.5,86.57,85.49,85.84,630700
2015-10-21,85.92,86.54,84.95,85.26,596900
2015-10-22,85.78,86.28,85.2,85.85,698800
2015-10-23,85.61,86.47,85.010002,85.78,520100
2015-10-26,85.81,86.17,85.19,85.83,476800
2015-10-27,85.92,86.45,85.42,86.14,433400
2015-10-28,86.080002,86.75,83.98,85.3,568100
2015-10-29,85.050003,87.86,84.76,87.55,698700
2015-10-30,87.93,87.93,85.15,85.19,629100
2015-11-02,85.07,87.13,84.85,87.019997,505200
2015-11-03,86.74,86.96,85.16,86.14,509300
2015-11-04,86.059998,86.29,85.23,86.18,367200
2015-11-05,85.75,86.73,85.31,86.019997,404800
2015-11-06,84.91,85.76,82.61,83.31,649000
2015-11-09,82.79,83.38,82.050003,82.72,469900
2015-11-10,82.11,84.26,82.11,83.5,462100
2015-11-11,83.84,84.61,83.49,84.32,222200
2015-11-12,84.16,84.63,83.53,83.96,223700
2015-11-13,84.36,84.53,83.58,84.19,430100
2015-11-16,84.19,85.69,83.76,85.64,409500
2015-11-17,85.42,87.26,85.33,86.5,439400
2015-11-18,86.54,87.27,85.74,87.080002,291300
2015-11-19,87.099998,88.019997,86.38,87.6,386400
2015-11-20,87.84,88.79,87.57,88.66,404900
2015-11-23,88.72,89.14,88.040001,88.47,322200
2015-11-24,88.0,88.4,87.050003,87.71,282200
2015-11-25,87.96,88.88,87.57,88.65,203500
2015-11-27,88.37,89.68,88.23,89.4,135900
2015-11-30,89.44,89.96,88.15,88.56,381400
2015-12-01,88.76,89.96,88.76,89.88,305200
2015-12-02,89.63,90.27,88.31,88.56,303400
2015-12-03,88.26,88.7,86.72,86.8,415200
2015-12-04,86.84,89.14,86.84,88.95,239000
2015-12-07,88.96,89.07,88.029999,88.42,281300
2015-12-08,88.25,88.98,87.67,88.2,313800
2015-12-09,87.76,88.4,86.61,87.62,285500
2015-12-10,87.78,88.4,87.2,87.8,463900
2015-12-11,87.25,88.91,87.12,88.42,872800
2015-12-14,87.93,89.59,87.66,89.54,537300
2015-12-15,89.97,90.67,89.46,90.040001,510700
2015-12-16,89.39,91.64,88.059998,91.35,389300
2015-12-17,91.53,92.18,90.15,90.35,518200
2015-12-18,90.059998,90.6,89.37,89.86,731700
2015-12-21,90.73,90.84,89.29,90.14,468600
2015-12-22,90.95,91.38,90.46,90.56,327400
2015-12-23,90.87,91.15,90.010002,90.87,286500
2015-12-24,90.82,91.31,90.34,91.080002,176000
2015-12-28,91.059998,91.69,90.64,91.67,301000
2015-12-29,91.85,92.76,91.59,92.4,322700
2015-12-30,92.53,92.8,91.75,91.81,346800
2015-12-31,92.07,92.74,90.8,90.81,504300
2016-01-04,90.41,90.62,89.18,90.029999,564600
2016-01-05,90.029999,91.33,89.73,91.16,515500
2016-01-06,90.41,91.36,90.019997,90.69,462000
2016-01-07,89.63,91.51,89.15,90.85,698000
2016-01-08,91.13,91.67,90.099998,90.26,575400
2016-01-11,90.46,91.87,89.55,90.56,698900
2016-01-12,90.89,90.89,89.52,90.29,491400
2016-01-13,89.73,91.019997,88.83,89.3,546000
2016-01-14,89.27,90.2,88.62,89.39,792700
2016-01-15,88.050003,90.49,87.19,90.35,968500
2016-01-19,90.79,91.93,90.010002,91.080002,550800
2016-01-20,90.36,90.84,87.69,89.37,995800
2016-01-21,89.95,90.77,88.8,89.34,650300
2016-01-22,90.32,91.95,88.98,91.48,678800
2016-01-25,91.49,92.94,90.9,92.53,679700
2016-01-26,92.84,94.87,92.52,94.8,709900
2016-01-27,94.67,94.67,91.67,92.36,693200
2016-01-28,92.62,93.44,91.16,91.93,493100
2016-01-29,92.85,94.0,91.5,93.82,941100
2016-02-01,93.2,94.45,92.85,93.85,713700
2016-02-02,93.68,94.29,92.18,92.41,762100
2016-02-03,92.82,94.19,91.029999,92.47,930800
2016-02-04,90.47,92.34,86.11,87.63,1655200
2016-02-05,87.31,88.82,85.25,85.56,978100
2016-02-08,85.41,86.0,82.91,84.64,663400
2016-02-09,83.79,86.16,83.66,85.18,633100
2016-02-10,85.5,87.080002,84.9,86.22,899700
2016-02-11,85.050003,85.87,83.93,84.87,587500
2016-02-12,85.62,86.88,84.41,85.49,753800
2016-02-16,86.34,88.62,85.49,88.32,815800
2016-02-17,88.5,89.86,87.41,88.85,626200
2016-02-18,89.26,91.69,88.47,91.41,808500
2016-02-19,90.75,92.2,89.36,91.6,622400
2016-02-22,91.9,93.48,91.9,92.97,462000
2016-02-23,92.42,93.81,91.64,92.029999,881600
2016-02-24,91.4,92.76,89.64,91.21,1181700
2016-02-25,91.75,92.63,91.67,92.28,534700
2016-02-26,92.28,92.69,91.49,91.75,663300
2016-02-29,91.91,92.6,89.76,89.94,3970800
2016-03-01,90.73,93.9,90.73,93.88,682300
2016-03-02,93.52,94.99,93.2,94.5,542800
2016-03-03,94.66,94.66,92.77,94.089996,501500
2016-03-04,93.92,94.42,93.15,93.37,590300
2016-03-07,92.85,94.23,92.71,93.79,432300
2016-03-08,93.99,94.74,93.52,93.97,637400
2016-03-09,93.81,94.99,93.78,94.089996,303200
2016-03-10,94.73,94.83,92.98,94.059998,353300
2016-03-11,94.33,95.61,93.45,95.54,412600
2016-03-14,95.51,96.34,95.14,96.12,339500
2016-03-15,95.75,97.22,95.39,97.2,414400
2016-03-16,96.78,99.98,96.64,99.38,841500
2016-03-17,99.44,101.22,99.0,100.98,500600
2016-03-18,100.95,102.2,100.3,101.25,819800
2016-03-21,100.5,101.27,99.19,99.5,1004000
2016-03-22,99.36,99.65,98.48,99.43,654100
2016-03-23,99.55,99.67,98.59,98.95,296100
2016-03-24,98.61,99.089996,97.83,98.31,466100
2016-03-28,98.99,99.61,98.33,99.41,266800
2016-03-29,99.75,101.35,99.75,101.29,603600
2016-03-30,101.35,101.99,100.7,101.48,245400
2016-03-31,101.22,102.42,100.64,102.21,580200
2016-04-01,101.73,102.85,101.31,102.52,324800
2016-04-04,102.78,103.040001,101.46,102.059998,296000
2016-04-05,101.41,102.23,100.93,101.79,420600
2016-04-06,101.49,102.43,101.22,102.3,273600
2016-04-07,101.92,102.2,101.3,101.94,510400
2016-04-08,102.32,103.07,101.93,102.74,244900
2016-04-11,102.58,102.63,101.24,101.25,326800
2016-04-12,101.47,102.28,100.89,101.8,529600
2016-04-13,101.46,101.8,98.91,99.25,689000
2016-04-14,98.95,99.4,96.13,96.13,820200
2016-04-15,96.0,98.28,95.86,97.85,822500
2016-04-18,98.0,98.73,97.5,98.66,373500
2016-04-19,98.93,99.080002,98.18,99.050003,409400
2016-04-20,98.98,98.98,96.77,97.0,364800
2016-04-21,97.07,97.63,95.23,95.63,270300
2016-04-22,94.57,96.67,94.57,96.41,426200
2016-04-25,96.17,97.26,95.96,97.25,509900
2016-04-26,97.65,98.54,97.019997,97.52,322500
2016-04-27,97.37,98.82,95.73,96.65,483900
2016-04-28,96.38,97.3,96.16,96.56,230400
2016-04-29,96.21,96.35,94.97,95.71,343400
2016-05-02,95.77,97.63,95.77,97.41,293900
2016-05-03,97.19,97.81,96.59,97.44,468900
2016-05-04,96.81,99.48,95.86,99.18,349600
2016-05-05,98.83,100.77,98.43,100.57,476000
2016-05-06,100.48,102.12,99.46,102.099998,462500
2016-05-09,102.41,102.96,101.88,102.63,438000
2016-05-10,103.080002,103.86,102.25,102.81,400000
2016-05-11,102.88,102.88,100.58,100.68,491400
2016-05-12,100.9,102.080002,99.87,101.87,566500
2016-05-13,102.010002,102.8,101.22,102.72,534800
2016-05-16,102.72,104.050003,102.33,103.66,435100
2016-05-17,103.32,103.42,100.26,101.13,410500
2016-05-18,100.79,101.17,98.95,99.57,665100
2016-05-19,98.57,99.47,98.19,99.089996,278500
2016-05-20,99.59,100.69,99.040001,100.0,402300
2016-05-23,100.46,100.46,99.11,99.42,248200
2016-05-24,100.080002,101.83,100.080002,101.53,506800
2016-05-25,101.68,101.68,100.17,101.2,482200
2016-05-26,101.0,101.7,100.44,100.91,621400
2016-05-27,101.089996,102.35,100.29,102.35,361600
2016-05-31,102.45,103.22,101.44,102.99,639900
2016-06-01,102.35,102.82,101.92,102.76,542200
2016-06-02,102.43,102.79,101.5,101.9,572300
2016-06-03,102.71,102.99,99.59,100.25,880000
2016-06-06,99.94,100.58,97.050003,98.15,711300
2016-06-07,98.3,98.96,97.85,98.19,569300
2016-06-08,98.33,99.24,97.43,98.14,735300
2016-06-09,98.2,98.74,97.83,98.48,700300
2016-06-10,97.83,98.52,97.56,98.14,498100
2016-06-13,98.36,100.96,98.25,100.36,559700
2016-06-14,100.46,100.88,99.6,100.080002,322900
2016-06-15,100.19,101.82,100.050003,101.36,654400
2016-06-16,101.19,102.56,101.19,102.17,444700
2016-06-17,102.25,102.48,101.050003,101.68,572400
2016-06-20,102.18,103.17,101.37,101.48,352400
2016-06-21,101.51,102.28,101.51,101.76,249000
2016-06-22,102.040001,102.61,101.41,101.97,405200
2016-06-23,102.78,103.029999,102.11,102.33,430900
2016-06-24,100.55,102.82,100.080002,101.11,1144500
2016-06-27,100.62,103.22,100.59,102.91,676000
2016-06-28,103.29,104.68,102.35,104.65,645900
2016-06-29,105.34,106.68,105.050003,105.3,906300
2016-06-30,105.36,106.43,104.57,106.4,1340400
2016-07-01,106.98,108.23,106.25,107.33,591100
2016-07-05,107.31,109.34,107.31,109.3,504500
2016-07-06,109.11,110.010002,108.76,109.67,543900
2016-07-07,109.3,109.58,107.4,108.49,457800
2016-07-08,108.74,109.65,107.55,108.010002,770700
2016-07-11,108.34,108.9,107.13,107.88,794200
2016-07-12,107.91,108.55,106.8,108.53,677400
2016-07-13,108.019997,108.53,107.66,108.019997,421500
2016-07-14,108.54,108.54,105.82,106.07,565100
2016-07-15,106.6,108.099998,104.94,105.36,838400
2016-07-18,105.64,107.07,105.11,105.14,272200
2016-07-19,105.21,106.15,104.65,106.099998,339100
2016-07-20,106.11,106.58,105.68,106.010002,483800
2016-07-21,106.050003,106.27,105.24,105.71,394800
2016-07-22,105.74,107.6,105.74,106.75,323100
2016-07-25,106.86,107.42,105.53,106.45,337700
2016-07-26,106.5,106.5,105.33,105.77,333100
2016-07-27,105.42,105.49,102.9,103.77,948600
2016-07-28,103.0,104.52,101.44,103.8,534900
2016-07-29,103.68,106.89,103.61,106.019997,573600
2016-08-01,106.019997,106.35,105.34,105.72,393200
2016-08-02,105.64,106.17,103.91,104.24,299300
2016-08-03,104.4,104.4,102.63,103.029999,255000
2016-08-04,103.56,103.57,102.23,102.76,280100
2016-08-05,102.91,103.21,102.54,103.2,290400
2016-08-08,103.32,103.67,102.78,103.28,369600
2016-08-09,103.37,103.47,102.6,103.2,247000
2016-08-10,103.26,103.67,102.61,103.0,302100
2016-08-11,103.17,104.22,100.56,101.42,554000
2016-08-12,101.35,102.95,101.029999,102.15,439500
2016-08-15,98.47,98.7,95.81,97.15,3730800
2016-08-16,96.75,97.25,93.84,94.010002,2966400
2016-08-17,94.47,95.33,92.87,95.019997,1603000
2016-08-18,95.050003,95.73,93.77,94.3,1566700
2016-08-19,94.92,95.92,93.51,94.56,921900
2016-08-22,94.58,95.15,93.28,94.36,800600
2016-08-23,94.59,95.17,94.23,94.36,700000
2016-08-24,94.36,94.36,92.69,93.15,735700
2016-08-25,93.26,95.11,93.0,94.38,962500
2016-08-26,94.42,95.28,93.050003,93.77,1181500
2016-08-29,94.23,95.32,94.07,94.41,717800
2016-08-30,94.41,94.41,92.9,93.88,492500
2016-08-31,93.69,94.38,93.27,93.99,953200
2016-09-01,93.99,95.45,93.58,95.0,621000
2016-09-02,95.35,96.95,95.25,95.83,735600
2016-09-06,95.77,96.059998,95.19,95.98,751200
2016-09-07,95.98,95.98,94.9,95.5,743600
2016-09-08,95.54,95.6,94.5,94.99,641500
2016-09-09,94.059998,94.39,92.39,92.51,806700
2016-09-12,92.23,94.53,92.089996,94.07,716600
2016-09-13,92.95,93.44,91.77,91.96,804100
2016-09-14,92.42,93.040001,91.85,92.97,544600
2016-09-15,92.83,93.17,92.14,92.74,581100
2016-09-16,92.38,92.82,91.89,92.62,727200
2016-09-19,92.78,94.43,92.61,94.27,773900
2016-09-20,94.9,95.42,94.3,94.46,578900
2016-09-21,94.66,94.88,92.56,94.83,571200
2016-09-22,95.74,96.37,95.22,95.88,667200
2016-09-23,95.55,96.82,94.28,96.18,853400
2016-09-26,95.99,97.94,95.99,97.38,725500
2016-09-27,97.62,97.62,95.8,95.95,782800
2016-09-28,96.17,97.76,95.64,97.64,704000
2016-09-29,97.32,97.89,96.14,96.15,797600
2016-09-30,96.59,96.9,93.94,93.99,800500
2016-10-03,93.77,93.77,91.28,92.029999,805300
2016-10-04,91.93,91.93,89.84,90.54,687000
2016-10-05,90.9,91.13,87.019997,87.69,910200
2016-10-06,87.25,87.93,85.83,86.74,793100
2016-10-07,87.040001,88.13,85.040001,86.010002,1247500
2016-10-10,86.16,87.46,86.16,87.080002,454200
2016-10-11,86.9,87.080002,85.85,85.94,749300
2016-10-12,85.47,87.089996,85.34,87.010002,451200
2016-10-13,87.010002,89.69,86.99,88.89,1128200
2016-10-14,89.019997,89.43,87.99,89.0,745400
2016-10-17,89.86,90.91,89.099998,90.55,1050300
2016-10-18,91.27,92.050003,90.57,91.91,707700
2016-10-19,91.62,92.0,91.010002,91.32,615000
2016-10-20,92.54,93.42,91.54,92.019997,748200
2016-10-21,91.52,92.41,91.089996,92.26,418600
2016-10-24,93.59,93.59,92.029999,92.61,394000
2016-10-25,92.13,93.11,91.73,92.8,297500
2016-10-26,92.47,92.85,91.24,92.56,481700
2016-10-27,92.47,92.47,89.47,89.98,728500
2016-10-28,90.75,92.029999,89.07,90.35,1328200
2016-10-31,90.42,93.0,90.42,92.75,953100
2016-11-01,92.52,93.040001,91.34,92.22,618100
2016-11-02,92.31,93.71,92.27,92.57,844400
2016-11-03,92.65,94.13,92.010002,93.68,644700
2016-11-04,93.68,94.6,93.0,94.15,748000
2016-11-07,95.22,95.4,93.5,93.94,1120400
2016-11-08,93.91,95.71,93.51,95.23,621400
2016-11-09,94.73,94.94,92.66,93.75,909800
2016-11-10,93.39,94.24,89.85,91.56,901400
2016-11-11,91.6,93.49,91.6,91.73,696900
2016-11-14,91.2,93.050003,89.67,92.7,703100
2016-11-15,92.88,93.43,89.59,90.0,639300
2016-11-16,89.94,91.16,89.4,90.93,559800
2016-11-17,90.45,91.28,89.41,89.69,389000
2016-11-18,89.66,90.31,88.54,89.050003,401500
2016-11-21,89.22,89.97,88.75,89.0,505600
2016-11-22,89.32,90.97,89.25,90.88,704500
2016-11-23,90.15,91.11,89.58,90.85,606400
2016-11-25,90.78,92.089996,90.4,91.52,305800
2016-11-28,91.65,93.16,91.65,92.26,941800
2016-11-29,92.26,95.4,91.96,93.81,1501300
2016-11-30,93.87,94.6,90.75,91.63,6673300
2016-12-01,91.41,91.65,87.72,88.9,24658200
2016-12-02,90.94,91.3,88.49,89.33,2293000
2016-12-05,89.3,89.44,87.59,88.87,1781800
2016-12-06,88.81,89.8,87.96,88.49,1712600
2016-12-07,88.81,89.35,88.11,89.0,1585200
2016-12-08,88.83,92.67,88.65,92.13,1272000
2016-12-09,92.4,94.040001,91.94,93.23,1370500
2016-12-12,92.62,94.89,92.24,94.76,1243400
2016-12-13,95.26,96.31,94.72,95.63,1432200
2016-12-14,95.72,95.72,94.35,94.7,1687300
2016-12-15,94.19,96.85,93.88,95.46,1542300
2016-12-16,96.39,97.95,96.019997,96.71,4634200
2016-12-19,97.5,97.74,96.29,96.89,1196600
2016-12-20,96.84,97.44,96.32,97.43,922800
2016-12-21,97.16,97.94,94.22,94.33,1374400
2016-12-22,94.5,95.59,94.080002,95.39,831400
2016-12-23,95.7,96.41,94.88,95.53,670000
2016-12-27,95.68,96.86,95.41,96.33,596100
2016-12-28,96.55,96.85,95.36,95.89,600500
2016-12-29,96.0,97.080002,95.37,96.59,513500
2016-12-30,96.77,98.35,96.099998,97.92,847500
2017-01-03,98.29,98.6,96.16,97.32,1006100
2017-01-04,97.7,98.67,97.3,98.21,890100
2017-01-05,98.11,98.65,96.67,98.080002,897900
2017-01-06,98.16,98.49,97.43,98.0,933800
2017-01-09,97.95,98.0,96.52,97.4,991100
2017-01-10,97.11,98.029999,96.6,97.5,743500
2017-01-11,96.3,96.98,94.77,94.98,907900
2017-01-12,94.73,96.21,94.4,96.11,670200
2017-01-13,95.95,96.080002,94.87,95.12,404700
2017-01-17,95.17,96.77,95.17,96.71,843700
2017-01-18,96.88,97.23,96.059998,96.32,638100
2017-01-19,96.17,96.54,94.64,95.26,508700
2017-01-20,95.35,95.97,94.2,95.87,495700
2017-01-23,96.18,96.69,95.65,95.94,403300
2017-01-24,95.93,96.75,95.46,96.65,1032800
2017-01-25,96.82,96.9,95.65,96.68,1029000
2017-01-26,96.64,97.37,96.17,96.81,698100
2017-01-27,97.24,97.48,95.42,95.73,502700
2017-01-30,95.52,96.6,94.43,94.8,619600
2017-01-31,94.9,96.4,94.64,94.95,1000600
2017-02-01,94.97,95.25,93.29,93.78,824700
2017-02-02,93.59,97.8,92.5,97.66,1624200
2017-02-03,98.19,98.77,97.27,97.98,1054400
2017-02-06,97.8,98.080002,96.69,97.82,680400
2017-02-07,97.64,98.19,97.11,97.37,661900
2017-02-08,97.47,99.0,97.22,97.73,616500
2017-02-09,97.58,98.19,97.43,97.9,545900
2017-02-10,97.58,98.59,97.3,98.51,393000
2017-02-13,98.56,98.83,97.55,98.41,531200
2017-02-14,98.46,98.93,97.44,98.79,747600
2017-02-15,97.89,98.62,97.41,98.21,572300
2017-02-16,98.33,99.9,98.24,99.47,544400
2017-02-17,99.8,100.22,99.14,99.62,1069600
2017-02-21,99.26,100.73,99.019997,100.55,579100
2017-02-22,100.71,100.97,99.65,100.35,668000
2017-02-23,100.72,101.78,100.019997,101.56,542800
2017-02-24,102.0,102.089996,100.68,102.050003,698000
2017-02-27,102.32,103.050003,101.78,102.71,612400
2017-02-28,102.78,102.97,102.18,102.73,666000
2017-03-01,103.0,103.64,102.18,102.57,864500
2017-03-02,102.64,103.029999,101.2,101.38,1268700
2017-03-03,101.22,101.32,100.34,101.089996,950200
2017-03-06,100.7,101.15,100.13,100.74,545300
2017-03-07,100.75,100.83,99.63,100.78,537200
2017-03-08,100.49,100.71,99.61,99.96,653400
2017-03-09,100.080002,100.8,98.11,98.13,790500
2017-03-10,98.13,99.66,96.27,97.15,1067800
2017-03-13,97.38,97.95,96.71,97.76,1116200
2017-03-14,98.75,99.92,98.13,98.89,1073600
2017-03-15,98.87,101.54,98.019997,101.13,993400
2017-03-16,101.0,102.17,100.62,101.22,921600
2017-03-17,101.32,102.74,100.72,101.78,2075900
2017-03-20,101.91,101.93,100.89,101.16,385900
2017-03-21,101.58,102.21,100.86,101.15,764000
2017-03-22,101.68,101.68,100.46,101.27,628700
2017-03-23,101.27,102.47,101.099998,101.91,659900
2017-03-24,102.2,102.81,101.81,101.91,350800
2017-03-27,101.82,102.75,100.61,101.16,640500
2017-03-28,101.089996,101.39,99.75,101.019997,599100
2017-03-29,100.98,102.040001,100.62,102.029999,732800
2017-03-30,101.82,102.010002,100.8,101.78,609400
2017-03-31,101.54,102.59,101.22,101.74,534700
2017-04-03,101.7,102.029999,101.13,101.77,489900
2017-04-04,101.75,103.55,101.57,102.55,638900
2017-04-05,102.32,102.89,101.77,102.73,505900
2017-04-06,102.61,103.099998,101.97,102.79,380000
2017-04-07,102.9,103.37,101.9,101.93,535900
2017-04-10,101.86,102.81,101.4,102.74,564200
2017-04-11,102.089996,103.080002,101.74,102.85,872000
2017-04-12,102.69,103.49,101.63,101.83,1128300
2017-04-13,101.81,102.050003,100.8,101.089996,727800
2017-04-17,101.38,101.73,101.21,101.72,1130400
2017-04-18,101.67,102.39,101.54,101.9,746700
2017-04-19,101.93,102.050003,101.07,101.39,541500
2017-04-20,101.62,101.69,101.019997,101.56,511300
2017-04-21,101.49,101.82,101.089996,101.27,450100
2017-04-24,101.93,102.65,99.8,101.33,586300
2017-04-25,101.42,101.63,100.91,101.47,670600
2017-04-26,101.54,101.91,100.65,101.0,960000
2017-04-27,101.0,101.0,96.2,98.0,1624600
2017-04-28,97.29,99.25,97.29,99.21,1085700
2017-05-01,99.59,100.010002,98.68,99.61,650700
2017-05-02,99.59,100.31,99.2,99.57,559100
2017-05-03,99.43,99.76,98.14,98.44,391700
2017-05-04,98.33,99.099998,97.49,99.019997,592300
2017-05-05,99.12,100.080002,98.84,100.050003,540400
2017-05-08,100.19,100.22,98.95,99.41,427200
2017-05-09,99.25,99.29,98.59,98.76,425900
2017-05-10,98.57,99.23,98.25,98.7,469300
2017-05-11,98.38,99.34,97.69,98.79,487900
2017-05-12,98.83,99.059998,98.040001,98.34,576200
2017-05-15,98.39,99.4,98.2,99.15,461700
2017-05-16,98.93,99.48,98.16,98.7,550700
2017-05-17,98.51,100.55,98.51,99.33,569600
2017-05-18,99.64,100.4,99.010002,99.89,633600
2017-05-19,100.11,100.43,98.96,100.0,642200
2017-05-22,100.029999,100.85,99.66,100.059998,438400
2017-05-23,100.28,100.8,99.76,100.11,336200
2017-05-24,100.36,100.78,99.97,100.53,309300
2017-05-25,100.84,101.33,99.75,100.79,286700
2017-05-26,101.0,101.94,100.69,101.13,544500
2017-05-30,101.0,101.48,100.84,101.050003,394900
2017-05-31,101.080002,102.19,101.080002,101.94,1012500
2017-06-01,101.82,102.25,101.12,102.2,904400
2017-06-02,102.78,104.71,101.77,104.29,900100
2017-06-05,104.14,105.97,103.76,105.57,745400
2017-06-06,105.65,105.78,104.6,105.019997,576000
2017-06-07,105.3,106.84,105.059998,106.79,999700
2017-06-08,106.79,107.63,105.96,107.37,750300
2017-06-09,107.29,107.94,106.76,107.2,859200
2017-06-12,107.040001,107.9,106.83,107.4,754000
2017-06-13,107.32,108.16,107.21,108.16,674900
2017-06-14,108.58,109.36,108.52,108.88,844800
2017-06-15,108.72,110.95,108.72,110.0,1082600
2017-06-16,110.099998,110.13,109.21,110.040001,902000
2017-06-19,110.0,110.79,109.68,110.32,357000
2017-06-20,110.27,110.69,108.62,109.87,618400
2017-06-21,109.86,110.23,109.2,110.19,584100
2017-06-22,110.099998,110.099998,108.97,109.3,585800
2017-06-23,109.3,110.39,108.93,109.18,1314100
2017-06-26,109.22,109.84,108.46,108.6,561600
2017-06-27,108.38,108.64,106.64,106.72,1055900
2017-06-28,106.83,107.13,106.07,106.25,662600
2017-06-29,105.36,106.21,105.040001,105.6,446500
2017-06-30,105.44,106.089996,104.72,105.38,683300
2017-07-03,105.88,106.13,105.23,105.9,348400
2017-07-05,105.91,106.22,104.59,105.32,752700
2017-07-06,104.2,104.98,101.54,101.55,937600
2017-07-07,101.66,102.83,101.29,102.37,682100
2017-07-10,102.37,102.37,100.54,100.63,682900
2017-07-11,100.73,100.74,99.28,99.59,857700
2017-07-12,99.64,100.27,99.3,99.83,935300
2017-07-13,99.96,100.059998,99.16,99.74,570800
2017-07-14,100.059998,100.83,99.94,100.41,571400
2017-07-17,100.46,101.57,100.16,101.24,666200
2017-07-18,101.24,101.56,100.56,100.92,869000
2017-07-19,101.0,101.56,100.87,101.3,783300
2017-07-20,101.61,102.13,100.94,101.010002,693600
2017-07-21,100.97,101.41,100.54,101.19,901700
2017-07-24,101.49,102.35,101.019997,102.11,804800
2017-07-25,102.27,102.27,100.59,101.41,588300
2017-07-26,101.4,102.38,101.13,102.24,416100
2017-07-27,101.23,103.47,99.059998,102.9,968700
2017-07-28,103.0,104.64,102.91,103.71,699300
2017-07-31,103.75,103.89,103.080002,103.53,837500
2017-08-01,103.8,104.36,103.36,103.88,460100
2017-08-02,103.61,104.010002,103.19,103.85,469100
2017-08-03,103.86,104.56,102.91,103.94,409600
2017-08-04,103.94,104.65,103.62,103.76,399000
2017-08-07,103.83,104.23,103.24,104.019997,374200
2017-08-08,103.92,104.4,103.66,104.36,485800
2017-08-09,104.36,105.27,104.15,105.089996,546200
2017-08-10,104.89,105.28,104.44,104.48,396000
2017-08-11,104.8,104.8,103.81,104.019997,392700
2017-08-14,104.47,106.35,104.13,106.2,502400
2017-08-15,106.07,107.19,105.050003,107.099998,677100
2017-08-16,107.41,107.79,106.5,106.69,591300
2017-08-17,106.55,107.12,106.23,106.52,472100
2017-08-18,106.15,106.15,105.26,105.77,507600
2017-08-21,105.85,107.75,105.55,107.45,501100
2017-08-22,107.45,107.75,106.23,106.89,411800
2017-08-23,106.77,107.95,106.77,107.62,311300
2017-08-24,107.75,108.27,107.37,107.47,563500
2017-08-25,107.56,108.12,106.92,107.089996,374700
2017-08-28,107.089996,107.19,105.3,106.33,529100
2017-08-29,106.24,107.099998,105.49,105.78,453100
2017-08-30,105.65,106.62,105.11,106.62,327500
2017-08-31,106.79,107.24,106.29,106.46,501000
2017-09-01,106.63,107.2,106.2,106.22,311000
2017-09-05,106.19,106.88,105.5,106.49,542900
2017-09-06,106.69,106.87,106.089996,106.37,514200
2017-09-07,106.52,107.47,106.45,107.029999,558700
2017-09-08,107.3,108.44,106.91,107.94,845600
2017-09-11,108.17,109.25,107.81,109.11,575400
2017-09-12,108.86,108.88,106.56,107.059998,508000
2017-09-13,106.9,106.93,105.89,106.25,452300
2017-09-14,106.040001,107.23,105.37,107.010002,406000
2017-09-15,107.2,108.22,106.77,108.22,1412300
2017-09-18,108.28,108.66,107.82,108.26,753500
2017-09-19,108.28,108.42,107.029999,107.7,962300
2017-09-20,107.62,108.029999,106.82,107.3,730300
2017-09-21,107.21,107.81,107.12,107.27,690500
2017-09-22,107.4,107.73,106.83,107.16,760100
2017-09-25,107.26,107.58,106.84,106.91,446400
2017-09-26,106.85,107.5,106.77,107.11,513700
2017-09-27,106.7,107.059998,105.92,106.050003,455100
2017-09-28,105.95,106.33,105.49,105.99,419500
2017-09-29,105.75,106.88,105.63,106.88,537800
2017-10-02,107.089996,107.4,106.62,107.2,647200
2017-10-03,107.27,107.48,106.43,107.18,541500
2017-10-04,107.16,107.99,106.84,107.88,422500
2017-10-05,108.18,109.059998,107.89,108.26,516900
2017-10-06,107.85,108.17,106.81,107.93,356800
2017-10-09,107.82,108.66,107.82,108.34,525600
2017-10-10,108.66,109.3,107.77,108.52,899400
2017-10-11,108.5,109.19,108.4,108.8,505600
2017-10-12,108.0,108.67,107.51,108.66,566300
2017-10-13,109.7,110.24,108.61,108.78,513900
2017-10-16,108.84,109.050003,107.3,107.55,669600
2017-10-17,107.35,107.74,106.9,107.16,703200
2017-10-18,107.050003,107.23,105.71,105.82,818400
2017-10-19,105.48,106.15,105.029999,105.089996,738100
2017-10-20,105.12,105.36,104.45,104.81,749900
2017-10-23,105.22,105.22,103.94,104.41,759200
2017-10-24,104.3,104.52,103.099998,104.16,684800
2017-10-25,104.010002,104.84,103.69,104.22,596300
2017-10-26,102.75,102.75,99.61,99.72,1698300
2017-10-27,99.5,100.58,98.73,100.55,947500
2017-10-30,100.81,102.26,100.66,101.99,950700
2017-10-31,101.93,102.44,101.54,102.35,709900
2017-11-01,102.73,103.39,102.050003,103.11,563800
2017-11-02,103.089996,103.88,101.98,102.17,587900
2017-11-03,101.77,103.97,101.53,103.39,461700
2017-11-06,103.58,105.29,103.53,104.28,452300
2017-11-07,104.25,105.75,104.010002,105.029999,482200
2017-11-08,105.2,105.91,105.2,105.61,389400
2017-11-09,105.51,106.21,104.93,105.61,341400
2017-11-10,105.099998,106.059998,105.099998,105.47,377500
2017-11-13,105.74,106.77,105.14,106.029999,583000
2017-11-14,105.99,105.99,103.91,103.94,1180000
2017-11-15,104.019997,104.22,102.18,102.2,973500
2017-11-16,102.39,103.57,101.88,103.14,635200
2017-11-17,102.8,103.23,101.65,102.36,948700
2017-11-20,102.67,103.17,102.050003,102.78,709900
2017-11-21,102.76,104.66,102.76,104.59,736700
2017-11-22,104.29,104.8,103.63,104.12,430900
2017-11-24,104.51,104.75,104.099998,104.16,207800
2017-11-27,103.6,104.089996,103.27,103.29,534000
2017-11-28,103.24,103.58,102.49,102.87,524000
2017-11-29,101.5,102.55,100.7,102.25,754200
2017-11-30,102.31,103.0,102.029999,102.44,1160500
2017-12-01,102.8,103.4,101.9,102.84,722300
2017-12-04,102.8,103.46,101.85,102.52,624300
2017-12-05,102.32,102.75,101.33,101.41,627900
2017-12-06,101.73,102.68,101.35,102.33,472500
2017-12-07,102.089996,102.75,101.84,102.27,527600
2017-12-08,102.19,103.14,101.88,103.13,493900
2017-12-11,102.94,103.28,102.099998,102.88,442300
2017-12-12,103.15,104.07,101.83,103.88,967400
2017-12-13,103.9,104.22,102.35,102.57,833100
2017-12-14,102.080002,102.52,101.43,102.45,663000
2017-12-15,103.040001,103.74,102.81,103.099998,1155700
2017-12-18,103.17,103.77,102.82,102.95,520200
2017-12-19,102.77,103.010002,99.010002,99.5,573500
2017-12-20,99.43,100.76,98.87,99.48,1056700
2017-12-21,99.69,100.18,98.54,98.77,438900
2017-12-22,98.8,100.040001,98.75,99.75,636800
2017-12-26,100.010002,100.37,99.61,100.15,296200
2017-12-27,100.3,100.56,99.65,100.07,287400
2017-12-28,100.099998,100.7,99.8,100.56,382200
2017-12-29,100.86,101.07,100.089996,100.56,462300
2018-01-02,100.6,100.6,99.48,99.6,901600
2018-01-03,99.37,100.17,98.31,99.49,939900
2018-01-04,99.11,99.45,96.51,96.58,735500
2018-01-05,96.58,96.99,95.64,96.15,960100
2018-01-08,96.16,96.97,96.07,96.48,556600
2018-01-09,96.39,96.87,94.84,95.010002,643500
2018-01-10,94.5,94.69,93.39,93.91,700000
2018-01-11,93.38,93.83,91.98,92.07,605300
2018-01-12,92.0,92.29,90.88,91.32,856700
2018-01-16,91.63,93.64,91.63,92.2,885500
2018-01-17,92.74,93.21,92.080002,92.87,878200
2018-01-18,92.47,92.61,91.13,91.54,672900
2018-01-19,92.43,93.35,91.82,92.52,711600
2018-01-22,92.5,93.25,92.23,93.25,563800
2018-01-23,93.4,95.080002,93.089996,95.0,697300
2018-01-24,94.85,95.18,94.29,94.61,781800
2018-01-25,94.62,94.62,93.8,94.5,580700
2018-01-26,94.77,94.82,93.34,94.51,555200
2018-01-29,94.23,94.37,93.07,93.25,580800
2018-01-30,93.0,93.69,92.78,92.96,705800
2018-01-31,92.82,95.4,92.59,95.37,1157500
2018-02-01,94.5,95.0,91.11,91.75,1467200
2018-02-02,90.96,92.13,90.050003,91.69,875100
2018-02-05,91.73,93.49,88.9,88.9,1021800
2018-02-06,87.89,89.91,86.95,89.19,1072800
2018-02-07,88.8,90.2,87.85,87.93,845600
2018-02-08,87.54,89.47,85.3,85.39,982700
2018-02-09,85.75,88.52,85.75,87.75,1500900
2018-02-12,88.32,88.72,85.64,87.74,1059800
2018-02-13,87.83,88.34,87.19,87.99,769900
2018-02-14,87.22,87.91,86.22,87.85,751800
2018-02-15,88.089996,89.15,87.63,88.98,645200
2018-02-16,88.95,89.88,88.33,88.75,1765600
2018-02-20,88.27,89.72,87.029999,88.25,830500
2018-02-21,88.059998,88.53,85.48,85.51,875000
2018-02-22,85.71,86.75,85.31,85.91,846800
2018-02-23,86.44,88.11,85.96,88.050003,513100
2018-02-26,88.34,88.47,87.28,87.77,610800
2018-02-27,87.87,88.26,85.57,85.59,699400
2018-02-28,86.080002,87.48,85.81,85.82,1053200
2018-03-01,85.51,87.050003,85.27,85.91,968100
2018-03-02,85.42,86.089996,85.16,85.68,836200
2018-03-05,85.58,87.44,85.43,86.75,913300
2018-03-06,86.68,86.86,85.81,86.22,867900
2018-03-07,86.029999,87.3,86.0,86.7,1502900
2018-03-08,86.92,87.48,86.48,87.029999,1072900
2018-03-09,87.31,89.37,86.66,89.36,1060600
2018-03-12,89.16,89.76,88.78,89.34,680600
2018-03-13,89.83,90.39,89.21,89.47,616700
2018-03-14,89.65,90.5,88.91,90.38,855600
2018-03-15,90.56,91.35,90.28,90.85,889400
2018-03-16,91.13,92.050003,90.82,91.9,1075900
2018-03-19,91.7,91.7,90.26,91.029999,633000
2018-03-20,91.11,91.77,89.45,89.85,745900
2018-03-21,89.89,90.58,89.019997,89.47,524900
2018-03-22,89.11,90.56,88.13,88.16,742600
2018-03-23,88.13,88.34,86.61,86.83,803200
2018-03-26,87.54,88.019997,87.13,87.85,600700
2018-03-27,87.81,89.44,86.96,88.2,774100
2018-03-28,88.67,91.14,88.64,90.94,716500
2018-03-29,91.32,91.54,90.49,91.24,990700
2018-04-02,91.34,91.34,89.72,90.28,834100
2018-04-03,90.59,92.23,90.040001,91.64,872600
2018-04-04,91.080002,92.74,91.080002,92.5,691300
2018-04-05,92.63,92.63,91.6,92.44,337200
2018-04-06,92.6,93.080002,91.78,91.98,732300
2018-04-09,92.059998,92.6,91.4,91.89,833900
2018-04-10,92.31,92.69,91.79,92.18,564300
2018-04-11,91.99,93.11,91.72,92.27,671200
2018-04-12,91.77,91.77,89.96,90.43,745400
2018-04-13,90.57,91.63,90.44,91.5,836300
2018-04-16,91.7,92.34,91.010002,91.69,708900
2018-04-17,91.94,93.16,91.6,92.65,841800
2018-04-18,92.81,92.85,91.91,92.0,531900
2018-04-19,91.74,92.15,89.85,90.34,579700
2018-04-20,90.36,90.76,89.47,89.61,453000
2018-04-23,89.94,90.71,89.36,89.82,518900
2018-04-24,89.92,90.4,89.26,89.87,567000
2018-04-25,89.58,90.19,88.73,89.72,400400
2018-04-26,89.99,91.27,89.55,90.69,504600
2018-04-27,90.57,92.5,90.19,91.91,629800
2018-04-30,92.11,92.5,91.38,91.46,515800
2018-05-01,91.57,92.77,90.77,92.52,645200
2018-05-02,92.21,92.92,91.2,92.019997,916000
2018-05-03,90.33,92.69,89.82,91.77,870900
2018-05-04,91.54,92.59,91.2,92.34,665200
2018-05-07,92.72,93.14,92.36,93.050003,413900
2018-05-08,92.9,92.9,91.69,92.029999,702200
2018-05-09,92.19,92.78,91.99,92.5,376500
2018-05-10,93.15,93.52,92.52,93.010002,467400
2018-05-11,93.34,93.82,91.89,91.98,544200
2018-05-14,91.88,92.3,90.71,91.53,502700
2018-05-15,90.88,90.94,88.79,89.23,553500
2018-05-16,89.25,89.43,88.51,88.9,549500
2018-05-17,88.95,89.26,87.94,88.24,419500
2018-05-18,88.22,88.47,87.47,87.93,516800
2018-05-21,88.2,88.88,87.51,88.59,313600
2018-05-22,88.98,90.059998,88.47,89.83,892800
2018-05-23,90.050003,92.24,90.050003,91.65,910400
2018-05-24,91.5,91.7,90.15,90.88,585400
2018-05-25,91.07,92.2,91.07,91.54,534700
2018-05-29,91.26,91.8,90.53,91.74,627800
2018-05-30,91.65,94.080002,91.38,93.99,607300
2018-05-31,93.22,93.76,92.51,93.56,724400
2018-06-01,93.72,94.78,91.91,94.55,750200
2018-06-04,94.87,95.82,94.22,95.55,720700
2018-06-05,95.78,95.87,94.95,95.29,784600
2018-06-06,94.94,95.42,94.31,95.31,507400
2018-06-07,95.31,95.77,94.81,95.35,525900
2018-06-08,95.47,96.59,95.38,96.29,555000
2018-06-11,96.2,96.6,95.78,96.3,626000
2018-06-12,96.29,97.47,95.63,97.089996,671400
2018-06-13,97.3,97.58,95.22,96.0,714100
2018-06-14,96.24,97.93,96.19,96.87,825800
2018-06-15,96.99,97.56,96.34,96.5,850100
2018-06-18,96.35,96.59,95.42,96.019997,604100
2018-06-19,95.41,97.12,95.41,96.29,782400
2018-06-20,96.14,98.010002,95.73,97.88,1047000
2018-06-21,98.0,98.97,97.34,98.83,902500
2018-06-22,98.9,99.82,98.15,99.58,846200
2018-06-25,99.65,100.24,99.18,99.78,668900
2018-06-26,99.83,100.9,99.32,100.050003,1467900
2018-06-27,100.55,101.35,99.61,99.89,1288100
2018-06-28,99.98,101.46,99.98,101.25,757200
2018-06-29,100.91,101.73,99.46,100.67,1019200
2018-07-02,100.56,100.98,98.69,99.42,862600
2018-07-03,99.4,100.36,98.87,99.44,541900
2018-07-05,99.64,99.75,98.93,99.65,666600
2018-07-06,99.97,100.53,99.67,100.26,653000
2018-07-09,100.28,100.28,98.63,99.050003,845600
2018-07-10,99.050003,100.080002,98.58,99.81,730700
2018-07-11,99.73,100.43,99.29,100.19,580100
2018-07-12,99.34,99.84,98.55,99.68,318400
2018-07-13,99.83,100.11,99.099998,99.45,325500
2018-07-16,99.16,99.46,98.4,99.14,430600
2018-07-17,99.35,99.41,98.080002,98.45,496200
2018-07-18,98.39,98.85,97.7,98.42,353600
2018-07-19,98.16,100.17,98.16,99.52,338700
2018-07-20,99.24,99.35,97.48,97.9,531900
2018-07-23,97.86,98.010002,97.050003,97.89,394200
2018-07-24,97.86,97.9,96.95,97.6,466400
2018-07-25,97.87,99.17,97.79,98.52,461600
2018-07-26,98.96,99.37,98.49,99.11,281400
2018-07-27,99.37,99.47,98.11,98.66,304600
2018-07-30,98.66,99.010002,98.040001,98.65,238100
2018-07-31,99.059998,101.39,97.83,100.78,459600
2018-08-01,99.99,101.28,99.32,101.12,502000
2018-08-02,99.79,100.31,98.3,99.91,864700
2018-08-03,99.79,102.11,99.14,101.85,510100
2018-08-06,101.81,102.46,101.16,101.33,380000
2018-08-07,101.24,101.24,100.24,101.029999,661500
2018-08-08,101.24,101.41,100.27,100.48,353000
2018-08-09,100.58,101.28,100.42,101.21,311300
2018-08-10,101.0,101.48,99.79,99.85,289300
2018-08-13,99.75,100.91,99.71,100.72,461800
2018-08-14,100.66,101.74,100.47,101.15,294900
2018-08-15,100.85,101.89,100.59,101.69,307500
2018-08-16,101.9,102.49,101.4,102.44,362300
2018-08-17,102.46,103.15,102.25,103.089996,331900
2018-08-20,103.48,104.040001,103.010002,103.13,371100
2018-08-21,102.91,103.51,101.81,102.040001,340800
2018-08-22,101.86,102.36,101.55,102.089996,303400
2018-08-23,102.26,102.58,101.73,102.24,269000
2018-08-24,102.0,103.8,102.0,103.53,467400
2018-08-27,103.81,103.93,103.14,103.57,579400
2018-08-28,103.47,104.59,103.059998,104.49,467400
2018-08-29,104.73,104.77,103.87,104.010002,350400
2018-08-30,104.32,104.32,103.23,103.43,304600
2018-08-31,103.35,103.88,103.0,103.56,391000
2018-09-04,103.21,104.089996,102.4,103.010002,347900
2018-09-05,102.67,103.96,102.32,103.51,591900
2018-09-06,103.82,104.51,103.58,103.66,517400
2018-09-07,103.17,103.26,102.38,102.75,530000
2018-09-10,103.17,104.66,103.17,104.010002,475300
2018-09-11,103.67,104.98,103.28,104.029999,482200
2018-09-12,104.059998,104.18,103.46,103.72,335400
2018-09-13,104.32,104.35,103.58,103.75,598100
2018-09-14,103.46,103.49,101.6,102.28,913500
2018-09-17,102.3,103.48,101.86,103.12,934400
2018-09-18,103.12,103.2,102.41,103.0,457600
2018-09-19,103.14,103.23,101.47,101.79,461000
2018-09-20,101.86,102.54,101.31,102.49,533300
2018-09-21,102.39,103.97,101.75,103.050003,1001600
2018-09-24,102.81,102.81,100.33,100.63,697600
2018-09-25,100.6,101.33,100.16,100.94,525800
2018-09-26,100.99,101.61,99.5,99.59,528600
2018-09-27,99.49,100.3,98.88,98.91,893800
2018-09-28,99.07,100.21,99.07,100.18,964000
2018-10-01,100.23,100.31,99.34,99.56,511800
2018-10-02,99.7,100.34,99.31,99.83,471200
2018-10-03,99.82,100.11,97.77,98.64,463700
2018-10-04,98.13,98.54,96.97,98.040001,520800
2018-10-05,98.23,99.019997,98.089996,98.24,565500
2018-10-08,98.44,100.39,98.44,99.85,596100
2018-10-09,99.86,100.13,98.92,99.99,753800
2018-10-10,99.68,100.36,98.32,98.47,705300
2018-10-11,98.76,98.83,95.58,95.79,1163800
2018-10-12,95.69,96.18,94.019997,94.61,707500
2018-10-15,94.47,97.37,94.27,96.32,780500
2018-10-16,96.58,98.55,95.82,98.24,717300
2018-10-17,97.95,98.62,97.099998,98.11,465200
2018-10-18,98.099998,98.79,97.91,98.24,463600
2018-10-19,98.13,99.77,98.13,99.41,441600
2018-10-22,99.5,99.74,96.98,97.0,551900
2018-10-23,96.42,98.089996,95.97,97.53,454600
2018-10-24,97.73,100.14,97.61,99.089996,616100
2018-10-25,99.059998,100.71,97.95,100.029999,760800
2018-10-26,100.0,100.0,97.3,97.87,693500
2018-10-29,98.61,99.99,98.42,99.6,460000
2018-10-30,100.010002,101.099998,99.57,100.0,600600
2018-10-31,99.86,99.86,97.3,97.71,864100
2018-11-01,99.13,99.13,96.59,98.19,940200
2018-11-02,98.050003,98.32,95.81,96.46,792200
2018-11-05,96.56,97.74,96.54,97.36,735500
2018-11-06,97.71,98.54,97.22,97.85,780900
2018-11-07,98.48,98.78,97.64,98.39,947900
2018-11-08,98.14,100.0,97.65,99.89,544800
2018-11-09,99.9,100.61,99.68,100.52,443500
2018-11-12,100.65,101.86,100.61,100.98,533900
2018-11-13,101.14,101.8,100.31,101.56,686700
2018-11-14,101.69,101.81,100.21,100.34,462600
2018-11-15,99.73,99.96,97.99,99.0,472100
2018-11-16,98.97,101.13,98.72,101.029999,626400
2018-11-19,101.010002,101.81,100.32,101.45,427500
2018-11-20,101.43,101.94,100.26,100.93,481400
2018-11-21,100.82,102.11,100.19,101.099998,491000
2018-11-23,101.089996,101.51,100.19,100.79,140800
2018-11-26,101.32,101.46,100.31,101.45,555700
2018-11-27,101.41,102.19,101.040001,102.07,554300
2018-11-28,101.94,102.72,101.18,102.55,644300
2018-11-29,102.5,102.77,101.33,102.22,419700
2018-11-30,102.71,103.61,102.089996,103.56,749300
2018-12-03,103.49,103.88,102.75,103.39,655800
2018-12-04,103.32,103.52,100.86,101.0,1060100
2018-12-06,100.59,103.52,99.07,103.42,1000200
2018-12-07,103.21,103.77,101.55,101.84,870800
2018-12-10,102.19,102.35,100.24,101.88,535300
2018-12-11,102.43,103.14,101.88,101.93,799400
2018-12-12,102.5,102.74,99.84,99.9,654800
2018-12-13,99.99,102.12,99.99,101.47,538700
2018-12-14,100.97,101.83,100.34,101.41,803200
2018-12-17,101.56,102.080002,96.82,97.099998,781200
2018-12-18,97.58,98.91,97.33,98.29,467100
2018-12-19,98.45,99.57,97.52,98.040001,715800
2018-12-20,97.87,98.95,96.67,97.31,770900
2018-12-21,97.39,100.22,97.15,97.2,1311900
2018-12-24,97.26,97.26,92.23,92.23,328500
2018-12-26,92.4,95.26,91.21,95.26,564400
2018-12-27,94.42,95.48,92.4,95.48,610800
2018-12-28,96.2,96.73,94.050003,95.11,593600
2018-12-31,95.15,95.71,93.79,95.7,448400
2019-01-02,94.93,94.93,92.19,92.65,602100
2019-01-03,92.64,94.79,92.57,93.32,521500
2019-01-04,93.82,94.69,93.26,93.33,587300
2019-01-07,93.57,94.52,92.7,93.2,725600
2019-01-08,93.97,95.58,93.51,95.080002,868200
2019-01-09,95.47,95.47,94.07,94.99,573500
2019-01-10,94.6,96.91,94.5,96.57,442000
2019-01-11,96.34,97.3,96.099998,97.19,603800
2019-01-14,96.36,97.059998,95.8,96.52,557800
2019-01-15,96.8,98.23,96.77,97.97,747700
2019-01-16,97.84,99.68,97.52,99.38,625000
2019-01-17,99.33,100.13,99.28,100.0,454900
2019-01-18,100.15,100.47,99.099998,100.14,494400
2019-01-22,100.11,100.4,99.0,99.85,572700
2019-01-23,99.84,99.99,98.94,99.63,900500
2019-01-24,99.45,100.52,99.050003,99.97,331800
2019-01-25,100.19,101.34,100.040001,101.07,475800
2019-01-28,100.9,102.54,100.64,102.35,457800
2019-01-29,102.48,103.37,101.76,103.36,529700
2019-01-30,103.040001,104.52,102.86,104.13,535200
2019-01-31,102.95,103.5,100.35,101.28,1988200
2019-02-01,101.4,101.84,99.3,100.76,830400
2019-02-04,100.63,102.66,100.44,102.64,869800
2019-02-05,102.6,103.050003,101.46,102.7,846800
2019-02-06,102.62,102.88,102.0,102.68,571700
2019-02-07,102.41,103.66,101.99,103.49,864900
2019-02-08,103.22,104.010002,103.0,103.83,593400
2019-02-11,103.8,104.7,103.61,103.9,488300
2019-02-12,104.12,104.12,102.8,103.080002,715700
2019-02-13,102.88,104.07,102.54,104.040001,547500
2019-02-14,104.2,104.28,103.15,103.63,573700
2019-02-15,104.019997,104.24,103.42,104.18,505600
2019-02-19,104.15,104.34,103.53,104.0,535900
2019-02-20,103.89,103.89,101.59,103.21,753600
2019-02-21,102.76,104.42,102.24,104.28,473900
2019-02-22,104.36,105.0,104.080002,104.5,323700
2019-02-25,104.76,104.76,103.54,103.71,326900
2019-02-26,104.010002,104.14,103.25,104.0,567800
2019-02-27,103.52,103.84,102.36,103.2,336200
2019-02-28,103.17,105.010002,102.99,103.58,756800
2019-03-01,103.48,103.48,101.82,103.099998,543500
2019-03-04,103.55,104.43,102.87,104.080002,708300
2019-03-05,103.9,104.75,103.9,104.38,444300
2019-03-06,104.62,105.089996,104.3,104.47,443600
2019-03-07,104.74,106.040001,104.5,104.98,600300
2019-03-08,105.0,106.059998,104.84,105.42,641300
2019-03-11,105.84,106.8,105.77,106.79,640800
2019-03-12,107.040001,107.68,107.0,107.39,564100
2019-03-13,107.51,108.14,107.23,107.46,452600
2019-03-14,107.64,108.29,107.080002,108.25,462800
2019-03-15,108.26,108.45,107.46,107.67,818600
2019-03-18,107.87,108.14,105.82,106.59,397600
2019-03-19,106.32,106.66,105.67,106.18,437500
2019-03-20,106.22,107.099998,105.47,106.39,359300
2019-03-21,106.31,108.2,105.77,107.81,491900
2019-03-22,108.12,109.19,107.8,107.94,353900
2019-03-25,109.019997,109.019997,107.59,108.49,644300
2019-03-26,108.58,109.32,108.29,109.27,359100
2019-03-27,109.3,109.46,108.46,108.74,336400
2019-03-28,109.14,109.66,108.38,109.62,285300
2019-03-29,109.55,109.72,108.86,109.33,593600
2019-04-01,109.48,109.48,107.66,108.83,398200
2019-04-02,108.91,110.089996,108.12,109.94,340700
2019-04-03,110.029999,110.29,108.98,109.9,397200
2019-04-04,108.57,109.39,108.26,109.37,372000
2019-04-05,109.34,109.92,108.72,109.86,358500
2019-04-08,109.77,109.86,108.45,109.28,340500
2019-04-09,109.36,109.61,108.89,109.32,364100
2019-04-10,109.66,110.44,109.2,110.16,447600
2019-04-11,110.2,111.099998,109.8,110.64,388400
2019-04-12,109.84,110.19,108.73,110.16,414500
2019-04-15,110.27,110.6,109.48,109.93,422700
2019-04-16,109.91,110.0,106.3,106.58,371600
2019-04-17,106.71,106.8,104.52,104.92,662200
2019-04-18,105.0,106.74,104.92,106.56,452900
2019-04-22,106.14,106.38,103.55,105.17,453700
2019-04-23,105.58,107.010002,105.26,106.57,442400
2019-04-24,107.0,108.07,106.51,107.97,328600
2019-04-25,107.47,108.23,106.99,107.99,241400
2019-04-26,108.5,109.11,107.76,108.97,383200
2019-04-29,108.85,109.18,107.47,107.56,300300
2019-04-30,107.69,109.53,107.13,109.41,578600
2019-05-01,109.51,110.58,108.94,109.25,499400
2019-05-02,109.71,110.62,108.55,109.57,603800
2019-05-03,109.62,110.46,108.94,109.85,402400
2019-05-06,109.49,110.15,108.75,109.83,294300
2019-05-07,109.74,109.77,107.4,107.98,393500
2019-05-08,109.16,109.77,108.43,108.96,585500
2019-05-09,108.95,110.019997,108.37,109.65,675700
2019-05-10,109.74,111.23,109.17,111.029999,331900
2019-05-13,110.059998,111.65,110.059998,111.080002,612100
2019-05-14,111.24,112.040001,110.97,111.48,696400
2019-05-15,111.53,112.74,111.29,112.64,387200
2019-05-16,112.58,113.8,112.34,113.5,425600
2019-05-17,113.019997,115.15,112.56,115.050003,758300
2019-05-20,115.45,115.79,113.11,113.63,352000
2019-05-21,114.019997,114.78,113.83,114.010002,361300
2019-05-22,114.059998,114.8,113.63,114.45,377600
2019-05-23,114.27,114.98,114.0,114.97,365900
2019-05-24,115.22,115.69,114.66,114.82,328400
2019-05-28,115.27,115.9,113.27,113.27,632200
2019-05-29,113.42,113.6,111.97,112.47,559900
2019-05-30,112.61,113.72,112.3,113.34,372600
2019-05-31,113.26,114.97,112.85,114.18,400900
2019-06-03,114.38,114.92,113.69,114.68,397200
2019-06-04,114.52,114.65,112.43,113.67,500000
2019-06-05,114.35,117.029999,113.61,116.9,335700
2019-06-06,117.010002,117.7,116.34,117.54,303700
2019-06-07,117.89,118.69,117.33,117.33,335800
2019-06-10,117.24,117.29,115.87,117.11,220500
2019-06-11,117.28,117.43,115.89,117.07,401400
2019-06-12,117.19,118.080002,116.77,117.47,382800
2019-06-13,117.59,118.040001,117.33,118.040001,401100
2019-06-14,118.35,118.58,117.25,117.79,456300
2019-06-17,118.2,119.37,117.95,118.81,369300
2019-06-18,119.41,119.41,117.4,117.79,410300
2019-06-19,117.9,119.73,117.19,119.2,375800
2019-06-20,119.62,120.16,119.47,119.98,713500
2019-06-21,119.5,119.5,116.8,119.089996,1562000
2019-06-24,119.57,120.0,118.26,118.82,474300
2019-06-25,118.98,120.39,117.3,117.45,587700
2019-06-26,117.43,117.43,114.34,115.38,668600
2019-06-27,115.85,117.089996,115.85,116.32,476800
2019-06-28,116.07,118.7,116.07,117.76,837800
2019-07-01,118.52,118.98,116.4,118.53,685200
2019-07-02,118.91,121.35,118.71,120.55,735900
2019-07-03,120.9,122.27,120.73,121.57,249200
2019-07-05,120.77,121.56,119.080002,121.26,283400
2019-07-08,121.25,122.4,121.040001,122.14,377300
2019-07-09,121.68,122.7,121.39,122.48,364300
2019-07-10,122.88,123.88,121.85,123.56,524300
2019-07-11,123.68,123.74,121.31,121.96,630100
2019-07-12,121.3,121.48,120.43,120.7,410300
2019-07-15,120.93,121.95,120.36,120.95,439300
2019-07-16,120.95,121.19,119.92,121.07,361600
2019-07-17,121.2,121.73,119.82,120.84,347400
2019-07-18,120.66,121.73,119.67,121.44,292700
2019-07-19,121.51,121.93,118.96,119.050003,500400
2019-07-22,119.33,119.5,118.080002,118.4,509600
2019-07-23,118.66,119.39,117.98,119.15,743000
2019-07-24,119.59,119.59,118.2,118.69,800600
2019-07-25,118.43,119.010002,117.76,118.63,661000
2019-07-26,118.82,119.62,118.040001,118.74,711200
2019-07-29,119.21,120.4,118.71,119.18,518000
2019-07-30,119.18,120.45,118.5,119.22,394700
2019-07-31,119.17,119.83,117.76,117.84,840000
2019-08-01,118.23,121.68,117.080002,120.74,920900
2019-08-02,121.14,122.5,120.17,121.59,726700
2019-08-05,121.67,121.67,116.16,117.53,1183000
2019-08-06,117.94,120.79,117.69,120.52,817500
2019-08-07,120.33,122.76,118.9,121.55,721600
2019-08-08,121.62,123.37,120.35,123.080002,538500
2019-08-09,122.83,123.9,122.16,123.78,450200
2019-08-12,123.73,125.31,123.41,124.24,327100
2019-08-13,124.37,124.5,122.3,124.27,604100
2019-08-14,124.089996,124.6,122.44,122.64,809300
2019-08-15,122.91,124.39,122.66,123.53,645500
2019-08-16,124.25,125.25,122.66,124.21,644500
2019-08-19,124.62,126.86,123.91,126.33,570400
2019-08-20,126.81,127.029999,125.19,125.33,345800
2019-08-21,125.58,126.089996,124.64,125.79,267000
2019-08-22,125.97,127.040001,125.75,126.94,406500
2019-08-23,126.96,127.38,124.45,124.82,496900
2019-08-26,125.57,126.15,124.72,126.059998,361100
2019-08-27,126.54,126.81,125.12,125.15,536100
2019-08-28,125.42,126.58,125.080002,126.44,456800
2019-08-29,127.26,127.58,125.86,126.9,369300
2019-08-30,127.25,127.33,126.27,126.68,425700
2019-09-03,126.3,128.39999,126.3,127.88,477100
2019-09-04,128.64999,128.97,127.8,128.55,421400
2019-09-05,128.020004,128.48,127.010002,128.35001,352800
2019-09-06,128.66,129.28,128.35001,128.82001,378800
2019-09-09,128.81,129.53,128.11,128.48,535000
2019-09-10,127.89,127.94,125.14,127.94,456500
2019-09-11,127.46,128.55,126.35,128.55,511500
2019-09-12,129.58,130.28,127.87,128.66,412500
2019-09-13,128.28,129.14,126.55,126.96,437100
2019-09-16,127.2,128.37,127.019997,128.059998,923000
2019-09-17,128.66,129.69,128.57001,129.67,726500
2019-09-18,130.33,130.33,128.53999,129.67,404200
2019-09-19,130.020004,130.28,129.24001,129.82001,336200
2019-09-20,129.92999,129.92999,128.52,129.050003,855700
2019-09-23,128.64,130.14999,128.39,129.14,323500
2019-09-24,129.22,130.55,128.62,129.24001,549700
2019-09-25,129.24001,130.22,129.080002,129.89,351500
2019-09-26,130.39,130.82001,130.16,130.46001,557900
2019-09-27,130.85001,130.85001,129.48,130.33,401400
2019-09-30,130.050003,131.059998,129.96001,130.0099945,665700
2019-10-01,129.83,130.42,128.19,129.98,491000
2019-10-02,129.89999,130.62,129.56,130.53,462900
2019-10-03,130.39,132.53999,130.23,131.039993,666900
2019-10-04,131.12,132.46001,131.12,132.44,584100
2019-10-07,131.74001,133.28999,131.47,132.67999,355600
2019-10-08,132.77,133.75999,131.71001,132.64999,409600
2019-10-09,133.25,134.17,132.83,132.97,313500
2019-10-10,132.64,134.0,132.17,133.47,332900
2019-10-11,132.58,132.63,131.020004,131.78999,489400
2019-10-14,132.0,132.69,131.78999,132.62,283000
2019-10-15,132.69,133.22,131.8,133.19,481000
2019-10-16,132.95,133.46001,132.0099945,133.42,484800
2019-10-17,133.3,134.67,132.99001,134.080002,492000
2019-10-18,134.11,135.52,133.71001,135.14999,427000
2019-10-21,135.080002,136.94,134.89999,136.86,546800
2019-10-22,136.94,137.49001,136.28,136.38,635400
2019-10-23,136.39999,136.69,134.53,135.95,530100
2019-10-24,135.82001,136.99001,134.98,136.16,528600
2019-10-25,135.91,135.91,134.88,135.48,321300
2019-10-28,135.12,135.49001,134.41,134.95,298200
2019-10-29,135.11,135.92,134.92,135.42,315400
2019-10-30,135.50999,136.75999,135.2,136.75999,425800
2019-10-31,136.89,140.11,136.75,138.99001,755100
2019-11-01,139.42,140.14999,138.25,139.14999,579100
2019-11-04,138.75,139.19,138.17,139.14999,595900
2019-11-05,138.64999,138.72,134.21001,135.66,940100
2019-11-06,135.92999,137.33,135.92999,136.41,742200
2019-11-07,135.53,135.97,133.63,135.25999,618100
2019-11-08,135.16,135.74001,133.91,133.99001,484800
2019-11-11,133.36,134.37,132.71001,132.89999,626500
2019-11-12,133.039993,133.87,131.2,131.59,873500
2019-11-13,132.31,134.92999,132.13,134.64999,709600
2019-11-14,135.3,136.74001,134.99001,136.72,656100
2019-11-15,137.13,138.34,136.53999,138.33,681300
2019-11-18,138.59,139.25,137.52,137.67,562400
2019-11-19,138.080002,138.080002,136.72,137.39,510400
2019-11-20,137.72,138.28,137.10001,137.44,481400
2019-11-21,137.11,137.13,135.28999,135.38,507000
2019-11-22,135.67,136.080002,133.66,134.39999,395900
2019-11-25,134.78,135.67,133.74001,134.16,475500
2019-11-26,135.21001,137.10001,134.71001,137.070007,1302700
2019-11-27,137.070007,137.24001,136.16,137.11,506900
2019-11-29,137.16,137.75999,135.97,136.11,239100
2019-12-02,135.97,136.2,133.61,133.66,445500
2019-12-03,133.7,134.89999,133.64999,134.12,492000
2019-12-04,133.86,135.82001,133.50999,134.75,638300
2019-12-05,134.32001,135.0,133.87,135.0,486300
2019-12-06,135.059998,135.89999,134.74001,134.78999,486500
2019-12-09,135.0,135.28,133.34,135.0,461300
2019-12-10,134.83,135.22,132.59,133.42999,727100
2019-12-11,134.39999,134.81,130.92,131.64,642700
2019-12-12,131.36,132.050003,129.49001,130.78,825600
2019-12-13,131.020004,131.99001,128.86,130.5,896600
2019-12-16,130.5,130.78999,128.81,130.53999,627400
2019-12-17,130.47,130.95,127.76,128.080002,915000
2019-12-18,128.50999,129.38,127.86,128.87,910500
2019-12-19,128.92999,129.71001,128.58,129.32001,819800
2019-12-20,129.66,130.57001,129.23,130.059998,1228800
2019-12-23,130.44,130.57001,128.74001,129.039993,403000
2019-12-24,129.27,129.60001,128.72,129.36,99800
2019-12-26,129.55,129.97,128.98,129.42999,253200
2019-12-27,130.050003,130.39999,129.31,130.0,268100
2019-12-30,129.55,130.60001,129.53999,130.55,311100
2019-12-31,130.56,131.89999,130.14,131.86,561000
2020-01-02,132.35001,132.5,128.72,129.61,488100
2020-01-03,129.089996,131.21001,129.020004,131.070007,481300
2020-01-06,130.74001,131.47,128.71001,131.25999,492700
2020-01-07,130.50999,130.74001,128.82001,129.3,380800
2020-01-08,129.28999,130.46001,129.0,130.22,500600
2020-01-09,130.029999,130.75,129.60001,130.3,353100
2020-01-10,130.57001,132.49001,130.089996,132.35001,552900
2020-01-13,132.16,133.61,132.16,133.53,572100
2020-01-14,132.63,132.74001,130.82001,131.78999,475500
2020-01-15,131.12,132.32001,131.12,132.059998,800900
2020-01-16,132.31,133.86,131.98,133.69,387000
2020-01-17,133.85001,134.28,133.34,133.99001,537000
2020-01-21,134.32001,135.71001,134.16,135.55,760500
2020-01-22,136.38,136.62,134.55,134.92999,528800
2020-01-23,135.0099945,136.55,134.5,136.41,400700
2020-01-24,136.63,136.99001,135.86,136.96001,402200
2020-01-27,136.56,137.46001,136.059998,136.64,417600
2020-01-28,136.71001,138.14999,136.34,137.44,487400
2020-01-29,137.58,137.78999,136.45,136.58,458100
2020-01-30,136.91,137.67,135.69,137.49001,746100
2020-01-31,137.23,138.14,136.39,137.21001,749800
2020-02-03,137.71001,138.53999,136.89999,137.14999,451700
2020-02-04,137.49001,139.78999,137.49001,139.35001,370400
2020-02-05,139.16,140.22,138.67999,139.14,578100
2020-02-06,139.53,141.070007,138.67,140.35001,348000
2020-02-07,140.58,141.47,140.37,141.19,433400
2020-02-10,142.11,142.53999,141.24001,142.34,754400
2020-02-11,142.38,143.19,141.039993,141.94,589900
2020-02-12,141.64999,143.14,141.33,142.53,402700
2020-02-13,142.49001,144.37,142.49001,144.14,541900
2020-02-14,144.64,145.53,143.94,145.50999,570000
2020-02-18,146.039993,146.49001,144.99001,146.11,539400
2020-02-19,146.12,146.19,144.96001,145.029999,484200
2020-02-20,145.17999,147.75,144.78999,147.7,558600
2020-02-21,147.82001,148.88,147.42999,147.77,703100
2020-02-24,146.49001,148.48,145.73,145.91,728200
2020-02-25,146.22,146.73,142.77,143.070007,825000
2020-02-26,143.28999,145.16,142.3,142.32001,841800
2020-02-27,140.97,142.059998,134.12,134.2,1072800
2020-02-28,131.50999,132.080002,125.7,129.25999,1818300
2020-03-02,130.21001,135.62,129.86,135.39999,993400
2020-03-03,135.67,139.8,134.64,137.27,1181000
2020-03-04,139.67,145.13,139.49001,145.0,1180100
2020-03-05,143.14999,145.039993,141.53,144.77,917900
2020-03-06,141.49001,143.56,137.84,143.3,865300
2020-03-09,136.98,138.89999,134.029999,134.3,1198700
2020-03-10,137.21001,140.13,133.42,140.070007,1365700
2020-03-11,137.050003,137.63,131.72,133.88,1012400
2020-03-12,126.48,130.0,117.45,117.61,1357300
2020-03-13,124.029999,126.97,117.040001,126.0,1146900
2020-03-16,113.54,116.27,104.89,104.95,1137900
2020-03-17,107.67,115.76,102.85,113.17,1353500
2020-03-18,105.82,110.64,96.69,100.099998,1118400
2020-03-19,99.27,102.35,96.17,99.47,855000
2020-03-20,99.82,100.35,85.45,87.5,1731900
2020-03-23,87.25,87.41,82.0,84.67,1247300
2020-03-24,88.32,93.62,86.36,89.18,1483800
2020-03-25,88.6,105.2,88.6,97.84,1311900
2020-03-26,98.15,103.37,96.2,102.79,1149100
2020-03-27,101.76,111.96,100.49,107.6,1287200
2020-03-30,108.58,109.25,100.82,107.13,1139700
2020-03-31,105.82,107.82,99.37,103.029999,2255800
2020-04-01,98.2,99.23,93.24,98.74,1274800
2020-04-02,96.75,99.77,92.12,94.25,1515100
2020-04-03,92.99,96.24,92.44,94.31,1080000
2020-04-06,99.4,106.080002,99.15,105.28,1144100
2020-04-07,110.099998,112.16,103.39,103.79,781600
2020-04-08,104.64,111.78,102.96,110.93,1048300
2020-04-09,112.35,119.49,112.35,116.65,1328700
2020-04-13,115.47,117.0,110.040001,111.37,818800
2020-04-14,112.66,115.85,111.099998,114.019997,1284000
2020-04-15,109.4,111.19,108.0,109.98,871500
2020-04-16,110.41,110.75,107.55,108.31,594100
2020-04-17,111.059998,114.43,110.34,113.5,642500
2020-04-20,111.68,112.75,108.46,108.49,593700
2020-04-21,105.87,108.91,105.14,107.54,888800
2020-04-22,109.16,110.74,107.4,108.31,665900
2020-04-23,107.87,108.5,104.22,104.98,696200
2020-04-24,105.67,107.099998,104.010002,106.43,578500
2020-04-27,107.0,111.010002,106.56,110.68,479700
2020-04-28,113.3,115.94,111.98,112.15,821200
2020-04-29,114.87,115.68,111.86,112.68,762900
2020-04-30,110.66,112.39,109.81,111.92,620200
2020-05-01,109.41,110.59,108.92,109.63,847400
2020-05-04,108.21,110.88,106.97,110.3,977100
2020-05-05,111.64,113.78,110.8,112.41,834000
2020-05-06,113.0,114.22,109.92,110.010002,768300
2020-05-07,110.77,116.059998,109.27,113.75,925000
2020-05-08,115.89,117.14,113.67,115.57,579200
2020-05-11,114.080002,114.85,112.5,113.010002,929800
2020-05-12,113.47,113.47,108.65,108.74,1126200
2020-05-13,107.94,109.95,107.13,108.089996,829200
2020-05-14,106.059998,106.72,102.89,105.52,1054700
2020-05-15,104.67,107.059998,102.23,106.87,1782800
2020-05-18,111.69,115.57,111.69,114.36,914000
2020-05-19,113.65,114.86,110.82,111.12,636800
2020-05-20,112.050003,112.64,109.96,111.49,734200
2020-05-21,111.47,114.46,111.47,113.82,735700
2020-05-22,114.080002,114.71,112.63,114.28,430700
2020-05-26,118.080002,119.2,116.0,116.8,586500
2020-05-27,119.62,119.85,114.040001,116.88,843400
2020-05-28,118.19,118.19,114.7,117.66,602800
2020-05-29,116.37,118.51,114.98,116.36,863700
2020-06-01,116.47,118.82,115.5,117.57,472000
2020-06-02,118.15,119.45,117.0,117.76,643700
2020-06-03,118.93,122.99,118.93,122.39,700200
2020-06-04,121.73,121.78,118.56,118.77,755800
2020-06-05,122.26,126.13,122.26,124.44,860900
2020-06-08,125.97,127.74,124.17,126.53,801000
2020-06-09,123.85,124.77,122.13,124.66,684500
2020-06-10,123.29,124.040001,121.35,121.84,593400
2020-06-11,117.22,118.72,115.22,115.46,850000
2020-06-12,119.66,120.43,114.82,119.080002,1113800
2020-06-15,115.040001,119.4,114.53,118.010002,1204100
2020-06-16,122.77,122.77,119.18,121.089996,833800
2020-06-17,122.040001,122.7,117.84,118.64,631900
2020-06-18,117.07,117.67,115.5,117.089996,862100
2020-06-19,118.73,119.47,114.64,114.68,2252400
2020-06-22,114.64,116.19,113.010002,114.19,662900
2020-06-23,115.21,116.26,113.3,113.54,644400
2020-06-24,111.92,112.53,108.059998,110.52,805400
2020-06-25,109.78,111.46,109.099998,111.35,671500
2020-06-26,110.76,111.9,109.43,110.27,735100
2020-06-29,111.31,111.75,108.78,111.52,441600
2020-06-30,111.76,115.089996,111.67,114.67,1039900
2020-07-01,115.029999,117.96,114.22,117.67,504100
2020-07-02,119.52,119.56,116.32,117.53,601500
2020-07-06,120.019997,120.080002,115.96,116.029999,396400
2020-07-07,114.44,115.9,113.88,114.57,544400
2020-07-08,114.57,115.18,113.38,113.82,662100
2020-07-09,113.28,113.28,111.25,112.56,466600
2020-07-10,112.49,114.33,112.029999,113.6,530900
2020-07-13,114.099998,114.099998,112.19,112.34,571100
2020-07-14,111.57,113.49,111.5,112.94,652400
2020-07-15,114.52,114.7,112.14,112.43,696700
2020-07-16,111.7,112.88,111.19,112.019997,465900
2020-07-17,112.5,113.62,111.46,112.92,489000
2020-07-20,112.31,113.07,109.080002,110.019997,421000
2020-07-21,110.62,111.15,108.86,109.36,439000
2020-07-22,108.81,112.87,108.63,112.17,984700
2020-07-23,111.88,112.75,110.42,111.65,422900
2020-07-24,112.13,112.21,110.71,111.27,443900
2020-07-27,110.81,110.81,109.059998,110.32,429100
2020-07-28,110.4,113.63,109.88,112.99,514600
2020-07-29,113.78,114.5,111.94,113.92,549300
2020-07-30,112.69,118.76,112.67,117.52,857500
2020-07-31,117.029999,119.2,114.75,119.19,720400
2020-08-03,118.56,118.56,115.4,116.88,537500
2020-08-04,116.44,117.74,115.0,116.92,603500
2020-08-05,117.54,117.62,115.52,116.26,287200
2020-08-06,115.74,116.92,115.37,116.5,375700
2020-08-07,115.82,116.87,115.56,116.49,454200
2020-08-10,116.94,118.39,116.35,117.050003,575500
2020-08-11,118.089996,119.25,116.14,116.71,561900
2020-08-12,117.13,117.52,116.050003,117.089996,260100
2020-08-13,116.44,117.93,115.44,115.69,389700
2020-08-14,115.55,116.22,114.31,114.86,765600
2020-08-17,114.95,116.23,114.040001,116.040001,283900
2020-08-18,116.28,116.52,114.43,116.07,320600
2020-08-19,116.059998,116.059998,112.66,113.28,623400
2020-08-20,112.84,115.27,112.84,114.83,384400
2020-08-21,115.25,115.47,113.11,114.84,308000
2020-08-24,114.7,115.83,112.85,115.69,353600
2020-08-25,115.74,116.19,114.88,116.19,336800
2020-08-26,115.49,116.32,113.26,113.65,394500
2020-08-27,114.33,116.56,114.23,116.38,331200
2020-08-28,116.62,117.19,115.19,117.16,392300
2020-08-31,116.66,117.35,115.8,117.12,481200
2020-09-01,116.5,116.66,114.8,116.55,364800
2020-09-02,116.44,118.88,115.25,118.67,872400
2020-09-03,119.3,120.83,117.029999,117.83,520000
2020-09-04,118.12,119.43,116.059998,118.35,477500
2020-09-08,117.97,118.25,115.010002,115.68,639500
2020-09-09,116.12,118.38,115.39,116.44,488700
2020-09-10,116.29,117.41,114.31,116.44,696900
2020-09-11,116.45,116.45,114.96,115.91,581500
2020-09-14,116.99,120.089996,116.44,119.65,471500
2020-09-15,119.61,120.84,118.050003,118.57,308300
2020-09-16,119.44,120.55,117.95,118.19,551200
2020-09-17,117.36,118.36,115.7,117.14,650400
2020-09-18,116.32,117.38,114.68,114.93,1150800
2020-09-21,113.38,114.3,111.19,113.17,752000
2020-09-22,113.41,116.0,113.41,115.18,727400
2020-09-23,115.38,115.72,113.040001,113.42,653900
2020-09-24,113.040001,113.96,111.27,112.39,502700
2020-09-25,111.89,115.52,111.22,115.38,693800
2020-09-28,116.83,118.17,116.15,117.14,412900
2020-09-29,116.92,117.43,114.64,115.34,279900
2020-09-30,116.07,116.63,114.44,115.95,761600
2020-10-01,116.0,120.33,115.56,120.29,740500
2020-10-02,118.81,124.33,117.42,123.71,852700
2020-10-05,124.56,124.88,122.48,124.5,583800
2020-10-06,124.87,125.24,122.83,123.54,610400
2020-10-07,124.040001,125.029999,121.77,122.95,499300
2020-10-08,123.029999,125.35,123.029999,124.88,476600
2020-10-09,125.64,125.64,123.010002,123.66,368000
2020-10-12,123.83,125.0,123.059998,124.66,244500
2020-10-13,125.07,126.51,122.63,124.2,639700
2020-10-14,123.029999,124.040001,121.56,122.76,492200
2020-10-15,121.72,123.91,121.19,122.47,593500
2020-10-16,122.34,122.7,119.3,119.44,665500
2020-10-19,120.16,120.26,117.49,117.68,351200
2020-10-20,118.56,120.36,117.8,118.21,485000
2020-10-21,117.65,118.85,117.12,117.9,483700
2020-10-22,118.18,118.98,117.49,118.65,448200
2020-10-23,119.51,119.94,118.29,118.71,358600
2020-10-26,117.78,118.13,115.42,117.13,387400
2020-10-27,116.7,117.55,114.84,114.86,379700
2020-10-28,113.28,114.83,111.67,112.43,703400
2020-10-29,112.44,115.010002,110.53,113.53,609700
2020-10-30,113.45,116.77,113.45,116.63,574800
2020-11-02,117.19,119.84,116.48,119.84,725000
2020-11-03,121.0,123.95,120.58,123.32,594800
2020-11-04,123.28,124.84,121.7,122.72,385200
2020-11-05,122.78,124.7,121.78,124.029999,632300
2020-11-06,124.029999,125.0,122.07,122.67,481400
2020-11-09,130.75999,137.53999,125.55,125.61,1211200
2020-11-10,126.059998,130.19,125.77,130.16,821500
2020-11-11,130.84,131.3,128.71001,131.22,682500
2020-11-12,130.46001,130.67,127.43,128.75,569300
2020-11-13,129.17,132.88,128.64999,132.35001,543200
2020-11-16,135.52,136.28,131.22,132.3,647600
2020-11-17,131.25,132.089996,129.97,130.91,482400
2020-11-18,131.19,131.97,126.059998,126.07,434000
2020-11-19,125.31,126.72,123.43,126.14,691900
2020-11-20,125.91,126.49,124.92,126.18,577800
2020-11-23,126.74,126.89,123.53,123.77,721600
2020-11-24,125.2,127.31,124.84,125.88,578100
2020-11-25,125.57,126.31,124.41,125.029999,423000
2020-11-27,124.78,124.78,122.64,124.0,314200
2020-11-30,124.0,126.3,122.45,126.16,2082800
2020-12-01,126.16,126.32,123.67,124.59,818800
2020-12-02,124.71,127.48,123.25,123.73,536900
2020-12-03,123.8,124.88,123.33,123.65,736700
2020-12-04,123.99,125.42,123.57,125.13,610300
2020-12-07,124.71,126.11,124.65,125.32,431000
2020-12-08,124.75,125.49,123.69,123.93,533600
2020-12-09,124.48,125.07,121.0,122.9,747900
2020-12-10,122.13,122.67,119.75,120.18,629600
2020-12-11,119.21,121.97,119.21,121.66,716400
2020-12-14,122.8,123.7,121.13,121.44,477500
2020-12-15,121.85,123.54,120.5,123.54,532000
2020-12-16,123.86,125.13,122.53,123.41,684200
2020-12-17,124.17,126.2,123.07,125.59,858100
2020-12-18,126.080002,126.28,123.41,124.040001,1942600
2020-12-21,122.57,124.98,122.33,124.6,853700
2020-12-22,124.6,125.4,123.57,125.28,588900
2020-12-23,125.77,126.25,122.58,122.66,602800
2020-12-24,123.050003,124.61,122.97,124.6,98000
2020-12-28,125.040001,125.84,124.050003,124.97,460700
2020-12-29,125.089996,126.31,123.45,124.25,311500
2020-12-30,124.42,126.21,124.2,125.0,329800
2020-12-31,124.68,126.97,123.9,126.69,405500
2021-01-04,126.69,127.37,122.15,122.71,703000
2021-01-05,122.61,123.82,122.35,122.67,630500
2021-01-06,123.019997,124.86,122.77,124.7,696600
2021-01-07,124.43,125.33,123.45,124.55,661800
2021-01-08,124.55,125.37,124.0,125.27,767900
2021-01-11,125.010002,125.33,123.17,124.21,557700
2021-01-12,123.51,124.97,123.0,124.69,594400
2021-01-13,124.86,127.07,124.6,126.42,661800
2021-01-14,126.2,129.080002,125.32,129.0,1154800
2021-01-15,128.78,132.14,127.72,132.0099945,965600
2021-01-19,132.21001,132.42999,129.99001,130.61,779300
2021-01-20,130.0,133.61,128.94,133.16,494200
2021-01-21,132.28,133.53,131.14,133.45,528600
2021-01-22,133.61,134.84,132.23,134.17999,509900
2021-01-25,133.82001,134.96001,132.97,133.86,650300
2021-01-26,134.14999,135.42,133.89,134.89,526500
2021-01-27,133.89999,135.0,131.10001,131.73,659000
2021-01-28,131.75,134.74001,131.020004,132.78999,635900
2021-01-29,132.19,133.38,129.83,132.75,1217600
2021-02-01,132.99001,135.13,130.72,134.98,707500
2021-02-02,135.78999,136.42999,133.87,135.58,650800
2021-02-03,134.66,135.87,133.67999,134.71001,834500
2021-02-04,135.020004,137.0,134.0,134.84,873800
2021-02-05,134.5,135.27,133.21001,134.72,550900
2021-02-08,134.72,136.14999,133.77,135.49001,735900
2021-02-09,134.89,136.24001,134.52,135.55,781000
2021-02-10,135.55,137.24001,134.85001,136.3,616200
2021-02-11,136.46001,138.020004,135.49001,137.97,717700
2021-02-12,137.78,138.39999,136.94,138.14,504800
2021-02-16,138.39,138.49001,136.50999,138.44,615000
2021-02-17,138.75,138.78999,137.089996,137.72,375800
2021-02-18,137.78999,138.14,136.39,137.25,360400
2021-02-19,137.74001,138.22,137.0,137.57001,444400
2021-02-22,137.55,139.11,136.33,138.69,867200
2021-02-23,139.7,142.61,139.34,142.3,824600
2021-02-24,142.50999,142.98,140.35001,140.50999,700900
2021-02-25,140.39,141.99001,137.25,137.91,579000
2021-02-26,137.84,138.25999,134.59,134.73,848000
2021-03-01,136.039993,138.029999,135.47,135.53999,1392900
2021-03-02,135.089996,136.87,134.0,135.3,919300
2021-03-03,135.3,136.17,134.029999,134.60001,795800
2021-03-04,134.78,135.28999,131.45,132.7,886000
2021-03-05,133.11,134.22,131.87,133.91,892800
2021-03-08,134.24001,136.24001,133.059998,134.23,684000
2021-03-09,134.48,137.039993,134.39999,134.73,440500
2021-03-10,134.22,135.91,132.87,134.83,513400
2021-03-11,134.84,137.39,134.49001,136.55,393700
2021-03-12,137.25999,141.78999,137.0,141.78,912700
2021-03-15,141.64999,146.31,140.64,144.98,758300
2021-03-16,145.14,145.75999,143.0,144.38,541600
2021-03-17,144.61,145.53,142.82001,145.47,529500
2021-03-18,145.020004,146.64999,144.19,146.41,682600
2021-03-19,146.23,146.5,141.33,141.52,1487700
2021-03-22,141.13,143.37,141.029999,142.75999,730300
2021-03-23,143.0,145.16,142.46001,144.75,824000
2021-03-24,143.99001,146.59,143.37,144.33,830900
2021-03-25,144.47,146.25,142.47,145.85001,486600
2021-03-26,145.85001,148.91,145.089996,148.59,448100
2021-03-29,148.34,148.87,146.029999,147.49001,427000
2021-03-30,147.34,148.39,146.32001,147.34,321700
2021-03-31,146.39,147.52,143.47,144.36,1065500
2021-04-01,144.28999,146.77,143.63,146.64,830700
2021-04-05,147.24001,147.58,144.28999,146.58,638000
2021-04-06,146.44,147.84,146.12,147.24001,636800
2021-04-07,147.83,148.61,146.46001,148.3,639400
2021-04-08,147.94,149.28999,146.28,146.42,588700
2021-04-09,146.42999,147.64999,146.080002,146.85001,474000
2021-04-12,147.17999,147.75999,146.17,147.31,713200
2021-04-13,146.61,148.7,146.61,148.59,446500
2021-04-14,146.99001,147.91,146.84,147.55,423800
2021-04-15,148.0099945,149.58,147.50999,149.53999,542300
2021-04-16,150.67,151.37,149.89999,151.020004,717700
2021-04-19,151.42999,152.31,150.24001,151.82001,591400
2021-04-20,151.82001,154.94,151.33,154.69,479600
2021-04-21,155.23,157.23,153.84,156.42,578000
2021-04-22,156.50999,157.64999,155.5,155.52,397400
2021-04-23,156.14999,156.38,155.050003,155.19,352700
2021-04-26,155.5,156.39,154.67,155.23,398900
2021-04-27,155.44,155.64999,154.57001,155.19,329700
2021-04-28,155.19,155.49001,153.84,154.020004,501800
2021-04-29,154.42999,156.25999,153.86,155.48,556600
2021-04-30,155.029999,157.57001,154.89999,157.33,643300
2021-05-03,157.83,158.35001,155.81,156.57001,615900
2021-05-04,156.64,157.73,155.57001,156.42,715200
2021-05-05,155.71001,155.71001,151.99001,152.74001,1326800
2021-05-06,153.11,156.17,153.11,156.039993,606200
2021-05-07,155.67,157.39999,154.78999,157.029999,549400
2021-05-10,157.92,160.52,157.92,159.38,536200
2021-05-11,159.22,159.22,156.0099945,157.69,486300
2021-05-12,158.31,158.60001,154.33,154.53,389900
2021-05-13,154.95,157.67,154.28999,156.029999,500800
2021-05-14,156.58,157.85001,156.42,156.75,704900
2021-05-17,157.28999,158.23,156.58,157.19,608400
2021-05-18,157.28999,158.070007,156.67,157.37,985800
2021-05-19,156.48,156.58,154.070007,155.67,482700
2021-05-20,155.67999,158.49001,155.49001,157.95,546700
2021-05-21,157.91,159.039993,156.77,157.050003,1291900
2021-05-24,157.84,160.089996,157.84,159.38,645800
2021-05-25,159.37,160.47,158.75,159.55,430300
2021-05-26,159.45,161.17,159.17999,160.0099945,432100
2021-05-27,160.020004,160.24001,158.17,158.38,876300
2021-05-28,159.58,161.42999,158.83,160.7,506600
2021-06-01,160.25999,163.070007,159.78,162.89999,585100
2021-06-02,163.5,165.91,163.080002,165.74001,477700
2021-06-03,165.23,165.23,163.36,163.77,541900
2021-06-04,165.74001,166.59,163.78,165.53,566600
2021-06-07,166.0,166.69,165.25999,166.12,489200
2021-06-08,166.3,168.22,166.3,167.41,747700
2021-06-09,167.7,169.059998,167.21001,168.69,564700
2021-06-10,169.089996,172.33,168.45,171.53,448500
2021-06-11,171.28999,171.69,170.089996,171.55,535500
2021-06-14,171.50999,171.64,170.5,171.59,376600
2021-06-15,170.94,171.91,170.46001,170.87,474900
2021-06-16,171.3,171.64999,169.39,169.67,444200
2021-06-17,169.86,170.66,168.23,169.83,981500
2021-06-18,169.67999,170.13,167.53999,167.84,1662700
2021-06-21,168.60001,171.44,168.25999,170.98,686700
2021-06-22,171.17999,171.41,169.47,169.50999,545100
2021-06-23,169.19,170.10001,168.85001,169.44,505800
2021-06-24,170.0,170.64,168.2,169.59,824200
2021-06-25,169.42,170.23,168.83,170.14999,728700
2021-06-28,170.46001,170.50999,168.62,170.089996,396200
2021-06-29,169.56,170.60001,169.19,169.85001,495400
2021-06-30,169.98,170.96001,167.89,168.42,753700
2021-07-01,168.19,170.7,167.96001,169.42999,610600
2021-07-02,170.22,171.3,169.75999,170.95,429900
2021-07-06,171.35001,174.33,169.86,173.97,534200
2021-07-07,173.95,176.99001,172.69,176.11,665600
2021-07-08,175.36,177.84,175.039993,177.75,530900
2021-07-09,178.87,180.81,177.56,180.7,481800
2021-07-12,180.7,182.69,180.33,182.50999,543900
2021-07-13,182.33,182.75999,179.75999,180.64999,397800
2021-07-14,179.63,182.50999,179.63,182.41,359100
2021-07-15,182.19,183.89,181.84,183.56,282700
2021-07-16,184.10001,185.64999,183.94,184.72,384400
2021-07-19,183.48,184.0,181.24001,182.99001,540100
2021-07-20,184.080002,187.35001,182.17999,186.63,546900
2021-07-21,186.39,187.33,185.59,185.75999,328900
2021-07-22,185.36,186.0,184.42,185.34,846000
2021-07-23,186.11,187.91,185.52,187.60001,568100
2021-07-26,187.050003,187.77,185.69,186.8,319000
2021-07-27,186.44,189.19,185.47,188.21001,518200
2021-07-28,188.58,188.95,187.020004,187.69,844200
2021-07-29,189.8,194.42,188.92,193.0099945,711300
2021-07-30,192.71001,196.44,191.94,193.10001,663100
2021-08-02,193.92,195.81,193.58,195.14999,619800
2021-08-03,191.16,192.94,190.87,191.45,1248500
2021-08-04,192.41,192.55,189.72,190.25999,952400
2021-08-05,191.75999,192.25,188.75,191.48,492900
2021-08-06,192.17999,192.34,190.67999,191.070007,420100
2021-08-09,190.75,190.75999,188.92,189.82001,290600
2021-08-10,189.97,190.31,184.77,185.14,795500
2021-08-11,185.85001,187.73,185.41,186.14999,390600
2021-08-12,186.48,187.020004,185.55,186.37,535000
2021-08-13,186.69,188.46001,186.31,188.31,323000
2021-08-16,188.53,190.67999,188.21001,189.55,393400
2021-08-17,188.82001,189.66,187.38,189.23,390100
2021-08-18,188.13,188.98,185.62,186.7,663500
2021-08-19,185.86,188.3,185.61,188.28999,311900
2021-08-20,188.31,190.58,186.48,190.28,864700
2021-08-23,190.28999,191.22,188.14999,188.56,510700
2021-08-24,188.39999,188.88,185.77,186.27,438600
2021-08-25,186.36,189.14999,185.67,187.60001,368700
2021-08-26,187.89999,189.55,187.45,188.98,316400
2021-08-27,190.0,190.82001,189.13,189.21001,367700
2021-08-30,189.50999,192.72,189.11,192.63,402800
2021-08-31,192.37,193.12,191.27,192.37,690600
2021-09-01,192.81,196.64,192.45,196.17999,646200
2021-09-02,196.96001,197.5,194.24001,196.28,686000
2021-09-03,195.75999,196.53999,193.39,196.14,527000
2021-09-07,196.0,196.0,191.080002,192.42,521000
2021-09-08,191.47,196.0099945,191.47,195.46001,438600
2021-09-09,194.74001,195.42,191.77,191.86,320600
2021-09-10,192.23,192.23,189.46001,189.49001,346300
2021-09-13,191.39,191.99001,189.61,190.11,332600
2021-09-14,190.22,192.3,190.14,191.58,534700
2021-09-15,191.78,193.83,190.95,191.14999,557400
2021-09-16,191.050003,192.52,189.32001,191.35001,402700
2021-09-17,190.91,191.47,187.46001,187.48,1171300
2021-09-20,186.14,189.49001,185.39,188.10001,629400
2021-09-21,189.44,190.42999,187.97,188.0099945,398800
2021-09-22,189.55,191.23,189.020004,190.28,687500
2021-09-23,191.070007,192.74001,190.64999,191.22,379500
2021-09-24,190.41,191.98,189.12,189.28,394900
2021-09-27,189.73,191.53,186.029999,186.10001,416400
2021-09-28,184.89999,187.35001,183.71001,186.59,452600
2021-09-29,187.59,190.67999,187.59,189.95,382100
2021-09-30,190.92,190.94,186.69,186.75,654500
2021-10-01,188.020004,190.28999,185.32001,189.22,372300
2021-10-04,188.85001,191.59,187.35001,190.58,561200
2021-10-05,191.45,191.45,188.070007,189.67,558300
2021-10-06,188.8,192.17,185.33,192.10001,433300
2021-10-07,193.42,194.35001,191.16,191.84,376700
2021-10-08,191.42999,193.56,190.71001,191.17999,375700
2021-10-11,191.17,192.32001,189.47,191.059998,279400
2021-10-12,192.25999,194.42,190.89,193.53999,376600
2021-10-13,191.53,196.31,191.53,196.17,378200
2021-10-14,196.17,198.78999,195.38,198.7,336100
2021-10-15,199.72,200.059998,196.39,197.56,321700
2021-10-18,196.64999,199.089996,195.75,198.56,289700
2021-10-19,199.14999,199.41,196.73,197.21001,234600
2021-10-20,197.17999,199.73,197.17999,199.64999,297200
2021-10-21,199.89999,199.89999,198.39999,199.60001,264700
2021-10-22,200.19,202.48,200.19,201.82001,250300
2021-10-25,202.0,202.67999,200.21001,201.28,371700
2021-10-26,201.75999,203.24001,199.67,202.67999,403000
2021-10-27,203.23,205.61,202.75999,204.020004,491000
2021-10-28,203.97,207.69,202.96001,206.27,462500
2021-10-29,206.039993,206.89999,203.37,204.21001,704500
2021-11-01,204.61,204.61,197.38,201.37,684300
2021-11-02,202.14,204.080002,201.39,203.44,495000
2021-11-03,203.67,204.56,202.22,203.41,505400
2021-11-04,203.67999,203.73,198.85001,200.48,381100
2021-11-05,201.71001,203.39999,201.16,202.35001,387200
2021-11-08,202.92999,202.92999,200.11,201.75999,324000
2021-11-09,202.17,202.89999,201.21001,202.55,268500
2021-11-10,202.0,203.41,200.0,202.8,458600
2021-11-11,202.74001,203.53999,201.5,203.49001,336700
2021-11-12,203.98,205.97,203.039993,205.039993,314500
2021-11-15,205.42999,206.14999,203.61,206.10001,384200
2021-11-16,206.10001,206.83,203.35001,204.53,408500
2021-11-17,203.64999,204.57001,197.92,204.28999,431100
2021-11-18,205.070007,205.98,203.52,204.039993,364300
2021-11-19,204.53,204.67999,201.020004,201.34,584500
2021-11-22,201.61,205.37,200.32001,202.3,548100
2021-11-23,203.17,207.52,202.23,207.12,543600
2021-11-24,207.029999,211.11,207.029999,210.56,523200
2021-11-26,206.91,209.64,203.57001,203.57001,472900
2021-11-29,205.0,211.17999,204.10001,210.0,974500
2021-11-30,208.69,211.97,205.95,206.25,2349800
2021-12-01,207.32001,208.91,201.22,201.34,1010900
2021-12-02,202.8,209.50999,202.34,207.96001,530200
2021-12-03,208.82001,210.37,205.38,207.42999,616800
2021-12-06,209.60001,211.37,208.020004,208.31,458500
2021-12-07,209.82001,215.020004,208.39,215.0099945,968000
2021-12-08,215.55,218.87,215.16,218.16,781500
2021-12-09,217.78999,218.89,215.94,216.050003,643100
2021-12-10,217.57001,217.57001,214.49001,216.47,552300
2021-12-13,215.52,219.5,214.31,218.45,686800
2021-12-14,218.45,218.45,215.039993,217.3,776900
2021-12-15,218.17,223.17999,218.17,222.2,572700
2021-12-16,222.0,223.17,220.42,222.89,981400
2021-12-17,223.21001,224.86,219.39,220.14,1678000
2021-12-20,218.47,220.7,215.81,218.55,492200
2021-12-21,218.99001,220.020004,217.2,218.39999,488500
2021-12-22,219.14999,222.25999,218.5,222.19,417900
2021-12-23,222.95,223.82001,219.5,221.089996,253700
2021-12-27,221.92,224.67999,220.8,224.63,345400
2021-12-28,224.61,226.059998,223.74001,225.7,373400
2021-12-29,226.32001,228.53999,224.35001,228.31,391100
2021-12-30,228.089996,230.039993,227.47,228.94,390200
2021-12-31,229.039993,231.63,229.020004,229.44,414200
2022-01-03,229.42999,230.71001,222.75,226.13,647300
2022-01-04,227.020004,230.41,226.52,227.39,500900
2022-01-05,226.83,227.96001,223.14999,223.22,383500
2022-01-06,223.64,224.41,219.8,220.89999,425000
2022-01-07,219.89,220.039993,216.10001,216.42,545500
2022-01-10,214.89,217.32001,212.47,214.7,847100
2022-01-11,214.49001,214.82001,210.070007,213.58,658300
2022-01-12,213.27,218.0099945,212.84,216.73,720800
2022-01-13,216.3,220.34,215.45,218.91,704800
2022-01-14,218.49001,218.85001,213.14,215.11,476300
2022-01-18,213.44,214.8,211.25999,214.16,607500
2022-01-19,215.28,216.75999,209.039993,209.16,698000
2022-01-20,206.27,209.36,203.53,203.95,713800
2022-01-21,205.36,205.92999,202.17,202.89,597500
2022-01-24,201.66,203.44,195.96001,202.8,761700
2022-01-25,200.0,201.53999,196.91,199.19,1415100
2022-01-26,200.16,204.95,197.28,198.99001,875500
2022-01-27,199.85001,202.5,195.17999,196.12,636300
2022-01-28,196.25999,204.81,193.91,204.75999,694000
2022-01-31,203.64,207.10001,201.46001,206.67999,653200
2022-02-01,206.89,207.88,202.94,205.25,654400
2022-02-02,205.98,214.72,205.21001,212.029999,805300
2022-02-03,211.99001,215.92999,208.35001,213.020004,532900
2022-02-04,211.47,215.94,209.35001,212.53,624800
2022-02-07,213.070007,214.87,209.82001,210.33,584100
2022-02-08,209.96001,211.64999,208.24001,209.61,554200
2022-02-09,212.75999,217.22,212.75999,216.53999,632600
2022-02-10,212.88,215.81,210.48,211.5,758400
2022-02-11,211.23,214.66,209.33,210.83,551200
2022-02-14,209.99001,212.49001,206.74001,207.58,540500
2022-02-15,208.91,210.50999,207.59,208.35001,377400
2022-02-16,208.75,209.72,205.61,208.66,359600
2022-02-17,208.21001,208.49001,204.59,205.089996,433000
2022-02-18,205.21001,206.98,203.82001,204.44,414000
2022-02-22,204.89999,206.86,202.81,205.81,506700
2022-02-23,206.63,207.84,201.53999,201.82001,375400
2022-02-24,199.57001,204.74001,197.10001,204.32001,739100
2022-02-25,204.89999,210.020004,204.039993,209.91,551200
2022-02-28,207.050003,207.71001,201.84,204.61,962300
2022-03-01,206.14999,207.16,202.46001,203.63,634400
2022-03-02,205.38,208.64,205.070007,207.8,565800
2022-03-03,209.42999,210.32001,206.37,210.17,511000
2022-03-04,207.81,214.44,206.74001,214.25999,581100
2022-03-07,214.67,216.25999,211.48,212.050003,616900
2022-03-08,212.19,212.35001,207.070007,208.17999,599100
2022-03-09,211.78999,215.46001,210.42999,211.7,678600
2022-03-10,210.12,211.46001,208.74001,211.17,623800
2022-03-11,212.12,214.070007,207.98,208.47,456600
2022-03-14,210.81,210.81,204.19,205.42,463100
2022-03-15,207.35001,207.61,203.39999,205.58,640300
2022-03-16,207.050003,209.38,203.31,207.84,572400
2022-03-17,206.24001,210.039993,206.24001,209.66,409400
2022-03-18,211.020004,211.020004,206.23,206.77,1342300
2022-03-21,207.039993,207.87,205.60001,206.98,1058000
2022-03-22,208.13,208.13,202.94,205.48,708800
2022-03-23,204.91,205.45,202.63,203.22,616100
2022-03-24,203.11,205.64,202.39999,205.2,564400
2022-03-25,206.5,207.10001,204.5,206.36,1261800
2022-03-28,207.46001,210.39,206.23,209.69,1301300
2022-03-29,212.44,214.12,210.73,213.57001,1131400
2022-03-30,212.78999,213.050003,210.27,213.0099945,560100
2022-03-31,213.98,215.059998,209.41,209.45,871300
2022-04-01,210.67,213.67999,209.039993,213.32001,728200
2022-04-04,213.37,214.16,208.25999,210.86,657800
2022-04-05,209.36,216.0,209.36,211.28,693900
2022-04-06,211.84,217.64,210.13,217.27,917300
2022-04-07,215.8,217.23,213.56,216.070007,686200
2022-04-08,214.99001,215.5,211.71001,214.33,810500
2022-04-11,214.78,215.41,206.67999,207.87,1196500
2022-04-12,207.78999,209.89999,206.42999,207.67,657600
2022-04-13,206.059998,207.64999,203.95,206.16,433100
2022-04-14,206.84,207.58,205.11,205.39,785100
2022-04-18,205.22,206.14,202.029999,203.17999,436600
2022-04-19,204.16,207.92999,204.10001,207.50999,476000
2022-04-20,208.12,211.50999,208.12,210.49001,745500
2022-04-21,211.78,215.10001,210.45,212.46001,1200700
2022-04-22,212.66,212.66,206.92,207.070007,690500
2022-04-25,206.49001,207.73,201.12,205.020004,573800
2022-04-26,204.83,206.070007,203.32001,203.39999,404400
2022-04-27,203.44,206.83,201.85001,202.47,597100
2022-04-28,203.050003,207.62,201.88,206.13,715300
2022-04-29,205.72,207.42,196.080002,196.67999,1100800
2022-05-02,197.63,198.53999,184.72,189.78999,805200
2022-05-03,190.36,192.67999,188.42,189.73,543700
2022-05-04,189.73,190.61,184.74001,190.3,720600
2022-05-05,190.23,190.75999,184.83,186.36,599400
2022-05-06,185.0,186.10001,182.42,184.55,562200
2022-05-09,182.67,183.64,176.89,177.53999,471600
2022-05-10,179.63,181.070007,174.080002,174.28,787100
2022-05-11,174.66,179.050003,174.34,177.10001,815600
2022-05-12,177.46001,178.55,174.89999,177.35001,753600
2022-05-13,178.42999,179.81,175.64999,179.75999,571000
2022-05-16,179.88,180.88,176.87,177.089996,633600
2022-05-17,178.55,179.11,175.48,176.55,775000
2022-05-18,176.89,177.66,172.44,173.11,756300
2022-05-19,172.5,174.10001,171.38,173.46001,907100
2022-05-20,175.19,175.5,172.56,175.31,1101600
2022-05-23,177.17999,179.050003,174.47,178.16,622000
2022-05-24,178.0099945,180.78999,176.31,180.42,772900
2022-05-25,179.85001,181.94,178.78,180.66,741900
2022-05-26,182.070007,182.87,179.96001,180.45,598400
2022-05-27,180.66,184.78,180.66,183.82001,963900
2022-05-31,181.63,182.98,180.64,181.0,1069300
2022-06-01,181.25999,182.16,176.96001,179.77,984800
2022-06-02,179.34,181.23,176.44,180.94,630500
2022-06-03,179.69,180.91,177.92999,179.13,407400
2022-06-06,179.75,180.0,174.080002,174.25,647600
2022-06-07,173.8,178.080002,173.2,177.92,517300
2022-06-08,177.44,177.44,172.72,173.75999,484000
2022-06-09,173.78,173.83,168.73,168.92999,526100
2022-06-10,167.0,169.92999,165.78999,168.16,566400
2022-06-13,165.17,166.71001,159.92,160.82001,532500
2022-06-14,161.22,162.55,159.17999,160.029999,559800
2022-06-15,161.31,164.28,158.85001,162.41,803300
2022-06-16,159.50999,162.62,159.0099945,161.63,615100
2022-06-17,162.42,165.52,161.89999,162.53999,1295500
2022-06-21,163.5,166.46001,163.13,163.67999,548700
2022-06-22,161.98,167.88,161.98,166.11,818200
2022-06-23,167.2,170.48,167.0099945,170.13,685300
2022-06-24,170.78999,172.72,169.38,172.53,959600
2022-06-27,172.14,176.62,171.50999,173.63,525100
2022-06-28,174.25999,176.21001,173.0099945,173.25999,561400
2022-06-29,172.089996,173.84,171.17999,173.19,497500
2022-06-30,172.42999,177.28,171.11,174.67,1026600
2022-07-01,174.39,175.83,172.42,175.45,622200
2022-07-05,174.31,174.75,169.10001,171.84,646600
2022-07-06,172.95,174.13,171.17,171.75,723700
2022-07-07,172.3,173.31,170.32001,171.0,554500
2022-07-08,170.61,172.47,169.0,169.83,505300
2022-07-11,169.28999,170.45,168.38,169.36,262500
2022-07-12,168.0,171.41,168.0,169.60001,591300
2022-07-13,168.0099945,169.88,165.97,168.84,374200
2022-07-14,164.89,166.77,164.64999,165.28999,441800
2022-07-15,167.64999,168.88,165.8,167.49001,488400
2022-07-18,168.050003,168.95,165.75,166.44,494500
2022-07-19,167.8,171.48,166.84,170.99001,864500
2022-07-20,170.57001,172.50999,169.7,171.44,463500
2022-07-21,171.2,172.83,170.75999,172.39999,585300
2022-07-22,173.039993,175.52,171.92999,174.050003,477700
2022-07-25,173.67999,175.42999,172.50999,173.24001,472300
2022-07-26,172.83,174.59,172.83,173.7,372400
2022-07-27,173.7,176.13,173.12,176.0,717100
2022-07-28,174.75,184.17,174.42,183.99001,877700
2022-07-29,185.64999,187.029999,183.81,185.73,748900
2022-08-01,184.55,185.58,181.64,181.89999,766300
2022-08-02,181.45,182.58,178.74001,178.91,921900
2022-08-03,179.44,181.67999,177.7,178.050003,619600
2022-08-04,177.5,179.10001,174.77,178.77,713500
2022-08-05,177.94,179.7,175.91,179.53999,421000
2022-08-08,180.99001,182.32001,179.38,179.53999,398800
2022-08-09,179.8,181.36,179.72,181.3,558600
2022-08-10,183.35001,185.27,182.38,184.74001,577700
2022-08-11,185.49001,186.53,184.070007,184.25,359700
2022-08-12,185.5,187.95,185.5,187.78999,311600
2022-08-15,188.0,189.28999,186.87,188.66,299200
2022-08-16,187.8,190.17,187.62,188.56,323400
2022-08-17,187.39,189.84,187.13,188.69,368600
2022-08-18,189.0,189.48,185.32001,185.69,372500
2022-08-19,185.25999,185.66,183.21001,183.87,511600
2022-08-22,182.53999,182.92,179.17,179.31,336200
2022-08-23,178.57001,178.92999,174.39,175.7,330700
2022-08-24,175.38,177.87,175.33,176.96001,688900
2022-08-25,177.75999,178.42999,176.17,178.36,542100
2022-08-26,178.11,178.11,173.78,173.88,568200
2022-08-29,173.21001,173.21001,170.3,170.39,596400
2022-08-30,170.64999,170.78999,167.59,167.81,486000
2022-08-31,169.029999,169.45,165.080002,165.67,1099400
2022-09-01,164.47,167.059998,162.72,166.97,718400
2022-09-02,168.83,169.35001,163.89999,164.22,593300
2022-09-06,165.31,167.66,164.87,167.41,608500
2022-09-07,168.080002,170.24001,167.64999,170.039993,549400
2022-09-08,169.17999,172.64,169.17999,171.99001,546700
2022-09-09,172.23,173.81,171.020004,172.7,561400
2022-09-12,173.17999,174.2,172.98,173.89999,609800
2022-09-13,171.0099945,172.86,168.60001,169.39999,628000
2022-09-14,168.45,169.089996,165.55,167.7,652600
2022-09-15,167.95,169.0,165.62,165.92,522900
2022-09-16,165.37,166.36,162.89,165.95,946500
2022-09-19,164.28999,165.58,161.96001,165.12,624600
2022-09-20,163.28,163.55,158.73,159.97,708500
2022-09-21,161.080002,162.23,157.69,157.69,488000
2022-09-22,157.50999,159.52,155.38,158.82001,640600
2022-09-23,157.59,161.46001,156.91,158.17,876300
2022-09-26,157.46001,157.46001,153.56,154.28999,843800
2022-09-27,155.69,156.59,151.41,151.53999,548900
2022-09-28,153.11,156.60001,151.050003,155.81,1243800
2022-09-29,154.69,155.75,151.97,153.62,798500
2022-09-30,155.039993,156.45,153.64999,155.070007,1162400
2022-10-03,157.67,160.34,156.050003,158.59,974300
2022-10-04,159.35001,160.7,156.8,158.42999,940000
2022-10-05,156.42,156.99001,151.89999,153.50999,638100
2022-10-06,153.38,154.089996,149.88,150.21001,858000
2022-10-07,148.77,149.60001,144.17999,145.24001,786200
2022-10-10,145.82001,146.87,143.78999,144.5,761000
2022-10-11,144.52,147.58,143.82001,146.87,621900
2022-10-12,146.42,146.53,143.49001,145.12,741300
2022-10-13,141.5,146.97,141.13,146.56,822100
2022-10-14,148.42999,148.42999,141.75999,142.34,1084000
2022-10-17,145.12,149.47,144.52,149.050003,1112300
2022-10-18,150.95,153.0,149.42999,150.7,962600
2022-10-19,149.44,149.55,145.98,147.61,1520400
2022-10-20,148.48,149.85001,147.22,147.62,951800
2022-10-21,147.64999,149.73,145.83,149.53,1423700
2022-10-24,151.16,151.16,147.44,148.46001,960900
2022-10-25,148.67,154.57001,147.88,153.95,772800
2022-10-26,153.81,154.66,151.059998,151.66,821500
2022-10-27,155.36,157.14999,151.72,154.020004,1030000
2022-10-28,153.64999,157.3,152.89,156.61,839200
2022-10-31,155.44,158.19,154.75999,157.45,899800
2022-11-01,158.84,159.39,156.64,157.55,617000
2022-11-02,156.82001,158.88,153.050003,153.21001,852500
2022-11-03,151.34,153.64999,149.23,152.070007,451400
2022-11-04,152.96001,154.17999,149.66,153.72,610500
2022-11-07,154.33,154.98,150.64,151.60001,594600
2022-11-08,152.17,154.39,152.059998,153.42,844200
2022-11-09,152.78,154.17,152.089996,152.25999,501400
2022-11-10,156.99001,164.42999,156.99001,163.83,688900
2022-11-11,163.52,164.88,158.89,160.28,574400
2022-11-14,159.89,160.71001,155.84,155.94,702700
2022-11-15,157.67,157.92,155.2,156.64999,478200
2022-11-16,156.78,159.85001,156.32001,156.98,590400
2022-11-17,155.28999,157.059998,154.35001,155.84,456200
2022-11-18,158.5,159.32001,156.73,158.71001,455600
2022-11-21,158.17999,160.070007,157.75999,159.91,478900
2022-11-22,160.5,161.42,159.67,160.88,492200
2022-11-23,160.19,161.64,159.49001,161.32001,560700
2022-11-25,161.67,162.53999,160.36,161.46001,176400
2022-11-28,160.84,161.61,157.78,158.13,605900
2022-11-29,157.87,162.28,157.62,161.92,495500
2022-11-30,160.95,164.94,159.23,164.88,749500
2022-12-01,166.17999,167.36,163.050003,164.22,512900
2022-12-02,162.67,164.97,161.86,164.25999,515600
2022-12-05,162.61,162.89999,159.11,159.39999,1146200
2022-12-06,159.77,160.33,156.36,157.19,695100
2022-12-07,156.63,159.60001,156.63,159.23,696300
2022-12-08,161.28999,164.52,160.39999,163.27,820400
2022-12-09,162.71001,164.53999,161.53,161.64,455300
2022-12-12,161.64,163.73,159.58,163.62,482700
2022-12-13,168.60001,168.67,163.14999,165.63,715500
2022-12-14,165.78999,168.73,163.53,164.46001,550300
2022-12-15,161.38,163.81,159.82001,161.17,595600
2022-12-16,158.63,158.77,154.98,157.60001,1542200
2022-12-19,157.0,157.38,154.72,155.31,747700
2022-12-20,154.089996,155.28,153.35001,154.11,489500
2022-12-21,154.88,157.38,154.58,155.96001,607500
2022-12-22,155.11,155.91,152.53,154.92999,393100
2022-12-23,154.35001,156.49001,153.38,156.35001,205300
2022-12-27,156.5,157.67999,155.42999,156.82001,349200
2022-12-28,157.21001,157.75999,153.58,153.89,353000
2022-12-29,155.22,158.33,154.49001,157.74001,370100
2022-12-30,156.92999,157.66,155.24001,156.99001,436100
2023-01-03,157.42,159.070007,154.080002,155.42,405500
2023-01-04,156.17999,158.56,156.17999,157.74001,598200
2023-01-05,155.96001,156.28999,152.16,153.0099945,545800
2023-01-06,153.85001,159.070007,153.28999,158.31,336600
2023-01-09,156.95,159.11,155.53999,155.75999,437900
2023-01-10,155.050003,156.2,153.87,154.72,622400
2023-01-11,155.57001,160.95,155.57001,160.60001,758200
2023-01-12,159.84,162.23,158.029999,160.49001,825000
2023-01-13,158.71001,160.62,157.52,159.91,735800
2023-01-17,159.97,162.029999,159.67999,161.37,543700
2023-01-18,161.53999,161.96001,157.60001,157.7,805000
2023-01-19,157.16,159.53,155.070007,155.25999,827800
2023-01-20,155.19,155.75999,152.66,155.46001,1151700
2023-01-23,155.59,157.3,154.19,157.22,855500
2023-01-24,157.98,162.19,156.0,161.24001,940500
2023-01-25,160.47,162.56,159.55,162.47,1337500
2023-01-26,163.38,164.55,162.16,162.55,572400
2023-01-27,162.52,165.89,162.2,164.95,426800
2023-01-30,163.42,164.78,161.67,161.75,602100
2023-01-31,161.67,167.050003,160.98,166.72,913600
2023-02-01,165.48,169.72,165.0,168.44,1301500
2023-02-02,169.089996,174.88,168.53,174.11,1123800
2023-02-03,172.37,173.16,167.37,173.050003,1190100
2023-02-06,171.32001,174.28999,170.86,172.72,1047700
2023-02-07,171.45,175.039993,170.21001,173.42999,876200
2023-02-08,172.64,174.85001,171.98,174.61,584400
2023-02-09,175.52,176.36,171.0099945,171.53999,532100
2023-02-10,170.89,171.92,169.35001,171.37,621400
2023-02-13,171.49001,173.42999,171.49001,172.21001,543600
2023-02-14,171.82001,173.24001,170.22,170.87,443100
2023-02-15,170.0,170.71001,168.84,170.32001,607900
2023-02-16,168.37,169.83,166.89999,168.0,917400
2023-02-17,168.19,168.62,165.080002,168.34,2145600
2023-02-21,167.37,167.74001,163.78999,164.92999,421000
2023-02-22,165.56,166.60001,163.67,164.78999,412400
2023-02-23,166.71001,166.71001,164.16,165.37,779100
2023-02-24,163.71001,164.080002,162.11,163.92,294900
2023-02-27,165.78999,165.92999,161.020004,161.47,442100
2023-02-28,161.52,162.75999,160.029999,160.10001,898500
2023-03-01,158.99001,159.22,154.36,155.58,820000
2023-03-02,154.57001,157.32001,154.28,156.86,710800
2023-03-03,158.070007,159.95,157.88,159.47,468800
2023-03-06,160.11,161.57001,159.020004,159.81,502000
2023-03-07,159.62,159.67999,151.57001,151.91,942300
2023-03-08,151.58,157.13,151.58,155.92,838700
2023-03-09,156.14999,156.23,152.28,152.91,1047100
2023-03-10,153.020004,153.52,147.67999,149.050003,1213300
2023-03-13,148.37,153.78,148.17999,151.5,661200
2023-03-14,152.83,153.64,150.28999,151.39999,994000
2023-03-15,150.23,152.19,148.72,150.83,760100
2023-03-16,149.8,150.45,147.0,149.42999,823900
2023-03-17,148.91,149.28,145.22,145.28999,1025300
2023-03-20,145.32001,147.21001,144.28,146.56,525900
2023-03-21,147.039993,147.17,142.8,144.89,1032600
2023-03-22,143.81,144.73,140.67,140.75,726800
2023-03-23,141.0,142.81,139.49001,139.99001,778900
2023-03-24,139.020004,143.44,138.67999,143.34,810800
2023-03-27,144.39,144.8,143.050003,143.19,946600
2023-03-28,141.66,144.089996,141.080002,143.57001,883400
2023-03-29,145.039993,146.82001,144.88,146.75999,779400
2023-03-30,148.42999,149.23,147.75,148.48,686200
2023-03-31,148.84,151.17,148.38,151.039993,773700
2023-04-03,150.39999,152.71001,148.8,149.82001,724100
2023-04-04,150.21001,150.21001,148.0,149.16,807300
2023-04-05,149.039993,150.21001,148.28999,149.19,827100
2023-04-06,149.5,150.28999,148.27,150.25999,390100
2023-04-10,149.22,149.94,147.7,149.87,599200
2023-04-11,149.64,151.27,149.17999,150.24001,512000
2023-04-12,150.60001,151.77,148.91,149.14999,701600
2023-04-13,147.50999,148.10001,145.38,147.42,863500
2023-04-14,147.89999,148.53,145.44,147.059998,1198300
2023-04-17,147.42999,150.24001,147.23,150.19,602600
2023-04-18,149.95,150.25999,148.78999,149.19,600300
2023-04-19,148.0,150.81,147.5,150.58,509200
2023-04-20,149.96001,150.45,148.60001,149.37,553100
2023-04-21,149.89999,150.24001,147.71001,150.13,407100
2023-04-24,150.86,150.94,149.25,149.98,771700
2023-04-25,149.67999,149.98,147.84,147.84,793200
2023-04-26,147.69,149.42,146.88,147.39999,688500
2023-04-27,149.34,151.82001,148.92,151.32001,898200
2023-04-28,151.98,154.61,151.35001,153.8,627600
2023-05-01,153.92999,155.039993,153.0,154.5,664200
2023-05-02,153.8,154.73,149.33,150.2,751000
2023-05-03,151.50999,152.25,149.42999,149.58,550300
2023-05-04,149.050003,151.63,148.42,149.45,385100
2023-05-05,150.059998,152.63,150.059998,152.39,323800
2023-05-08,151.58,152.27,151.070007,151.95,369700
2023-05-09,150.8,151.67999,149.2,150.8,504000
2023-05-10,152.13,152.78,150.41,151.88,605200
2023-05-11,150.52,153.25,150.44,153.13,593900
2023-05-12,153.42,153.8,152.24001,153.39,553900
2023-05-15,150.75,152.34,149.53,152.28,491100
2023-05-16,152.60001,152.60001,148.45,148.50999,524300
2023-05-17,149.12,150.52,147.83,149.0099945,582200
2023-05-18,148.52,149.69,147.55,148.38,413600
2023-05-19,149.38,150.74001,147.85001,148.17999,457400
2023-05-22,148.0,148.7,146.78,147.22,433600
2023-05-23,147.23,148.94,145.55,146.22,706100
2023-05-24,146.33,146.42999,144.46001,144.87,683900
2023-05-25,145.45,145.67,143.72,144.52,879100
2023-05-26,144.49001,146.45,143.73,145.96001,576700
2023-05-30,146.81,147.84,146.14,147.12,753000
2023-05-31,147.27,148.17999,146.3,147.059998,871000
2023-06-01,147.3,147.49001,145.17999,146.92,737100
2023-06-02,148.38,151.020004,148.10001,150.66,604000
2023-06-05,150.41,152.78999,149.27,150.34,575000
2023-06-06,151.14,151.34,149.48,151.10001,421700
2023-06-07,151.11,155.53999,150.99001,154.95,518500
2023-06-08,154.25,154.25,151.5,153.050003,390500
2023-06-09,153.92,154.60001,153.12,154.27,496000
2023-06-12,153.97,153.97,151.5,152.73,543500
2023-06-13,151.82001,153.78,151.28,153.67999,513500
2023-06-14,154.35001,155.11,152.47,153.39999,388400
2023-06-15,153.2,154.92,152.0,154.17,549300
2023-06-16,155.23,156.47,154.25999,155.28999,1198300
2023-06-20,154.89,154.94,152.46001,153.61,643700
2023-06-21,152.87,153.17,151.10001,151.71001,535400
2023-06-22,152.17999,152.17999,147.13,149.089996,470200
2023-06-23,148.89999,148.89999,145.25999,145.64,824300
2023-06-26,145.55,149.86,145.49001,149.7,638500
2023-06-27,150.080002,152.020004,148.92999,151.45,738500
2023-06-28,151.36,151.48,148.64999,150.27,664100
2023-06-29,149.50999,152.28999,149.2,152.070007,421100
2023-06-30,153.64999,153.89,149.82001,151.86,820300
2023-07-03,151.25999,154.91,151.25999,153.74001,201800
2023-07-05,153.0099945,155.19,151.88,153.63,503400
2023-07-06,151.41,154.28999,148.97,153.75999,575800
2023-07-07,153.36,154.27,152.78999,153.17,472800
2023-07-10,152.17,153.88,151.72,153.36,537000
2023-07-11,153.92999,155.75999,153.36,155.67,577200
2023-07-12,157.45,158.46001,156.55,157.27,1089900
2023-07-13,155.25,156.070007,154.50999,155.73,721600
2023-07-14,155.48,156.39999,154.24001,156.17999,577800
2023-07-17,155.8,155.8,153.22,153.49001,575500
2023-07-18,153.86,153.86,151.25999,151.69,558400
2023-07-19,152.85001,153.17999,151.34,152.92,672900
2023-07-20,152.99001,153.77,151.35001,153.63,569100
2023-07-21,153.67,155.050003,153.60001,154.77,386000
2023-07-24,155.070007,156.28,154.3,154.75999,372200
2023-07-25,154.22,155.38,151.25,151.83,514000
2023-07-26,152.12,153.97,152.10001,152.92,754900
2023-07-27,152.92,153.28999,147.77,149.45,954500
2023-07-28,151.21001,151.37,148.36,148.74001,469800
2023-07-31,148.92,150.78999,148.62,149.66,550800
2023-08-01,149.0,150.11,146.88,148.0099945,597400
2023-08-02,147.48,147.88,146.089996,146.7,653300
2023-08-03,146.25999,146.25999,142.64999,145.83,658100
2023-08-04,145.75999,148.36,144.94,145.21001,622200
2023-08-07,145.75,147.039993,145.039993,146.89,452600
2023-08-08,145.8,146.33,144.53999,145.60001,297100
2023-08-09,145.57001,146.47,144.53,145.78,332300
2023-08-10,146.27,147.39,143.71001,144.19,430100
2023-08-11,144.039993,144.92999,143.63,144.27,670200
2023-08-14,144.27,144.38,141.56,142.61,710600
2023-08-15,141.39,142.57001,141.23,141.78,524400
2023-08-16,141.84,142.83,140.64999,142.41,634800
2023-08-17,142.45,145.089996,142.089996,143.64999,764100
2023-08-18,142.56,144.38,142.49001,143.78,562100
2023-08-21,143.46001,143.82001,141.83,142.27,444900
2023-08-22,142.89999,143.12,141.36,141.52,431700
2023-08-23,142.28999,143.58,141.75999,143.53999,408900
2023-08-24,143.62,146.089996,143.17,143.17,344400
2023-08-25,143.37,145.42999,143.37,144.73,309100
2023-08-28,145.28999,147.0,145.11,145.24001,420500
2023-08-29,145.32001,146.10001,144.37,145.84,296300
2023-08-30,146.28999,147.13,145.67999,146.35001,351100
2023-08-31,146.28999,146.64,144.78,145.23,862600
2023-09-01,145.89999,146.17999,143.35001,144.27,555900
2023-09-05,144.0,144.49001,141.86,141.92,520500
2023-09-06,141.60001,142.17,140.27,141.13,475200
2023-09-07,140.5,142.10001,139.62,140.14999,731000
2023-09-08,140.45,140.45,137.39999,137.89999,649700
2023-09-11,138.0,138.3,136.28999,136.7,531900
2023-09-12,136.17999,138.5,135.5,138.41,492000
2023-09-13,138.59,138.59,136.070007,136.53,655600
2023-09-14,137.81,138.97,137.2,137.97,559300
2023-09-15,137.47,138.69,137.21001,138.0,969900
2023-09-18,138.0099945,138.0099945,135.53,135.66,380700
2023-09-19,135.67999,137.14999,135.57001,136.38,588500
2023-09-20,137.66,138.050003,136.52,136.7,305200
2023-09-21,135.85001,135.85001,132.039993,132.17999,584700
2023-09-22,132.33,132.58,130.12,130.21001,697800
2023-09-25,129.73,130.59,129.17999,130.48,704200
2023-09-26,129.11,130.59,129.11,130.49001,1094000
2023-09-27,131.050003,131.75,127.93,128.070007,963100
2023-09-28,128.75999,129.86,128.0099945,128.94,674400
2023-09-29,131.0,131.85001,128.089996,128.64999,767700
2023-10-02,128.080002,128.92,126.46,127.3,685200
2023-10-03,126.73,127.31,125.78,126.099998,789900
2023-10-04,126.95,127.94,125.59,127.88,628800
2023-10-05,127.73,128.53999,126.9,128.36,392000
2023-10-06,127.32,131.24001,126.7,130.32001,652300
2023-10-09,130.22,134.23,129.87,133.53,726100
2023-10-10,133.13,134.7,132.35001,132.42,653000
2023-10-11,133.35001,134.49001,132.070007,134.020004,780300
2023-10-12,132.2,132.72,131.050003,131.72,601300
2023-10-13,132.48,132.64,130.95,131.42,526700
2023-10-16,131.98,133.24001,130.66,132.7,552300
2023-10-17,131.55,134.19,131.55,133.85001,568100
2023-10-18,133.17999,133.44,131.64,131.95,782200
2023-10-19,131.12,133.75999,130.75,130.89999,678500
2023-10-20,131.33,131.94,128.58,128.63,827400
2023-10-23,127.62,129.089996,126.81,127.37,647600
2023-10-24,127.84,129.84,127.43,129.78,797100
2023-10-25,128.8,129.39999,127.13,127.38,782700
2023-10-26,126.99,127.029999,120.87,121.81,1655300
2023-10-27,122.33,122.33,117.28,117.57,1625100
2023-10-30,118.69,119.38,115.79,117.51,1310200
2023-10-31,117.25,118.43,115.74,118.15,1209000
2023-11-01,117.72,118.0,115.56,117.58,836500
2023-11-02,119.93,121.67,119.040001,120.78,768400
2023-11-03,123.21,126.53,123.099998,124.26,1021600
2023-11-06,123.35,123.97,120.87,121.76,826300
2023-11-07,121.92,121.92,118.69,119.59,764600
2023-11-08,120.36,121.45,119.98,120.95,536700
2023-11-09,121.43,121.49,119.58,119.78,819100
2023-11-10,120.88,123.040001,119.67,122.72,1836600
2023-11-13,121.64,122.27,118.72,119.59,964600
2023-11-14,123.21,126.47,122.84,124.15,1383400
2023-11-15,124.15,125.44,122.69,123.16,1192000
2023-11-16,123.66,124.34,121.78,121.8,719500
2023-11-17,123.27,123.27,120.86,121.42,1775900
2023-11-20,121.42,122.75,120.32,122.55,979800
2023-11-21,122.17,122.93,120.99,121.56,727700
2023-11-22,123.17,123.2,121.53,122.29,1062700
2023-11-24,122.13,122.81,121.38,122.67,247100
2023-11-27,122.39,123.019997,121.77,122.22,640000
2023-11-28,121.92,124.58,121.52,123.99,1212400
2023-11-29,125.080002,126.46,123.76,123.86,630800
2023-11-30,123.78,124.71,123.019997,124.48,1137300
2023-12-01,124.69,128.039993,124.17,126.79,1013800
2023-12-04,125.8,127.010002,125.29,126.83,888500
2023-12-05,126.19,126.6,124.56,126.45,738000
2023-12-06,126.72,128.82001,126.72,127.13,1073700
2023-12-07,127.23,127.76,126.32,127.18,637300
2023-12-08,126.69,128.0099945,126.53,127.13,633600
2023-12-11,126.46,127.099998,125.59,126.43,1013100
2023-12-12,125.95,128.0,125.11,127.63,1433300
2023-12-13,128.47,134.78,128.080002,133.61,1511900
2023-12-14,136.050003,139.89,136.050003,138.45,1241800
2023-12-15,137.57001,137.59,133.57001,134.52,1552900
2023-12-18,135.22,135.67,134.21001,135.42999,802100
2023-12-19,135.67999,136.42,134.17999,134.77,819000
2023-12-20,134.5,135.10001,131.86,132.13,1207900
2023-12-21,133.14999,133.88,130.95,132.029999,1513800
2023-12-22,133.0,134.39,132.75999,133.12,817200
2023-12-26,133.32001,134.50999,133.14,134.059998,335400
2023-12-27,134.0,134.97,133.42999,134.31,632700
2023-12-28,134.0,136.64999,133.96001,136.55,575100
2023-12-29,135.89,136.3,134.41,134.46001,614200
2024-01-02,133.53,136.19,133.42999,135.84,647400
2024-01-03,134.8,134.85001,132.039993,132.2,724900
2024-01-04,131.66,133.92,131.37,132.16,784200
2024-01-05,131.21001,132.92999,130.41,131.78,779700
2024-01-08,131.33,133.96001,131.0,133.49001,773400
2024-01-09,132.32001,133.31,131.32001,132.39,720300
2024-01-10,132.92,133.25,131.92999,132.58,811100
2024-01-11,130.21001,134.14,129.31,133.94,1432900
2024-01-12,135.36,136.24001,133.78999,134.029999,683700
2024-01-16,134.45,136.28999,133.86,135.47,1653200
2024-01-17,133.92999,135.83,131.28,133.0,1446000
2024-01-18,132.67999,133.73,131.42,131.46001,1225100
2024-01-19,131.88,136.0,131.74001,135.24001,1528700
2024-01-22,135.67,137.34,135.67,135.91,1183700
2024-01-23,136.41,136.92,134.53999,135.61,1599100
2024-01-24,136.19,137.3,133.92,134.059998,1431000
2024-01-25,134.71001,135.61,131.41,131.98,1475400
2024-01-26,132.38,132.38,129.78999,130.84,1129200
2024-01-29,130.96001,131.73,130.14,130.89999,810300
2024-01-30,130.35001,131.21001,129.38,129.97,713400
2024-01-31,130.60001,131.020004,126.13,126.38,2167400
2024-02-01,126.11,128.14999,124.95,127.92,1793700
2024-02-02,126.97,129.020004,125.97,128.0,1198500
2024-02-05,126.43,126.8,124.84,124.84,944200
2024-02-06,124.53,126.050003,124.26,125.58,994700
2024-02-07,125.59,125.93,123.77,125.18,1030700
2024-02-08,125.14,126.010002,122.029999,124.48,1437000
2024-02-09,124.010002,124.95,123.37,124.52,1076200
2024-02-12,124.77,126.46,124.41,125.47,729400
2024-02-13,122.89,123.5,121.51,123.35,1032600
2024-02-14,123.73,125.73,123.44,125.089996,820200
2024-02-15,126.32,129.58,126.32,129.50999,775700
2024-02-16,129.50999,130.12,127.96,129.17,1027600
2024-02-20,129.0,129.69,126.32,126.62,768000
2024-02-21,126.87,127.96,126.45,127.67,420100
2024-02-22,128.47,128.47,126.51,126.59,611200
2024-02-23,126.45,127.48,125.75,126.32,465600
2024-02-26,125.95,126.33,123.23,123.7,775900
2024-02-27,125.080002,125.96,124.24,124.89,689500
2024-02-28,123.95,127.29,123.77,125.83,667400
2024-02-29,126.88,127.21,125.38,125.68,1478400
2024-03-01,125.55,127.71,124.31,127.63,786700
2024-03-04,127.26,129.56,124.98,129.3,1089600
2024-03-05,128.83,130.029999,128.33,128.91,667700
2024-03-06,129.92999,130.67999,129.22,129.95,579000
2024-03-07,130.47,132.78999,130.39,132.69,819500
2024-03-08,133.95,135.12,132.75999,134.91,676900
2024-03-11,135.0099945,136.050003,134.64,134.97,574900
2024-03-12,134.69,134.85001,131.0099945,132.36,816200
2024-03-13,132.020004,133.44,131.71001,131.95,616700
2024-03-14,131.36,131.7,128.47,130.27,616800
2024-03-15,128.67,131.039993,128.67,130.34,1167800
2024-03-18,130.23,130.84,129.38,129.78999,546000
2024-03-19,130.080002,130.64999,128.64999,130.39999,557700
2024-03-20,130.14999,132.12,129.55,131.28999,815100
2024-03-21,131.78,133.92,131.66,132.94,656000
2024-03-22,133.059998,133.16,130.34,130.85001,485800
2024-03-25,131.14,131.64999,129.94,130.0,311500
2024-03-26,130.14,130.31,128.73,128.83,549800
2024-03-27,130.16,132.059998,130.16,130.8,693800
2024-03-28,131.5,132.34,131.28,131.58,741900
2024-04-01,131.44,131.63,128.7,128.7,577500
2024-04-02,127.58,128.070007,126.65,127.45,598700
2024-04-03,126.86,128.67,126.32,128.45,758100
2024-04-04,129.84,130.22,126.55,126.83,637600
2024-04-05,126.33,127.64,125.39,127.099998,668600
2024-04-08,128.86,133.44,128.28,132.72,1128600
2024-04-09,133.41,136.39,133.28,135.38,1096700
2024-04-10,132.94,133.85001,131.33,132.95,801400
2024-04-11,133.96001,133.96001,130.96001,131.99001,647800
2024-04-12,129.71001,130.2,127.6,128.13,572100
2024-04-15,129.050003,129.45,125.93,126.63,406700
2024-04-16,126.089996,126.23,123.73,123.79,579200
2024-04-17,123.84,126.83,123.84,124.8,1375900
2024-04-18,124.94,125.7,124.010002,124.62,1016600
2024-04-19,125.17,126.37,125.17,126.080002,564700
2024-04-22,126.25,128.21001,125.55,127.47,486300
2024-04-23,127.44,128.75,127.17,127.49,708000
2024-04-24,126.37,128.85001,125.99,128.39999,495000
2024-04-25,127.57,128.31,126.7,127.2,863200
2024-04-26,127.51,129.78,127.51,129.23,874700
2024-04-29,130.059998,131.67,130.059998,131.13,942200
2024-04-30,129.66,131.82001,129.66,130.0,1025700
2024-05-01,129.81,132.0,129.27,130.62,943500
2024-05-02,129.92,131.72,127.24,131.67999,1451600
2024-05-03,133.11,134.53999,132.49001,133.0,1071000
2024-05-06,134.58,137.029999,133.78999,136.82001,1078600
2024-05-07,138.080002,138.2,135.92999,136.19,648100
2024-05-08,135.85001,135.92,132.89999,132.99001,676500
2024-05-09,133.59,136.46001,133.53,136.34,612100
2024-05-10,136.84,136.94,135.22,135.47,334200
2024-05-13,135.89999,136.88,135.31,136.070007,316800
2024-05-14,137.0,137.33,135.78,136.82001,537800
2024-05-15,138.7,138.95,137.11,137.71001,571100
2024-05-16,137.61,138.19,136.86,136.86,456400
2024-05-17,137.38,137.92,136.39,137.74001,455300
2024-05-20,137.74001,137.97,136.22,136.86,422300
2024-05-21,136.88,137.22,136.21001,136.5,365100
2024-05-22,136.38,137.77,135.75999,136.0,534200
2024-05-23,135.72,135.85001,132.83,132.92,588800
2024-05-24,133.2,133.74001,132.64,133.2,351100
2024-05-28,133.94,134.33,130.14999,130.31,551900
2024-05-29,128.64,128.87,126.77,128.78,790600
2024-05-30,129.69,130.60001,129.25,129.86,489900
2024-05-31,130.72,133.84,129.96001,133.71001,1523500
2024-06-03,134.57001,135.36,133.19,133.7,475000
2024-06-04,133.99001,137.23,133.99001,136.47,684600
2024-06-05,136.059998,136.87,135.0099945,136.75,538100
2024-06-06,135.88,137.11,135.070007,137.089996,443200
2024-06-07,135.81,136.94,135.7,136.66,505300
2024-06-10,136.67999,139.35001,136.57001,138.5,878800
2024-06-11,137.64999,138.64,136.77,136.97,739200
2024-06-12,139.64999,140.0,136.94,137.34,527500
2024-06-13,138.35001,139.67,137.82001,138.21001,454900
2024-06-14,137.75999,139.45,136.85001,139.32001,495800
2024-06-17,138.63,140.2,137.59,139.36,427000
2024-06-18,139.78,141.49001,139.78,141.25,411900
2024-06-20,140.34,140.94,139.28,140.19,462400
2024-06-21,141.16,141.16,139.50999,140.96001,1175700
2024-06-24,141.23,143.84,140.92,143.32001,487700
2024-06-25,143.35001,143.39999,140.91,141.12,463300
2024-06-26,139.89999,140.53999,139.029999,139.14,545600
2024-06-27,139.14,140.64999,138.28999,140.53999,457600
2024-06-28,141.38,142.63,140.35001,142.61,844900
2024-07-01,142.16,142.44,139.60001,141.17999,422500
2024-07-02,141.81,142.25999,139.98,141.0099945,518400
2024-07-03,140.55,141.14,138.81,139.42999,311800
2024-07-05,139.78999,140.22,138.58,138.8,489700
2024-07-08,139.039993,139.67999,138.14,139.14,666300
2024-07-09,139.52,139.92,137.50999,139.11,754300
2024-07-10,139.73,140.17999,138.84,140.020004,478100
2024-07-11,142.21001,143.52,140.64,140.96001,648100
2024-07-12,141.87,142.17999,139.74001,140.64,957400
2024-07-15,139.50999,141.7,139.38,139.95,945000
2024-07-16,140.36,143.0099945,139.8,142.63,663000
2024-07-17,142.64,144.58,142.64,144.28,639900
2024-07-18,143.48,147.94,143.48,144.78999,617600
2024-07-19,145.5,145.5,142.78,143.7,442100
2024-07-22,143.82001,145.47,143.17,145.029999,497600
2024-07-23,144.73,145.73,143.48,143.71001,577900
2024-07-24,143.71001,144.64,142.74001,143.41,472300
2024-07-25,143.63,145.46001,138.89,140.12,855300
2024-07-26,140.58,143.41,140.13,142.5,496800
2024-07-29,142.78,144.039993,141.31,143.16,532700
2024-07-30,143.49001,143.95,140.3,141.31,621200
2024-07-31,141.0,141.84,139.60001,139.77,908300
2024-08-01,141.49001,147.35001,141.49001,146.41,835400
2024-08-02,147.56,152.029999,146.81,150.020004,1152100
2024-08-05,149.0,149.0,145.8,146.52,938000
2024-08-06,146.50999,150.75,146.50999,150.24001,844100
2024-08-07,150.60001,154.19,149.82001,150.91,1489500
2024-08-08,151.050003,153.39999,150.63,153.070007,754200
2024-08-09,153.070007,153.46001,151.14999,153.070007,765200
2024-08-12,154.64999,154.64999,151.49001,152.25,678800
2024-08-13,153.34,153.97,152.48,153.0,589500
2024-08-14,153.0,153.89,152.070007,153.33,634900
2024-08-15,153.33,154.75,152.020004,153.35001,638600
2024-08-16,153.42999,153.94,151.36,152.84,671700
2024-08-19,153.27,153.94,151.86,152.64999,517100
2024-08-20,153.089996,153.44,151.56,153.10001,550600
2024-08-21,153.45,153.63,152.41,153.0,852200
2024-08-22,153.77,155.22,152.55,154.21001,731300
2024-08-23,154.84,157.17999,154.49001,156.63,858100
2024-08-26,158.52,158.52,156.25,157.94,641100
2024-08-27,157.089996,160.64,156.58,160.31,742600
2024-08-28,160.5,161.82001,160.28,161.50999,565900
2024-08-29,160.81,162.029999,159.75999,161.10001,517200
2024-08-30,161.69,162.61,160.78999,162.37,687500
2024-09-03,161.96001,164.88,161.89,163.57001,660200
2024-09-04,163.57001,165.14,161.60001,163.0,895800
2024-09-05,164.020004,164.42,159.89,161.14999,844900
2024-09-06,161.25,161.25,158.0,159.53,1050400
2024-09-09,159.89999,161.50999,159.0099945,160.3,833500
2024-09-10,161.10001,165.95,160.28,163.53999,554200
2024-09-11,162.0099945,164.81,161.039993,164.7,542400
2024-09-12,164.44,165.55,163.25999,164.44,425700
2024-09-13,165.2,166.3,164.0,166.17999,675300
2024-09-16,167.12,167.39,165.95,166.64999,552600
2024-09-17,165.89999,166.28999,163.3,164.0,660100
2024-09-18,164.17999,166.42,162.97,163.92,1120900
2024-09-19,165.0,165.52,162.69,164.50999,753100
2024-09-20,163.88,164.57001,161.92999,162.46001,2367400
2024-09-23,163.37,164.42,162.58,163.66,984600
2024-09-24,162.62,163.71001,162.2,162.89,512200
2024-09-25,163.64999,163.74001,161.46001,161.56,765700
2024-09-26,161.28,162.2,158.36,158.72,1073100
2024-09-27,160.070007,160.070007,157.53999,157.77,636100
2024-09-30,157.66,159.52,157.050003,158.89999,815800
2024-10-01,159.60001,159.71001,156.95,157.81,702100
2024-10-02,156.39,157.28999,155.55,156.96001,579500
2024-10-03,156.75,156.89999,154.17,155.14999,527600
2024-10-04,154.28,154.85001,152.59,154.62,515900
2024-10-07,153.72,153.89,152.52,153.53999,480100
2024-10-08,154.48,154.67999,152.16,153.039993,520700
2024-10-09,153.039993,153.62,152.16,153.28,425800
2024-10-10,152.72,153.82001,151.57001,152.21001,383100
2024-10-11,153.34,153.55,152.2,153.41,445000
2024-10-14,152.85001,154.28999,152.0,153.48,457500
2024-10-15,153.0,154.34,152.50999,152.66,609100
2024-10-16,152.81,154.99001,152.81,153.91,503900
2024-10-17,153.49001,153.94,152.28999,152.96001,550400
2024-10-18,153.7,154.78999,152.96001,154.59,406600
2024-10-21,155.0,155.0,152.089996,152.61,653800
2024-10-22,152.61,154.97,152.31,153.91,444200
2024-10-23,154.059998,157.17,154.029999,156.34,819300
2024-10-24,156.64,157.91,155.84,156.070007,486800
2024-10-25,156.55,156.55,153.24001,153.32001,428300
2024-10-28,154.34,155.59,153.23,153.78999,315400
2024-10-29,153.61,154.10001,150.97,150.97,680400
2024-10-30,150.94,152.67,150.92,152.14999,690400
2024-10-31,153.39999,154.69,149.99001,151.34,1752400
2024-11-01,150.73,152.59,149.029999,149.17,1027700
2024-11-04,149.63,152.2,149.60001,152.17999,661500
2024-11-05,150.92,155.029999,150.60001,155.029999,565300
2024-11-06,157.7,157.7,149.50999,153.59,1144900
2024-11-07,154.31,155.37,153.25999,154.69,435200
2024-11-08,155.67999,160.41,155.24001,159.14,549200
2024-11-11,158.59,161.25999,158.59,160.0099945,572100
2024-11-12,159.53,160.89,158.95,159.75999,1150900
2024-11-13,161.11,162.42999,160.53999,161.34,663200
2024-11-14,161.17999,161.42999,157.22,157.37,617600
2024-11-15,156.91,158.50999,155.89999,158.089996,553100
2024-11-18,156.69,158.60001,156.69,158.52,510000
2024-11-19,157.97,158.31,156.53999,158.13,450100
2024-11-20,157.42,158.089996,156.27,157.74001,475200
2024-11-21,157.50999,159.38,157.3,158.53,565500
2024-11-22,159.14,161.22,159.14,160.94,507100
2024-11-25,161.49001,163.28999,161.089996,161.98,1044600
2024-11-26,161.94,163.67,161.49001,163.16,520400
2024-11-27,164.12,166.12,163.96001,165.2,520900
2024-11-29,165.23,165.92,164.0,164.16,578400
2024-12-02,163.14999,163.14999,161.71001,162.3,729600
2024-12-03,162.78999,163.0099945,160.88,160.99001,782000
2024-12-04,161.41,161.41,159.50999,160.0,523500
2024-12-05,158.69,159.75999,158.32001,159.19,495600
2024-12-06,159.19,159.99001,158.36,158.94,609500
2024-12-09,158.36,159.47,157.74001,159.14999,650500
2024-12-10,159.020004,159.84,157.57001,158.56,474700
2024-12-11,159.17999,159.63,157.35001,158.33,1095300
2024-12-12,157.32001,160.87,157.23,158.35001,612700
2024-12-13,158.0,158.78999,156.42999,157.22,387700
2024-12-16,157.25999,160.73,156.16,158.55,437900
2024-12-17,157.44,158.89999,154.8,156.070007,767900
2024-12-18,155.44,157.74001,150.7,150.87,633100
2024-12-19,150.45,152.95,149.25,149.42999,851900
2024-12-20,150.080002,154.45,150.080002,153.39999,2366500
2024-12-23,152.92999,153.59,151.62,153.33,495600
2024-12-24,153.37,154.96001,152.49001,154.75999,168000
2024-12-26,154.62,155.44,153.78999,155.22,277800
2024-12-27,154.089996,155.59,153.48,153.75,421800
2024-12-30,153.16,153.59,151.10001,153.039993,410200
2024-12-31,154.089996,155.13,152.66,154.57001,697500
2025-01-02,154.21001,155.029999,152.12,152.47,505200
2025-01-03,152.10001,155.2,151.50999,155.059998,550800
2025-01-06,154.5,154.92999,149.39,149.77,618000
2025-01-07,150.0,151.73,147.64,148.25999,644700
2025-01-08,148.22,149.48,146.85001,149.34,672400
2025-01-10,147.67,150.0,146.77,148.19,813900
2025-01-13,148.60001,150.25,148.2,150.19,738800
2025-01-14,150.2,151.92,149.89999,151.37,483900
2025-01-15,152.53999,153.50999,149.32001,149.46001,592300
2025-01-16,150.14,150.73,148.74001,150.63,396600
2025-01-17,151.14999,151.83,150.020004,150.52,671600
2025-01-21,150.41,152.78999,149.35001,150.50999,675100
2025-01-22,149.3,149.32001,146.95,147.13,668500
2025-01-23,146.95,147.89,144.36,146.89999,756200
2025-01-24,147.39999,149.41,146.32001,148.41,685800
2025-01-27,149.59,154.47,149.17999,153.63,818000
2025-01-28,152.98,153.66,151.020004,151.41,611200
2025-01-29,152.27,152.27,148.14,148.56,503400
2025-01-30,150.47,152.82001,150.039993,151.84,454700
2025-01-31,151.46001,154.14,151.46001,152.58,934400
2025-02-03,152.0099945,154.35001,150.25999,152.49001,873700
2025-02-04,151.8,154.86,150.44,154.63,871900
2025-02-05,155.98,157.66,154.62,156.87,1118200
2025-02-06,157.7,159.28,156.020004,158.86,1591500
2025-02-07,159.87,161.22,157.53,158.13,1390900
2025-02-10,157.98,157.98,155.35001,156.86,867200
2025-02-11,155.56,156.10001,154.25999,156.029999,674400
2025-02-12,153.0099945,156.28,152.86,155.82001,691900
2025-02-13,156.070007,157.38,155.66,156.99001,605900
2025-02-14,158.0,158.92999,156.95,157.0,688400
2025-02-18,157.0,158.0099945,156.39,157.56,524600
2025-02-19,157.14,158.0099945,156.53999,157.46001,719700
2025-02-20,157.12,160.64999,156.58,160.080002,849600
2025-02-21,160.0099945,161.19,158.75999,160.67,1041300
2025-02-24,161.14,163.91,159.81,162.85001,762900
2025-02-25,163.0,165.52,162.85001,164.72,1030000
2025-02-26,164.64999,165.62,163.3,164.22,632200
2025-02-27,163.92999,167.73,163.89999,166.89999,813200
2025-02-28,168.080002,169.050003,165.89,168.12,1005500
2025-03-03,168.0,171.27,167.61,170.92,882100
2025-03-04,172.58,173.38,168.089996,168.14999,924500
2025-03-05,166.10001,170.62,165.89999,170.029999,1121300
2025-03-06,168.60001,168.84,165.44,166.77,606800
2025-03-07,167.58,168.34,165.89999,166.36,918300
2025-03-10,167.81,171.56,166.5,167.34,948600
2025-03-11,167.84,167.89,163.64999,165.0,898500
2025-03-12,164.53,165.3,161.56,161.77,855100
2025-03-13,161.7,162.75999,158.67999,161.74001,1191200
2025-03-14,162.2,163.60001,161.23,163.31,1081100
2025-03-17,162.49001,164.98,162.49001,164.49001,662400
2025-03-18,164.44,165.2,161.56,162.32001,626600
2025-03-19,162.32001,162.96001,160.0099945,161.78999,753200
2025-03-20,162.13,163.039993,160.52,162.57001,687000
2025-03-21,161.85001,162.62,159.57001,161.27,1539100
2025-03-24,162.029999,164.11,161.21001,163.71001,472200
2025-03-25,163.74001,164.82001,161.7,163.039993,605900
2025-03-26,163.81,164.59,162.64,164.5,501000
2025-03-27,165.0,166.81,164.0,165.25,717000
2025-03-28,166.45,166.45,163.86,165.89999,527500
2025-03-31,167.53999,169.42,166.28999,167.58,976100
2025-04-01,167.41,169.020004,164.77,167.48,588100
2025-04-02,167.52,168.71001,166.64999,168.0,511400
2025-04-03,166.24001,168.45,163.12,163.64,1011500
2025-04-04,162.73,164.13,152.7,153.080002,1386500
2025-04-07,149.92999,156.24001,146.16,150.71001,1861600
2025-04-08,154.36,154.36,148.74001,149.97,2130600
2025-04-09,146.98,158.74001,146.64999,157.85001,2457800
2025-04-10,156.35001,157.53,150.49001,154.87,1545000
2025-04-11,152.69,155.60001,150.0099945,154.3,1588600
2025-04-14,156.61,158.99001,155.089996,158.42999,1064300
2025-04-15,157.52,158.2,154.72,154.89,1545000
2025-04-16,155.0099945,156.32001,153.059998,153.82001,1642300
2025-04-17,154.48,157.95,154.070007,157.080002,895700
2025-04-21,155.91,157.62,153.28999,154.82001,577400
2025-04-22,157.11,160.0099945,156.47,158.32001,581700
2025-04-23,159.59,161.87,158.89,159.52,599800
2025-04-24,159.55,161.070007,158.38,159.46001,683400
2025-04-25,159.080002,159.83,158.0099945,159.38,366600
2025-04-28,159.029999,161.070007,159.029999,160.44,676600
2025-04-29,159.59,160.85001,157.41,157.49001,1309000
2025-04-30,157.56,159.94,155.21001,159.64999,957800
2025-05-01,157.94,163.73,156.089996,162.070007,1056600
2025-05-02,165.0,169.0,163.97,167.77,1026300
2025-05-05,167.070007,167.74001,164.77,165.34,653800
2025-05-06,164.050003,165.33,163.48,164.64999,471700
2025-05-07,164.64,166.039993,164.47,164.82001,820000
2025-05-08,165.14999,165.28999,161.5,161.66,956500
2025-05-09,161.41,163.59,160.89999,163.020004,632800
2025-05-12,163.64,164.81,161.8,163.63,548900
2025-05-13,163.86,163.86,159.85001,160.92999,677300
2025-05-14,160.080002,160.78,157.52,158.34,819200
2025-05-15,159.34,161.38,158.85001,160.89999,965700
2025-05-16,161.0,163.63,160.35001,163.2,1660800
2025-05-19,161.85001,162.64999,161.12,161.34,693000
2025-05-20,160.14999,161.63,159.81,160.35001,593100
2025-05-21,158.91,159.37,155.89,156.039993,538500
2025-05-22,157.25,157.57001,154.0099945,154.41,668500
2025-05-23,154.46001,154.52,152.14999,152.75999,659300
2025-05-27,153.99001,154.89,152.28999,154.23,970400
2025-05-28,154.25999,154.89999,152.77,154.82001,886000
2025-05-29,154.52,156.75999,153.85001,155.75,701600
2025-05-30,154.75999,156.71001,154.35001,156.64999,1329400
2025-06-02,155.52,156.23,153.77,155.67,759200
2025-06-03,154.75,155.36,149.78,152.42,1252800
2025-06-04,151.89999,152.63,150.85001,151.86,859900
2025-06-05,151.86,151.91,149.27,149.82001,974100
2025-06-06,150.75,151.89,148.55,149.89,645200
2025-06-09,149.57001,151.8,147.72,151.0,1231000
2025-06-10,151.92,152.94,150.84,151.86,1811100
2025-06-11,151.86,152.25999,149.75999,150.36,1400000
2025-06-12,150.59,151.45,149.23,151.45,907600
2025-06-13,150.50999,151.17,148.92999,149.85001,862800
2025-06-16,150.84,151.41,149.12,149.53,663900
2025-06-17,149.64999,150.57001,148.60001,148.99001,840600
2025-06-18,149.50999,150.21001,148.53,148.92,1187100
2025-06-20,149.64999,150.23,147.91,148.56,1473200
2025-06-23,149.17,150.77,148.32001,150.16,779800
2025-06-24,149.89999,150.16,148.34,149.17,1312700
2025-06-25,148.14,148.19,145.24001,145.91,1387000
2025-06-26,146.64,147.5,145.41,147.46001,1236000
2025-06-27,147.89999,149.080002,147.020004,147.85001,956600
2025-06-30,147.48,148.10001,145.13,148.0099945,825900
2025-07-01,148.020004,150.10001,146.070007,148.89999,912200
2025-07-02,148.49001,149.81,147.0,149.21001,1680600
2025-07-03,148.92,150.94,148.0099945,150.47,403500
2025-07-07,150.47,152.31,148.91,150.089996,1262300
2025-07-08,148.73,151.59,148.73,150.25999,1186500
2025-07-09,151.0,151.059998,149.50999,150.23,800800
2025-07-10,150.070007,152.83,149.070007,151.10001,1218600
2025-07-11,149.35001,151.5,149.35001,150.72,940000
2025-07-14,151.0,152.75,150.78,151.25999,696600
2025-07-15,149.44,149.7,146.78999,147.42999,1022600
2025-07-16,147.72,150.59,147.53,150.36,1027500
2025-07-17,150.69,151.57001,150.2,150.66,867200
2025-07-18,150.75999,151.95,150.27,150.77,720100
2025-07-21,151.41,152.050003,149.83,150.020004,741200
2025-07-22,150.029999,153.47,150.029999,153.2,678800
2025-07-23,153.22,153.92999,152.24001,152.73,701900
2025-07-24,152.91,153.31,151.48,151.67999,569700
2025-07-25,151.39,151.89999,150.50999,151.64999,560400
2025-07-28,151.24001,151.64,149.14,149.35001,714300
2025-07-29,149.69,152.35001,149.17,152.32001,619400
2025-07-30,151.63,151.72,147.32001,148.78999,1302300
2025-07-31,146.33,149.17999,142.14,142.42999,1824700
2025-08-01,144.25,144.25,138.67,140.0,1382700
2025-08-04,140.0,142.029999,139.48,140.10001,1154400
2025-08-05,140.42999,142.95,139.52,141.8,996100
2025-08-06,141.7,142.49001,139.64999,140.61,808000
2025-08-07,141.28,142.45,140.62,142.14999,587300
2025-08-08,142.44,142.49001,140.0099945,140.48,481200
2025-08-11,140.50999,141.0,138.34,138.48,724900
2025-08-12,138.52,138.82001,137.32001,138.38,910900
2025-08-13,138.17999,139.99001,137.94,139.77,1637700
2025-08-14,139.42999,140.21001,138.39999,140.029999,879800
2025-08-15,139.87,141.62,139.57001,140.89999,927500
2025-08-18,141.60001,141.75,140.0,140.059998,623300
2025-08-19,140.58,142.41,140.56,142.39999,810500
2025-08-20,143.11,144.66,142.27,142.36,922100
2025-08-21,141.33,142.66,140.75999,141.0099945,635800
2025-08-22,141.95,143.73,141.56,143.029999,849700
2025-08-25,142.35001,143.029999,141.37,142.029999,722500
2025-08-26,142.14,143.17,141.78999,142.62,1129100
2025-08-27,143.2,145.0,142.74001,144.42,970200
2025-08-28,144.42,144.42,142.86,144.13,389100
2025-08-29,143.82001,145.96001,143.82001,145.82001,594400
2025-09-02,144.83,145.28999,141.89999,142.3,665000
2025-09-03,141.91,143.49001,141.83,143.41,769700
2025-09-04,144.029999,144.41,142.32001,144.0,516600
2025-09-05,144.73,146.41,144.12,145.39999,620300
2025-09-08,143.86,144.71001,143.56,144.64999,585400
2025-09-09,143.92,145.53999,143.7,145.42999,930800
2025-09-10,145.35001,145.8,141.14999,141.46001,744200
2025-09-11,141.0,144.55,141.0,144.089996,779400
2025-09-12,143.82001,144.0,141.7,142.2,737100
2025-09-15,142.2,142.57001,140.38,140.61,633600
2025-09-16,140.69,141.73,139.0099945,139.39,612900
2025-09-17,139.47,141.89,139.2,139.55,519300
2025-09-18,139.38,140.83,139.13,140.53999,560400
2025-09-19,140.60001,141.97,140.17,140.86,1566400
2025-09-22,140.28999,141.75999,139.42999,141.25,868800
2025-09-23,141.17,141.83,140.36,141.12,528300
2025-09-24,141.14,141.87,139.75999,140.42999,870300
2025-09-25,140.48,141.69,138.25,138.74001,691900
2025-09-26,139.080002,140.59,138.39,139.57001,801100
2025-09-29,138.7,139.21001,137.64,138.61,1071500
2025-09-30,138.11,139.75999,138.0,139.73,1150900
2025-10-01,139.42,139.88,137.97,138.0,832800
2025-10-02,137.5,137.82001,136.070007,136.25999,954900
2025-10-03,136.78,137.53999,136.37,136.7,874300
2025-10-06,137.22,137.52,135.42,136.0,904400
2025-10-07,136.029999,137.69,135.49001,136.22,734600
2025-10-08,135.49001,136.61,134.97,135.85001,757500
2025-10-09,136.28999,136.33,134.35001,134.91,479900
2025-10-10,135.3,135.42,133.28,134.55,510600
2025-10-13,134.50999,135.34,134.059998,134.53999,532900
2025-10-14,134.48,135.059998,133.24001,133.75999,893900
2025-10-15,132.10001,133.34,131.60001,132.0,1068500
2025-10-16,132.0,132.78,131.17,131.42999,752700
2025-10-17,131.84,133.24001,131.39999,132.7,794900
2025-10-20,132.89999,133.89999,132.27,132.89,761200
2025-10-21,133.21001,134.28,132.17,133.39999,1004900
2025-10-22,134.12,135.42,132.87,134.36,832500
2025-10-23,134.5,135.10001,132.88,134.42999,837600
2025-10-24,134.75,135.19,133.92999,133.99001,720300
2025-10-27,133.91,133.99001,132.42999,133.0099945,1082000
2025-10-28,132.25,132.71001,130.53,130.71001,1017600
2025-10-29,129.87,130.39,126.050003,126.28,1869500
2025-10-30,126.46,129.60001,126.46,128.81,2662400
2025-10-31,128.17999,130.61,127.92,128.23,1687300
2025-11-03,126.36,128.5,125.75,127.59,1364000
2025-11-04,127.089996,129.14999,126.61,129.089996,1442600
2025-11-05,129.73,129.99001,128.020004,128.5,1802100
2025-11-06,127.91,128.91,126.92,127.040001,862000
2025-11-07,127.040001,129.67999,127.040001,129.64999,1134300
2025-11-10,129.41,129.92999,128.39999,129.55,1039300
2025-11-11,130.28,132.070007,129.89,131.57001,1091500
2025-11-12,130.85001,132.13,130.34,131.5,999700
2025-11-13,130.67999,131.53999,130.42,130.55,1079500
2025-11-14,131.17999,131.94,130.28999,130.94,649100
2025-11-17,131.42999,131.62,129.96001,130.27,653000
2025-11-18,130.59,130.97,129.67,130.42999,717700
2025-11-19,130.83,131.24001,129.64,129.83,818700
2025-11-20,130.63,131.97,130.25,130.87,1368500
2025-11-21,131.25999,134.13,131.0,133.61,1611800
2025-11-24,133.49001,133.75999,132.32001,133.31,1034000
2025-11-25,133.25,135.98,133.0,135.059998,888200
2025-11-26,134.39999,136.16,133.89999,135.50999,707600
2025-11-28,135.35001,136.72,135.10001,135.89,388200
2025-12-01,135.10001,136.95,134.85001,135.37,880200
2025-12-02,136.0,136.21001,134.17999,135.25999,947600
2025-12-03,135.12,136.16,134.2,134.52,735600
2025-12-04,134.46001,135.19,132.69,132.86,788000
2025-12-05,131.5,132.89999,131.38,131.67,874500
2025-12-08,131.16,131.77,129.89,131.0,1051000
2025-12-09,131.72,132.74001,130.45,130.50999,1191700
2025-12-10,130.69,132.44,130.69,131.89999,979200
2025-12-11,132.52,133.50999,132.0,132.96001,823500
2025-12-12,133.57001,133.72,131.32001,132.11,1045000
2025-12-15,132.8,133.039993,131.62,132.7,1137400
2025-12-16,132.77,133.77,131.84,133.19,1063900
2025-12-17,133.57001,137.61,133.49001,137.089996,1515000
2025-12-18,137.5,137.61,136.13,136.31,1068100
2025-12-19,135.99001,136.39999,134.2,134.23,2492000
2025-12-22,133.55,137.36,133.10001,136.67999,1545000
2025-12-23,137.020004,137.62,135.60001,136.24001,802900
2025-12-24,136.62,137.95,136.62,137.44,520500
2025-12-26,137.080002,137.98,136.89999,137.8,507500
2025-12-29,138.39999,139.28999,137.82001,139.17999,518400
2025-12-30,139.17999,140.16,139.080002,139.91,1039600
2025-12-31,139.89999,140.22,138.78,138.91,1042400
2026-01-02,138.50999,140.0,137.55,139.13,841200
2026-01-05,138.62,139.56,137.23,137.35001,1043500
2026-01-06,136.5,139.11,136.5,138.17,1080800
2026-01-07,138.19,139.0,134.41,134.98,1421800
2026-01-08,135.070007,138.75,134.19,138.53999,1082800
2026-01-09,138.53999,139.14999,134.75,135.89999,1915700
2026-01-12,136.17999,136.78,133.58,134.23,1000900
2026-01-13,134.62,135.41,132.19,134.44,708300
2026-01-14,134.77,136.31,134.41,136.27,798200
2026-01-15,134.63,135.59,134.58,135.44,550900
2026-01-16,134.97,137.13,133.96001,137.089996,908100
2026-01-20,135.39999,136.24001,133.49001,134.42,1149600
2026-01-21,134.97,135.88,133.95,135.38,1013400
2026-01-22,135.25999,137.13,134.28,134.66,731700
2026-01-23,134.56,135.92,134.070007,135.78999,591600
2026-01-26,136.49001,136.49001,134.11,134.96001,623900
2026-01-27,134.91,135.99001,134.64,134.73,694500
2026-01-28,134.86,135.33,131.78999,132.46001,603000
2026-01-29,133.3,134.75,132.5,133.67999,931700
2026-01-30,134.11,134.35001,132.13,134.3,1009900
2026-02-02,134.19,134.27,132.14,132.31,1019300
2026-02-03,131.64999,133.14999,130.33,132.2,1338900
2026-02-04,133.34,136.45,132.81,135.050003,1279600
2026-02-05,133.78,135.050003,129.60001,130.72,2330200
2026-02-06,129.98,132.35001,129.94,132.13,1525200
2026-02-09,132.050003,133.69,131.39,133.58,746700
2026-02-10,133.67999,136.62,133.67999,136.45,866400
2026-02-11,136.0099945,137.84,135.35001,136.029999,981700
2026-02-12,136.36,136.42,131.37,133.44,1585700
2026-02-13,133.98,135.99001,133.13,135.55,878300
2026-02-17,136.0,137.050003,132.92999,134.41,795800
2026-02-18,134.5,135.36,133.44,135.12,797400
2026-02-19,134.42999,135.92,133.98,135.070007,906000
2026-02-20,135.64999,135.7,133.059998,133.47,704600
2026-02-23,133.94,136.0099945,132.91,133.33,1161600
2026-02-24,133.38,134.2,132.25,134.089996,895800
2026-02-25,134.17999,135.050003,132.0,134.050003,1238800
2026-02-26,134.69,136.27,134.56,135.87,725300
2026-02-27,135.28,135.50999,132.99001,133.86,1207100
2026-03-02,133.81,134.99001,132.67,134.11,844500
2026-03-03,132.57001,134.37,131.53999,133.57001,689900
2026-03-04,132.81,133.92,132.28,133.78,659000
2026-03-05,132.67999,134.56,132.14,134.41,957000
2026-03-06,133.24001,133.67999,131.39999,132.78999,776000
2026-03-09,131.62,132.59,129.5,132.14,885600
2026-03-10,131.5,132.10001,129.72,130.13,795900
2026-03-11,129.53,129.53,126.47,127.92,1231800
2026-03-12,127.41,129.31,126.66,127.75,933900
2026-03-13,129.47,130.27,126.15,126.32,497200
2026-03-16,127.55,127.97,126.36,126.37,547800
2026-03-17,127.55,128.28999,126.75,128.070007,660500
2026-03-18,127.36,127.73,125.62,125.8,1145600
2026-03-19,125.45,126.18,124.28,124.51,1043500
2026-03-20,124.36,124.56,121.22,121.79,2047700
2026-03-23,123.38,124.45,122.34,122.39,1266700
2026-03-24,121.66,123.22,121.07,121.81,1130500
2026-03-25,122.76,122.99,121.42,121.64,640600
2026-03-26,121.51,123.15,121.46,122.15,790900
2026-03-27,121.99,122.35,120.3,120.57,986900
2026-03-30,121.44,123.21,120.89,121.72,755900
2026-03-31,123.07,123.84,121.44,122.12,1225000
2026-04-01,121.6,123.23,121.6,122.55,1151200
2026-04-02,122.59,124.99,122.16,124.88,1075800
2026-04-06,124.73,125.68,124.44,124.82,614900
2026-04-07,124.61,125.63,123.76,124.3,1082900
2026-04-08,125.53,126.39,125.0,126.089996,812600
2026-04-09,125.36,126.55,125.080002,125.62,762900
2026-04-10,125.87,127.32,125.51,126.39,778500
2026-04-13,126.0,126.33,124.45,125.89,821100
2026-04-14,125.53,127.059998,125.019997,126.34,821400
2026-04-15,124.74,125.4,123.25,124.19,1039400
2026-04-16,123.98,124.86,121.91,123.099998,1779600
2026-04-17,123.42,128.38,123.42,127.94,1533800
2026-04-20,127.44,129.59,127.24,129.47,722100
2026-04-21,129.059998,129.53,125.68,125.74,750800
2026-04-22,126.29,126.39,124.0,124.59,569200
2026-04-23,124.63,126.4,124.63,126.0,536900
2026-04-24,126.0,126.77,125.099998,125.66,529500
2026-04-27,125.49,126.6,125.2,125.39,633900
2026-04-28,125.99,130.64,125.99,130.38,1012800
2026-04-29,129.75,131.36,128.92,129.71001,1599900
2026-04-30,130.0,130.97,127.22,129.17999,1953500
2026-05-01,129.059998,130.14,127.42,128.56,849000
2026-05-04,127.74,130.47,127.74,129.059998,860600
2026-05-05,128.92999,131.59,128.91,130.16,824500
2026-05-06,130.050003,132.67,130.050003,130.3,1362500
2026-05-07,130.039993,131.42999,130.039993,130.36,1113300
2026-05-08,130.39,130.78,128.75,129.31,767000
2026-05-11,130.050003,131.0,129.19,129.72,710800
2026-05-12,130.28,130.42,128.92999,129.22,808900
2026-05-13,128.44,129.5,127.94,129.34,700200
2026-05-14,127.78,129.059998,126.9,127.23,985200
2026-05-15,127.36,128.089996,125.15,125.71,783000
2026-05-18,126.17,128.39,125.94,128.25,680800
2026-05-19,127.79,129.36,127.24,128.47,679600
2026-05-20,128.64,130.64999,127.43,130.25999,747300
2026-05-21,129.61,130.10001,127.49,130.0099945,738700
2026-05-22,130.7,131.87,130.14999,131.14,863900
2026-05-26,130.8,131.78999,130.42999,130.53999,547700
2026-05-27,130.85001,131.74001,130.37,130.58,813300
2026-05-28,130.59,131.25,129.66,130.82001,712400
2026-05-29,130.23,130.55,128.059998,129.070007,1652100
2026-06-01,127.94,130.59,127.93,128.13,914600
2026-06-02,128.22,129.17,127.6,128.96001,787400
2026-06-03,128.62,133.070007,128.17999,132.53999,1439100
2026-06-04,133.99001,137.050003,132.78,136.87,1430600
2026-06-05,136.8,138.66,136.47,137.53999,1180400
2026-06-08,137.60001,137.83,136.11,137.14999,1171600
2026-06-09,137.55,139.59,137.020004,138.91,1109400
2026-06-10,139.60001,140.75,138.8,139.78,1189600
2026-06-11,139.59,140.71001,137.58,138.10001,878200
2026-06-12,138.67999,140.16,138.27,138.92999,975200
2026-06-15,138.84,140.58,137.17999,137.33,974300
2026-06-16,137.78,138.33,135.36,136.44,1040100
2026-06-17,136.35001,137.050003,132.36,133.11,1136500
2026-06-18,134.36,134.87,131.84,132.5,1686200
2026-06-22,132.0099945,133.070007,130.94,132.13,998800
2026-06-23,133.020004,134.28,132.47,133.89,814500
2026-06-24,134.0099945,135.78999,133.85001,134.42,1098600
2026-06-25,135.0,138.39,135.0,138.080002,1002300
2026-06-26,139.14999,140.97,138.75,140.72,1217400
2026-06-29,139.99001,140.75,139.39999,140.64999,1061900
2026-06-30,139.16,140.46001,138.21001,138.94,1019600
2026-07-01,139.60001,142.10001,139.22,139.94,986100
2026-07-02,140.64,142.25999,139.38,142.19,1030500
2026-07-06,141.96001,142.23,140.5,140.77,1003600
2026-07-07,142.0,144.41,141.53999,141.71001,626300
2026-07-08,140.94,140.94,137.5,137.86,1111900
2026-07-09,138.12,138.73,135.78999,136.0,782600
2026-07-10,136.69,136.95,134.78,135.25,1391200
2026-07-13,135.92,137.039993,135.37,135.89,1015000
2026-07-14,135.42,136.029999,133.64999,133.67999,1079400
2026-07-15,133.13,133.35001,131.59,131.77,1254800
2026-07-16,131.69,135.17,131.69,134.86,1154800
2026-07-17,135.47,136.5,131.78999,132.96001,996500
2026-07-20,133.17,133.94,132.87,133.71001,1451100
2026-07-21,133.029999,133.84,132.020004,132.24001,629000
2026-07-22,132.47,132.98,131.080002,131.57001,849600
2026-07-23,131.38,133.050003,131.35001,132.75,1199000
2026-07-24,133.64999,134.28,132.85001,133.88,898500
2026-07-27,133.77,135.050003,133.17,133.46001,842500
2026-07-28,135.050003,136.87,134.82001,135.64,1480900
2026-07-29,136.53,137.82001,136.0,137.38,1357000
2026-07-30,134.28999,136.46001,131.98,133.32001,2063600
2026-07-31,132.59,133.81,131.5,132.34,2198000
2026-08-03,132.34,134.47,132.34,133.47,1061000
2026-08-04,132.28,133.66,131.45,133.21001,959900
2026-08-05,133.75999,134.75,132.86,134.56,781100
2026-08-06,137.0,137.0,132.92999,133.63,1158700
2026-08-07,133.38,135.24001,132.32001,134.96001,864700
2026-08-10,134.55,135.039993,131.85001,132.34,731300
2026-08-11,131.14999,132.64999,131.14999,131.74001,745000
2026-08-12,131.0,132.63,130.52,132.33,701500
2026-08-13,132.92,135.73,132.92,134.2,1018500
2026-08-14,134.28,135.39,133.27,133.49001,596600
2026-08-17,133.0,133.28999,131.0,131.12,780800
2026-08-18,132.16,132.42999,130.14,130.17,792000
2026-08-19,131.0,132.75999,130.50999,131.47,575300
2026-08-20,131.44,133.53999,131.28999,132.059998,953800
2026-08-21,132.28999,132.64,131.27,131.31,797100
2026-08-24,131.75,134.039993,131.75,133.16,686600
2026-08-25,132.91,133.24001,131.73,131.98,500600
2026-08-26,132.050003,132.91,131.35001,131.5,508500
2026-08-27,130.86,131.92,128.69,128.78999,759700
2026-08-28,129.39,130.020004,128.64,129.61,845000
2026-08-31,129.0099945,129.089996,128.17,128.85001,1268400
2026-09-01,129.0,129.87,128.55,129.36,895300
2026-09-02,129.67,129.71001,127.8,128.61,712900
2026-09-03,130.05,130.05,128.24,128.52,31697
